DBRep_DrawableShape

CASCADE Topology V1, (c) Matra-Datavision
Locations 2
1
              1               0               0               0 
              0               1               0               0 
              0               0               1               0 
2  1 -1 0
Curve2ds 34
1 6.2831853071795862 0 0 1 
1 0 0 0 1 
1 0 0 1 0 
7 1 1  6 6 2  0.74988093238869169 -0.00061255097359191879  1.6690784610682365 0.75089887348269713 1.2455443399448947  1.0367296232096121 -0.78986559631215414 1.425729975908778  1.0383466998475064 -2.06195582024435 0.0016843381269180391  0.85353433019614966 -0.79219379653352462 -1.4244376480479506  1.0383466998475068 0.74886299129468625 -1.2467694418920776  1.0367296232096115
 0 6 6.2831853071795862 6
1 0 20.367651957915058 1 0 
1 0 20.367651957915058 1 0 
1 6.2831853071795862 0 0 1 
1 0 0 0 1 
1 0 42.782405725164786 1 0 
1 0 42.782405725164786 1 0 
1 6.2831853071795862 0 0 1 
1 0 0 0 1 
1 0 211.89884761776784 1 0 
1 0 211.89884761776784 1 0 
1 6.2831853071795862 0 0 1 
1 0 0 0 1 
1 0 381.01528951037068 1 0 
1 0 381.01528951037068 1 0 
1 6.2831853071795862 0 0 1 
1 0 0 0 1 
1 0 550.13173140297363 1 0 
1 0 550.13173140297363 1 0 
1 6.2831853071795862 0 0 1 
1 0 0 0 1 
1 0 719.24817329557732 1 0 
1 0 719.24817329557732 1 0 
1 6.2831853071795862 0 0 1 
1 0 0 0 1 
1 0 741.58568110421049 1 0 
1 0 741.58568110421049 1 0 
1 6.2831853071795862 0 0 1 
1 0 0 0 1 
1 0 761.95333306212581 1 0 
7 1 1  6 6 2  -0.74985917284311654 0.0057453356037640013  1.6690784610682363 -0.75940680799965321 -1.240375395164574  1.0367296232096121 0.7800882297779026 -1.4311030634463129  1.0383466998475064 2.0618959877850784 -0.015798012292276065  0.85353433019614955 0.80192525592372021 1.4189818562458221  1.0383466998475068 -0.74031153768657987 1.2518660663720997  1.0367296232096115
 0 6 6.2831853071795862 6
Curves 17
7 1 0  11 426 42  1047.2197220508456 111.62248217404816 -1.10061264795978  1.6690784610682365 1047.1931289521526 111.60675107670826 -1.0919212101964282  1.6690784610682294 1047.1665406273628 111.59115289622825 -1.0829117436390827  1.6690784610682636 1047.1399564293429 111.57569465022674 -1.0735910064516683  1.6690784610682032 1047.1133757299597 111.56038308484493 -1.0639660941242015  1.6690784610682605 1047.0867979261361 111.54522465302746 -1.0540444063609284  1.6690784610682181 1047.0602224459562 111.53022549279071 -1.0438336139585873  1.6690784610682683 1047.0336487546906 111.51539140550976 -1.0333416257000283  1.6690784610681855 1047.0070763609283 111.50072783418248 -1.0225765552282891  1.6690784610682885 1046.9805048225915 111.48623984171689 -1.011546687941056  1.6690784610682059 1046.9539337530559 111.47193208919887 -1.0002604478677553  1.6690784610682454 1046.9273628271947 111.45780881417356 -0.98872636455863372  1.6690784610682357 1046.9007920675006 111.44369630254582 -0.97712264351336764  1.6690784610680729 1046.8742209049124 111.42976747323704 -0.96528875282689142  1.6690784610689346 1046.8476492079501 111.4160258340987 -0.95323311344204653  1.6690784610665284 1046.8210769162356 111.40247445713679 -0.94096412811500008  1.6690784610711551 1046.7945040385305 111.389115996168 -0.92849013954243653  1.6690784610645402 1046.7679306508435 111.37595270446531 -0.91581938848671007  1.6690784610718068 1046.7413568944276 111.3629864524187 -0.90295997190240851  1.6690784610655833 1046.7147829739208 111.35021874517837 -0.88991980106345947  1.6690784610697291 1046.6882091553327 111.33765074031469 -0.8767065596871727  1.669078461067639 1046.6616357641681 111.3252832654648 -0.86332766206305589  1.6690784610683775 1046.6350631834496 111.31311683598804 -0.84979021117682951  1.6690784610682365 1046.6084907465829 111.30097029837009 -0.83619073741343231  1.6690784610683289 1046.5819188836581 111.28904533547218 -0.82237462783987714  1.6690784610678837 1046.5553472788288 111.27734481258764 -0.80835097878498874  1.669078461069025 1046.5287756796381 111.26587115571763 -0.79412890146636628  1.66907846106702 1046.502203897586 111.25462636712724 -0.77971747875422404  1.6690784610696172 1046.475631808803 111.24361204090535 -0.76512572191388195  1.6690784610670313 1046.4490593545827 111.23282937851923 -0.75036252738019438  1.6690784610690694 1046.422486542067 111.2222792043752 -0.73543663349319432  1.6690784610677818 1046.3959134447946 111.21196198137356 -0.7203565772721765  1.6690784610684199 1046.3693402033523 111.20187782646792 -0.70513065115871143  1.6690784610681924 1046.3427670259609 111.19202652622182 -0.68976685978000474  1.6690784610682365 1046.3161937647628 111.18215736779629 -0.67443842777451068  1.6690784610683456 1046.2896209694177 111.17253858703427 -0.65893509431126318  1.6690784610677871 1046.2630483754385 111.16317141541769 -0.64326615866245407  1.6690784610693767 1046.2364757831654 111.15405665816466 -0.62744084072519091  1.6690784610661671 1046.2099030576569 111.14519471822311 -0.61146824254884924  1.6690784610710239 1046.1833301287013 111.136585620259 -0.5953573098643905  1.6690784610654132 1046.1567569906388 111.12822903465369 -0.57911679361099411  1.6690784610704013 1046.1301837024291 111.12012430148904 -0.56275521146570584  1.669078461066996 1046.103610387456 111.11227045454575 -0.546280809370295  1.6690784610687408 1046.0770372335639 111.10466624529013 -0.52970152306022977  1.6690784610681138 1046.0504644929276 111.09731016686904 -0.51302493959234696  1.6690784610682385 1045.9973190823919 111.08261702411653 -0.47964539817408858  1.6690784610682312 1045.9441754864085 111.06902619393705 -0.44572761229339575  1.6690784610682636 1045.8910321139033 111.05646957684883 -0.41140864032020996  1.6690784610681333 1045.8378858405792 111.04525586336966 -0.37646176725461694  1.6690784610684859 1045.784736623878 111.03488218391756 -0.34143570211170438  1.6690784610678213 1045.7315894021206 111.02535358746786 -0.30634998891807225  1.6690784610687348 1045.6784470788759 111.01717216308835 -0.27074470000014123  1.6690784610678084 1045.6253049527706 111.01038289690133 -0.23464707541889696  1.6690784610684934 1045.5721572244788 111.00449798463735 -0.19860954320708377  1.6690784610681331 1045.5190101963904 110.99976529647073 -0.16239250149765452  1.6690784610682616 1045.4658644766403 110.99610001653808 -0.12611136569703543  1.6690784610682363 1045.4127187650263 110.99243777651695 -0.089828004257528585  1.669078461068267 1045.3595748981147 110.98998926453122 -0.053373820827105407  1.669078461068118 1045.3064313894567 110.9886513741988 -0.016855607201682311  1.6690784610685017 1045.2532847607531 110.98877529481298 0.019838988403592231  1.6690784610678406 1045.2001355430675 110.98971727397497 0.056348190619080273  1.6690784610686604 1045.1469887006899 110.99149159749898 0.092659824296931981  1.6690784610678921 1045.0938465759282 110.99472258812527 0.12905597379632852  1.6690784610684548 1045.040704357184 110.99942991870033 0.16548891338909671  1.6690784610681288 1044.9875567221582 111.00496638578645 0.20157981489753277  1.6690784610682752 1044.9344097019894 111.01165949637847 0.23748766714941252  1.6690784610682279 1044.8812639512951 111.01938778331774 0.27312653178854496  1.6690784610682365 1044.8281182013493 111.02711639978035 0.30876550482755605  1.6690784610682523 1044.774974302702 111.03605205505657 0.34419188398523987  1.6690784610681808 1044.721830778712 111.04606418633692 0.37933608433134575  1.6690784610682934 1044.6686841144447 111.05751993198592 0.41419604302606666  1.6690784610683198 1044.6155348987661 111.06969598211819 0.44862697317045119  1.669078461067893 1044.5623880966407 111.08260391529021 0.48261315663807491  1.6690784610687994 1044.5092459917046 111.09692491786693 0.51622974515136766  1.6690784610676521 1044.4561037622479 111.11266124577601 0.54942496460882895  1.6690784610686493 1044.4029561366149 111.12907912945299 0.58203854940839983  1.6690784610680458 1044.349809116979 111.14654104248366 0.6141206710485303  1.6690784610682845 1044.29666336329 111.16490435209272 0.64562706882968124  1.6690784610682363 1044.2435176096615 111.18326768968429 0.67713346670348551  1.6690784610683431 1044.1903737080759 111.20271329040159 0.70806468327759498  1.6690784610678238 1044.1372301826962 111.22309552481664 0.73839488127186259  1.6690784610691756 1044.0840835153981 111.24476277651718 0.76800865840766919  1.6690784610667362 1044.0309343000035 111.26698247818086 0.79699183544147223  1.6690784610700176 1043.9777875014183 111.28976092785656 0.8253258634642322  1.6690784610666232 1043.9246453981716 111.31376921058687 0.85287169298565046  1.6690784610693417 1043.8715031677195 111.33899331209483 0.8795794113758888  1.6690784610677034 1043.8183555428964 111.36468577569272 0.9055233728645703  1.6690784610683675 1043.7652085232885 111.39120698071896 0.93063925077530285  1.6690784610682763 1043.6589170154159 111.44560813688298 0.97921881703184499  1.6690784610680776 1043.6057731135966 111.47366027030297 1.0026271318634095  1.6690784610691785 1043.5526295880993 111.50241746889272 1.0251744089122135  1.669078461065844 1043.49948292058 111.53217540443231 1.0466432377326962  1.6690784610722513 1043.4463337052041 111.56226387557163 1.0673416191094502  1.6690784610633171 1043.3931869069045 111.59268316789172 1.0872499524925012  1.6690784610728089 1043.3400448037746 111.62402853395494 1.106028624821201  1.6690784610649823 1043.2869025732525 111.65627122757327 1.1236344930765827  1.669078461069974 1043.2337549484841 111.68872333329618 1.1403692613866818  1.6690784610675939 1043.1806079288824 111.72170773403541 1.156060375789147  1.6690784610683533 1043.1008892979469 111.77177059882409 1.1781036487610645  1.6690784610682161 1043.0743168839986 111.78859259213044 1.1851760389358417  1.6690784610682035 1043.047744657307 111.80553953734115 1.1919732712016389  1.6690784610683993 1043.021172406817 111.82260215592342 1.1984959667488373  1.6690784610679126 1042.9945999862143 111.83977134346446 1.2047451301615872  1.6690784610686493 1042.9680273140784 111.85703820670858 1.210722118433863  1.6690784610678777 1042.9414543738492 111.87439409588666 1.2164286131406039  1.6690784610684402 1042.9148812140108 111.89183064168783 1.2218665894251153  1.6690784610681844 1042.8883079480656 111.90933978820007 1.2270382878369144  1.6690784610682157 1042.861734754676 111.92691382893989 1.2319461838971559  1.6690784610682639 1042.7820161237373 111.97980866448988 1.2458865100485188  1.6690784610681362 1042.7288722218959 112.01543044932895 1.2540080707826859  1.6690784610687033 1042.675728696393 112.05128955216136 1.2610423450713537  1.6690784610671849 1042.6225820288553 112.0875507084551 1.2666613943600584  1.6690784610697877 1042.5694328134819 112.12375660271893 1.2714439057390787  1.6690784610666114 1042.5162860152038 112.15989858298876 1.2753722928768565  1.669078461069482 1042.4631439120822 112.19635284914187 1.277873712348236  1.6690784610675349 1042.4100016815571 112.23307419597285 1.2789227794791711  1.6690784610685252 1042.3568540567912 112.2695866599275 1.2791006194209222  1.6690784610681493 1042.3037070371897 112.30609959303909 1.2781069000811511  1.6690784610682576 1042.1974155292728 112.37891796066415 1.2739904133132016  1.6690784610682046 1042.1442716274312 112.41530599155793 1.2707067396606244  1.669078461068386 1042.0911281019312 112.45158373526517 1.2663156599015484  1.6690784610678884 1042.0379814343876 112.48780652598988 1.2604543797651313  1.6690784610688065 1041.9848322190226 112.5237182549445 1.2538145817581936  1.669078461067534 1041.9316854207357 112.55930525918662 1.2463822138039626  1.6690784610688709 1041.8785433176217 112.59474830767232 1.2374962173659589  1.6690784610678344 1041.8254010870903 112.62999656343521 1.2271464192741057  1.6690784610683875 1041.7722534623272 112.66477693576901 1.2160325832409051  1.6690784610682439 1041.7191064427248 112.69919572256956 1.2038043831455856  1.669078461068175 1041.6128149348076 112.76717804123588 1.1773872584879519  1.669078461068398 1041.5596710329667 112.80077040417022 1.1630197793255197  1.6690784610673157 1041.5065275074633 112.83391567044913 1.1476331749862754  1.6690784610706055 1041.4533808399262 112.86655435643704 1.1308653084037312  1.6690784610641825 1041.4002316245546 112.89865662984471 1.1134531507025038  1.6690784610733067 1041.3470848262734 112.93020515412221 1.0953875596403566  1.6690784610634437 1041.2939427231531 112.96116757242758 1.0759839705029897  1.6690784610716907 1041.2408004926276 112.99149239226263 1.0552484175330448  1.6690784610663785 1041.187652867862 113.02113612780153 1.0339308052283052  1.6690784610689195 1041.1345058482602 113.05009161763182 1.0116651057989943  1.6690784610681233 1041.0282143403433 113.10658330433003 0.96553323546249759  1.6690784610682725 1040.9750704385019 113.1340917447683 0.94148833974943691  1.6690784610683069 1040.921926913001 113.16086004402082 0.91661235886749337  1.6690784610678955 1040.8687802454601 113.18671972327778 0.89057926143662502  1.6690784610689458 1040.815631030091 113.2118701469485 0.86409916734336312  1.6690784610672733 1040.7624842318085 113.23629200189016 0.83716873909509681  1.6690784610691642 1040.70934212869 113.25974297278566 0.80914691576821285  1.6690784610675824 1040.6561998981608 113.28217595204333 0.78005534832655343  1.6690784610685683 1040.6030522733975 113.30378131541204 0.75062067617055095  1.6690784610681291 1040.5499052537955 113.32443914318452 0.72049699920529375  1.669078461068243 1040.4436137458786 113.36391039802017 0.65916609208424026  1.6690784610682605 1040.3904698440372 113.38264219814744 0.62779746174582118  1.6690784610680511 1040.3373263185367 113.40041326273918 0.59586713865306529  1.6690784610687521 1040.2841796509945 113.41696260968145 0.56311711133750375  1.6690784610672846 1040.2310304356263 113.43269928491318 0.53016113696987788  1.669078461069545 1040.177883637343 113.44760388920152 0.49700200948533774  1.6690784610668621 1040.1247415342259 113.46124786826454 0.46310492327389396  1.6690784610693368 1040.0715993036954 113.47359311063845 0.42850502666624979  1.6690784610675795 1040.0184516789327 113.48504521833604 0.39383456545623946  1.6690784610685172 1039.9653046593305 113.49538325193839 0.35880162633687984  1.6690784610681582 1039.8855860283932 113.50932357809175 0.30590679078623434  1.6690784610682909 1039.8590136144435 113.5136773559577 0.28818553864138691  1.6690784610679754 1039.8324413877533 113.51773981662234 0.27038391696046754  1.6690784610688822 1039.8058691372587 113.52151302548248 0.25251099327854754  1.6690784610671296 1039.7792967166611 113.52499939853884 0.23457560226509497  1.6690784610696274 1039.7527240445188 113.52820166778066 0.21658631592928929  1.6690784610669038 1039.7261511042948 113.53112284674614 0.19855141401590254  1.6690784610692178 1039.6995779444528 113.53376619587995 0.18047885418764009  1.669078461067697 1039.6730046785094 113.5361351881057 0.16237624242255858  1.6690784610684364 1039.6464314851194 113.53823347419099 0.14425080321693898  1.6690784610682023 1039.5667128541816 113.54372759649523 0.089826443403110259  1.6690784610682747 1039.5135689523399 113.54617669246264 0.053372729821931669  1.6690784610681169 1039.460425426839 113.54751476361328 0.01685470912735168  1.6690784610685185 1039.407278759297 113.547392138454 -0.019839025155950589  1.6690784610677465 1039.3541295439304 113.54645191950189 -0.056347314376434927  1.6690784610688787 1039.3009827456456 113.54467809029258 -0.092658862053618452  1.6690784610676008 1039.2478406425303 113.54144600954552 -0.12905562389826353  1.6690784610687184 1039.194698412 113.53673767665698 -0.16548898027744274  1.6690784610679543 1039.1415507872364 113.53120151933561 -0.20157973550426111  1.6690784610683662 1039.0884037676342 113.52450815316465 -0.23748768186862923  1.6690784610681875 1038.9821122597168 113.50905104479922 -0.30876557414573341  1.6690784610683143 1038.9289683578752 113.50011545648098 -0.34419192826261547  1.669078461067842 1038.8758248323745 113.49010334876456 -0.3793361165336277  1.6690784610692382 1038.8226781648323 113.47864773784234 -0.41419603836932922  1.6690784610665075 1038.769528949465 113.46647185466195 -0.44862694109910412  1.6690784610704252 1038.7163821511808 113.45356395752896 -0.48261313176096793  1.6690784610661593 1038.6632400480657 113.43924284810764 -0.51622974140858879  1.6690784610697325 1038.6100978175348 113.42350643116565 -0.54942496752500136  1.6690784610674314 1038.5569501927719 113.40708857595666 -0.58203854876596184  1.6690784610685407 1038.5038031731694 113.38962664079233 -0.61412067124625414  1.6690784610681744 1038.3975116652525 113.35289997711824 -0.67713346599587176  1.6690784610682841 1038.3443677634109 113.33345438214026 -0.70806468228235864  1.6690784610681015 1038.2912242379116 113.31307215043198 -0.7383948801133865  1.6690784610684801 1038.2380775703673 113.29140490872858 -0.76800865747687441  1.6690784610679394 1038.184928355 113.26918522160544 -0.79699183705210097  1.6690784610684963 1038.1317815567165 113.24640677143492 -0.82532586556981125  1.669078461068076 1038.078639453601 113.22239848333534 -0.85287169504077787  1.6690784610682967 1038.0254972230682 113.19717437247172 -0.8795794108876549  1.6690784610682334 1037.9723495983067 113.1714819134356 -0.90552337357395618  1.6690784610682292 1037.9192025787045 113.14496070515646 -0.93063925049755447  1.6690784610682359 1037.8129110707875 113.09055954790966 -0.97921881633336749  1.6690784610682479 1037.7597671689459 113.06250741659767 -1.0026271318239255  1.6690784610681462 1037.7066236434466 113.03375021574826 -1.0251744081323964  1.6690784610685061 1037.6534769759023 113.00399228385356 -1.0466432381554294  1.6690784610677314 1037.6003277605357 112.97390381059211 -1.0673416190245859  1.6690784610689151 1037.5471809622516 112.94348452078772 -1.0872499532684596  1.6690784610675566 1037.4940388591365 112.91213915252004 -1.1060286248568758  1.6690784610687517 1037.4408966286039 112.87989645943479 -1.1236344931224289  1.6690784610679392 1037.3877490038421 112.84744435347807 -1.1403692614245611  1.6690784610683691 1037.33460198424 112.81445995272533 -1.1560603757650965  1.669078461068189 1037.2548833533024 112.76439708783779 -1.1781036486728589  1.6690784610682825 1037.2283109393522 112.74757509462847 -1.1851760389098691  1.6690784610679634 1037.2017387126632 112.73062814930847 -1.1919732711058189  1.6690784610689458 1037.1751664621665 112.71356553089142 -1.1984959667611832  1.6690784610670129 1037.1485940415716 112.69639634320194 -1.2047451300773506  1.6690784610698028 1037.1220213694264 112.67912948011595 -1.2107221184578494  1.6690784610666944 1037.0954484292049 112.66177359083576 -1.2164286130946831  1.6690784610694103 1037.0688752693613 112.64433704512221 -1.2218665894457814  1.6690784610675586 1037.0423020034186 112.62682789857655 -1.2270382878323145  1.6690784610685143 1037.0157288100283 112.60925385786909 -1.2319461839221462  1.6690784610681715 1036.9360101790905 112.55635902231961 -1.2458865100762901  1.6690784610683638 1036.8828662772489 112.5207372374589 -1.2540080707883601  1.6690784610676941 1036.8297227517487 112.48487813464361 -1.2610423450962647  1.669078461069577 1036.7765760842065 112.44861697831351 -1.2666613943446714  1.6690784610659439 1036.7234268688394 112.41241108406581 -1.2714439057391755  1.6690784610711253 1036.6702800705541 112.37626910377197 -1.2753722928467919  1.6690784610654714 1036.6171379674392 112.33981483764246 -1.277873712346753  1.6690784610702569 1036.5639957369085 112.30309349080358 -1.2789227794690843  1.6690784610671385 1036.5108481121454 112.266581026853 -1.2791006194156391  1.6690784610686413 1036.4577010925427 112.23006809373922 -1.2781069000722785  1.6690784610681686 1036.3514095846258 112.15724972611694 -1.2739904133086641  1.6690784610682576 1036.2982656827837 112.12086169522634 -1.2707067396628222  1.6690784610682778 1036.245122157284 112.0845839515179 -1.2663156599001131  1.6690784610680269 1036.1919754897403 112.04836116079848 -1.2604543797778298  1.669078461068682 1036.1388262743751 112.01244943184462 -1.2538145817731052  1.6690784610676215 1036.0856794760884 111.97686242760373 -1.2463822138274971  1.6690784610688312 1036.0325373729747 111.94141937911375 -1.2374962173755009  1.6690784610678393 1035.9793951424435 111.90617112335006 -1.2271464192824806  1.6690784610683931 1035.9262475176806 111.87139075101601 -1.2160325832471064  1.6690784610682383 1035.8731004980784 111.83697196421519 -1.2038043831513794  1.6690784610681819 1035.7668089901615 111.76898964554775 -1.1773872584880503  1.6690784610683764 1035.7136650883201 111.73539728261288 -1.1630197793203227  1.6690784610674729 1035.6605215628185 111.70225201633366 -1.1476331749842021  1.6690784610701666 1035.6073748952779 111.66961333034591 -1.1308653083879983  1.6690784610649338 1035.5542256799092 111.63751105693692 -1.1134531506840761  1.6690784610723826 1035.5010788816262 111.60596253266294 -1.0953875596141711  1.6690784610642988 1035.4479367785084 111.57500011435518 -1.0759839704953045  1.6690784610710978 1035.3947945479783 111.54467529452216 -1.0552484175253078  1.6690784610666611 1035.3416469232152 111.51503155898133 -1.0339308052258389  1.6690784610688598 1035.288499903613 111.48607606915211 -1.0116651057957118  1.6690784610680884 1035.1822083956961 111.42958438245169 -0.96553323546813985  1.6690784610683909 1035.1290644938545 111.40207594201731 -0.94148833975300183  1.6690784610676055 1035.0759209683558 111.37530764275 -0.91661235889107995  1.6690784610696903 1035.0227743008097 111.34944796352681 -0.890579261417352  1.6690784610659359 1034.9696250854465 111.32429753977689 -0.86409916747417681  1.6690784610709348 1034.9164782871608 111.29987568492655 -0.83716873905838363  1.6690784610658018 1034.863336184048 111.27642471393351 -0.80914691588005061  1.6690784610699438 1034.8101939535127 111.25399173480659 -0.78005534819289601  1.6690784610673148 1034.7570463287523 111.23238637135321 -0.75062067618807349  1.6690784610686078 1034.7038993091487 111.21172854365987 -0.72049699908051568  1.6690784610681326 1034.5976078012288 111.17225728878796 -0.65916609202954957  1.6690784610683727 1034.5444638993865 111.15352548863068 -0.62779746181103968  1.6690784610676277 1034.4913203738902 111.13575442396143 -0.59586713869193564  1.6690784610696401 1034.4381737063409 111.11920507724216 -0.56311711138283504  1.6690784610660268 1034.3850244909793 111.10346840080229 -0.5301611382885304  1.6690784610708231 1034.3318776927176 111.08856379771369 -0.49700200951336693  1.6690784610659029 1034.278735589606 111.07491981770032 -0.4631049240334118  1.6690784610698781 1034.2255933590654 111.06257457739271 -0.4285050252386377  1.669078461067345 1034.1724457342912 111.05112246861566 -0.39383456516700155  1.6690784610685963 1034.1192987146726 111.04078443626396 -0.35880162479167921  1.6690784610681393 1034.0395800836941 111.02684410998751 -0.30590678949242112  1.6690784610683036 1034.0130076697308 111.02249033016825 -0.28818553922532691  1.6690784610678906 1033.9864354430458 111.01842787136546 -0.27038391595305911  1.669078461069174 1033.9598631925405 111.01465465743371 -0.25251099657253057  1.6690784610664875 1033.9332907719734 111.01116829003902 -0.23457560104317304  1.6690784610705982 1033.9067180998229 111.00796601181665 -0.21658632173852072  1.6690784610658842 1033.8801451596501 111.00504484102962 -0.1985514135888849  1.6690784610699791 1033.8535719998147 111.00240148254957 -0.1804788607491658  1.6690784610672944 1033.8269987339293 111.00003249627287 -0.16237624451278712  1.6690784610685812 1033.8004255405724 110.99793420463787 -0.14425080930177156  1.6690784610681755 1033.7207069098151 110.99244008736166 -0.089826445415800996  1.6690784610683165 1033.6675630080119 110.98999100239847 -0.053372724015513337  1.6690784610680123 1033.6144194821177 110.98865291533416 -0.016854713386110661  1.6690784610686329 1033.5612728151841 110.98877557557135 0.019839044252926839  1.6690784610677758 1033.5081235992991 110.98971582578963 0.056347346322770837  1.6690784610685889 1033.4549767994763 110.991489656201 0.092658890186585519  1.6690784610680862 1033.4018346958974 110.99472167403863 0.12905561810980523  1.6690784610682243 1033.3486924663753 110.99942995533708 0.16548895461458787  1.6690784610683029 1033.2955448421933 111.0049660987988 0.20157970630645949  1.6690784610681904 1033.2423978238135 111.01165943408643 0.23748764402168779  1.6690784610682505 1033.1892520714898 111.0193879564456 0.27312658307858656  1.6690784610682363 1033.1361063194915 111.02711662212671 0.30876556931397053  1.6690784610682394 1033.0829624179937 111.03605232599097 0.34419195831195032  1.6690784610682521 1033.0298188868674 111.04606427617497 0.37933611528838496  1.669078461068078 1032.9766722277977 111.05752036301561 0.41419616104868251  1.6690784610687583 1032.9235230048821 111.06969687212579 0.44862714483508054  1.6690784610672647 1032.8703761838267 111.08260462006051 0.48261323326371053  1.6690784610694165 1032.8172340745664 111.09692477937773 0.51622968331127506  1.6690784610672369 1032.7640918592097 111.11266036888122 0.54942485539213115  1.6690784610688381 1032.710944242782 111.12907805549386 0.58203845794673403  1.6690784610679885 1032.6577972403798 111.14653954649134 0.61412059758885162  1.6690784610682958 1032.604651508901 111.16490244479085 0.64562703880116235  1.6690784610682365 1032.5515057819555 111.18326744319778 0.67713348768227499  1.6690784610681619 1032.4983618839785 111.20271469959779 0.70806466800192391  1.6690784610685341 1032.4452182831694 111.22309478467271 0.73839512566091214  1.6690784610675726 1032.3920717246638 111.24476872651195 0.7680084720835495  1.6690784610692337 1032.338922406758 111.26699648147174 0.79699012297361349  1.669078461067131 1032.2857753093544 111.28977224617191 0.82532354289351195  1.6690784610692018 1032.2326331322363 111.3137679520504 0.85287126182876549  1.6690784610675704 1032.1794911079946 111.33898188594475 0.87958161011156144  1.6690784610685858 1032.1263435903145 111.3646725576676 0.90552645582127955  1.6690784610681062 1032.0731967874808 111.39118868881627 0.93064422357975773  1.6690784610682647 1032.0200513088928 111.4183845257801 0.95493612599428346  1.6690784610682361 1031.9934785980486 111.4319949095466 0.96707807760246378  1.6690784610684559 1031.9669062756782 111.44581796077426 0.97899944378341719  1.6690784610673437 1031.9403340674583 111.45984463452345 0.99069751981752363  1.6690784610703162 1031.9137617643023 111.47406589324235 1.0021700380554277  1.6690784610648843 1031.8871892223879 111.48847274907743 1.0134151504300744  1.6690784610722322 1031.8606163632119 111.50305630618465 1.0244314109714987  1.6690784610646132 1031.8340431736067 111.51780780303852 1.0352177583155893  1.6690784610707661 1031.8074697058009 111.53271865474521 1.045773498222464  1.669078461066889 1031.7808960774387 111.54778049535001 1.0560982860830768  1.6690784610687532 1031.7543224716303 111.56298522015076 1.0661921094371292  1.6690784610681184 1031.7277491369832 111.57832502800649 1.0760552704824136  1.6690784610682361 1031.7011757097664 111.59362556838141 1.0859382637758088  1.6690784610681628 1031.6746029999276 111.60910298834403 1.0955707937763086  1.6690784610685523 1031.6480307237723 111.62474801417643 1.1049515495758304  1.6690784610674323 1031.6214586604526 111.6405514401978 1.1140796447911301  1.6690784610697074 1031.5948866521494 111.65650416734775 1.1229545947664992  1.6690784610662612 1031.5683146043609 111.67259724177367 1.1315762937714593  1.6690784610702056 1031.5417424860366 111.68882189341279 1.1399449922072964  1.6690784610667644 1031.5151703298945 111.70516957457954 1.14806127380116  1.6690784610690519 1031.4885982325595 111.72163199854887 1.1559260328141561  1.6690784610679192 1031.4620263548456 111.73820117814185 1.1635404512368752  1.6690784610683098 1031.4354549219433 111.75486946431042 1.1709059759938372  1.6690784610682365 1031.4088838188354 111.77165281254771 1.1781885964093444  1.6690784610683504 1031.3823123226389 111.78856584870788 1.1851954721045606  1.6690784610677958 1031.3557401983962 111.80559900901257 1.1919270265730222  1.6690784610692313 1031.3291672823684 111.82274289903633 1.1983841033833562  1.6690784610666471 1031.3025934814514 111.83998832853145 1.2045679332986621  1.6690784610701614 1031.2760187725021 111.85732634625464 1.2104801013962849  1.669078461066426 1031.249443201795 111.87474827479046 1.2161225141867489  1.6690784610695637 1031.2228668843252 111.8922457453795 1.2214973667341282  1.669078461067494 1031.1962900032595 111.90981073274085 1.2266071097743891  1.6690784610685339 1031.1697128092701 111.9274355899002 1.2314544168361303  1.6690784610681668 1031.1431356199439 111.94511308301348 1.2360421513589925  1.669078461068237 1031.1165577194838 111.96248654791351 1.2409322650955881  1.6690784610682419 1031.0899828265626 111.97996667950106 1.2455252839866053  1.6690784610682001 1031.0634105066272 111.99754442541519 1.2498220790084515  1.6690784610683493 1031.0368403685177 112.01521083249023 1.2538239025968549  1.6690784610680351 1031.0102720668424 112.03295707838691 1.25753236571741  1.6690784610684479 1030.9837053044098 112.05077450322386 1.260949414954105  1.669078461068098 1030.9571398345774 112.06865464120833 1.2640773095699027  1.6690784610682894 1030.9305754637021 112.08658925226798 1.2669185986031639  1.6690784610682339 1030.9040120534867 112.10457035368169 1.2694760979259196  1.6690784610682272 1030.8774495234147 112.12259025171099 1.2717528673357663  1.6690784610682399 1030.8508878531238 112.14064157323121 1.2737521876234734  1.669078461068237 1030.8243304371497 112.15941230945666 1.2747742939157147  1.6690784610684819 1030.7977645753433 112.1781594607926 1.275535794122469  1.6690784610672575 1030.7711910499854 112.19687569939613 1.276042662194508  1.6690784610704932 1030.7446107518938 112.21555438453339 1.2763009098966565  1.6690784610646034 1030.7180246669811 112.23418954158164 1.276316527049526  1.6690784610725888 1030.6914338627864 112.25277584103192 1.2760954217833531  1.6690784610642433 1030.6648394750493 112.27130857748901 1.2756433607720268  1.6690784610710749 1030.638242694225 112.28978364867662 1.2749659094937522  1.6690784610666896 1030.6116447520681 112.30819753443561 1.2740683724622057  1.6690784610688474 1030.5850469081508 112.32654727572933 1.2729557334845225  1.6690784610680933 1030.5584504364319 112.34483045364313 1.271632595899473  1.6690784610682361 1030.5318555607719 112.36192624464519 1.2726539796317837  1.669078461068439 1030.5052755374218 112.37915227317038 1.273219786751036  1.6690784610674145 1030.4787088076466 112.39650065205605 1.273322326863795  1.6690784610701317 1030.4521536109264 112.4139630085168 1.272953352705783  1.6690784610652343 1030.4256079389118 112.43153037848907 1.2721041092930707  1.6690784610717164 1030.3990694894687 112.44919310096914 1.2707653830721761  1.6690784610652105 1030.3725356206003 112.46694071235979 1.268927551071344  1.6690784610702256 1030.3460033045085 112.48476184080769 1.266580630050661  1.6690784610672569 1030.319469081523 112.50264410054892 1.2637143256534027  1.6690784610685818 1030.2929290141362 112.52057398624878 1.2603180815560162  1.6690784610681633 1030.2663786409671 112.53853676734461 1.2563811286194286  1.6690784610682361 1030.2398548004749 112.55812112797976 1.2476877268973816  1.6690784610684968 1030.2132492393414 112.57689362593956 1.2404104928846671  1.6690784610672105 1030.1866108241729 112.59507795461407 1.2342376790614249  1.6690784610705782 1030.1599682153726 112.612826922439 1.2289274859302459  1.6690784610645031 1030.1333369914566 112.63024412424738 1.2242906921555849  1.6690784610726566 1030.1067252315572 112.64740124224812 1.2201763403673045  1.6690784610642457 1030.0801375558785 112.66435097664365 1.2164604787368396  1.6690784610710143 1030.0535776244265 112.68113560587182 1.213037958183375  1.6690784610667588 1030.0270490936477 112.69779117648719 1.2098172853652218  1.6690784610688083 1030.0005550313219 112.71434732266883 1.2067185313162807  1.6690784610681033 1029.9740957894389 112.73082271536366 1.2036742958321689  1.6690784610682365 1029.9609163780376 112.73948101068571 1.1997107850458471  1.6690784610685152 1029.9477627947317 112.74823472207127 1.1948991232816772  1.6690784610670988 1029.9347127137582 112.75722372628077 1.1891065985678038  1.6690784610708909 1029.9212670088773 112.76563562715361 1.1817528987597172  1.6690784610639331 1029.9087812440844 112.77573672851433 1.1734175844768631  1.6690784610734062 1029.8953002533176 112.78432817035926 1.1620997260983177  1.6690784610635163 1029.8818710910052 112.79317376559214 1.1480241100567303  1.6690784610715308 1029.8697099499602 112.80438213302426 1.1304506216025114  1.6690784610665166 1029.8549204326712 112.81167063958139 1.1038459141218646  1.6690784610688569 1029.8390749392747 112.82588653793741 1.0602125844471089  1.6690784610679352 1029.8114192135311 112.82356268511221 0.95797743174642547  1.669078461068342 1029.8052704941131 112.82222014586574 0.93468131982680869  1.66907846106777 1029.7982346160254 112.81956267746106 0.90819359518397291  1.6690784610691707 1029.7901068466717 112.81531021055993 0.87738856534996834  1.6690784610670233 1029.7803204908089 112.80854648987349 0.84150281526567394  1.6690784610693508 1029.7681061354069 112.7980113818837 0.79976777002567123  1.6690784610675231 1029.7525213589934 112.7822097989027 0.75043580637520879  1.6690784610685072 1029.7315758779871 112.75787762925542 0.69159894023427149  1.6690784610682321 1029.6713760756193 112.67910173729663 0.55774895192588259  1.6690784610681411 1029.5683489701703 112.52781708147262 0.42044242870728754  1.6690784610684319 1029.5042835525428 112.43044605406486 0.35870642111281975  1.6690784610673324 1029.4309690668656 112.31650638086441 0.31122886411785433  1.6690784610700458 1029.3417241344939 112.17272185563223 0.31020890073761981  1.6690784610659206 1029.2902698188916 112.09049811235919 0.35149911946816104  1.6690784610703153 1029.238090561232 112.00810207279108 0.37502619588342218  1.6690784610668952 1029.2005434185953 111.94959336083923 0.4140283884345683  1.6690784610688363 1029.1692721043189 111.90206297319145 0.44744445269820599  1.6690784610680827 1029.0928509907067 111.78927494311245 0.54260238230549729  1.6690784610685367 1029.0552430086964 111.74378603474685 0.6132332446718799  1.669078461067772 1029.0365403034991 111.72508625299842 0.64661851292523376  1.6690784610697118 1029.021220153063 111.71248611345973 0.67397211023525105  1.6690784610653464 1029.008212702428 111.70409639115385 0.69654755160014092  1.6690784610722174 1028.9967326629317 111.6985782027084 0.71446901071092206  1.6690784610641847 1028.986214491274 111.69485907088293 0.72962212394987169  1.6690784610713441 1028.9764037906407 111.69243492482667 0.74321622029487788  1.6690784610664549 1028.9671888592111 111.69116022694337 0.75452587026073192  1.6690784610689631 1028.9583803467967 111.69065323306839 0.76455899674896144  1.6690784610680613 1028.9498998646618 111.69077375628677 0.77343766511896039  1.6690784610682365
 0 12 0.3394608659651836 11 0.67892173193056415 11 1.0183825978957515 11 1.3578434638609385 11 2.0367651957915074 11 2.7156869277220714 11 3.3946086596524445 11 4.0735303915830121 10 4.752452123513577 10 5.0919129894787662 10 5.770834721409333 10 6.4497564533397052 10 7.1286781852702683 10 7.8075999172008359 10 8.4865216491312054 10 8.8259825150965909 10 9.5049042470269605 10 10.183825978957527 10 10.862747710888094 10 11.541669442818463 10 11.881130308783849 10 12.560052040714218 10 13.238973772644787 10 13.91789550457535 10 14.596817236505721 10 15.275738968436288 10 15.615199834401478 10 16.294121566332045 11 16.973043298262613 11 17.651965030192986 11 17.991425896158368 11 18.330886762123551 11 18.670347628088741 11 19.00980849405412 11 19.349269360019306 11 19.688730225984493 11 20.028191091949875 11 20.197921524932468 9 20.240354133178116 9 20.282786741423763 9 20.367651957915058 12
7 1 1  6 6 2  1047.2197220508456 111.62248217404816 -1.10061264795978  1.6690784610682365 1047.2197220508456 111.62129962539005 0.14554409762496823  1.0367296232096121 1046.4354923426781 112.94754957309333 0.3257297125746022  1.0383466998475064 1045.7886683124257 114.04291831681537 -1.0983157591271457  0.85353433019614966 1046.4354923426781 112.95025425813229 -2.5244375789797471  1.0383466998475068 1047.2197220508456 111.62366472270625 -2.3467693935445273  1.0367296232096115
 0 6 6.2831853071795862 6
7 1 1  6 6 2  1028.9498998646618 111.69077375628677 0.77343766511896039  1.6690784610682365 1028.7147366155486 111.19939955138108 1.8942220645497816  1.0367296232096121 1029.4002687748143 112.31495797315281 2.7260856837907461  1.0383466998475064 1030.2624662061062 113.85517677252069 1.9977580405854991  0.85353433019614966 1029.9381261536496 113.43881232911393 0.16266575490920337  1.0383466998475068 1029.185063113775 112.18214796119247 -0.34734673431185881  1.0367296232096115
 0 6 6.2831853071795862 6
7 1 0  11 254 24  1028.9498998646618 111.69077375628677 0.77343766511896028  1.6690784610682365 1028.8960951110421 111.70955575204839 0.79791696068092766  1.6690784610682301 1028.8439468945724 111.73109617827571 0.8178157007185316  1.6690784610682703 1028.7926069917185 111.75394443270041 0.83503731693242322  1.6690784610681304 1028.7417407257335 111.77748283695827 0.85065104667390479  1.6690784610684772 1028.6912226583343 111.80143389395006 0.86530754983701996  1.6690784610678444 1028.640981189722 111.82560842398563 0.87947275021655358  1.6690784610686955 1028.5909479578597 111.84982326613162 0.89353001031089008  1.6690784610678495 1028.5410679271313 111.87391723152878 0.90780074971907432  1.6690784610684692 1028.4913260574606 111.89779399502447 0.92253361589835237  1.6690784610681397 1028.4417464440039 111.9214206118945 0.93791231741695391  1.6690784610682607 1028.3923198183456 111.94471034606261 0.95413222870169534  1.6690784610682365 1028.3410004395291 111.9707547690186 0.96562700007624436  1.6690784610682485 1028.2897288141489 111.99629185583291 0.97852392366335117  1.6690784610682046 1028.2385235124498 112.02133359108818 0.99275034611968671  1.6690784610683009 1028.1874029235232 112.0458920953625 1.0082333646692803  1.6690784610681366 1028.1363850433081 112.06998001565823 1.0248993524852708  1.6690784610683722 1028.0854872625791 112.09361091583011 1.0426734840683842  1.6690784610680764 1028.0347261549509 112.11679966701519 1.0614792606113106  1.6690784610683931 1027.9841172648639 112.13956283805959 1.0812380354033646  1.6690784610681186 1027.9336748955891 112.16191908594928 1.1018685391729139  1.6690784610682996 1027.8834118972165 112.18388954623693 1.12328640549722  1.6690784610682177 1027.8333394546548 112.20549822347189 1.1454036961577625  1.6690784610682365 1027.7805783420133 112.2272961360042 1.1713173609792129  1.6690784610683249 1027.7281272273974 112.2485477691061 1.1982200739037356  1.6690784610678644 1027.6759918990631 112.2692613273386 1.2260842155270648  1.6690784610691978 1027.6241782214965 112.28944495158132 1.2548822433290834  1.6690784610665006 1027.5726921553994 112.30910670642442 1.2845867079136095  1.6690784610705194 1027.5215397777431 112.32825456754904 1.3151702692894816  1.6690784610660097 1027.4707273017241 112.34689640912306 1.3466057130859783  1.6690784610698717 1027.4202610968337 112.36503999118028 1.378865966854482  1.6690784610673406 1027.3701477088193 112.38269294701439 1.411924116277204  1.6690784610685827 1027.3203938797305 112.39986277056202 1.4457534214572245  1.6690784610681586 1027.2710065679098 112.4165568037924 1.4803273331514593  1.6690784610682365 1027.2172913766949 112.43508114802489 1.516904461994951  1.6690784610679283 1027.1639716621255 112.45307933792834 1.5543166264673083  1.6690784610695113 1027.1110447018095 112.47056489098732 1.5925305535716596  1.6690784610651861 1027.0585077882558 112.4875513069631 1.6315129953341678  1.6690784610733622 1027.0063582459231 112.50405205235138 1.6712307453883497  1.669078461061803 1026.9545934482401 112.52008054484411 1.7116506557555431  1.6690784610744238 1026.903210834666 112.53565013778697 1.7527396533411626  1.6690784610636513 1026.8522079277052 112.55077410464004 1.7944647567689653  1.6690784610708094 1026.8015823499634 112.56546562343743 1.8367930928822993  1.669078461067206 1026.7513318411734 112.57973776124589 1.8796919135174353  1.6690784610684803 1026.7014542752393 112.59360345862547 1.9231286120939304  1.6690784610682363 1026.6475519224232 112.60853312403202 1.9702247794833294  1.669078461068269 1026.5940878006709 112.62298598729529 2.0179510633073674  1.6690784610681062 1026.5410558637864 112.63697379833698 2.0662857157146144  1.6690784610685934 1026.4884501323952 112.65050824777279 2.1152070488487427  1.6690784610675136 1026.4362647401688 112.66360093039968 2.1646934730819938  1.6690784610692919 1026.3844939800804 112.67626330868706 2.2147235352803953  1.6690784610671252 1026.3331323506163 112.68850667626194 2.2652759570222765  1.6690784610690932 1026.2821746020395 112.70034212140176 2.31632967287306  1.6690784610677565 1026.2316157826028 112.71178049051896 2.3678638686041005  1.6690784610684239 1026.1814512848018 112.72283235165308 2.4198580194572941  1.6690784610681939 1026.1316768916022 112.73350795795714 2.4722919283792057  1.6690784610682345 1026.0779310807654 112.74516028122639 2.528551085358377  1.6690784610680964 1026.0246189145205 112.75639260163479 2.5853032138455219  1.6690784610688145 1025.9717334740571 112.76721515247183 2.6425317258499446  1.6690784610669096 1025.9192679108171 112.77763810965007 2.7002200856594625  1.6690784610703369 1025.8672154897215 112.78767155973885 2.7583518406133303  1.6690784610657559 1025.8155696323856 112.79732546799892 2.8169106519419058  1.6690784610705218 1025.764323960346 112.80660964641595 2.8758803255051655  1.6690784610665739 1025.7134723382801 112.81553372173514 2.9352448426570428  1.6690784610691727 1025.6630089172268 112.82410710349505 2.9949883909806276  1.6690784610678553 1025.6129281778105 112.83233895206176 3.055095395132418  1.6690784610683265 1025.5632249734608 112.840238146663 3.1155505476116314  1.6690784610682374 1025.5100352815703 112.8487725381615 3.1800093272774292  1.6690784610683036 1025.4572608761271 112.8569401879848 3.2448528964930725  1.6690784610679597 1025.4048953591885 112.86474927413246 3.3100697013245055  1.669078461068902 1025.3529324183492 112.87220791123713 3.3756482411983963  1.669078461067113 1025.3013658664638 112.87932412421907 3.4415770931569636  1.6690784610696392 1025.2501896813374 112.8861058219438 3.5078449362389348  1.6690784610669263 1025.1993980454652 112.89256077087434 3.5744405756738535  1.6690784610691656 1025.1489853857088 112.89869656873067 3.6413529673024785  1.6690784610677389 1025.0989464130398 112.90452061814133 3.7085712417716428  1.6690784610684282 1025.0492761622261 112.91004010030196 3.7760847289141797  1.6690784610681919 1024.9999700315561 112.91526194862905 3.8438829820049101  1.6690784610682365 1024.9476382295206 112.92091586770482 3.9155078019517582  1.6690784610681184 1024.8956964305987 112.92625003654358 3.9874393636154695  1.6690784610687508 1024.8441392299603 112.93127091075941 4.0596693726901938  1.6690784610669678 1024.7929613127383 112.93598488551585 4.1321895831876665  1.6690784610703804 1024.7421574861012 112.9403982765545 4.2049918145604321  1.6690784610655887 1024.6917227113215 112.94451730122492 4.2780679687836729  1.6690784610707248 1024.641652135846 112.94834805951268 4.3514100475059561  1.66907846106643 1024.5919411253683 112.95189651506971 4.4250101691053807  1.6690784610692386 1024.542585295894 112.95516847624226 4.4988605858525919  1.6690784610678326 1024.4935805458169 112.95816957710092 4.5729537009751873  1.6690784610683349 1024.4449230879843 112.96090525846921 4.6472820857955046  1.6690784610682357 1024.3937533378296 112.96389398212408 4.7251050902503895  1.6690784610683689 1024.3429480692243 112.96660329777308 4.8031762504996864  1.669078461067707 1024.2925029831788 112.96903822930422 4.8814896685023719  1.66907846106947 1024.2424138684257 112.97120374824753 4.9600394872249272  1.6690784610661973 1024.1926766251061 112.97310476173793 5.0388199017387638  1.6690784610707634 1024.1432872884807 112.9747461004785 5.1178251703334121  1.6690784610658524 1024.094242052608 112.97613250670265 5.1970496256012879  1.6690784610699638 1024.0455372940594 112.97726862213828 5.2764876855633371  1.6690784610672855 1023.9971695956 112.97815897596941 5.3561338647475294  1.6690784610686122 1023.9491357698948 112.97880797280013 5.4359827853109586  1.6690784610681488 1023.9014328832004 112.97921988061701 5.5160291881297683  1.6690784610682363 1023.8517133814872 112.9797641511486 5.5990960857896326  1.6690784610683069 1023.8023345198053 112.98006354894429 5.6823671969139635  1.6690784610679701 1023.753293035891 112.98012198951466 5.7658382824071213  1.6690784610688092 1023.704585745076 112.97994334867352 5.8495051349139455  1.6690784610673968 1023.6562095560563 112.97953145607666 5.9333635853308353  1.6690784610691169 1023.6081614866526 112.97889008876164 6.0174095093510331  1.6690784610675653 1023.5604386795864 112.97802296468565 6.1016388339538175  1.6690784610686091 1023.513038418234 112.97693373626625 6.1860475439672156  1.6690784610680871 1023.4659581424047 112.97562598391876 6.2706316885530597  1.6690784610682792 1023.4191954640984 112.97410320959668 6.3553873877581992  1.6690784610682285 1023.3727481832773 112.97236883032996 6.4403108390205253  1.6690784610682365 1023.3247664719256 112.97068524300049 6.5276864018520708  1.6690784610682068 1023.2771040709457 112.96878666137756 6.6152324559839748  1.6690784610683709 1023.2297586174944 112.96667616377505 6.702945939612678  1.6690784610678659 1023.1827278097561 112.96435680370362 6.7908238127099905  1.669078461068958 1023.1360094160244 112.96183160728596 6.878863060307717  1.6690784610672051 1023.0896012837803 112.9591035706753 6.9670606958640757  1.6690784610693377 1023.0435013487745 112.95617565746909 7.0554137645098578  1.6690784610673564 1022.9977076441053 112.95305079612849 7.143919346438631  1.669078461068755 1022.9522183093003 112.94973187739225 7.2325745601554638  1.6690784610680234 1022.9070315993956 112.94622175169494 7.321376565839536  1.6690784610682867 1022.862145894016 112.94252322658238 7.4103225686321634  1.6690784610682377 1022.8161864560813 112.93882899536864 7.5010812799829161  1.6690784610682223 1022.770527381772 112.93494612935494 7.5919840930500273  1.6690784610682927 1022.7251670572365 112.93087708706962 7.6830287783589197  1.669078461068062 1022.680103909104 112.92662431633376 7.7742131187988717  1.6690784610686284 1022.6353364086427 112.92219025382076 7.8655349109284423  1.6690784610675997 1022.5908630759205 112.91757732461222 7.9569919663335318  1.6690784610689993 1022.5466824839604 112.91278794175895 8.0485821129059225  1.6690784610675604 1022.5027932629032 112.90782450583606 8.1403031962196071  1.6690784610686678 1022.4591941041622 112.90268940450377 8.2321530808087626  1.6690784610680498 1022.4158837645851 112.89738501206367 8.3241296515264978  1.6690784610682821 1022.3728610706106 112.89191368901785 8.4162308148498575  1.6690784610682365 1022.329205341932 112.88642777338411 8.5094537221777777  1.6690784610680547 1022.2858328781657 112.8807770734484 8.6027995049347847  1.6690784610690053 1022.2427426867523 112.87496357963033 8.696266533337214  1.6690784610663778 1022.1999337950202 112.86898928168152 8.7898531824664214  1.6690784610713718 1022.1574052513988 112.86285616896006 8.8835578325895277  1.6690784610643301 1022.1151561266248 112.8565662307072 8.9773788694808037  1.6690784610719211 1022.0731855149569 112.85012145632052 9.0713146847487067  1.6690784610655796 1022.0314925353827 112.8435238356317 9.1653636761483224  1.6690784610696856 1021.9900763328316 112.83677535917946 9.259524247915774  1.6690784610676697 1021.9489360793837 112.82987801848651 9.3537948110787816  1.6690784610683684 1021.9080709754808 112.82283380633397 9.4481737837869471  1.6690784610682365 1021.8260798755967 112.80875314913366 9.6373386773937781  1.6690784610681668 1021.7451535576029 112.79410412187408 9.8269229306538151  1.6690784610685354 1021.6652231508335 112.77893240737296 10.016892940836547  1.6690784610674734 1021.5867193195296 112.76303079208671 10.207400533280989  1.669078461069589 1021.508468661518 112.74700801628323 10.398001078138787  1.6690784610664811 1021.4318801428415 112.73015269140096 10.589211890709025  1.6690784610699356 1021.3567977176193 112.71256147953331 10.780964883938809  1.6690784610669978 1021.2817831669742 112.6949832455574 10.972716387480871  1.6690784610689118 1021.2082897413799 112.67667634814093 11.165004706070045  1.669078461067975 1021.135709752015 112.65796665728418 11.357594342619649  1.6690784610682965 1021.0641451732802 112.63881129915289 11.550516838013953  1.6690784610682365 1021.0290030521147 112.6293115840086 11.645635849710995  1.6690784610682983 1020.9940965383271 112.61970986006946 11.740831574895854  1.669078461067969 1020.9594265712614 112.61000681966389 11.836103580531715  1.6690784610689344 1020.924994091671 112.60020315375128 11.931451434585377  1.6690784610669234 1020.8908000417205 112.59029955195996 12.026874706032981  1.6690784610700891 1020.8568453650263 112.58029670263549 12.1223729648214  1.6690784610662857 1020.8231310066403 112.57019529287439 12.217945781893055  1.6690784610697729 1020.789657913101 112.55999600857452 12.313592729137362  1.6690784610673406 1020.7564270324199 112.54969953446982 12.409313379411145  1.6690784610686027 1020.7234393141174 112.53930655417712 12.505107306506488  1.6690784610681484 1020.6906957092292 112.52881775023542 12.600974085150781  1.6690784610682374 1020.6588896839368 112.51844509124675 12.694893914986078  1.6690784610682796 1020.6273024517595 112.50798910026113 12.788878174959699  1.6690784610680451 1020.5959362083727 112.49744977443657 12.882926862318071  1.6690784610687244 1020.5647931509865 112.48682712073443 12.97703997362748  1.6690784610673748 1020.533875478136 112.47612115568393 13.071217504692331  1.6690784610693343 1020.5031853894742 112.46533190514091 13.165459450508227  1.6690784610671847 1020.4727250855631 112.45445940405612 13.259765805160834  1.6690784610690039 1020.4424967676653 112.44350369623032 13.354136561794746  1.6690784610678147 1020.4125026375359 112.43246483408443 13.448571712507128  1.669078461068404 1020.3827448972147 112.42134287841563 13.543071248308379  1.6690784610681966 1020.3532257488165 112.41013789816409 13.637635159033792  1.6690784610682365 1020.3249258870646 112.39914863500179 13.729422708148993  1.6690784610682032 1020.2968297060798 112.38809182395276 13.821264070020931  1.6690784610684142 1020.2689412552021 112.37696660096161 13.91315975805078  1.6690784610677034 1020.2412645528364 112.36577215052068 14.005110271701049  1.669078461069345 1020.2138035874949 112.3545077030093 14.097116096940177  1.6690784610665905 1020.1865623188623 112.343172532023 14.189177706745035  1.6690784610700276 1020.1595446788256 112.33176595171696 14.281295561520992  1.6690784610667848 1020.1327545725495 112.32028731413298 14.373470109618884  1.6690784610690996 1020.1061958795027 112.30873600654239 14.46570178775649  1.6690784610678826 1020.0798724545282 112.29711144877594 14.55799102151947  1.6690784610683194 1020.0537881288809 112.28541309056257 14.650338225806655  1.6690784610682365 1020.0293275838515 112.27399050920891 14.739112200671133  1.6690784610682003 1020.0050489029112 112.26251754027503 14.82792823026735  1.6690784610684115 1019.9809598003453 112.2509919015113 14.916787612577112  1.6690784610678095 1019.9570678017125 112.23941147755531 15.005691582244882  1.6690784610689353 1019.9333802563143 112.2277743065751 15.094641314630326  1.6690784610673763 1019.9099043496456 112.21607856694033 15.183637929773441  1.6690784610690728 1019.8866471158722 112.20432256385298 15.272682496502878  1.6690784610675888 1019.863615450276 112.19250471602589 15.361776036354053  1.6690784610686236 1019.8408161217332 112.18062354231479 15.450919527692649  1.6690784610680736 1019.8182557851637 112.1686776483876 15.540113909658311  1.6690784610682756 1019.795940994002 112.15666571336925 15.629360086234943  1.6690784610682363 1019.7750856008429 112.14517557830678 15.714100358624101  1.669078461068201 1019.7544225479984 112.13363676990615 15.798879823566246  1.6690784610683813 1019.7339614461267 112.12204674541921 15.883700033384864  1.6690784610679523 1019.7137115984635 112.11040315824691 15.968562447930065  1.6690784610685765 1019.6936820251686 112.09870384024364 16.053468441724704  1.6690784610679748 1019.673881487667 112.08694678403103 16.138419311047937  1.6690784610683558 1019.6543185129995 112.07513012529903 16.223416281106093  1.6690784610682243 1019.6350014181603 112.06325212512058 16.308460513105928  1.6690784610682112 1019.6159383344498 112.05131115225474 16.393553111415606  1.6690784610682543 1019.5971372318124 112.0393056654576 16.478695130662793  1.6690784610682317 1019.5786059431863 112.02723419578909 16.563887582867988  1.6690784610682365 1019.5627316328113 112.01554023703093 16.643947592251113  1.6690784610682852 1019.5469489224158 112.00383798077233 16.724019128316474  1.6690784610680311 1019.5312878829887 111.99211828628563 16.804107068078373  1.6690784610687357 1019.515775939422 111.98037330215972 16.884215679024688  1.6690784610674236 1019.5004381776067 111.96859630336706 16.964348688256106  1.6690784610692171 1019.4852976515683 111.95678152834503 17.044509351655996  1.6690784610673266 1019.470375690545 111.94492401605605 17.124700523018134  1.6690784610688925 1019.4556922061341 111.93301944307338 17.204924723220564  1.6690784610678742 1019.441265999371 111.92106396064119 17.285184209359127  1.6690784610683826 1019.4271150678629 111.90905403175603 17.365481043909213  1.6690784610682001 1019.4132569128871 111.89698626823363 17.44581716387161  1.6690784610682377 1019.3994331903094 111.88609144258281 17.519725479284816  1.6690784610683416 1019.3859134348417 111.87513118293947 17.593680130499155  1.6690784610677714 1019.3727033500123 111.86410461173666 17.667681217806411  1.6690784610694172 1019.3598086043374 111.85301086306237 17.741728830237516  1.6690784610661793 1019.3472348337747 111.84184908182252 17.815823046272438  1.6690784610708762 1019.3349876440725 111.83061842286251 17.88996393470326  1.6690784610656515 1019.3230726132791 111.81931805015196 17.964151555252943  1.6690784610701934 1019.3114952940514 111.80794713589 18.03838595951337  1.6690784610671061 1019.3002612161714 111.79650485969317 18.112667191539707  1.6690784610687046 1019.2893758888844 111.7849904077125 18.186995288748818  1.6690784610681222 1019.2788448033634 111.77340297180017 18.261370282598662  1.6690784610682379 1019.2761414658685 111.76149185254489 18.329489533495163  1.6690784610682174 1019.2721287719577 111.74993789427805 18.397447407889644  1.6690784610683476 1019.2674147205354 111.73856386029853 18.465311171906041  1.6690784610678808 1019.26236803057 111.72727334465735 18.533120550508929  1.6690784610690359 1019.257207418397 111.71601891980362 18.600897750030654  1.6690784610669795 1019.2520705171636 111.70477777052943 18.668655228381155  1.6690784610696343 1019.2470624383458 111.69353481415959 18.736401213145307  1.6690784610671072 1019.2422839754348 111.68227330705767 18.804142967299651  1.6690784610689031 1019.237839449681 111.67097293737031 18.871887802836277  1.6690784610679616 1019.2338241980019 111.65961540408067 18.939641842040224  1.6690784610683016 1019.230291702971 111.64819748231754 19.00740652660334  1.6690784610682374 1019.2218818690286 111.63884534048852 19.067153851941118  1.6690784610682561 1019.2133659712119 111.62952805209743 19.126929350772645  1.6690784610681888 1019.2044602218978 111.62059439849656 19.186785000365177  1.6690784610682738 1019.1955268720883 111.60959856792054 19.246294255718258  1.6690784610682947 1019.1837192307202 111.60605427276595 19.30706849272412  1.6690784610680161 1019.1746659555731 111.58780251016601 19.365321526346644  1.6690784610685834 1019.1565947787971 111.59185382294542 19.427315521040356  1.6690784610678924 1019.1432583136141 111.57326401566974 19.485426811184219  1.6690784610684684 1019.1145807049508 111.57698063296694 19.547131641886107  1.6690784610681313 1019.0850081848891 111.56715312678494 19.606426305927322  1.6690784610682639 1019.0054905252599 111.5898510027712 19.670335959118127  1.6690784610682365
 20.367651957915058 12 20.991788998633954 11 21.636528133750577 11 22.32371401651892 11 23.066134667599766 11 23.869426577070055 11 24.73421203381325 11 25.657760142606435 11 26.635117766123859 11 27.659845219980827 11 28.724491679777039 11 29.820906043647998 11 30.940444554751615 11 32.074113294094893 11 34.346695478683905 11 35.466659420804788 11 36.562963513781376 11 37.62599250492628 11 38.646164928123355 11 39.613996711981194 11 40.52019004075769 11 41.355770881768095 11 42.112321347591632 11 42.782405725164786 12
7 1 1  6 6 2  1019.0054905252599 111.5898510027712 19.670335959118127  1.6690784610682365 1020.1511618956196 111.10294032629025 19.613212082720533  1.0367296232096121 1020.9207447145279 112.42649029539916 19.862971524790389  1.0383466998475064 1020.109640980406 114.13262522192524 20.141061188911596  0.85353433019614966 1018.3004041528458 113.54013582107768 19.993623310492353  1.0383466998475068 1017.8598191549003 112.07676167925213 19.727459835515713  1.0367296232096115
 0 6 6.2831853071795862 6
7 1 0  11 130 13  1019.0054905252599 111.5898510027712 19.670335959118113  1.6690784610682365 1018.9900560114189 111.56895274846023 19.819428387841072  1.6690784610682525 1018.9740312889761 111.54856066522042 19.96863679140813  1.6690784610681435 1018.9572108055784 111.52883985948586 20.117995312676769  1.6690784610685394 1018.9392411029546 111.51005463845539 20.267558877394741  1.6690784610675757 1018.9197973901795 111.49252583649783 20.417393881245715  1.6690784610692171 1018.8985546833637 111.47665710746155 20.567583676802229  1.6690784610672207 1018.8750753089943 111.46302308331002 20.718246936529962  1.6690784610689771 1018.8487345681399 111.4525122978178 20.869566967926318  1.669078461067879 1018.8188063587523 111.44651777615773 21.021830056960425  1.6690784610683214 1018.7508547478003 111.44781860192154 21.32911177488679  1.6690784610681735 1018.6690198608461 111.48821490768002 21.64443964043781  1.6690784610682776 1018.6256709385689 111.52076127779182 21.804635330643279  1.669078461068157 1018.5780425270073 111.57339390812186 21.968936049655674  1.6690784610683354 1018.5461799614778 111.6376326641272 22.135561930108707  1.6690784610681522 1018.495964724076 111.73997554290474 22.310002637819331  1.6690784610682878 1018.5206177335335 111.86411390909727 22.488591999394757  1.6690784610682123 1018.5583638342334 111.95360534915631 22.66024710479368  1.6690784610682456 1018.610222218296 112.02537934506654 22.828354856191773  1.6690784610682352 1018.6651908032024 112.07555727728061 22.992169836471234  1.6690784610682372 1018.7189031726934 112.10837903790781 23.152550846197578  1.6690784610682365 1018.6925734337945 112.01331820429581 23.44093017914615  1.669078461068195 1018.665257995758 111.91255882009662 23.727969624236536  1.669078461068414 1018.6377873829391 111.80554090171015 24.013520350185182  1.6690784610677645 1018.6111537525528 111.69194593443871 24.29748625772282  1.6690784610691469 1018.5868916276892 111.57154780284469 24.579784301994888  1.6690784610669744 1018.5669035822546 111.44481370519935 24.860485859875066  1.6690784610695102 1018.5529612733303 111.31331602688877 25.139919666270643  1.6690784610672786 1018.5461321094846 111.17951108418887 25.418630296895234  1.6690784610687728 1018.5464017366185 111.0459355879665 25.697199621047172  1.6690784610680229 1018.552782415984 110.91436661367558 25.976052101196771  1.6690784610682865 1018.5642172620483 110.78598580162492 26.255478263582596  1.6690784610682361 1018.5604955906207 110.73227765081084 26.552565671583089  1.6690784610681841 1018.5573032717972 110.67798101923512 26.849565929754569  1.6690784610684466 1018.5546383420938 110.62307532489433 27.146472379464043  1.6690784610677454 1018.5524971215337 110.56753610363862 27.443277187994315  1.6690784610690288 1018.5508738142649 110.51133551885113 27.739971456211798  1.6690784610673113 1018.5497601091814 110.45444287244126 28.036545325406504  1.6690784610690486 1018.5491447805368 110.39682511387474 28.332988085400565  1.6690784610676916 1018.5490132885689 110.33844735160943 28.629288281069755  1.6690784610685137 1018.5493473801129 110.2792733620951 28.925433820496536  1.6690784610681366 1018.5501246892233 110.21926610081184 29.221412081744383  1.6690784610682583 1018.5513183377905 110.15838821190887 29.517210020583775  1.6690784610682361 1018.55117473428 110.07575333599728 29.807178063524852  1.6690784610681593 1018.5510163062529 109.99227704824794 30.096906030014345  1.669078461068557 1018.5508498750858 109.9079605220013 30.386391343059167  1.6690784610675478 1018.5506822379767 109.8228049294284 30.67563143219833  1.6690784610692373 1018.5505201681494 109.73681143983006 30.964623733227889  1.6690784610671296 1018.5503704150511 109.64998121919929 31.25336568757875  1.66907846106922 1018.5502397045608 109.56231542792005 31.541854742242684  1.6690784610675375 1018.5501347391842 109.47381522071657 31.830088349002757  1.6690784610686176 1018.550062198263 109.38448174435663 32.118063964381051  1.6690784610680884 1018.5500287381715 109.2943161372137 32.405779048981444  1.6690784610682696 1018.5500409925219 109.20331952755895 32.693231067248938  1.6690784610682365 1018.5499904873072 109.11807357965809 32.982404657453735  1.6690784610682372 1018.5499552377729 109.03198600874539 33.271330240919944  1.6690784610682514 1018.5499334301162 108.94505774627081 33.560005126137625  1.6690784610681806 1018.5499232501865 108.85728972357037 33.848426621210322  1.6690784610683542 1018.5499228834841 108.76868287218005 34.136592033866819  1.6690784610680742 1018.5499305151586 108.67923812334621 34.424498671425191  1.669078461068394 1018.5499443300085 108.58895640870141 34.712143840890661  1.6690784610681233 1018.5499625124779 108.49783865956491 34.999524848799602  1.6690784610683 1018.5499832466583 108.40588580757733 35.286639001416212  1.6690784610682059 1018.5500047162836 108.31309878426705 35.573483604558355  1.6690784610682476 1018.5500251047324 108.21947852132061 35.86005596372204  1.6690784610682365 1018.5500322946722 108.1243270570308 36.146120934489964  1.6690784610683367 1018.5500361980987 108.02834364060953 36.431909146359025  1.669078461067814 1018.5500373021038 107.93152917773901 36.717417918753505  1.6690784610693052 1018.5500360937606 107.83388457416414 37.002644571174251  1.6690784610663574 1018.5500330601236 107.73541073544217 37.287586423174965  1.6690784610706588 1018.5500286882298 107.63610856735123 37.572240794402319  1.6690784610659029 1018.5500234650955 107.53597897534576 37.856605004527708  1.669078461069939 1018.5500178777213 107.43502286514129 38.140676373347112  1.6690784610673026 1018.5500124130868 107.33324114219518 38.4244522206575  1.6690784610686047 1018.5500075581548 107.23063471207857 38.70792986637494  1.6690784610681499 1018.5500037998687 107.12720448025742 38.991106630446559  1.6690784610682361 1018.5500014165351 107.02418013528559 39.274431124974285  1.6690784610681544 1018.5499999717136 106.92033151857919 39.557455902896855  1.6690784610685785 1018.5499993349093 106.8156596449605 39.840178315964813  1.6690784610674891 1018.5499993756251 106.71016552920921 40.12259571597118  1.6690784610693574 1018.5499999633626 106.60385018620002 40.404705454572941  1.6690784610669371 1018.5500009676232 106.49671463067533 40.686504883590871  1.6690784610694638 1018.5500022579051 106.38875987755364 40.967991354596514  1.6690784610672917 1018.5500037037075 106.27998694158438 41.249162219386932  1.6690784610688048 1018.5500051745261 106.17039683767017 41.530014829532028  1.6690784610679912 1018.550006539857 106.05999058062091 41.810546536727962  1.6690784610682987 1018.5500076691941 105.94876918530551 42.090754692576937  1.6690784610682365 1018.5500094867144 105.61478226065026 42.931250944183681  1.669078461068193 1018.5500090783271 105.27346024701434 43.768832425724923  1.6690784610684022 1018.550008279808 104.92493997899236 44.603474417734745  1.6690784610679152 1018.5500024119021 104.56859522878221 45.434827021755936  1.6690784610686544 1018.5500057125295 104.20592109469619 46.263439600975815  1.6690784610678109 1018.5500084112583 103.8358347604794 47.088780768197914  1.6690784610686129 1018.5500059561451 103.45800177844745 47.910618711090528  1.6690784610679492 1018.5500072575401 103.07353246305307 48.729330191485133  1.6690784610684122 1018.5500068923993 102.68172319896409 49.544549859599783  1.6690784610681597 1018.5500067857234 102.28286769210384 50.356311976238565  1.6690784610682565 1018.550006722066 101.8769586376627 51.164531621239746  1.669078461068237 1018.5500066866932 101.47105555319132 51.972754264472918  1.6690784610685001 1018.5500066942971 101.05809889697605 52.777434481988529  1.6690784610671854 1018.5500067165164 100.63812305504692 53.578503879589157  1.6690784610706555 1018.5500067368052 100.21116325609091 54.375894507370205  1.669078461064351 1018.5500067478873 99.777255521243944 55.169538839160168  1.669078461072883 1018.5500067492085 99.336436613712337 55.959369751904021  1.6690784610639984 1018.5500067443899 98.888743988769534 56.745320505018718  1.6690784610712071 1018.5500067386829 98.434215743143852 57.527324719917665  1.669078461066658 1018.5500067364205 97.97289056516702 58.305316359234808  1.6690784610688389 1018.5500067384725 97.504807684178502 59.079229706399857  1.6690784610681006 1018.5500067396977 97.030006820501171 59.848999344911007  1.669078461068235 1018.550006742419 95.130802928244293 62.928077629078082  1.6690784610682861 1018.5500067319126 93.124111376328841 65.940856472544269  1.6690784610680729 1018.5500067276421 91.01251859140865 68.883178137453555  1.6690784610685705 1018.55000673218 88.798776796422885 71.750984294373325  1.6690784610677174 1018.5500067404572 86.485808729975034 74.540333968633718  1.6690784610689029 1018.5500067463787 84.076708516991175 77.247418065514424  1.6690784610675264 1018.5500067468297 81.574738689745686 79.868570473627969  1.6690784610688321 1018.5500067430439 78.983323360501004 82.400275747549045  1.6690784610678746 1018.5500067393638 76.306037544298988 84.839173368264142  1.6690784610683718 1018.5500067393646 73.546592633391001 87.18205858309436  1.669078461068227 1018.5500067393648 64.560306363938167 94.287492510875893  1.6690784610681926 1018.5500067393614 58.04408065585806 98.684054575471833  1.669078461068529 1018.5500067393671 51.19930667454544 102.58480362242909  1.6690784610674689 1018.5500067393677 44.067895678201886 105.96234986109449  1.6690784610695562 1018.5500067393618 36.694355734934035 108.79353158890913  1.6690784610665537 1018.5500067393623 29.125335399945676 111.05954752392691  1.6690784610698901 1018.5500067393657 21.409072872388577 112.74595609751783  1.6690784610669831 1018.5500067393675 13.594873924793689 113.84283175136333  1.6690784610689544 1018.5500067393622 5.732652069005205 114.34506822289279  1.669078461067943 1018.5500067393646 -2.1275254136405479 114.25251873550216  1.669078461068308 1018.5500067393646 -9.9360317819175279 113.56936294922473  1.6690784610682365
 42.782405725164786 12 44.440410057445206 9 46.098414389725633 11 49.414423054286473 11 52.730431718847321 11 56.046440383408154 11 59.362449047969008 11 62.678457712529855 11 65.994466377090689 11 75.942492370773223 11 85.890518364455758 11 125.68262233918593 10 211.89884761776784 12
7 1 1  6 6 2  1018.5500067393646 -9.9360317819175279 113.56936294922473  1.6690784610682365 1018.5447239203257 -9.8274229922205976 112.32795880245733  1.0367296232096121 1020.0848626939826 -9.8112592852982985 112.1432067869127  1.0383466998475064 1021.3618191634549 -9.9349928690595348 113.55748812088817  0.85353433019614966 1020.0969453778703 -10.059665612244139 114.98250409622196  1.0383466998475068 1018.5552895584034 -10.044640571614458 114.81076709599211  1.0367296232096115
 0 6 6.2831853071795862 6
7 1 0  10 11 2  1018.5500067393646 -9.9360317819175208 113.56936294922473  1.6690784610682365 1018.5500067393646 -26.784385907307239 112.09532296417552  1.6690784610681546 1018.5500067393643 -43.389745956274567 107.84386095111761  1.6690784610685736 1018.5500067393795 -59.237352007908875 100.86129397745799  1.6690784610674454 1018.5500067393039 -73.820441298421301 91.298125591377143  1.6690784610695175 1018.5500067394805 -86.673782390567069 79.42188877410247  1.6690784610667573 1018.5500067392383 -97.384584050741765 65.582376285104914  1.6690784610694811 1018.5500067394454 -105.64036171592922 50.221295008139805  1.66907846106747 1018.5500067393383 -111.21514803764526 33.825423071215866  1.6690784610685661 1018.5500067393663 -114.00317946556372 16.912712101022635  1.6690784610681546 1018.5500067393647 -114.00317946560014 8.2423000000000001e-13  1.6690784610682365
 211.89884761776784 11 381.01528951037068 11
7 1 1  6 6 2  1018.5500067393647 -114.00317946560014 8.2423000000000001e-13  1.6690784610682365 1018.5447239203129 -112.75703335666645 1.5631899999999999e-12  1.0367296232096121 1020.0848626939676 -112.57157561842043 -1.421e-14  1.0383466998475064 1021.3618191634552 -113.9912592773189 -2.24532e-12  0.85353433019614966 1020.0969453778853 -115.42171858218852 -1.67688e-12  1.0383466998475068 1018.5552895584166 -115.24932557453381 1.1368999999999999e-13  1.0367296232096115
 0 6 6.2831853071795862 6
7 1 0  10 11 2  1018.5500067393647 -114.00317946560014 8.2423000000000001e-13  1.6690784610682365 1018.5500067393647 -114.00317946562907 -16.912712101026138  1.6690784610682621 1018.5500067393749 -111.21514803779121 -33.825423071219554  1.6690784610681302 1018.5500067393384 -105.64036171522757 -50.221295008153334  1.6690784610684635 1018.5500067393838 -97.384584051994082 -65.582376285002894  1.6690784610679261 1018.5500067393838 -86.673782389414256 -79.421888774348815  1.6690784610685461 1018.5500067393145 -73.820441299017261 -91.298125591121661  1.669078461068001 1018.5500067394074 -59.237352007800006 -100.86129397761073  1.6690784610683747 1018.5500067393482 -43.389745956264946 -107.84386095110696  1.6690784610681761 1018.5500067393662 -26.78438590731281 -112.09532296417029  1.6690784610682516 1018.5500067393646 -9.9360317819205619 -113.56936294924043  1.6690784610682365
 381.01528951037068 11 550.13173140297363 11
7 1 1  6 6 2  1018.5500067393646 -9.9360317819205619 -113.56936294924043  1.6690784610682365 1018.5447239202995 -9.8274229922250669 -112.32795880247303  1.0367296232096121 1020.0848626939522 -9.811259285296785 -112.14320678689614  1.0383466998475064 1021.3618191634549 -9.9349928690512712 -113.55748812084504  0.85353433019614966 1020.0969453779002 -10.059665612239314 -114.98250409620543  1.0383466998475068 1018.5552895584296 -10.044640571616043 -114.81076709600785  1.0367296232096115
 0 6 6.2831853071795862 6
7 1 0  11 139 14  1018.5500067393646 -9.9360317819205477 -113.56936294924046  1.6690784610682359 1018.5500067393647 -2.4278525816528997 -114.2262435129926  1.6690784610683362 1018.5500067393665 5.1280994684269814 -114.33707535366418  1.6690784610678382 1018.550006739366 12.687687411664484 -113.89808341900796  1.669078461069196 1018.5500067393635 20.20646509078048 -112.90940244550998  1.6690784610666163 1018.5500067393634 27.640036859860601 -111.37519006386246  1.6690784610702507 1018.5500067393635 34.94447021565977 -109.30365319022502  1.6690784610663634 1018.5500067393656 42.076732653664877 -106.70699584029961  1.6690784610695413 1018.5500067393656 48.995124049249263 -103.60129650626891  1.6690784610675737 1018.5500067393651 55.65967586910309 -100.00632323372855  1.6690784610684628 1018.5500067393642 62.032488514371636 -95.94529453787375  1.6690784610682019 1018.5500067393651 71.221632683498399 -89.104230172022767  1.6690784610682359 1018.5500067393657 74.276779015727982 -86.644978932944554  1.6690784610683498 1018.5500067438288 77.238436470531141 -84.070575640063865  1.669078461067766 1018.550006748439 80.101783459284519 -81.384974242519903  1.669078461069341 1018.5500067479369 82.862181783378702 -78.592348985908345  1.669078461066507 1018.5500067407945 85.515196338081452 -75.697091562685443  1.6690784610701537 1018.5500067307358 88.056610167298828 -72.703804004839256  1.6690784610666842 1018.5500067251018 90.482434868603534 -69.617287319775087  1.6690784610691511 1018.5500067300584 92.788916349576724 -66.442525868239244  1.6690784610678628 1018.5500067426507 94.972535934226912 -63.18466748554733  1.6690784610683247 1018.5500067396981 97.030006820606161 -59.848999344981564  1.6690784610682365 1018.5500067384711 97.504807684850135 -59.07922970651957  1.6690784610682265 1018.5500067364163 97.97289056711405 -58.305316359532881  1.6690784610683054 1018.5500067386816 98.434215743463398 -57.527324719945909  1.6690784610679994 1018.5500067443974 98.888743985234399 -56.745320504484766  1.669078461068799 1018.5500067492222 99.336436607374367 -55.959369751001944  1.6690784610673257 1018.5500067478999 99.777255516708237 -55.169538838674576  1.6690784610692611 1018.5500067368017 100.21116326033616 -54.375894508401359  1.6690784610674092 1018.5500067164842 100.63812307383876 -53.578503882948496  1.669078461068721 1018.5500066942333 101.0580989297133 -52.77743448735206  1.6690784610680369 1018.5500066866188 101.47105558558572 -51.972754269108592  1.6690784610682852 1018.5500067220416 101.87695863259609 -51.164531618505848  1.6690784610682368 1018.550006785789 102.28286765799066 -50.356311970359116  1.6690784610682865 1018.5500068926166 102.68172309868379 -49.544549844075803  1.6690784610679932 1018.5500072582445 103.0735322882058 -48.729330177335306  1.6690784610689262 1018.5500059551649 103.45800181231786 -47.910618682606426  1.6690784610669354 1018.5500084134528 103.83583447358781 -47.088780790059758  1.6690784610699914 1018.5500057110607 104.20592200946841 -46.263439764761181  1.6690784610664882 1018.5500024060459 104.56859682570905 -45.434827171652515  1.6690784610695562 1018.550008281793 104.92493914161693 -44.603474289391983  1.6690784610674854 1018.5500090816072 105.27345854361974 -43.768832137727117  1.6690784610685407 1018.5500094906894 105.61478059975337 -42.931250694413016  1.6690784610681628 1018.5500076707885 105.94876950948095 -42.090754831543741  1.6690784610682383 1018.5500065396062 106.05999136164424 -41.810546723639348  1.6690784610683909 1018.5500051722202 106.17039830979054 -41.53001510993127  1.6690784610675842 1018.5500036993113 106.27998922630545 -41.249162618588123  1.6690784610698222 1018.5500022515619 106.38876298372438 -40.967991877769691  1.6690784610655558 1018.550000959647 106.49671845430193 -40.686505515599272  1.6690784610715745 1018.5499999542494 106.6038545107273 -40.404706160208917  1.6690784610650968 1018.5499993660397 106.71017002517237 -40.122596439674702  1.669078461070493 1018.5499993256983 106.81566387031742 -39.840178982095104  1.6690784610670071 1018.5499999638947 106.92033491844789 -39.557456415512398  1.6690784610687186 1018.5500014113036 107.02418204210085 -39.274431367975673  1.6690784610681237 1018.5500037985951 107.12720411369159 -38.991106467500771  1.6690784610682365 1018.5500075600484 107.23063190781608 -38.707929234152139  1.6690784610680509 1018.5500124202568 107.33323537478896 -38.424451079823257  1.6690784610689928 1018.550017892079 107.43501403124597 -38.140674758553644  1.6690784610664975 1018.5500234883552 107.53596739386333 -37.856603024485707  1.6690784610709901 1018.5500287219137 107.63609497903084 -37.572238631697566  1.669078461065034 1018.5500331055611 107.73539630341654 -37.287584334469607  1.6690784610710545 1018.5500361520943 107.83387088318925 -37.00264288695768  1.6690784610663389 1018.5500373742873 107.93151823489384 -36.717417043511688  1.66907846106921 1018.5500362849024 108.02833787465249 -36.431909558435009  1.6690784610678708 1018.5500323966817 108.12432931875802 -36.146123186127753  1.6690784610683198 1018.550025222352 108.21949208332524 -35.860060681023214  1.669078461068237 1018.5500047087046 108.31311093831093 -35.573486527170537  1.669078461068279 1018.5499831828232 108.40590350058245 -35.286641978869241  1.6690784610680707 1018.5499624375476 108.49786725397462 -34.99952942473994  1.6690784610686289 1018.549944265672 108.58899968168474 -34.712151252763711  1.6690784610675748 1018.5499304599558 108.67929826596595 -34.424509850802657  1.6690784610690861 1018.549922813134 108.76876048866421 -34.136607605743613  1.6690784610673899 1018.5499231179266 108.8573838304836 -33.848446904693915  1.6690784610688865 1018.5499331670496 108.94516577181885 -33.56003013366346  1.6690784610678624 1018.5499547532256 109.03210379199493 -33.271359678796102  1.6690784610683911 1018.5499896691928 109.11819536984292 -32.982437925461689  1.6690784610681979 1018.5500397077161 109.20343798335757 -32.693267258821521  1.6690784610682383 1018.5500294449873 109.29429488535268 -32.405776679218114  1.669078461068416 1018.5500628063406 109.38436232959384 -32.118037027525773  1.6690784610674791 1018.5501343742469 109.4736465015132 -31.830052036635074  1.6690784610700895 1018.550238781069 109.56215355882141 -31.541825426518031  1.6690784610650613 1018.5503707088943 109.64988962639595 -31.253360903723369  1.669078461072278 1018.5505248893606 109.73686079214173 -30.964662159906368  1.6690784610643281 1018.5506961034936 109.82307310140293 -30.675732871828934  1.6690784610711273 1018.5508791815276 109.90853255315498 -30.386576699503262  1.66907846106663 1018.5510690027462 109.99324509437955 -30.097197286288001  1.6690784610688683 1018.5512604953041 110.07721661597742 -29.807598257281242  1.6690784610680902 1018.5514486360626 110.16045294761309 -29.517783218930447  1.6690784610682365 1018.5500878406784 110.21965406323933 -29.221517468284127  1.6690784610682585 1018.5493040415515 110.27892237904931 -28.925321870993884  1.6690784610681695 1018.5490292822809 110.33821784776399 -28.629186169478874  1.6690784610683516 1018.5492068111038 110.39749223548003 -28.333098169339291  1.6690784610680931 1018.5497902185273 110.45669080549825 -28.037044198835225  1.6690784610683742 1018.5507425749632 110.51575400212901 -27.741009566455748  1.6690784610681082 1018.5520355683598 110.57461913459611 -27.444979021309358  1.669078461068354 1018.5536486418362 110.63322206074264 -27.148937210092445  1.6690784610681495 1018.5555681313148 110.691498871007 -26.852869137494586  1.6690784610682794 1018.5577864031553 110.74938757212789 -26.556760623743269  1.6690784610682243 1018.560300991787 110.8068297710542 -26.260598764107051  1.669078461068237 1018.5533745320324 110.91915529229578 -25.977333262996169  1.6690784610684053 1018.548252733896 111.03862174086021 -25.695596425489228  1.6690784610675313 1018.5468217153677 111.16731923369723 -25.4158278008832  1.6690784610699734 1018.5471609001909 111.30655783299845 -25.138316197074442  1.6690784610652367 1018.5689814656989 111.46425568687968 -24.864667712186368  1.6690784610720641 1018.5832369478234 111.62314744021094 -24.591236237466799  1.6690784610645459 1018.6495731499532 111.82540229702659 -24.32692345859985  1.6690784610709501 1018.7497444427307 111.98766288846262 -24.053422144446053  1.6690784610667324 1018.855409637819 112.12646753328724 -23.774565498411064  1.6690784610688323 1018.9575628121188 112.24056451561282 -23.490147224667602  1.6690784610680969 1019.0499429625872 112.3360889553604 -23.201577413801814  1.6690784610682365 1018.9614576838727 112.32122384856083 -23.121921505011834  1.6690784610682687 1018.8650074283822 112.29032360341229 -23.038960257242383  1.6690784610680893 1018.7653656147903 112.23848921271626 -22.951633657427678  1.6690784610686176 1018.6713814847172 112.16617100463924 -22.859981268656089  1.6690784610676044 1018.5981438521203 112.06258174832857 -22.761631199667633  1.6690784610689686 1018.573334467223 111.9790694679515 -22.667217160653166  1.669078461067629 1018.5486847578359 111.90607598372276 -22.575040091837295  1.6690784610685894 1018.5426692674579 111.84561045601677 -22.485396598232178  1.6690784610681089 1018.5409947376082 111.797083692057 -22.39825402627293  1.6690784610682472 1018.5462499881303 111.71938083398879 -22.228012085643243  1.6690784610682525 1018.5608332426501 111.67405592511119 -22.064568552631339  1.6690784610681926 1018.5688074770602 111.6577903660578 -21.984197650520954  1.6690784610684521 1018.5767551292506 111.64645623653051 -21.904872218518946  1.6690784610677776 1018.5844160816588 111.63891510050371 -21.826353252762296  1.6690784610688818 1018.5917005517927 111.63434742149569 -21.748468123792087  1.6690784610675953 1018.5985657541037 111.63218061683702 -21.671096130357164  1.6690784610686702 1018.6049909630977 111.63199251586138 -21.594148254168569  1.6690784610680722 1018.6109939803674 111.63342944052908 -21.517549749128669  1.6690784610682341 1018.6279080637944 111.64167550240646 -21.288603090072939  1.6690784610683254 1018.641761213761 111.65985664153442 -21.061807550826828  1.669078461068038 1018.6499277708872 111.67462790367424 -20.911192937403889  1.6690784610689782 1018.6573265647229 111.69108924249548 -20.760957373175252  1.6690784610667309 1018.6642174653452 111.70867687338961 -20.610981740876063  1.6690784610703477 1018.6708041913046 111.7269968703269 -20.461183263523836  1.6690784610660583 1018.6772429240053 111.74572905282258 -20.311495099723757  1.6690784610699254 1018.6836620600035 111.76461097679744 -20.161862822487855  1.6690784610672638 1018.6901807159826 111.78345146182407 -20.012247157121859  1.6690784610686293 1018.6969136012367 111.80212308908787 -19.86262236024475  1.6690784610681437 1018.7039498724313 111.82048310266458 -19.7129596167524  1.6690784610682365
 550.13173140297363 12 633.03194801699522 10 676.14006065628644 11 686.088086649969 11 696.03611264365145 11 699.3521213082123 11 702.66812997277316 11 705.9841386373339 11 709.30014730189475 11 712.61615596645561 11 715.93216463101646 11 716.76116679715665 9 717.59016896329695 9 719.24817329557732 12
7 1 1  6 6 2  1018.7039498724313 111.82048310266458 -19.7129596167524  1.6690784610682365 1019.4597249100322 110.83848338166916 -19.581093497177108  1.0367296232096121 1020.7928550538888 111.61710222644028 -19.732548866505773  1.0383466998475064 1020.9386114914686 113.4985906135805 -20.023883770473951  0.85353433019614966 1019.0642721131186 113.86309856278669 -20.034148566711472  1.0383466998475068 1017.9481748348305 112.80248282366006 -19.844825736327671  1.0367296232096115
 0 6 6.2831853071795862 6
7 1 0  10 241 25  1018.7039498724313 111.8204831026646 -19.712959616752393  1.6690784610682372 1018.7357886669087 111.79127158706297 -19.64178834229989  1.6690784610682703 1018.7488383960851 111.79245005700894 -19.574952673342217  1.6690784610681071 1018.7619292255947 111.78584916655244 -19.506897218682639  1.669078461068515 1018.7686263569716 111.79639719818377 -19.441396256707716  1.6690784610677982 1018.7778306091353 111.79329243618469 -19.373827279452421  1.6690784610687657 1018.7836092659646 111.8026692429774 -19.308165004567172  1.669078461067766 1018.790520692561 111.8059855736508 -19.241612355054592  1.669078461068539 1018.7969167530586 111.81151369784085 -19.175438647728491  1.6690784610681033 1018.8035343973449 111.81657790750947 -19.109249609948215  1.6690784610682703 1018.8104567252324 111.82136198779631 -19.043084805882565  1.6690784610682363 1018.8170926220311 111.82784317096296 -18.968765836319768  1.6690784610682534 1018.8246510994494 111.83343837449554 -18.89444765249182  1.6690784610681539 1018.8330844156299 111.83819098727022 -18.820140782745732  1.6690784610684375 1018.8424039261992 111.84210153977754 -18.745864741343304  1.6690784610679281 1018.8526223130694 111.84516762930943 -18.671639196279976  1.6690784610685774 1018.8637364612326 111.84739454961093 -18.597481330317237  1.6690784610679588 1018.8757509835771 111.84877662499697 -18.523409395361064  1.6690784610683977 1018.888742393693 111.84924924893377 -18.449452460029235  1.669078461068173 1018.9029639267007 111.84861162708523 -18.375666350559499  1.6690784610682512 1018.9189910080731 111.84642022482412 -18.302155784938797  1.6690784610682365 1018.9328061647267 111.8475361463634 -18.220546421440908  1.6690784610682907 1018.9471360921889 111.84819300490506 -18.139034172583528  1.6690784610680267 1018.961977691068 111.84839814165103 -18.057621268495836  1.6690784610686675 1018.9773282429726 111.84815870488434 -17.976310079762506  1.6690784610676315 1018.9931855086966 111.84748162745916 -17.895103151857025  1.6690784610688694 1019.009547826359 111.84637360429137 -17.814003239616824  1.6690784610677303 1019.0264142096081 111.84484106984885 -17.733013341654797  1.6690784610685434 1019.0437844457507 111.84289017564183 -17.652136734849115  1.6690784610681042 1019.0616591939515 111.84052676771319 -17.571377008755277  1.6690784610682692 1019.0800400833804 111.83775636412892 -17.490738100079923  1.6690784610682374 1019.099723393199 111.83498709653551 -17.403095822471769  1.6690784610682845 1019.1200423296633 111.83169982258666 -17.315601395123831  1.6690784610680438 1019.141004719142 111.82789795472792 -17.22826261632947  1.669078461068682 1019.1626195800824 111.82358346168029 -17.141087708643258  1.6690784610675438 1019.184899829429 111.81875613677141 -17.054086134135368  1.6690784610690055 1019.2078649890666 111.81341286626751 -16.967269409576943  1.6690784610675979 1019.2315438922284 111.80754689770426 -16.880651921726226  1.6690784610686356 1019.2559773899441 111.80114710821901 -16.794251742496002  1.6690784610680565 1019.2812210574516 111.79419727288172 -16.708091444233958  1.6690784610682847 1019.3073479006351 111.78667533302676 -16.622198914916964  1.6690784610682359 1019.3326956928145 111.78058990171819 -16.529574851086537  1.6690784610682805 1019.3585867706779 111.77412960513352 -16.437119179089628  1.6690784610680824 1019.3850267950542 111.76729953620256 -16.344836317252803  1.6690784610685503 1019.4120227459823 111.76010435777025 -16.252731174361763  1.6690784610678004 1019.4395834305271 111.75254836763689 -16.160809320842326  1.66907846106867 1019.4677199905979 111.74463556359912 -16.069077159890366  1.6690784610679181 1019.4964464107628 111.73636970848979 -15.977542098676324  1.6690784610684082 1019.5257800260673 111.72775439521895 -15.886212719462266  1.6690784610681724 1019.5557420298496 111.71879311181394 -15.795098950801473  1.6690784610682521 1019.5863579815581 111.70948930646016 -15.7042122386757  1.6690784610682365 1019.6173953144802 111.70050648959565 -15.607785537341552  1.6690784610682294 1019.6489927683841 111.69121576019329 -15.511554586829153  1.6690784610682763 1019.681159623423 111.68162358702561 -15.415524853641937  1.6690784610681406 1019.7139066753202 111.67173639135555 -15.319702381446932  1.6690784610683824 1019.7472465881305 111.6615607894912 -15.224093905689129  1.6690784610680753 1019.7811942470136 111.65110383534335 -15.128706968220031  1.6690784610683771 1019.8157671109909 111.64037326297941 -15.033550031903781  1.6690784610681391 1019.8509855657198 111.62937772918126 -14.938632595250994  1.6690784610682861 1019.8868732762525 111.61812705599966 -14.84396530702583  1.6690784610682223 1019.9234575398065 111.606632473311 -14.749560080873223  1.6690784610682368 1019.9597870933875 111.59560859627166 -14.650333174352252  1.6690784610681941 1019.9966444834988 111.5843831020655 -14.551308321545877  1.6690784610684024 1020.0340363681117 111.57296526933273 -14.452489354561525  1.6690784610678848 1020.0719701530095 111.56136486325458 -14.353880389712382  1.6690784610687497 1020.1104539982259 111.54959229452317 -14.255485820502329  1.6690784610677094 1020.1494968244864 111.53765877831511 -14.157310310584128  1.6690784610686284 1020.1891083196468 111.52557649325983 -14.059358786748318  1.6690784610680223 1020.2292989451337 111.51335874041405 -13.961636431885035  1.6690784610683198 1020.2700799423843 111.50102010223034 -13.864148677963911  1.6690784610682163 1020.311463339286 111.48857660153026 -13.766901199005193  1.6690784610682379 1020.3528288237754 111.47626641488007 -13.665906762542132  1.669078461068209 1020.3946861379522 111.46386058470134 -13.565111572032524  1.6690784610683302 1020.43703796844 111.45137053076631 -13.46451759052265  1.6690784610680498 1020.4798870184268 111.43880822946119 -13.364126771667113  1.6690784610684608 1020.5232359291912 111.42618624563056 -13.263941024257461  1.6690784610680682 1020.5670872016431 111.41351776441986 -13.163962176752413  1.6690784610683056 1020.6114431178463 111.40081662312062 -13.064191941804605  1.669078461068233 1020.6563056625588 111.38809734301253 -12.96463188079252  1.6690784610682263 1020.7016764447591 111.37537516120847 -12.865283368346674  1.669078461068241 1020.7475566191811 111.36266606249727 -12.766147556880661  1.6690784610682365 1020.7933306444394 111.34996255098723 -12.664260429366426  1.6690784610682983 1020.8395221644939 111.33726603529971 -12.562550680604643  1.6690784610679907 1020.8861287395187 111.32458699434036 -12.461017972786571  1.6690784610687783 1020.9331475592625 111.31193602663458 -12.359661803926695  1.6690784610674245 1020.9805754248594 111.29932381312349 -12.258481499726191  1.6690784610691143 1021.0284087306512 111.28676107996256 -12.157476205432301  1.6690784610675271 1021.0766434459906 111.27425856131735 -12.056644877705805  1.6690784610686649 1021.1252750970674 111.26182696216178 -11.955986276477017  1.6690784610680549 1021.1742987487138 111.24947692107466 -11.85549895681404  1.6690784610682809 1021.2237089862249 111.23721897303719 -11.755181260780976  1.6690784610682365 1021.2731097030874 111.2248757119122 -11.653201641867451  1.6690784610682392 1021.322830124847 111.2126155755053 -11.551364972248241  1.6690784610682166 1021.37286523906 111.20044497118026 -11.449669759027922  1.6690784610683191 1021.4232099106663 111.18837003415584 -11.348114447336442  1.6690784610680727 1021.4738589089945 111.1763966225019 -11.246697431418159  1.6690784610684379 1021.5248069347614 111.16453031212559 -11.14541706573365  1.6690784610680711 1021.5760486470806 111.15277639177145 -11.044271676045149  1.6690784610683278 1021.6275786904605 111.14113985800587 -10.943259570518581  1.669078461068203 1021.6793917218114 111.12962541021574 -10.842379050812237  1.6690784610682445 1021.7314824374459 111.11823744559683 -10.741628423173941  1.669078461068237 1021.783585580988 111.10679160628122 -10.640288142173848  1.6690784610683103 1021.8359076339875 111.09546588395557 -10.539053204129845  1.6690784610679341 1021.8884458658401 111.084261706945 -10.437923063457529  1.6690784610689349 1021.9411978548538 111.07318035071712 -10.336897288377962  1.6690784610671441 1021.9941614843418 111.06222296410344 -10.235975559960405  1.6690784610694638 1022.0473349387089 111.05139059551965 -10.135157671175655  1.6690784610672382 1022.1007166995453 111.04068421918757 -10.034443525937085  1.6690784610688225 1022.1543055417144 111.03010476135536 -9.9338331381527549  1.669078461067997 1022.2081005294444 111.019653126519 -9.833326630769859  1.6690784610682952 1022.262101012417 111.00933022364322 -9.7329242348231304  1.669078461068237 1022.3160650170465 110.99906982082221 -9.6329786953212171  1.6690784610682727 1022.3701710554054 110.98893327165122 -9.5331095690679195  1.6690784610681055 1022.424422820231 110.97891930557887 -9.4333191484027683  1.669078461068481 1022.4788243172817 110.96902696977376 -9.3336098390822055  1.669078461067933 1022.5333798268729 110.95925562452064 -9.2339841461119967  1.6690784610685137 1022.5880938654155 110.94960493861498 -9.1344446595768058  1.66907846106804 1022.6429711469515 110.94007488475991 -9.0349940404741709  1.6690784610683478 1022.6980165446921 110.93066573496039 -8.9356350065431709  1.6690784610681886 1022.753235052554 110.92137805591997 -8.8363703180981812  1.669078461068249 1022.8086317466967 110.91221270443569 -8.7372027638587184  1.6690784610682372 1022.8638084100957 110.90327916841231 -8.6394759181450649  1.6690784610682921 1022.9190874708634 110.89445827774497 -8.5418117870447041  1.6690784610680225 1022.9744804763056 110.8857496323099 -8.4442163903447547  1.6690784610687142 1023.0299987539603 110.87715349642248 -8.3466956352728516  1.6690784610675076 1023.0856534003517 110.86867074080807 -8.2492553148720553  1.6690784610690375 1023.1414552697464 110.86030278457072 -8.1519011063868376  1.6690784610675837 1023.1974149629069 110.85205153716507 -8.0546385696353813  1.6690784610686287 1023.2535428158486 110.84391934036437 -7.9574731453954541  1.6690784610680742 1023.3098488885929 110.83590891023226 -7.8604101537794184  1.6690784610682752 1023.3663429539234 110.8280232790917 -7.7634547926162227  1.6690784610682365 1023.4222967457604 110.82053761679767 -7.6688474603060941  1.6690784610682874 1023.4783488240797 110.81315626530647 -7.5743051175092564  1.6690784610680407 1023.5345177205987 110.80588250358576 -7.4798375925328866  1.6690784610686291 1023.5908209596797 110.79872025276769 -7.3854542545984154  1.6690784610677094 1023.6472751298733 110.79167399531357 -7.2911640490386542  1.6690784610687526 1023.7038959554604 110.78474869417489 -7.1969755325044833  1.6690784610678633 1023.7606983679967 110.77794971195961 -7.1028969081589706  1.6690784610684319 1023.8176965778541 110.77128273009228 -7.0089360608853237  1.6690784610681659 1023.8749041457643 110.76475366797997 -6.9151005924819806  1.669078461068251 1023.9323340543618 110.75836860217387 -6.8213978568677156  1.6690784610682365 1023.9887800809036 110.75251045980234 -6.7308621203486991  1.669078461068245 1024.0453463526917 110.74676120929757 -6.6404075897654327  1.6690784610682006 1024.1020566558045 110.74112923603455 -6.550047803617316  1.6690784610683214 1024.1589330072225 110.73562322371471 -6.459795476741613  1.6690784610680993 1024.215995829388 110.73025209650295 -6.3696625840100412  1.6690784610684024 1024.2732641247617 110.72502496117404 -6.2796604440370869  1.6690784610680915 1024.3307556503839 110.71995104924571 -6.1897998028711596  1.6690784610683242 1024.3884870924298 110.71503965912702 -6.1000909177059945  1.669078461068203 1024.4464742407695 110.71030009825249 -6.0105436405726564  1.6690784610682439 1024.5047321635257 110.70574162522698 -5.9211675020465977  1.669078461068237 1024.5614632779741 110.70176975416931 -5.835675131452982  1.6690784610682017 1024.618353048709 110.69792752592075 -5.75029263920855  1.6690784610683691 1024.6754288567724 110.69422886284325 -5.6650374210945973  1.669078461067915 1024.7327157138591 110.69068746892835 -5.579925710796303  1.6690784610687679 1024.7902365335501 110.68731682985182 -5.4949727150678873  1.6690784610676153 1024.848012402555 110.68413021302959 -5.4101927489091377  1.6690784610687772 1024.9060628519451 110.68114066767143 -5.3255993707227338  1.6690784610678819 1024.9644061283925 110.67836102483757 -5.2412055174971917  1.6690784610684004 1025.0230594654079 110.6758038974924 -5.1570236399626799  1.669078461068193 1025.0820393545762 110.67348168056037 -5.0730658377695219  1.6690784610682365 1025.1388735417388 110.67171968863391 -4.9935811993720689  1.6690784610681368 1025.1959138278573 110.67012389423716 -4.9142476891639202  1.6690784610686147 1025.2531898808206 110.66871378203473 -4.8350872809139673  1.6690784610674443 1025.3107285814901 110.66750805283718 -4.7561204713828573  1.6690784610693485 1025.3685543745673 110.66652470049587 -4.6773664679552569  1.6690784610671088 1025.4266896194576 110.66578108878326 -4.598843376291228  1.6690784610690945 1025.4851549411392 110.66529402829354 -4.5205683879500507  1.6690784610677416 1025.5439695810242 110.66507985332026 -4.442557968046188  1.6690784610684437 1025.6031517478293 110.66515449875509 -4.3648280428747857  1.6690784610681839 1025.662718968438 110.66553357697094 -4.2873941875604968  1.6690784610682379 1025.7194842182666 110.66635354414281 -4.2148625432657338  1.669078461068267 1025.7765075314101 110.66739171765323 -4.1425394460728535  1.6690784610681004 1025.8338194662097 110.66867286028119 -4.0704524223232053  1.6690784610685647 1025.8914476012872 110.6702204464921 -3.9986272490653363  1.669078461067723 1025.9494169363995 110.67205681734208 -3.9270881906090827  1.6690784610687808 1026.0077502933029 110.67420333538539 -3.8558582350256336  1.6690784610678313 1026.0664687166056 110.67668053957773 -3.7849593307231233  1.669078461068447 1026.1255918746317 110.67950830018411 -3.714412622937445  1.6690784610681642 1026.1851384602755 110.68270597368236 -3.6442386902997495  1.6690784610682503 1026.2451265918633 110.68629255767017 -3.5744577813483738  1.6690784610682365 1026.3016213592418 110.69006583226843 -3.5097556703874426  1.6690784610682399 1026.3584270975464 110.69412402213082 -3.4453404541398429  1.6690784610682214 1026.4155734232997 110.69849700341651 -3.3812475401639315  1.669078461068273 1026.4730869791229 110.70321295804152 -3.3175103451400068  1.6690784610681777 1026.5309918555229 110.70829859925831 -3.2541605781009797  1.66907846106831 1026.5893100127232 110.71377939723864 -3.1912285236228586  1.6690784610681619 1026.6480617024372 110.71967980465219 -3.1287433250733097  1.6690784610682914 1026.7072658897043 110.72602348224946 -3.0667332677922818  1.6690784610682112 1026.7669406746697 110.73283352444116 -3.0052260623372575  1.6690784610682425 1026.827103714405 110.74013268488005 -2.9442491276787894  1.6690784610682365 1026.8832509741064 110.74734199877983 -2.8883075156647795  1.6690784610682965 1026.9397526265088 110.75491754067757 -2.832764122194277  1.6690784610680074 1026.9966341488546 110.76289233294844 -2.7776620672002288  1.6690784610687157 1027.0539184471265 110.77129766209357 -2.7230424785122382  1.669078461067554 1027.1116262259256 110.78016331691717 -2.6689447793321426  1.6690784610689517 1027.1697763583331 110.78951782669679 -2.6154069756541141  1.6690784610676686 1027.2283862557931 110.79938869936318 -2.5624659437642947  1.6690784610685736 1027.287472237975 110.80980265966942 -2.5101577176486356  1.6690784610680989 1027.3470499026519 110.82078588736969 -2.4585177764862878  1.669078461068267 1027.4071344955676 110.83236425539114 -2.4075813320789505  1.6690784610682377 1027.4626063957164 110.84318628357394 -2.3608620365534199  1.669078461068259 1027.5184774237723 110.85448069855521 -2.3147016692649514  1.6690784610681442 1027.5747612484386 110.86628156785901 -2.2691571173438883  1.669078461068449 1027.631469778534 110.87862147155201 -2.2242836018987608  1.6690784610679095 1027.6886134221622 110.89153171642467 -2.180134925695894  1.6690784610686094 1027.7462013458771 110.90504255016751 -2.1367637208815795  1.6690784610679126 1027.8042417338577 110.9191833755538 -2.0942216966423235  1.6690784610684439 1027.862742047068 110.9339829646155 -2.0525598869378063  1.6690784610681451 1027.921709282434 110.94946967282486 -2.0118288981648034  1.6690784610682596 1027.9811502320063 110.96567165327222 -1.9720791568737202  1.6690784610682361 1028.0365576669315 110.98139127552321 -1.9364115699202085  1.66907846106834 1028.0923182088543 110.99767622996082 -1.9015312494473493  1.6690784610678244 1028.1484298791238 111.01454996570794 -1.8674856257783148  1.6690784610691844 1028.2048899280448 111.03203547372719 -1.834321518644014  1.6690784610667446 1028.2616949162148 111.05015532759946 -1.8020852026114555  1.6690784610699521 1028.3188407958942 111.0689317243026 -1.7708224725045643  1.6690784610667733 1028.3763229923268 111.08838652498913 -1.7405787088378668  1.6690784610691525 1028.4341364851202 111.10854129576587 -1.7113989432328118  1.66907846106784 1028.4922758895682 111.12941734847118 -1.6833279238527552  1.6690784610683358 1028.5507355380175 111.1510357814543 -1.6564101808220493  1.6690784610682365 1028.6050520223539 111.16984629867432 -1.6286952790892997  1.6690784610682172 1028.6597530570084 111.18945732092583 -1.6021718407075589  1.6690784610683149 1028.7147919411423 111.20986894271421 -1.5769117828648378  1.6690784610680627 1028.7701238100378 111.23108447625465 -1.5529904098878919  1.6690784610685032 1028.8257053615109 111.25310996419863 -1.5304859285955015  1.669078461067959 1028.8814945822767 111.27595369235723 -1.5094789636553436  1.6690784610684315 1028.9374504743819 111.29962570242871 -1.4900520729346365  1.6690784610681475 1028.9935327815617 111.32413730472143 -1.4722892628589364  1.6690784610682599 1029.0497017156656 111.34950059088079 -1.4562755037628836  1.6690784610682345 1029.1059176830324 111.37572794661354 -1.4420962452469013  1.6690784610682365 1029.1609096320735 111.4043218862013 -1.4347553683372691  1.6690784610681131 1029.2157348053138 111.43401717730187 -1.4298887307318877  1.6690784610687097 1029.2702921225916 111.46486945484918 -1.4275296294759823  1.6690784610671903 1029.3245405531829 111.49684032509168 -1.4277444115751903  1.6690784610698373 1029.3783348217542 111.53005784469744 -1.4306872452641635  1.6690784610664591 1029.4314545483883 111.56477065494077 -1.4366125749674143  1.6690784610696894 1029.4836732830443 111.60123954145716 -1.4459101244663586  1.6690784610673675 1029.5347138946884 111.63981019005969 -1.4592273129516737  1.6690784610685989 1029.5839367754754 111.68141090910756 -1.4777439484677455  1.6690784610681486 1029.6296073202254 111.72871908891585 -1.5036640634030844  1.6690784610682365
 719.24817329557732 11 719.9144688341579 10 720.66313010183194 10 721.48973411308475 10 722.38755671291381 10 723.34853283847144 10 724.363788743241 10 725.42395314850307 10 726.51935058128686 10 727.64013039458507 10 728.77636083198979 10 729.9181056433174 10 731.05549510542994 10 732.17880114378488 10 733.278526514585 10 734.34552057221902 10 735.37113965986009 10 736.34748017203799 10 737.26772961617007 10 738.12670963067137 10 738.92172827439413 10 739.65390823505686 10 740.33015026793555 10 740.96561359396492 10 741.58568110421049 11
7 1 1  6 6 2  1029.6296073202254 111.72871908891585 -1.5036640634030844  1.6690784610682365 1029.3291736828735 112.33031778410353 -2.5528192818925506  1.0367296232096121 1028.6088424023014 113.52484799841443 -1.8741128445298196  1.0383466998475064 1028.3938709386805 113.75086061651689 0.0097197071044465792  0.85353433019614966 1029.295983991429 112.14889194012494 0.5254792598318847  1.0383466998475068 1029.9300409575774 111.12712039372821 -0.45450884491361698  1.0367296232096115
 0 6 6.2831853071795862 6
7 1 0  11 385 38  1029.6296073202254 111.72871908891585 -1.5036640634030833  1.6690784610682365 1029.6334058717962 111.7383776266779 -1.5134678700916568  1.6690784610682508 1029.6367050019946 111.74895616679737 -1.5245161897262791  1.6690784610681777 1029.6394018905266 111.76064203620071 -1.5370233671312774  1.6690784610683727 1029.6412019506229 111.77396061621975 -1.5514121508677632  1.6690784610679745 1029.642068767994 111.78898254234637 -1.5678345228729254  1.6690784610686307 1029.6415564101353 111.80650486675322 -1.5869610415045272  1.6690784610677922 1029.6389446229311 111.82779870740362 -1.6096071073880649  1.6690784610686091 1029.6335849064376 111.85399660184535 -1.6363197485079619  1.6690784610680049 1029.6242363191977 111.88727316908819 -1.6682597671813366  1.6690784610683402 1029.5990179844496 111.95684255389132 -1.7272422124812625  1.6690784610681351 1029.5454044460796 112.07484360833409 -1.7910215639301696  1.6690784610683311 1029.5237661843746 112.12056454569331 -1.8122946044387787  1.6690784610677292 1029.4974886022958 112.17404238066378 -1.8317901695921439  1.6690784610693581 1029.4662519100352 112.23577567908409 -1.8488116450276599  1.6690784610666523 1029.4291003438855 112.30719006602136 -1.8601731236943242  1.6690784610697986 1029.3860180561949 112.38796417052598 -1.8602089680907681  1.6690784610671574 1029.3400185716757 112.47272229643666 -1.8446808319054446  1.6690784610687146 1029.2959276455069 112.5533177087232 -1.8143263970133747  1.6690784610681531 1029.21590561221 112.69939497929568 -1.7334948694202394  1.6690784610682523 1029.1569307542945 112.80820282288597 -1.6284187512185437  1.6690784610682887 1029.1338918439992 112.85153080328294 -1.5739871381896919  1.6690784610678844 1029.1168580915848 112.88480118800619 -1.5219807716132334  1.6690784610690459 1029.1046045211349 112.91022233535891 -1.4744772914123094  1.6690784610670706 1029.0958493644305 112.92998640183319 -1.4317143485490864  1.6690784610693918 1029.0896547485318 112.945660896107 -1.3932661590038344  1.6690784610674445 1029.085460274986 112.95817791846166 -1.3588002796252256  1.6690784610685787 1029.0828640316593 112.96820385472434 -1.3280424408004645  1.6690784610681824 1029.0756593370188 113.00946031054409 -1.1898315687846628  1.6690784610683369 1029.0914777111279 113.01577100595969 -1.1206610717120209  1.6690784610680769 1029.102240778217 113.02514335773974 -1.0837799251119735  1.6690784610685236 1029.1162874708534 113.029373929173 -1.0541990271199204  1.6690784610679148 1029.1293980920846 113.0357003789765 -1.0330304140835462  1.6690784610684615 1029.1424343182216 113.04239467646974 -1.0159057182651055  1.6690784610681544 1029.1565171871493 113.04741393438336 -1.0005308353677163  1.6690784610682319 1029.1697274014164 113.05413187181495 -0.98875989965941669  1.6690784610682572 1029.1833065251262 113.06028470558607 -0.97803979223924731  1.6690784610682265 1029.1967982938729 113.06667043192073 -0.96874074896518092  1.6690784610682379 1029.2102693349727 113.07315147705062 -0.96045576366215502  1.6690784610682377 1029.2369302454279 113.0880255538256 -0.95434348646283496  1.6690784610682146 1029.2635867216884 113.10273291293339 -0.94755882074680353  1.6690784610683262 1029.2902347531192 113.11725819201243 -0.94007951127213185  1.6690784610680627 1029.3168718337422 113.13157794790033 -0.93187183823071373  1.6690784610684342 1029.3434956132828 113.14566423663295 -0.92289282905481562  1.6690784610680784 1029.370103459114 113.15948493703596 -0.9130891337284972  1.6690784610683558 1029.3966929284873 113.1730008179277 -0.902392563646367  1.6690784610681437 1029.4232631518519 113.18615934890803 -0.89071229396281226  1.6690784610682976 1029.4498171263899 113.19888525476162 -0.8779237294945984  1.6690784610682092 1029.4763649205568 113.21106781344884 -0.86385403411922967  1.6690784610682436 1029.5029277890337 113.22254489770539 -0.84826432371262295  1.6690784610682365 1029.5294939632258 113.23430613986106 -0.83355064793560063  1.669078461068255 1029.5560738475349 113.24594015894903 -0.81900538390090827  1.6690784610681952 1029.5826627940162 113.25745496677948 -0.80461185795375489  1.6690784610682536 1029.6092568058418 113.26885704063146 -0.79035340639953755  1.6690784610683387 1029.6358524827367 113.28015145176151 -0.77621346297442395  1.6690784610679337 1029.6624469664525 113.29134199390393 -0.76217564629977974  1.6690784610687068 1029.6890378861856 113.30243131178528 -0.74822384736129  1.6690784610677496 1029.7156233040637 113.31342102961919 -0.73434231695718644  1.6690784610685874 1029.7422016605631 113.32431187962348 -0.72051575317819572  1.6690784610680682 1029.7687717199835 113.33510383051662 -0.70672938886088832  1.6690784610682796 1029.7953325158835 113.3457962160296 -0.69296907905901306  1.6690784610682377 1029.8218860305719 113.35565801407216 -0.67754556463676696  1.6690784610681624 1029.848438512789 113.36522996895674 -0.66187299385436982  1.6690784610685183 1029.8749909168268 113.37450744483412 -0.64596235551572756  1.6690784610675931 1029.9015441905437 113.38348630962534 -0.62982501360123333  1.6690784610692846 1029.9280992625527 113.3921629572413 -0.61347265238505677  1.669078461066928 1029.954657029384 113.40053432980159 -0.59691722155150728  1.6690784610695186 1029.9812183426768 113.40859793985366 -0.58017088131266026  1.6690784610672518 1030.007783996349 113.41635189259308 -0.56324594752429269  1.6690784610688121 1030.0343547137754 113.42379490808085 -0.5461548368038085  1.6690784610679992 1030.0609311349681 113.43092634346482 -0.52891001164624063  1.6690784610682938 1030.0875138037518 113.43774621519717 -0.51152392554172332  1.6690784610682365 1030.1140975510771 113.44515644380277 -0.49495286969287028  1.6690784610683025 1030.1406801837568 113.45230672287013 -0.47826346450565255  1.6690784610679574 1030.1672617867757 113.45919778227507 -0.46146407684469731  1.6690784610689176 1030.1938423832439 113.46583067769569 -0.4445628486394041  1.6690784610671148 1030.2204219367952 113.47220675835264 -0.42756767356568914  1.6690784610695697 1030.2470003540275 113.4783276347446 -0.41048617371914331  1.6690784610670375 1030.2735774868675 113.48419514639033 -0.39332567630114718  1.6690784610690674 1030.3001531350419 113.48981132956345 -0.37609319028914329  1.6690784610677982 1030.3267270484307 113.49517838503357 -0.35879538312273573  1.6690784610684055 1030.353298929524 113.50029864580306 -0.34143855737681961  1.6690784610681972 1030.3798684358071 113.50517454484621 -0.3240286274434126  1.6690784610682377 1030.4064369606012 113.50978383705552 -0.30634969393906292  1.6690784610681961 1030.4330053684207 113.51409511509149 -0.28857808071563773  1.6690784610684046 1030.45957398869 113.51810997825197 -0.27072338761578052  1.6690784610678553 1030.4861430850567 113.5218304393524 -0.25279502921092484  1.6690784610688068 1030.5127128546567 113.525258890372 -0.23480220172949764  1.669078461067647 1030.5392834272056 113.52839806810941 -0.21675384998450262  1.6690784610686706 1030.5658548643532 113.53125101982432 -0.19865863430188199  1.6690784610680078 1030.5924271587091 113.53382106889613 -0.18052489744804454  1.6690784610683205 1030.61900023321 113.5361117804656 -0.16236063155818209  1.6690784610682174 1030.6455739401933 113.53812692709043 -0.14417344506392427  1.6690784610682377 1030.6721480606773 113.53987045439153 -0.12597052962147531  1.6690784610682377 1030.6987224413965 113.54171874841124 -0.10784427235492111  1.669078461068098 1030.725296218978 113.54326507815244 -0.089675712543602612  1.6690784610687788 1030.7518696556222 113.54451254839839 -0.071473646374460964  1.6690784610669951 1030.7784429494814 113.54546460398585 -0.053246606989433981  1.6690784610702198 1030.8050162347752 113.54612499132303 -0.035002841423041893  1.6690784610658782 1030.8315895818419 113.54649771990731 -0.01675028754009739  1.6690784610703919 1030.8581629972768 113.5465870238443 0.00150344902747044  1.6690784610667069 1030.8847364239766 113.54639732336426 0.019751117941917012  1.6690784610690659 1030.9113097412646 113.54593318634186 0.037985847223601502  1.6690784610679128 1030.9378827649607 113.54519928981291 0.056201166312178273  1.6690784610683118 1030.9644552474813 113.54420038149313 0.074391029129988101  1.6690784610682365 1030.9910276390635 113.54316482288614 0.092599739085852478  1.6690784610683245 1031.0175996167154 113.54182252386052 0.11080315607743631  1.6690784610678415 1031.0441714596432 113.54017795569614 0.12899295596421989  1.6690784610692542 1031.0707433820839 113.53823589546832 0.14716112698352815  1.6690784610664411 1031.0973155332297 113.5360013838778 0.16529998754147274  1.6690784610705605 1031.1238879970638 113.5334796830754 0.18340220400545071  1.6690784610659504 1031.150460792323 113.5306762344929 0.20146080849342637  1.6690784610699481 1031.1770338723093 113.52759661666853 0.21946921666824459  1.6690784610672804 1031.2036071248529 113.5242465030757 0.23742124552579411  1.6690784610686136 1031.230180372148 113.52063161995079 0.25531113118912463  1.6690784610681499 1031.2567533706772 113.51675770412038 0.27313354669799461  1.6690784610682365 1031.3364724464227 113.50517150299271 0.32658910097156879  1.6690784610681877 1031.4161872116324 113.49087029901401 0.37956658642477992  1.6690784610684277 1031.4958986732695 113.47456653304587 0.43185348259621553  1.6690784610678162 1031.5756481498097 113.45171387184941 0.4834533833942623  1.6690784610688754 1031.655346227361 113.44041293245331 0.53322951556989884  1.6690784610675047 1031.7350212447898 113.40236301396493 0.58380883476794965  1.6690784610688627 1031.8148230597926 113.3866111493025 0.63110966020863013  1.6690784610678449 1031.8944869671086 113.35428173335393 0.67849609019876711  1.6690784610684093 1031.974214672764 113.32407947264248 0.72391929054735638  1.6690784610681859 1032.0539361562637 113.29128177004304 0.76788482135835923  1.669078461068245 1032.1336547787282 113.25668352450484 0.81025370269177033  1.6690784610682359 1032.1868005258248 113.23361747189129 0.83849953766175245  1.6690784610680949 1032.239944422467 113.20957245733538 0.86600796394784985  1.6690784610688061 1032.2930879456014 113.18469643012423 0.89277626217382799  1.669078461066954 1032.3462346084204 113.15866311663076 0.9186358954648367  1.6690784610702027 1032.3993838245706 113.1321827813873 0.94378624190032345  1.6690784610660312 1032.4525306287997 113.10525232060257 0.96820806601202813  1.6690784610701312 1032.5056727345918 113.07723065764246 0.99165908277043169  1.6690784610669511 1032.5588149633704 113.04813920781186 1.0140921121717745  1.6690784610689253 1032.6119625894096 113.01870449620617 1.0356974611340095  1.6690784610679623 1032.6651096090138 112.98858084757278 1.0563553020324137  1.6690784610683018 1032.7182553625719 112.95791542087838 1.0760909437617319  1.6690784610682365 1032.7714011160458 112.92724995939193 1.0958265679107657  1.6690784610683131 1032.8245450175293 112.89588132150982 1.1145583645982198  1.6690784610679059 1032.8776885428665 112.86395099482343 1.1323294276089557  1.6690784610690583 1032.9308352101104 112.8312009554525 1.1488787678999679  1.6690784610668106 1032.9839844255307 112.79824496610104 1.1646154318818021  1.6690784610700615 1033.0371312242219 112.76508583993648 1.1795200361595812  1.6690784610664839 1033.0902733274975 112.73118876025926 1.1931640188101114  1.6690784610695135 1033.1434155579193 112.69658887227703 1.2055092690804874  1.6690784610675287 1033.1965631827559 112.66191840679895 1.2169613729767597  1.6690784610685296 1033.2497102023619 112.62688547058616 1.2272994093762293  1.6690784610681493 1033.3560017102227 112.55635902403944 1.2458865118777485  1.6690784610683562 1033.4091456120375 112.52073723730061 1.2540080707518551  1.6690784610676686 1033.4622891375357 112.4848781364495 1.2610423470286591  1.6690784610696563 1033.5154358050515 112.44861697695863 1.2666613930869699  1.6690784610657956 1033.5685850204327 112.41241108471439 1.2714439062063021  1.6690784610713396 1033.6217318187337 112.3762691023008 1.2753722911671483  1.6690784610652611 1033.6748739218638 112.33981483803456 1.277873712549517  1.6690784610703959 1033.7280161523834 112.30309349062289 1.2789227793540809  1.6690784610670808 1033.7811637771529 112.26658102690226 1.2791006194160797  1.66907846106865 1033.8343107967548 112.23006809377475 1.2781069001526537  1.6690784610681744 1033.9406023046688 112.15724972620076 1.2739904134733404  1.6690784610682496 1033.9937462065093 112.12086169521885 1.2707067396754053  1.6690784610683158 1034.0468897320077 112.08458395161027 1.2663156600799941  1.669078461067983 1034.1000363995524 112.0483611607399 1.2604543796970429  1.6690784610686638 1034.1531856149172 112.01244943190184 1.2538145818632824  1.6690784610677303 1034.2063324132046 111.97686242755242 1.2463822137346818  1.6690784610686937 1034.2594745163174 111.9414193791505 1.2374962174408928  1.669078461067913 1034.3126167468513 111.90617112334519 1.2271464192950705  1.6690784610684195 1034.3657643716126 111.87139075102741 1.2160325832833967  1.6690784610681506 1034.4189113912153 111.83697196422068 1.2038043831823797  1.6690784610682712 1034.5517757761113 111.75199406588641 1.1707829773628913  1.6690784610681537 1034.6314902397862 111.70190461877999 1.148362570984363  1.6690784610686344 1034.7112017215145 111.65281186941422 1.1240908365446076  1.6690784610672371 1034.7909502266421 111.60541732841037 1.0933561902914668  1.6690784610699658 1034.8706512448866 111.55803371478977 1.0745161815294355  1.6690784610660208 1034.9503234892093 111.51402019472734 1.0289784287788821  1.669078461070389 1035.0301268794162 111.46976654329559 1.0060344479184289  1.6690784610666332 1035.1097901260703 111.42802252346547 0.9666860299557154  1.669078461069148 1035.1895179272965 111.38788287023374 0.92974943577625557  1.669078461067852 1035.2692394059329 111.3495894843458 0.89047715110428027  1.6690784610683487 1035.4021037908292 111.28886502704871 0.82247570454579777  1.6690784610681322 1035.455247692671 111.26545671155452 0.79442357324228152  1.6690784610687268 1035.5083912181706 111.24290943524669 0.76566637238579782  1.6690784610670879 1035.5615378857151 111.22144060521867 0.73590844050573501  1.6690784610700555 1035.6146871010801 111.20074222434415 0.7058199672448171  1.669078461066096 1035.6678338993659 111.18083389010023 0.67540067744384802  1.6690784610701828 1035.7209760024798 111.16205521851167 0.64405530916708453  1.6690784610668516 1035.7741182330126 111.14444935025136 0.61181261607489001  1.669078461068997 1035.8272658577744 111.12771458194568 0.57936051012004397  1.6690784610679308 1035.8804128773768 111.11202346760734 0.54637610936269621  1.6690784610683154 1035.9867043852937 111.08263243706278 0.47962562284370958  1.6690784610681475 1036.0398482871356 111.06903839138091 0.44571289326958746  1.6690784610686238 1036.0929918126358 111.05648112109724 0.41139567845148212  1.6690784610673386 1036.1461384801789 111.04525875707579 0.37645997008895182  1.6690784610696592 1036.1992876955444 111.03487127664708 0.34144798007964899  1.6690784610665506 1036.2524344938304 111.02533740313979 0.30636550268106094  1.6690784610697891 1036.3055765969457 111.01716407664773 0.27075135727969385  1.6690784610671192 1036.3587188274773 111.01038344101569 0.23464622142337085  1.6690784610688467 1036.4118664522393 111.00449598281543 0.19861110678306854  1.6690784610680036 1036.4650134718418 110.99976558665531 0.16239225651826922  1.6690784610682814 1036.5713049797587 110.99244009024947 0.089826443430026617  1.6690784610682077 1036.6244488816005 110.98999099428673 0.053372729844024351  1.669078461068312 1036.6775924071005 110.98865292313192 0.016854709151092349  1.6690784610680838 1036.7307390746441 110.98877554830003 -0.019839025139966191  1.6690784610684841 1036.7838882900076 110.98971576725545 -0.056347314362109421  1.669078461067915 1036.8370350882967 110.99148959646564 -0.092658862041043996  1.6690784610685658 1036.8901771914093 110.99472167720812 -0.12905562388324926  1.6690784610679743 1036.9433194219416 110.99943001008754 -0.16548898026081757  1.6690784610683875 1036.9964670467036 111.00496616741269 -0.20157973548996727  1.6690784610681897 1037.0496140663063 111.01165953357803 -0.23748768185367769  1.6690784610682279 1037.1559055742232 111.02711664194253 -0.30876557413303773  1.6690784610682814 1037.209049476065 111.03605223026609 -0.34419192825281486  1.6690784610679501 1037.262193001565 111.04606433797728 -0.37933611652337579  1.6690784610690454 1037.315339669108 111.05751994890977 -0.4141960383632497  1.6690784610667431 1037.3684888844743 111.06969583208893 -0.44862694109276602  1.6690784610702034 1037.4216356827599 111.08260372922715 -0.48261313175700676  1.6690784610663369 1037.4747777858743 111.09692483864062 -0.51622974140356481  1.6690784610696123 1037.5279200164059 111.11266125557916 -0.54942496752145353  1.6690784610674838 1037.5810676411686 111.12907911078894 -0.58203854876329542  1.6690784610685461 1037.634214660771 111.14654104595063 -0.61412067124474912  1.6690784610681415 1037.7405061686879 111.18326770962308 -0.67713346599666546  1.6690784610683749 1037.7936500705296 111.20271330460288 -0.70806468228435981  1.669078461067546 1037.8467935960291 111.22309553630934 -0.73839488011638221  1.6690784610700014 1037.8999402635727 111.24476277801553 -0.7680086574812921  1.6690784610651535 1037.9530894789398 111.26698246513484 -0.79699183705733145  1.6690784610721834 1038.0062362772242 111.2897609153099 -0.82532586557664289  1.6690784610644451 1038.0593783803388 111.31376920340772 -0.85287169504813376  1.669078461070977 1038.1125206108709 111.3389933142754 -0.8795794108958942  1.6690784610667937 1038.1656682356331 111.36468577331046 -0.90552337358322388  1.6690784610687246 1038.2188152552355 111.39120698159182 -0.93063925050743035  1.6690784610681906 1038.3251067631525 111.4456081388396 -0.97921881634509311  1.6690784610681721 1038.3782506649941 111.47366027015102 -1.0026271318369018  1.669078461068781 1038.4313941904936 111.50241747100128 -1.0251744081463861  1.6690784610667537 1038.4845408580375 111.532175402896 -1.0466432381701563  1.6690784610708127 1038.5376900734045 111.56226387615662 -1.0673416190418981  1.669078461065044 1038.590836871688 111.59268316596305 -1.0872499532845719  1.6690784610711757 1038.6439789748042 111.62402853422975 -1.1060286248757341  1.6690784610661953 1038.6971212053359 111.65627122731807 -1.1236344931402831  1.6690784610692937 1038.7502688300981 111.68872333327353 -1.140369261444671  1.6690784610678528 1038.8034158497003 111.72170773402804 -1.1560603757852197  1.6690784610683109 1038.9097073576172 111.78845822054465 -1.1854514063315038  1.6690784610681824 1038.9628512594586 111.8223709501198 -1.1990454520128595  1.669078461068404 1039.0159947849595 111.85668816493612 -1.2116027222973826  1.6690784610678968 1039.0691414525011 111.89162387329984 -1.2228250863189967  1.6690784610687628 1039.1222906678681 111.92663586330552 -1.2332125667498985  1.6690784610675882 1039.1754374661539 111.96171834070626 -1.2427464402569994  1.6690784610688743 1039.2285795692694 111.99733248610895 -1.2509197667464214  1.6690784610677378 1039.2817217997992 112.03343762196684 -1.2577004023780589  1.6690784610685463 1039.3348694245626 112.06947273660791 -1.2635878605766833  1.6690784610680867 1039.3880164441648 112.10569158687295 -1.268318256736843  1.6690784610682903 1039.4943079520817 112.17825739996336 -1.2756437531395608  1.6690784610681544 1039.5474518539233 112.21471111355118 -1.2780928491002521  1.66907846106862 1039.6005953794233 112.25122913424319 -1.2794309202547429  1.6690784610673377 1039.6537420469665 112.28792286853742 -1.2793082950851866  1.6690784610696625 1039.7068912623331 112.3244311577661 -1.2783680761100527  1.6690784610665461 1039.7600380606182 112.36074270543962 -1.276594246916146  1.6690784610697897 1039.8131801637339 112.39713946728033 -1.2733621661676078  1.6690784610671197 1039.8663223942656 112.43357282364771 -1.2686538333172153  1.6690784610688592 1039.9194700190276 112.46966357888111 -1.2631176759791936  1.6690784610679796 1039.97261703863 112.50557152523972 -1.2564243098299557  1.6690784610683054 1040.1054814235256 112.59466889058973 -1.2371029243749219  1.6690784610681129 1040.1851958872005 112.64764897776341 -1.2227942662573628  1.6690784610687697 1040.2649073689315 112.69993424971136 -1.2065011551415257  1.669078461066978 1040.344655874045 112.75155324322613 -1.183559042989156  1.6690784610702785 1040.4243568923184 112.80130071260362 -1.1723634163107322  1.6690784610657849 1040.5040291366111 112.85189602721094 -1.1342715403339527  1.6690784610704645 1040.5838325268335 112.8991940721147 -1.1185328341667622  1.6690784610666975 1040.6634957734866 112.94657960251159 -1.0861990640008719  1.6690784610690346 1040.743223574711 112.99200322635255 -1.0559964457529247  1.6690784610679388 1040.8229450533474 113.03596869596133 -1.0231980734216879  1.669078461068306 1040.9558094382435 113.1065833043378 -0.96553323550585479  1.6690784610681872 1041.0089533400849 113.1340917447767 -0.94148833978966429  1.6690784610684564 1041.0620968655862 113.16086004403104 -0.91661235891193826  1.6690784610677252 1041.1152435331269 113.18671972328833 -0.89057926147540867  1.6690784610690519 1041.1683927484951 113.21187014696325 -0.86409916739338022  1.6690784610672444 1041.221539546779 113.23629200190346 -0.83716873913489764  1.6690784610691805 1041.2746816498961 113.25974297280112 -0.80914691581183096  1.6690784610675491 1041.3278238804253 113.28217595205659 -0.78005534835889212  1.6690784610685958 1041.3809715051891 113.30378131542726 -0.75062067620656836  1.6690784610681235 1041.4341185247913 113.32443914319869 -0.72049699923601296  1.6690784610682359 1041.5404100327082 113.3639103980353 -0.65916609211312227  1.6690784610682818 1041.5935539345496 113.38264219816745 -0.6277974617797788  1.6690784610679121 1041.6466974600501 113.40041326275255 -0.59586713867849894  1.6690784610691509 1041.6998441275923 113.41696260971325 -0.56311711138022902  1.6690784610665583 1041.752993342961 113.43269928491699 -0.53016113698477807  1.6690784610704514 1041.806140141244 113.44760388924534 -0.49700200953485563  1.6690784610660736 1041.8592822443602 113.46124786826665 -0.46310492328701097  1.6690784610698191 1041.9124244748905 113.47359311068867 -0.42850502672012514  1.6690784610673812 1041.9655720996541 113.48504521835285 -0.39383456548077411  1.6690784610685516 1042.0187191192558 113.49538325198402 -0.35880162638421254  1.6690784610681806 1042.1250106271723 113.51397035350182 -0.28827517896376381  1.6690784610682674 1042.178154529013 113.52209191421548 -0.25265339407998949  1.6690784610681799 1042.2312980545164 113.52912618844371 -0.21679429125635133  1.669078461068338 1042.2844447220527 113.5347452378884 -0.18053313495051301  1.6690784610681046 1042.3375939374278 113.53952774863464 -0.14432724040753345  1.6690784610683311 1042.3907407357117 113.54345613651721 -0.10818526045953986  1.6690784610682201 1042.4438828388336 113.54595755528878 -0.071730994081193628  1.669078461068193 1042.4970250693577 113.54700662350648 -0.035009647741350097  1.669078461068302 1042.55017269412 113.54718446273239 0.0015028165237712401  1.6690784610681793 1042.6033197137183 113.54619074402814 0.038015749357729771  1.6690784610682721 1042.7096112216225 113.54207425687639 0.11083411715978415  1.6690784610681717 1042.7627551234621 113.53879058305345 0.1472221483496004  1.6690784610686029 1042.8158986489811 113.53439950235541 0.18349989188977275  1.6690784610672715 1042.869045316497 113.52853822462427 0.21972268291551442  1.6690784610699267 1042.9221945318807 113.52189841692397 0.25563441347310112  1.6690784610661087 1042.9753413302651 113.51446606055363 0.29122141569478249  1.6690784610702036 1043.0284834333802 113.50558005389092 0.3266644651254898  1.6690784610668929 1043.0816256638836 113.49523027221285 0.36191271812519604  1.6690784610688978 1043.1347732885947 113.48411642550182 0.39669309223202703  1.6690784610680294 1043.187920308151 113.47188823489661 0.43111187757339414  1.6690784610682514 1043.320784692813 113.43886682180211 0.51608977749937057  1.6690784610682716 1043.4004991565043 113.4164463984319 0.56617922688815014  1.6690784610679954 1043.4802106369145 113.39217467046025 0.61527196889600855  1.66907846106887 1043.5599591508781 113.36143995053641 0.66266652374974988  1.6690784610671576 1043.6396601481699 113.34260014048805 0.71005017471725629  1.6690784610695615 1043.7193324281084 113.29706178634211 0.75406347668385398  1.6690784610670084 1043.7991357840688 113.27411927530233 0.79831751009486496  1.6690784610691052 1043.8787990389535 113.23476961813681 0.84006128119988133  1.6690784610677754 1043.9585268406142 113.19783317296445 0.88020095641030427  1.6690784610684108 1044.0382483229714 113.15856078338395 0.9184943071233832  1.6690784610681975 1044.1179669595247 113.11775982136896 0.95492893944730262  1.6690784610682365 1044.1711127179749 113.09055951024349 0.97921880033742126  1.669078461068402 1044.2242566204268 113.06250763464504 1.0026272053900966  1.6690784610675409 1044.2774001341068 113.03375012278089 1.0251743363263697  1.6690784610699601 1044.3305468182293 113.00399319538197 1.0466435722144196  1.669078461065266 1044.3836960171939 112.97390581660355 1.0673425564753036  1.6690784610720053 1044.4368427689733 112.94348603369629 1.0872508161068251  1.6690784610646299 1044.4899848611392 112.91213890166775 1.1060286026787418  1.6690784610708682 1044.5431271241091 112.87989490927502 1.1236336322598812  1.6690784610667913 1044.5962747647568 112.84744262156569 1.1403682119037426  1.6690784610688025 1044.6494218163969 112.81445763184841 1.1560588539817842  1.6690784610681035 1044.7025676102185 112.78108187241823 1.1707538961359669  1.6690784610682372 1044.7557134121591 112.74770916906377 1.185451141683008  1.6690784610683829 1044.8088573181126 112.71379873720831 1.199046941811603  1.6690784610676104 1044.8620007234099 112.67947895616489 1.2116017942161812  1.669078461069786 1044.915147546827 112.64455192150297 1.2228315563188941  1.669078461065536 1044.9682965911416 112.60954809282435 1.2332278202087512  1.6690784610717619 1045.021442933423 112.57446034085987 1.2427586048416395  1.669078461064732 1045.0745849490734 112.53883233474124 1.2509181677138526  1.6690784610709031 1045.1277275184314 112.50271850014146 1.257687885338731  1.6690784610667087 1045.1808752912436 112.46668272593611 1.2635736322679971  1.66907846106886 1045.2340225966725 112.4304606011404 1.268298902468852  1.6690784610680871 1045.2871686805433 112.39417522513017 1.2719570641959659  1.6690784610682365 1045.3137417572511 112.37604214016619 1.2737992625601302  1.6690784610683533 1045.3403142687541 112.35786557206875 1.2753375864493468  1.6690784610677538 1045.3668864989734 112.33965442352897 1.2765751084171999  1.6690784610694118 1045.3934586679802 112.32141734138072 1.2775152515078223  1.6690784610662288 1045.4200309318412 112.30316269233903 1.278161750949472  1.6690784610707843 1045.4466033823176 112.28489853873671 1.2785186158627078  1.6690784610657927 1045.4731760467798 112.26663261426427 1.2785900909455994  1.6690784610700131 1045.4997488878641 112.24837229970497 1.2783806181885218  1.669078461067274 1045.5263218033836 112.23012459867573 1.2778947985576188  1.6690784610686049 1045.5528946260315 112.2118961133624 1.2771373537054556  1.6690784610681522 1045.5794671232245 112.19369302025929 1.2761130876625364  1.6690784610682377 1045.6060395333127 112.17547181137917 1.2750535935368856  1.6690784610681715 1045.6326117542874 112.15725824797586 1.2736903458920168  1.6690784610685137 1045.6591840267658 112.13906053465288 1.2720279150566141  1.6690784610675748 1045.6857565241523 112.12088654766742 1.2700711615097844  1.6690784610693274 1045.7123293531049 112.10274381906271 1.2678251927397532  1.6690784610669041 1045.7389025539946 112.0846395208126 1.2652953201185422  1.6690784610694966 1045.7654761013789 112.06658044894769 1.2624870157516914  1.6690784610672948 1045.7920499044571 112.04857300770425 1.2594058693600139  1.6690784610687863 1045.8186238075411 112.0306231936499 1.2560575451273637  1.6690784610680043 1045.8451975905193 112.0127365798289 1.2524477385781454  1.6690784610682936 1045.8717709693183 111.99491829989385 1.2485821334335625  1.6690784610682365 1045.8983444852872 111.97712036397911 1.24477840434175  1.6690784610684142 1045.9249169604841 111.95936988528899 1.240660922457359  1.6690784610675131 1045.9514888085607 111.94167485382962 1.2362351413485915  1.6690784610699101 1045.978060386411 111.92404294952169 1.2315068280433419  1.6690784610655538 1046.0046319921325 111.90648152425504 1.2264820212955543  1.669078461071454 1046.0312038628806 111.88899758394486 1.221166989837319  1.6690784610652467 1046.0577761728803 111.87159777058747 1.2155681906508147  1.6690784610703933 1046.0843490312484 111.85428834431443 1.2096922272180017  1.6690784610670593 1046.1109224800043 111.83707516545017 1.2035458077906409  1.6690784610686931 1046.1374964919253 111.81996367656546 1.1971357036450303  1.6690784610681311 1046.1640709685078 111.80295888453435 1.1904687073462701  1.6690784610682377 1046.1906455829403 111.78596536389075 1.1838712684353778  1.6690784610682077 1046.217220229476 111.76907944233804 1.1770346103891061  1.6690784610683529 1046.2437946147365 111.7523052491042 1.1699651310298  1.6690784610679648 1046.270368383178 111.73564648912564 1.1626691256331581  1.6690784610686873 1046.2969411231149 111.71910646454388 1.1551527536415123  1.6690784610676694 1046.3235123726158 111.70268809619776 1.1474220053519073  1.6690784610687901 1046.3500816255914 111.68639394512195 1.139482668641403  1.6690784610678149 1046.3766483376503 111.67022623403803 1.1313402956472338  1.6690784610684808 1046.4032119321837 111.65418686885297 1.1230001694922913  1.6690784610681375 1046.4297718062653 111.6382774601514 1.1144672709729415  1.6690784610682594 1046.456327336673 111.62249934469219 1.1057462452725371  1.6690784610682363
 741.58568110421049 12 741.67054632070176 9 741.71297892894745 9 741.75541153719314 9 741.92514197017567 11 742.26460283614108 11 742.60406370210626 11 742.94352456807144 11 743.28298543403685 11 743.62244630000203 11 743.9619071659672 11 744.30136803193261 11 745.31975062982838 11 745.99867236175874 11 746.67759409368932 10 747.35651582561991 10 748.03543755755027 10 749.05382015544603 10 749.73274188737662 10 750.41166361930721 10 751.09058535123756 10 751.76950708316815 10 752.44842881509874 10 753.1273505470291 10 753.80627227895968 10 754.48519401089027 10 755.50357660878603 10 756.18249834071639 10 756.86142007264698 10 757.54034180457757 10 758.21926353650792 10 759.23764613440369 11 759.91656786633428 11 760.59548959826486 11 760.93495046423004 11 761.27441133019522 11 761.61387219616063 11 761.95333306212581 12
7 1 1  6 6 2  1046.456327336673 111.62249934469219 1.1057462452725371  1.6690784610682363 1046.4509501201539 111.61458700775367 -0.14037434016627934  1.0367296232096121 1047.2343795638872 112.93983539447923 -0.33110198620429782  1.0383466998475064 1047.8873296385659 114.04287111270733 1.0842028998890025  0.85353433019614955 1047.2466781504788 112.9579322222032 2.518982601095102  1.0383466998475068 1046.461704553192 111.6304116816307 2.3518668307113515  1.0367296232096115
 0 6 6.2831853071795862 6
Polygon3D 0
PolygonOnTriangulations 0
Surfaces 10
9 1 1 1 0 6 11 6 426 2 42 1047.2197220508456 111.62248217404816 -1.10061264795978  1.6690784610682365 1047.1931289521526 111.60675107670826 -1.0919212101964282  1.6690784610682294 1047.1665406273628 111.59115289622825 -1.0829117436390827  1.6690784610682636 1047.1399564293429 111.57569465022674 -1.0735910064516683  1.6690784610682032 1047.1133757299597 111.56038308484491 -1.0639660941242015  1.6690784610682605 1047.0867979261361 111.54522465302746 -1.0540444063609284  1.6690784610682181 1047.0602224459562 111.53022549279071 -1.0438336139585873  1.6690784610682683 1047.0336487546906 111.51539140550977 -1.0333416257000283  1.6690784610681855 1047.0070763609283 111.50072783418248 -1.0225765552282891  1.6690784610682885 1046.9805048225915 111.48623984171689 -1.011546687941056  1.6690784610682059 1046.9539337530559 111.47193208919887 -1.0002604478677553  1.6690784610682454 1046.9273628271947 111.45780881417356 -0.98872636455863372  1.6690784610682357 1046.9007920675006 111.44369630254583 -0.97712264351336764  1.6690784610680729 1046.8742209049124 111.42976747323704 -0.96528875282689142  1.6690784610689346 1046.8476492079501 111.4160258340987 -0.95323311344204653  1.6690784610665284 1046.8210769162356 111.40247445713679 -0.94096412811500019  1.6690784610711551 1046.7945040385305 111.389115996168 -0.92849013954243653  1.6690784610645402 1046.7679306508435 111.37595270446529 -0.91581938848671007  1.6690784610718068 1046.7413568944276 111.3629864524187 -0.90295997190240851  1.6690784610655833 1046.7147829739208 111.35021874517837 -0.88991980106345947  1.6690784610697291 1046.6882091553327 111.33765074031469 -0.8767065596871727  1.669078461067639 1046.6616357641681 111.3252832654648 -0.86332766206305589  1.6690784610683775 1046.6350631834496 111.31311683598804 -0.84979021117682951  1.6690784610682365 1046.6084907465829 111.30097029837009 -0.83619073741343219  1.6690784610683289 1046.5819188836581 111.28904533547218 -0.82237462783987714  1.6690784610678837 1046.5553472788288 111.27734481258764 -0.80835097878498874  1.669078461069025 1046.5287756796381 111.26587115571763 -0.79412890146636628  1.66907846106702 1046.502203897586 111.25462636712724 -0.77971747875422404  1.6690784610696172 1046.475631808803 111.24361204090535 -0.76512572191388195  1.6690784610670313 1046.4490593545827 111.23282937851923 -0.75036252738019438  1.6690784610690694 1046.422486542067 111.2222792043752 -0.73543663349319432  1.6690784610677818 1046.3959134447946 111.21196198137356 -0.7203565772721765  1.6690784610684199 1046.3693402033523 111.20187782646792 -0.70513065115871143  1.6690784610681924 1046.3427670259609 111.19202652622182 -0.68976685978000474  1.6690784610682365 1046.3161937647628 111.18215736779629 -0.67443842777451068  1.6690784610683456 1046.2896209694177 111.17253858703427 -0.65893509431126318  1.6690784610677871 1046.2630483754385 111.16317141541769 -0.64326615866245407  1.6690784610693767 1046.2364757831654 111.15405665816466 -0.62744084072519091  1.6690784610661671 1046.2099030576569 111.14519471822311 -0.61146824254884924  1.6690784610710239 1046.1833301287013 111.136585620259 -0.5953573098643905  1.6690784610654132 1046.1567569906388 111.12822903465369 -0.57911679361099411  1.6690784610704013 1046.1301837024291 111.12012430148903 -0.56275521146570584  1.669078461066996 1046.103610387456 111.11227045454575 -0.546280809370295  1.6690784610687408 1046.0770372335639 111.10466624529013 -0.52970152306022977  1.6690784610681138 1046.0504644929276 111.09731016686904 -0.51302493959234696  1.6690784610682385 1045.9973190823919 111.08261702411653 -0.47964539817408858  1.6690784610682312 1045.9441754864085 111.06902619393705 -0.44572761229339575  1.6690784610682636 1045.8910321139033 111.05646957684883 -0.41140864032020996  1.6690784610681333 1045.8378858405792 111.04525586336966 -0.37646176725461694  1.6690784610684859 1045.784736623878 111.03488218391756 -0.34143570211170438  1.6690784610678213 1045.7315894021206 111.02535358746786 -0.30634998891807225  1.6690784610687348 1045.6784470788759 111.01717216308835 -0.27074470000014123  1.6690784610678084 1045.6253049527706 111.01038289690133 -0.23464707541889696  1.6690784610684934 1045.5721572244788 111.00449798463737 -0.19860954320708377  1.6690784610681331 1045.5190101963904 110.99976529647074 -0.16239250149765452  1.6690784610682616 1045.4658644766403 110.99610001653808 -0.12611136569703543  1.6690784610682363 1045.4127187650263 110.99243777651695 -0.089828004257528585  1.669078461068267 1045.3595748981147 110.98998926453123 -0.053373820827105407  1.669078461068118 1045.3064313894567 110.9886513741988 -0.016855607201682311  1.6690784610685017 1045.2532847607531 110.98877529481297 0.019838988403592231  1.6690784610678406 1045.2001355430675 110.98971727397497 0.056348190619080279  1.6690784610686604 1045.1469887006899 110.99149159749898 0.092659824296931981  1.6690784610678921 1045.0938465759282 110.99472258812527 0.12905597379632852  1.6690784610684548 1045.040704357184 110.99942991870033 0.16548891338909671  1.6690784610681288 1044.9875567221582 111.00496638578645 0.20157981489753274  1.6690784610682752 1044.9344097019894 111.01165949637847 0.23748766714941252  1.6690784610682279 1044.8812639512951 111.01938778331774 0.27312653178854496  1.6690784610682365 1044.8281182013493 111.02711639978035 0.30876550482755605  1.6690784610682523 1044.774974302702 111.03605205505657 0.34419188398523987  1.6690784610681808 1044.721830778712 111.04606418633692 0.37933608433134575  1.6690784610682934 1044.6686841144447 111.05751993198591 0.41419604302606666  1.6690784610683198 1044.6155348987661 111.06969598211819 0.44862697317045114  1.669078461067893 1044.5623880966407 111.08260391529021 0.48261315663807491  1.6690784610687994 1044.5092459917046 111.09692491786693 0.51622974515136766  1.6690784610676521 1044.4561037622479 111.11266124577601 0.54942496460882895  1.6690784610686493 1044.4029561366149 111.12907912945299 0.58203854940839983  1.6690784610680458 1044.349809116979 111.14654104248368 0.6141206710485303  1.6690784610682845 1044.29666336329 111.16490435209272 0.64562706882968124  1.6690784610682363 1044.2435176096615 111.18326768968429 0.6771334667034854  1.6690784610683431 1044.1903737080759 111.20271329040159 0.70806468327759498  1.6690784610678238 1044.1372301826962 111.22309552481664 0.73839488127186259  1.6690784610691756 1044.0840835153981 111.24476277651718 0.76800865840766919  1.6690784610667362 1044.0309343000035 111.26698247818086 0.79699183544147223  1.6690784610700176 1043.9777875014183 111.28976092785656 0.8253258634642322  1.6690784610666232 1043.9246453981716 111.31376921058687 0.85287169298565035  1.6690784610693417 1043.8715031677195 111.33899331209483 0.8795794113758888  1.6690784610677034 1043.8183555428964 111.36468577569272 0.9055233728645703  1.6690784610683675 1043.7652085232885 111.39120698071896 0.93063925077530285  1.6690784610682763 1043.6589170154159 111.44560813688298 0.97921881703184499  1.6690784610680776 1043.6057731135966 111.47366027030297 1.0026271318634095  1.6690784610691785 1043.5526295880993 111.50241746889272 1.0251744089122135  1.669078461065844 1043.49948292058 111.53217540443231 1.0466432377326962  1.6690784610722513 1043.4463337052041 111.56226387557163 1.0673416191094502  1.6690784610633171 1043.3931869069045 111.59268316789172 1.0872499524925012  1.6690784610728089 1043.3400448037746 111.62402853395494 1.106028624821201  1.6690784610649823 1043.2869025732525 111.65627122757327 1.1236344930765827  1.669078461069974 1043.2337549484841 111.68872333329618 1.1403692613866818  1.6690784610675939 1043.1806079288824 111.72170773403539 1.156060375789147  1.6690784610683533 1043.1008892979469 111.77177059882409 1.1781036487610645  1.6690784610682161 1043.0743168839986 111.78859259213044 1.1851760389358417  1.6690784610682035 1043.047744657307 111.80553953734115 1.1919732712016389  1.6690784610683993 1043.021172406817 111.82260215592342 1.1984959667488373  1.6690784610679126 1042.9945999862143 111.83977134346445 1.2047451301615872  1.6690784610686493 1042.9680273140784 111.85703820670857 1.210722118433863  1.6690784610678777 1042.9414543738492 111.87439409588666 1.2164286131406039  1.6690784610684402 1042.9148812140108 111.89183064168782 1.2218665894251153  1.6690784610681844 1042.8883079480656 111.90933978820007 1.2270382878369142  1.6690784610682157 1042.861734754676 111.92691382893989 1.2319461838971559  1.6690784610682639 1042.7820161237373 111.97980866448988 1.2458865100485188  1.6690784610681362 1042.7288722218959 112.01543044932895 1.2540080707826859  1.6690784610687033 1042.675728696393 112.05128955216136 1.2610423450713537  1.6690784610671849 1042.6225820288553 112.08755070845511 1.2666613943600584  1.6690784610697877 1042.5694328134819 112.12375660271893 1.2714439057390787  1.6690784610666114 1042.5162860152038 112.15989858298876 1.2753722928768563  1.669078461069482 1042.4631439120822 112.19635284914187 1.277873712348236  1.6690784610675349 1042.4100016815571 112.23307419597285 1.2789227794791711  1.6690784610685252 1042.3568540567912 112.2695866599275 1.2791006194209222  1.6690784610681493 1042.3037070371897 112.30609959303909 1.2781069000811511  1.6690784610682576 1042.1974155292728 112.37891796066415 1.2739904133132016  1.6690784610682046 1042.1442716274312 112.41530599155793 1.2707067396606244  1.669078461068386 1042.0911281019312 112.45158373526517 1.2663156599015484  1.6690784610678884 1042.0379814343876 112.48780652598988 1.2604543797651313  1.6690784610688065 1041.9848322190226 112.52371825494451 1.2538145817581936  1.669078461067534 1041.9316854207357 112.5593052591866 1.2463822138039624  1.6690784610688709 1041.8785433176217 112.59474830767232 1.2374962173659589  1.6690784610678344 1041.8254010870903 112.6299965634352 1.2271464192741057  1.6690784610683875 1041.7722534623272 112.66477693576901 1.2160325832409051  1.6690784610682439 1041.7191064427248 112.69919572256957 1.2038043831455856  1.669078461068175 1041.6128149348076 112.76717804123588 1.1773872584879519  1.669078461068398 1041.5596710329667 112.80077040417022 1.1630197793255197  1.6690784610673157 1041.5065275074633 112.83391567044913 1.1476331749862754  1.6690784610706055 1041.4533808399262 112.86655435643704 1.1308653084037312  1.6690784610641825 1041.4002316245546 112.89865662984471 1.1134531507025038  1.6690784610733067 1041.3470848262734 112.93020515412221 1.0953875596403566  1.6690784610634437 1041.2939427231531 112.9611675724276 1.0759839705029897  1.6690784610716907 1041.2408004926276 112.99149239226263 1.0552484175330448  1.6690784610663785 1041.187652867862 113.02113612780153 1.0339308052283052  1.6690784610689195 1041.1345058482602 113.05009161763182 1.0116651057989943  1.6690784610681233 1041.0282143403433 113.10658330433003 0.96553323546249759  1.6690784610682725 1040.9750704385019 113.1340917447683 0.94148833974943691  1.6690784610683069 1040.921926913001 113.16086004402082 0.91661235886749337  1.6690784610678955 1040.8687802454601 113.18671972327778 0.89057926143662502  1.6690784610689458 1040.815631030091 113.2118701469485 0.86409916734336301  1.6690784610672733 1040.7624842318085 113.23629200189016 0.83716873909509681  1.6690784610691642 1040.70934212869 113.25974297278566 0.80914691576821285  1.6690784610675824 1040.6561998981608 113.28217595204333 0.78005534832655343  1.6690784610685683 1040.6030522733975 113.30378131541204 0.75062067617055095  1.6690784610681291 1040.5499052537955 113.32443914318451 0.72049699920529375  1.669078461068243 1040.4436137458786 113.36391039802017 0.65916609208424015  1.6690784610682605 1040.3904698440372 113.38264219814744 0.62779746174582118  1.6690784610680511 1040.3373263185367 113.40041326273918 0.59586713865306529  1.6690784610687521 1040.2841796509945 113.41696260968145 0.56311711133750375  1.6690784610672846 1040.2310304356263 113.43269928491318 0.53016113696987788  1.669078461069545 1040.177883637343 113.44760388920152 0.49700200948533768  1.6690784610668621 1040.1247415342259 113.46124786826454 0.46310492327389396  1.6690784610693368 1040.0715993036954 113.47359311063846 0.42850502666624979  1.6690784610675795 1040.0184516789327 113.48504521833604 0.3938345654562394  1.6690784610685172 1039.9653046593305 113.49538325193838 0.35880162633687984  1.6690784610681582 1039.8855860283932 113.50932357809175 0.30590679078623434  1.6690784610682909 1039.8590136144435 113.5136773559577 0.28818553864138691  1.6690784610679754 1039.8324413877533 113.51773981662234 0.27038391696046754  1.6690784610688822 1039.8058691372587 113.52151302548248 0.25251099327854754  1.6690784610671296 1039.7792967166611 113.52499939853884 0.23457560226509497  1.6690784610696274 1039.7527240445188 113.52820166778066 0.21658631592928926  1.6690784610669038 1039.7261511042948 113.53112284674614 0.19855141401590254  1.6690784610692178 1039.6995779444528 113.53376619587995 0.18047885418764006  1.669078461067697 1039.6730046785094 113.5361351881057 0.16237624242255858  1.6690784610684364 1039.6464314851194 113.53823347419099 0.14425080321693898  1.6690784610682023 1039.5667128541816 113.54372759649524 0.089826443403110259  1.6690784610682747 1039.5135689523399 113.54617669246264 0.053372729821931669  1.6690784610681169 1039.460425426839 113.54751476361328 0.01685470912735168  1.6690784610685185 1039.407278759297 113.54739213845399 -0.019839025155950599  1.6690784610677465 1039.3541295439304 113.54645191950189 -0.05634731437643492  1.6690784610688787 1039.3009827456456 113.54467809029258 -0.092658862053618452  1.6690784610676008 1039.2478406425303 113.54144600954552 -0.12905562389826353  1.6690784610687184 1039.194698412 113.53673767665697 -0.16548898027744274  1.6690784610679543 1039.1415507872364 113.53120151933561 -0.20157973550426111  1.6690784610683662 1039.0884037676342 113.52450815316465 -0.23748768186862923  1.6690784610681875 1038.9821122597168 113.50905104479922 -0.30876557414573341  1.6690784610683143 1038.9289683578752 113.50011545648098 -0.34419192826261547  1.669078461067842 1038.8758248323745 113.49010334876456 -0.3793361165336277  1.6690784610692382 1038.8226781648323 113.47864773784234 -0.41419603836932922  1.6690784610665075 1038.769528949465 113.46647185466195 -0.44862694109910412  1.6690784610704252 1038.7163821511808 113.45356395752894 -0.48261313176096793  1.6690784610661593 1038.6632400480657 113.43924284810764 -0.51622974140858879  1.6690784610697325 1038.6100978175348 113.42350643116565 -0.54942496752500136  1.6690784610674314 1038.5569501927719 113.40708857595666 -0.58203854876596184  1.6690784610685407 1038.5038031731694 113.38962664079233 -0.61412067124625414  1.6690784610681744 1038.3975116652525 113.35289997711824 -0.67713346599587176  1.6690784610682841 1038.3443677634109 113.33345438214026 -0.70806468228235864  1.6690784610681015 1038.2912242379116 113.31307215043198 -0.7383948801133865  1.6690784610684801 1038.2380775703673 113.29140490872858 -0.76800865747687441  1.6690784610679394 1038.184928355 113.26918522160544 -0.79699183705210097  1.6690784610684963 1038.1317815567165 113.24640677143492 -0.82532586556981125  1.669078461068076 1038.078639453601 113.22239848333534 -0.85287169504077787  1.6690784610682967 1038.0254972230682 113.19717437247172 -0.8795794108876549  1.6690784610682334 1037.9723495983067 113.1714819134356 -0.90552337357395607  1.6690784610682292 1037.9192025787045 113.14496070515645 -0.93063925049755447  1.6690784610682359 1037.8129110707875 113.09055954790965 -0.97921881633336749  1.6690784610682479 1037.7597671689459 113.06250741659767 -1.0026271318239255  1.6690784610681462 1037.7066236434466 113.03375021574826 -1.0251744081323964  1.6690784610685061 1037.6534769759023 113.00399228385356 -1.0466432381554294  1.6690784610677314 1037.6003277605357 112.97390381059211 -1.0673416190245859  1.6690784610689151 1037.5471809622516 112.94348452078772 -1.0872499532684596  1.6690784610675566 1037.4940388591365 112.91213915252004 -1.1060286248568758  1.6690784610687517 1037.4408966286039 112.8798964594348 -1.1236344931224289  1.6690784610679392 1037.3877490038421 112.84744435347807 -1.1403692614245611  1.6690784610683691 1037.33460198424 112.81445995272533 -1.1560603757650965  1.669078461068189 1037.2548833533024 112.76439708783779 -1.1781036486728589  1.6690784610682825 1037.2283109393522 112.74757509462847 -1.1851760389098691  1.6690784610679634 1037.2017387126632 112.73062814930847 -1.1919732711058189  1.6690784610689458 1037.1751664621665 112.71356553089142 -1.1984959667611832  1.6690784610670129 1037.1485940415716 112.69639634320194 -1.2047451300773506  1.6690784610698028 1037.1220213694264 112.67912948011595 -1.2107221184578494  1.6690784610666944 1037.0954484292049 112.66177359083578 -1.2164286130946831  1.6690784610694103 1037.0688752693613 112.64433704512221 -1.2218665894457814  1.6690784610675586 1037.0423020034186 112.62682789857655 -1.2270382878323145  1.6690784610685143 1037.0157288100283 112.60925385786909 -1.2319461839221462  1.6690784610681715 1036.9360101790905 112.55635902231961 -1.2458865100762901  1.6690784610683638 1036.8828662772489 112.5207372374589 -1.2540080707883601  1.6690784610676941 1036.8297227517487 112.48487813464361 -1.2610423450962647  1.669078461069577 1036.7765760842065 112.44861697831351 -1.2666613943446714  1.6690784610659439 1036.7234268688394 112.41241108406579 -1.2714439057391755  1.6690784610711253 1036.6702800705541 112.37626910377197 -1.2753722928467919  1.6690784610654714 1036.6171379674392 112.33981483764246 -1.277873712346753  1.6690784610702569 1036.5639957369085 112.30309349080358 -1.2789227794690845  1.6690784610671385 1036.5108481121454 112.26658102685299 -1.2791006194156389  1.6690784610686413 1036.4577010925427 112.23006809373922 -1.2781069000722787  1.6690784610681686 1036.3514095846258 112.15724972611694 -1.2739904133086641  1.6690784610682576 1036.2982656827837 112.12086169522634 -1.2707067396628222  1.6690784610682778 1036.245122157284 112.0845839515179 -1.2663156599001131  1.6690784610680269 1036.1919754897403 112.04836116079848 -1.2604543797778298  1.669078461068682 1036.1388262743751 112.01244943184462 -1.253814581773105  1.6690784610676215 1036.0856794760884 111.97686242760373 -1.2463822138274974  1.6690784610688312 1036.0325373729747 111.94141937911374 -1.2374962173755009  1.6690784610678393 1035.9793951424435 111.90617112335006 -1.2271464192824806  1.6690784610683931 1035.9262475176806 111.87139075101601 -1.2160325832471064  1.6690784610682383 1035.8731004980784 111.83697196421519 -1.2038043831513794  1.6690784610681819 1035.7668089901615 111.76898964554775 -1.1773872584880503  1.6690784610683764 1035.7136650883201 111.73539728261288 -1.1630197793203227  1.6690784610674729 1035.6605215628185 111.70225201633366 -1.1476331749842021  1.6690784610701666 1035.6073748952779 111.66961333034591 -1.1308653083879983  1.6690784610649338 1035.5542256799092 111.63751105693692 -1.1134531506840761  1.6690784610723826 1035.5010788816262 111.60596253266294 -1.0953875596141711  1.6690784610642988 1035.4479367785084 111.57500011435518 -1.0759839704953045  1.6690784610710978 1035.3947945479783 111.54467529452216 -1.0552484175253078  1.6690784610666611 1035.3416469232152 111.51503155898133 -1.0339308052258389  1.6690784610688598 1035.288499903613 111.48607606915211 -1.0116651057957118  1.6690784610680884 1035.1822083956961 111.42958438245169 -0.96553323546813985  1.6690784610683909 1035.1290644938545 111.40207594201731 -0.94148833975300183  1.6690784610676055 1035.0759209683558 111.37530764275 -0.91661235889107984  1.6690784610696903 1035.0227743008097 111.34944796352681 -0.890579261417352  1.6690784610659359 1034.9696250854465 111.32429753977689 -0.86409916747417681  1.6690784610709348 1034.9164782871608 111.29987568492655 -0.83716873905838374  1.6690784610658018 1034.863336184048 111.27642471393351 -0.80914691588005061  1.6690784610699438 1034.8101939535127 111.25399173480659 -0.7800553481928959  1.6690784610673148 1034.7570463287523 111.23238637135321 -0.75062067618807349  1.6690784610686078 1034.7038993091487 111.21172854365987 -0.72049699908051568  1.6690784610681326 1034.5976078012288 111.17225728878796 -0.65916609202954957  1.6690784610683727 1034.5444638993865 111.15352548863066 -0.62779746181103968  1.6690784610676277 1034.4913203738902 111.13575442396143 -0.59586713869193564  1.6690784610696401 1034.4381737063409 111.11920507724216 -0.56311711138283504  1.6690784610660268 1034.3850244909793 111.10346840080229 -0.5301611382885304  1.6690784610708231 1034.3318776927176 111.08856379771369 -0.49700200951336693  1.6690784610659029 1034.278735589606 111.07491981770032 -0.4631049240334118  1.6690784610698781 1034.2255933590654 111.06257457739271 -0.4285050252386377  1.669078461067345 1034.1724457342912 111.05112246861565 -0.39383456516700149  1.6690784610685963 1034.1192987146726 111.04078443626396 -0.35880162479167921  1.6690784610681393 1034.0395800836941 111.02684410998751 -0.30590678949242117  1.6690784610683036 1034.0130076697308 111.02249033016825 -0.28818553922532691  1.6690784610678906 1033.9864354430458 111.01842787136546 -0.27038391595305911  1.669078461069174 1033.9598631925405 111.01465465743371 -0.25251099657253057  1.6690784610664875 1033.9332907719734 111.01116829003902 -0.23457560104317304  1.6690784610705982 1033.9067180998229 111.00796601181665 -0.21658632173852072  1.6690784610658842 1033.8801451596501 111.00504484102962 -0.1985514135888849  1.6690784610699791 1033.8535719998147 111.00240148254959 -0.1804788607491658  1.6690784610672944 1033.8269987339293 111.00003249627287 -0.16237624451278709  1.6690784610685812 1033.8004255405724 110.99793420463787 -0.14425080930177156  1.6690784610681755 1033.7207069098151 110.99244008736166 -0.089826445415800982  1.6690784610683165 1033.6675630080119 110.98999100239847 -0.053372724015513337  1.6690784610680123 1033.6144194821177 110.98865291533416 -0.016854713386110661  1.6690784610686329 1033.5612728151841 110.98877557557135 0.019839044252926839  1.6690784610677758 1033.5081235992991 110.98971582578962 0.056347346322770837  1.6690784610685889 1033.4549767994763 110.991489656201 0.092658890186585519  1.6690784610680862 1033.4018346958974 110.99472167403863 0.12905561810980523  1.6690784610682243 1033.3486924663753 110.99942995533708 0.16548895461458787  1.6690784610683029 1033.2955448421933 111.0049660987988 0.20157970630645949  1.6690784610681904 1033.2423978238135 111.01165943408643 0.23748764402168779  1.6690784610682505 1033.1892520714898 111.01938795644561 0.27312658307858656  1.6690784610682363 1033.1361063194915 111.02711662212671 0.30876556931397053  1.6690784610682394 1033.0829624179937 111.03605232599097 0.34419195831195032  1.6690784610682521 1033.0298188868674 111.04606427617497 0.37933611528838496  1.669078461068078 1032.9766722277977 111.0575203630156 0.41419616104868251  1.6690784610687583 1032.9235230048821 111.06969687212579 0.44862714483508048  1.6690784610672647 1032.8703761838267 111.08260462006051 0.48261323326371053  1.6690784610694165 1032.8172340745664 111.09692477937773 0.51622968331127506  1.6690784610672369 1032.7640918592097 111.11266036888122 0.54942485539213115  1.6690784610688381 1032.710944242782 111.12907805549386 0.58203845794673403  1.6690784610679885 1032.6577972403798 111.14653954649134 0.61412059758885162  1.6690784610682958 1032.604651508901 111.16490244479085 0.64562703880116235  1.6690784610682365 1032.5515057819555 111.18326744319778 0.67713348768227499  1.6690784610681619 1032.4983618839785 111.20271469959779 0.70806466800192391  1.6690784610685341 1032.4452182831694 111.22309478467271 0.73839512566091214  1.6690784610675726 1032.3920717246638 111.24476872651195 0.7680084720835495  1.6690784610692337 1032.338922406758 111.26699648147174 0.79699012297361349  1.669078461067131 1032.2857753093544 111.28977224617191 0.82532354289351195  1.6690784610692018 1032.2326331322363 111.3137679520504 0.85287126182876549  1.6690784610675704 1032.1794911079946 111.33898188594476 0.87958161011156155  1.6690784610685858 1032.1263435903145 111.3646725576676 0.90552645582127955  1.6690784610681062 1032.0731967874808 111.39118868881627 0.93064422357975773  1.6690784610682647 1032.0200513088928 111.4183845257801 0.95493612599428346  1.6690784610682361 1031.9934785980486 111.4319949095466 0.96707807760246367  1.6690784610684559 1031.9669062756782 111.44581796077428 0.9789994437834173  1.6690784610673437 1031.9403340674583 111.45984463452346 0.99069751981752363  1.6690784610703162 1031.9137617643023 111.47406589324235 1.0021700380554277  1.6690784610648843 1031.8871892223879 111.48847274907743 1.0134151504300744  1.6690784610722322 1031.8606163632119 111.50305630618465 1.0244314109714987  1.6690784610646132 1031.8340431736067 111.51780780303854 1.0352177583155893  1.6690784610707661 1031.8074697058009 111.53271865474521 1.045773498222464  1.669078461066889 1031.7808960774387 111.54778049535001 1.0560982860830768  1.6690784610687532 1031.7543224716303 111.56298522015076 1.0661921094371292  1.6690784610681184 1031.7277491369832 111.57832502800649 1.0760552704824136  1.6690784610682361 1031.7011757097664 111.59362556838141 1.0859382637758088  1.6690784610681628 1031.6746029999276 111.60910298834403 1.0955707937763086  1.6690784610685523 1031.6480307237723 111.62474801417643 1.1049515495758304  1.6690784610674323 1031.6214586604526 111.6405514401978 1.1140796447911301  1.6690784610697074 1031.5948866521494 111.65650416734775 1.1229545947664992  1.6690784610662612 1031.5683146043609 111.67259724177367 1.1315762937714593  1.6690784610702056 1031.5417424860366 111.68882189341279 1.1399449922072964  1.6690784610667644 1031.5151703298945 111.70516957457954 1.14806127380116  1.6690784610690519 1031.4885982325595 111.72163199854887 1.1559260328141561  1.6690784610679192 1031.4620263548456 111.73820117814185 1.1635404512368752  1.6690784610683098 1031.4354549219433 111.7548694643104 1.1709059759938372  1.6690784610682365 1031.4088838188354 111.77165281254771 1.1781885964093444  1.6690784610683504 1031.3823123226389 111.78856584870788 1.1851954721045606  1.6690784610677958 1031.3557401983962 111.80559900901257 1.1919270265730222  1.6690784610692313 1031.3291672823684 111.82274289903633 1.1983841033833562  1.6690784610666471 1031.3025934814514 111.83998832853145 1.2045679332986621  1.6690784610701614 1031.2760187725021 111.85732634625464 1.2104801013962849  1.669078461066426 1031.249443201795 111.87474827479046 1.2161225141867489  1.6690784610695637 1031.2228668843252 111.89224574537948 1.2214973667341282  1.669078461067494 1031.1962900032595 111.90981073274084 1.2266071097743891  1.6690784610685339 1031.1697128092701 111.92743558990018 1.2314544168361305  1.6690784610681668 1031.1431356199439 111.94511308301348 1.2360421513589925  1.669078461068237 1031.1165577194838 111.96248654791351 1.2409322650955878  1.6690784610682419 1031.0899828265626 111.97996667950106 1.2455252839866053  1.6690784610682001 1031.0634105066272 111.99754442541519 1.2498220790084515  1.6690784610683493 1031.0368403685177 112.01521083249023 1.2538239025968549  1.6690784610680351 1031.0102720668424 112.03295707838691 1.25753236571741  1.6690784610684479 1030.9837053044098 112.05077450322386 1.260949414954105  1.669078461068098 1030.9571398345774 112.06865464120833 1.2640773095699027  1.6690784610682894 1030.9305754637021 112.08658925226798 1.2669185986031641  1.6690784610682339 1030.9040120534867 112.10457035368169 1.2694760979259196  1.6690784610682272 1030.8774495234147 112.12259025171099 1.2717528673357663  1.6690784610682399 1030.8508878531238 112.14064157323121 1.2737521876234734  1.669078461068237 1030.8243304371497 112.15941230945666 1.2747742939157147  1.6690784610684819 1030.7977645753433 112.1781594607926 1.275535794122469  1.6690784610672575 1030.7711910499854 112.19687569939613 1.276042662194508  1.6690784610704932 1030.7446107518938 112.21555438453339 1.2763009098966565  1.6690784610646034 1030.7180246669811 112.23418954158164 1.276316527049526  1.6690784610725888 1030.6914338627864 112.25277584103192 1.2760954217833531  1.6690784610642433 1030.6648394750493 112.27130857748899 1.2756433607720268  1.6690784610710749 1030.638242694225 112.28978364867662 1.2749659094937522  1.6690784610666896 1030.6116447520681 112.30819753443562 1.2740683724622055  1.6690784610688474 1030.5850469081508 112.32654727572933 1.2729557334845225  1.6690784610680933 1030.5584504364319 112.34483045364313 1.271632595899473  1.6690784610682361 1030.5318555607719 112.36192624464519 1.2726539796317837  1.669078461068439 1030.5052755374218 112.37915227317038 1.273219786751036  1.6690784610674145 1030.4787088076466 112.39650065205605 1.273322326863795  1.6690784610701317 1030.4521536109264 112.41396300851679 1.272953352705783  1.6690784610652343 1030.4256079389118 112.43153037848907 1.2721041092930707  1.6690784610717164 1030.3990694894687 112.44919310096914 1.2707653830721761  1.6690784610652105 1030.3725356206003 112.46694071235979 1.268927551071344  1.6690784610702256 1030.3460033045085 112.48476184080769 1.266580630050661  1.6690784610672569 1030.319469081523 112.50264410054893 1.2637143256534027  1.6690784610685818 1030.2929290141362 112.52057398624878 1.2603180815560164  1.6690784610681633 1030.2663786409671 112.53853676734461 1.2563811286194286  1.6690784610682361 1030.2398548004749 112.55812112797977 1.2476877268973816  1.6690784610684968 1030.2132492393414 112.57689362593958 1.2404104928846671  1.6690784610672105 1030.1866108241729 112.59507795461407 1.2342376790614249  1.6690784610705782 1030.1599682153726 112.612826922439 1.2289274859302459  1.6690784610645031 1030.1333369914566 112.63024412424737 1.2242906921555852  1.6690784610726566 1030.1067252315572 112.64740124224812 1.2201763403673045  1.6690784610642457 1030.0801375558785 112.66435097664365 1.2164604787368396  1.6690784610710143 1030.0535776244265 112.68113560587182 1.213037958183375  1.6690784610667588 1030.0270490936477 112.69779117648719 1.2098172853652218  1.6690784610688083 1030.0005550313219 112.71434732266883 1.2067185313162807  1.6690784610681033 1029.9740957894389 112.73082271536366 1.2036742958321689  1.6690784610682365 1029.9609163780376 112.73948101068571 1.1997107850458471  1.6690784610685152 1029.9477627947317 112.74823472207127 1.1948991232816772  1.6690784610670988 1029.9347127137582 112.75722372628077 1.1891065985678038  1.6690784610708909 1029.9212670088773 112.76563562715361 1.1817528987597172  1.6690784610639331 1029.9087812440844 112.77573672851433 1.1734175844768631  1.6690784610734062 1029.8953002533176 112.78432817035926 1.1620997260983177  1.6690784610635163 1029.8818710910052 112.79317376559214 1.1480241100567303  1.6690784610715308 1029.8697099499602 112.80438213302425 1.1304506216025114  1.6690784610665166 1029.8549204326712 112.81167063958139 1.1038459141218646  1.6690784610688569 1029.8390749392747 112.82588653793741 1.0602125844471089  1.6690784610679352 1029.8114192135311 112.82356268511221 0.95797743174642547  1.669078461068342 1029.8052704941131 112.82222014586574 0.93468131982680869  1.66907846106777 1029.7982346160254 112.81956267746106 0.90819359518397291  1.6690784610691707 1029.7901068466717 112.81531021055993 0.87738856534996834  1.6690784610670233 1029.7803204908089 112.80854648987349 0.84150281526567394  1.6690784610693508 1029.7681061354069 112.79801138188371 0.79976777002567123  1.6690784610675231 1029.7525213589934 112.7822097989027 0.75043580637520879  1.6690784610685072 1029.7315758779871 112.75787762925543 0.69159894023427149  1.6690784610682321 1029.6713760756193 112.67910173729663 0.55774895192588259  1.6690784610681411 1029.5683489701703 112.52781708147262 0.42044242870728754  1.6690784610684319 1029.5042835525428 112.43044605406486 0.35870642111281975  1.6690784610673324 1029.4309690668656 112.31650638086441 0.31122886411785439  1.6690784610700458 1029.3417241344939 112.17272185563223 0.31020890073761981  1.6690784610659206 1029.2902698188916 112.09049811235919 0.35149911946816104  1.6690784610703153 1029.238090561232 112.00810207279108 0.37502619588342218  1.6690784610668952 1029.2005434185953 111.94959336083922 0.4140283884345683  1.6690784610688363 1029.1692721043189 111.90206297319145 0.44744445269820599  1.6690784610680827 1029.0928509907067 111.78927494311245 0.54260238230549729  1.6690784610685367 1029.0552430086964 111.74378603474685 0.6132332446718799  1.669078461067772 1029.0365403034991 111.72508625299842 0.64661851292523376  1.6690784610697118 1029.021220153063 111.71248611345973 0.67397211023525105  1.6690784610653464 1029.008212702428 111.70409639115385 0.69654755160014092  1.6690784610722174 1028.9967326629317 111.6985782027084 0.71446901071092206  1.6690784610641847 1028.986214491274 111.69485907088293 0.72962212394987169  1.6690784610713441 1028.9764037906407 111.69243492482667 0.74321622029487788  1.6690784610664549 1028.9671888592111 111.69116022694337 0.75452587026073192  1.6690784610689631 1028.9583803467967 111.69065323306839 0.76455899674896144  1.6690784610680613 1028.9498998646618 111.69077375628677 0.77343766511896039  1.6690784610682365 
1047.2197220508456 111.62129962539005 0.14554409762496823  1.0367296232096121 1047.1937403400889 111.62273523700567 0.15425182584994793  1.0367296232096204 1047.1676791245197 111.62437985048274 0.16301719268957582  1.0367296232095746 1047.1415424371824 111.62623226963922 0.17182973966144471  1.0367296232097223 1047.115334588163 111.62829056427947 0.18067900388299477  1.036729623209401 1047.0890601518561 111.63055209317181 0.18955458682885601  1.0367296232098975 1047.062723954255 111.63301352701713 0.19844622309263027  1.0367296232093337 1047.0363310601958 111.63567087143122 0.20734384914229295  1.0367296232098071 1047.0098867606775 111.63851948990983 0.21623767208309314  1.036729623209518 1046.9833965600826 111.64155412681167 0.22511823841317205  1.0367296232096417 1046.9568661634999 111.64476893032607 0.23397650278504509  1.0367296232096075 1046.930301463965 111.64815747545134 0.24280389676318534  1.0367296232096115 1046.9036773530429 111.65165641110072 0.25168567200024938  1.0367296232095145 1046.8770407320878 111.65530730610652 0.26051889177492965  1.0367296232100263 1046.8503979298425 111.65910279326832 0.26929617930296768  1.0367296232086018 1046.8237553859938 111.66303509525889 0.27801078390742029  1.0367296232113352 1046.7971196215103 111.66709609968736 0.28665659679326244  1.0367296232074237 1046.7704972090548 111.67127743415229 0.29522816682433778  1.0367296232117438 1046.7438947432831 111.67557054130971 0.30372071629722569  1.0367296232080083 1046.7173188112824 111.67996675392303 0.31213015671832817  1.0367296232105248 1046.6907759628689 111.68445736993102 0.32045310457827736  1.0367296232092433 1046.6642726810026 111.68903372750096 0.32868689712811633  1.0367296232097005 1046.6378153521214 111.69368728009172 0.33682960815454827  1.0367296232096121 1046.6113030959391 111.69844947543869 0.34500600576818868  1.0367296232096643 1046.5847581493106 111.70337760347762 0.35312466046998764  1.0367296232094112 1046.5581864200019 111.70846397282722 0.36117813700133555  1.0367296232100591 1046.5315939943334 111.71370043067093 0.36915959086218336  1.0367296232089225 1046.50498710946 111.71907843830935 0.37706279060470316  1.0367296232103911 1046.4783721254312 111.72458914672049 0.38488214012466532  1.0367296232089405 1046.4517554975853 111.7302234721077 0.39261270095613143  1.0367296232100642 1046.4251437485284 111.73597217146349 0.40025021456206644  1.0367296232093719 1046.398543440539 111.74182591811655 0.40779112462920941  1.0367296232097081 1046.3719611476142 111.74777537729329 0.41523259935922557  1.0367296232095891 1046.3454034277606 111.75381128166924 0.42257255376251796  1.0367296232096121 1046.3188791172356 111.75977872022176 0.42990262869663803  1.0367296232096657 1046.2923277622699 111.76589409497942 0.43714812607869796  1.0367296232093941 1046.2657553469364 111.77214856271013 0.44430330392584017  1.036729623210157 1046.2391680148173 111.77853296284729 0.45136308909705797  1.036729623208638 1046.2125720409515 111.78503789462741 0.4583230825891515  1.0367296232108969 1046.185973803601 111.79165379422335 0.46517956483413864  1.0367296232083481 1046.1593797562884 111.79837101188376 0.47192950099404524  1.0367296232105498 1046.1327963995027 111.80517988906534 0.47857054625938783  1.0367296232090901 1046.1062302527389 111.81207083557193 0.48510105114352053  1.0367296232098204 1046.0796878262613 111.81903440668825 0.49152006678070193  1.0367296232095617 1046.0531755930533 111.82606138031707 0.49782735022147095  1.0367296232096135 1046.0001237068964 111.8401721010288 0.51044114355069337  1.0367296232095913 1045.946957437885 111.85482181731814 0.52262751762156823  1.036729623209699 1045.8938391929717 111.86979228193627 0.53437042683428848  1.0367296232093763 1045.8402667749069 111.88568069855037 0.54556425236682227  1.0367296232100751 1045.7871597025003 111.90134501589641 0.55629880569993961  1.0367296232089314 1045.7345115785763 111.91677756652969 0.56659981587106312  1.0367296232103687 1045.6814379448017 111.9330440744521 0.57637630877674151  1.0367296232089804 1045.6278906405905 111.95018319578821 0.58557575241464832  1.0367296232100001 1045.5747657109457 111.96707686169655 0.59425080128487162  1.0367296232094469 1045.5216023800915 111.98427376290471 0.60239792574610473  1.0367296232096528 1045.4685555294791 112.00157735058264 0.61003815847925724  1.0367296232096121 1045.415505501519 112.01888716713367 0.61767627282040349  1.0367296232096499 1045.3623423183979 112.03657624368851 0.62474204901648167  1.0367296232094558 1045.3092247185771 112.05443972610671 0.63128438865475289  1.0367296232099852 1045.2556615428605 112.0729887022721 0.63702861961190016  1.0367296232089953 1045.2025696571866 112.09117629084834 0.64241133231150616  1.0367296232103647 1045.1499278182459 112.10902993684343 0.64744525307408196  1.0367296232089112 1045.0968457937504 112.12753860372719 0.65170837835289164  1.036729623210114 1045.0432892533122 112.14669676140863 0.65515191762152525  1.0367296232093408 1044.9901673799513 112.16543964971574 0.6581845592786949  1.0367296232097161 1044.9370018190841 112.18431624818434 0.66061618338739447  1.0367296232095893 1044.8839524785233 112.2031377048955 0.66253239714458956  1.0367296232096121 1044.8309028454103 112.22195964677934 0.6644482481703432  1.0367296232096348 1044.7777401402468 112.24096538415833 0.66570267052422583  1.036729623209522 1044.7246226911438 112.2599758716937 0.66640487918165903  1.036729623209788 1044.6710606198726 112.2793901269021 0.66613760634568953  1.0367296232094088 1044.6179702819052 112.29834870177355 0.66563884577485644  1.036729623209746 1044.565328926205 112.31688377109302 0.6649099947646816  1.0367296232095975 1044.5122459837146 112.33580539498175 0.66324358652212512  1.0367296232095429 1044.4586885702317 112.35509109087218 0.66059706353439396  1.0367296232096899 1044.4055669863062 112.37385341467855 0.65768980415263711  1.0367296232095702 1044.3524012141488 112.3925578023027 0.65416887965739312  1.0367296232096235 1044.299351648951 112.41105046084539 0.65017478787255667  1.0367296232096121 1044.2463020601531 112.42954314755414 0.64618065615620235  1.0367296232096619 1044.1931394044923 112.44800624331592 0.64150067995129822  1.0367296232094194 1044.1400219722195 112.466303255567 0.63629398658498426  1.0367296232100389 1044.0864600050641 112.48468459551572 0.63004065300777756  1.0367296232089513 1044.0333697985791 112.50256102727542 0.62370802227629019  1.0367296232103678 1043.9807284787407 112.5199636938991 0.61728725408774177  1.036729623208956 1043.9276454514777 112.53744436472418 0.60985514166981392  1.0367296232100396 1043.8740879689892 112.55496838067094 0.60137841246938706  1.0367296232094205 1043.8209664066696 112.57191400140252 0.59281560511555842  1.0367296232096463 1043.7678006186536 112.58861491636112 0.58368700249391292  1.036729623209641 1043.6617014508595 112.62132157900825 0.56466062464317213  1.0367296232095216 1043.6085387978419 112.63743483194013 0.55450429829319747  1.0367296232101366 1043.5554213697203 112.65322736500553 0.54389835937201048  1.036729623208277 1043.501859407465 112.66877666889592 0.53227094974338041  1.036729623211875 1043.4487692153482 112.68382127079006 0.520724167886217  1.0367296232067984 1043.3961278932095 112.69838806639375 0.50923992953867192  1.0367296232122798 1043.3430448635793 112.71271652483252 0.49676974110181005  1.0367296232076653 1043.2894873724074 112.72676340198757 0.48329265617175343  1.0367296232106815 1043.236365814319 112.74023359150493 0.46991246620040661  1.0367296232092023 1043.1832000234633 112.75329621223923 0.45606977679778538  1.0367296232096939 1043.103625646954 112.77221601999332 0.43491821908533035  1.0367296232095882 1043.0770725879613 112.77841585548634 0.42773333285866039  1.0367296232096628 1043.050497238326 112.7845045478483 0.42042372283060758  1.0367296232095093 1043.0239057372178 112.79047843144171 0.41299924941941984  1.0367296232097987 1042.9973043606169 112.79633454501331 0.4054699166939939  1.0367296232093275 1042.9706994908342 112.80207062590448 0.39784579001448472  1.0367296232099574 1042.944097590901 112.8076851040902 0.39013692359766983  1.0367296232092924 1042.9175051741142 112.81317709627498 0.38235327821650794  1.0367296232098313 1042.8909287778308 112.8185464000682 0.37450464755635954  1.0367296232095073 1042.8643749339674 112.82379348796978 0.36660057784848799  1.0367296232096441 1042.7848005573564 112.83917152884756 0.34274972070331811  1.0367296232095347 1042.7316379062165 112.84891766728376 0.32638510778858754  1.036729623209939 1042.6785204760595 112.85817392102246 0.30976548290528677  1.0367296232088767 1042.624958517084 112.86674971993065 0.29234615552555904  1.0367296232107335 1042.5718683231448 112.87491242875799 0.27522778741090315  1.0367296232083518 1042.5192270032826 112.88267780447444 0.25838207389694545  1.0367296232106997 1042.4661439716708 112.88978320659729 0.2407660665796684  1.0367296232088865 1042.4125864809023 112.89618059713213 0.22238074811351083  1.0367296232099763 1042.3594649226347 112.90210814479528 0.20434357308163978  1.0367296232094849 1042.3062991317377 112.90746257550097 0.18607934074586813  1.036729623209633 1042.2001999629201 112.9171359965638 0.14949855529944819  1.0367296232096044 1042.1470373117563 112.92134818151162 0.13092316109945851  1.0367296232095953 1042.0939198816175 112.92501565543553 0.11225661887729201  1.0367296232097123 1042.040357922599 112.92778885663476 0.093039786384242221  1.0367296232093661 1041.9872677286601 112.93026218739068 0.074236835104482687  1.0367296232100214 1041.9346264087835 112.93244188678509 0.055815976394935518  1.0367296232090897 1041.8815433771947 112.9337558801692 0.036866467886120843  1.0367296232101175 1041.8279858864321 112.93415878428216 0.017404088564720841  1.036729623209252 1041.7748643281627 112.93422242349467 -0.00158199724763966  1.0367296232097978 1041.72169853727 112.93367083153331 -0.020606924503710301  1.0367296232095438 1041.6155993684574 112.93156671730696 -0.058386570368317972  1.0367296232097167 1041.5624367172934 112.92983263076492 -0.077354456797462168  1.0367296232090868 1041.509319287158 112.92755232696874 -0.09624070517979666  1.0367296232109122 1041.4557573281375 112.92425147022539 -0.11537396524352948  1.0367296232074474 1041.4026671342097 112.92079331607512 -0.13402093581290642  1.036729623212256 1041.3500258143265 112.91717397499787 -0.15221377768219987  1.036729623207167 1041.2969427827402 112.91256793679555 -0.17064187752039087  1.0367296232113357 1041.2433852919712 112.90693691541637 -0.18927620441644369  1.0367296232087084 1041.1902637337039 112.90113041672809 -0.20735271064667884  1.0367296232099323 1041.1370979428109 112.89472679576158 -0.22527604039533672  1.0367296232095651 1041.0309987739952 112.8810511115956 -0.26055641172771882  1.036729623209615 1040.9778361228271 112.87354049802805 -0.27806008150922829  1.0367296232097234 1040.9247186926927 112.86553562853639 -0.29531731847448972  1.0367296232092449 1040.8711567336657 112.85648382468928 -0.31249410931324884  1.0367296232103083 1040.8180665397288 112.84743269383682 -0.32915980378302817  1.0367296232086964 1040.7654252198499 112.83836859860854 -0.34534378669054305  1.0367296232104901 1040.7123421882641 112.82829339994629 -0.36144660703858911  1.0367296232089886 1040.6587846975056 112.8171796566983 -0.37742882375464937  1.0367296232099303 1040.6056631392346 112.80607140065359 -0.39282629602517205  1.0367296232095085 1040.5524973483464 112.7944425817266 -0.4078935678706222  1.0367296232096217 1040.4463981795327 112.77053399888011 -0.43722117610622802  1.0367296232096235 1040.3932355283616 112.7579820494737 -0.45154724808123148  1.0367296232095027 1040.3401180982316 112.74503618669058 -0.4654862150387683  1.0367296232099252 1040.2865561391991 112.73111948937002 -0.47902515267780205  1.0367296232090362 1040.2334659452654 112.71736136958135 -0.49207821674902441  1.0367296232103798 1040.1808246253818 112.70373977699317 -0.50466913968913429  1.0367296232088508 1040.1277415938021 112.68918164851384 -0.51687042430297836  1.0367296232101759 1040.0741841030454 112.67367307401037 -0.52863608012225505  1.0367296232093046 1040.0210625447742 112.65835041411084 -0.53984730656382252  1.0367296232097303 1039.9678967538878 112.64263470703892 -0.55058363096330865  1.0367296232095833 1039.8883223772784 112.61878384989454 -0.56596167184578516  1.0367296232096304 1039.8617693183799 112.61071755378408 -0.57096121326433191  1.0367296232095333 1039.8351939686365 112.60254545563359 -0.57583146875886548  1.0367296232098013 1039.8086024676904 112.59427786885547 -0.58057036044836097  1.036729623209284 1039.7820010909429 112.58592513641996 -0.58517652836770373  1.0367296232100272 1039.7553962213167 112.5774975549615 -0.58964931245527408  1.0367296232092174 1039.7287943212823 112.56900529938734 -0.59398873467083735  1.0367296232099001 1039.7022019045837 112.56045834691395 -0.59819548095390307  1.0367296232094563 1039.6756255082671 112.551866401688 -0.60227088335506518  1.036729623209665 1039.6490716644375 112.54323881887231 -0.60621690200131828  1.0367296232096073 1039.5694972878293 112.51727594976239 -0.617674517603923  1.0367296232096064 1039.5163346366667 112.49958818039092 -0.6247406754208219  1.0367296232096532 1039.463217206531 112.48172517360418 -0.63128308720382054  1.0367296232095007 1039.4096552475119 112.46317875645823 -0.63702832060541859  1.0367296232098195 1039.3565650535936 112.44499421491271 -0.64241263019847017  1.0367296232093206 1039.3039237337018 112.42714112763076 -0.64744715104266937  1.0367296232099292 1039.2508407021194 112.40863047286911 -0.65170932321941932  1.0367296232093559 1039.197283211334 112.38947073579007 -0.6551518537888763  1.0367296232097556 1039.1441616530747 112.37072835557903 -0.65818478768407107  1.0367296232095713 1039.0909958621712 112.35185136873784 -0.66061614104043642  1.0367296232095999 1038.9848966933571 112.31420769702061 -0.66444797063962668  1.0367296232096626 1038.9317340422012 112.29520206586191 -0.66570246475662509  1.0367296232092993 1038.8786166120578 112.27619162042085 -0.66640469543803504  1.0367296232104484 1038.825054653053 112.25677755480268 -0.66613757903755633  1.0367296232081138 1038.7719644591205 112.2378191848848 -0.66563902937139729  1.036729623211587 1038.719323139248 112.21928413741266 -0.66491023587906295  1.0367296232076459 1038.6662401076508 112.20036237492822 -0.66324369558332508  1.0367296232110996 1038.6126826168793 112.18107658169585 -0.66059705236993727  1.0367296232087739 1038.5595610586126 112.16231429074004 -0.65768982990292268  1.0367296232099392 1038.5063952677162 112.14360987989822 -0.65416887463098905  1.0367296232095462 1038.4002960988998 112.10662452014448 -0.64618062684527555  1.0367296232096572 1038.3471334477354 112.0881614307728 -0.64150065861861738  1.0367296232094869 1038.2940160175988 112.06986442155088 -0.63629396898153046  1.0367296232098522 1038.2404540585774 112.05148309142584 -0.63004064995659181  1.0367296232092729 1038.1873638646384 112.03360667049469 -0.62370804254317336  1.0367296232099903 1038.1347225447639 112.01620400238831 -0.61728727408091877  1.0367296232092786 1038.0816395131749 111.99872332616287 -0.60985515391573031  1.0367296232098357 1038.0280820224145 111.98119930457564 -0.60137840880789917  1.0367296232095065 1037.9749604641449 111.96425368664792 -0.59281560916814302  1.036729623209641 1037.9217946732558 111.94755276985306 -0.58368700090751335  1.0367296232096135 1037.8156955044419 111.91484610677375 -0.56466062109546056  1.0367296232096006 1037.7625328532727 111.89873285502773 -0.55450429842302129  1.0367296232096765 1037.7094154231404 111.88294032076377 -0.54389835552997357  1.0367296232094556 1037.6558534641122 111.86739101881517 -0.53227095231793076  1.0367296232098726 1037.6027632701787 111.85234641551359 -0.52072416691793144  1.0367296232092955 1037.5501219502976 111.83777962117848 -0.5092399330261308  1.0367296232098979 1037.4970389187124 111.82345116158262 -0.49676974069616137  1.0367296232094216 1037.4434814279509 111.8094042849543 -0.48329265653842352  1.0367296232097003 1037.3903598696809 111.79593409520999 -0.46991246622485916  1.0367296232095931 1037.3371940787911 111.7828714745515 -0.45606977674092702  1.0367296232096037 1037.2576197021804 111.76395166679319 -0.43491821882320508  1.0367296232096326 1037.2310666432854 111.75775183130884 -0.42773333279785247  1.0367296232094658 1037.2044912935389 111.75166313893912 -0.42042372254319788  1.0367296232100025 1037.1778997925999 111.74568925535453 -0.41299924947748434  1.0367296232089283 1037.1512984158462 111.73983314177663 -0.40546991644183583  1.0367296232105039 1037.1246935462284 111.73409706088465 -0.39784579009817828  1.036729623208716 1037.0980916461888 111.72848258270108 -0.39013692346426487  1.0367296232103047 1037.0714992294959 111.72299059050577 -0.38235327827569138  1.0367296232092102 1037.044922833177 111.71762128671664 -0.37450464754209661  1.0367296232097762 1037.0183689893506 111.71237419880443 -0.36660057791015921  1.0367296232095722 1036.938794612742 111.69699615792244 -0.34274972076829913  1.0367296232096979 1036.8856319615761 111.68725001949537 -0.32638510780032975  1.0367296232092362 1036.8325145314432 111.67799376574698 -0.30976548296089007  1.0367296232105296 1036.7789525724181 111.66941796685845 -0.29234615548868326  1.0367296232080767 1036.7258623784976 111.66125525802684 -0.27522778741269671  1.0367296232114978 1036.6732210586053 111.65348988232836 -0.25838207383426104  1.0367296232078558 1036.6201380270256 111.64638448018977 -0.24076606657941182  1.0367296232108596 1036.5665805362437 111.63998708965852 -0.22238074809356004  1.0367296232089538 1036.5134589779832 111.63405954199291 -0.20434357307224746  1.0367296232098528 1036.4602931870822 111.62870511129016 -0.18607934072987295  1.0367296232095651 1036.3541940182688 111.61903169022393 -0.14949855529194497  1.0367296232096472 1036.3010313671107 111.61481950526984 -0.13092316110317406  1.0367296232094929 1036.24791393697 111.61115203134932 -0.11225661887582929  1.0367296232098915 1036.1943519779602 111.60837883013645 -0.093039786404122124  1.036729623209111 1036.1412617840308 111.60590549937596 -0.074236835128312001  1.0367296232103227 1036.0886204641529 111.60372579997282 -0.055815976427686459  1.0367296232088088 1036.0355374325602 111.60241180660198 -0.036866467899674557  1.0367296232103311 1035.9819799417903 111.60200890249172 -0.017404088575355348  1.0367296232091145 1035.9288583835228 111.60194526328111 0.0015819972394038001  1.0367296232098693 1035.8756925926284 111.60249685524313 0.020606924496414561  1.0367296232095171 1035.7695934238113 111.60460096947645 0.058386570368362561  1.0367296232097551 1035.7164307726428 111.60633505602542 0.07735445680350396  1.0367296232089109 1035.6633133425098 111.60861535981756 0.09624070518315396  1.0367296232113676 1035.6097513834777 111.61191621657906 0.11537396526006026  1.0367296232065837 1035.5566611895467 111.61537437073416 0.13402093583404806  1.0367296232134791 1035.5040198696599 111.61899371182375 0.15221377770554909  1.0367296232058616 1035.4509368380868 111.6235997499995 0.17064187752853238  1.036729623212393 1035.3973793473172 111.62923077137887 0.1892762044217253  1.0367296232080603 1035.3442577890548 111.6350372700585 0.20735271064944899  1.0367296232102245 1035.2910919981607 111.64144089102678 0.22527604039750979  1.0367296232094745 1035.1849928293523 111.65511657517754 0.26055641172418331  1.0367296232097394 1035.1318301781807 111.66262718875187 0.278060081502638  1.0367296232091194 1035.0787127480694 111.67063205820102 0.29531731846841563  1.0367296232107515 1035.0251507889932 111.679683862142 0.31249410930328958  1.0367296232077565 1034.9720605952073 111.68873499270255 0.32915980373378267  1.0367296232118786 1034.9194192751654 111.69779908826318 0.34534378668152788  1.0367296232074719 1034.8663362437353 111.70787428661626 0.36144660701797915  1.0367296232111836 1034.8127787527342 111.71898803034344 0.3774288237940131  1.0367296232087329 1034.7596571946103 111.73009628608636 0.39282629603366226  1.0367296232099659 1034.7064914035798 111.74172510529422 0.40789356790870812  1.0367296232095256 1034.6003922348218 111.76563368800005 0.43722117612596734  1.0367296232097045 1034.5472295837485 111.77818563720584 0.45154724802419605  1.0367296232092382 1034.4941121536538 111.79113149995733 0.4654862151178234  1.0367296232104397 1034.4405501944925 111.80504819748285 0.47902515243380711  1.0367296232083523 1034.3874600020542 111.81880631425354 0.49207821695478426  1.0367296232110312 1034.3348186807577 111.83242790991848 0.50466913947251779  1.0367296232083927 1034.2817356501716 111.84698603639913 0.51687042470958688  1.0367296232104151 1034.2281781568399 111.86249461607107 0.52863607976609495  1.0367296232092114 1034.1750565998636 111.87781727324804 0.53984730661077884  1.0367296232097578 1034.1218908074341 111.89353298334692 0.55058363048118242  1.0367296232095793 1034.0423164309443 111.91738383997293 0.56596167129157493  1.0367296232096304 1034.0157633743165 111.92545013143841 0.57096121362406593  1.0367296232095289 1033.9891880224973 111.93362223373673 0.57583146805033414  1.0367296232098422 1033.9625965271894 111.94188980929556 0.58057036268598028  1.0367296232091654 1033.9359951443441 111.9502425538832 0.585176527030834  1.0367296232102128 1033.9093902844004 111.95867011631451 0.58964931692041922  1.0367296232090555 1033.882788375736 111.96716238903335 0.59398873368459992  1.036729623209969 1033.8561959689609 111.97570932218298 0.59819548633381459  1.0367296232094563 1033.8296195664504 111.98430127980239 0.60227088470363965  1.0367296232096561 1033.8030657284883 111.99292885138469 0.60621690728365629  1.0367296232096044 1033.7234913467692 112.0188917314789 0.61767451976473109  1.0367296232096315 1033.6703286842301 112.03657952300446 0.62474066966955832  1.0367296232095464 1033.6172112693496 112.05444249908432 0.63128309412134731  1.0367296232097092 1033.5636492757531 112.07298898516223 0.6370283007575982  1.0367296232095722 1033.5105590525216 112.09117357581928 0.64241257849526512  1.0367296232095073 1033.4579177305598 112.10902665759691 0.6474470937835124  1.0367296232098544 1033.4048347588619 112.12753720088337 0.65170932196881404  1.0367296232093324 1033.3512773163845 112.14669685919506 0.65515190646430566  1.036729623209822 1033.2981557709777 112.1654392210551 0.65818485668671778  1.0367296232095096 1033.2449900087831 112.18431616557284 0.66061624561656296  1.0367296232096397 1033.1919404538658 112.20313796043312 0.66253219891824378  1.0367296232096121 1033.1388907716944 112.22195996635779 0.66444799448599989  1.0367296232096217 1033.0857280185924 112.24096576243885 0.6657023582289443  1.0367296232095824 1033.0326107177664 112.259976000474 0.66640478220118238  1.0367296232096268 1032.9790483526137 112.27939072521664 0.6661371102868151  1.0367296232097034 1032.9259576175743 112.29834983046227 0.66563774553992539  1.0367296232093621 1032.8733164141229 112.31688456582859 0.66490906027791086  1.0367296232099483 1032.8202341928143 112.33580514904456 0.66324371864941589  1.0367296232093144 1032.7666774171744 112.35509005370997 0.66059820721091989  1.0367296232097987 1032.7135560064287 112.37385221421344 0.65769124877679497  1.036729623209532 1032.6603906017965 112.3925562179604 0.65417094898420169  1.0367296232096324 1032.6073413950446 112.41104854010469 0.65017749309941875  1.0367296232096121 1032.5542904171677 112.42954297715818 0.64618104103879692  1.0367296232095813 1032.5011263585723 112.44800766998191 0.6414986598432858  1.0367296232097287 1032.4480107164848 112.46630283240891 0.63629528272261293  1.0367296232093666 1032.3944431334048 112.48469033331283 0.63003197606668271  1.0367296232099434 1032.3413459741321 112.50257254280675 0.62368626880363387  1.0367296232092991 1032.288706739691 112.51997141455179 0.61726865610465309  1.0367296232098371 1032.2356344667078 112.53744219483785 0.6098564141624645  1.0367296232094882 1032.1820859143513 112.55496003342718 0.60139692480840712  1.0367296232096614 1032.1289660155676 112.57190523867267 0.59283760000472407  1.0367296232095977 1032.0758047660968 112.58860397015026 0.58371821678083857  1.0367296232096153 1032.0227594426417 112.60495579597381 0.57421402294510737  1.0367296232096117 1031.9962257406889 112.61313847630696 0.56944008954349523  1.0367296232097507 1031.9696638824728 112.6212605181875 0.56450544448810125  1.0367296232090446 1031.9430798693863 112.62931477466118 0.55941794457313709  1.0367296232109378 1031.9164798667368 112.63729471050478 0.55418587432263244  1.0367296232074632 1031.8898701754231 112.64519442043101 0.54881786999825788  1.0367296232121965 1031.8632572036836 112.6530086472843 0.54332284359489735  1.03672962320724 1031.8366474387424 112.66073280024979 0.53770990685453846  1.0367296232112846 1031.8100474185753 112.66836297304665 0.53198829525783486  1.0367296232087204 1031.7834637035589 112.67589596213681 0.52616729203807466  1.0367296232099514 1031.7569028482151 112.68332928492109 0.52025615217657917  1.0367296232095362 1031.7303713728902 112.69066119794387 0.51426402641075042  1.0367296232096117 1031.7038769997855 112.69798214043207 0.50834793392964672  1.0367296232095908 1031.6773536636204 112.70522077105686 0.50228147694373415  1.0367296232097081 1031.6508072486254 112.71237123537607 0.49607335792301277  1.036729623209345 1031.6242438036418 112.71942833279429 0.48973261121680711  1.0367296232101535 1031.5976695146146 112.72638752386689 0.48326852683739752  1.036729623208819 1031.5710906771096 112.73324493759095 0.47669057425075856  1.0367296232104644 1031.5445136687856 112.73999737871779 0.47000832615677396  1.0367296232089287 1031.5179449219333 112.74664233503624 0.4632313822821203  1.036729623210016 1031.491390895935 112.75317798468855 0.45636929316065972  1.0367296232094456 1031.464858049799 112.75960320345645 0.44943148392393972  1.0367296232096526 1031.4383528146384 112.76591757206934 0.44242717808500742  1.0367296232096121 1031.4117280000992 112.77222864841808 0.43517522816403076  1.0367296232096495 1031.385078555671 112.7784264323511 0.42779480282042048  1.0367296232094734 1031.3584107814825 112.7845067975377 0.42029598255121553  1.0367296232099013 1031.3317311338526 112.79046637121044 0.41268903244745264  1.0367296232091952 1031.3050461949797 112.7963025230664 0.40498432145449825  1.0367296232100616 1031.2783626428138 112.80201335416717 0.39719224162708167  1.036729623209236 1031.2516872206581 112.80759768584018 0.38932312739224689  1.0367296232098626 1031.2250267070986 112.81305504857912 0.38138717480259965  1.0367296232094811 1031.1983878856058 112.81838567094454 0.37339436079936916  1.0367296232096617 1031.1717775144059 112.82359046846497 0.36535436246729119  1.036729623209601 1031.1452022961719 112.82867103253716 0.35727647629505693  1.0367296232096126 1031.1189889012444 112.83387965132225 0.34993626119699928  1.0367296232096144 1031.0927307539262 112.83897796972099 0.34245333294348845  1.0367296232095904 1031.0664327509146 112.84396191807811 0.33483667395071531  1.0367296232096868 1031.0400999855967 112.84882804255246 0.32709552094992905  1.0367296232094552 1031.0137377271162 112.85357350683314 0.31923929696400249  1.0367296232098275 1030.9873513993386 112.85819609386259 0.31127754327943757  1.0367296232094019 1030.960946559976 112.86269420754864 0.30321985142487301  1.0367296232097647 1030.9345288795059 112.8670668744909 0.29507579514208693  1.0367296232095318 1030.9081041203099 112.87131374569188 0.28685486236406238  1.0367296232096406 1030.8816781156186 112.87543509828144 0.27856638718763255  1.0367296232096059 1030.8552567485963 112.87943183723176 0.27021948184949313  1.0367296232096126 1030.8278135390665 112.88275242489074 0.25986349432177364  1.0367296232097771 1030.8004219507686 112.8859045254852 0.24954490606765109  1.036729623208946 1030.7730913508094 112.88889404185649 0.23927508424831259  1.0367296232111562 1030.7458309374708 112.89172761675195 0.22906446299142449  1.036729623207121 1030.7186497037665 112.89441252415439 0.21892252462011291  1.0367296232125958 1030.6915564009282 112.89695656062298 0.20885778088102885  1.0367296232068783 1030.6645595019918 112.89936793661718 0.19887775417455841  1.0367296232115506 1030.6376671652674 112.90165516784127 0.18898895878153452  1.0367296232085637 1030.6108871979204 112.90382696656822 0.17919688209428203  1.0367296232100189 1030.5842270194653 112.90589213298065 0.16950596584344027  1.0367296232095189 1030.5576936253149 112.90785944650027 0.15991958732805958  1.0367296232096117 1030.533383272646 112.91199373443011 0.15437504000011684  1.0367296232097443 1030.5087875757113 112.91596879742751 0.14844257344943584  1.0367296232090748 1030.4838974999261 112.91976395118105 0.14211667660287383  1.0367296232108583 1030.4587036131074 112.9233569864227 0.13539214643149058  1.036729623207614 1030.4331960728509 112.92672413541382 0.12826433775525914  1.0367296232119727 1030.4073646139841 112.92984003842437 0.12072941304362407  1.0367296232075014 1030.3811985359043 112.93267771022053 0.11278459222260308  1.036729623211047 1030.3546866900626 112.93520850654413 0.10442840247351896  1.0367296232088812 1030.3278174672923 112.93740209059835 0.095660928040502982  1.0367296232098784 1030.3005787852765 112.93922639952966 0.086484060030449547  1.0367296232095546 1030.2729580759119 112.94064761091153 0.076901746218276071  1.0367296232096117 1030.2411135302543 112.93689508028912 0.060222597221689253  1.0367296232097636 1030.2111568249125 112.93436807988479 0.046258984290353057  1.0367296232090184 1030.1828420201491 112.93287600241409 0.034349795563448797  1.0367296232109613 1030.1559794004409 112.93225151914599 0.0240224740569473  1.0367296232074685 1030.1304221845728 112.93234961553475 0.01493907908106777  1.0367296232121443 1030.106055429899 112.93304616856223 0.0068528555468019402  1.0367296232073324 1030.0827871303527 112.93423606583835 -0.00042468883649703998  1.03672962321119 1030.0605415087339 112.93583086639595 -0.0070461984763990296  1.0367296232087793 1030.03925450272 112.93775600325077 -0.013140376920074821  1.0367296232099317 1030.0188714450858 112.93994752766113 -0.018813385990221761  1.0367296232095387 1029.9993469377762 112.94234839513761 -0.024139737029286599  1.0367296232096121 1029.9875390488762 112.94048463698087 -0.029887762357661749  1.0367296232097722 1029.9746866948565 112.93787552587567 -0.036547069785091361  1.0367296232089607 1029.960741389584 112.93446710701051 -0.044528469260529363  1.0367296232111187 1029.9447492914571 112.92858289243701 -0.052840712835553957  1.0367296232071967 1029.9284327790292 112.92337863591963 -0.065300679334098527  1.036729623212469 1029.9083060803705 112.91268386155664 -0.077693796230937279  1.0367296232070562 1029.8855098375534 112.89862780215817 -0.093210899613565587  1.0367296232113568 1029.8605227033368 112.8823122616933 -0.11664281020506935  1.0367296232087186 1029.8250963238663 112.84932913864733 -0.1412556820403798  1.0367296232099332 1029.773942896572 112.79886391669443 -0.19190716800093055  1.0367296232094501 1029.6617709320449 112.64785968485964 -0.26751618815391992  1.036729623209677 1029.636335710881 112.61269099019441 -0.28370968066341024  1.0367296232092982 1029.6073634178431 112.57161330523071 -0.30046468048920705  1.036729623210251 1029.573714282614 112.52272535562601 -0.31833361029035245  1.0367296232087797 1029.5342244233814 112.46398959920899 -0.33629115886917693  1.0367296232103747 1029.4875404541347 112.39300687757556 -0.35265422572670613  1.0367296232091245 1029.4313224354119 112.30573344507671 -0.36623670644367678  1.0367296232097973 1029.3621373649394 112.19607376893117 -0.37259820079071565  1.0367296232096097 1029.1933001372111 111.92259854115387 -0.34297581043418557  1.0367296232095435 1028.9823241970657 111.56954423819128 -0.17695334391460835  1.0367296232097511 1028.8712045935026 111.38055810468423 -0.045352163447797238  1.0367296232089702 1028.7636917300017 111.19493981878985 0.13201196771572818  1.0367296232109025 1028.6809352545952 111.04514002868099 0.41196711256926605  1.0367296232079457 1028.6685456225619 111.0193414897029 0.61428494278447432  1.0367296232111252 1028.6404781915041 110.96790871162588 0.79969583602697314  1.0367296232086256 1028.6389039587548 110.96323249858642 0.95406432628620819  1.0367296232100554 1028.6383619262879 110.96184591116405 1.081845253842487  1.0367296232094991 1028.648398767906 110.98104235707721 1.40278386505247  1.0367296232098311 1028.6733791428233 111.03427155953928 1.570157830586087  1.0367296232092742 1028.6843622950973 111.06203554695841 1.6460240712153906  1.036729623210694 1028.693435121761 111.08737303508677 1.7042693515444276  1.036729623207469 1028.7006802693058 111.11013264735696 1.7497517310110173  1.0367296232126093 1028.7054847602287 111.12911195462964 1.7851725030396792  1.0367296232065044 1028.7089265408836 111.14590672159595 1.8144279282773599  1.036729623212038 1028.7117956675761 111.16172922832848 1.839662273578804  1.0367296232082046 1028.7133757172792 111.17538906864115 1.8604516723790199  1.0367296232101884 1028.7143457140762 111.18793603858641 1.8785090077984796  1.0367296232094732 1028.7147366155486 111.19939955138108 1.8942220645497816  1.0367296232096121 
1046.4354923426781 112.94754957309333 0.3257297125746022  1.0383466998475064 1046.4096402153718 112.95149171940565 0.31655217110278938  1.0383466998475082 1046.3836866740517 112.95538276986076 0.30726006870821793  1.0383466998474999 1046.3576377533154 112.95921446995243 0.2978541107808515  1.0383466998475299 1046.3314997628383 112.96297832250994 0.28833573916827709  1.0383466998474695 1046.3052792594369 112.9666656617225 0.27870713801342645  1.0383466998475239 1046.2789830192148 112.97026772716397 0.26897123959705765  1.0383466998475412 1046.2526180096042 112.97377573781904 0.25913173017397229  1.0383466998474236 1046.2261913615139 112.97718096610504 0.24919305581575027  1.0383466998475936 1046.1997103413905 112.98047481190083 0.23916042824811859  1.0383466998474538 1046.1731823233347 112.98364887656764 0.22903983069178835  1.0383466998475224 1046.1466147611916 112.98669503697678 0.21883802370156152  1.0383466998475057 1046.1199788919396 112.98984377875075 0.20854533331501218  1.0383466998474087 1046.0933296020414 112.99284145434751 0.19819005803053955  1.0383466998479287 1046.0666744179487 112.99568061802093 0.18778060518382322  1.0383466998464577 1046.0400208366987 112.99835431305591 0.17732605814040917  1.0383466998493287 1046.0133762962962 113.0008561188004 0.16683610229104431  1.0383466998451543 1045.9867481460587 113.00318019770425 0.15632095105042582  1.0383466998498314 1045.9601436170165 113.00532134235011 0.1457912718503605  1.0383466998457256 1045.9335697922436 113.00727502249076 0.13525811214032835  1.0383466998485453 1045.9070335772617 113.0090374320838 0.1247328253800601  1.038346699847073 1045.8805416703801 113.01060553632493 0.11422699703913246  1.0383466998476123 1045.8541005330819 113.01197711868491 0.10375237059156726  1.0383466998475064 1045.827596265651 113.01342921813691 0.093179933132066364  1.0383466998475781 1045.8010533523889 113.01474114840089 0.082549149975619254  1.0383466998472268 1045.7744792435637 113.01590597726651 0.071868016507726895  1.0383466998481328 1045.7478814543767 113.01691721045864 0.06114523642890457  1.0383466998465354 1045.7212675317849 113.01776884383511 0.050390152192336828  1.0383466998486119 1045.6946450214402 113.01845541560699 0.03961267544122489  1.03834669984655 1045.6680214344678 113.01897205852536 0.028823217447060519  1.0383466998481401 1045.6414042144258 113.01931455210898 0.018032619546253091  1.0383466998471869 1045.6148007040965 113.01947937483077 0.0072520835788722898  1.038346699847623 1045.5882181124064 113.01946375633851 -0.0035068976746958701  1.0383466998474804 1045.5616634812657 113.01926572965228 -0.01423261005548138  1.0383466998475064 1045.5351472406828 113.0190286612365 -0.024891895888548711  1.0383466998475761 1045.5085990485361 113.01864098683346 -0.035579947789007527  1.0383466998472206 1045.4820263294687 113.0180974438158 -0.046287490107245477  1.038346699848214 1045.4554365480994 113.01739334364032 -0.057004656795037537  1.0383466998462638 1045.4288371769937 113.01652460732464 -0.067721069914959187  1.0383466998491175 1045.4022356646753 113.01548780091687 -0.078425918149793578  1.0383466998459463 1045.3756394035886 113.01428017097629 -0.089108035311512804  1.038346699848639 1045.3490556981058 113.01289968003989 -0.09975597885126726  1.0383466998468951 1045.3224917325053 113.0113450421039 -0.11035810836793147  1.0383466998477415 1045.2959545389597 113.00961575809218 -0.12090266411814153  1.0383466998474509 1045.2694509655275 113.00771215133399 -0.13137784552516329  1.0383466998475077 1045.2164123064267 113.00392806751016 -0.15238706753258602  1.0383466998475115 1045.1632388524188 112.9995317235921 -0.17342412567281665  1.0383466998474866 1045.1101198267077 112.99447894374849 -0.19425034025832336  1.0383466998475328 1045.0564877927122 112.98882112671538 -0.21553774492838276  1.0383466998475035 1045.0033943899923 112.98241696801841 -0.23601813451568637  1.0383466998474535 1044.9508214478274 112.9753076320055 -0.25565809655183447  1.0383466998476143 1044.897751132236 112.96765814800335 -0.2756226189034649  1.0383466998473834 1044.844138701884 112.95945269231538 -0.29597286802407208  1.0383466998475979 1044.7910216062187 112.95052545185061 -0.31549362388641161  1.0383466998474622 1044.7378590564542 112.94101194603287 -0.33476263895399788  1.0383466998475182 1044.6848268356105 112.93091801118754 -0.35355785943651208  1.0383466998475064 1044.6317909633226 112.92082451745112 -0.3723603947222528  1.0383466998475026 1044.578621633817 112.91014067502493 -0.39099858075455246  1.0383466998475259 1044.525503645121 112.89889821356309 -0.40924098155589372  1.0383466998474415 1044.4718829616568 112.88693798313898 -0.42771350879764108  1.0383466998476685 1044.4188069284282 112.87452178653425 -0.44517854830733605  1.0383466998472084 1044.3662403397004 112.86169567233125 -0.4616505983365472  1.038346699847905 1044.3131599923652 112.84825032700408 -0.47829525253254973  1.0383466998471205 1044.2595372032245 112.83415425382049 -0.49513346336745018  1.0383466998477726 1044.2064233976791 112.81963263889129 -0.5109341330950703  1.0383466998473831 1044.1532582802977 112.80462917964964 -0.52632519888875007  1.0383466998475384 1044.1002232800108 112.78921968890887 -0.54108650691260529  1.0383466998475064 1044.0471879435208 112.77381002866768 -0.55584846802711119  1.0383466998475459 1043.9940192303627 112.75788980525886 -0.57027161625664557  1.0383466998473483 1043.9409014477135 112.74156038931037 -0.584146585902659  1.0383466998478446 1043.8872821054736 112.72447798790883 -0.59801644447848956  1.038346699847035 1043.8342078377357 112.70727389942356 -0.61078665596672044  1.0383466998479598 1043.7816417131728 112.68998603464235 -0.62248838167057252  1.0383466998472199 1043.7285602724382 112.67205447748849 -0.63416562882126393  1.038346699847591 1043.6749365084672 112.65344409094554 -0.64582548327969991  1.0383466998475368 1043.6218230132556 112.6347508122149 -0.65636484351776714  1.0383466998474649 1043.5686576530763 112.6157253255693 -0.66636670860191549  1.038346699847521 1043.5156224024813 112.59650825186493 -0.67564416310391628  1.0383466998475064 1043.4625871247647 112.57729114886163 -0.68492166347460637  1.0383466998475612 1043.4094184746759 112.55769318047498 -0.69371915990476807  1.0383466998472981 1043.3563007143312 112.53787539849645 -0.70186892988657312  1.0383466998479631 1043.3026814978139 112.51734319186529 -0.70978099120651472  1.0383466998468134 1043.249607379807 112.49703511817106 -0.71660960462968826  1.0383466998482707 1043.1970412884907 112.47697741573917 -0.72239633141576043  1.0383466998468809 1043.1439597470883 112.45631489566972 -0.72796105290252289  1.038346699847875 1043.0903359063893 112.43501216009443 -0.73329941351170969  1.0383466998473758 1043.0372224341083 112.41397698658997 -0.73754636619167369  1.0383466998474991 1042.9840570557324 112.39279189994497 -0.74117953040307372  1.0383466998475528 1042.8779865128611 112.35050500472406 -0.7469495443185159  1.0383466998473887 1042.8248178663066 112.3291476580731 -0.74926035043563533  1.0383466998481674 1042.7717001109709 112.30778141735014 -0.75088720432192435  1.0383466998458202 1042.7180809005358 112.28580917639529 -0.7520672137486869  1.0383466998503865 1042.6650067989372 112.26438492114086 -0.75228605426939921  1.0383466998438942 1042.6124407043412 112.24352071165534 -0.75159139233666339  1.0383466998509461 1042.5593591599852 112.22214988927109 -0.75049869086454546  1.0383466998450079 1042.5057353095065 112.20024012175402 -0.74899287466165898  1.0383466998488562 1042.4526218419453 112.17892211102736 -0.74653173642993431  1.0383466998470066 1042.399456460309 112.15765118083672 -0.74344053166874235  1.038346699847597 1042.3199035524644 112.12615098469509 -0.73775571212127256  1.03834669984749 1042.2933525732601 112.11564442224109 -0.73570772293956799  1.0383466998474797 1042.2667756912306 112.10514131224932 -0.73350285211787114  1.0383466998476343 1042.2401803909891 112.09465210612213 -0.73113792371397879  1.0383466998472488 1042.2135741711909 112.08418767804554 -0.72861044026223454  1.0383466998478492 1042.1869645096033 112.073759236955 -0.72591860884332982  1.0383466998471851 1042.1603588335397 112.0633782486549 -0.72306136275904065  1.0383466998477127 1042.1337644850082 112.05305634779781 -0.72003838746768178  1.0383466998474311 1042.107188690467 112.04280525881539 -0.71685014290844218  1.0383466998475053 1042.0806385270116 112.03263670984336 -0.7134978885003489  1.0383466998475273 1042.0010856190577 112.00241363486693 -0.70295534223756906  1.0383466998474209 1041.9479169747012 111.98233501987752 -0.69531825209927045  1.0383466998479183 1041.8947992170449 111.96255897920605 -0.68706772019887119  1.0383466998465267 1041.8411800104143 111.94244586349703 -0.67814392607132101  1.0383466998490756 1041.7881059067045 111.92325735669843 -0.66861250730337463  1.0383466998456559 1041.7355398146851 111.90498258498455 -0.65852140508598656  1.0383466998491677 1041.6824582680294 111.88643711441343 -0.64784565154552431  1.0383466998463655 1041.6288344180305 111.86759899574028 -0.63655713266122949  1.0383466998480897 1041.5757209502528 111.84972184208902 -0.62468606831798479  1.0383466998473019 1041.5225555685695 111.83217268200812 -0.61227498438627637  1.0383466998475392 1041.4164850246254 111.79819131341497 -0.58645364957509671  1.0383466998474935 1041.3633163802408 111.78145540637594 -0.57298571197263615  1.0383466998474979 1041.3101986226034 111.76519682863868 -0.55902785720222103  1.0383466998475896 1041.2565794159252 111.74882572282314 -0.54432553007061235  1.0383466998473014 1041.2035053122165 111.73352173878639 -0.52933103743681886  1.0383466998478352 1041.1509392201795 111.71925972009146 -0.51408661387985422  1.0383466998470885 1041.0978576735517 111.70492091879228 -0.49820250334163663  1.0383466998479265 1041.0442338235607 111.69049314745899 -0.48164518509446141  1.0383466998471851 1040.9911203557806 111.67715932460862 -0.46483078770295766  1.0383466998476862 1040.9379549741022 111.66430431741939 -0.44760415675728082  1.038346699847432 1040.8318844301639 111.63996534667137 -0.41254578764278721  1.0383466998476296 1040.7787157857797 111.62821037482416 -0.39456533813418621  1.0383466998468704 1040.7255980281432 111.61706076285571 -0.37626645257770425  1.0383466998491091 1040.6719788214689 111.60603418493362 -0.35722475864415304  1.0383466998447877 1040.6189047177629 111.59611278424651 -0.33823495757166183  1.0383466998508881 1040.5663386257299 111.5872595843786 -0.31932944306351041  1.0383466998443178 1040.5132570790938 111.57853103405625 -0.29979182294326978  1.0383466998498021 1040.4596332291028 111.56992590083202 -0.27958645099971613  1.0383466998462767 1040.4065197613211 111.5624406162645 -0.25947463092947576  1.038346699847952 1040.3533543796434 111.5555380996292 -0.23911871563203901  1.0383466998474387 1040.2472838357012 111.54322399474451 -0.19825506964334552  1.0383466998475135 1040.1941151913113 111.53760061662777 -0.17752215989649583  1.038346699847646 1040.1409974336791 111.53265137212874 -0.15667346597051923  1.038346699847033 1040.0873782269916 111.52804868035822 -0.1351563388937144  1.038346699848423 1040.0343041232843 111.52448103882595 -0.11403008340686764  1.0383466998462636 1039.9817380312454 111.5219032706743 -0.09331408142696708  1.0383466998487474 1039.9286564846204 111.51963938266672 -0.072035430119360644  1.0383466998465785 1039.8750326346355 111.51769921795986 -0.050159847080266128  1.0383466998480135 1039.8219191668525 111.51679518348122 -0.028719289402403789  1.0383466998473241 1039.7687537851796 111.51652082382485 -0.0072266685782678003  1.0383466998475301 1039.6626832412394 111.51743697519663 0.035442235894823149  1.0383466998475148 1039.6095145968468 111.51849564624666 0.056898124220136688  1.0383466998473818 1039.556396839218 111.52023123575289 0.078255811087260152  1.0383466998478701 1039.5027776325271 111.52250297368323 0.1001421249915188  1.0383466998468385 1039.4497035288182 111.5256383169319 0.1213368497986808  1.0383466998483979 1039.3971374367811 111.52958831039903 0.141835512640899  1.0383466998466031 1039.3440558901571 111.5340106898324 0.16277229248688585  1.0383466998482105 1039.2904320401778 111.53892541046717 0.184176752143278  1.0383466998470905 1039.2373185723923 111.54469111927627 0.20484729625481499  1.0383466998476856 1039.1841531907221 111.55107177282642 0.22537277513300019  1.0383466998474526 1039.1046002827673 111.56161431908532 0.25559585010559599  1.038346699847549 1039.0780493036721 111.56528068265713 0.26565268304179329  1.0383466998472843 1039.0514724215216 111.56910145618738 0.27568156477087447  1.0383466998480702 1039.0248771214633 111.57307814184249 0.28567167469782656  1.0383466998465207 1038.9982709015037 111.57721150490173 0.29561188310131931  1.038346699848772 1038.9716612400894 111.58150156309516 0.30549083722257564  1.0383466998462731 1038.9450555639164 111.58594757603738 0.3152970467920822  1.0383466998484263 1038.9184612154822 111.5905480345621 0.32501897020131165  1.0383466998469948 1038.8918854209046 111.59530065014715 0.3346451000103487  1.0383466998476965 1038.8653352574875 111.60020234426692 0.34416404906803982  1.0383466998474766 1038.7857823495351 111.61534302485376 0.37236581024791782  1.0383466998475328 1038.7326137051521 111.62602707713106 0.39100252011021153  1.0383466998474409 1038.6794959475171 111.63726968563651 0.40924441731539873  1.0383466998476487 1038.6258767408408 111.64922999754485 0.42771391832602967  1.038346699847263 1038.5728026371517 111.66164581253096 0.44517514032147287  1.0383466998478308 1038.5202365451005 111.67447148067424 0.46164632316665338  1.0383466998471713 1038.4671549984757 111.68791694873902 0.47829341236142464  1.0383466998477726 1038.413531148462 111.7020134182422 0.49513368915259781  1.0383466998473447 1038.3604176806914 111.71653493305122 0.51093370176120367  1.0383466998475828 1038.3072522990014 111.73153850941699 0.52632528129859701  1.0383466998474771 1038.201181755062 111.76235779796502 0.55584893614912623  1.0383466998475541 1038.1480131106866 111.77827799556664 0.57027194676847859  1.0383466998472546 1038.0948953530444 111.79460740789673 0.58414686490096746  1.038346699848161 1038.0412761463817 111.81168973015451 0.59801646452358093  1.0383466998463458 1037.9882020426789 111.82889368625078 0.61078637568147731  1.0383466998490198 1037.9356359506478 111.84618149691697 0.62248805200285073  1.0383466998460231 1037.8825544040087 111.86411313041424 0.6341654965553537  1.0383466998486071 1037.8289305540075 111.88272360129659 0.64582550287038687  1.038346699846898 1037.7758170862305 111.90141685499701 0.65636481297303007  1.0383466998477413 1037.7226517045483 111.92044236370627 0.66636671490153188  1.0383466998474551 1037.6165811606054 111.95887655999458 0.68492169532174096  1.0383466998475548 1037.5634125162201 111.97847452306625 0.69371918196001903  1.0383466998473239 1037.5102947585842 111.99829230256181 0.70186894733333327  1.0383466998479125 1037.4566755519038 112.01882449846603 0.70978099258216154  1.0383466998468758 1037.4036014481949 112.03913255259599 0.71660958500415672  1.0383466998482436 1037.3510353561608 112.05919025442981 0.72239631323492515  1.0383466998468445 1037.2979538095317 112.0798527801235 0.72796104346352297  1.0383466998479574 1037.2443299595445 112.10115552981027 0.73329941665583287  1.0383466998472817 1037.1912164917633 112.1221906964923 0.73754636313880195  1.0383466998475792 1037.138051110089 112.14337578818511 0.74117953161512484  1.0383466998474982 1037.0319805661488 112.18566268528861 0.74694954683193704  1.0383466998475037 1036.9788119217576 112.20702002866169 0.7492603501893732  1.0383466998475332 1036.9256941641279 112.22838627298064 0.75088720699214595  1.0383466998474482 1036.8720749574381 112.25035850814615 0.75206721172809343  1.038346699847581 1036.8190008537351 112.27178276645611 0.75228605519231007  1.0383466998474484 1036.766434761694 112.29264697186341 0.75159139005692288  1.0383466998475228 1036.7133532150697 112.31401779776944 0.75049869141128311  1.0383466998475284 1036.6597293650805 112.33592756471727 0.74899287434480932  1.0383466998474684 1036.6066158972992 112.35724557569812 0.74653173648700888  1.0383466998475439 1036.553450515624 112.37851650600506 0.74344053168148572  1.0383466998474777 1036.4738976076685 112.4100167023589 0.73775571222678449  1.0383466998475477 1036.4473466285772 112.42052326460967 0.73570772295186582  1.0383466998472366 1036.4207697464249 112.4310263748322 0.73350285223423417  1.0383466998482231 1036.3941744463709 112.44151558060766 0.73113792367599573  1.0383466998462525 1036.36756822641 112.45198000900119 0.72861044036218148  1.0383466998491153 1036.340958564999 112.46240844974592 0.72591860880243897  1.0383466998459348 1036.3143528888249 112.47278943827027 0.72306136280818811  1.0383466998486852 1036.2877585403946 112.48311133892473 0.72003838744625071  1.03834669984684 1036.2611827458156 112.49336242798429 0.71685014291401872  1.0383466998477677 1036.2346325824017 112.50353097687341 0.71349788848475293  1.0383466998474526 1036.1550796744489 112.53375405184383 0.70295534222441536  1.0383466998475976 1036.1019110300615 112.55383266689159 0.69531825209883247  1.038346699847144 1036.04879327243 112.5736087075136 0.68706772018988171  1.0383466998483797 1035.9951740657455 112.59372182332601 0.67814392608040897  1.0383466998460247 1035.9420999620561 112.61291033008295 0.66861250730101796  1.0383466998493791 1035.8895338700033 112.63118510187168 0.65852140509203794  1.0383466998456916 1035.8364523233829 112.64973057237178 0.64784565154225382  1.0383466998488584 1035.7828284733714 112.66856869106675 0.63655713266193514  1.0383466998467552 1035.7297150056006 112.68644584470626 0.62468606831709061  1.0383466998477879 1035.6765496239134 112.70399500479537 0.61227498438501804  1.0383466998474604 1035.5704790799746 112.73797637337853 0.58645364957376322  1.0383466998475162 1035.5173104355968 112.7547122804034 0.57298571197287784  1.0383466998475632 1035.4641926779559 112.77097085814739 0.55902785720164549  1.0383466998472908 1035.4105734712912 112.78734196393506 0.54432553007421647  1.038346699847934 1035.3574993675861 112.80264594796594 0.52933103744456689  1.0383466998469257 1035.3049332755556 112.81690796664715 0.51408661389185339  1.0383466998480719 1035.251851728915 112.831246767972 0.49820250334904315  1.0383466998471234 1035.1982278789214 112.84567453930903 0.48164518509960613  1.038346699847664 1035.1451144111397 112.85900836216278 0.46483078770763947  1.0383466998474962 1035.0919490294605 112.87186336935312 0.4476041567616168  1.0383466998474657 1034.9858784855167 112.89620234011159 0.41254578764304367  1.0383466998476163 1034.9327098411263 112.90795731196795 0.39456533812985367  1.0383466998468891 1034.8795920834966 112.91910692393186 0.37626645257634833  1.0383466998490936 1034.8259728768026 112.93013350187553 0.3572247586296049  1.038346699844745 1034.7728987731034 112.940054902569 0.33823495755373167  1.038346699851042 1034.7203326810532 112.94890810244564 0.31932944303424898  1.0383466998440725 1034.667251134445 112.95763665274056 0.29979182293448337  1.0383466998500561 1034.6136272844465 112.96624178596225 0.27958645098954599  1.0383466998460837 1034.5605138166736 112.97372707052342 0.25947463092704404  1.0383466998480622 1034.5073484349937 112.9806295871588 0.23911871562742612  1.0383466998473887 1034.4012778910596 112.99294369203091 0.19825506965162212  1.0383466998476014 1034.3481092466664 112.99856707014716 0.17752215989654935  1.0383466998471851 1034.2949914890585 113.00351631462981 0.15667346601534599  1.0383466998481925 1034.2413722823189 113.00811900643396 0.13515633883914144  1.0383466998464694 1034.1882981787758 113.0116866478055 0.11403008363817203  1.0383466998486806 1034.1357320865577 113.01426441613758 0.093314081335267154  1.0383466998464732 1034.0826505401026 113.01652830400516 0.072035430342546072  1.0383466998482296 1034.0290266898444 113.0184684689726 0.050159846832371763  1.0383466998471025 1033.9759132222293 113.01937250329226 0.02871928945193776  1.0383466998476829 1033.9227478403959 113.01964686309594 0.0072266683484649898  1.038346699847448 1033.8166772965269 113.01873071164324 -0.035442235993365268  1.0383466998475945 1033.7635086522466 113.01767204043026 -0.056898124144645609  1.0383466998470934 1033.7103908946517 113.01593645105768 -0.078255810914435425  1.038346699848461 1033.6567716878221 113.01366471287312 -0.10014212517684193  1.0383466998460231 1033.6036975858265 113.01052936882721 -0.12133684667029943  1.0383466998491995 1033.5511314921037 113.00657937624258 -0.14183551282895598  1.03834669984603 1033.4980499466208 113.00215699660951 -0.16277229034450433  1.0383466998485011 1033.444426093705 112.99724227734296 -0.18417675567369549  1.0383466998469955 1033.3913126274331 112.99147656779257 -0.20484729681990335  1.038346699847696 1033.3381472440315 112.98509591495565 -0.22537277906797942  1.0383466998474629 1033.2585943363069 112.97455336837749 -0.2555958535898345  1.0383466998475315 1033.2320433598379 112.97088700378886 -0.26565268136212056  1.0383466998473838 1033.2054664753077 112.96706623091075 -0.27568156782044595  1.0383466998478477 1033.1788711817128 112.96308954357544 -0.28567166493329543  1.0383466998468336 1033.1522649547278 112.9589561819689 -0.29561188735888078  1.0383466998484632 1033.1256553043884 112.95466612175819 -0.30549081939617445  1.0383466998465094 1033.0990496182492 112.95022011044509 -0.31529704890963789  1.0383466998482753 1033.0724552811373 112.94561965036594 -0.32501894967460992  1.0383466998470721 1033.045879479354 112.94086703587573 -0.33464509391355635  1.0383466998476742 1033.01932932257 112.93596534110615 -0.34416402967621423  1.0383466998474733 1032.9397764083685 112.92082466201694 -0.37236580330419106  1.0383466998475552 1032.8866077508803 112.91014061087294 -0.39100253932007106  1.0383466998473481 1032.8334900115574 112.89889800222542 -0.40924439987172395  1.038346699847825 1032.779870763977 112.88693769202322 -0.42771398271925787  1.0383466998470583 1032.7267966279153 112.87452186446824 -0.44517526935912405  1.0383466998479849 1032.6742305368941 112.86169618742676 -0.46164645041770536  1.0383466998471047 1032.6211490598323 112.84825073023701 -0.47829340146054222  1.0383466998477706 1032.5675252628798 112.83415428412259 -0.49513357329720814  1.0383466998473747 1032.514411808547 112.81963277880688 -0.51093355955284814  1.0383466998475519 1032.4612464569764 112.80462922189355 -0.52632507918977434  1.0383466998474975 1032.4082112150611 112.7892196005796 -0.54108684634311499  1.0383466998475064 1032.3551758269045 112.77380990559494 -0.55584889758275813  1.0383466998475213 1032.3020070650628 112.75788964242925 -0.57027213282628253  1.0383466998474564 1032.2488894676046 112.74156033909901 -0.58414676055414516  1.0383466998475634 1032.1952697776862 112.72447772422981 -0.59801726631195051  1.0383466998475441 1032.1421950717229 112.70727323310012 -0.61078828735110191  1.0383466998472932 1032.0896291632705 112.68998539400847 -0.62248961854294693  1.0383466998478448 1032.036548557483 112.67205450139411 -0.63416534794335078  1.0383466998471746 1031.9829254925692 112.65344483406724 -0.64582394678161437  1.0383466998477318 1031.9298121753086 112.63475180197671 -0.65636300303167183  1.0383466998474027 1031.8766471972212 112.61572680359963 -0.66636419020110871  1.0383466998475332 1031.8236123066647 112.59651024783825 -0.67564100344589373  1.0383466998475064 1031.7705753807152 112.57729149433949 -0.68492125992343744  1.0383466998474806 1031.7174051165416 112.55769171039849 -0.69372141101437645  1.0383466998476059 1031.6642895683312 112.53787653625987 -0.70186795144633518  1.0383466998472939 1031.6106636880013 112.51733666596188 -0.70979044959376814  1.038346699847795 1031.5575818436016 112.49701749647994 -0.71663065693708206  1.0383466998472304 1031.5050187991953 112.47696136363858 -0.72241248530631152  1.0383466998477122 1031.4519497286265 112.45631519274279 -0.72795872624024072  1.0383466998473827 1031.3983356557032 112.43502775492954 -0.73328323015951602  1.0383466998475643 1031.3452238522282 112.41399604780467 -0.73752816117689368  1.0383466998474862 1031.2920631830561 112.39281961083339 -0.74115489613039942  1.0383466998475106 1031.2390321638777 112.37168484237098 -0.74403414394775158  1.0383466998475062 1031.2125039663383 112.36109779691708 -0.7454899480442152  1.0383466998476287 1031.185942713322 112.35045705199794 -0.74680161613744489  1.0383466998470088 1031.1593558722443 112.33977092896254 -0.74796241260032714  1.0383466998486548 1031.1327509546015 112.32904843248591 -0.74896607339597498  1.0383466998456827 1031.1061354834333 112.31829917838301 -0.74980685455008067  1.0383466998496356 1031.0795169610374 112.30753332141371 -0.75047958061476383  1.0383466998456243 1031.0529028363167 112.29676148310172 -0.75097969314521984  1.0383466998487809 1031.0263004725673 112.28599467953561 -0.75130329916057303  1.0383466998468525 1030.9997171148286 112.2752442491887 -0.75144721962083183  1.0383466998477477 1030.9731598575927 112.26452178072267 -0.75140903789026603  1.0383466998474524 1030.9466356122725 112.25383904080262 -0.75118714821020416  1.0383466998475062 1030.9201539999003 112.24323007023949 -0.75092190204246223  1.0383466998474487 1030.8936376984532 112.23259079399236 -0.7505087629511209  1.0383466998477551 1030.8670940556408 112.22193026710758 -0.7499424045912565  1.0383466998468682 1030.8405304693124 112.21125814280727 -0.74921805424831633  1.0383466998486823 1030.8139543554867 112.20058459602394 -0.74833152988406115  1.0383466998459008 1030.7873731164748 112.18992024693058 -0.74727927717079012  1.0383466998491526 1030.7607941088609 112.17927608447715 -0.74605840654350641  1.0383466998462259 1030.7342246116609 112.16866338991981 -0.74466673022971186  1.0383466998482553 1030.7076717942978 112.15809366035687 -0.74310279930208922  1.0383466998471944 1030.6811426847325 112.14757853225957 -0.74136594071194017  1.0383466998475828 1030.6546441374869 112.13712970500623 -0.7394562943358558  1.0383466998475064 1030.6280081163691 112.12642419125567 -0.73764761490013808  1.0383466998475743 1030.6013447576199 112.11571496360887 -0.73567800346281353  1.0383466998472417 1030.5746618010382 112.10501260000348 -0.73354376396527343  1.0383466998481035 1030.547967008436 112.09432816788026 -0.73124191263022986  1.0383466998465514 1030.5212681304217 112.08367313493875 -0.72877019801908627  1.038346699848671 1030.494572873155 112.07305927989381 -0.72612712109423416  1.0383466998463982 1030.467888865147 112.06249860323148 -0.72331195527328007  1.0383466998483295 1030.441223623998 112.05200323796512 -0.7203247664940613  1.0383466998470443 1030.4145845232069 112.04158536039172 -0.71716643326785712  1.0383466998476871 1030.387978758914 112.0312571008477 -0.71383866674312768  1.0383466998474657 1030.3614133166923 112.0210304544653 -0.71034403076168418  1.0383466998475066 1030.3352632126107 112.0116185431658 -0.70667047586966181  1.0383466998475028 1030.3090554514806 112.00220541200072 -0.70286744901492071  1.0383466998475075 1030.2827965188774 111.99279947204005 -0.69893172466585685  1.0383466998475341 1030.2564930299673 111.9834096205432 -0.69486062495151957  1.0383466998474113 1030.2301517002204 111.97404517339491 -0.69065204706987604  1.0383466998476603 1030.2037793162212 111.96471579754083 -0.68630449068714938  1.0383466998473454 1030.1773827063494 111.95543144342368 -0.68181708534928254  1.0383466998476254 1030.1509687115972 111.94620227741854 -0.67718961787987553  1.0383466998474451 1030.124544156273 111.93703861426914 -0.67242255979068866  1.0383466998475235 1030.0981158187797 111.92795084952328 -0.66751709468237475  1.0383466998475042 1030.0716904023545 111.91894939196889 -0.6624751456515422  1.0383466998475066 1030.0440870726827 111.90759333141644 -0.65758270427526855  1.0383466998476409 1030.0165608486466 111.89639432078839 -0.65248121326817132  1.0383466998469677 1029.9891209817317 111.88536803359661 -0.64717774637617886  1.0383466998487429 1029.9617762918167 111.87452947913954 -0.64168052746254367  1.0383466998455371 1029.9345351549377 111.86389292438845 -0.63599882063078594  1.0383466998498267 1029.9074054913112 111.8534718158767 -0.6301428203376197  1.0383466998454189 1029.8803947529798 111.84327870158538 -0.62412354152061522  1.0383466998489617 1029.8535099119083 111.83332515283236 -0.61795270970830907  1.0383466998467294 1029.8267574476388 111.82362168615889 -0.61164265114733651  1.0383466998478057 1029.8001433352986 111.81417768521746 -0.60520618291611705  1.0383466998474382 1029.7736730333793 111.80500132265927 -0.5986565030471569  1.0383466998475062 1029.7497414555166 111.80091310733991 -0.5926382192103119  1.0383466998476216 1029.7254527538064 111.79658975218433 -0.58653117552751755  1.0383466998470403 1029.7007990561808 111.7920153866251 -0.58031952397646591  1.0383466998485711 1029.67577247949 111.78717346364273 -0.57398584018371834  1.0383466998458439 1029.6503652161186 111.78204695368447 -0.56751094579914918  1.0383466998493949 1029.6245696209139 111.77661853858892 -0.56087373085512693  1.0383466998459054 1029.5983782976498 111.77087080550235 -0.55405097614937016  1.0383466998485258 1029.5717841860585 111.76478644080467 -0.54701717559775709  1.0383466998470254 1029.5447806482862 111.75834842402614 -0.5397443586185543  1.0383466998476676 1029.517361555834 111.75154022177146 -0.53220191248957649  1.0383466998474731 1029.489521376162 111.74434598163901 -0.52435640472441425  1.0383466998475062 1029.4567925668875 111.7276706936706 -0.51417141855348725  1.0383466998476787 1029.4263954316539 111.71432872787059 -0.50441574033986447  1.0383466998468263 1029.3979449099957 111.7036069049194 -0.4951944392754406  1.0383466998490634 1029.3711646543929 111.69497448088347 -0.4865507113448288  1.0383466998450086 1029.3458561719581 111.68803440790398 -0.4784893813023236  1.0383466998504909 1029.3218738645076 111.68248367745467 -0.4709951048523181  1.0383466998447874 1029.2991059668743 111.67808274617573 -0.46404527103336413  1.0383466998494006 1029.2774613836395 111.67463404427318 -0.45761760480410379  1.0383466998465141 1029.2568624240951 111.6719695664965 -0.45169246983442135  1.0383466998478783 1029.237243435608 111.66994754568211 -0.446249871497646  1.0383466998474229 1029.2185553352535 111.66845820887244 -0.44126116006774585  1.0383466998475064 1029.20676156427 111.66328485104945 -0.43692808394054627  1.0383466998476603 1029.193722988332 111.65707832727672 -0.4319554074537591  1.0383466998468778 1029.1792117385658 111.64946597818292 -0.42650626018772464  1.038346699848971 1029.1632324800792 111.64031286390735 -0.41815651827874495  1.0383466998451356 1029.1447735054146 111.62824272756743 -0.41253010229180664  1.0383466998503441 1029.1241445737624 111.61322714172489 -0.40039404567620401  1.0383466998449304 1029.1003468582303 111.59382047855875 -0.38587649697949117  1.0383466998492914 1029.0712527037986 111.5666442315019 -0.37281434057742335  1.0383466998465811 1029.0359925434313 111.52902810237214 -0.34132889579079334  1.0383466998478417 1028.9782454325343 111.46022468126704 -0.30198050579718705  1.0383466998473374 1028.8766653381506 111.31279924769136 -0.16243377976259657  1.0383466998475728 1028.8542745595996 111.27956225619809 -0.12949011697872251  1.0383466998471922 1028.8297883378859 111.24245796749092 -0.090175539745783378  1.0383466998481408 1028.8023532538812 111.1999276911985 -0.042647135961318673  1.038346699846689 1028.7718839563236 111.15165532355201 0.015945942804639849  1.0383466998482433 1028.7385239804983 111.09766711206225 0.089218123643749286  1.0383466998470465 1028.7016689511688 111.03662504234569 0.18236755409149974  1.0383466998476745 1028.6617678234454 110.96873325794154 0.3046664331099323  1.0383466998475057 1028.5873676450658 110.83720591325871 0.63324490367855257  1.0383466998474444 1028.5589152496198 110.77405448671365 1.1254024815222601  1.0383466998476309 1028.5658386477476 110.77599272580483 1.4118422051070612  1.0383466998469435 1028.5972164814525 110.81820168085841 1.7192732787632545  1.038346699848617 1028.6919216487163 110.96697414906598 2.041905601762704  1.0383466998461024 1028.7840275193983 111.12223280082422 2.1827499132170676  1.0383466998487547 1028.8597971290867 111.2485543852234 2.3433057199900666  1.038346699846707 1028.9336996604081 111.37583753004608 2.4343461252951051  1.0383466998478625 1028.9949865372541 111.48274981116714 2.5072612200859088  1.038346699847414 1029.1539500058002 111.76468197763707 2.6658341158166992  1.0383466998476878 1029.2446771121192 111.93759090610845 2.7027175901039722  1.0383466998472251 1029.2846724326612 112.01847181076367 2.7165872977228385  1.0383466998484072 1029.3150433384176 112.08316458284543 2.7235729081355156  1.0383466998457249 1029.3382358136716 112.13564843873566 2.7264764934669681  1.0383466998499837 1029.3552748249592 112.17749090595059 2.7281161252586972  1.0383466998449513 1029.3686360213462 112.21287388321949 2.7288044931931417  1.0383466998495021 1029.3797818850342 112.24429129099241 2.7283373490422616  1.0383466998463362 1029.3881384517194 112.27070127547607 2.727826423806766  1.0383466998479944 1029.3948982480022 112.29414305305674 2.7270168631401916  1.0383466998473869 1029.4002687748143 112.31495797315281 2.7260856837907461  1.0383466998475064 
1045.7886683124257 114.04291831681537 -1.0983157591271457  0.85353433019614966 1045.7621514872633 114.02726329028029 -1.1222654328616193  0.85353433019614922 1045.7356215380851 114.0112466222235 -1.1461430811449882  0.85353433019614622 1045.7090802439282 113.9948646023972 -1.1699341209136109  0.85353433019617464 1045.6825293316224 113.97811426687625 -1.1936230417527933  0.85353433019608727 1045.6559704590627 113.96099345776828 -1.2171934969319729  0.85353433019624103 1045.6294051985644 113.9435008829536 -1.2406283944478715  0.8535343301960624 1045.6028350201 113.92563617578155 -1.2639099880560405  0.85353433019620217 1045.5762612746742 113.90739995481917 -1.2870199683160619  0.85353433019613334 1045.5496851775663 113.88879388354785 -1.3099395536237497  0.85353433019614922 1045.5231077916769 113.86982073010282 -1.332649581253325  0.85353433019615144 1045.4965300108079 113.85048442698364 -1.3551305983934752  0.8535343301961491 1045.4699517731256 113.83111853402603 -1.3778030578124041  0.85353433019606473 1045.4433746430489 113.81139167741965 -1.4001979199633567  0.85353433019650926 1045.4167989820212 113.79131007104462 -1.4222950766800904  0.85353433019527125 1045.3902249560545 113.77088112696917 -1.4440744697897911  0.85353433019765002 1045.3636525410145 113.75011340691714 -1.46551620623729  0.85353433019424829 1045.3370815280148 113.72901657374716 -1.4866006731868879  0.85353433019799085 1045.310511528651 113.70760134291615 -1.5073086531579327  0.85353433019477454 1045.2839419804282 113.68587943395978 -1.5276214391187835  0.85353433019692848 1045.2573721519948 113.66386352195798 -1.5475209496230258  0.85353433019583436 1045.230801148537 113.64156718901128 -1.5669898439103802  0.85353433019622538 1045.2042279170632 113.61900487571067 -1.5860116370316948  0.85353433019614966 1045.1776542901241 113.59638787736436 -1.6052039382941989  0.85353433019620772 1045.1510790853556 113.57344846108928 -1.6241088141060234  0.85353433019592129 1045.1245031710421 113.55019364344625 -1.642707638339318  0.85353433019667391 1045.0979272412476 113.52663164866452 -1.6609817439307479  0.85353433019530567 1045.071351814131 113.50277186586814 -1.6789125417560744  0.85353433019716085 1045.0447772302862 113.47862480631269 -1.6964816395279183  0.85353433019522151 1045.0182036510428 113.45420206060814 -1.71367096065725  0.85353433019680702 1044.9916310568151 113.42951625595643 -1.7304628631610615  0.85353433019579628 1044.9650592454057 113.40458101337683 -1.7468402585219132  0.85353433019628555 1044.9384878303413 113.37941090493905 -1.7627867305884941  0.8535343301961188 1044.9119162391917 113.35402141099279 -1.7782866544478173  0.85353433019614966 1044.8853448784366 113.32868101126982 -1.7936893712558755  0.85353433019620284 1044.858772237 113.3030730532515 -1.8087473566801771  0.85353433019593028 1044.8321990419749 113.27720794193044 -1.8234434380228444  0.85353433019669089 1044.8056258422821 113.25109725414455 -1.8377606607991894  0.85353433019519975 1044.7790530088305 113.2247536726281 -1.8516823944986038  0.85353433019738156 1044.7524807347304 113.19819092004188 -1.8651924383520693  0.85353433019495284 1044.7259090354353 113.17142369303647 -1.8782751270921845  0.85353433019702929 1044.6993377489573 113.14446759627299 -1.8909154367188781  0.85353433019566516 1044.6727665360261 113.11733907648853 -1.9030990902632823  0.85353433019633984 1044.6461948802785 113.09005535652312 -1.9148126635497245  0.85353433019610447 1044.6196220884374 113.06263436937363 -1.9260436909613079  0.85353433019615066 1044.5664763102927 113.00774012311878 -1.9485782523204689  0.85353433019616465 1044.5133255437345 112.95199498468202 -1.9695924020879512  0.85353433019608183 1044.4601741627978 112.89568783820008 -1.9887900851229232  0.8535343301963112 1044.4070307565748 112.83805580242347 -2.0068910996205744  0.85353433019588565 1044.3538954420096 112.78058963061791 -2.0224611326470545  0.85353433019647018 1044.3007546431381 112.72338681129268 -2.0355175695382717  0.85353433019585079 1044.247600377658 112.66515817855763 -2.0474159900672708  0.85353433019636504 1044.1944455702435 112.60585096287643 -2.0581927636566886  0.85353433019603264 1044.1413061638732 112.54688016055213 -2.0664374184033645  0.85353433019619385 1044.0881648325724 112.48766087372927 -2.0728944853760818  0.85353433019614067 1044.0350199044947 112.42850687175012 -2.0773483094486234  0.85353433019614955 1043.9818749540507 112.36934451269863 -2.0818082520627357  0.85353433019616654 1043.9287249323011 112.30984518824896 -2.0845583592522603  0.85353433019607827 1043.8755739256817 112.2503641663142 -2.0854131290785629  0.85353433019631719 1043.822431496407 112.18998769879879 -2.0847997442101369  0.85353433019588543 1043.7692961845805 112.13056572893818 -2.081827459432732  0.85353433019644154 1043.7161543427248 112.07214304232646 -2.0765646533976962  0.8535343301959214 1043.6629995316159 112.01306182000502 -2.0699016596542621  0.85353433019627345 1043.6098449788494 111.95330095457253 -2.0618351263733969  0.85353433019610658 1043.5567053160969 111.89467652583613 -2.0514494943553321  0.85353433019615643 1043.5035639630214 111.83635350095624 -2.039293229333575  0.85353433019615033 1043.4504191200128 111.77871102545237 -2.02525169685557  0.85353433019614966 1043.3972742749465 111.72106764405021 -2.0112104623814804  0.85353433019617686 1043.344124340445 111.66363234201035 -1.9954389934126915  0.85353433019604052 1043.2909733759639 111.60679895933605 -1.9778709680618047  0.85353433019637837 1043.237831044479 111.54957080947837 -1.9586292198217072  0.85353433019583924 1043.1846957271159 111.493980549507 -1.9374392173594328  0.85353433019644454 1043.1315537746091 111.44004482857397 -1.9143805757692318  0.85353433019595493 1043.0783989089898 111.3859111495312 -1.8897872057928207  0.85353433019622715 1043.0252443856916 111.33156515829788 -1.8636485680844757  0.85353433019614433 1042.9721046971044 111.27902020721237 -1.8356551887306687  0.853534330196138 1042.9189633425649 111.2273075219354 -1.8060711103311009  0.85353433019615454 1042.8658185077893 111.17682463672193 -1.7749042995807689  0.85353433019614955 1042.8126736728477 111.12634167458134 -1.7437374890852044  0.85353433019620417 1042.7595237464238 111.07659128921881 -1.7109894377982384  0.8535343301959355 1042.7063727857651 111.02796841293188 -1.6767187609337448  0.85353433019663716 1042.6532304626073 110.97948759048587 -1.64073431892063  0.85353433019537139 1042.6000951444623 110.93316660119619 -1.603403158773941  0.85353433019707314 1042.5469531822359 110.88899628341831 -1.5648060819919591  0.85353433019531377 1042.4937983119657 110.84511158203158 -1.5246881349532173  0.85353433019671898 1042.440643791399 110.80150254374868 -1.4830349267425937  0.85353433019587843 1042.3875041005897 110.76017982055764 -1.4401743694777833  0.8535343301962135 1042.3343627459728 110.72014006779253 -1.3960581261798257  0.85353433019617186 1042.2280730777813 110.64337794991656 -1.3055751512746963  0.85353433019606606 1042.1749231519991 110.60618223558102 -1.2590561914017799  0.85353433019664393 1042.1217721916639 110.57052936723579 -1.211437549700775  0.85353433019488678 1042.0686298691135 110.53554118508943 -1.1622329194781036  0.85353433019828651 1042.0154945509219 110.50302331092627 -1.1124149239918111  0.853534330193504 1041.9623525879044 110.47294198635082 -1.0620575423298169  0.85353433019863556 1041.9091977173107 110.44360227462704 -1.0103419861966645  0.85353433019436264 1041.8560431969388 110.4149991400503 -0.95725148250859393  0.85353433019711278 1041.802903505979 110.38894354703145 -0.90371925352821691  0.85353433019578828 1041.7497621513469 110.36449614054135 -0.84938924361378199  0.85353433019621905 1041.6700449002885 110.33071288737045 -0.76705782587191385  0.85353433019613245 1041.6434712103467 110.31983232676592 -0.73940185664844349  0.85353433019616509 1041.6168970056067 110.30934768978292 -0.71154658986108021  0.853534330196142 1041.5903228663092 110.29927398787954 -0.68350602283467321  0.85353433019616121 1041.5637491946432 110.28962575384151 -0.65529520689616461  0.85353433019610481 1041.5371762145055 110.28041693995262 -0.62693016217557807  0.85353433019624636 1041.5106039713539 110.27166082913163 -0.59842780113020988  0.85353433019602554 1041.48403233196 110.26336993327692 -0.56980584325463057  0.85353433019625546 1041.4574609842502 110.2555559027229 -0.54108273768946025  0.85353433019608993 1041.4308894370838 110.24822942718031 -0.51227757953128439  0.85353433019617053 1041.3511721860336 110.22774157296999 -0.42567493280406571  0.8535343301960957 1041.2980222603144 110.21571911907682 -0.36733973942896098  0.8535343301963817 1041.244871299986 110.20557058705586 -0.30872515079675467  0.85353433019562541 1041.1917289775049 110.1967343306891 -0.24899920957064919  0.85353433019695191 1041.1385936592842 110.19037758473064 -0.18984824073922851  0.85353433019524938 1041.0854516962233 110.18643670627561 -0.13132285486738698  0.85353433019691594 1041.0322968255912 110.1837731983472 -0.071924001932008721  0.85353433019565372 1040.9791423052459 110.18239020441244 -0.01163446606843698  0.85353433019638758 1040.9260026142692 110.18347762387 0.047892091201072073  0.85353433019607228 1040.8728612596378 110.18636013357502 0.10739937497526954  0.85353433019615921 1040.7665715915682 110.19606224335797 0.2256595171519199  0.85353433019615199 1040.7134216658483 110.20265477632869 0.28485472557844549  0.85353433019609792 1040.6602707055199 110.21111585284821 0.34373658085821762  0.85353433019632063 1040.6071283830388 110.22116840443739 0.40326987996267311  0.85353433019580971 1040.5539930648151 110.23340143438907 0.46149013683627638  0.8535343301966315 1040.5008511017611 110.24773877506632 0.51836888491821476  0.85353433019562286 1040.4476962311271 110.26356088353457 0.5756836201955372  0.85353433019659586 1040.3945417107832 110.28087606930319 0.63344974475463167  0.85353433019586022 1040.3414020198056 110.3003049844795 0.68972683384925138  0.85353433019629221 1040.2882606651747 110.32143517609452 0.74543087935226715  0.85353433019609481 1040.1819709971051 110.36720682451816 0.85490484136659972  0.85353433019623959 1040.1288210713847 110.39176902134749 0.90916562534976197  0.85353433019568503 1040.0756701110572 110.4180114772502 0.9625509810623476  0.85353433019731373 1040.0225277885725 110.44596882309652 1.0160641038296461  0.85353433019418912 1039.9693924703533 110.47559417474028 1.0676546443451722  0.85353433019856484 1039.9162505072945 110.50680629578807 1.1173190664238266  0.85353433019390523 1039.8630956366649 110.53956524238006 1.1669393184988388  0.85353433019773217 1039.8099411163153 110.57388367682178 1.2165274810210702  0.85353433019532343 1039.7568014253411 110.60975225013033 1.2640463083557534  0.85353433019644054 1039.703660070709 110.64706175327122 1.3104944155097868  0.85353433019610803 1039.5973704026394 110.72442249247133 1.4004661232360094  0.8535343301961501 1039.5442204769186 110.76455003420168 1.4444810591965696  0.85353433019626812 1039.4910695165916 110.80600507505658 1.4871441847692652  0.85353433019575353 1039.4379271941064 110.84913055536438 1.5293988939230339  0.8535343301969307 1039.3847918758893 110.89324829286949 1.5693096765609771  0.85353433019506653 1039.3316499128291 110.93827993441819 1.606898272965797  0.85353433019725922 1039.2784950422006 110.98476904519559 1.6439668658165523  0.85353433019529867 1039.2253405218512 111.03273140082774 1.680523031422366  0.85353433019662783 1039.1722008308773 111.08152856640693 1.7146321231002557  0.85353433019596991 1039.1190594762452 111.1313652669495 1.7472776275426218  0.85353433019617864 1039.0127698081756 111.23274248876848 1.8089400233422805  0.85353433019614422 1038.9596198824547 111.28450741203578 1.8384006226720753  0.85353433019610803 1038.9064689221282 111.33711712960377 1.866165354116631  0.85353433019628833 1038.8533265996421 111.39118932189686 1.8930254643096718  0.85353433019589475 1038.8001912814243 111.44548089372817 1.9173497435601463  0.8535343301964804 1038.7470493183657 111.49992404494728 1.9391830805902563  0.85353433019582814 1038.6938944477367 111.55559264183216 1.9600714820774809  0.85353433019638725 1038.6407399273864 111.61250402910797 1.9800172786014314  0.8535343301960181 1038.5876002364125 111.66945318040106 1.9973777990665205  0.85353433019620373 1038.5344588817804 111.72693871486005 2.0130251313781047  0.85353433019613201 1038.4547416307275 111.81354136158117 2.0335129855904364  0.85353433019616654 1038.4281679407884 111.84255893440591 2.0399332414600004  0.85353433019605696 1038.4015937360484 111.87171141544513 2.0459312716638651  0.85353433019638547 1038.375019596755 111.90098263037605 2.0514944380933535  0.85353433019573477 1038.3484459250865 111.93035544100613 2.0566107428061442  0.85353433019668268 1038.3218729449529 111.95981184048199 2.0612689099569521  0.8535343301956323 1038.2953007017993 111.98933304790464 2.0654584671531815  0.85353433019653713 1038.2687290624069 112.01889960363381 2.0691698274597887  0.85353433019593128 1038.2421577146965 112.04849146387397 2.072394370750859  0.85353433019623226 1038.2155861675299 112.07808809593138 2.0751245256468116  0.85353433019613523 1038.1358689164781 112.16682952687277 2.0818125016609836  0.85353433019616654 1038.0827189907577 112.22632724341931 2.0845613044709004  0.85353433019609126 1038.0295680304303 112.28580776932489 2.0854155493726307  0.85353433019628577 1037.9764257079464 112.34618068025205 2.0847998211647223  0.85353433019592218 1037.9232903897273 112.40559781660143 2.0818250548315889  0.8535343301964412 1037.870148426666 112.46401914715833 2.0765620271497722  0.85353433019585734 1037.816993556037 112.52310336600527 2.069900715050371  0.85353433019638036 1037.7638390356894 112.58286698559357 2.0618353207638926  0.85353433019600711 1037.7106993447139 112.6414905622631 2.0514492840929281  0.85353433019621916 1037.6575579900825 112.69981428878228 2.03929327276883  0.85353433019612202 1037.5512683220138 112.81510070800253 2.0112106499748248  0.85353433019619473 1037.4981183962936 112.87253582579041 1.9954391112531689  0.85353433019591429 1037.4449674359669 112.92936914375913 1.9778710530997843  0.85353433019675395 1037.3918251134819 112.98659692358287 1.9586292052895902  0.8535343301950975 1037.3386897952635 113.0421867249748 1.9374391295018643  0.85353433019748792 1037.2855478322026 113.09612234704474 1.9143805087463877  0.85353433019487857 1037.2323929615741 113.15025631978541 1.8897871967483151  0.85353433019705793 1037.1792384412249 113.20460255568953 1.863648576854612  0.85353433019566594 1037.1260987502496 113.25714742847633 1.835655187539613  0.85353433019633107 1037.0729573956178 113.30886017453192 1.8060711110878855  0.85353433019611225 1036.9666677275486 113.40982606709039 1.7437374869266153  0.85353433019617997 1036.913517801828 113.45957643666232 1.710989434783071  0.8535343301960534 1036.8603668415024 113.50819930551309 1.6767187574985727  0.85353433019633362 1036.8072245190158 113.55668010050105 1.6407343162363566  0.85353433019591229 1036.7540892007964 113.60300104984394 1.6034031632246799  0.85353433019636571 1036.7009472377404 113.64717136899939 1.5648060878769843  0.85353433019601543 1036.6477923671098 113.69105608514273 1.5246881406928701  0.85353433019619407 1036.5946378467595 113.73466514913986 1.4830349254537347  0.8535343301961561 1036.541498155786 113.77598785978724 1.4401743714692219  0.85353433019613534 1036.4883568011544 113.81602762149028 1.3960581254315001  0.85353433019615466 1036.3820671330843 113.89278974233684 1.3055751493392755  0.85353433019614611 1036.3289172073637 113.92998545087706 1.2590561912734448  0.85353433019615088 1036.2757662470369 113.96563832543239 1.2114375475391026  0.85353433019616343 1036.2226239245513 114.00062649756472 1.1622329206314759  0.85353433019611358 1036.1694886063326 114.03314437755859 1.1124149237606462  0.85353433019619918 1036.1163466432745 114.06322569522416 1.0620575444696936  0.85353433019610669 1036.0631917726444 114.09256541300338 1.0103419863017897  0.85353433019617675 1036.0100372522957 114.12116854611718 0.95725148263821247  0.85353433019613179 1035.9568975613211 114.14722413977735 0.90371925363543071  0.85353433019616742 1035.9037562066892 114.17167154630469 0.84938924354875278  0.85353433019613323 1035.824038955637 114.20545479974687 0.76705782562878777  0.8535343301961742 1035.7974652656981 114.21633536008487 0.73940185657656832  0.85353433019598324 1035.7708910609579 114.22681999736751 0.71154658959514616  0.85353433019659319 1035.7443169216644 114.23689369881831 0.68350602286992945  0.85353433019537284 1035.7177432499964 114.24654193326197 0.65529520665996566  0.85353433019715741 1035.6911702698624 114.25575074671924 0.62693016224408415  0.85353433019514091 1035.6645980267094 114.26450685781789 0.59842780100036452  0.85353433019693248 1035.6380263873166 114.27279775343408 0.56980584331246031  0.85353433019569047 1035.6114550396064 114.28061178407884 0.54108273767585324  0.8535343301963374 1035.5848834924398 114.28793825953292 0.51227757959995401  0.85353433019610847 1035.5051662413875 114.30842611374182 0.42567493288065128  0.8535343301962216 1035.4520163156669 114.32044856769471 0.3673397394454192  0.85353433019586267 1035.3988653553395 114.33059709966834 0.30872515086510888  0.85353433019682845 1035.3457230328554 114.33943335613489 0.2489992095294494  0.85353433019503566 1035.2925877146356 114.34579010204953 0.1898482407388665  0.85353433019749225 1035.2394457515761 114.34973098056969 0.13132285478523831  0.8535343301949212 1035.1862908809462 114.35239448843429 0.071924001927618983  0.85353433019701241 1035.1331363605989 114.3537774823897 0.011634466040712299  0.85353433019569425 1035.0799966696234 114.35269006292167 -0.047892091215617161  0.85353433019631586 1035.0268553149917 114.34980755322239 -0.10739937499973197  0.85353433019612079 1034.920565646923 114.34010544343191 -0.22565951716432958  0.85353433019616165 1034.8674157212022 114.33351291045236 -0.28485472557275449  0.85353433019614355 1034.8142647608768 114.3250518339368 -0.3437365808612256  0.85353433019612424 1034.7611224383895 114.3149992823317 -0.40326987992934493  0.85353433019623026 1034.7079871201731 114.30276625237978 -0.46149013679298501  0.85353433019601721 1034.6548451571102 114.28842891169724 -0.51836888485583377  0.85353433019629432 1034.6016902864835 114.27260680324295 -0.57568362016726116  0.85353433019604408 1034.5485357661335 114.25529161747423 -0.63344974473274018  0.85353433019619096 1034.4953960751584 114.23586270230004 -0.68972683383170275  0.85353433019615976 1034.4422547205265 114.21473251068525 -0.74543087933637875  0.85353433019612002 1034.3359650524569 114.16896086226473 -0.85490484136636957  0.85353433019622515 1034.2828151267365 114.14439866543654 -0.90916562536372547  0.85353433019573488 1034.2296641664095 114.1181562095352 -0.96255098106914183  0.85353433019719682 1034.1765218439252 114.09019886368723 -1.0160641038709595  0.85353433019435876 1034.1233865257057 114.06057351204821 -1.0676546443986226  0.85353433019839875 1034.0702445626484 114.02936139098955 -1.117319066492982  0.85353433019401515 1034.0170896920183 113.99660244440508 -1.1669393185221444  0.85353433019769509 1033.9639351716703 113.96228400995712 -1.2165274810408708  0.853534330195306 1033.9107954806952 113.92641543665449 -1.2640463083628755  0.85353433019647829 1033.8576541260634 113.88910593351079 -1.3104944155185965  0.85353433019607416 1033.7513644579938 113.81174519431683 -1.4004661232206441  0.85353433019622371 1033.6982145322729 113.77161765257631 -1.4444810591872737  0.85353433019585789 1033.6450635719455 113.73016261176141 -1.4871441847043809  0.85353433019680736 1033.5919212494614 113.6870371313621 -1.5293988939778782  0.85353433019512892 1033.5387859312414 113.64291939407249 -1.5693096762006744  0.85353433019731917 1033.4856439681798 113.5978877522751 -1.6068982730685799  0.85353433019512503 1033.4324890975483 113.55139864176414 -1.6439668655069217  0.85353433019684921 1033.3793345772006 113.50343628577241 -1.6805230317884974  0.85353433019577551 1033.3261948862282 113.45463912042614 -1.7146321230495758  0.85353433019630365 1033.2730535315986 113.40480241966614 -1.7472776278839817  0.85353433019610392 1033.1667638635383 113.30342519794728 -1.8089400234942898  0.8535343301962135 1033.1136139378193 113.25166027476338 -1.8384006224974658  0.85353433019586022 1033.0604629774818 113.19905055740749 -1.8661653540156444  0.85353433019679703 1033.0073206550139 113.14497836450411 -1.893025464195278  0.85353433019518643 1032.9541853367889 113.09068679599152 -1.9173497399458332  0.85353433019718661 1032.9010433736532 113.03624364147579 -1.9391830805159589  0.85353433019530778 1032.8478885030192 112.98057504719858 -1.9600714799757311  0.85353433019667269 1032.794733982689 112.92366365424122 -1.980017282498455  0.85353433019590175 1032.7415942917498 112.86671450591473 -1.9973777998307951  0.85353433019623792 1032.6884529371614 112.80922896801883 -2.0130251356024162  0.85353433019612701 1032.6087356862258 112.7226263216416 -2.0335129891591359  0.85353433019616687 1032.5821619963249 112.69360875418931 -2.039933239882449  0.85353433019605229 1032.5555877915763 112.66445626803433 -2.0459312744791016  0.8535343301964281 1032.5290136523076 112.63518506704887 -2.0514944291010795  0.85353433019560521 1032.5024399805664 112.60581224085649 -2.0566107462441248  0.85353433019690528 1032.4758670004462 112.57635586607084 -2.0612688940760728  0.8535343301953916 1032.4492947571614 112.54683463616573 -2.0654584684207022  0.85353433019670866 1032.4227231177438 112.51726810612915 -2.0691698095101803  0.85353433019585001 1032.3961517698756 112.48767622953225 -2.0723943650776522  0.85353433019625979 1032.3695802226134 112.45807961272698 -2.0751245089630976  0.8535343301961269 1032.2898629710508 112.36933816794188 -2.0818124960393383  0.85353433019619063 1032.2367130452067 112.30984042111974 -2.0845613201954789  0.85353433019599478 1032.183562085959 112.25035993895088 -2.0854155373513454  0.85353433019648939 1032.1304197617676 112.18998693155858 -2.0847998731504669  0.85353433019562908 1032.0772844449796 112.13056970924544 -2.0818251420865677  0.8535343301967534 1032.0241424861863 112.07214837545548 -2.0765621043645681  0.85353433019560299 1031.9709876169356 112.01306432968678 -2.0699006998533074  0.85353433019653679 1031.9178330938848 111.95330085204229 -2.0618352516622731  0.85353433019593994 1031.8646934013386 111.89467731349994 -2.051449205435008  0.85353433019623159 1031.8115520433023 111.83635367182279 -2.0392931699552745  0.85353433019613079 1031.7584072046354 111.77871054950364 -2.025251837857883  0.85353433019614955 1031.7052623650738 111.72106703317586 -2.0112106354597046  0.85353433019616642 1031.6521124381745 111.66363159740746 -1.9954391905448352  0.85353433019608471 1031.5989614931984 111.60679871234849 -1.9778710453182677  0.85353433019626246 1031.5458191471037 111.54956962372223 -1.9586295353725638  0.85353433019605252 1031.4926838495546 111.49397810145913 -1.9374396816840489  0.85353433019616276 1031.4395419497837 111.44004289052678 -1.9143807860110913  0.8535343301962135 1031.3863870973626 111.38591153159994 -1.8897870470172302  0.85353433019606451 1031.3332325364393 111.33156757203739 -1.8636482887526455  0.8535343301962105 1031.2800928228012 111.27902316310073 -1.8356549602959373  0.85353433019612213 1031.2269514202951 111.22731163727536 -1.8060709257539964  0.85353433019615632 1031.17380652254 111.17682988011777 -1.7749042170288591  0.85353433019614966 1031.120661612322 111.12634234951929 -1.7437375293862263  0.85353433019613256 1031.06751167273 111.07658740789384 -1.7109893493193327  0.85353433019621094 1031.0143609178033 111.02797043808798 -1.6767193718435194  0.85353433019602387 1030.9612182911894 110.9794712174118 -1.6407337066023644  0.85353433019631098 1030.9080832536886 110.93312808701941 -1.6033983408490982  0.85353433019600944 1030.8549421225296 110.88896516409304 -1.5647996777841626  0.8535343301962427 1030.801787473662 110.84511506395802 -1.5246870888460367  0.85353433019610281 1030.7486324020854 110.80153400013984 -1.4830412522202141  0.85353433019616542 1030.6954924202485 110.76021620803456 -1.4401831573324204  0.85353433019614633 1030.6423504614802 110.72019039230422 -1.3960720360080465  0.85353433019614977 1030.5892048436688 110.68182232932189 -1.3508361357138319  0.85353433019614944 1030.5626319565515 110.66260402930598 -1.3282071902011299  0.85353433019629199 1030.5360579968406 110.64368266745029 -1.3052582349138175  0.85353433019556846 1030.5094837211202 110.62507692791731 -1.2819967876698841  0.85353433019750791 1030.482909706627 110.60680547455561 -1.2584315678490086  0.85353433019394287 1030.4563363511879 110.58888683459507 -1.2345724483045899  0.85353433019881186 1030.4297638730434 110.57133928230884 -1.2104304073102965  0.85353433019369251 1030.4031923108416 110.55418072272735 -1.1860174804589525  0.85353433019790048 1030.3766215234225 110.53742857528539 -1.1613467126153667  0.85353433019520097 1030.3500511898162 110.52109965754019 -1.1364321098186623  0.85353433019651792 1030.3234808090606 110.50521006882757 -1.1112885912237507  0.85353433019606506 1030.296909700143 110.48977507396206 -1.0859319410178554  0.85353433019614944 1030.2703388457103 110.4744480299924 -1.0606298119808351  0.85353433019612079 1030.2437660364158 110.45946067631439 -1.0350601161122905  0.85353433019627412 1030.2171920430671 110.4448300500013 -1.009232948627746  0.85353433019582048 1030.1906174637336 110.43057300108676 -0.98315957181245439  0.85353433019677727 1030.1640427231423 110.41670608648771 -0.95685235234418731  0.85353433019527813 1030.1374680720598 110.40324546393501 -0.93032469861722189  0.8535343301970425 1030.1108935866873 110.39020678589142 -0.90359099806357612  0.85353433019546443 1030.0843191680483 110.37760509348668 -0.87666655447881991  0.85353433019654124 1030.0577445413746 110.36545471043343 -0.84956752534204916  0.8535343301959909 1030.0311692555019 110.35376913696086 -0.82231085914169766  0.85353433019618807 1030.0045926822529 110.34256094373499 -0.79491423269675165  0.85353433019614966 1029.978015202362 110.33103643142896 -0.76728969252392865  0.85353433019620895 1029.9514387385793 110.31990522767039 -0.73945137541840167  0.85353433019591629 1029.9248639707771 110.30918317621061 -0.71141303835783154  0.85353433019667213 1029.8982913829882 110.29888565522853 -0.68318959315529826  0.85353433019532665 1029.871721265162 110.2890274815978 -0.65479701606722762  0.85353433019713287 1029.8451537147625 110.2796228151358 -0.62625225740022072  0.8535343301952325 1029.8185886386068 110.27068506288181 -0.59757315112013965  0.85353433019682168 1029.7920257544022 110.26222678333663 -0.56877832445783338  0.85353433019577307 1029.7654645925961 110.25425959074437 -0.53988710751874447  0.85353433019629954 1029.7389044979577 110.24679405933605 -0.51091944288893154  0.8535343301961148 1029.7123446313478 110.23983962760154 -0.48189579524376452  0.85353433019614988 1029.6857867197277 110.23372100497257 -0.45370342341163789  0.8535343301961581 1029.6592207808781 110.22796494521315 -0.42535191535533956  0.85353433019610137 1029.6326478828003 110.22258386514076 -0.39685303046349329  0.85353433019629299 1029.6060689742121 110.21758990887061 -0.36821957679538908  0.85353433019586544 1029.5794848779947 110.21299486086697 -0.33946534806243822  0.85353433019653879 1029.5528962845387 110.20881005896833 -0.31060506061129078  0.85353433019576153 1029.5263037452523 110.20504630745411 -0.28165429040474887  0.85353433019644065 1029.4997076658574 110.20171379005765 -0.25262941000499373  0.85353433019598701 1029.4731082999117 110.19882198303614 -0.2235475255548949  0.85353433019621305 1029.4465057421339 110.19637956819111 -0.1944264137605568  0.853534330196135 1029.4198999218695 110.19439434592378 -0.16528445887326154  0.85353433019614988 1029.3932824059912 110.1904313685171 -0.13345602845550342  0.85353433019627523 1029.3666872098445 110.18707680815669 -0.10165305842097862  0.85353433019564606 1029.34011265545 110.18433769985896 -0.069904638649644968  0.85353433019730462 1029.3135567664397 110.18221918969135 -0.038239962973605011  0.85353433019431035 1029.2870173050328 110.18072459251398 -0.0066881649051745698  0.8535343301983197 1029.2604918090249 110.17985544968055 0.024721846633379532  0.85353433019419245 1029.233977628754 110.17961158679677 0.055961551580034102  0.85353433019751723 1029.2074719640964 110.17999117141268 0.087002983006049667  0.85353433019541836 1029.1809719014341 110.18099077077751 0.11781889138375019  0.85353433019643166 1029.1544744506416 110.18260540954559 0.1483829088603576  0.85353433019608493 1029.1279765820636 110.18482862751381 0.17866971352674124  0.85353433019614944 1029.1014743257326 110.19031611093297 0.20251115496803321  0.85353433019628622 1029.0749345932122 110.19587114485924 0.22674913169209138  0.85353433019559144 1029.0483599058789 110.20149797916228 0.25141435814810364  0.85353433019744773 1029.0217533398495 110.20720219873992 0.27653907968780578  0.85353433019405811 1028.9951186525388 110.21299101399279 0.30215693744385508  0.85353433019864278 1028.9684604090248 110.21887355127751 0.32830283321092213  0.85353433019388747 1028.9417841086959 110.22486114338986 0.35501279432047633  0.85353433019772507 1028.915096311561 110.23096762001332 0.38232383852586999  0.85353433019531944 1028.8884047648908 110.23720959820093 0.41027383887460023  0.85353433019646363 1028.8617185295918 110.24360677283049 0.43890138859311112  0.85353433019607905 1028.8350481067566 110.25018220707727 0.46824566596189043  0.85353433019614944 1028.8083047424902 110.25229972957379 0.51066597717089823  0.85353433019629488 1028.7817735184858 110.25691785039534 0.54842333359714224  0.85353433019557445 1028.7553266771818 110.26341522959332 0.58231218473695623  0.85353433019746938 1028.7288920102578 110.27136539824471 0.61293468477840951  0.85353433019402947 1028.7024332729773 110.28047718137773 0.64074844442637202  0.85353433019868363 1028.6759348373687 110.29054713555048 0.6661058822236875  0.85353433019383984 1028.649390584357 110.30142400108274 0.68928517537910217  0.85353433019776659 1028.6227970346656 110.31298516893688 0.71051281009347456  0.85353433019529212 1028.596150718721 110.32512516225677 0.72997773138815236  0.85353433019647662 1028.5694497853167 110.33775613255247 0.74783709243628471  0.85353433019607483 1028.5426998492437 110.35082037054292 0.76421360339363709  0.85353433019614966 1028.5291868493109 110.35619621377994 0.77911353380102666  0.85353433019628999 1028.5156145256253 110.36136256383192 0.79601188736778572  0.85353433019557501 1028.5017662718624 110.36592851443369 0.81530078060618061  0.8535343301974897 1028.4890111736747 110.37212106892341 0.83860283524019563  0.85353433019397351 1028.4736195563419 110.3737035244116 0.86435204714631375  0.85353433019877223 1028.4609633292666 110.37946355237017 0.89807648159345332  0.85353433019374447 1028.4481609466013 110.38454585619962 0.9391854501775605  0.85353433019783664 1028.4318658813561 110.3831472275568 0.98974089066917426  0.85353433019526737 1028.4227867151058 110.39253299063468 1.0649818956581005  0.85353433019646563 1028.4041601243032 110.3902325576058 1.1874181664823324  0.85353433019599867 1028.4179763116276 110.43339480078177 1.4708205740682025  0.85353433019620117 1028.4224362877267 110.4444399572957 1.5353284545381085  0.85353433019593694 1028.4293340735178 110.45909952744066 1.6086058188591141  0.85353433019656066 1028.4392324548678 110.47814335506334 1.693747753424075  0.85353433019563651 1028.4536892952606 110.50409023357187 1.7928534016783517  0.85353433019659886 1028.4748197531235 110.54040431783139 1.9080360920785331  0.85353433019588021 1028.5052146072765 110.5911956791921 2.0441006714743981  0.85353433019624059 1028.5503453320036 110.66543764278279 2.2062928373666173  0.85353433019615732 1028.6909371620852 110.89669959404556 2.5751434371374717  0.85353433019609615 1028.9492605394119 111.32729190719868 2.953489857904176  0.8535343301962488 1029.1129272952182 111.60232152277496 3.1236455050088927  0.85353433019570923 1029.3020192954136 111.92289890690002 3.2546022072689329  0.85353433019701708 1029.5349043832257 112.32552180325958 3.25784118196044  0.85353433019505343 1029.6638970259423 112.55890533729844 3.1447645744162416  0.85353433019712133 1029.7948809501872 112.79276085948196 3.0805214034955548  0.85353433019552805 1029.8856377624591 112.96094555112018 2.97373623665495  0.85353433019642977 1029.959139823839 113.09894767212644 2.8823093234968091  0.85353433019607261 1030.1318256480954 113.43101581920078 2.6220275928833074  0.85353433019631109 1030.1977928873223 113.57805215913473 2.4291933141296167  0.85353433019589231 1030.224253316183 113.64410563412657 2.338317609499728  0.85353433019698322 1030.2414064951734 113.69338059716904 2.2640392374839733  0.85353433019450531 1030.2521931968552 113.73106995252805 2.2029155482641425  0.85353433019842295 1030.258771887685 113.76085365105075 2.1546085833166906  0.8535343301938263 1030.2626969285323 113.78567926197863 2.1139379172318877  0.85353433019794245 1030.2646673020845 113.80693173893083 2.0775823727240428  0.85353433019511438 1030.2649897058986 113.82501038568843 2.0475396497415073  0.85353433019657354 1030.2641843019178 113.84096386550746 2.0210422598523485  0.8535343301960473 1030.2624662061062 113.85517677252069 1.9977580405854993  0.85353433019614966 
1046.4354923426781 112.95025425813229 -2.5244375789797471  1.0383466998475068 1046.4082418696946 112.91493329204565 -2.533652379440877  1.0383466998474984 1046.3810827421069 112.87938721107604 -2.5423861852699083  1.0383466998475395 1046.3540102901691 112.84362654704222 -2.5506298278338657  1.0383466998474427 1046.3270195290324 112.80766264699662 -2.5583741635008628  1.0383466998476054 1046.3001051737699 112.77150764501744 -2.5656101493239754  1.0383466998473732 1046.2732616545838 112.73517443400253 -2.572328918722901  1.0383466998476696 1046.2464831317504 112.69867663746111 -2.5785218571702662  1.0383466998473403 1046.219763510871 112.66202858130723 -2.5841806778700822  1.0383466998476361 1046.1930964578294 112.62524526565247 -2.5892974974467005  1.0383466998474393 1046.166475413982 112.58834233659853 -2.5938649116227217  1.0383466998475257 1046.1398936111966 112.55133605803027 -2.5978760709059849  1.0383466998475062 1046.1133797650575 112.51420449705422 -2.6019432194900456  1.0383466998474078 1046.086880189308 112.47699442558098 -2.6054354624032339  1.0383466998479303 1046.0603876347973 112.43972327091323 -2.6083467804703901  1.0383466998464648 1046.0338947318389 112.4024088905612 -2.6106718689133839  1.0383466998493016 1046.0073940239342 112.36506948797646 -2.6124061516314918  1.0383466998452091 1045.9808780014782 112.32772352829004 -2.6135457955663575  1.0383466998497617 1045.9543391354985 112.29038965404169 -2.6140877249455463  1.0383466998457931 1045.9277699113438 112.25308660092274 -2.6140296356680555  1.0383466998484974 1045.9011628624344 112.21583311350265 -2.6133700095535546  1.0383466998470983 1045.8745106039514 112.17864786097111 -2.612108128699083  1.0383466998476059 1045.8478058665744 112.14154935286831 -2.6102440897665722  1.0383466998475068 1045.8211639559322 112.10432837382601 -2.6084130520480571  1.0383466998475603 1045.7945594806274 112.0670944881482 -2.6060128103535471  1.038346699847303 1045.7679856565233 112.02986490849202 -2.6030391684380696  1.0383466998479576 1045.7414355009166 111.99265733609278 -2.5994886069668959  1.0383466998468172 1045.7149018643458 111.95548987574574 -2.5953583051512634  1.0383466998482855 1045.6883774625003 111.91838095078676 -2.5906461624047763  1.0383466998468311 1045.6618549079817 111.88134921807551 -2.5853508199691575  1.0383466998479627 1045.6353267422437 111.84441348297446 -2.5794716825774406  1.0383466998472699 1045.608785467354 111.80759261433309 -2.5730089400793066  1.0383466998475965 1045.5822235779017 111.77090545946707 -2.5659635890979366  1.0383466998474862 1045.5556335928077 111.73437075914134 -2.5583374546655273  1.0383466998475068 1045.5290053939123 111.69791276516681 -2.5507031704546059  1.0383466998475916 1045.5024081640554 111.66153846582174 -2.5425041807527351  1.0383466998471584 1045.4758350364077 111.62526564102143 -2.533739346018439  1.0383466998483688 1045.4492789674878 111.5891123956272 -2.5244082845300162  1.0383466998459896 1045.4227327692711 111.55309707336973 -2.5145113749843486  1.0383466998494888 1045.3961891414081 111.51723817077531 -2.5040497591843018  1.038346699845561 1045.3696407032869 111.48155425108969 -2.4930253445938941  1.038346699848947 1045.3430800262795 111.44606385820276 -2.4814408070546716  1.0383466998467126 1045.3164996658097 111.41078543057422 -2.4692995933405948  1.0383466998478179 1045.2898921935623 111.37573721515716 -2.4566059238457876  1.0383466998474331 1045.2632502296008 111.34093718132372 -2.4433647951831161  1.0383466998475082 1045.2099976647251 111.27127388141649 -2.4168793049902684  1.0383466998474953 1045.156876067691 111.20228672087273 -2.3882130177372818  1.0383466998475541 1045.1036995710206 111.13427493672272 -2.3574040300263031  1.0383466998473707 1045.0510422007458 111.06663005024876 -2.3243642728893699  1.0383466998477893 1044.9978524070605 111.00067267156125 -2.2892859435054915  1.0383466998470774 1044.9441379452858 110.93647304957385 -2.2522391764153316  1.038346699847992 1044.8909105255102 110.87290708697387 -2.2131289556935663  1.0383466998470972 1044.8382248047058 110.80997343782289 -2.1719586009269078  1.0383466998477602 1044.7850555647635 110.74894780870433 -2.1288968162600721  1.0383466998473987 1044.7319303021256 110.68927769251275 -2.0839652720475108  1.0383466998475337 1044.678671951156 110.63122447741119 -2.0372539939192031  1.0383466998475068 1044.6254172344713 110.57316440973428 -1.9905400950745997  1.0383466998475155 1044.572292084345 110.51642256024535 -1.9419621164091112  1.038346699847474 1044.5191148378321 110.46126337260914 -1.8916447185527978  1.038346699847567 1044.4664468665314 110.40716198228334 -1.8393286252652421  1.0383466998474546 1044.4132397054566 110.35530221483762 -1.7856022174458954  1.0383466998474882 1044.3595180900766 110.30570002158844 -1.7305369471309131  1.0383466998476238 1044.3063002834429 110.25731209515082 -1.673688042081797  1.0383466998473392 1044.2536251167912 110.21016458208975 -1.6150740193945137  1.0383466998476474 1044.2004523900348 110.16543769006677 -1.5552649624348669  1.0383466998474336 1044.147329678309 110.12256857205797 -1.4940903386902318  1.0383466998475273 1044.0940741720467 110.08178716100662 -1.4317223474756804  1.0383466998475068 1044.0408190004084 110.04100522445906 -1.369353931796176  1.0383466998475466 1043.9876933008732 110.0020530520319 -1.3056201435766153  1.0383466998473498 1043.9345158806348 109.96514290194629 -1.2407205621754436  1.038346699847835 1043.8818466431478 109.92985806837115 -1.1742486124635609  1.0383466998470674 1043.8286377123136 109.89714122017112 -1.1071288242906829  1.0383466998479012 1043.7749155478987 109.86698316112714 -1.0394315047760359  1.0383466998472939 1043.7216987928277 109.83852921950901 -0.97041068271583264  1.0383466998475299 1043.6690246236274 109.81180083933076 -0.90009452384296385  1.0383466998475717 1043.6158515667098 109.78774543693793 -0.82939181833533593  1.0383466998474526 1043.5627290966604 109.76587820469339 -0.7579636081627108  1.0383466998475244 1043.5094738470223 109.74636528851087 -0.68604555130256151  1.0383466998475068 1043.4562186243786 109.72685234260953 -0.61412744876917935  1.0383466998475486 1043.4030928679692 109.70950152611461 -0.54147623721652249  1.0383466998473516 1043.3499154283641 109.69445299329168 -0.46834723889051305  1.0383466998478388 1043.2972460715325 109.68143621217367 -0.39422526544033859  1.0383466998470154 1043.2440369903823 109.67106191756588 -0.3202807654288739  1.038346699848032 1043.1903147852493 109.66329952314915 -0.24657750531277503  1.0383466998470969 1043.1370981272926 109.65756673484046 -0.1721418685810954  1.0383466998477258 1043.0844240369026 109.65387537286416 -0.097007558277696998  1.0383466998474542 1043.0312509553573 109.65284568063633 -0.022331803809133931  1.0383466998474713 1042.978128503443 109.65412122716906 0.05235784223201019  1.0383466998475581 1042.8716180468916 109.66145323907807 0.20121384249336804  1.0383466998473867 1042.8184922874393 109.66740209350186 0.27567094120624452  1.0383466998481725 1042.7653148430743 109.67568819447069 0.34987099441050939  1.0383466998458122 1042.7126454806241 109.68621345219042 0.42438757502729324  1.0383466998503981 1042.6594363830361 109.69919702260266 0.49791877428852716  1.0383466998438853 1042.6057141805688 109.71459010402167 0.57041345773497798  1.0383466998509499 1042.5524975253181 109.73213977352614 0.64297748989635273  1.038346699845011 1042.4998234448599 109.75184685807392 0.71557517861560482  1.0383466998488529 1042.4466503584781 109.77394363998066 0.78691422436998193  1.038346699847007 1042.3935279098134 109.79823712691596 0.85755413991608898  1.0383466998476008 1042.3136450681559 109.83796627076987 0.96203270593009638  1.0383466998474837 1042.2870498209536 109.85175434610717 0.99668945240504914  1.038346699847525 1042.2604800816225 109.86608586243597 1.0311590127493355  1.0383466998475153 1042.2339288107246 109.88095843353351 1.0654234312586848  1.038346699847458 1042.2073888181208 109.89636888316484 1.0994646220813897  1.0383466998475828 1042.1808527978731 109.91231325498232 1.1332644606615874  1.0383466998474389 1042.1543133574769 109.92878682224975 1.1668048640715545  1.0383466998475355 1042.1277630527718 109.945784097851 1.2000678823971984  1.0383466998475201 1042.1011944178381 109.96329884391795 1.2330357804206014  1.0383466998474788 1042.0745999988042 109.98132408188978 1.2656911268372595  1.0383466998475284 1041.9947171572619 110.0369081426831 1.362668381191616  1.0383466998474322 1041.9415913956618 110.07601142538564 1.4263094142337367  1.0383466998478534 1041.888413953619 110.11708051564767 1.4886603391850357  1.0383466998466997 1041.8357445874244 110.16028840699167 1.5502767242409912  1.0383466998487734 1041.782535491913 110.20523931938229 1.6098990891239366  1.0383466998460433 1041.7288132868482 110.25186655171508 1.6675040072341847  1.0383466998488009 1041.6755966338599 110.30044680397025 1.7241916545686222  1.038346699846626 1041.6229225529473 110.35096460596517 1.7799298386759259  1.0383466998479582 1041.5697494667661 110.40304023179951 1.8334616652617834  1.0383466998473425 1041.5166270181496 110.45675573784182 1.8853732786601056  1.0383466998475404 1041.4101165627642 110.56719734168466 1.9854458523820504  1.0383466998474782 1041.3569908011912 110.62405293428534 2.0338884927180385  1.038346699847605 1041.3038133591313 110.68237945560014 2.0804966993216802  1.0383466998472946 1041.2511439929815 110.74251311238554 2.1257453912067321  1.0383466998478417 1041.1979348974692 110.80368829452141 2.1685590339902228  1.0383466998471205 1041.144212692426 110.8658343263544 2.2089359595790086  1.0383466998478048 1041.0909960394099 110.92955433818692 2.2478369923769206  1.0383466998473825 1041.0383219584901 110.99482366907695 2.2852362962398871  1.0383466998474966 1040.98514887231 111.06089277652454 2.3200558353670409  1.0383466998475612 1040.932026423689 111.12802082931104 2.3528277093270291  1.0383466998474598 1040.8255159682974 111.26398116225809 2.4138740501860596  1.0383466998476081 1040.7723902067248 111.33302364320421 2.4423763946055339  1.0383466998469437 1040.7192127646608 111.40289818928835 2.4686795468957059  1.0383466998489459 1040.6665433985115 111.4740713101834 2.4931312882855825  1.0383466998450541 1040.6133343029901 111.54548250899367 2.5149453113195417  1.0383466998505646 1040.5596120979508 111.61706405371363 2.5341418695420281  1.0383466998446176 1040.5063954449361 111.68968646642931 2.551448383741493  1.038346699849592 1040.4537213640172 111.76331830935754 2.5668479029305078  1.0383466998463864 1040.4005482778393 111.83691359385186 2.579546775508796  1.0383466998479125 1040.3474258292176 111.91088323187009 2.5899709706790413  1.0383466998474473 1040.2409153738301 112.05905354925416 2.606015437511227  1.0383466998475064 1040.1877896122619 112.13352455947357 2.6117874779587282  1.038346699847676 1040.1346121701965 112.20810732290964 2.6152108401279017  1.0383466998469622 1040.0819428040552 112.28335298697053 2.6164721242180642  1.0383466998485453 1040.0287337085447 112.3580099767838 2.615151218953697  1.0383466998461108 1039.9750115035001 112.432020134059 2.6112883169364571  1.0383466998488933 1039.9217948504831 112.50643615989303 2.6053062303357395  1.0383466998464779 1039.8691207695542 112.58122291703064 2.5971985526117174  1.0383466998480628 1039.81594768338 112.6551403593613 2.5865337045138999  1.0383466998473116 1039.7628252347529 112.72871091905624 2.5735898280407636  1.0383466998475297 1039.6563147793631 112.87458727783832 2.543061876638101  1.0383466998475221 1039.6031890177981 112.94719707597874 2.52553860557328  1.0383466998473385 1039.5500115757295 113.01918737622805 2.5057470750799804  1.0383466998479889 1039.4973422095929 113.09114001358536 2.4836944385903981  1.0383466998466226 1039.4441331140781 113.16173484805681 2.4593679044223209  1.0383466998486888 1039.3904109090383 113.23092898803633 2.432823669940952  1.038346699846308 1039.3371942560166 113.29985426789402 2.4041385508541691  1.0383466998484354 1039.2845201750833 113.36847529039467 2.3733173122196747  1.0383466998469679 1039.2313470889103 113.43547933628773 2.3403326930773654  1.0383466998477311 1039.1782246402804 113.50144921868484 2.3052877817822282  1.0383466998474455 1039.0983417987375 113.59842647303829 2.2497037209942272  1.0383466998475497 1039.0717465514272 113.63049960705133 2.2306638901816855  1.0383466998472937 1039.0451768122202 113.66230284706243 2.2111165913294002  1.0383466998480475 1039.0186255411343 113.69381883065158 2.1910669903431135  1.0383466998465574 1038.9920855487023 113.72503019281353 2.1705210533873487  1.0383466998487347 1038.9655495282702 113.75591964966547 2.1494855236455765  1.0383466998462976 1038.9390100879946 113.78647008159695 2.1279678982184294  1.0383466998484181 1038.9124597831849 113.81666461705794 2.1059764048555452  1.0383466998469999 1038.8858911482914 113.84648671569266 2.0835199788680936  1.0383466998476916 1038.8592967292177 113.87592025207304 2.060608239864651  1.0383466998474815 1038.7794138876729 113.96300829268277 1.9905379261957179  1.0383466998475164 1038.7262881260983 114.01974869793982 1.9419604188138686  1.0383466998475257 1038.673110684035 114.07490735833463 1.8916431236324245  1.038346699847428 1038.6204413178846 114.12900594015927 1.8393282668584126  1.0383466998476605 1038.5672322223525 114.1808623828188 1.785603782053991  1.0383466998473061 1038.5135100173213 114.23046398271275 1.7305392137416629  1.0383466998476945 1038.4602933643027 114.2788540852119 1.6736891632510822  1.0383466998473807 1038.4076192834052 114.32600331447708 1.6150739461997177  1.038346699847563 1038.3544461972165 114.37072965276438 1.5552652350873102  1.0383466998474999 1038.3013237486068 114.41359919161808 1.4940902905803344  1.0383466998474933 1038.1948132932175 114.49516283267356 1.369353606617228  1.0383466998475455 1038.1416875316354 114.53411488949337 1.3056199021939987  1.0383466998472779 1038.0885100895803 114.57102499358045 1.2407203472698169  1.0383466998481139 1038.0358407234139 114.6063096225265 1.1742485807008951  1.0383466998464232 1037.9826316278952 114.63902625142597 1.1071290372739384  1.0383466998489213 1037.9289094228477 114.66918428880851 1.0394317834748381  1.0383466998461259 1037.8756927698428 114.69763837939487 0.97041080845138283  1.0383466998485249 1037.8230186889291 114.7243668629135 0.90009451122894013  1.0383466998469491 1037.7698456027485 114.74842223025399 0.82939184815511091  1.0383466998477209 1037.7167231541309 114.77028948704096 0.75796360251389006  1.0383466998474593 1037.6102126987444 114.80931536419719 0.61412741519578107  1.038346699847553 1037.557086937172 114.82666617388868 0.54147621275666313  1.038346699847335 1037.5039094951114 114.84171470349116 0.46834721872495977  1.0383466998478714 1037.4512401289614 114.85473147427905 0.3942252619660051  1.0383466998469852 1037.3980310334503 114.865105757813 0.32028078847388392  1.0383466998480475 1037.3443088284055 114.87286815389018 0.24657752804306052  1.0383466998470936 1037.2910921753903 114.87860094789501 0.17214188245084797  1.0383466998477315 1037.2384180944616 114.88229231548495 0.09700755416359505  1.03834669984743 1037.1852450082872 114.88332200491135 0.02233180840289533  1.0383466998475139 1037.1321225596614 114.88204646018623 -0.052357844013079392  1.038346699847515 1037.0256121042717 114.87471444867171 -0.20121384649665341  1.0383466998474875 1036.972486342705 114.86876559307923 -0.27567094106500106  1.0383466998476076 1036.9193089006374 114.8604794932793 -0.34987099874479777  1.0383466998472501 1036.8666395344992 114.84995423366591 -0.42438757212515327  1.0383466998479673 1036.8134304389789 114.83697066467357 -0.49791877538753393  1.0383466998468813 1036.7597082339441 114.82157758203029 -0.57041345381185804  1.0383466998481643 1036.706491580921 114.80402791365091 -0.64297749035977581  1.0383466998469775 1036.653817499998 114.78432082854886 -0.7155751781983003  1.038346699847817 1036.6006444138213 114.7622240468805 -0.78691422434373515  1.0383466998473936 1036.5475219651969 114.73793055985716 -0.85755413997837804  1.0383466998475146 1036.4676391236549 114.69820141599915 -0.96203270622232884  1.038346699847531 1036.4410438763405 114.68441334066051 -0.99668945247272844  1.0383466998473008 1036.4144741371372 114.67008182433085 -1.0311590130702932  1.0383466998480846 1036.3879228660435 114.65520925323796 -1.065423431193733  1.0383466998464574 1036.3613828736186 114.63979880360054 -1.0994646223632973  1.0383466998489095 1036.3348468531763 114.62385443179815 -1.1332644605681623  1.0383466998460724 1036.3083074129079 114.60738086451914 -1.1668048642207671  1.0383466998486337 1036.28175710809 114.59038358893778 -1.2000678823315256  1.0383466998468436 1036.2551884732 114.57286884286319 -1.2330357804367402  1.0383466998477764 1036.2285940541224 114.55484360490642 -1.2656911267690349  1.038346699847448 1036.1487112125783 114.49925954411802 -1.3626683811195439  1.0383466998476114 1036.0955854510073 114.46015626140323 -1.4263094142207355  1.0383466998470825 1036.0424080089417 114.41908717115361 -1.4886603391227984  1.0383466998485389 1035.989738642797 114.37587927978417 -1.5502767242828142  1.0383466998457471 1035.9365295472671 114.33092836739952 -1.6098990891200862  1.0383466998497304 1035.8828073422362 114.28430113504407 -1.6675040073051317  1.0383466998453654 1035.8295906892154 114.23572088280928 -1.7241916545672089  1.038346699849084 1035.7769166083124 114.18520308080926 -1.7799298386988505  1.0383466998466429 1035.7237435221257 114.13312745497828 -1.8334616652716671  1.0383466998478277 1035.6706210735131 114.07941194893229 -1.8853732786777249  1.0383466998474513 1035.5641106181229 113.96897034509364 -1.9854458523901353  1.0383466998475299 1035.510984856543 113.9121147525004 -2.0338884927143499  1.0383466998474957 1035.4578074144854 113.85378823118182 -2.0804966993223277  1.0383466998474666 1035.405138048324 113.7936545744123 -2.1257453911866029  1.0383466998476225 1035.3519289528049 113.73247939228165 -2.1685590339623926  1.0383466998473381 1035.2982067477574 113.67033336045907 -2.208935959545328  1.0383466998476611 1035.2449900947515 113.60661334861082 -2.2478369923610853  1.0383466998474313 1035.1923160138356 113.54134401771744 -2.2852362962289763  1.0383466998474988 1035.1391429276562 113.47527491026787 -2.3200558353579916  1.0383466998475526 1035.0860204790358 113.40814685748057 -2.3528277093192069  1.0383466998474629 1034.9795100236502 113.27218652452535 -2.4138740501861315  1.0383466998476036 1034.9263842620824 113.20314404357116 -2.442376394611927  1.0383466998469841 1034.873206820017 113.13326949749184 -2.4686795468995926  1.0383466998488364 1034.8205374538786 113.06209637657535 -2.493131288302679  1.0383466998452091 1034.767328358362 112.99068517775996 -2.5149453113427871  1.0383466998504316 1034.7136061533276 112.919103633026 -2.5341418695655924  1.0383466998446798 1034.6603895002982 112.84648122034064 -2.5514483837508144  1.0383466998496014 1034.607715419377 112.77284937741204 -2.5668479029352911  1.0383466998463333 1034.5545423331955 112.69925409292777 -2.5795467755118628  1.0383466998479756 1034.5014198845745 112.6252844549077 -2.5899709706811196  1.038346699847396 1034.3949094291791 112.47711413754092 -2.6060154375077844  1.0383466998476185 1034.341783667614 112.40264312731428 -2.6117874779516628  1.0383466998470519 1034.2886062255247 112.32806036392535 -2.615210840123396  1.0383466998485669 1034.2359368594346 112.25281469976028 -2.616472124205238  1.0383466998457973 1034.1827277637585 112.17815771027399 -2.6151512189097152  1.0383466998495579 1034.1290055588931 112.10414755262619 -2.6112883169228276  1.0383466998456097 1034.0757889057047 112.02973152713761 -2.6053062303217014  1.0383466998488726 1034.0231148250466 111.95494476946271 -2.5971985526437069  1.0383466998467559 1033.9699417387083 111.88102732747018 -2.586533704523974  1.038346699847803 1033.9168192902434 111.80745676746099 -2.5735898280722243  1.0383466998474382 1033.81030883479 111.66158040883685 -2.54306187665683  1.038346699847575 1033.757183073114 111.58897061092352 -2.5255386055158144  1.0383466998472533 1033.7040056310022 111.51698031070325 -2.5057470751786863  1.0383466998480169 1033.6513362650187 111.44502767313254 -2.4836944383180626  1.0383466998468251 1033.598127167787 111.37443284200388 -2.4593679047848935  1.0383466998481541 1033.5444049643725 111.30523869861302 -2.4328236696932617  1.0383466998470576 1033.4911883102043 111.23631342095385 -2.404138551382299  1.0383466998477389 1033.4385142322221 111.16769239272621 -2.3733173116683899  1.0383466998474162 1033.3853411445627 111.10068834984976 -2.3403326930890542  1.0383466998475352 1033.3322186976984 111.03471846410318 -2.3052877810802368  1.0383466998474964 1033.2523358560165 110.93774121033459 -2.2497037202517562  1.0383466998475208 1033.2257406061094 110.90566808146103 -2.2306638906603866  1.0383466998474153 1033.1991708692776 110.87386483687358 -2.2111165904541603  1.0383466998477804 1033.1726195917452 110.8423488656652 -2.1910669932306472  1.0383466998469537 1033.1460796062884 110.81113749011081 -2.1705210517919733  1.0383466998483031 1033.1195435747848 110.78024805422034 -2.1494855293190378  1.0383466998466666 1033.0930041443823 110.74969760341025 -2.1279678971030194  1.0383466998481663 1033.0664538282247 110.71950308921546 -2.1059764116413335  1.0383466998471267 1033.0398852004187 110.68968097693595 -2.0835199806362006  1.0383466998476567 1033.0132907746361 110.66024745290527 -2.0606082464714843  1.0383466998474764 1032.9334079389444 110.57315940017024 -1.990537928797393  1.038346699847555 1032.8802821903732 110.51641897054475 -1.9419604115896916  1.0383466998473423 1032.8271047308269 110.46126034384307 -1.8916431317500566  1.0383466998478552 1032.7744354042557 110.40716168629319 -1.8393282421796586  1.0383466998469877 1032.7212263422027 110.35530519025177 -1.7856037197696912  1.0383466998480926 1032.6675041394221 110.30570359679547 -1.7305391456882258  1.0383466998469932 1032.614287417937 110.25731361625211 -1.6736891627280037  1.0383466998478545 1032.5616132819239 110.21016447253247 -1.6150740095175047  1.038346699847329 1032.5084401811027 110.16543815401204 -1.5552653174794948  1.0383466998475712 1032.4553176997467 110.12256866077587 -1.4940904142167404  1.0383466998474935 1032.4020624383984 110.08178688419257 -1.4317221162208031  1.0383466998475068 1032.3488073226044 110.04100487900031 -1.36935363364259  1.038346699847523 1032.2956816775079 110.00205264368418 -1.3056197758772088  1.0383466998474518 1032.2425040870062 109.96514276266673 -1.2407204442135049  1.0383466998475763 1032.1898351858802 109.92985742208535 -1.1742480297892004  1.0383466998475244 1032.1366267084518 109.89714000794261 -1.1071275466316688  1.0383466998473141 1032.0829043686056 109.86698231472967 -1.0394304290645697  1.0383466998478323 1032.0296867891509 109.83852948916436 -0.97041084547497614  1.0383466998471775 1031.9770118923989 109.81180194901162 -0.90009585291882277  1.0383466998477344 1031.9238386383961 109.78774671603949 -0.82939349113274519  1.0383466998474011 1031.8707157492613 109.7658798847948 -0.75796599067015802  1.0383466998475344 1031.8174600906357 109.74636731522102 -0.6860486476275427  1.0383466998475068 1031.7642064578417 109.72685251405569 -0.61412787752647957  1.0383466998474458 1031.7110823043474 109.70950001608163 -0.54147390294151621  1.0383466998477546 1031.6579028099054 109.69445340605655 -0.46834866597466723  1.0383466998469273 1031.605239882643 109.68143017160077 -0.39421530437590213  1.0383466998484405 1031.5520387427994 109.67104998579424 -0.3202559806344038  1.0383466998463831 1031.4983141315083 109.66329169949945 -0.24655643005752961  1.0383466998485671 1031.4450851785866 109.65756911632272 -0.17214343844988983  1.0383466998467197 1031.3924009029238 109.65388392572902 -0.097028686842692613  1.0383466998479542 1031.3392259304526 109.65285455185152 -0.02235685352298495  1.0383466998473245 1031.2860983031367 109.65413213724108 0.052322457879284121  1.0383466998475506 1031.2328382125474 109.65779942194798 0.12674049104678844  1.0383466998475066 1031.2062207951992 109.65962643503735 0.16397412335831257  1.0383466998476245 1031.1796356089253 109.66202484464573 0.20121495041602638  1.0383466998470305 1031.1530757675366 109.6649986311099 0.23844555191390296  1.0383466998486044 1031.1265342032334 109.66855107587517 0.2756480573125093  1.0383466998457611 1031.1000036989053 109.67268474439602 0.31280423119487327  1.0383466998495583 1031.073476920601 109.67740146917598 0.34989555861177818  1.0383466998456703 1031.0469464497419 109.68270233259989 0.38690333044049441  1.0383466998487718 1031.0204048156513 109.68858765002014 0.42380872872969444  1.0383466998468462 1030.9938445277633 109.69505695258621 0.46059291205594127  1.038346699847754 1030.9672581080993 109.70210897028859 0.4972371008722889  1.0383466998474511 1030.9406381235622 109.70974161485584 0.53372266286121783  1.0383466998475066 1030.9139757013158 109.71738330896798 0.57012304023977378  1.0383466998474316 1030.8873464740818 109.72558751126064 0.60644236800095852  1.0383466998478286 1030.8607436825059 109.73435545632934 0.64266307023237157  1.0383466998466893 1030.834160384609 109.74368763710031 0.67876722928624578  1.0383466998489952 1030.8075894871813 109.75358379990995 0.71473667091378923  1.0383466998454918 1030.781023777376 109.76404293960758 0.75055304937797562  1.0383466998495672 1030.7544559540029 109.77506329462169 0.78619793260142889  1.0383466998459037 1030.7278786591926 109.78664234207324 0.82165288726763064  1.0383466998484432 1030.7012845096822 109.79877679283892 0.8568995639731154  1.0383466998471205 1030.6746661284208 109.81146258665832 0.89191978233397828  1.0383466998475996 1030.6480161759537 109.82469488720949 0.92669561612569173  1.0383466998475068 1030.6215030017918 109.83794119726508 0.96174727010423633  1.0383466998475674 1030.5950179235908 109.85173952978413 0.99662302675957348  1.0383466998472728 1030.5685537342938 109.86608802635938 1.0313044949805441  1.0383466998480286 1030.542103054609 109.88098398189986 1.0657731099593322  1.0383466998466813 1030.5156583675011 109.89642386042358 1.100010222594471  1.0383466998485056 1030.4892120527827 109.91240331085227 1.1339971889057829  1.0383466998465627 1030.4627564215677 109.92891718280458 1.1677154594303762  1.0383466998482034 1030.436283750877 109.94595954238868 1.2011466686432708  1.0383466998471198 1030.4097863181089 109.96352368799836 1.2342727243516427  1.0383466998476556 1030.3832564356067 109.98160216610376 1.2670758971122911  1.0383466998474742 1030.3566864851696 110.00018678704726 1.2995389096324852  1.038346699847507 1030.3297026964417 110.01859789771224 1.3311852563366742  1.0383466998475017 1030.3027704855467 110.03750402821785 1.3626079784563894  1.0383466998475173 1030.2758841446212 110.05690219335914 1.3937917493159686  1.0383466998475037 1030.2490377447252 110.07678871252799 1.4247209853733651  1.0383466998474848 1030.2222251600217 110.09715921056825 1.4553799219663102  1.0383466998475375 1030.1954400919917 110.1180086186191 1.4857526890734407  1.0383466998474966 1030.1686760936038 110.13933117497679 1.5158233870517062  1.0383466998474915 1030.1419265935306 110.16112042593294 1.5455761624044753  1.0383466998475317 1030.1151849203245 110.18336922663727 1.5749952835171197  1.0383466998474877 1030.0884443266239 110.20606974193964 1.6040652164207034  1.038346699847513 1030.0616980133393 110.22921344724622 1.6327707005360423  1.038346699847507 1030.0361206405378 110.25319444059951 1.6636867308074508  1.038346699847648 1030.0104829900229 110.27766389919996 1.6941302229954116  1.0383466998469415 1029.9847746783767 110.3026072357877 1.7240817681890273  1.0383466998488036 1029.9589855248869 110.32800907813753 1.7535230278414922  1.0383466998454411 1029.9331055920907 110.35385339145687 1.7824367499273566  1.0383466998499402 1029.9071252262329 110.38012360078854 1.8108067850707557  1.0383466998453226 1029.8810350978345 110.4068027134042 1.8386181027157187  1.0383466998490212 1029.8548262421466 110.43387344121157 1.865856807245946  1.0383466998467041 1029.8284900997005 110.46131832314579 1.8925101541552383  1.0383466998478144 1029.8020185567927 110.48911984757511 1.9185665661756488  1.0383466998474371 1029.7754039860058 110.51726057469644 1.9440156494346694  1.0383466998475066 1029.7462473249188 110.54281746801747 1.9650513073000959  1.0383466998476181 1029.7174201393736 110.56880127017796 1.9860209813305112  1.038346699847059 1029.6889316558147 110.59522537981307 2.006935535084208  1.03834669984853 1029.6607915374498 110.62210489623683 2.027805430255516  1.0383466998459028 1029.6330098944618 110.64945664835538 2.0486404454046832  1.0383466998493502 1029.6055972944719 110.67729922360432 2.0694493946236459  1.0383466998459108 1029.5785647726373 110.70565299684912 2.0902398462927514  1.0383466998485551 1029.5519238421857 110.73454015933162 2.1110178417320107  1.0383466998469923 1029.5256865045187 110.76398474756948 2.1317876139533327  1.0383466998476869 1029.4998652596666 110.79401267229491 2.1525513063326946  1.0383466998474684 1029.4744731165083 110.82465174736677 2.1733086913346162  1.0383466998475066 1029.4539136429801 110.86135180273665 2.2017584068511056  1.0383466998476938 1029.4311811307155 110.89672532459808 2.2268069433360846  1.0383466998467652 1029.4065647902712 110.93100670803302 2.249148285821275  1.0383466998492201 1029.3802877361393 110.96439741593667 2.269267019003558  1.0383466998447302 1029.3525228190406 110.99706901136291 2.2874984639507985  1.0383466998508619 1029.3234058120674 111.02916632483075 2.3040770702722169  1.0383466998444142 1029.2930459503202 111.06081075657596 2.3191730636419337  1.0383466998496886 1029.2615338244918 111.09210371377321 2.3329173488272854  1.0383466998463475 1029.2289466279146 111.1231301826965 2.3454146680519901  1.0383466998479474 1029.1953507575054 111.15396243585117 2.3567450148511364  1.0383466998474067 1029.1608017682806 111.18466387404928 2.3669533032990269  1.0383466998475068 1029.1458710977158 111.20355619879116 2.3753678603451571  1.0383466998476654 1029.1321435604093 111.22333833584899 2.3845664091022329  1.0383466998468613 1029.1196798371832 111.24408095082578 2.3950218762180047  1.0383466998490076 1029.1095246026623 111.26762542518472 2.4055639668027147  1.0383466998450863 1029.0998271835867 111.29056118241647 2.4206241469428553  1.0383466998503883 1029.0943980888273 111.31965637381617 2.4352194982402273  1.03834669984491 1029.0920244409765 111.35262959559194 2.4530339677189588  1.0383466998492925 1029.092265461562 111.38840509381222 2.4794953078223281  1.0383466998465907 1029.1042052299292 111.44289686513643 2.5064250939199484  1.0383466998478319 1029.1272132236261 111.52202990077235 2.5618251720847174  1.0383466998473485 1029.2189357938057 111.71466116925309 2.6404735140622653  1.0383466998475643 1029.2406564455739 111.75879020905194 2.657172307491507  1.0383466998472608 1029.2663424454515 111.80955933190256 2.6742265278082327  1.0383466998479722 1029.2972789607782 111.86911781233883 2.6921679239178475  1.038346699846955 1029.3347465050717 111.9397141157789 2.7097562304462022  1.0383466998479507 1029.3802242567544 112.02397962868697 2.7249984859440568  1.0383466998472761 1029.436304196144 112.12640554041354 2.7363829158758248  1.0383466998475581 1029.5067350154625 112.25367192447644 2.7386619106946775  1.0383466998475328 1029.6808066585427 112.56745427346048 2.6933519210883885  1.03834669984743 1029.8992511634294 112.96578351597283 2.4917457583793445  1.0383466998476341 1030.0137952939886 113.17726070732046 2.335991246282187  1.0383466998469633 1030.123390493399 113.3834105455138 2.1291720639921605  1.0383466998485575 1030.203255482747 113.54594092280234 1.8091676833282204  1.0383466998462023 1030.20601393887 113.57214576790551 1.5817151228880213  1.0383466998486459 1030.2266357994679 113.6276492345599 1.3720157740485861  1.0383466998467838 1030.2182623157526 113.63180852023059 1.1991943100984577  1.0383466998478363 1030.2092662252135 113.63318227212879 1.0562813015774857  1.0383466998474096 1030.1704860014324 113.61324403762502 0.69845630751713161  1.0383466998477195 1030.1180631481802 113.56036826319938 0.51407224920276895  1.0383466998471622 1030.0901619859728 113.53497881655794 0.43078092277894731  1.0383466998486295 1030.0647421047861 113.51290193796906 0.36711212729009601  1.0383466998452766 1030.0416135268681 113.49414209608393 0.31762374350304939  1.0383466998506174 1030.0214071144494 113.47995472494378 0.27923954243903742  1.0383466998442996 1030.0028395831027 113.46841901115239 0.24767358238268969  1.0383466998499982 1029.984984577316 113.45810329575022 0.22058325703549261  1.0383466998460615 1029.9686512306027 113.45035551281705 0.19839057293779946  1.0383466998481015 1029.9530459534578 113.44394070868162 0.17922831473414277  1.0383466998473629 1029.9381261536496 113.43881232911393 0.16266575490920337  1.0383466998475068 
1047.2197220508456 111.62366472270625 -2.3467693935445273  1.0367296232096115 1047.1925175642168 111.59076691641083 -2.3380942462427421  1.0367296232096059 1047.1654021302045 111.55792594197386 -2.3288406799680086  1.0367296232096295 1047.1383704215064 111.52515703081397 -2.3190117525640805  1.0367296232095942 1047.1114168717509 111.49247560541076 -2.3086111921327199  1.0367296232096022 1047.0845357004225 111.45989721288259 -2.2976433995488126  1.0367296232096672 1047.057720937652 111.42743745856475 -2.2861134510118957  1.0367296232095184 1047.0309664491895 111.39511193958801 -2.2740271005405934  1.0367296232097045 1047.0042659611775 111.36293617845534 -2.2613907825407633  1.0367296232095509 1046.9776130851012 111.33092555662206 -2.2482116142948132  1.0367296232096379 1046.9510013426122 111.29909524807171 -2.2344973985206709  1.0367296232096055 1046.9244241904246 111.26746015289579 -2.2202566258804528  1.0367296232096108 1046.8979067819587 111.23573619399097 -2.2059309590269973  1.0367296232095273 1046.8714010777373 111.20422764036751 -2.1910963974286672  1.0367296232099676 1046.8449004860574 111.17294887492928 -2.1757624061871685  1.0367296232087482 1046.8183984464779 111.14191381901441 -2.1599390401372442  1.036729623211063 1046.7918884555511 111.11113589264909 -2.1436368758783511  1.036729623207812 1046.7653640926312 111.08062797477787 -2.1268669437975354  1.0367296232113061 1046.7388190455729 111.05040236352805 -2.1096406601022406  1.0367296232083829 1046.7122471365578 111.02047073643351 -2.0919697588450985  1.0367296232102901 1046.6856423477968 110.99084411069845 -2.0738662239527001  1.0367296232093419 1046.6589988473329 110.96153280342864 -2.0553422212542043  1.0367296232096759 1046.6323110147775 110.93254639188437 -2.0364100305082067  1.0367296232096115 1046.6056783972272 110.90349112130154 -2.0173874805949912  1.036729623209679 1046.5790796180038 110.87471306746664 -1.9978739161500074  1.036729623209345 1046.55250813766 110.84622565234835 -1.9778800945706647  1.0367296232102223 1046.5259573649359 110.8180418807639 -1.957417393796038  1.0367296232086329 1046.4994206857195 110.79017429594569 -1.9364977481117072  1.0367296232107763 1046.4728914921679 110.76263493508972 -1.9151335839538335  1.0367296232085381 1046.4463632115846 110.7354352849311 -1.8933377557154905  1.0367296232103855 1046.419829335603 110.70858623728674 -1.8711234815490165  1.0367296232091801 1046.3932834490511 110.68209804463062 -1.8485042791733453  1.0367296232097867 1046.3667192590901 110.65598027564251 -1.8254939016766993  1.0367296232095691 1046.3401306241612 110.63024177077439 -1.8021062733225275  1.0367296232096115 1046.3135084122907 110.60453601537077 -1.7787794842456963  1.0367296232096641 1046.2869141765623 110.57918307908932 -1.7550183147010738  1.0367296232093968 1046.2603414039486 110.55419426812473 -1.7308356212510969  1.0367296232101542 1046.2337835514988 110.52958035348296 -1.7062447705468817  1.0367296232086278 1046.2072340743823 110.5053515418176 -1.6812595676875153  1.0367296232109247 1046.1806864537803 110.48151744629585 -1.6558941845623292  1.0367296232083008 1046.1541342250061 110.4580870574227 -1.6301630882164251  1.0367296232106011 1046.1275710053451 110.43506871391324 -1.6040809691906099  1.0367296232090486 1046.100990522177 110.41247007351939 -1.5776626698841756  1.0367296232098409 1046.0743866408652 110.39029808389208 -1.5509231129011494  1.0367296232095551 1046.0477533928017 110.36855895342102 -1.5238772294061655  1.0367296232096128 1045.9945144578876 110.3250619472042 -1.4697319398988558  1.0367296232095864 1045.9413935349307 110.28323057055631 -1.414082742208437  1.0367296232097172 1045.8882250348399 110.24314687176053 -1.357187707474486  1.036729623209333 1045.8355049062448 110.20483102819044 -1.2984877868765237  1.0367296232101328 1045.7823135452609 110.16841935193678 -1.2391702099226329  1.0367296232088814 1045.7286672256585 110.13392960840805 -1.1792997937080327  1.0367296232103906 1045.6754562129579 110.10130025172292 -1.117865708776326  1.0367296232089787 1045.622719264946 110.07058259801543 -1.0548699032528759  1.0367296232099923 1045.5695487380137 110.04191910757777 -0.99146988769885458  1.0367296232094516 1045.516418012689 110.01525683003689 -0.92718292874146158  1.0367296232096506 1045.4631734238014 109.99062268249354 -0.86226088987332972  1.0367296232096115 1045.4099320285331 109.96598838590025 -0.79733228133547196  1.0367296232096321 1045.3568074778327 109.94340228537395 -0.73148969067065128  1.0367296232095247 1045.3036380603337 109.9228630222908 -0.66499560305821659  1.0367296232098193 1045.2509079786512 109.90456188735395 -0.59735064280456818  1.0367296232092731 1045.1977014289409 109.88825825710163 -0.52971495107351096  1.0367296232100143 1045.1440495831391 109.87395325815453 -0.46212560448008699  1.0367296232092476 1045.090847358103 109.86190657252317 -0.39359643076031819  1.0367296232098646 1045.0381194610582 109.85216307599217 -0.32417409084329851  1.036729623209478 1044.9849460643643 109.84449312185708 -0.25502492948364069  1.0367296232096601 1044.9318175848941 109.83900274457258 -0.18564084908857015  1.0367296232096015 1044.8785754240666 109.83563786173997 -0.11627933356750138  1.0367296232096115 1044.8253335572883 109.83227315278145 -0.046917238515242023  1.0367296232096292 1044.7722084651559 109.8311387259544 0.022681097446290981  1.0367296232095407 1044.7190388662837 109.83215250098125 0.092267289480927231  1.0367296232097432 1044.6663076090124 109.83564973706783 0.16225447970663373  1.0367296232094809 1044.61309951563 109.84104326246532 0.23161510056577164  1.0367296232096535 1044.5594472670746 109.84832405948468 0.3003163185117767  1.0367296232096885 1044.506245999698 109.85804444075438 0.36921590378031965  1.0367296232094689 1044.4535189542614 109.87023140067849 0.43825286568346628  1.0367296232097354 1044.4003452869242 109.88430484422801 0.50638729466406163  1.036729623209548 1044.3472170198092 109.90052428266451 0.57407246243969134  1.036729623209629 1044.2939750776293 109.91875824334005 0.64107934978680281  1.0367296232096115 1044.2407331591698 109.93699223181443 0.7080862772507579  1.0367296232096759 1044.1876080116594 109.95742033748731 0.77462868660392659  1.036729623209361 1044.1344383931719 109.97988779406612 0.8404957759586511  1.0367296232101779 1044.0817070257324 110.00484095751885 0.90597666380768593  1.03672962320871 1044.02849880143 110.03140392908617 0.97027564860654014  1.03672962321068 1043.9748465240946 110.05955816181419 1.0333644728407547  1.036729623208644 1043.9216453448657 110.09009405644939 1.0958882443015299  1.0367296232102741 1043.8689183664503 110.12301824351884 1.1577804102823179  1.0367296232092889 1043.8157446791229 110.15745754998289 1.2182311406136239  1.0367296232096954 1043.7626164279234 110.19379904507682 1.2775914990566783  1.0367296232096306 1043.6561325799721 110.26989469475772 1.3937770094205177  1.0367296232095276 1043.6030074293519 110.30988570866573 1.4507499654336311  1.0367296232101133 1043.5498378064749 110.35160757278007 1.5064504584523828  1.0367296232083349 1043.4971064336994 110.3955741399684 1.5610155257220393  1.0367296232117584 1043.4438981950568 110.44070648035358 1.6139590703326803  1.0367296232069696 1043.390245920602 110.48697826938938 1.6652599754462771  1.0367296232120877 1043.3370447439663 110.53534054307751 1.7152875085406742  1.036729623207824 1043.2843177740995 110.58577905315894 1.763976329981336  1.0367296232105858 1043.2311440826491 110.63721307508743 1.8108260565729968  1.0367296232092382 1043.1780158343013 110.69011925583156 1.8560509747804887  1.0367296232096881 1043.0981529489397 110.77132517765486 1.9212890784368164  1.0367296232095851 1043.0715611800342 110.7987693287746 1.9426187450128976  1.0367296232096868 1043.0449920762924 110.82657452683385 1.9635228195730003  1.0367296232094492 1043.0184390764086 110.85472588040535 1.9839926840776709  1.0367296232098857 1042.9918956118208 110.8832081419153 2.0040203436299224  1.0367296232092345 1042.965355137314 110.9120057875129 2.0235984468525339  1.0367296232100327 1042.9388111568037 110.94110308768296 2.0427203026840304  1.0367296232092387 1042.9122572539047 110.97048418710072 2.0613799006334719  1.0367296232098626 1042.8856871183018 111.00013317633191 2.0795719281175415  1.0367296232094918 1042.8590945753849 111.03003416990998 2.0972917899458157  1.036729623209647 1042.7792316901186 111.12044580013217 2.1490232993937064  1.0367296232095282 1042.7261065375744 111.18194323137418 2.1816310337768736  1.0367296232099608 1042.6729369167283 111.24440518330009 2.212319207237178  1.0367296232088199 1042.6202055406216 111.3083516969799 2.2409766331949421  1.0367296232108316 1042.5669973038271 111.3726007766796 2.2676600240668359  1.0367296232082297 1042.5133450271169 111.43711936150325 2.2923625118570672  1.0367296232108019 1042.4601438524985 111.50292249168632 2.3149813581166514  1.036729623208827 1042.4074168822092 111.56996779481371 2.335464810844893  1.0367296232099958 1042.3542431909489 111.63706517505967 2.3538576657601609  1.0367296232094827 1042.3011149426416 111.7047366105772 2.370134459416473  1.0367296232096292 1042.194631095625 111.84069992476449 2.3984822713268503  1.0367296232096113 1042.1415059431067 111.9092638016043 2.4104903182224167  1.036729623209554 1042.0883363222435 111.97815181509463 2.4203747009240875  1.0367296232098158 1042.0356049461807 112.04782419534547 2.4278689731491978  1.0367296232091832 1041.9823967093771 112.11717432249742 2.4333923284075185  1.0367296232102565 1041.9287444326947 112.18616863158921 2.4369484512176021  1.0367296232088605 1041.875543258044 112.25574073517458 2.4381259668421165  1.0367296232102801 1041.8228162877508 112.32583434258872 2.4368887499856391  1.0367296232091667 1041.7696425964907 112.39533144804309 2.4336471637286108  1.0367296232098258 1041.7165143481798 112.46472061360589 2.4282156907950259  1.0367296232095398 1041.6100305011582 112.60278936516477 2.4131610873441751  1.0367296232097143 1041.5569053486386 112.67170817757551 2.4033940154484452  1.0367296232091046 1041.503735727774 112.74027901392964 2.3915070551526498  1.0367296232108636 1041.4510043517059 112.80885724264843 2.3771045820503351  1.036729623207524 1041.3977961149076 112.87651994361464 2.360927237218867  1.0367296232121619 1041.3441438382126 112.94323633324622 2.3429888969618893  1.0367296232072543 1041.2909426635756 113.00976720805988 2.3226098185272033  1.0367296232112717 1041.2382156932777 113.07604786910879 2.299773039482031  1.0367296232087415 1041.1850420020221 113.14114183887499 2.2752143211034856  1.036729623209919 1041.1319137537096 113.20545643950206 2.2486062519932939  1.0367296232095684 1041.0254299066917 113.33211549706442 2.1916228826527067  1.0367296232096079 1040.9723047541765 113.39464299150873 2.1610367610082224  1.0367296232097551 1040.9191351333102 113.4561844595046 2.1285420362091414  1.0367296232091583 1040.8664037572514 113.51695562186731 2.0936526321870828  1.0367296232104668 1040.8131955204565 113.576307600059 2.05735813846904  1.0367296232084762 1040.7595432437645 113.63421540517297 2.0196812648813718  1.0367296232107182 1040.706342069119 113.69119254562398 1.9797404385746005  1.0367296232088072 1040.6536150988145 113.74717224738899 1.9375395204079662  1.0367296232100358 1040.600441407561 113.80149123017024 1.8940676483661916  1.0367296232094645 1040.5473131592446 113.85443570464247 1.8488875662812312  1.0367296232096308 1040.4408293122247 113.95728679716019 1.7555533602746858  1.0367296232096146 1040.3877041597123 114.00730234682119 1.7071421715729653  1.0367296232095342 1040.3345345388425 114.05579033878783 1.6572204923447109  1.0367296232098475 1040.2818031627883 114.10280572999277 1.6052593753530557  1.0367296232091616 1040.2285949259913 114.14803720024527 1.5524004906885853  1.036729623210231 1040.1749426493002 114.19146800140943 1.498673158659882  1.0367296232089727 1040.1217414746523 114.23331408801567 1.4430802708507897  1.0367296232101086 1040.0690145043445 114.27351314726624 1.3856461334547152  1.0367296232093206 1040.0158408130917 114.31174002256139 1.3275164374763251  1.0367296232097349 1039.962712564773 114.34813179683772 1.2681868836370604  1.0367296232095775 1039.8828496795077 114.39986330628905 1.1777752534182648  1.0367296232096339 1039.8562579105062 114.41663715813075 1.1473322905470575  1.0367296232095065 1039.8296888068714 114.43293417761251 1.1165993026799104  1.0367296232098713 1039.8031358068242 114.44874818210695 1.0855923470053095  1.0367296232091532 1039.7765923423822 114.46407366066097 1.0543277328980307  1.0367296232102028 1039.750051867718 114.47890578059662 1.0228219443137705  1.0367296232090377 1039.7235078873089 114.49324039410733 0.99109156270267906  1.0367296232100356 1039.6969539843208 114.50707404484463 0.95915318932917293  1.0367296232093788 1039.6703838487517 114.52040397452392 0.92702336820018871  1.0367296232096952 1039.6437913058007 114.53322812950958 0.89471850843519585  1.0367296232096002 1039.5639284205336 114.57017924322817 0.79732740441014882  1.0367296232096161 1039.5108032680125 114.5927652045341 0.73148613506466953  1.0367296232096119 1039.4576336471494 114.61330435362296 0.66499250545857047  1.0367296232095942 1039.4049022710803 114.63160552044873 0.59735027029343868  1.0367296232096685 1039.3516940342683 114.64790962409238 0.52971800144570791  1.0367296232095 1039.2980417575866 114.66221505295307 0.46212942693533804  1.0367296232097558 1039.2448405829437 114.67426154622305 0.39359807542295344  1.0367296232094871 1039.192113612665 114.68400461752323 0.32417389323397344  1.0367296232096752 1039.1389399213988 114.69167468309242 0.25502531667554929  1.0367296232096057 1039.0858116730969 114.69716493759142 0.18564077730318634  1.0367296232095902 1038.9793278260765 114.70389439257785 0.046916822348149673  1.0367296232096719 1038.9262026735491 114.70502884710011 -0.022681391768550729  1.0367296232092511 1038.8730330526919 114.70401507710804 -0.092267537629326352  1.0367296232105785 1038.8203016766106 114.70051792088256 -0.16225449770096376  1.0367296232078589 1038.7670934398086 114.69512452443844 -0.23161485282690511  1.0367296232119529 1038.7134411631148 114.68784377764577 -0.30031602764286375  1.0367296232072494 1038.6602399884814 114.67812332128669 -0.36921578723378451  1.0367296232114207 1038.60751301819 114.66593628063566 -0.43825288268014168  1.0367296232085781 1038.5543393269309 114.65186286117323 -0.50638726762895148  1.0367296232100225 1038.5012110786226 114.63564340168642 -0.57407246786152988  1.0367296232095238 1038.3947272316052 114.59917543409199 -0.70808630514645021  1.0367296232096799 1038.3416020790864 114.57874733350775 -0.77462870594616673  1.0367296232093903 1038.2884324582246 114.55627987931302 -0.84049579124506224  1.0367296232100742 1038.2357010821572 114.53132672603152 -0.90597666499746821  1.0367296232089198 1038.1824928453623 114.50476377271592 -0.97027563156063346  1.0367296232103915 1038.1288405686696 114.47660954048182 -1.0333644570590583  1.0367296232089376 1038.0756393940269 114.44607364050759 -1.0958882361655877  1.0367296232100509 1038.0229124237217 114.41314944036785 -1.1577804129675104  1.0367296232094061 1037.9697387324686 114.37871014022328 -1.2182311379797497  1.0367296232096714 1037.9166104841531 114.34236864045982 -1.2775915000875797  1.0367296232096075 1037.8101266371332 114.26627298904562 -1.3937770115713142  1.0367296232096039 1037.7570014846197 114.22628197816721 -1.4507499652245717  1.0367296232096661 1037.7038318637515 114.18456011073386 -1.5064504607355031  1.036729623209468 1037.6511004876943 114.14059354888998 -1.5610155239916788  1.0367296232098711 1037.5978922508928 114.09546120567315 -1.6139590711329024  1.0367296232092513 1037.5442399742064 114.04918942039431 -1.6652599735091131  1.0367296232100014 1037.491038799559 114.00082714345962 -1.7152875090188546  1.0367296232092855 1037.4383118292583 113.95038863391403 -1.7639763297057198  1.0367296232098131 1037.385138138003 113.89895461174669 -1.8108260566245331  1.0367296232095291 1037.3320098896886 113.846048430899 -1.8560509747892135  1.0367296232096259 1037.2521470044239 113.7648425088825 -1.9212890785225136  1.0367296232096133 1037.2255552354191 113.73739835794763 -1.9426187450219443  1.0367296232095684 1037.1989861317863 113.70959315967906 -1.963522819668249  1.0367296232097223 1037.1724331317344 113.68144180642606 -1.9839926840452251  1.0367296232094496 1037.1458896672953 113.65295954463025 -2.0040203437124147  1.0367296232097774 1037.119349192626 113.62416189934417 -2.0235984468179513  1.0367296232094789 1037.0928052122197 113.59506459897288 -2.0427203027248  1.0367296232096987 1037.0662513092273 113.56568349973729 -2.0613799006160018  1.0367296232095609 1037.0396811736598 113.53603451043698 -2.0795719281225069  1.0367296232096375 1037.0130886307059 113.50613351693364 -2.0972917899341237  1.0367296232095984 1036.9332257454391 113.41572188671691 -2.1490232993843157  1.0367296232096568 1036.880100592922 113.35422445542206 -2.1816310337762079  1.036729623209375 1036.8269309720547 113.29176250354109 -2.212319207232111  1.0367296232102243 1036.7741995959941 113.22781598976725 -2.2409766331997871  1.0367296232085494 1036.7209913591803 113.16356691010635 -2.2676600240668736  1.0367296232109413 1036.6673390825028 113.09904832521406 -2.2923625118579825  1.0367296232083592 1036.6141379078533 113.03324519509626 -2.3149813581152334  1.0367296232105088 1036.5614109375729 112.96619989194812 -2.3354648108438805  1.0367296232091312 1036.5082372463075 112.89910251171325 -2.3538576657593238  1.0367296232097922 1036.4551089980034 112.83143107618824 -2.3701344594146452  1.0367296232095726 1036.3486251509826 112.69546776200994 -2.3984822713253404  1.0367296232096461 1036.2954999984568 112.62690388518284 -2.4104903182228585  1.0367296232094787 1036.2423303775986 112.55801587168641 -2.420374700923269  1.0367296232099286 1036.1895990015189 112.48834349146065 -2.4278689731536534  1.036729623209051 1036.1363907647201 112.41899336431322 -2.4333923284149948  1.0367296232103869 1036.0827384880236 112.34999905523452 -2.4369484512303266  1.0367296232087579 1036.0295373133918 112.2804269516256 -2.4381259668489199  1.0367296232103558 1035.9768103430949 112.21033334420835 -2.436888749991053  1.036729623209109 1035.9236366518394 112.14083623875099 -2.4336471637329904  1.0367296232098651 1035.8705084035284 112.07144707318726 -2.4282156907993362  1.03672962320952 1035.7640245565119 111.93337832161906 -2.4131610873442892  1.0367296232097478 1035.7108994039968 111.86445950920029 -2.4033940154449298  1.0367296232089456 1035.6577297831309 111.7958886728499 -2.3915070551495994  1.0367296232112708 1035.6049984070723 111.7273104441124 -2.3771045820394585  1.036729623206762 1035.5517901702758 111.65964774314013 -2.3609272371978069  1.0367296232132344 1035.4981378935879 111.59293135350174 -2.3429888969382091  1.0367296232061087 1035.4449367189359 111.52640047871131 -2.3226098185159239  1.0367296232122041 1035.3922097486354 111.46011981766507 -2.2997730394741072  1.0367296232081664 1035.3390360573769 111.39502584790431 -2.2752143211004587  1.0367296232101821 1035.2859078090653 111.33071124727739 -2.2486062519890693  1.0367296232094816 1035.1794239620403 111.20405218972591 -2.191622882660361  1.0367296232097341 1035.1262988095282 111.14152469528254 -2.1610367610089916  1.0367296232091316 1035.0731291886409 111.07998322729944 -2.1285420362497822  1.0367296232107155 1035.0203978126267 111.01921206491063 -2.0936526321393316  1.0367296232078338 1034.9671895756867 110.95986008685279 -2.0573581386804198  1.0367296232117504 1034.9135372991552 110.90195228158839 -2.0196812647999689  1.0367296232076293 1034.8603361243597 110.84497514125185 -1.9797404387768391  1.0367296232110328 1034.8076091542925 110.78899543926907 -1.9375395201804844  1.0367296232088392 1034.7544354628938 110.73467645662033 -1.8940676484095704  1.0367296232099101 1034.7013072147176 110.68173198202548 -1.8488875660697639  1.0367296232095431 1034.5948233676356 110.57888088957591 -1.7555533601850952  1.0367296232096799 1034.541698215025 110.52886534005542 -1.7071421716460382  1.0367296232093541 1034.488528594127 110.4803773479656 -1.6572204925023497  1.0367296232101355 1034.4357972181915 110.43336195700145 -1.6052593751983182  1.0367296232088916 1034.3825889798977 110.38813048735105 -1.5524004935333284  1.0367296232103269 1034.3289367046825 110.344699685509 -1.498673158497847  1.0367296232090772 1034.2757355290371 110.30285359900122 -1.4430802727773975  1.0367296232099155 1034.2230085612935 110.26265453871463 -1.3856461302428751  1.0367296232094765 1034.1698348687173 110.22442766398312 -1.327516436944949  1.0367296232096599 1034.1167066219116 110.18803588918105 -1.268186880064514  1.0367296232095977 1034.0368437364439 110.13630438000202 -1.1777752502764227  1.0367296232096233 1034.0102519651457 110.11953052889849 -1.147332292074734  1.0367296232095451 1033.9836828635928 110.1032335089931 -1.1165992999564121  1.0367296232097998 1033.9571298578949 110.08741950557391 -1.0855923558311071  1.0367296232092462 1033.9305863995983 110.07209402619206 -1.0543277291171242  1.0367296232100927 1033.9040459152504 110.0572619073217 -1.0228219603974891  1.0367296232091829 1033.8775019435598 110.04292729302355 -0.99109156086237449  1.0367296232098659 1033.8509480306714 110.02909364291759 -0.95915320783213132  1.0367296232095176 1033.8243779014069 110.01576371274278 -0.92702337372922927  1.0367296232096281 1033.7977853526568 110.00293955789114 -0.89471852588719469  1.0367296232096115 1033.7179224728609 109.96598844324433 -0.79732741059634693  1.0367296232096121 1033.6647973317943 109.94340248179266 -0.73148611770052774  1.036729623209627 1033.6116276948837 109.92286333158374 -0.66499252089371097  1.0367296232095178 1033.5588963546177 109.90456216598083 -0.59735021225151952  1.0367296232098817 1033.5056881460757 109.88825807575961 -0.52971788584999691  1.0367296232091314 1033.4520358683926 109.87395265480521 -0.46212931341009206  1.0367296232102012 1033.3988346329311 109.86190614719386 -0.39359808574938265  1.0367296232090866 1033.3461076163687 109.8521630514791 -0.32417399723504253  1.0367296232099479 1033.2929339134084 109.84449297654255 -0.25502544407383126  1.0367296232094643 1033.2398056388436 109.8390027026 -0.18564095757318277  1.0367296232096483 1033.1865636891137 109.8356379524581 -0.11627903276107301  1.0367296232096115 1033.1333218672889 109.83227327789555 -0.046916855858088052  1.0367296232096226 1033.0801968173944 109.83113888954347 0.022681558395071331  1.0367296232095753 1033.0270270559706 109.83215255187515 0.092267448375285249  1.0367296232096388 1032.9742961029795 109.8356500008159 0.16225521181110458  1.0367296232096845 1032.921088392194 109.84104391378759 0.2316165441294446  1.0367296232093852 1032.8674359535237 109.84832467429399 0.30031740625037245  1.036729623209919 1032.8142339563226 109.85804440970985 0.36921564797241374  1.0367296232093426 1032.7615063012438 109.87023068405298 0.43825150357377518  1.0367296232097769 1032.7083324791358 109.88430389677407 0.50638566711649091  1.0367296232095415 1032.6552038789623 109.9005228750223 0.57407024619354052  1.0367296232096288 1032.6019616227572 109.91875634947702 0.64107658450290361  1.0367296232096115 1032.5487211467437 109.93699190923743 0.70808593432570988  1.0367296232095817 1032.4955974093823 109.95742172921342 0.77463067616074222  1.0367296232097232 1032.4424258498611 109.97988673693723 0.84049496859874595  1.0367296232093779 1032.389700315912 110.00484711970981 0.90598496810123919  1.0367296232099195 1032.3364988393948 110.03142042013845 0.97029397714248167  1.036729623209335 1032.2828438790066 110.05957307779016 1.0333784296835107  1.0367296232097936 1032.229631797775 110.09009370926454 1.0958861094941648  1.0367296232095224 1032.1768963016309 110.12300373846136 1.1577662954152372  1.0367296232096408 1032.1237211650641 110.15743987666293 1.2182153116376211  1.0367296232096048 1032.0705888088646 110.1937734074822 1.2775702303787222  1.0367296232096128 1032.0173431751441 110.23181325558639 1.3356582290434578  1.036729623209611 1031.9907314554084 110.25085134278631 1.3647160656614385  1.0367296232097825 1031.9641486688834 110.27037540336087 1.3934934430786909  1.0367296232089107 1031.9375882655308 110.29037449438616 1.4219770950620403  1.0367296232112535 1031.9110436618676 110.31083707597926 1.4501542017879265  1.0367296232069403 1031.8845082693533 110.33175107772468 1.4780124308623503  1.036729623212834 1031.8579755227402 110.3531039650842 1.5055399783475851  1.0367296232066436 1031.831438908471 110.37488280582789 1.5327256097770434  1.0367296232117165 1031.8048919930268 110.39707433644344 1.5595587011868581  1.0367296232084766 1031.7783284513184 110.41966502856336 1.5860292801281677  1.0367296232100505 1031.7517420950455 110.4426411553804 1.6121280666976545  1.0367296232095113 1031.7251269010762 110.46598885806911 1.6378465145540739  1.036729623209611 1031.6984744197478 110.48926899633082 1.6635285936218809  1.0367296232095999 1031.6718523362333 110.51298520563087 1.6888601106092491  1.0367296232096637 1031.6452541989227 110.53712479297766 1.7138297412277217  1.0367296232094598 1031.6186735172573 110.56167454759975 1.7384266783670932  1.0367296232099328 1031.5921037896915 110.58662081083068 1.762640662693411  1.0367296232091363 1031.5655385316054 110.6119495459543 1.7864620132943738  1.0367296232101113 1031.5389713032926 110.63764640810939 1.809881658256111  1.0367296232092251 1031.5123957378528 110.66369681412192 1.8328911653211697  1.0367296232098289 1031.485805569185 110.69008601240957 1.8554827724672633  1.0367296232095267 1031.4591946598916 110.71679915282715 1.8776494185498989  1.0367296232096315 1031.4325570292481 110.74382135655146 1.8993847739026637  1.0367296232096115 1031.4060396375705 110.77107697667734 1.9212019646546388  1.0367296232096588 1031.3795460896097 110.79870526506474 1.9425961413887893  1.0367296232094301 1031.3530696153023 110.82669122048725 1.9635580705945628  1.0367296232100058 1031.3266034308967 110.85501942686247 1.9840791743197868  1.03672962320901 1031.3001407679067 110.88367413399621 2.0041515451420171  1.0367296232103087 1031.2736749022056 110.9126393383423 2.0237679611664166  1.0367296232089789 1031.2471991829202 110.94189886374062 2.04292190098045  1.0367296232100638 1031.220707061558 110.97143644217989 2.0616075586661369  1.0367296232093619 1031.1941921209107 111.00123579453711 2.0798198587492123  1.0367296232097107 1031.1676481041345 111.0312807113354 2.0975544712050089  1.0367296232095882 1031.1410689437157 111.06155513348979 2.1148078264229242  1.0367296232096119 1031.1141265377235 111.09109344450479 2.1319282689941819  1.0367296232096326 1031.0872348991973 111.12095538928105 2.1485972350296967  1.0367296232095087 1031.0603882623438 111.15112693275245 2.1648074840662193  1.0367296232098924 1031.0335807514314 111.18159362242764 2.180552284243781  1.036729623209085 1031.0068064065788 111.21234064994111 2.1958254344707173  1.0367296232103222 1030.98005920947 111.2433529125847 2.2106212866289479  1.0367296232088923 1030.953333109188 111.27461507486831 2.2249347677147435  1.0367296232101655 1030.9266220478926 111.30611163004491 2.2387614020643767  1.0367296232092909 1030.899919986666 111.33782696167158 2.252097333487705  1.0367296232097429 1030.8732209312102 111.36974540514053 2.264939347483919  1.0367296232095795 1030.8465189576514 111.40185130923065 2.2772848933974514  1.0367296232096119 1030.8208473352329 111.43607219402257 2.2896850935096338  1.0367296232097931 1030.7951071999169 111.47041439609995 2.3015266821773785  1.0367296232088734 1030.7692907491635 111.50485735693589 2.3128102401404731  1.036729623211339 1030.7433905663131 111.53938115231463 2.3235373568022131  1.0367296232067915 1030.7173996301999 111.57396655900915 2.3337105294786649  1.0367296232130321 1030.6913113246414 111.60859512144063 2.3433330626857272  1.0367296232064394 1030.6651194481083 111.64324921836099 2.3524089673696507  1.0367296232118848 1030.6388182231819 111.67791212951188 2.3609428602057516  1.0367296232083685 1030.6124023062157 111.71256810230307 2.3689398628302616  1.0367296232101004 1030.5858667968366 111.74720241847798 2.3764055011255589  1.0367296232094976 1030.559207247549 111.78180146078599 2.3833456044708838  1.036729623209611 1030.5303278488982 111.81185875486028 2.39093291926351  1.0367296232097731 1030.5017634991309 111.84233574891323 2.3979970000523592  1.0367296232089538 1030.4735201153705 111.87323735293101 2.4045279771254453  1.03672962321114 1030.4456036087402 111.90456903061099 2.4105145589787029  1.0367296232071557 1030.4180198049787 111.93633662156408 2.4159438808327782  1.0367296232125194 1030.3907743649479 111.96854616351422 2.4208013530987604  1.0367296232070069 1030.3638727052996 112.00120371449874 2.425070509921595  1.0367296232113883 1030.3373199189521 112.03431517507141 2.4287328576269505  1.0367296232086989 1030.3111206957542 112.06788611049943 2.4317677232666361  1.0367296232099477 1030.2852792429958 112.10192157296788 2.4341521030815012  1.036729623209538 1030.2597992060221 112.13642592377768 2.4358605110205795  1.036729623209611 1030.2385960706949 112.17934717567042 2.4351528565729237  1.0367296232097734 1030.2153416537703 112.21941917199426 2.4345620014795912  1.0367296232089773 1030.1903796281961 112.25727990681428 2.4341255625579108  1.0367296232110479 1030.1639570303046 112.29340232573165 2.4338324978061112  1.0367296232073391 1030.1362517983407 112.32813863296042 2.4336423052267411  1.0367296232122858 1030.1073950332145 112.3617563159336 2.4334998251911939  1.0367296232072092 1030.0774879814055 112.39446588744924 2.4333456463075733  1.0367296232112715 1030.0466137401183 112.4264403453475 2.4331221148446338  1.0367296232087366 1030.0148436845757 112.45782634972367 2.4327749476499214  1.0367296232099461 1029.9822386175579 112.48874711767648 2.4322504486229195  1.0367296232095344 1029.9488446411017 112.51929703558969 2.4314883286936233  1.0367296232096115 1029.9342937071988 112.53847738439057 2.4293093324494262  1.0367296232097862 1029.9208388946074 112.55859391826679 2.426345316348157  1.0367296232088954 1029.9086840379314 112.57998034555112 2.4227416663968047  1.0367296232112866 1029.8977847262977 112.60268836187024 2.4163465103539115  1.0367296232068852 1029.8891297091386 112.62809482110899 2.4121358482891178  1.0367296232128917 1029.8822944262686 112.65597247916179 2.4018932484263731  1.0367296232066203 1029.8782323444514 112.68771972902618 2.3892591197278779  1.0367296232116914 1029.8788971965876 112.72645200435517 2.3775440534096557  1.036729623208527 1029.8847445414754 112.77401214051544 2.348947510284245  1.0367296232100076 1029.9042069819775 112.85290915918043 2.3123323368951096  1.0367296232094101 1029.9610674950172 112.99926568536478 2.1834710516467548  1.0367296232096928 1029.9742052773463 113.03174930153706 2.1530723203172055  1.0367296232092096 1029.9891058142098 113.06751204969132 2.1168518708567317  1.0367296232104426 1030.0064994107238 113.10789506549409 2.0731107409908711  1.0367296232085133 1030.0264165582405 113.15310338053783 2.0192967893999789  1.036729623210628 1030.0486718166785 113.20301588619182 1.9521897657784215  1.0367296232089522 1030.0737202825744 113.25868615272874 1.8671083191939128  1.036729623209877 1030.1010143910348 113.31968148957968 1.7557960812593083  1.0367296232095855 1030.1494520140275 113.43560493343935 1.4584737142859179  1.0367296232095713 1030.1543737432748 113.48608992475397 1.017838201329206  1.0367296232097174 1030.1373625115812 113.48033400344582 0.76276500567337979  1.0367296232090981 1030.0982464037347 113.43807294293782 0.49044576052007161  1.0367296232106471 1030.002513014384 113.30030368258545 0.20845068890592267  1.0367296232082817 1029.9119940152291 113.16165473501366 0.088713296151869264  1.0367296232108112 1029.8357029309564 113.04829543395716 -0.049643444260115403  1.0367296232088266 1029.7621828784361 112.93595422309184 -0.12600754941708214  1.0367296232099759 1029.7001822823499 112.84228003521883 -0.18695634844606587  1.0367296232095067 1029.5373032135083 112.59750752914766 -0.31757910044149507  1.0367296232098338 1029.4371068745693 112.45330050995445 -0.34369134124228234  1.0367296232092553 1029.3887183119027 112.38813695903835 -0.35278704536509781  1.0367296232107706 1029.3490051843603 112.33759919183275 -0.3563251310734688  1.036729623207306 1029.3157451355589 112.2980601349508 -0.35665662781153179  1.0367296232128376 1029.2879805656246 112.26804445078695 -0.35623448161683502  1.0367296232062724 1029.2635024416709 112.24381142017015 -0.35518368037851838  1.0367296232122081 1029.2410119137026 112.2231406213247 -0.35322983298845995  1.0367296232081114 1029.2210020011446 112.20693138524568 -0.35139993185780821  1.036729623210223 1029.202414979517 112.19337042755033 -0.34939101430049291  1.0367296232094647 1029.185063113775 112.18214796119247 -0.34734673431185881  1.0367296232096115 

0 6
6.2831853071795862 6

0 12
0.3394608659651836 11
0.67892173193056415 11
1.0183825978957515 11
1.3578434638609385 11
2.0367651957915074 11
2.7156869277220714 11
3.3946086596524445 11
4.0735303915830121 10
4.752452123513577 10
5.0919129894787662 10
5.770834721409333 10
6.4497564533397052 10
7.1286781852702683 10
7.8075999172008359 10
8.4865216491312054 10
8.8259825150965909 10
9.5049042470269605 10
10.183825978957527 10
10.862747710888094 10
11.541669442818463 10
11.881130308783849 10
12.560052040714218 10
13.238973772644787 10
13.91789550457535 10
14.596817236505721 10
15.275738968436288 10
15.615199834401478 10
16.294121566332045 11
16.973043298262613 11
17.651965030192986 11
17.991425896158368 11
18.330886762123551 11
18.670347628088741 11
19.00980849405412 11
19.349269360019306 11
19.688730225984493 11
20.028191091949875 11
20.197921524932468 9
20.240354133178116 9
20.282786741423763 9
20.367651957915058 12

1 1046.8380783047562 112.26798156508671 -1.1000000970576276 -0.86080261337534791 -0.50893872671970786 -0.00048296075821857001 0.50893878607497556 -0.86080271376694095 -5.421010862427521e-20 -0.0004157339313174845 -0.00024579746200960892 0.99999988337444623 
9 1 1 1 0 6 11 6 254 2 24 1028.9498998646618 111.69077375628677 0.77343766511896028  1.6690784610682365 1028.8960951110421 111.70955575204839 0.79791696068092755  1.6690784610682301 1028.8439468945724 111.73109617827569 0.8178157007185316  1.6690784610682703 1028.7926069917185 111.75394443270041 0.83503731693242322  1.6690784610681304 1028.7417407257335 111.77748283695827 0.85065104667390479  1.6690784610684772 1028.6912226583343 111.80143389395006 0.86530754983701996  1.6690784610678444 1028.640981189722 111.82560842398563 0.87947275021655358  1.6690784610686955 1028.5909479578597 111.84982326613162 0.89353001031089008  1.6690784610678495 1028.5410679271313 111.87391723152878 0.90780074971907432  1.6690784610684692 1028.4913260574606 111.89779399502447 0.92253361589835237  1.6690784610681397 1028.4417464440039 111.9214206118945 0.93791231741695391  1.6690784610682607 1028.3923198183456 111.94471034606261 0.95413222870169534  1.6690784610682365 1028.3410004395291 111.9707547690186 0.96562700007624436  1.6690784610682485 1028.2897288141489 111.99629185583291 0.97852392366335117  1.6690784610682046 1028.2385235124498 112.02133359108818 0.99275034611968671  1.6690784610683009 1028.1874029235232 112.0458920953625 1.0082333646692803  1.6690784610681366 1028.1363850433081 112.06998001565823 1.0248993524852708  1.6690784610683722 1028.0854872625791 112.09361091583011 1.0426734840683842  1.6690784610680764 1028.0347261549509 112.11679966701519 1.0614792606113106  1.6690784610683931 1027.9841172648639 112.13956283805958 1.0812380354033646  1.6690784610681186 1027.9336748955891 112.16191908594926 1.1018685391729139  1.6690784610682996 1027.8834118972165 112.18388954623693 1.12328640549722  1.6690784610682177 1027.8333394546548 112.20549822347189 1.1454036961577625  1.6690784610682365 1027.7805783420133 112.2272961360042 1.1713173609792129  1.6690784610683249 1027.7281272273974 112.2485477691061 1.1982200739037356  1.6690784610678644 1027.6759918990631 112.2692613273386 1.2260842155270648  1.6690784610691978 1027.6241782214965 112.28944495158132 1.2548822433290834  1.6690784610665006 1027.5726921553994 112.30910670642442 1.2845867079136095  1.6690784610705194 1027.5215397777431 112.32825456754904 1.3151702692894816  1.6690784610660097 1027.4707273017241 112.34689640912306 1.3466057130859781  1.6690784610698717 1027.4202610968337 112.36503999118028 1.378865966854482  1.6690784610673406 1027.3701477088193 112.38269294701439 1.4119241162772038  1.6690784610685827 1027.3203938797305 112.39986277056202 1.4457534214572245  1.6690784610681586 1027.2710065679098 112.4165568037924 1.4803273331514593  1.6690784610682365 1027.2172913766949 112.43508114802489 1.516904461994951  1.6690784610679283 1027.1639716621255 112.45307933792834 1.5543166264673083  1.6690784610695113 1027.1110447018095 112.47056489098732 1.5925305535716596  1.6690784610651861 1027.0585077882558 112.4875513069631 1.6315129953341678  1.6690784610733622 1027.0063582459231 112.50405205235138 1.6712307453883497  1.669078461061803 1026.9545934482401 112.52008054484411 1.7116506557555429  1.6690784610744238 1026.903210834666 112.53565013778697 1.7527396533411626  1.6690784610636513 1026.8522079277052 112.55077410464006 1.7944647567689653  1.6690784610708094 1026.8015823499634 112.56546562343743 1.8367930928822993  1.669078461067206 1026.7513318411734 112.57973776124589 1.8796919135174353  1.6690784610684803 1026.7014542752393 112.59360345862547 1.9231286120939304  1.6690784610682363 1026.6475519224232 112.60853312403202 1.9702247794833294  1.669078461068269 1026.5940878006709 112.62298598729529 2.0179510633073674  1.6690784610681062 1026.5410558637864 112.63697379833698 2.0662857157146144  1.6690784610685934 1026.4884501323952 112.65050824777279 2.1152070488487427  1.6690784610675136 1026.4362647401688 112.66360093039968 2.1646934730819938  1.6690784610692919 1026.3844939800804 112.67626330868707 2.2147235352803953  1.6690784610671252 1026.3331323506163 112.68850667626194 2.2652759570222765  1.6690784610690932 1026.2821746020395 112.70034212140176 2.31632967287306  1.6690784610677565 1026.2316157826028 112.71178049051896 2.3678638686041005  1.6690784610684239 1026.1814512848018 112.72283235165308 2.4198580194572941  1.6690784610681939 1026.1316768916022 112.73350795795716 2.4722919283792057  1.6690784610682345 1026.0779310807654 112.74516028122639 2.5285510853583775  1.6690784610680964 1026.0246189145205 112.75639260163479 2.5853032138455223  1.6690784610688145 1025.9717334740571 112.76721515247182 2.6425317258499446  1.6690784610669096 1025.9192679108171 112.77763810965008 2.7002200856594625  1.6690784610703369 1025.8672154897215 112.78767155973885 2.7583518406133303  1.6690784610657559 1025.8155696323856 112.79732546799892 2.8169106519419058  1.6690784610705218 1025.764323960346 112.80660964641595 2.8758803255051655  1.6690784610665739 1025.7134723382801 112.81553372173514 2.9352448426570428  1.6690784610691727 1025.6630089172268 112.82410710349507 2.9949883909806276  1.6690784610678553 1025.6129281778105 112.83233895206176 3.055095395132418  1.6690784610683265 1025.5632249734608 112.840238146663 3.1155505476116314  1.6690784610682374 1025.5100352815703 112.84877253816148 3.1800093272774292  1.6690784610683036 1025.4572608761271 112.85694018798482 3.2448528964930725  1.6690784610679597 1025.4048953591885 112.86474927413246 3.3100697013245055  1.669078461068902 1025.3529324183492 112.87220791123713 3.3756482411983963  1.669078461067113 1025.3013658664638 112.87932412421907 3.4415770931569636  1.6690784610696392 1025.2501896813374 112.8861058219438 3.5078449362389348  1.6690784610669263 1025.1993980454652 112.89256077087435 3.5744405756738535  1.6690784610691656 1025.1489853857088 112.89869656873067 3.6413529673024785  1.6690784610677389 1025.0989464130398 112.90452061814133 3.7085712417716428  1.6690784610684282 1025.0492761622261 112.91004010030197 3.7760847289141797  1.6690784610681919 1024.9999700315561 112.91526194862905 3.8438829820049101  1.6690784610682365 1024.9476382295206 112.92091586770482 3.9155078019517582  1.6690784610681184 1024.8956964305987 112.92625003654358 3.9874393636154695  1.6690784610687508 1024.8441392299603 112.93127091075941 4.0596693726901938  1.6690784610669678 1024.7929613127383 112.93598488551586 4.1321895831876665  1.6690784610703804 1024.7421574861012 112.9403982765545 4.2049918145604321  1.6690784610655887 1024.6917227113215 112.94451730122493 4.2780679687836729  1.6690784610707248 1024.641652135846 112.94834805951268 4.3514100475059561  1.66907846106643 1024.5919411253683 112.95189651506971 4.4250101691053807  1.6690784610692386 1024.542585295894 112.95516847624226 4.4988605858525919  1.6690784610678326 1024.4935805458169 112.95816957710092 4.5729537009751873  1.6690784610683349 1024.4449230879843 112.96090525846921 4.6472820857955046  1.6690784610682357 1024.3937533378296 112.96389398212408 4.7251050902503895  1.6690784610683689 1024.3429480692243 112.96660329777308 4.8031762504996864  1.669078461067707 1024.2925029831788 112.96903822930422 4.8814896685023719  1.66907846106947 1024.2424138684257 112.97120374824753 4.9600394872249272  1.6690784610661973 1024.1926766251061 112.97310476173793 5.0388199017387638  1.6690784610707634 1024.1432872884807 112.9747461004785 5.1178251703334121  1.6690784610658524 1024.094242052608 112.97613250670265 5.1970496256012879  1.6690784610699638 1024.0455372940594 112.97726862213828 5.2764876855633371  1.6690784610672855 1023.9971695956 112.97815897596941 5.3561338647475294  1.6690784610686122 1023.9491357698948 112.97880797280013 5.4359827853109586  1.6690784610681488 1023.9014328832004 112.97921988061701 5.5160291881297692  1.6690784610682363 1023.8517133814872 112.9797641511486 5.5990960857896326  1.6690784610683069 1023.8023345198053 112.98006354894429 5.6823671969139635  1.6690784610679701 1023.753293035891 112.98012198951466 5.7658382824071204  1.6690784610688092 1023.704585745076 112.97994334867353 5.8495051349139446  1.6690784610673968 1023.6562095560563 112.97953145607666 5.9333635853308353  1.6690784610691169 1023.6081614866528 112.97889008876163 6.0174095093510331  1.6690784610675653 1023.5604386795864 112.97802296468565 6.1016388339538175  1.6690784610686091 1023.513038418234 112.97693373626625 6.1860475439672156  1.6690784610680871 1023.4659581424047 112.97562598391876 6.2706316885530597  1.6690784610682792 1023.4191954640985 112.97410320959668 6.3553873877581992  1.6690784610682285 1023.3727481832773 112.97236883032996 6.4403108390205253  1.6690784610682365 1023.3247664719255 112.97068524300049 6.5276864018520708  1.6690784610682068 1023.2771040709457 112.96878666137756 6.6152324559839757  1.6690784610683709 1023.2297586174944 112.96667616377505 6.702945939612678  1.6690784610678659 1023.1827278097561 112.96435680370362 6.7908238127099905  1.669078461068958 1023.1360094160244 112.96183160728596 6.878863060307717  1.6690784610672051 1023.0896012837803 112.95910357067531 6.9670606958640757  1.6690784610693377 1023.0435013487745 112.95617565746909 7.0554137645098578  1.6690784610673564 1022.9977076441053 112.95305079612851 7.143919346438631  1.669078461068755 1022.9522183093003 112.94973187739225 7.2325745601554638  1.6690784610680234 1022.9070315993956 112.94622175169494 7.321376565839536  1.6690784610682867 1022.8621458940161 112.9425232265824 7.4103225686321634  1.6690784610682377 1022.8161864560813 112.93882899536864 7.5010812799829161  1.6690784610682223 1022.770527381772 112.93494612935494 7.5919840930500273  1.6690784610682927 1022.7251670572365 112.9308770870696 7.6830287783589197  1.669078461068062 1022.6801039091041 112.92662431633376 7.7742131187988717  1.6690784610686284 1022.6353364086426 112.92219025382076 7.8655349109284423  1.6690784610675997 1022.5908630759207 112.91757732461222 7.9569919663335327  1.6690784610689993 1022.5466824839604 112.91278794175895 8.0485821129059225  1.6690784610675604 1022.5027932629033 112.90782450583606 8.1403031962196071  1.6690784610686678 1022.4591941041622 112.90268940450377 8.2321530808087626  1.6690784610680498 1022.415883764585 112.89738501206367 8.3241296515264978  1.6690784610682821 1022.3728610706106 112.89191368901785 8.4162308148498575  1.6690784610682365 1022.329205341932 112.88642777338411 8.5094537221777777  1.6690784610680547 1022.2858328781657 112.88077707344839 8.6027995049347847  1.6690784610690053 1022.2427426867523 112.87496357963033 8.696266533337214  1.6690784610663778 1022.1999337950202 112.86898928168152 8.7898531824664214  1.6690784610713718 1022.1574052513988 112.86285616896006 8.8835578325895277  1.6690784610643301 1022.1151561266248 112.8565662307072 8.9773788694808037  1.6690784610719211 1022.0731855149569 112.85012145632052 9.0713146847487067  1.6690784610655796 1022.0314925353827 112.8435238356317 9.1653636761483224  1.6690784610696856 1021.9900763328316 112.83677535917946 9.259524247915774  1.6690784610676697 1021.9489360793837 112.82987801848653 9.3537948110787816  1.6690784610683684 1021.9080709754809 112.82283380633397 9.4481737837869471  1.6690784610682365 1021.8260798755967 112.80875314913366 9.6373386773937799  1.6690784610681668 1021.7451535576029 112.79410412187407 9.8269229306538151  1.6690784610685354 1021.6652231508335 112.77893240737296 10.016892940836547  1.6690784610674734 1021.5867193195296 112.76303079208671 10.207400533280989  1.669078461069589 1021.508468661518 112.74700801628325 10.398001078138787  1.6690784610664811 1021.4318801428414 112.73015269140095 10.589211890709025  1.6690784610699356 1021.3567977176193 112.71256147953332 10.780964883938809  1.6690784610669978 1021.2817831669742 112.6949832455574 10.972716387480871  1.6690784610689118 1021.2082897413799 112.67667634814093 11.165004706070045  1.669078461067975 1021.135709752015 112.65796665728418 11.357594342619649  1.6690784610682965 1021.0641451732801 112.63881129915289 11.550516838013953  1.6690784610682365 1021.0290030521146 112.6293115840086 11.645635849710995  1.6690784610682983 1020.9940965383271 112.61970986006946 11.740831574895854  1.669078461067969 1020.9594265712614 112.61000681966388 11.836103580531717  1.6690784610689344 1020.924994091671 112.60020315375128 11.931451434585377  1.6690784610669234 1020.8908000417205 112.59029955195994 12.026874706032981  1.6690784610700891 1020.8568453650263 112.58029670263549 12.1223729648214  1.6690784610662857 1020.8231310066403 112.57019529287439 12.217945781893055  1.6690784610697729 1020.7896579131011 112.55999600857452 12.313592729137362  1.6690784610673406 1020.7564270324199 112.54969953446982 12.409313379411145  1.6690784610686027 1020.7234393141174 112.53930655417712 12.505107306506488  1.6690784610681484 1020.6906957092292 112.52881775023542 12.600974085150781  1.6690784610682374 1020.6588896839368 112.51844509124673 12.694893914986078  1.6690784610682796 1020.6273024517595 112.50798910026113 12.788878174959699  1.6690784610680451 1020.5959362083727 112.49744977443657 12.882926862318071  1.6690784610687244 1020.5647931509866 112.48682712073443 12.97703997362748  1.6690784610673748 1020.533875478136 112.47612115568393 13.071217504692331  1.6690784610693343 1020.5031853894742 112.46533190514091 13.165459450508227  1.6690784610671847 1020.4727250855631 112.45445940405611 13.259765805160834  1.6690784610690039 1020.4424967676653 112.44350369623032 13.354136561794746  1.6690784610678147 1020.412502637536 112.43246483408443 13.448571712507128  1.669078461068404 1020.3827448972147 112.42134287841564 13.543071248308379  1.6690784610681966 1020.3532257488165 112.41013789816409 13.637635159033794  1.6690784610682365 1020.3249258870646 112.39914863500179 13.729422708148993  1.6690784610682032 1020.2968297060798 112.38809182395276 13.821264070020931  1.6690784610684142 1020.2689412552021 112.37696660096161 13.91315975805078  1.6690784610677034 1020.2412645528364 112.36577215052068 14.005110271701049  1.669078461069345 1020.2138035874948 112.3545077030093 14.097116096940177  1.6690784610665905 1020.1865623188623 112.34317253202299 14.189177706745035  1.6690784610700276 1020.1595446788256 112.33176595171696 14.281295561520992  1.6690784610667848 1020.1327545725495 112.32028731413298 14.373470109618884  1.6690784610690996 1020.1061958795027 112.30873600654239 14.46570178775649  1.6690784610678826 1020.0798724545282 112.29711144877594 14.557991021519468  1.6690784610683194 1020.0537881288809 112.28541309056257 14.650338225806657  1.6690784610682365 1020.0293275838515 112.27399050920891 14.739112200671133  1.6690784610682003 1020.0050489029111 112.26251754027503 14.82792823026735  1.6690784610684115 1019.9809598003453 112.2509919015113 14.916787612577112  1.6690784610678095 1019.9570678017124 112.23941147755531 15.005691582244882  1.6690784610689353 1019.9333802563143 112.22777430657511 15.094641314630325  1.6690784610673763 1019.9099043496456 112.21607856694033 15.183637929773441  1.6690784610690728 1019.8866471158722 112.20432256385298 15.272682496502878  1.6690784610675888 1019.863615450276 112.19250471602588 15.361776036354053  1.6690784610686236 1019.8408161217332 112.18062354231479 15.450919527692648  1.6690784610680736 1019.8182557851637 112.1686776483876 15.540113909658311  1.6690784610682756 1019.795940994002 112.15666571336925 15.629360086234943  1.6690784610682363 1019.7750856008429 112.14517557830679 15.714100358624101  1.669078461068201 1019.7544225479984 112.13363676990615 15.798879823566246  1.6690784610683813 1019.7339614461267 112.12204674541923 15.883700033384864  1.6690784610679523 1019.7137115984635 112.11040315824691 15.968562447930065  1.6690784610685765 1019.6936820251686 112.09870384024364 16.053468441724704  1.6690784610679748 1019.673881487667 112.08694678403104 16.138419311047937  1.6690784610683558 1019.6543185129995 112.07513012529903 16.223416281106093  1.6690784610682243 1019.6350014181603 112.06325212512058 16.308460513105928  1.6690784610682112 1019.6159383344498 112.05131115225474 16.393553111415606  1.6690784610682543 1019.5971372318124 112.0393056654576 16.478695130662793  1.6690784610682317 1019.5786059431863 112.02723419578909 16.563887582867988  1.6690784610682365 1019.5627316328113 112.01554023703092 16.643947592251113  1.6690784610682852 1019.5469489224158 112.00383798077233 16.724019128316474  1.6690784610680311 1019.5312878829887 111.99211828628563 16.804107068078373  1.6690784610687357 1019.5157759394219 111.98037330215972 16.884215679024688  1.6690784610674236 1019.5004381776067 111.96859630336705 16.964348688256106  1.6690784610692171 1019.4852976515682 111.95678152834503 17.044509351655996  1.6690784610673266 1019.4703756905451 111.94492401605605 17.124700523018134  1.6690784610688925 1019.455692206134 111.93301944307338 17.204924723220564  1.6690784610678742 1019.441265999371 111.92106396064119 17.285184209359127  1.6690784610683826 1019.4271150678629 111.90905403175603 17.365481043909213  1.6690784610682001 1019.4132569128871 111.89698626823363 17.44581716387161  1.6690784610682377 1019.3994331903094 111.8860914425828 17.519725479284816  1.6690784610683416 1019.3859134348417 111.87513118293947 17.593680130499155  1.6690784610677714 1019.3727033500123 111.86410461173666 17.667681217806411  1.6690784610694172 1019.3598086043373 111.85301086306237 17.741728830237516  1.6690784610661793 1019.3472348337747 111.84184908182252 17.815823046272438  1.6690784610708762 1019.3349876440725 111.83061842286251 17.88996393470326  1.6690784610656515 1019.3230726132791 111.81931805015196 17.964151555252943  1.6690784610701934 1019.3114952940515 111.80794713589 18.03838595951337  1.6690784610671061 1019.3002612161714 111.79650485969317 18.112667191539707  1.6690784610687046 1019.2893758888845 111.7849904077125 18.186995288748818  1.6690784610681222 1019.2788448033633 111.77340297180017 18.261370282598662  1.6690784610682379 1019.2761414658685 111.76149185254489 18.329489533495163  1.6690784610682174 1019.2721287719577 111.74993789427805 18.397447407889644  1.6690784610683476 1019.2674147205354 111.73856386029853 18.465311171906041  1.6690784610678808 1019.26236803057 111.72727334465733 18.533120550508929  1.6690784610690359 1019.2572074183969 111.71601891980362 18.600897750030654  1.6690784610669795 1019.2520705171636 111.70477777052943 18.668655228381155  1.6690784610696343 1019.2470624383458 111.69353481415959 18.736401213145307  1.6690784610671072 1019.2422839754348 111.68227330705767 18.804142967299651  1.6690784610689031 1019.237839449681 111.67097293737031 18.871887802836277  1.6690784610679616 1019.2338241980019 111.65961540408067 18.939641842040224  1.6690784610683016 1019.230291702971 111.64819748231753 19.00740652660334  1.6690784610682374 1019.2218818690286 111.63884534048852 19.067153851941118  1.6690784610682561 1019.2133659712119 111.62952805209743 19.126929350772645  1.6690784610681888 1019.2044602218978 111.62059439849655 19.186785000365177  1.6690784610682738 1019.1955268720883 111.60959856792053 19.246294255718254  1.6690784610682947 1019.1837192307202 111.60605427276595 19.30706849272412  1.6690784610680161 1019.1746659555731 111.58780251016601 19.365321526346648  1.6690784610685834 1019.1565947787971 111.59185382294541 19.427315521040356  1.6690784610678924 1019.1432583136141 111.57326401566974 19.485426811184219  1.6690784610684684 1019.1145807049506 111.57698063296695 19.547131641886104  1.6690784610681313 1019.0850081848891 111.56715312678494 19.606426305927322  1.6690784610682639 1019.0054905252599 111.5898510027712 19.670335959118127  1.6690784610682365 
1028.7147366155486 111.19939955138108 1.8942220645497816  1.0367296232096121 1028.6909754414291 111.24355776518384 1.9361305505468032  1.0367296232096221 1028.665743087895 111.28247780905534 1.9674803218587469  1.0367296232095711 1028.6398192323295 111.31727391348035 1.9928883905455947  1.0367296232097061 1028.6137577036432 111.34872299232092 2.0145015484414488  1.036729623209468 1028.5879513015361 111.37735570731904 2.0333738945324464  1.0367296232097785 1028.5626822603328 111.40353422407267 2.0501918375743324  1.0367296232094547 1028.538159182661 111.42751534211138 2.0655364289133784  1.0367296232097363 1028.5145412686238 111.4494976818695 2.0798728799335091  1.0367296232095333 1028.4919506656606 111.46965161114373 2.0934571191724984  1.0367296232096492 1028.4704737647535 111.48813059383859 2.1063492435517599  1.0367296232096028 1028.4501522682403 111.50506264361751 2.1187237186506955  1.0367296232096121 1028.4243730159171 111.51681037686474 2.1235530155339415  1.0367296232095926 1028.3975700433252 111.52873770472067 2.1292458545925497  1.036729623209699 1028.3697400943008 111.54082265658181 2.1358250076156251  1.0367296232094045 1028.3408917516549 111.55303853323606 2.1433041895696059  1.036729623209945 1028.3110427776298 111.56535448955209 2.1516874476206391  1.0367296232092291 1028.2802174542362 111.57773611720293 2.1609685502968681  1.0367296232099368 1028.2484439237689 111.59014602733888 2.1711303764478602  1.0367296232094103 1028.2157515291044 111.60254443332158 2.1821443044445399  1.0367296232097003 1028.1821681542176 111.61488973339748 2.1939696011439027  1.0367296232095868 1028.1477175645166 111.62713909342065 2.2065528110436921  1.0367296232096166 1028.1124167473024 111.63924902954282 2.2198271453112621  1.0367296232096121 1028.077598929485 111.65461295966971 2.2376892327977966  1.036729623209655 1028.0426694176392 111.66978682333695 2.2563992559990611  1.0367296232094274 1028.0076312488081 111.684773422333 2.2759573924693903  1.0367296232101049 1027.9724900759866 111.69957481272665 2.2963624601793491  1.0367296232086916 1027.9372539541675 111.71419248909524 2.317611925403031  1.0367296232108458 1027.9019331265292 111.72862756878391 2.339701910491458  1.0367296232084107 1027.8665398104126 111.74288097611841 2.3626272018145746  1.0367296232104701 1027.8310879835547 111.75695362667578 2.3863812575020393  1.036729623209165 1027.7955931700658 111.7708466114947 2.4109562153786293  1.0367296232097742 1027.760072226617 111.78456138133818 2.4363429007469675  1.036729623209578 1027.7245431284864 111.79809993091895 2.4625308342670502  1.0367296232096121 1027.6850073829187 111.8118683834314 2.4895659375327623  1.0367296232094692 1027.6453595856703 111.82539610713255 2.5174976808110738  1.0367296232101968 1027.6056031721889 111.83868535863863 2.5463171424928674  1.0367296232082306 1027.5657431494185 111.85173828212326 2.5760133146791011  1.0367296232118957 1027.5257858889704 111.86455703408792 2.6065732533620851  1.0367296232068008 1027.4857389204199 111.87714390810457 2.6379822284244066  1.0367296232122605 1027.4456107244075 111.88950145960017 2.6702238739156101  1.0367296232076897 1027.4054105259895 111.9016326305899 2.7032803379806438  1.0367296232106678 1027.3651480877263 111.91354087446213 2.7371324331501814  1.0367296232091976 1027.3248335029982 111.92523028072026 2.7717597863195298  1.0367296232097092 1027.2844769891597 111.93670569975409 2.8071409889475056  1.0367296232096119 1027.2409875991343 111.94923847606103 2.8455885162226044  1.0367296232096319 1027.1976089827378 111.96147813608732 2.8847834735859816  1.0367296232095293 1027.1543406368269 111.97343151886055 2.9247170344661368  1.0367296232098449 1027.1111827856644 111.98510557015911 2.9653795044578226  1.0367296232091259 1027.0681363881463 111.99650744055306 3.0067604418198703  1.0367296232103496 1027.0252031449709 112.00764458340892 3.048848778002462  1.0367296232087966 1026.982385505893 112.0185248529492 3.0916329381406467  1.0367296232102756 1026.9396866768786 112.02915660224389 3.1351009615759118  1.0367296232092209 1026.8971106273546 112.03954878127165 3.17924062236286  1.0367296232097707 1026.8546620973825 112.0497110349222 3.2240395497776433  1.0367296232095762 1026.8123466048842 112.05965380103925 3.2694853488317177  1.0367296232096108 1026.7663947686372 112.07011162060085 3.3180800625512834  1.0367296232095435 1026.7206434347047 112.08027094557444 3.3673026755285891  1.0367296232098908 1026.675090731718 112.09013934214683 3.417143833571096  1.0367296232089904 1026.6297351322 112.0997245429141 3.4675937515262696  1.0367296232105523 1026.5845755021819 112.10903451500644 3.5186423019746105  1.0367296232085692 1026.5396111507928 112.11807752823914 3.5702791038712638  1.0367296232105057 1026.4948418798861 112.12686222322556 3.6224936112691442  1.0367296232090057 1026.4502680336261 112.13539767953522 3.6752752019358566  1.0367296232099352 1026.4058905481095 112.14369348380794 3.7286132660849614  1.0367296232094849 1026.3617110009616 112.15175979790314 3.7824972950057267  1.0367296232096419 1026.3177316609474 112.15960742702623 3.8369169697664605  1.0367296232096126 1026.270511652421 112.16783785268844 3.894845012262433  1.0367296232096752 1026.2235539827896 112.17578802350498 3.9532799008577308  1.0367296232093504 1026.1768561329668 112.18346550469568 4.0122142731862436  1.0367296232102472 1026.1304158230919 112.19087802347583 4.0716406101946268  1.036729623208515 1026.0842310739204 112.19803352426956 4.131551297055525  1.0367296232110339 1026.0383002681697 112.20494022392801 4.1919386840946098  1.0367296232082062 1025.9926222119318 112.21160666694031 4.2527951476986852  1.0367296232106777 1025.9471961960051 112.21804178065312 4.314113151242819  1.0367296232090049 1025.9020220573059 112.22425493048216 4.3758853060048901  1.0367296232098564 1025.8571002402155 112.23025597512955 4.438104432083116  1.0367296232095546 1025.8124318579701 112.23605532179796 4.500763619317655  1.0367296232096121 1025.7648238051563 112.24199472638067 4.5668410657158063  1.0367296232095526 1025.7175052601808 112.24768126507261 4.6333296736209881  1.0367296232098699 1025.6704738149158 112.25312188043139 4.7002237173873276  1.0367296232089784 1025.6237272545527 112.25832366297462 4.7675174358141641  1.0367296232106709 1025.5772636100098 112.26329389404269 4.8352050723690576  1.036729623208321 1025.531081210358 112.26804008865101 4.903280915360301  1.0367296232108141 1025.4851787352218 112.2725700383581 4.9717393381906554  1.0367296232087417 1025.4395552672067 112.27689185411417 5.0405748395059824  1.0367296232101 1025.3942103443046 112.28101400912944 5.1097820834538847  1.0367296232094114 1025.3491440123134 112.28494538172603 5.179355939849188  1.0367296232096621 1025.30435687725 112.28869529820105 5.2492915244028957  1.0367296232096117 1025.2570721409973 112.29243529455853 5.322407128867626  1.0367296232097307 1025.2100877501373 112.29595279649004 5.3958569003371561  1.0367296232091257 1025.1634017002632 112.29925393874333 5.4696366221161385  1.0367296232107666 1025.1170121529713 112.30234498811375 5.5437420927675829  1.0367296232076686 1025.0709174737465 112.30523237536899 5.6181691510675762  1.0367296232120689 1025.025116269926 112.30792272716225 5.6929137007560362  1.0367296232072454 1024.9796074285521 112.3104228979624 5.7679717355810407  1.0367296232113534 1024.9343901543548 112.31274000196383 5.8433393639984068  1.0367296232086498 1024.889464007608 112.31488144501614 5.9190128342040316  1.0367296232099896 1024.8448289420883 112.31685495653805 5.9949885589021452  1.0367296232095253 1024.8004853429645 112.31866862144142 6.0712631402447528  1.0367296232096121 1024.7540892457089 112.32036011243562 6.1503135021314108  1.036729623209643 1024.7079939864702 112.32185846622363 6.2296376247552381  1.0367296232094951 1024.662198036357 112.32316896673818 6.309232410552176  1.0367296232098531 1024.616700000548 112.32429701136985 6.3890947907370581  1.0367296232092913 1024.5714986418948 112.32524813298558 6.4692217393269349  1.0367296232098866 1024.5265929044881 112.32602802195078 6.5496102872090871  1.0367296232094849 1024.4819819372804 112.32664254814541 6.6302575361426506  1.0367296232096044 1024.437665117636 112.32709778298832 6.7111606728401387  1.0367296232096672 1024.3936420749578 112.32740002145245 6.7923169829705881  1.0367296232095755 1024.3499127142477 112.32755580408806 6.8737238652253172  1.036729623209623 1024.3064772397138 112.32757193904047 6.9553788453432697  1.0367296232096121 1024.2614501707505 112.32740934723638 7.0393022382841384  1.0367296232096095 1024.216718589839 112.32708032818707 7.1234510717282173  1.0367296232096235 1024.1722813782201 112.32658932238427 7.207823055019583  1.0367296232095724 1024.1281375127326 112.32594086109772 7.2924159217791136  1.0367296232097096 1024.0842860778514 112.3251395798724 7.3772274367001005  1.0367296232094434 1024.040726277723 112.32419023202627 7.4622554023533239  1.0367296232098242 1023.9974574482037 112.32309770214778 7.547497665979038  1.0367296232094143 1023.9544790688936 112.32186701959306 7.6329521262934952  1.0367296232097465 1023.9117907751761 112.32050337198415 7.7186167402825365  1.0367296232095489 1023.8693923702521 112.31901211870567 7.8044895300042914  1.0367296232096288 1023.8272838371785 112.31739880440304 7.8905685893869046  1.0367296232096128 1023.7840420353995 112.31559809575418 7.978330489711289  1.0367296232096179 1023.7410864171935 112.31365400957425 8.0662781997396618  1.0367296232095842 1023.6984161656262 112.3115701516258 8.1544099735780122  1.0367296232096592 1023.6560305187148 112.30935019172382 8.2427240783182452  1.0367296232095713 1023.6139287738067 112.30699787054131 8.3312187965694822  1.036729623209623 1023.5721102919564 112.30451700642109 8.4198924289837382  1.0367296232096326 1023.5305745023032 112.30191150217924 8.5087432967878751  1.0367296232095782 1023.4893209064493 112.29918535191736 8.5977697443102592  1.0367296232096379 1023.4483490828368 112.29634264782757 8.6869701415106615  1.0367296232095997 1023.4076586911259 112.29338758700207 8.7763428865089033  1.0367296232096159 1023.3672494765722 112.29032447824063 8.8658864081135977  1.0367296232096121 1023.3261619686717 112.28711324069307 8.9564731041080456  1.0367296232094996 1023.2853481103889 112.28377726625375 9.0472117243110723  1.0367296232100804 1023.2448073042345 112.2803193220377 9.1381008865460078  1.0367296232084946 1023.2045389728897 112.27674221095657 9.22913921097342  1.0367296232114609 1023.1645425598044 112.27304877408217 9.3203253206268091  1.0367296232073628 1023.1248175297959 112.26924189299834 9.4116578419564458  1.0367296232116856 1023.0853633696461 112.26532449216961 9.5031354053677202  1.0367296232081427 1023.0461795887021 112.26129954128982 9.5947566457586451  1.0367296232104046 1023.0072657194715 112.25717005765078 9.686520203065081  1.0367296232093044 1022.9686213182243 112.25293910849415 9.7784247227944796  1.0367296232096836 1022.930245965588 112.24860981337493 9.8704688565704757  1.0367296232096121 1022.8531878595431 112.2398427067653 10.054918528949122  1.0367296232095566 1022.7771574629786 112.23063205580718 10.239852185681421  1.0367296232098502 1022.7020300485459 112.22090564063153 10.425224170926818  1.0367296232090015 1022.62860035647 112.21125708057571 10.611302078151111  1.0367296232107022 1022.5547509326968 112.20015343063982 10.797233288045556  1.0367296232081851 1022.4829735009578 112.18946476966728 10.984188734902878  1.0367296232110088 1022.4130537007388 112.17902644386521 11.171872543339392  1.036729623208583 1022.3424595654417 112.16696235614445 11.359048762505958  1.0367296232101768 1022.2736932377683 112.15515273538864 11.547080008559981  1.0367296232093919 1022.2057181954546 112.14282898698774 11.735356246050101  1.0367296232096632 1022.1387052632817 112.13012832273114 11.923974031628106  1.0367296232096121 1022.1058920676263 112.12403029116378 12.017025358214088  1.0367296232096614 1022.0732961775441 112.1178283541616 12.110140823531349  1.0367296232093963 1022.0409185436484 112.11152305416718 12.203319984526336  1.0367296232101619 1022.0087601191628 112.10511493497083 12.296562400088572  1.0367296232086134 1021.9768218598664 112.09860454176501 12.389867631052606  1.0367296232109688 1021.9451047240531 112.09199242118157 12.48323524013505  1.0367296232082273 1021.9136096724715 112.085279121353 12.576664791967257  1.0367296232106737 1021.8823376682878 112.07846519194665 12.670155853012796  1.03672962320901 1021.8512896770266 112.07155118422379 12.763707991598997  1.0367296232098524 1021.8204666665279 112.06453765107997 12.857320777855776  1.0367296232095555 1021.7898696068953 112.05742514709686 12.950993783715836  1.0367296232096126 1021.7603163156788 112.05078387988982 13.042864597417923  1.0367296232096381 1021.7309559913861 112.04403083631814 13.134769736644564  1.0367296232094914 1021.7017912668608 112.03716637599533 13.226709388926324  1.0367296232099239 1021.672824759294 112.03019086980061 13.318683735480818  1.0367296232090573 1021.6440590703547 112.02310469926276 13.410692951372742  1.0367296232103211 1021.6154967863506 112.01590825594585 13.5027372057558  1.0367296232089347 1021.5871404783459 112.00860194083189 13.594816661983256  1.0367296232101055 1021.5589927023284 112.00118616370737 13.686931477891537  1.0367296232093397 1021.5310559993302 111.99366134254591 13.779081805895647  1.0367296232097198 1021.5033328955842 111.98602790289398 13.871267793253223  1.0367296232095871 1021.4758259026581 111.97828627725474 13.963489582205241  1.0367296232096121 1021.4496556544226 111.97121108904477 14.053127690347573  1.0367296232096144 1021.4236569261207 111.96401025805967 14.142770793488188  1.0367296232096248 1021.3978349019754 111.95668467979412 14.2324199720236  1.0367296232095202 1021.3721946570042 111.9492352416662 14.322076260779738  1.0367296232098786 1021.3467411620999 111.94166282222827 14.411740651537128  1.0367296232091543 1021.3214792890494 111.9339682903634 14.501414095526089  1.0367296232101428 1021.2964138156431 111.92615250450339 14.59109750596952  1.0367296232091672 1021.2715494306767 111.91821631182009 14.680791760563803  1.0367296232098848 1021.2468907390576 111.91016054744431 14.770497704025903  1.036729623209496 1021.2224422668276 111.90198603366099 14.860216150582314  1.0367296232096408 1021.1982084662409 111.89369357912111 14.949947886499643  1.0367296232096121 1021.1758046346974 111.88651511924101 15.036414727642869  1.0367296232096057 1021.1535408280317 111.87918211877687 15.122846058685822  1.0367296232096512 1021.1314273236744 111.87169760572223 15.209244573300507  1.0367296232095149 1021.1094739478621 111.8640644455698 15.295612783517054  1.0367296232097623 1021.0876901081888 111.85628534953763 15.381953033783486  1.0367296232094261 1021.0660848261414 111.84836288278693 15.468267514979658  1.0367296232098282 1021.0446667696569 111.84029947265176 15.55455827850318  1.0367296232093899 1021.0234442856544 111.83209741685513 15.640827250260669  1.0367296232097845 1021.0024254325917 111.8237588917377 15.727076244763882  1.0367296232095249 1020.9816180130024 111.81528596047698 15.813306979128724  1.0367296232096357 1020.961029606045 111.80668058131241 15.899521087148027  1.0367296232096119 1020.9419473744979 111.79895419759347 15.981490295660912  1.0367296232095795 1020.9230230638209 111.79107298969215 16.063407872708609  1.0367296232097414 1020.9042686381615 111.78304126303566 16.145276881893114  1.0367296232093397 1020.8856954427395 111.77486298913449 16.227100147200488  1.0367296232099956 1020.8673142546784 111.76654182960553 16.308880274588901  1.0367296232092107 1020.8491353338393 111.75808116019839 16.390619673553292  1.0367296232099383 1020.8311684736527 111.74948409481603 16.472320578724098  1.0367296232094032 1020.8134230519514 111.74075350954311 16.553985071425444  1.0367296232097145 1020.7959080818035 111.73189206666611 16.635615101273125  1.0367296232095751 1020.778632262344 111.72290223870047 16.717212507740278  1.0367296232096206 1020.7616040296089 111.71378633241289 16.798779041744599  1.0367296232096121 1020.7476995924442 111.70733764054985 16.875917537760003  1.0367296232096395 1020.7338119175441 111.70059317289741 16.952873862929899  1.036729623209492 1020.7199816373047 111.69357666866743 17.029659781333208  1.0367296232099081 1020.7062447369856 111.6863086865087 17.106285361966385  1.0367296232091248 1020.6926331064709 111.67880695951411 17.182759185500533  1.0367296232102035 1020.6791750919884 111.67108675022006 17.259088551054145  1.0367296232090597 1020.6658960478924 111.66316120561773 17.335279682929105  1.0367296232100156 1020.6528188883669 111.65504171214926 17.411337937409687  1.0367296232093826 1020.6399646392116 111.64673825072003 17.487268009478424  1.0367296232097092 1020.6273529895566 111.63825975169655 17.563074139618227  1.0367296232095875 1020.6150028436269 111.629614449915 17.638760320543931  1.0367296232096128 1020.6022336599693 111.62013486526392 17.708061619508484  1.0367296232096088 1020.5897567064302 111.61058378727124 17.777335197575226  1.0367296232096137 1020.5775769343201 111.60096144861207 17.846581293781057  1.0367296232096079 1020.5656992223314 111.5912680319615 17.915800145526166  1.0367296232096737 1020.554128380689 111.58150367290764 17.984991992053807  1.0367296232094134 1020.5428691553305 111.57166846290143 18.054157077632031  1.0367296232099408 1020.5319262320393 111.56176245214958 18.12329565518634  1.0367296232092742 1020.5213042406392 111.5517856525794 18.192407989372747  1.0367296232098389 1020.5110077591233 111.54173804072906 18.261494360223985  1.0367296232095145 1020.5010413178405 111.53161956070116 18.33055506631203  1.0367296232096348 1020.4914094036405 111.5214301270727 18.399590428243854  1.0367296232096128 1020.4916311432046 111.52207186541526 18.464932474308494  1.0367296232096277 1020.4899739785446 111.52050359586751 18.529046216700735  1.0367296232095622 1020.4873033729729 111.51749037032319 18.592181703704441  1.0367296232096797 1020.4841199091122 111.51348277664776 18.654481506530093  1.0367296232096272 1020.480697743774 111.50873254532621 18.716021037295846  1.036729623209419 1020.4771911213427 111.50338201752707 18.776839696293123  1.0367296232099448 1020.473708945717 111.49752747463424 18.836962847874684  1.0367296232092755 1020.4703574107407 111.49125632917944 18.896414625831056  1.0367296232098424 1020.4672506891965 111.48465817724787 18.955221567312901  1.0367296232095071 1020.4644896802968 111.47780971229173 19.013407076156284  1.0367296232096388 1020.4621088157203 111.4707335004005 19.070976714961521  1.0367296232096126 1020.453548888705 111.45655994578784 19.120172869808982  1.0367296232096137 1020.4445723491644 111.44130201535422 19.169961313822377  1.0367296232096204 1020.4343351244779 111.42491756104397 19.220315636858054  1.0367296232095604 1020.4273469052687 111.40560935780911 19.271019061000612  1.0367296232097343 1020.4047539804553 111.38836574612608 19.32252443214928  1.0367296232094263 1020.4095460844828 111.36016806066692 19.37350065511519  1.0367296232098198 1020.3676161566182 111.3390722779648 19.425460445064736  1.0367296232094334 1020.3684547499248 111.30242316769322 19.476419095708877  1.0367296232097294 1020.3163125985519 111.26267486429153 19.526415654387058  1.0367296232095558 1020.286026067837 111.20746058506781 19.574949268564318  1.0367296232096281 1020.1511618956196 111.10294032629025 19.613212082720533  1.0367296232096121 
1029.4002687748143 112.31495797315281 2.726085683790747  1.0383466998475064 1029.3904795599201 112.38278894071992 2.7247339930318422  1.0383466998475064 1029.3750436122932 112.43810813956732 2.7225449369668464  1.0383466998475073 1029.356767219829 112.48531429422053 2.7207955748383066  1.0383466998474906 1029.3370695506883 112.52658950367261 2.7197717327697282  1.0383466998475777 1029.3167256893037 112.56308649411375 2.7194297399233731  1.0383466998473407 1029.2962659351774 112.59557116920365 2.7197115156162788  1.038346699847748 1029.2761292670807 112.62467570768945 2.7206199744576951  1.0383466998472675 1029.2566688744232 112.65091745824827 2.7221617173890431  1.0383466998476696 1029.2381076585859 112.67463888134171 2.7242639755043667  1.0383466998474311 1029.2205416059608 112.69602378796189 2.7267727745572934  1.0383466998475268 1029.2040889353445 112.71534512507104 2.7296392871807251  1.0383466998475064 1029.1821931129564 112.7243710721858 2.7350681265722612  1.03834669984749 1029.1591585961048 112.73361309770038 2.7413889803359597  1.0383466998475821 1029.1349845057277 112.74303599432419 2.7486506729889255  1.0383466998473248 1029.109683899811 112.75259884827051 2.7568922200863044  1.0383466998478037 1029.0832811979801 112.7622548474084 2.7661431728426118  1.0383466998471405 1029.0558096059954 112.77195108942239 2.7764239627961871  1.0383466998478641 1029.0273085403853 112.78162838996023 2.787746246421138  1.0383466998472246 1028.9978210529143 112.7912210907957 2.8001132497895496  1.0383466998476822 1028.9673912552166 112.80065686797566 2.8135201131951799  1.0383466998474269 1028.9360617432922 112.80985653998081 2.8279542358014389  1.0383466998475268 1028.9038710220959 112.81873387587662 2.8433956202762012  1.0383466998475064 1028.8714349080067 112.83371626930882 2.8589564483103667  1.0383466998475448 1028.8387916871561 112.84859364770539 2.8753058323471725  1.0383466998473452 1028.805941736118 112.86336991508418 2.8924459590256237  1.038346699847928 1028.7728882554668 112.87804826264275 2.9103772912112698  1.038346699846729 1028.7396369811534 112.89263140717603 2.9290985412423973  1.0383466998485438 1028.7061958959412 112.90712182949392 2.9486066441670546  1.0383466998464923 1028.6725749407558 112.92152201283885 2.96889673098927  1.0383466998482402 1028.638785726137 112.93583468130373 2.9899621019084872  1.0383466998471167 1028.6048412435905 112.95006303824911 3.0117941995626536  1.0383466998476509 1028.5707555770205 112.96421100472128 3.0343825822697132  1.0383466998474751 1028.5365436141092 112.97828345786962 3.0577148972700536  1.0383466998475064 1028.499053031112 112.99143175952362 3.0831895065123431  1.0383466998473634 1028.4613688398488 113.00438767067229 3.1095632310593651  1.0383466998480937 1028.4234948149024 113.01715231628644 3.136830171114326  1.0383466998461159 1028.3854364952308 113.02972673171325 3.1649819860881347  1.0383466998498083 1028.3472009101852 113.04211203950936 3.1940080297209592  1.0383466998446615 1028.3087963056805 113.05430962627507 3.2238954850144133  1.0383466998502124 1028.2702318701386 113.06632131948791 3.2546294994438734  1.0383466998455047 1028.2315174607093 113.07814956433585 3.2861933198337958  1.0383466998486377 1028.1926633292114 113.08979760055189 3.3185684275648324  1.0383466998470479 1028.153679848306 113.10126963924675 3.3517346735133859  1.0383466998476159 1028.1145772375119 113.11257103974332 3.3856704131670821  1.0383466998475064 1028.0723276323693 113.12509246358415 3.4223621148519481  1.0383466998475299 1028.0301178012091 113.13736755991998 3.4597992370373234  1.0383466998474089 1027.9879461306366 113.14940406499386 3.4979732480521086  1.0383466998477717 1027.9458116922476 113.16120996749575 3.5368744919079944  1.0383466998469759 1027.9037141492163 113.17279370092157 3.5764922420548038  1.0383466998482791 1027.861653662932 113.18416433593332 3.6168147551106902  1.0383466998466835 1027.8196307995652 113.1953317727174 3.6578293246248847  1.0383466998481532 1027.7776464367175 113.20630693334539 3.6995223348073782  1.0383466998471342 1027.7357016699898 113.21710195413216 3.7418793142850539  1.0383466998476558 1027.6937977196148 113.22773037799635 3.7848849898410757  1.0383466998474722 1027.6519358370499 113.23820734681905 3.8285233401628274  1.0383466998475051 1027.6067694320986 113.24885437472622 3.8755395711338343  1.0383466998474449 1027.5617453544221 113.25924011238708 3.9231864508849155  1.038346699847754 1027.5168605237002 113.2693732727687 3.9714542914983433  1.0383466998469644 1027.4721120984632 113.2792628852601 4.020332797316529  1.0383466998483035 1027.4274974377968 113.2889184438534 4.0698110986848075  1.038346699846652 1027.3830140630937 113.29835005532942 4.1198777856063149  1.0383466998482127 1027.3386596197317 113.30756858743715 4.170520941526898  1.0383466998470388 1027.2944318388484 113.31658581708028 4.2217281769638388  1.0383466998477566 1027.2503284990109 113.32541457849688 4.2734866632880504  1.038346699847404 1027.2063473879796 113.33406891144467 4.3257831663828874  1.0383466998475313 1027.1624862644026 113.3425642093825 4.3786040803835382  1.0383466998475068 1027.1155961625809 113.35124832169974 4.435026859236971  1.038346699847553 1027.0689154190427 113.35968796267794 4.4919557212697754  1.0383466998473119 1027.0224398047078 113.36789226959189 4.5493825214464936  1.0383466998479833 1026.9761651760368 113.37587070425884 4.6072988182913246  1.0383466998466804 1026.9300874579549 113.38363317409441 4.665695890117795  1.038346699848558 1026.8842026267007 113.39119015315734 4.7245647513053521  1.0383466998465134 1026.8385066927917 113.39855280321058 4.7838961685049872  1.0383466998482069 1026.792995683842 113.40573309476284 4.8436806769325509  1.0383466998471398 1026.7476656275346 113.41274392812947 4.9039085965733058  1.0383466998476421 1026.7025125344599 113.41959925447752 4.9645700484596338  1.0383466998474762 1026.6575323810494 113.42631419688136 5.0256549709003497  1.0383466998475064 1026.6098820907057 113.43291316047542 5.0903047865971613  1.0383466998474264 1026.5624710653069 113.43929420819234 5.155362216985818  1.0383466998478545 1026.5152949374371 113.44546597041656 5.2208206358665645  1.0383466998466353 1026.4683493630014 113.45143737961706 5.2866732701762205  1.0383466998490134 1026.4216300106709 113.45721776106119 5.3529132083341846  1.0383466998455775 1026.3751325513294 113.46281692352635 5.4195334086535185  1.0383466998493995 1026.3288526475205 113.46824525001571 5.4865267076573732  1.0383466998460698 1026.282785942891 113.47351378846815 5.5538858285085482  1.0383466998483373 1026.2369280516396 113.47863434247472 5.6216033893272446  1.03834669984716 1026.1912745479615 113.48361956198914 5.6896719115999916  1.0383466998475923 1026.1458209554951 113.48848303404277 5.7580838285278277  1.0383466998475057 1026.0981290353104 113.49309826878435 5.8298089449259933  1.0383466998475828 1026.0506873676406 113.49752616407821 5.9018619802354948  1.038346699847196 1026.0034918492343 113.50177451259934 5.9742378332529444  1.0383466998482469 1025.9565383738454 113.50585137312187 6.0469313301261689  1.0383466998462372 1025.909822823518 113.50976513348057 6.1199372283734519  1.0383466998491482 1025.8633410598368 113.51352457353568 6.1932502209715166  1.0383466998458928 1025.817088915227 113.5171389281325 6.2668649403418808  1.0383466998487094 1025.7710621841961 113.52061795006752 6.3407759624606488  1.0383466998468385 1025.7252566146326 113.52397197304803 6.4149778108438715  1.038346699847768 1025.6796678990574 113.52721197465699 6.4894649606371146  1.038346699847446 1025.6342916659089 113.53034963931442 6.564231842633137  1.0383466998475062 1025.5871240298923 113.5331333418054 6.6419026077268839  1.0383466998475555 1025.5402064521431 113.53575874272229 6.7198391617908086  1.0383466998473139 1025.4935353225796 113.53823260361116 6.7980376276550363  1.0383466998479398 1025.4471070138827 113.54056190302479 6.8764940912915691  1.0383466998468354 1025.4009178738061 113.54275387590673 6.9552046035344208  1.0383466998482487 1025.3549642175126 113.54481605297342 7.0341651817943891  1.0383466998469137 1025.309242319873 113.54675630009928 7.1133718117790554  1.0383466998478375 1025.2637484078068 113.54858285769802 7.1928204492100658  1.0383466998473871 1025.2184786525859 113.550304380108 7.2725070215392797  1.0383466998475286 1025.173429162164 113.55192997497389 7.3524274296691132  1.0383466998475055 1025.1285959734926 113.55346924263114 7.4325775496678661  1.0383466998475064 1025.082413460098 113.55462409587665 7.5151071001380334  1.0383466998475006 1025.036475215376 113.55564571905684 7.5978534934696249  1.0383466998475355 1024.9907782148457 113.55653972535966 7.6808138188701802  1.038346699847414 1024.9453194092007 113.55731188630583 7.7639851454658357  1.0383466998477082 1024.9000957181224 113.55796815286584 7.8473645227895457  1.03834669984719 1024.8551040240723 113.55851467657048 7.9309489812695935  1.0383466998478765 1024.8103411661157 113.55895783063038 8.0147355327188183  1.038346699847176 1024.7658039337086 113.55930423104518 8.0987211708208804  1.0383466998477231 1024.7214890605194 113.55956075772256 8.1829028716221721  1.0383466998474096 1024.6773932182232 113.55973457558966 8.2672775940164858  1.0383466998475304 1024.6335130103139 113.55983315570913 8.3518422802364949  1.038346699847507 1024.5887062635725 113.55957752279519 8.4381778020387408  1.0383466998475295 1024.544135607083 113.55920788265466 8.5246911948039852  1.0383466998474058 1024.4997986566341 113.5587286166033 8.6113802849890213  1.0383466998477311 1024.4556930018746 113.55814420274002 8.6982428867387291  1.0383466998471653 1024.4118162021787 113.55745922470368 8.785276801865983  1.0383466998478887 1024.3681657825084 113.55667838042979 8.8724798198331154  1.0383466998471922 1024.3247392292826 113.55580649090761 8.9598497177286092  1.038346699847684 1024.2815339862364 113.55484850893636 9.0473842602526595  1.0383466998474442 1024.2385474502914 113.55380952788286 9.1350811996907897  1.0383466998475155 1024.1957769674166 113.55269479043736 9.2229382758997538  1.0383466998475075 1024.1532198284951 113.55150969737117 9.310953216283643  1.0383466998475064 1024.1101310119734 113.55006474303002 9.4000690296616547  1.0383466998473707 1024.0672698731155 113.54851766057648 9.4893309285678082  1.0383466998480757 1024.0246347315876 113.5468715623699 9.5787373056439904  1.0383466998461397 1023.9822238864018 113.54512960317579 9.6682865455119646  1.0383466998497974 1023.9400356139466 113.54329498226136 9.7579770246807307  1.0383466998446482 1023.8980681660007 113.54137094548369 9.8478071114557046  1.038346699850238 1023.8563197677677 113.53936078738839 9.9377751658529938  1.0383466998454869 1023.8147886158894 113.5372678532961 10.027879539498263  1.0383466998486446 1023.7734728764775 113.53509554140065 10.118118575549946  1.0383466998470472 1023.7323706831322 113.5328473048579 10.208490608595257  1.0383466998476161 1023.6914801349684 113.53052665388076 10.298993964569204  1.0383466998475064 1023.6095192633579 113.52568471543158 10.480410940684626  1.038346699847472 1023.5284376807986 113.5204484984033 10.662303319744456  1.0383466998476589 1023.4482370023001 113.5146583932756 10.844675163468319  1.0383466998470972 1023.3688399611593 113.50948877085975 11.027465078400841  1.0383466998482604 1023.29046943387 113.50183472241444 11.210693719727137  1.0383466998465039 1023.2127723795156 113.49547255969472 11.394496510314529  1.03834669984849 1023.1358417610007 113.49002376125121 11.578668275005626  1.0383466998467821 1023.0600400220056 113.48166677237583 11.763024674549385  1.038346699847905 1022.9849612100741 113.47423927513854 11.947890379749818  1.0383466998473496 1022.9107858417357 113.46615025105275 12.133086350536338  1.0383466998475432 1022.8374835788279 113.45767137069112 12.318638872126495  1.0383466998475064 1022.8013243100326 113.45380815620486 12.410097321763084  1.0383466998475626 1022.7653825666407 113.44982242554694 12.501629924413763  1.0383466998472677 1022.7296595145341 113.44571476217934 12.593236259357107  1.0383466998481066 1022.6941563194896 113.44148575412036 12.68491590588696  1.038346699846423 1022.6588741470877 113.43713599390654 12.776668443303457  1.0383466998489768 1022.6238141626193 113.4326660785563 12.868493450925913  1.0383466998460011 1022.5889775309968 113.42807660953129 12.96039050807134  1.0383466998486637 1022.5543654166579 113.42336819270011 13.052359194077443  1.0383466998468509 1022.5199789834786 113.41854143830017 13.144399088278018  1.0383466998477653 1022.4858193946776 113.41359696090052 13.236509770020257  1.0383466998474467 1022.4518878127266 113.40853537936455 13.328690818652049  1.0383466998475068 1022.4185870837434 113.40417955900348 13.41895447493428  1.0383466998475186 1022.3855111372081 113.3996735014948 13.509270640197478  1.0383466998474484 1022.3526623624988 113.39501839597872 13.599639255560604  1.0383466998476556 1022.3200431277185 113.39021542292751 13.690060256412497  1.038346699847251 1022.2876557803114 113.3852657539651 13.780533572792919  1.0383466998478033 1022.25550264769 113.38017055168294 13.871059129738533  1.0383466998472648 1022.2235860378462 113.37493096946129 13.961636847681511  1.0383466998476407 1022.191908239981 113.36954815128392 14.052266642782348  1.03834669984746 1022.1604715251165 113.36402323155951 14.142948427331898  1.0383466998475142 1022.1292781467226 113.35835733493734 14.233682110092266  1.0383466998475055 1022.0983303413328 113.352551576127 14.324467596682378  1.0383466998475064 1022.068185075374 113.34768884552052 14.412537638320579  1.0383466998474735 1022.0382798685413 113.34264414499398 14.500638362022562  1.0383466998476663 1022.0086181707932 113.33742052596408 14.588770068147173  1.0383466998470554 1021.9792033752212 113.33202092389561 14.676933035592974  1.0383466998483981 1021.950038821512 113.32644816325156 14.765127523667712  1.0383466998462192 1021.9211277994417 113.32070496243901 14.853353773901357  1.0383466998488915 1021.8924735523228 113.31479393876117 14.941612011950806  1.0383466998463797 1021.8640792805102 113.30871761336203 15.029902449381687  1.0383466998481909 1021.8359481448448 113.3024784161784 15.118225285586025  1.0383466998472148 1021.808083270152 113.29607869088579 15.206580709576857  1.0383466998475777 1021.7804877487011 113.28952069984852 15.294968901873194  1.0383466998475064 1021.7537224768571 113.28454922725676 15.379867733070961  1.0383466998474917 1021.7272235959376 113.27934083397481 15.464767055700367  1.038346699847577 1021.7009956802657 113.27390346492737 15.549667645530992  1.0383466998473387 1021.675043203031 113.26824451237528 15.634570209814072  1.0383466998477686 1021.6493705461102 113.26237085465534 15.719475394516707  1.0383466998471826 1021.6239820098976 113.25628889492197 15.804383791510492  1.0383466998478508 1021.5988818231219 113.25000459988607 15.889295945833791  1.0383466998471953 1021.5740741526789 113.24352353855713 15.974212362855603  1.038346699847724 1021.5495631134482 113.23685092098242 16.059133515548513  1.0383466998474022 1021.5253527781238 113.2299916369882 16.144059851661961  1.0383466998475335 1021.5014471870342 113.22295029491988 16.228991800969556  1.0383466998475062 1021.4785911942083 113.21697820112092 16.309609931154654  1.0383466998474908 1021.4560276437018 113.21077785583081 16.390207499329634  1.0383466998475688 1021.4337609059884 113.20435872752923 16.470785322180898  1.0383466998473916 1021.4117953195007 113.19772947167553 16.551344145631553  1.0383466998476256 1021.3901351952467 113.19089799707145 16.63188465385349  1.0383466998474464 1021.3687848214306 113.18387153222425 16.712407478306325  1.0383466998474868 1021.3477484680669 113.17665669170886 16.792913206737396  1.0383466998475712 1021.3270303916037 113.16925954253156 16.873402392229178  1.038346699847446 1021.3066348395358 113.16168567049191 16.953875562197609  1.0383466998475375 1021.2865660550266 113.15394024654621 17.034333227433535  1.0383466998474984 1021.266828281524 113.14602809316992 17.114775891112494  1.0383466998475064 1021.2474335364776 113.14186619723816 17.190327637323534  1.0383466998475461 1021.2284185310598 113.13723737531674 17.265760706161934  1.0383466998473412 1021.2097859792486 113.13218675115037 17.341078465733357  1.0383466998478916 1021.1915390971218 113.126752977164 17.416283685521314  1.0383466998469073 1021.1736815587498 113.12096899857607 17.491378620781877  1.0383466998481845 1021.1562174521024 113.11486281751202 17.566365097066175  1.0383466998469251 1021.1391512349292 113.10845825711731 17.641244594571887  1.0383466998478832 1021.1224876906799 113.10177572567092 17.71601833267832  1.0383466998473276 1021.106231884376 113.09483298069861 17.7906873543225  1.0383466998475659 1021.09038911853 113.0876458930862 17.865252610485868  1.0383466998474935 1021.0749648890275 113.08022921119286 17.939715044620041  1.038346699847507 1021.0614607965857 113.07115472626664 18.008186938118129  1.0383466998475672 1021.0482714970651 113.06200120332234 18.076627904475004  1.0383466998472413 1021.0354007279668 113.05276937220816 18.145037847067911  1.0383466998481554 1021.0228522206735 113.04345987995796 18.213416692268716  1.0383466998464339 1021.0106296999098 113.0340732960111 18.281764391515384  1.0383466998487905 1020.9987368831715 113.02461011743173 18.350080923665523  1.0383466998463431 1020.9871774801987 113.01507077412938 18.418366296922024  1.0383466998483237 1020.9759551923979 113.00545563407745 18.486620551290429  1.0383466998470612 1020.9650737123134 112.99576500853424 18.554843760491096  1.0383466998476831 1020.9545367230592 112.98599915726152 18.623036034332817  1.038346699847464 1020.9443478977771 112.97615829374507 18.691197520766345  1.038346699847507 1020.930332431977 112.98165298298397 18.754443781036809  1.0383466998475055 1020.9176565638343 112.98370876628806 18.81672312904708  1.0383466998475259 1020.9060541202537 112.98358351993969 18.878171782624584  1.0383466998474133 1020.8953676254984 112.98199782792318 18.938863589654272  1.0383466998477737 1020.8855103925516 112.97933720334615 18.998834104418101  1.0383466998470219 1020.8764368361316 112.97580796242376 19.058099126782615  1.0383466998480924 1020.8681210071696 112.97154675103178 19.116667704424078  1.0383466998470015 1020.8605433490005 112.9666837238203 19.174549597848603  1.0383466998478219 1020.8536856749962 112.96135937589715 19.231757208463527  1.0383466998473707 1020.8475343678828 112.95569502707276 19.288301969475658  1.0383466998475392 1020.8420918005643 112.94971695867277 19.344185199778678  1.038346699847507 1020.8415022931733 112.93370846522127 19.392229195497706  1.0383466998475392 1020.8417169188378 112.91623736103116 19.440940501371884  1.038346699847384 1020.8423011624332 112.89649530035381 19.490167170684003  1.0383466998477744 1020.8475229037118 112.87780974351209 19.5405914101609  1.0383466998470765 1020.8419857094731 112.84497940520711 19.589181579341592  1.0383466998480404 1020.8623863297523 112.83183127749655 19.642730500245975  1.0383466998469886 1020.8497611296515 112.77766636118724 19.689195537513733  1.038346699847891 1020.8761268842608 112.75537627864213 19.74305734031983  1.0383466998472966 1020.8760226751318 112.68040928832337 19.787919303383774  1.0383466998475834 1020.9031823324806 112.61743367642435 19.836398104645255  1.0383466998474904 1020.9207447145279 112.42649029539916 19.862971524790389  1.0383466998475064 
1030.2624662061062 113.85517677252069 1.9977580405854996  0.85353433019614966 1030.2262856523782 113.91050776030286 1.9387300432925425  0.85353433019618197 1030.1849616208501 113.95741957396947 1.8944272311684278  0.85353433019600999 1030.1409175004069 113.99978311147271 1.8599473453011903  0.85353433019650038 1030.0951648797322 114.03917946558886 1.8326814246417964  0.85353433019552905 1030.0481401265847 114.07625453097631 1.8111712263921405  0.85353433019697578 1030.0001316003159 114.11141140748273 1.7944663690695384  0.85353433019530001 1029.9514187594386 114.14503664859697 1.7818434416355764  0.85353433019682545 1029.902244426431 114.17745640410212 1.7727493215275851  0.85353433019574365 1029.8527414714717 114.2088185057894 1.7668309451530453  0.85353433019632041 1029.8029351773359 114.23909654529356 1.7639137736144157  0.85353433019610891 1029.7529425471946 114.26841199293884 1.7637911971582358  0.85353433019614966 1029.7020178746909 114.29323558679148 1.7781264190274095  0.85353433019613933 1029.6512118873493 114.31743843792955 1.7940568693483723  0.85353433019619607 1029.6005532118354 114.34101727332533 1.8115324332872049  0.85353433019604097 1029.550070972808 114.36396844608234 1.8305036817355722  0.8535343301963173 1029.4997953757825 114.38628686210514 1.8509231760655469  0.85353433019596758 1029.4497582898914 114.40796490675885 1.8727467729847636  0.85353433019629033 1029.3999938307952 114.42899137154356 1.8959349292476224  0.85353433019607672 1029.3505389434167 114.4493503807513 1.9204540065341265  0.85353433019617098 1029.3014339848435 114.46902031813963 1.9462775761696491  0.85353433019614922 1029.252723307101 114.4879727535923 1.9733877239672415  0.85353433019614811 1029.2044558400048 114.50617136978811 2.0017763549940613  0.85353433019614966 1029.1513395357813 114.52895881735856 2.02560028975115  0.85353433019618363 1029.0984696084422 114.55126185552484 2.0503418898292534  0.85353433019600256 1029.0458477122866 114.57309211575271 2.0759699189471119  0.85353433019654212 1028.9934752920722 114.59446140457595 2.1024529294669234  0.85353433019541236 1028.9413535279978 114.61538173825514 2.1297592177280471  0.85353433019715463 1028.8894832807023 114.63586537747673 2.157856779326762  0.85353433019514136 1028.8378650362292 114.65592486199128 2.1867132644807548  0.85353433019690239 1028.7864988510448 114.67557304532683 2.2162959332837815  0.85353433019573466 1028.7353842969906 114.6948231294258 2.2465716110784664  0.85353433019631053 1028.6845204063002 114.71368869934601 2.277506643724065  0.85353433019611291 1028.6339056165655 114.73218375791774 2.309066852940485  0.85353433019614966 1028.5802072781839 114.75082254242609 2.3452965026411343  0.85353433019601344 1028.5268885696969 114.76894859586102 2.3823495639738193  0.85353433019670788 1028.473945774155 114.78657632113969 2.4201918978446173  0.85353433019482328 1028.421375133632 114.8037201699068 2.4587892964482032  0.85353433019835911 1028.3691728023878 114.82039468525051 2.4981074374422878  0.85353433019340208 1028.3173348000307 114.83661454443701 2.5381118382001873  0.85353433019876634 1028.2658569646719 114.85239460161536 2.5787678099518896  0.85353433019422886 1028.2147349061008 114.86774993056119 2.6200404120560901  0.85353433019721725 1028.1639639589271 114.88269586737854 2.6618944061449277  0.85353433019572533 1028.1135391357607 114.8972480532388 2.7042942103706826  0.85353433019624958 1028.0634550803597 114.91142247709286 2.7472038535860168  0.85353433019614944 1028.0090867871004 114.92695943230461 2.793362028226432  0.85353433019616765 1027.9551129622077 114.94205683773146 2.8401159150374422  0.85353433019607383 1027.9015240811923 114.95672936722382 2.8874409188086423  0.85353433019635172 1027.848310435877 114.97099185767181 2.9353122794046094  0.85353433019575009 1027.7954620072856 114.98485940938104 2.9837049666307713  0.85353433019673208 1027.7429683385358 114.99834748644363 3.0325935750823776  0.85353433019551928 1027.6908184077263 115.01147201711551 3.0819522190161415  0.85353433019665903 1027.6390005008311 115.02424949418695 3.1317544271964728  0.85353433019584724 1027.587502084584 115.03669707535903 3.1819730377659292  0.85353433019627389 1027.536309679376 115.048832683616 3.2325800930960238  0.85353433019612057 1027.4854087321389 115.06067510759972 3.2835467346513756  0.85353433019614855 1027.4310540789793 115.07298566647036 3.3389336440647526  0.85353433019609604 1027.3770879985302 115.0849122763363 3.394783190047006  0.85353433019637004 1027.3235000434295 115.09646796192058 3.4510762803142772  0.85353433019565061 1027.2702795731846 115.10766590568475 3.507793678878838  0.85353433019692415 1027.2174156353315 115.11851953570071 3.5649159214026476  0.85353433019525782 1027.1648968466457 115.12904261353826 3.6224232304992361  0.85353433019694924 1027.112711274277 115.13924932213106 3.6802954311120972  0.85353433019558123 1027.0608463169769 115.14915435366706 3.7385118658003273  0.8535343301964653 1027.0092885862327 115.15877299745588 3.7970513101171033  0.85353433019602132 1026.9580237874786 115.16812122781427 3.8558918879115005  0.85353433019618019 1026.9070366012554 115.17721579193979 3.915010986682117  0.8535343301961501 1026.852884810851 115.18665770752825 3.9784340874069617  0.85353433019620428 1026.7990917020384 115.19577551849409 4.0422086056406776  0.85353433019591807 1026.7456467402001 115.20458043205738 4.1063204610247563  0.85353433019671821 1026.6925391555574 115.21308382964379 4.1707554265451563  0.85353433019515879 1026.6397578339943 115.22129733930291 4.2354990617360695  0.85353433019743918 1026.5872912078987 115.22923290814212 4.3005366458510892  0.85353433019488079 1026.535127146981 115.23690287473727 4.3658531110820169  0.85353433019709812 1026.4832528491147 115.24432004157204 4.4314329757220667  0.85353433019561931 1026.4316547311612 115.2514977474476 4.4972602773807235  0.85353433019635838 1026.3803183198024 115.25844993991804 4.5633185061608792  0.85353433019610181 1026.3292281423714 115.26519124770722 4.6295905378571041  0.85353433019614966 1026.2755816026333 115.27197392313604 4.7000636928314945  0.85353433019609715 1026.2222597139612 115.27848310045101 4.7708097584444467  0.85353433019637659 1026.1692527110736 115.28472818761135 4.8418181240645692  0.85353433019558755 1026.1165505813674 115.29071875876267 4.9130780462162544  0.85353433019710923 1026.0641429767511 115.2964646063901 4.9845786015493196  0.85353433019494052 1026.0120191254844 115.30197579346984 5.0563086397969226  0.85353433019731972 1025.9601677440064 115.30726270562714 5.1282567367523146  0.85353433019526892 1025.9085769487815 115.31233610328111 5.2004111472212351  0.85353433019665692 1025.8572341681224 115.31720717380804 5.2727597580003875  0.85353433019593894 1025.8061260540369 115.32188758368542 5.3452900408324577  0.85353433019620184 1025.7552383940551 115.32638953065131 5.4179890053787982  0.85353433019614922 1025.7023077119234 115.33077853973339 5.4945080420007972  0.85353433019622094 1025.6496669066382 115.33493737937654 5.5712412972789043  0.85353433019585812 1025.5973072480529 115.33887380778359 5.6481808186277647  0.85353433019683855 1025.5452197648747 115.34259572709139 5.7253185407253335  0.85353433019498837 1025.4933951795144 115.34611121647464 5.8026462550088294  0.85353433019762681 1025.4418238429532 115.34942856521585 5.8801555791230378  0.85353433019471281 1025.3904956695833 115.35255630582553 5.957837926438061  0.85353433019722247 1025.3394000720814 115.35550324710175 6.0356844754833849  0.85353433019554381 1025.2885258962485 115.35827850724952 6.1136861394659592  0.85353433019639335 1025.2378613558783 115.36089154695203 6.1918335357180716  0.85353433019609193 1025.187393967605 115.36335220247325 6.2701169551935809  0.85353433019614966 1025.1353958097623 115.36558894684424 6.3517187468997935  0.85353433019618252 1025.0836560580935 115.36763083100116 6.4334919832923863  0.85353433019602243 1025.0321671984486 115.36948410824968 6.5154307035640686  0.85353433019642144 1024.980921503354 115.37115514102233 6.5975288596647044  0.85353433019575531 1024.9299109886797 115.37265041865382 6.6797802983521066  0.85353433019655867 1024.8791273702755 115.37397657511956 6.7621787432896898  0.8535343301958378 1024.8285620206566 115.37514040682977 6.8447177770738659  0.8535343301963233 1024.7782059256276 115.37614889035483 6.9273908233470909  0.85353433019608171 1024.7280496409683 115.37700920022068 7.0101911288253538  0.85353433019616665 1024.6780832490685 115.37772872664547 7.0931117453958574  0.85353433019614744 1024.6282963155979 115.37831509331649 7.176145512167575  0.85353433019614966 1024.5774320201247 115.37863705123711 7.2618821049507503  0.85353433019617586 1024.5267998121185 115.37879186772673 7.3477591029854938  0.85353433019603953 1024.4763935252329 115.37878440411829 7.4337721108053181  0.85353433019640756 1024.4262068253524 115.37861958993713 7.5199166731098455  0.85353433019572866 1024.3762331856158 115.37830242999043 7.6061882656482576  0.85353433019666147 1024.3264658614783 115.377838011492 7.6925822861106674  0.85353433019567349 1024.2768978657164 115.37723151113387 7.779094045007378  0.85353433019648939 1024.2275219435021 115.37648820222358 7.8657187565633651  0.85353433019596592 1024.1783305474075 115.37561346175409 7.9524515295968818  0.8535343301962206 1024.1293158124681 115.37461277753118 8.0392873584118369  0.85353433019613323 1024.0804695312047 115.37349175526043 8.1262211136802982  0.85353433019615021 1024.030942354769 115.37212084196148 8.2151621755961237  0.85353433019616665 1023.9816278475136 115.37060303067545 8.3042219248471643  0.85353433019607072 1023.9325213268387 115.36894189456562 8.3933972248901014  0.85353433019633451 1023.8836179988582 115.3671410362294 8.4826849052087052  0.85353433019585379 1023.8349129469655 115.36520408891305 8.5720817576739847  0.85353433019649694 1023.7864011204023 115.36313471772613 8.6615845328996777  0.85353433019584601 1023.7380773228255 115.36093662085734 8.7511899366035735  0.85353433019634484 1023.6899362008734 115.35861353078691 8.8408946259630259  0.8535343301960594 1023.641972232735 115.35616921550474 8.9306952059750646  0.85353433019617764 1023.5941797167153 115.35360747972143 9.0205882258136558  0.85353433019614455 1023.5465527598034 115.35093216608603 9.1105701751883075  0.85353433019614966 1023.4985721691428 115.34807335928515 9.2017997422636242  0.85353433019605551 1023.4507934735699 115.34508053166601 9.2931339193770874  0.85353433019654068 1023.4032136010491 115.34195610014694 9.3845706009606271  0.85353433019521951 1023.3558294248676 115.33870248347999 9.4761076680756933  0.85353433019769465 1023.3086377603092 115.33532210150437 9.5677429875242357  0.85353433019424552 1023.2616353613262 115.33181737437253 9.6594744109662027  0.8535343301979389 1023.2148189172104 115.32819072181668 9.7512997740338676  0.85353433019485347 1023.1681850492695 115.32444456236632 9.8432168954425912  0.85353433019686542 1023.1217303074937 115.32058131261471 9.9352235761120173  0.85353433019586489 1023.0754511672338 115.316603386445 10.027317598273452  0.85353433019621727 1023.0293440258697 115.31251319428364 10.119496724589814  0.85353433019614966 1022.9371139263314 115.30420294455362 10.304363016155438  0.85353433019610436 1022.8456874860091 115.29538151898301 10.489616075883342  0.85353433019634484 1022.7552410173178 115.28596602423855 10.675316183117559  0.85353433019564806 1022.6645185647945 115.27659917053731 10.860984499237089  0.85353433019703906 1022.5768646854503 115.26558233606607 11.047876832838851  0.85353433019499658 1022.4882135582286 115.25500623832669 11.234449655549202  0.85353433019727032 1022.3989852165855 115.24464574308432 11.42086007159938  0.85353433019532243 1022.3133097010141 115.23238742829633 11.608664763385432  0.85353433019660985 1022.227058783124 115.22037463899574 11.796292027670042  0.85353433019596658 1022.1419579711566 115.20771925433539 11.984390975281432  0.85353433019619263 1022.0577241201926 115.19457657539829 12.172847881871263  0.85353433019614966 1022.0158659229837 115.18826365936444 12.265601980616104  0.85353433019617542 1021.9742485295277 115.18181527080355 12.358454361495358  0.8535343301960342 1021.9328732690348 115.17523221616956 12.451404634853771  0.85353433019645431 1021.8917414668568 115.16851530568229 12.544452408255989  0.85353433019556735 1021.8508544444339 115.16166535321692 12.637597286533353  0.85353433019698433 1021.8102135192644 115.15468317617993 12.730838871785068  0.85353433019525793 1021.7698200048399 115.14756959540725 12.824176763450421  0.85353433019685865 1021.729675210624 115.14032543503276 12.917610558290885  0.85353433019573588 1021.6897804419865 115.13295152238915 13.011139850465636  0.85353433019631786 1021.6501370001741 115.12544868787995 13.104764231528122  0.85353433019610958 1021.6107461822571 115.11781776487237 13.198483290476583  0.85353433019614999 1021.5715116379832 115.1106379072323 13.290007257080415  0.85353433019617331 1021.5325607101277 115.10331198745246 13.381636722464012  0.85353433019604164 1021.4938950355501 115.09584142143414 13.473371184362525  0.85353433019642433 1021.455516246892 115.08822759812894 13.565210142392043  0.85353433019567093 1021.4174259731518 115.08047188018369 13.657153098239702  0.85353433019675029 1021.3796258402537 115.07257560460697 13.749199555855256  0.85353433019558678 1021.3421174716256 115.06454008340351 13.841349021637098  0.85353433019654834 1021.3049024887657 115.05636660424786 13.93360100462885  0.85353433019593883 1021.2679825118213 115.04805643111818 14.025955016702019  0.85353433019622837 1021.2313591601564 115.03961080496376 14.118410572752364  0.85353433019613179 1021.1950340529274 115.03103094434894 14.210967190885938  0.85353433019614966 1021.1589226454453 115.0230534279995 14.300456521618528  0.85353433019613878 1021.1231484147085 115.01492079997205 14.39005932925687  0.85353433019621028 1021.0877119480491 115.0066356692973 14.479774555240084  0.85353433019596114 1021.052613917852 114.9982005115378 14.56960117935385  0.85353433019654634 1021.0178550786627 114.98961767611658 14.659538218428608  0.85353433019556568 1020.9834362643061 114.98088939363667 14.749584725086404  0.85353433019677338 1020.9493583849875 114.972017783214 14.839739786420429  0.85353433019564962 1020.9156224244172 114.96300485979404 14.930002522748413  0.8535343301964502 1020.8822294369093 114.95385254148488 15.020372086301993  0.8535343301960221 1020.8491805445035 114.9445626568766 15.110847659959191  0.85353433019618064 1020.8164769340707 114.93513695236989 15.201428455955163  0.85353433019614966 1020.7835188040837 114.92662966061714 15.287945632507665  0.85353433019614577 1020.7509840917911 114.91794894395998 15.374590881647514  0.85353433019617209 1020.7188694329468 114.9091001011834 15.461361635905574  0.85353433019609803 1020.6871719821249 114.90008797228877 15.548255501902604  0.85353433019621416 1020.6558893784726 114.89091697518732 15.63527024931004  0.85353433019609692 1020.6250197114283 114.8815911423851 15.722403799759938  0.85353433019618596 1020.5945614864914 114.8721141576809 15.809654215832825  0.85353433019611735 1020.564513590929 114.86248939284808 15.897019689948229  0.85353433019617908 1020.5348752595467 114.85271994433273 15.984498533354813  0.85353433019613212 1020.5056460404045 114.84280866993839 16.072089165037109  0.85353433019615477 1020.4768257605723 114.83275822551964 16.159790100678894  0.85353433019614955 1020.4486194657069 114.82348316400952 16.242790982894604  0.85353433019613101 1020.4208600026078 114.81405325225528 16.325911549538766  0.85353433019621927 1020.3935425084462 114.80447357470828 16.409148856827613  0.85353433019602631 1020.3666629655327 114.79474867659042 16.492500215151566  0.8535343301962669 1020.3402181343905 114.78488261252006 16.57596316956381  0.8535343301961128 1020.3142054868269 114.77487899516883 16.659535480088483  0.85353433019608871 1020.2886231390113 114.76474104387185 16.743215102288495  0.85353433019625635 1020.26346978454 114.75447163329505 16.827000167529256  0.85353433019606262 1020.2387446275191 114.74407334204528 16.910888963534731  0.85353433019619107 1020.2144473156292 114.73354850132725 16.994879914712204  0.85353433019613922 1020.1905778732038 114.72289924356934 17.078971562627153  0.85353433019614966 1020.1641687856387 114.71400389959189 17.156901550188209  0.85353433019616431 1020.1385332632789 114.70486326690865 17.235009677044015  0.85353433019608249 1020.1136294168238 114.69549861222528 17.313283694875391  0.85353433019631275 1020.0894226314257 114.68592765776914 17.391713031017623  0.85353433019589331 1020.0658847223782 114.67616502920031 17.470288598403908  0.85353433019643998 1020.0429930908815 114.66622270351149 17.549002605380849  0.85353433019590164 1020.0207298796894 114.65611045694673 17.627848365713255  0.85353433019631009 1019.9990811289061 114.64583631289409 17.706820108357078  0.85353433019607272 1019.9780359316269 114.63540698980776 17.785912787468959  0.85353433019617597 1019.9575855897124 114.62482834910304 17.865121892215232  0.85353433019614366 1019.9377227694696 114.61410584307154 17.944443256720461  0.85353433019615021 1019.9222816951213 114.60357943356524 18.01804516029847  0.85353433019615188 1019.9071888354318 114.59297541022669 18.091706952442603  0.85353433019612424 1019.8924478760623 114.58229351182764 18.165428084637483  0.8535343301962276 1019.8780625988942 114.57153344508453 18.239208039347233  0.85353433019602287 1019.864036875384 114.56069488700294 18.313046327990403  0.85353433019626967 1019.8503746599282 114.54977748721801 18.386942488711068  0.85353433019608815 1019.8370799832142 114.53878087033941 18.460896084453733  0.85353433019615599 1019.8241569455869 114.52770463829307 18.53490670066622  0.85353433019616332 1019.8116097104011 114.51654837266344 18.608973943379112  0.85353433019613978 1019.7994424973841 114.50531163703772 18.683097436970613  0.8535343301961521 1019.7876595759931 114.49399397934717 18.757276822146352  0.85353433019615021 1019.758209947407 114.48764951428079 18.822299357865091  0.85353433019613623 1019.7334732756542 114.4800923510126 18.887917045397884  0.85353433019621761 1019.7119251040878 114.47179766560802 18.953941543780175  0.85353433019594638 1019.6926987845897 114.46301842094866 19.020260225849  0.85353433019659097 1019.6753400438009 114.45387293256353 19.086808625338726  0.85353433019546332 1019.659617515556 114.44441185378867 19.153549075340131  0.85353433019691494 1019.6453892395292 114.43466458030365 19.220455538840046  0.85353433019552449 1019.6325251260778 114.4246650739852 19.287504630415697  0.85353433019652514 1019.6208853873055 114.41445710613851 19.354672830074243  0.85353433019599123 1019.6103549343176 114.4040789200555 19.421939888355677  0.8535343301961883 1019.6009337406948 114.39352731293505 19.489298423351428  0.8535343301961501 1019.6071075664242 114.38209004673288 19.54970779925732  0.85353433019616742 1019.6154842978086 114.37029068279426 19.610134442945174  0.85353433019608771 1019.6266743027397 114.35718228023831 19.670421792126255  0.85353433019626701 1019.639511913402 114.34950056142665 19.731728798235402  0.85353433019599012 1019.6616532188856 114.32110311844815 19.789611929782694  0.85353433019631164 1019.6774545833966 114.3329195409091 19.854466181526089  0.85353433019602754 1019.7191095502102 114.28321541907755 19.909062460418159  0.85353433019621461 1019.7486407801449 114.29555950099908 19.974345444012403  0.8535343301961279 1019.8210693486224 114.24639763099565 20.029748389637223  0.85353433019615221 1019.8965110771178 114.23429905719838 20.091762519739962  0.85353433019615055 1020.109640980406 114.13262522192524 20.141061188911596  0.85353433019614966 
1029.9381261536496 113.43881232911393 0.1626657549092041  1.0383466998475068 1029.8596222863512 113.44860367453853 0.12145061304650184  1.0383466998474915 1029.7826252931902 113.46417280348058 0.093071148019415517  1.0383466998475712 1029.7062181824742 113.4840522422984 0.072598010457930684  1.0383466998473414 1029.6297879625131 113.50723442610656 0.057852480503985497  1.0383466998478232 1029.5529244213822 113.5330236877162 0.047868155241191701  1.0383466998470474 1029.475348581338 113.56092491259048 0.042082668180778882  1.0383466998480133 1029.3968659568654 113.59056401690447 0.04004678684355234  1.0383466998470858 1029.3173397448497 113.62163540574502 0.041438236395801908  1.0383466998477651 1029.2366790759684 113.65387156855324 0.046167594960220271  1.0383466998473949 1029.1548374557699 113.68702996884188 0.054363608604612423  1.0383466998475357 1029.0718165244589 113.72089238528191 0.066025271981025924  1.0383466998475068 1028.9915061940956 113.76261723446468 0.08669915774742698  1.0383466998474982 1028.9125078074551 113.80298703741758 0.10949694843467483  1.0383466998475532 1028.8348704060982 113.84204424799314 0.13424921542481272  1.0383466998473858 1028.7586294765897 113.87983673971422 0.16079686516841107  1.0383466998477202 1028.6838099730828 113.91641717416525 0.18899179548438028  1.0383466998472268 1028.6104293398992 113.95184236938948 0.21869755209827169  1.0383466998477944 1028.5385005341204 113.98617266827786 0.24978998480762016  1.0383466998472723 1028.4680350481567 114.01947130696739 0.28215790412588859  1.0383466998476545 1028.3990459323497 114.05180378323077 0.31570373741950419  1.0383466998474409 1028.3315508175356 114.08323722487252 0.35034418548744384  1.0383466998475235 1028.2655749376445 114.11383975812124 0.38601087882511287  1.0383466998475068 1028.1920995303908 114.14353773710975 0.41998700047923343  1.0383466998475432 1028.11938149609 114.17231598288161 0.45507442558223232  1.0383466998473514 1028.0474275037898 114.20019075648848 0.49121176453738613  1.0383466998479256 1027.9762412377938 114.22717916610893 0.52833918933946933  1.0383466998467146 1027.905823644036 114.25329895523205 0.56639842615327396  1.0383466998485851 1027.8361731765137 114.27856829084212 0.60533274761260358  1.0383466998464426 1027.7672860436278 114.30300555159924 0.64508696554057465  1.0383466998482753 1027.6991564546449 114.32662911602766 0.68560742314874368  1.0383466998471045 1027.6317768660292 114.34945715069396 0.72684198776758357  1.0383466998476525 1027.5651382278868 114.37150739839528 0.76874004313176414  1.0383466998474762 1027.4992302303319 114.39279696633983 0.811252481969154  1.0383466998475068 1027.4293089018931 114.41682278165389 0.85855128732077368  1.0383466998473549 1027.3603547667021 114.44000339093357 0.90660830851941476  1.0383466998481299 1027.2923575153347 114.46236567462557 0.95536195013686331  1.0383466998460349 1027.2253050425682 114.48393664018784 1.0047530047614348  1.0383466998499384 1027.1591836853895 114.50474327801571 1.0547244828989584  1.0383466998445043 1027.0939784609586 114.5248124174115 1.1052214426472808  1.0383466998503612 1027.0296733046396 114.54417058249199 1.1561908196905346  1.0383466998454003 1026.9662513079438 114.56284384816806 1.2075812569303963  1.0383466998486934 1026.9036949565686 114.58085769605577 1.2593429344506841  1.0383466998470272 1026.8419863683514 114.59823687044079 1.311427399234173  1.0383466998476212 1026.7811075312836 114.61500523420898 1.3637873950279928  1.0383466998475068 1026.715041752085 114.63300874121276 1.4202599719980995  1.0383466998475399 1026.649764696366 114.65034580065816 1.4772096536728156  1.0383466998473689 1026.5852620728583 114.66703538082093 1.5345983552716937  1.0383466998478716 1026.5215187643907 114.68309632261457 1.5923889897863255  1.0383466998468061 1026.4585188237497 114.69854722423203 1.6505453336155291  1.038346699848494 1026.3962454695823 114.71340632580103 1.7090318920832228  1.0383466998464796 1026.3346810822366 114.72769139401737 1.7678137651292145  1.0383466998483 1026.273807199678 114.74141960680718 1.8268565127940093  1.0383466998470603 1026.2136045133291 114.75460743795794 1.8861260209027666  1.0383466998476802 1026.1540528639721 114.76727054177721 1.9455883665932969  1.0383466998474682 1026.095131237611 114.77942363773126 2.0052096839422386  1.0383466998475055 1026.0321387192712 114.7928026938596 2.0697557686527661  1.0383466998474333 1025.9698217632861 114.80564255015668 2.1346238999861287  1.0383466998478077 1025.9081657450031 114.81795801969318 2.1997878451308823  1.0383466998468303 1025.8471556527466 114.82976372013499 2.2652218687700678  1.0383466998485482 1025.7867760349538 114.84107399297166 2.3309006343920595  1.0383466998463127 1025.7270109472665 114.85190282276503 2.3967991056621631  1.0383466998485802 1025.6678438996871 114.86226375636993 2.4628924477141707  1.0383466998467346 1025.6092578036585 114.87216982218624 2.5291559285276817  1.038346699847944 1025.5512349192193 114.88163344938214 2.5955648202298516  1.0383466998473259 1025.4937568020964 114.89066638713904 2.6620943004521012  1.0383466998475506 1025.4368042508415 114.8992796238832 2.7287193536539842  1.0383466998475073 1025.3762604924268 114.90865895651474 2.800079012268049  1.0383466998475561 1025.3162759087311 114.91759600807455 2.8716655904735324  1.0383466998473005 1025.2568373990862 114.92610131736683 2.9434613564340486  1.0383466998480118 1025.1979315968538 114.93418523229512 3.0154487622515784  1.0383466998466315 1025.1395448027913 114.94185784438586 3.0876103764583887  1.0383466998486304 1025.0816629183735 114.94912892327959 3.1599288165279935  1.0383466998464268 1025.0242713791802 114.95600785126919 3.2323866813540034  1.0383466998482891 1024.967355088201 114.96250355778167 3.3049664837731676  1.0383466998470854 1024.9108983492276 114.96862445391625 3.3776505830382773  1.0383466998476674 1024.8548848001692 114.97437836693592 3.450421117337986  1.0383466998474704 1024.7992973464229 114.97977247479052 3.5232599362808177  1.0383466998475068 1024.7408430576472 114.98571848565057 3.6005975159355668  1.0383466998474256 1024.6828578831899 114.99129360503312 3.6781038848920593  1.038346699847859 1024.6253306016783 114.99650534960291 3.7557665420004218  1.0383466998466355 1024.5682497786704 115.00136106143665 3.8335730310712233  1.0383466998489996 1024.5116037095859 115.00586785732081 3.9115108964086964  1.0383466998456121 1024.455380362595 115.01003257804996 3.9895676383722281  1.0383466998493562 1024.3995673215659 115.01386173772593 4.0677306689040531  1.0383466998461046 1024.3441517289471 115.01736147305368 4.145987267088536  1.0383466998483208 1024.2891202287092 115.02053749264293 4.2243245346888312  1.0383466998471651 1024.2344589092411 115.02339502630289 4.3027293516951675  1.0383466998475921 1024.1801532462759 115.0259387743432 4.3811883318697049  1.0383466998475062 1024.1235756545334 115.02883572373139 4.4636800532949223  1.0383466998475981 1024.0673950053417 115.03141516286881 4.5463029717122829  1.0383466998471349 1024.0116019473517 115.03368234371136 4.629048140428611  1.0383466998483899 1023.9561869471984 115.03564236254273 4.7119065989037869  1.0383466998460109 1023.9011402482506 115.03730012240344 4.7948693453441447  1.0383466998494104 1023.8464518293611 115.03866029550792 4.8779273091512927  1.0383466998456612 1023.792111363618 115.03972728567982 4.9610713235808159  1.0383466998488737 1023.7381081770924 115.04050519076399 5.0442920981518897  1.0383466998467477 1023.6844312075928 115.04099776506359 5.1275801913001988  1.0383466998478053 1023.6310689634105 115.04120838175467 5.2109259828353469  1.0383466998474382 1023.5780094820741 115.04113999531725 5.2943196465265405  1.0383466998475066 1023.5232406685051 115.04129981421553 5.3811768955249359  1.0383466998475461 1023.4688129470146 115.04118300379683 5.4681408673393692  1.0383466998473567 1023.4147187430153 115.04079319580002 5.5552050739250323  1.0383466998478297 1023.3609503355025 115.04013388867607 5.6423629971614169  1.0383466998470412 1023.3074998314829 115.03920842184755 5.7296080733660233  1.0383466998479671 1023.2543591403991 115.03801994992493 5.8169336778417771  1.0383466998472046 1023.2015199485621 115.03657141698645 5.9043331093669202  1.0383466998476141 1023.1489736935722 115.03486553078113 5.991799574764368  1.0383466998475159 1023.096711538753 115.03290473700868 6.0793261733817472  1.0383466998474775 1023.0447243475733 115.03069119353574 6.1669058816531166  1.0383466998475179 1022.9930026580782 115.02822674465541 6.2545315376003128  1.0383466998475068 1022.9400623871834 115.02590282870722 6.3449567735389429  1.038346699847515 1022.887420870561 115.02333460179425 6.4354731743913565  1.0383466998474755 1022.835072238303 115.02052456157712 6.5260760656277927  1.0383466998475688 1022.7830105166092 115.01747509969732 6.6167607468975262  1.0383466998474289 1022.7312296148331 115.01418848610786 6.7075224845419639  1.0383466998475734 1022.6797233125204 115.01066685341422 6.7983565041247624  1.0383466998474757 1022.6284852464604 115.00691218119967 6.8892579829381058  1.0383466998475015 1022.5775088977208 115.00292628037016 6.980222042536159  1.0383466998475264 1022.5267875786989 114.99871077747892 7.0712437412428795  1.0383466998474939 1022.4763144201595 114.99426709906847 7.1623180666800348  1.0383466998475099 1022.4260823582823 114.98959645600034 7.2534399282819617  1.0383466998475075 1022.375059926629 114.98501002272808 7.3466296542577769  1.0383466998475095 1022.3243060173605 114.98020607134448 7.4399018581060226  1.0383466998474919 1022.2738164235844 114.97518635924958 7.5332532602583839  1.0383466998475259 1022.2235868791688 114.96995256964097 7.626680567398429  1.0383466998475144 1022.17361305411 114.96450630369142 7.7201804696782341  1.0383466998474424 1022.1238905498913 114.95884907272006 7.8137496379596678  1.0383466998476352 1022.074414894854 114.95298229037255 7.9073847210205139  1.0383466998473452 1022.0251815395544 114.94690726479092 8.001082342801288  1.0383466998476425 1021.9761858521334 114.94062519079338 8.0948390996134254  1.0383466998474336 1021.9274231136772 114.934137142046 8.1886515573776695  1.0383466998475277 1021.878888513583 114.92744406323992 8.2825162488430824  1.0383466998475068 1021.8299257499151 114.92079654260614 8.3776615150510434  1.0383466998473714 1021.7812126556859 114.91395529878582 8.4728864274077544  1.0383466998480722 1021.7327466469693 114.90692166770964 8.5681888122356185  1.0383466998461486 1021.6845251185432 114.89969694430499 8.6635664936223549  1.0383466998497903 1021.636545443313 114.89228237983946 8.7590172928250816  1.0383466998446478 1021.5888049717373 114.88467917921885 8.8545390276900182  1.0383466998502522 1021.5413010312454 114.87688849835344 8.9501295120574529  1.0383466998454651 1021.4940309256706 114.86891144143986 9.0457865551748373  1.0383466998486643 1021.4469919346617 114.86074905832956 9.141507961110932  1.0383466998470379 1021.400181313118 114.85240234182358 9.2372915281619807  1.0383466998476187 1021.3535962906039 114.84387222501886 9.3331350482677937  1.0383466998475068 1021.2603528433949 114.82687731452232 9.5253365178786655  1.0383466998474642 1021.1680734759899 114.80920262833043 9.7178655830185168  1.0383466998476916 1021.0768875569066 114.79095821993251 9.9107538728712257  1.0383466998470305 1020.9858851172339 114.77148682243894 10.103675213059082  1.0383466998483508 1020.8974482368096 114.75258191674364 10.297583398380548  1.0383466998464246 1020.8087474281681 114.73211557023663 10.491118916577808  1.0383466998485369 1020.7200090294763 114.71030693425072 10.684597582223942  1.0383466998467659 1020.6340970669567 114.68933817775545 10.879418416454147  1.0383466998479096 1020.548206597565 114.66705033049405 11.074020753055279  1.0383466998473485 1020.4634989510747 114.64435559618983 11.269082183349743  1.0383466998475441 1020.3797863170801 114.62111375970414 11.464480290707217  1.0383466998475068 1020.3383004091307 114.60947033032807 11.560667879349589  1.0383466998475677 1020.2970738858494 114.59770872270998 11.656958381560779  1.0383466998472486 1020.2561078873439 114.58582986312874 11.753351399530922  1.0383466998481541 1020.2154035508668 114.57383467619537 11.849846533311286  1.0383466998463509 1020.174962010866 114.56172408480802 11.946443380830155  1.0383466998490571 1020.1347843990549 114.549499010091 12.043141537933286  1.0383466998459363 1020.0948718444522 114.53716037135726 12.139940598384733  1.0383466998487065 1020.0552254734595 114.52470908604273 12.236840153919683  1.0383466998468276 1020.0158464099009 114.5121460696684 12.333839794241209  1.0383466998477759 1019.9767357750936 114.49947223577985 12.430939107066756  1.0383466998474447 1019.9378946878985 114.48668849590184 12.528137678138648  1.0383466998475073 1019.8994415822161 114.47379836326766 12.623087774375843  1.038346699847531 1019.8612723277676 114.46082305047577 12.718159233842416  1.038346699847398 1019.8233883140522 114.44776291766941 12.813351562443502  1.0383466998477808 1019.7857909486144 114.43461831298266 12.908664273246591  1.0383466998470383 1019.7484816568499 114.42138957322069 13.004096886278944  1.0383466998480704 1019.7114618818484 114.40807702454546 13.099648928272192  1.0383466998470121 1019.674733084178 114.39468098315638 13.19531993248539  1.0383466998478268 1019.6382967417456 114.381201755973 13.291109438432155  1.0383466998473561 1019.6021543495764 114.36763964132017 13.387016991705009  1.038346699847557 1019.5663074196633 114.35399492960725 13.483042143718194  1.0383466998474959 1019.5307574807679 114.34026790401401 13.579184451506475  1.0383466998475068 1019.4957414352632 114.32645303440466 13.672170621375058  1.0383466998474935 1019.4610390060453 114.3125890675265 13.765299127620718  1.0383466998475843 1019.4266510474185 114.29867503041355 13.858568973798809  1.0383466998472513 1019.3925785357992 114.28470996365576 13.951979214321533  1.0383466998480739 1019.358822564054 114.27069292207312 14.045528951658669  1.0383466998466278 1019.3253843357642 114.25662297538146 14.139217333441685  1.0383466998484905 1019.2922651595935 114.24249920887236 14.233043549718559  1.0383466998466901 1019.259466443538 114.22832072407374 14.327006830016028  1.0383466998480086 1019.2269896892859 114.21408663943184 14.421106440604259  1.0383466998472926 1019.1948364864934 114.19979609097412 14.515341681586765  1.0383466998475588 1019.1630085071131 114.18544823298578 14.609711884113249  1.0383466998475068 1019.1315391901908 114.17076975022209 14.699887513027486  1.0383466998474811 1019.1004319574129 114.15609256197271 14.790241037017482  1.0383466998476272 1019.0696855207646 114.14141246775766 14.880770039675205  1.0383466998472093 1019.0392990914017 114.12672546778899 14.971472306666232  1.038346699848012 1019.0092723435458 114.11202775237395 15.062345810042444  1.038346699846844 1018.9796053783725 114.09731569133118 15.153388692513595  1.0383466998482094 1018.9502986879031 114.08258582338802 15.244599251786818  1.0383466998469089 1018.9213531189016 114.06783484559969 15.335975924814289  1.0383466998478972 1018.8927698367557 114.05305960274818 15.427517272143543  1.0383466998473292 1018.8645502893811 114.03825707675622 15.519221962172821  1.0383466998475521 1018.8366961711021 114.02342437609231 15.611088755478486  1.0383466998475066 1018.8097846633926 114.00884395833179 15.698044768639313  1.0383466998474988 1018.7832443209843 113.99427807367782 15.785187949393091  1.038346699847537 1018.7570741315307 113.9797205276965 15.872515657880662  1.03834669984747 1018.7312737631069 113.9651655252824 15.960025520021524  1.0383466998474939 1018.7058435082546 113.95060764160168 16.047715403488446  1.0383466998476116 1018.6807842280044 113.93604179305721 16.13558339363297  1.0383466998473365 1018.6560972959287 113.92146320822047 16.223627769483588  1.0383466998476705 1018.6317845421618 113.90686739880462 16.311846979656618  1.0383466998474038 1018.6078481974484 113.89225013059561 16.400239618353414  1.0383466998475475 1018.5842908371727 113.87760739441839 16.488804401286654  1.0383466998474982 1018.5611153253976 113.86293537707924 16.577540141655106  1.0383466998475068 1018.5372151533958 113.84677668524452 16.659773873797853  1.0383466998475508 1018.513865887295 113.83080857797702 16.742331946959602  1.0383466998473214 1018.4910460853904 113.81500097714468 16.825201977388353  1.0383466998479538 1018.4687393847569 113.79932755664608 16.908373465552469  1.0383466998467743 1018.4469338976434 113.78376532192729 16.991837565784451  1.0383466998483992 1018.4256216078172 113.76829418949829 17.075586856099903  1.0383466998466715 1018.4047977669865 113.75289656645121 17.159615107755886  1.0383466998481066 1018.3844602911239 113.73755692997479 17.24391705512592  1.0383466998471851 1018.3646091568922 113.72226140687418 17.328488165258698  1.0383466998476296 1018.3452457979845 113.70699735308513 17.413324407696376  1.038346699847478 1018.3263725015215 113.69175293319272 17.498422024119122  1.0383466998475075 1018.3104565035566 113.67944155722385 17.577430928824992  1.0383466998475799 1018.294882142961 113.66706500197559 17.656578286344033  1.0383466998471869 1018.2796548776772 113.65462145798128 17.735863682749578  1.0383466998483071 1018.2647802455626 113.64210917399902 17.815286704993795  1.0383466998461373 1018.250263859898 113.6295264535822 17.894846936965294  1.0383466998492266 1018.2361114047567 113.61687165166843 17.974543955964236  1.0383466998458639 1018.2223286305792 113.60414317114268 18.05437732856446  1.0383466998487183 1018.2089213494996 113.59133945943012 18.134346607212333  1.0383466998468238 1018.1958954309188 113.57845900506061 18.214451326094895  1.0383466998477833 1018.1832567968756 113.56550033425566 18.294690997606434  1.0383466998474404 1018.1710114175536 113.55246200750071 18.375065108413253  1.0383466998475075 1018.150305815069 113.52924622811882 18.444663297042936  1.0383466998475035 1018.1322424606007 113.50846308407883 18.515734812927199  1.0383466998475377 1018.115966317229 113.48921528126655 18.58799782072974  1.0383466998473769 1018.1010183151411 113.47097233802346 18.661290941972233  1.0383466998478574 1018.0871849657774 113.45343554339672 18.735528040351049  1.0383466998468869 1018.0743826911616 113.43643347353617 18.810663294204364  1.0383466998482558 1018.0625768683677 113.41984806625736 18.886666556391269  1.0383466998468587 1018.0517355891901 113.40357125374562 18.963509001227884  1.0383466998479134 1018.0418181349373 113.38749215342851 19.041159058880908  1.0383466998473321 1018.0327981664302 113.37151481699162 19.119588636843005  1.0383466998475492 1018.0247216291358 113.3556065375568 19.19878962878137  1.0383466998475075 1018.0244754095119 113.35062541531181 19.27096590250413  1.0383466998475248 1018.0257435992498 113.3467415453924 19.34251926021043  1.0383466998474475 1018.0293731479898 113.34404070248661 19.413477040232692  1.0383466998476243 1018.0301460527808 113.34436692144851 19.484041677086893  1.0383466998473205 1018.0492765917063 113.34286919361379 19.553831280805575  1.0383466998477553 1018.0380105320355 113.35246904211706 19.624023475306807  1.0383466998472366 1018.079954255288 113.35581970663797 19.693438404157689  1.0383466998477322 1018.0738992986331 113.37483424719464 19.763659480539843  1.0383466998473732 1018.1274623928897 113.39927874403197 19.835300204859873  1.0383466998475579 1018.1562551111033 113.44011021454875 19.908391313078987  1.0383466998474964 1018.3004041528458 113.54013582107768 19.993623310492353  1.0383466998475068 
1029.185063113775 112.18214796119247 -0.34734673431185925  1.0367296232096115 1029.1012147806543 112.17555373891307 -0.34029662918387515  1.0367296232096574 1029.0221507012523 112.17971454749551 -0.33184892042613789  1.0367296232094174 1028.9453947511013 112.19061495192186 -0.32281375667000844  1.036729623210084 1028.8697237478348 112.20624268159324 -0.31319945511174474  1.0367296232088119 1028.7944940151174 112.22551208058431 -0.30275879483559365  1.0367296232106198 1028.7192801191256 112.2476826238953 -0.29124633716329562  1.0367296232086338 1028.6437367330466 112.2721311901544 -0.27847640827512699  1.0367296232103471 1028.5675945856458 112.29833678118653 -0.26427138050470234  1.0367296232091878 1028.490701449258 112.32593637890582 -0.24838988737196743  1.0367296232097878 1028.4130191232553 112.35471062995026 -0.23052460871877223  1.0367296232095686 1028.3344873684512 112.38435804850771 -0.21045926124730308  1.0367296232096115 1028.2576278631411 112.42469916117241 -0.19229901538163219  1.0367296232096119 1028.1818875849729 112.46384600694532 -0.1721980072653011  1.0367296232096135 1028.107306930599 112.50184452559412 -0.15032431537689739  1.0367296232096146 1028.0339140953913 112.53874565748974 -0.12683746023145837  1.0367296232095788 1027.9617273089873 112.57460554176328 -0.10188874264733094  1.0367296232097019 1027.8907570709218 112.6094857144584 -0.075621582165052104  1.0367296232094623 1027.8210083861331 112.64345330669062 -0.048171855219866437  1.0367296232097805 1027.7524830006234 112.67658124279806 -0.01966823364166537  1.03672962320948 1027.6851816369608 112.70894843850081 0.0097674772037166201  1.0367296232096783 1027.6191062299165 112.74063999905324 0.040019999950303031  1.0367296232095935 1027.5542621620073 112.77174741740095 0.070980247004268193  1.0367296232096115 1027.4835577545414 112.79997931233861 0.1049454891609205  1.0367296232096663 1027.4135850371563 112.82730871487557 0.14004089180720136  1.0367296232093806 1027.3443525493174 112.85374923234339 0.1762110385877893  1.0367296232102119 1027.2758663670083 112.87931509043726 0.21340202647320439  1.0367296232085095 1027.2081303566285 112.90402092375196 0.25156149043194809  1.0367296232110839 1027.1411464289599 112.9278815663158 0.29063862807952567  1.0367296232081629 1027.0749147930335 112.9509118421264 0.33058422436337587  1.0367296232106706 1027.0094342101145 112.97312635568557 0.37135067620365625  1.0367296232090391 1026.9447022475729 112.99453928253375 0.41289201717703961  1.0367296232098295 1026.8807155328443 113.01516415978594 0.45516394216720002  1.0367296232095626 1026.8174700073334 113.03501367666586 0.49812383203586563  1.0367296232096115 1026.7495753704709 113.05829391261844 0.54424298645840707  1.0367296232094818 1026.6825837385823 113.08076256872394 0.591135572118203  1.0367296232101446 1026.6164862314272 113.10244442333649 0.63874396466356664  1.0367296232083469 1026.5512724270991 113.12336433180215 0.6870126759664128  1.0367296232117089 1026.4869306028679 113.14354707061582 0.73588823744448817  1.0367296232070207 1026.4234479760682 113.16301718158273 0.78531908305647313  1.0367296232120602 1026.3608109449185 113.18179881597442 0.83525543279032277  1.036729623207824 1026.2990053294245 113.19991557868985 0.88564917554331402  1.0367296232106027 1026.2380166121989 113.21739037241285 0.93645375262027741  1.0367296232092178 1026.177830179349 113.2342452417715 0.98762404071390186  1.0367296232097043 1026.1184315613189 113.25050121749685 1.0391162352403516  1.0367296232096113 1026.0541162457123 113.26782777200309 1.0948610427441636  1.0367296232096324 1025.9905666186035 113.28449383850302 1.151118653028254  1.0367296232095224 1025.9277710907468 113.30051607781404 1.2078543969644677  1.0367296232098604 1025.8657174791242 113.31591092538537 1.2650345932369209  1.0367296232090966 1025.8043930921931 113.33069442024777 1.3226265043482677  1.0367296232103809 1025.7437848151881 113.34488203396369 1.3805982925535982  1.0367296232087755 1025.6838791953405 113.3584884995759 1.43891897590788  1.0367296232102807 1025.6246625271997 113.37152764055888 1.4975583841678652  1.0367296232092211 1025.5661209378513 113.38401219976657 1.5564871148462753  1.0367296232097687 1025.5082404722211 113.39595366838387 1.6156764891367423  1.036729623209576 1025.4510071783202 113.40736211487506 1.6750985079267  1.0367296232096102 1025.3894673928939 113.42020894185185 1.7390221081656572  1.0367296232095373 1025.3285943943361 113.43251425769526 1.8033037521616215  1.036729623209917 1025.2683762163972 113.44429096279643 1.8679196181309843  1.0367296232089129 1025.2088006894323 113.45555167638669 1.9328464197886284  1.0367296232107128 1025.1498554772638 113.46630860447044 1.9980613792575248  1.0367296232083114 1025.0915281139755 113.47657340775947 2.0635422000069106  1.0367296232108156 1025.0338060408085 113.48635706960575 2.1292670397456233  1.0367296232087229 1024.9766766429327 113.4956697639354 2.195214483375648  1.0367296232101226 1024.9201272863447 113.50452072318207 2.2613635158773233  1.0367296232093977 1024.8641453546593 113.51291810622041 2.3276934952588926  1.0367296232096637 1024.8087182859742 113.52086886629976 2.3941841254567997  1.0367296232096119 1024.7495589107193 113.52970722363455 2.4651736422925534  1.0367296232096597 1024.6909677694646 113.53809235246457 2.536425892127939  1.0367296232094116 1024.6329345854099 113.54603304356947 2.6079251294638706  1.0367296232101033 1024.5754490136067 113.55353779899808 2.6796558722002537  1.0367296232087468 1024.5185006590066 113.56061472416904 2.7516028892610445  1.0367296232107504 1024.4620790945057 113.56727141995913 2.8237511883802897  1.0367296232084735 1024.4061738789976 113.57351487480879 2.896086003651587  1.036729623210477 1024.3507745754125 113.579351356808 2.9685927833604957  1.0367296232091199 1024.2958707687735 113.58478630580061 3.0412571775391184  1.0367296232098084 1024.2414520842362 113.58982422547439 3.1140650257450551  1.0367296232095649 1024.187508205142 113.59446857546016 3.187002344692166  1.0367296232096115 1024.1304526538847 113.59983700902902 3.2641745381877136  1.0367296232095475 1024.0738876010168 113.60481880801447 3.3415490536098762  1.0367296232098884 1024.0178046450042 113.60941994108764 3.4191150279932909  1.0367296232089329 1023.9621953709243 113.61364610805676 3.4968617305608678  1.0367296232107492 1023.9070513621917 113.61750265906684 3.5747785567517045  1.0367296232082093 1023.852364212285 113.62099451379835 3.6528550222079801  1.0367296232109371 1023.7981255364703 113.62412608066768 3.7310807568197797  1.0367296232086363 1023.7443269835295 113.62690117602502 3.8094454987060571  1.0367296232101644 1023.6909602474835 113.62932294335518 3.8879390882506515  1.036729623209383 1023.6380170793203 113.6313937724758 3.9665514621013633  1.0367296232096681 1023.5854892987186 113.63311521873737 4.045272647188118  1.036729623209611 1023.530434534662 113.63535266968964 4.1278030516338653  1.0367296232097221 1023.4758083883116 113.63725379905608 4.2104956006592662  1.0367296232091623 1023.4216042660941 113.6388225198652 4.293342714895739  1.0367296232106651 1023.3678155838812 113.64006250838112 4.3763368816701087  1.0367296232078611 1023.3144357764645 113.64097714810718 4.4594706524255532  1.0367296232117935 1023.2614583070363 113.64156947379439 4.5427366398954554  1.0367296232075323 1023.208876676663 113.64184211544318 4.626127515633037  1.0367296232111312 1023.1566844337646 113.64179724231258 4.7096360071218255  1.0367296232087733 1023.1048751835916 113.64143650692272 4.7932548952935745  1.0367296232099406 1023.0534425977014 113.6407609890622 4.8769770117191813  1.0367296232095355 1023.0023804234362 113.6397711397926 4.9607952360147864  1.0367296232096115 1022.9493375172655 113.63916818986159 5.0478786694478099  1.0367296232096446 1022.89667505314 113.63826863166487 5.1350967690727911  1.036729623209484 1022.8443880354249 113.63707501229132 5.2224441542619724  1.0367296232098839 1022.7924714896035 113.63558968597687 5.3099154790907663  1.0367296232092236 1022.7409204702182 113.63381477916822 5.3975054313350617  1.0367296232099843 1022.6897300688169 113.63175215557202 5.4852087314924844  1.036729623209381 1022.6388954218927 113.62940338122628 5.5730201317654444  1.0367296232096805 1022.5884117188317 113.62676968954396 5.6609344150940153  1.0367296232096277 1022.5382742098517 113.6238519463852 5.7489463941356469  1.0367296232095873 1022.4884782139493 113.62065061510529 5.8370509102910528  1.0367296232096201 1022.4390191268408 113.61716572161946 5.9252428326977817  1.0367296232096115 1022.3880827731005 113.61396113876462 6.0160705654201623  1.0367296232096108 1022.3374895520524 113.61049299456802 6.1070138402390537  1.0367296232096155 1022.2872358567687 113.60676300516594 6.1980688242074553  1.0367296232095873 1022.2373181067801 113.60277274630933 6.2892317036379524  1.0367296232096821 1022.1877327541971 113.59852363469982 6.3804986839190789  1.0367296232094825 1022.1384762898377 113.59401690932403 6.4718659893712074  1.0367296232097791 1022.0895452493448 113.58925361279066 6.5633298630432915  1.0367296232094492 1022.0409362193168 113.5842345726638 6.6548865665823964  1.0367296232097254 1021.9926458434244 113.57896038280045 6.7465323800288832  1.036729623209556 1021.944670828539 113.57343138468418 6.8382636016746812  1.0367296232096264 1021.8970079508535 113.56764764876175 6.9300765478774231  1.0367296232096121 1021.8483308767629 113.56205989498309 7.0238320702546666  1.036729623209615 1021.7999683463504 113.55623824913567 7.1176899863598653  1.0367296232095908 1021.7519179488468 113.55018402251331 7.2116475831411577  1.0367296232096568 1021.7041772994928 113.54389844094389 7.3057021592770957  1.0367296232095407 1021.656744043479 113.53738263709998 7.3998510252906522  1.0367296232097047 1021.6096158598841 113.53063764280358 7.494091503680016  1.0367296232095102 1021.562790465618 113.52366438133852 7.5884209290265048  1.0367296232096961 1021.5162656193568 113.51646365975483 7.6828366481275348  1.0367296232095573 1021.4700391254877 113.50903616117995 7.7773360201074206  1.0367296232096361 1021.424108838044 113.50138243712524 7.871916416543967  1.0367296232096055 1021.3784726646491 113.49350289979508 7.966575221586119  1.0367296232096115 1021.3322487151923 113.48574230607518 8.0624343402475365  1.036729623209514 1021.2863176459425 113.47777688064296 8.1583872855583977  1.0367296232100163 1021.24067806927 113.46960783722311 8.2544321801286529  1.0367296232086507 1021.1953286171508 113.46123635240622 8.3505671539590622  1.0367296232111973 1021.150267942993 113.4526635638383 8.4467903445526549  1.0367296232076815 1021.1054947234538 113.44389056841575 8.5430998970048329  1.0367296232113916 1021.0610076602673 113.43491842047169 8.6394939641298762  1.0367296232083494 1021.0168054820634 113.42574812997344 8.7359707065379357  1.0367296232102925 1020.9728869461914 113.41638066070817 8.8325282927664777  1.0367296232093464 1020.9292508405429 113.40681692847889 8.9291648993630819  1.0367296232096732 1020.8858959853736 113.39705779929302 9.0258787110034184  1.0367296232096115 1020.7989718916504 113.37766359150197 9.2197588258384933  1.0367296232095473 1020.713149652227 113.35757618794116 9.4139936756259566  1.0367296232098899 1020.6284162531223 113.33695917411399 9.6085617107469705  1.0367296232088907 1020.5448382825879 113.31480450359831 9.8034989884094479  1.0367296232109056 1020.462186390338 113.29386260192581 9.9987688682342419  1.0367296232079108 1020.3807867847277 113.27084061313575 10.19423504651254  1.0367296232112788 1020.3005417344981 113.24609651520045 10.390057224540547  1.0367296232083818 1020.221106768507 113.22300413497082 10.5863840124543  1.0367296232102869 1020.1428862449914 113.19819996089308 10.782929403580759  1.0367296232093479 1020.0657013085756 113.17310432758067 10.979832439189035  1.0367296232096728 1019.9895850832785 113.14749427557466 11.177059644399803  1.0367296232096115 1019.952114036603 113.13459287685349 11.274246341207894  1.0367296232096452 1019.9148968991101 113.1215913659771 11.37152232626044  1.0367296232094589 1019.8779345988747 113.10849058516118 11.468887176536899  1.036729623210016 1019.8412280641786 113.0952913725308 11.566340469082499  1.0367296232088461 1019.8047782235751 113.08199456215601 11.663881781013039  1.0367296232106873 1019.7685860059993 113.06860098408839 11.761510689507936  1.0367296232084868 1019.7326523408094 113.05511146439649 11.85922677181884  1.0367296232104857 1019.6969781579147 113.04152682520203 11.957029605261848  1.0367296232091121 1019.6615643878132 113.02784788471597 12.054918767223363  1.0367296232098113 1019.626411961707 113.01407545727425 12.152893835157185  1.0367296232095644 1019.5915218115632 113.00021035337397 12.250954386585729  1.0367296232096119 1019.557463052195 112.98610630260363 12.346923232554261  1.0367296232096532 1019.523648912133 112.97194736420417 12.442986613274776  1.0367296232094232 1019.4900811498845 112.95773317287765 12.539144335709874  1.0367296232100949 1019.4567615426795 112.94346337166857 12.635396211774196  1.0367296232087493 1019.423691885917 112.92913761210463 12.731742058011706  1.0367296232107348 1019.3908739925982 112.91475555433655 12.828181695260991  1.0367296232085053 1019.3583096927802 112.90031686727986 12.924714948338046  1.0367296232104426 1019.3260008330021 112.8858212287536 13.021341645698246  1.0367296232091416 1019.2939492757419 112.87126832562282 13.118061619118473  1.0367296232098 1019.2621568988451 112.85665785393735 13.21487470336357  1.0367296232095669 1019.2306255949749 112.84198951907346 13.311780735862348  1.0367296232096115 1019.2001961197069 112.82708618095882 13.405717725950618  1.0367296232096053 1019.1700024860381 112.81217338984587 13.499757346552887  1.036729623209659 1019.1400476084307 112.7972485221291 13.59389954407987  1.0367296232094354 1019.1103344486652 112.78230905937519 13.688144282619129  1.0367296232100203 1019.0808660128941 112.76735258379036 13.782491542347373  1.0367296232089787 1019.0516453486707 112.75237677368253 13.87694131795978  1.0367296232103016 1019.0226755420116 112.73737939893059 13.971493617075861  1.0367296232090597 1018.9939597144203 112.72235831644582 14.066148458671801  1.0367296232099366 1018.9655010199489 112.70731146564046 14.16090587148809  1.0367296232094776 1018.9373026422285 112.69223686389087 14.255765892456331  1.0367296232096432 1018.9093677915209 112.67713260200402 14.350728565113673  1.0367296232096115 1018.8828505330055 112.66146589917687 14.441809673699385  1.0367296232095935 1018.8565569777907 112.64585296177287 14.533010401849033  1.0367296232096979 1018.8304922770158 112.63028619730107 14.624330651853096  1.0367296232094014 1018.8046616555632 112.6147585095396 14.715770380974337  1.0367296232099523 1018.7790704044393 112.59926326361406 14.807329595474405  1.0367296232091803 1018.7537238731505 112.58379425109233 14.899008344570326  1.036729623210066 1018.7286274620868 112.56834565505521 14.990806714500295  1.036729623209216 1018.7037866148983 112.55291201519611 15.082724822448533  1.0367296232098768 1018.6792068108742 112.53748819289211 15.174762810621111  1.0367296232094885 1018.6548935573252 112.52206933629819 15.26692084018795  1.036729623209643 1018.6308523819589 112.50665084542611 15.359199085321855  1.0367296232096113 1018.6082238271878 112.49139695902014 15.446710421587378  1.0367296232095724 1018.5858220321765 112.4762005501201 15.534351774423518  1.0367296232097687 1018.5636542540907 112.46105222780288 15.622123184877584  1.0367296232092673 1018.5417277541901 112.44594332735923 15.710024748657679  1.0367296232101231 1018.5200497956557 112.43086585088182 15.798056608863519  1.0367296232090419 1018.4986276414982 112.41581240786377 15.886218948539046  1.0367296232101089 1018.4774685523433 112.4007761557819 15.974511983491261  1.0367296232092684 1018.4565797843709 112.38575074069817 16.062935954784237  1.0367296232097942 1018.4359685870953 112.37073023784332 16.151491121559115  1.0367296232095395 1018.415642201281 112.35570909221477 16.240177753585019  1.0367296232096288 1018.3956078567637 112.34068205916529 16.328996123991374  1.0367296232096115 1018.3777636731786 112.32374283351206 16.411977646742155  1.0367296232096634 1018.3600859272864 112.30708278864699 16.495164393703423  1.0367296232093886 1018.3425941286755 112.29065990390448 16.578554354822462  1.0367296232101486 1018.3253071418537 112.27443791780964 16.662145996085194  1.0367296232087291 1018.3082432487482 112.25838564722142 16.7459381910083  1.036729623210682 1018.2914202111421 112.24247630646862 16.829930152261831  1.0367296232086209 1018.2748553332021 112.22668682649547 16.914121363103611  1.0367296232103147 1018.2585655238984 112.21099717399687 16.998511509033793  1.0367296232092305 1018.2425673595313 112.19538967056265 17.083100409238764  1.036729623209762 1018.226877146169 112.17984831181545 17.167887948200466  1.0367296232095753 1018.211510982147 112.16435808655228 17.252874007199292  1.0367296232096121 1018.1966327206491 112.15204801990154 17.331389339061765  1.0367296232096228 1018.1820701632552 112.13967857860831 17.41002506342026  1.0367296232095566 1018.1678297656987 112.12724777485971 17.488781141839397  1.0367296232097294 1018.1539179863535 112.11475369416615 17.567657514934197  1.036729623209496 1018.140341286846 112.10219449073327 17.646654100512336  1.0367296232095933 1018.1271061328297 112.08956838282813 17.725770791750929  1.0367296232098095 1018.1142189945066 112.07687364815062 17.805007455339329  1.0367296232093401 1018.1016863474712 112.06410861920287 17.8843639296418  1.0367296232098153 1018.0895146732162 112.05127167865633 17.963840022860616  1.0367296232095187 1018.0777104599291 112.03836125472407 18.043435511184363  1.0367296232096335 1018.0662802030861 112.02537581652764 18.123150136953477  1.0367296232096121 1018.0606517885325 112.00091183967464 18.194046592681051  1.0367296232096188 1018.05428356537 111.97937219268815 18.26584859908192  1.0367296232095959 1018.0475260680998 111.959637350275 18.338440640099368  1.0367296232095946 1018.0406161520239 111.94106391266496 18.411759594501866  1.0367296232097709 1018.0337170930251 111.92330529428351 18.485774462747639  1.0367296232092356 1018.0269499129786 111.90617352352932 18.560470760486382  1.0367296232101153 1018.0204159309792 111.88954215368679 18.635839578403228  1.0367296232091556 1018.0142105401259 111.87329028493482 18.711871308775294  1.0367296232099037 1018.0084282101667 111.85728769749316 18.788554038356889  1.0367296232094825 1018.0031587157068 111.84142109586948 18.865876607924811  1.0367296232096437 1017.9984745902217 111.82566146423454 18.943836338245156  1.0367296232096119 1017.9902148493519 111.82113073518919 19.014134834074142  1.0367296232096104 1017.9821595932602 111.81775408884059 19.083897387719269  1.0367296232096337 1017.9745853193167 111.81627123594969 19.15325436388104  1.0367296232095138 1017.9637068389069 111.81358777803023 19.221569450421214  1.0367296232098417 1017.9626844809881 111.82374279940872 19.291612553317162  1.0367296232092429 1017.9397858266619 111.81543695966209 19.357142397560906  1.0367296232100414 1017.9455734009739 111.84463536792798 19.429170597028467  1.0367296232092369 1017.9180618773056 111.84410486364547 19.494434526652661  1.0367296232098522 1017.9128488113485 111.8912864016426 19.56784762938792  1.0367296232095025 1017.8839903019414 111.926845668502 19.637903343289633  1.0367296232096401 1017.8598191549002 112.07676167925213 19.727459835515713  1.0367296232096115 

0 6
6.2831853071795862 6

20.367651957915058 12
20.991788998633954 11
21.636528133750577 11
22.32371401651892 11
23.066134667599766 11
23.869426577070055 11
24.73421203381325 11
25.657760142606435 11
26.635117766123859 11
27.659845219980827 11
28.724491679777039 11
29.820906043647998 11
30.940444554751615 11
32.074113294094893 11
34.346695478683905 11
35.466659420804788 11
36.562963513781376 11
37.62599250492628 11
38.646164928123355 11
39.613996711981194 11
40.52019004075769 11
41.355770881768095 11
42.112321347591632 11
42.782405725164786 12

9 1 1 1 0 6 11 6 130 2 13 1019.0054905252599 111.5898510027712 19.670335959118113  1.6690784610682365 1018.9900560114189 111.56895274846023 19.819428387841072  1.6690784610682525 1018.974031288976 111.54856066522044 19.96863679140813  1.6690784610681435 1018.9572108055784 111.52883985948586 20.117995312676769  1.6690784610685394 1018.9392411029546 111.51005463845539 20.267558877394741  1.6690784610675757 1018.9197973901794 111.49252583649783 20.417393881245715  1.6690784610692171 1018.8985546833637 111.47665710746155 20.567583676802229  1.6690784610672207 1018.8750753089943 111.46302308331002 20.718246936529958  1.6690784610689771 1018.84873456814 111.4525122978178 20.869566967926318  1.669078461067879 1018.8188063587522 111.44651777615773 21.021830056960425  1.6690784610683214 1018.7508547478003 111.44781860192154 21.32911177488679  1.6690784610681735 1018.6690198608461 111.48821490768002 21.64443964043781  1.6690784610682776 1018.6256709385689 111.52076127779182 21.804635330643279  1.669078461068157 1018.5780425270073 111.57339390812186 21.968936049655674  1.6690784610683354 1018.5461799614779 111.6376326641272 22.135561930108707  1.6690784610681522 1018.495964724076 111.73997554290474 22.310002637819331  1.6690784610682878 1018.5206177335335 111.86411390909727 22.488591999394757  1.6690784610682123 1018.5583638342334 111.95360534915631 22.660247104793683  1.6690784610682456 1018.610222218296 112.02537934506654 22.828354856191773  1.6690784610682352 1018.6651908032024 112.07555727728061 22.992169836471234  1.6690784610682372 1018.7189031726934 112.10837903790781 23.152550846197578  1.6690784610682365 1018.6925734337945 112.01331820429583 23.44093017914615  1.669078461068195 1018.665257995758 111.91255882009662 23.727969624236536  1.669078461068414 1018.6377873829391 111.80554090171015 24.013520350185182  1.6690784610677645 1018.6111537525528 111.69194593443871 24.297486257722824  1.6690784610691469 1018.5868916276892 111.57154780284469 24.579784301994884  1.6690784610669744 1018.5669035822546 111.44481370519935 24.860485859875062  1.6690784610695102 1018.5529612733303 111.31331602688877 25.139919666270643  1.6690784610672786 1018.5461321094846 111.17951108418887 25.41863029689523  1.6690784610687728 1018.5464017366185 111.0459355879665 25.697199621047176  1.6690784610680229 1018.5527824159839 110.91436661367558 25.976052101196771  1.6690784610682865 1018.5642172620483 110.78598580162492 26.255478263582596  1.6690784610682361 1018.5604955906207 110.73227765081084 26.552565671583089  1.6690784610681841 1018.5573032717973 110.67798101923512 26.849565929754569  1.6690784610684466 1018.5546383420938 110.62307532489432 27.146472379464043  1.6690784610677454 1018.5524971215337 110.56753610363862 27.443277187994319  1.6690784610690288 1018.5508738142649 110.51133551885113 27.739971456211798  1.6690784610673113 1018.5497601091813 110.45444287244126 28.0365453254065  1.6690784610690486 1018.5491447805368 110.39682511387474 28.332988085400565  1.6690784610676916 1018.5490132885689 110.33844735160943 28.629288281069755  1.6690784610685137 1018.5493473801129 110.2792733620951 28.925433820496536  1.6690784610681366 1018.5501246892233 110.21926610081185 29.221412081744383  1.6690784610682583 1018.5513183377905 110.15838821190887 29.517210020583775  1.6690784610682361 1018.55117473428 110.07575333599728 29.807178063524852  1.6690784610681593 1018.5510163062529 109.99227704824794 30.096906030014345  1.669078461068557 1018.5508498750858 109.9079605220013 30.386391343059167  1.6690784610675478 1018.5506822379767 109.8228049294284 30.67563143219833  1.6690784610692373 1018.5505201681494 109.73681143983006 30.964623733227889  1.6690784610671296 1018.5503704150511 109.6499812191993 31.25336568757875  1.66907846106922 1018.5502397045608 109.56231542792005 31.541854742242684  1.6690784610675375 1018.5501347391842 109.47381522071657 31.830088349002757  1.6690784610686176 1018.550062198263 109.38448174435663 32.118063964381051  1.6690784610680884 1018.5500287381715 109.2943161372137 32.405779048981444  1.6690784610682696 1018.5500409925219 109.20331952755895 32.693231067248938  1.6690784610682365 1018.5499904873072 109.11807357965809 32.982404657453735  1.6690784610682372 1018.5499552377729 109.03198600874539 33.271330240919944  1.6690784610682514 1018.5499334301162 108.94505774627081 33.560005126137625  1.6690784610681806 1018.5499232501865 108.85728972357037 33.848426621210322  1.6690784610683542 1018.5499228834841 108.76868287218005 34.136592033866819  1.6690784610680742 1018.5499305151586 108.67923812334622 34.424498671425191  1.669078461068394 1018.5499443300085 108.58895640870141 34.712143840890661  1.6690784610681233 1018.5499625124779 108.49783865956491 34.999524848799602  1.6690784610683 1018.5499832466581 108.40588580757733 35.286639001416212  1.6690784610682059 1018.5500047162836 108.31309878426705 35.573483604558355  1.6690784610682476 1018.5500251047324 108.21947852132061 35.86005596372204  1.6690784610682365 1018.5500322946722 108.1243270570308 36.146120934489964  1.6690784610683367 1018.5500361980987 108.02834364060953 36.431909146359025  1.669078461067814 1018.5500373021038 107.93152917773901 36.717417918753505  1.6690784610693052 1018.5500360937606 107.83388457416416 37.002644571174251  1.6690784610663574 1018.5500330601236 107.73541073544217 37.287586423174965  1.6690784610706588 1018.5500286882298 107.63610856735123 37.572240794402319  1.6690784610659029 1018.5500234650956 107.53597897534576 37.856605004527708  1.669078461069939 1018.5500178777213 107.43502286514129 38.140676373347112  1.6690784610673026 1018.5500124130868 107.33324114219518 38.4244522206575  1.6690784610686047 1018.5500075581548 107.23063471207857 38.70792986637494  1.6690784610681499 1018.5500037998687 107.12720448025742 38.991106630446559  1.6690784610682361 1018.5500014165351 107.02418013528559 39.274431124974285  1.6690784610681544 1018.5499999717138 106.92033151857919 39.557455902896855  1.6690784610685785 1018.5499993349093 106.8156596449605 39.840178315964813  1.6690784610674891 1018.5499993756251 106.71016552920921 40.122595715971173  1.6690784610693574 1018.5499999633626 106.60385018620002 40.404705454572941  1.6690784610669371 1018.5500009676231 106.49671463067533 40.686504883590871  1.6690784610694638 1018.550002257905 106.38875987755364 40.967991354596514  1.6690784610672917 1018.5500037037074 106.27998694158438 41.249162219386939  1.6690784610688048 1018.5500051745261 106.17039683767017 41.530014829532021  1.6690784610679912 1018.550006539857 106.05999058062091 41.810546536727962  1.6690784610682987 1018.5500076691941 105.94876918530551 42.090754692576937  1.6690784610682365 1018.5500094867145 105.61478226065026 42.931250944183681  1.669078461068193 1018.5500090783271 105.27346024701434 43.768832425724923  1.6690784610684022 1018.550008279808 104.92493997899236 44.603474417734752  1.6690784610679152 1018.5500024119021 104.56859522878221 45.434827021755936  1.6690784610686544 1018.5500057125295 104.20592109469618 46.263439600975815  1.6690784610678109 1018.5500084112583 103.8358347604794 47.088780768197914  1.6690784610686129 1018.5500059561451 103.45800177844745 47.910618711090528  1.6690784610679492 1018.5500072575401 103.07353246305307 48.729330191485133  1.6690784610684122 1018.5500068923993 102.68172319896409 49.544549859599783  1.6690784610681597 1018.5500067857234 102.28286769210384 50.356311976238558  1.6690784610682565 1018.550006722066 101.8769586376627 51.164531621239746  1.669078461068237 1018.5500066866932 101.47105555319132 51.972754264472918  1.6690784610685001 1018.5500066942971 101.05809889697605 52.777434481988521  1.6690784610671854 1018.5500067165164 100.63812305504692 53.578503879589157  1.6690784610706555 1018.5500067368052 100.21116325609091 54.375894507370205  1.669078461064351 1018.5500067478873 99.777255521243944 55.169538839160168  1.669078461072883 1018.5500067492085 99.336436613712337 55.959369751904021  1.6690784610639984 1018.5500067443899 98.888743988769534 56.745320505018718  1.6690784610712071 1018.5500067386829 98.434215743143852 57.527324719917672  1.669078461066658 1018.5500067364205 97.97289056516702 58.305316359234808  1.6690784610688389 1018.5500067384725 97.504807684178502 59.079229706399857  1.6690784610681006 1018.5500067396977 97.030006820501171 59.848999344911007  1.669078461068235 1018.550006742419 95.130802928244293 62.928077629078089  1.6690784610682861 1018.5500067319126 93.124111376328841 65.940856472544269  1.6690784610680729 1018.550006727642 91.012518591408664 68.883178137453555  1.6690784610685705 1018.55000673218 88.798776796422899 71.750984294373325  1.6690784610677174 1018.5500067404572 86.485808729975048 74.540333968633718  1.6690784610689029 1018.5500067463787 84.076708516991175 77.24741806551441  1.6690784610675264 1018.5500067468297 81.574738689745686 79.868570473627969  1.6690784610688321 1018.5500067430439 78.983323360501004 82.400275747549045  1.6690784610678746 1018.5500067393638 76.306037544298988 84.839173368264142  1.6690784610683718 1018.5500067393646 73.546592633391001 87.18205858309436  1.669078461068227 1018.5500067393648 64.560306363938167 94.287492510875879  1.6690784610681926 1018.5500067393614 58.04408065585806 98.684054575471833  1.669078461068529 1018.5500067393671 51.199306674545433 102.58480362242911  1.6690784610674689 1018.5500067393677 44.067895678201886 105.96234986109449  1.6690784610695562 1018.5500067393618 36.694355734934035 108.79353158890913  1.6690784610665537 1018.5500067393623 29.125335399945676 111.05954752392691  1.6690784610698901 1018.5500067393657 21.409072872388577 112.74595609751783  1.6690784610669831 1018.5500067393675 13.594873924793689 113.84283175136335  1.6690784610689544 1018.5500067393622 5.732652069005205 114.34506822289278  1.669078461067943 1018.5500067393646 -2.1275254136405479 114.25251873550218  1.669078461068308 1018.5500067393646 -9.9360317819175279 113.56936294922473  1.6690784610682365 
1020.1511618956196 111.10294032629025 19.613212082720544  1.0367296232096121 1020.1274598472045 111.06359803911134 19.753704234725852  1.0367296232096288 1020.101839691387 111.02273909142033 19.894213485508708  1.03672962320953 1020.0738251121729 110.98026391382052 20.034722361834703  1.0367296232098522 1020.0426231796865 110.93593104581092 20.175186573318214  1.0367296232091303 1020.0073734732906 110.88960228214451 20.31558261362467  1.0367296232102885 1019.9670745912888 110.84122191051851 20.455904010518957  1.0367296232089431 1019.9203220355605 110.79072143885671 20.596143726129299  1.0367296232100773 1019.8649914595283 110.73804120858637 20.736300208041328  1.0367296232093985 1019.7980012677999 110.68346029269412 20.876444592808525  1.0367296232096574 1019.6325758439681 110.5733918569743 21.157328532147524  1.0367296232095857 1019.385376557589 110.47805562504615 21.442803764961724  1.0367296232096193 1019.2380156276807 110.43840684595179 21.587572288462944  1.0367296232096403 1019.051931746362 110.41156615626792 21.735401496873635  1.0367296232095098 1018.8615722559314 110.42179944361517 21.890978954450098  1.0367296232097953 1018.5878631678841 110.44005928466828 22.048827271457114  1.036729623209393 1018.3517958314858 110.60200826903676 22.235587007646323  1.0367296232097989 1018.1871690111745 110.75076747406057 22.419360025358053  1.0367296232094989 1018.0663208926096 110.90498333177959 22.603959734388503  1.0367296232096586 1017.984816855281 111.04294549904003 22.784965309905402  1.0367296232096015 1017.9311086977784 111.16185369634496 22.961821519505499  1.0367296232096121 1017.9623128236886 111.02168888034112 23.236397005288268  1.0367296232095551 1018.0008867718965 110.87529926872159 23.509654821858533  1.0367296232098528 1018.0486097972854 110.72332215377469 23.781688605792858  1.0367296232089869 1018.1070126071468 110.56689835060004 24.052704103933571  1.0367296232107766 1018.1780142129999 110.40814065058339 24.323117153982338  1.0367296232080176 1018.2627220310546 110.25045020203714 24.593640468123269  1.0367296232112402 1018.3602276715493 110.0981184916422 24.865209561277254  1.0367296232083603 1018.4674071865896 109.95517792626369 25.138727013192501  1.0367296232103298 1018.5799108750091 109.82398936325248 25.414733086310619  1.0367296232093202 1018.6937040721901 109.70458026140686 25.693239570517974  1.0367296232096823 1018.8056966817412 109.59627247122006 25.974092559771059  1.0367296232096119 1018.7750380812514 109.53818276593101 26.266588688922063  1.0367296232095677 1018.7444130525772 109.48007464495336 26.559155916259172  1.0367296232097927 1018.7138585823925 109.42196504784306 26.851796539076197  1.0367296232091805 1018.6834166468345 109.36386424600295 27.144511168414738  1.0367296232103349 1018.6531329512543 109.3057757187314 27.437298638140398  1.0367296232087186 1018.6230556699669 109.24769602965131 27.730155914596992  1.0367296232104553 1018.5932341860023 109.18961470256883 28.023078005388228  1.0367296232089986 1018.5637178308559 109.1315140980343 28.316057869237468  1.0367296232099483 1018.5345546242388 109.07336928918622 28.609086324749953  1.036729623209482 1018.5057900138287 109.01514793820365 28.902151960094763  1.0367296232096423 1018.4774656150199 108.95681017233173 29.195241042057795  1.0367296232096119 1018.4852294265988 108.87457371202777 29.481908420498129  1.0367296232095502 1018.4929810958749 108.79155862047389 29.768352197661521  1.0367296232098715 1018.5007259337251 108.70776613434587 30.054569815233009  1.0367296232090193 1018.5084692262265 108.62319745244373 30.340558711583327  1.0367296232105565 1018.5162162368866 108.5378537346713 30.626316321353706  1.0367296232084484 1018.5239722088901 108.45173610146588 30.911840074783115  1.0367296232107601 1018.5317423673206 108.36484563260801 31.197127397363538  1.0367296232087144 1018.5395319214127 108.27718336671012 31.48217570917884  1.0367296232101475 1018.5473460667741 108.18875030011286 31.766982424466427  1.0367296232093857 1018.5551899876318 108.09954738619174 32.051544951076146  1.0367296232096677 1018.563068859063 108.00957553443988 32.335860689946529  1.0367296232096121 1018.5609110169588 107.92525480058086 32.62186691407485  1.0367296232096486 1018.5587673952155 107.84010519751212 32.907629675077381  1.036729623209466 1018.5566362635519 107.75412765638472 33.193146281196029  1.0367296232099552 1018.5545158915005 107.66732310828611 33.478414040093  1.0367296232090466 1018.5524045483972 107.57969248420494 33.763430259130899  1.0367296232103071 1018.5503005033576 107.49123671509483 34.048192244928444  1.036729623208966 1018.5482020252726 107.40195673184216 34.332697303970541  1.0367296232100669 1018.5461073827815 107.31185346527599 34.616942741965815  1.036729623209373 1018.5440148442671 107.22092784622087 34.900925864430384  1.0367296232096999 1018.5419226778321 107.12918080543878 35.184643976278693  1.0367296232095942 1018.539829151289 107.03661327369713 35.468094382076991  1.0367296232096121 1018.5404026247638 106.94249375174776 35.751030417284341  1.0367296232096921 1018.5409728617711 106.8475516351612 36.033692816931016  1.0367296232092724 1018.5415403329835 106.7517878294847 36.316078900533299  1.0367296232104684 1018.5421055090527 106.6552032405541 36.5981859877405  1.036729623208106 1018.5426688606177 106.55779877445372 36.880011398433531  1.0367296232115664 1018.5432308582946 106.45957533758623 37.161552452572096  1.0367296232077035 1018.543791972694 106.36053383654885 37.442806470427747  1.0367296232110259 1018.5443526744042 106.26067517828824 37.72377077231554  1.0367296232088274 1018.5449134340092 106.16000026992522 38.004442678877972  1.0367296232099221 1018.5454747220779 106.05851001889968 38.284819510859876  1.0367296232095402 1018.5460370091722 105.95620533286512 38.564898589267401  1.0367296232096119 1018.5458829915013 105.85430868262438 38.845126173506948  1.036729623209564 1018.5457298865324 105.75159673089391 39.12505749028692  1.0367296232098124 1018.5455775680582 105.64807049091462 39.404689890782677  1.0367296232091705 1018.5454259098703 105.54373097627959 39.68402072626629  1.0367296232102761 1018.5452747857621 105.43857920085566 39.96304734805414  1.0367296232088441 1018.5451240695232 105.33261617893641 40.24176710759702  1.0367296232103282 1018.544973634946 105.22584292498921 40.520177356391898  1.0367296232090726 1018.5448233558179 105.11826045397913 40.798275446078264  1.0367296232099303 1018.5446731059277 105.00986978102546 41.076058728373916  1.0367296232094758 1018.5445227590603 104.90067192168669 41.35352455512858  1.036729623209647 1018.5443721889993 104.7906678917674 41.630670278304933  1.0367296232096121 1018.5444959199205 104.46033063873628 42.461978267194993  1.0367296232095926 1018.5446174785247 104.12273805991634 43.290404438445833  1.0367296232096848 1018.5445421063006 103.77802681754542 44.115926456027871  1.0367296232094829 1018.5454629935292 103.42557013837785 44.938182916281271  1.0367296232097529 1018.5447126036559 103.06686815297516 45.757740544833936  1.0367296232095036 1018.5443214016271 102.70082883678859 46.574066673867712  1.0367296232096823 1018.5449498679114 102.32711967395895 47.386918432643462  1.0367296232095702 1018.5446302773344 101.94685840971769 48.196677151257511  1.036729623209633 1018.5447133454174 101.5593297239615 49.002988410471104  1.0367296232096044 1018.5447219962246 101.16483368599769 49.805877771742459  1.0367296232096146 1018.5447306873496 100.76336177277311 50.60526225952438  1.0367296232096126 1018.5447283067149 100.36189587151526 51.404649766629959  1.0367296232097738 1018.544725967991 99.953452941314197 52.20053469508246  1.0367296232089638 1018.5447242078363 99.538067543230312 52.992848323694872  1.036729623211111 1018.5447232237841 99.115774743933684 53.781522984778555  1.0367296232071896 1018.5447229615728 98.68661016191399 54.566491869630589  1.0367296232125325 1018.5447232024817 98.250610014015876 55.347688834178697  1.0367296232069152 1018.5447236506589 97.807811161600654 56.125048204291318  1.0367296232115364 1018.544724020458 97.358251157027652 56.898504581612173  1.0367296232085637 1018.5447241237677 96.901968289944662 57.667992648762478  1.0367296232100229 1018.5447239573446 96.43900163363864 58.433446975140555  1.0367296232095184 1018.5447237901466 95.969391091402414 59.194801822277313  1.036729623209611 1018.5447239733433 94.090948481831518 62.240220939045876  1.0367296232096399 1018.5447241436367 92.106182682588525 65.220082458738304  1.0367296232095238 1018.544724148843 90.017663105813796 68.130251302098543  1.0367296232097787 1018.5447240227753 87.828118500757128 70.966706774389053  1.0367296232093783 1018.544723868726 85.54044095175513 73.725553948488894  1.0367296232098808 1018.5447237780501 83.157687247962144 76.403032713104892  1.0367296232093548 1018.5447237852237 80.683077624501067 78.995524485590153  1.0367296232098107 1018.544723857279 78.119991875556209 81.49955659021073  1.0367296232094974 1018.5447239203668 75.471962838687773 83.911804300683045  1.0367296232096523 1018.544723920324 72.742667251238885 86.229090548387532  1.0367296232096119 1018.5447239203392 63.85461521905826 93.256850912089632  1.0367296232095855 1018.5447239203942 57.409548175453089 97.605410095204007  1.0367296232097662 1018.5447239202414 50.639646933156726 101.46344279188165  1.0367296232092191 1018.5447239203168 43.586263189970012 104.80405264022252  1.0367296232102745 1018.5447239203622 36.293307869081787 107.60434409918155  1.0367296232087786 1018.5447239204071 28.806936801443051 109.84561646784789  1.0367296232104304 1018.5447239202754 21.174976223746754 111.51355151107492  1.0367296232089835 1018.5447239202722 13.446264973219307 112.59841039268485  1.036729623209981 1018.5447239203735 5.6700713962779972 113.09519261192213  1.0367296232094576 1018.5447239203523 -2.1042758751765049 113.00364662192416  1.0367296232096508 1018.5447239203259 -9.8274229922205976 112.32795880245733  1.0367296232096121 
1020.9207447145279 112.42649029539916 19.862971524790382  1.0383466998475064 1020.9201448326673 112.37418169212447 20.000991445162612  1.038346699847525 1020.919934269401 112.31849196354531 20.138680989180301  1.0383466998474169 1020.9199295977678 112.25895082688329 20.275945591439587  1.0383466998477606 1020.9199104331709 112.19470767884988 20.41261433537894  1.0383466998470126 1020.9195161951405 112.1249057429112 20.548514860294475  1.0383466998481796 1020.9182255038244 112.04860053205995 20.68345701194513  1.0383466998468538 1020.9153037117388 111.9644571121618 20.81717235143136  1.0383466998479558 1020.9096040713534 111.87046065361132 20.949256636722524  1.0383466998473054 1020.8991080390415 111.76387475617628 21.079162391387271  1.0383466998475419 1020.8610723928846 111.51948931265736 21.33341495881379  1.0383466998474997 1020.7619208808824 111.20411241562311 21.574868372223889  1.038346699847484 1020.6908967974713 111.02798276226558 21.692262124191004  1.0383466998476747 1020.5852860998779 110.82188551533629 21.804042768009417  1.0383466998470856 1020.4403293549265 110.63221768734962 21.919483771738378  1.0383466998481692 1020.240505321771 110.36752157523752 22.020254746908023  1.0383466998467654 1019.9191752898214 110.21879363534688 22.144880581931346  1.0383466998481108 1019.650690294907 110.13070413965337 22.281245266184506  1.0383466998471502 1019.4010858878476 110.0873701166213 22.426265362482816  1.0383466998476498 1019.1893841814946 110.07249621082754 22.576524282355024  1.038346699847474 1019.0118862538141 110.07356673986524 22.729499782434232  1.0383466998475064 1019.1094242626381 109.99670417021258 23.016132524988883  1.03834669984745 1019.2161792000207 109.923581547271 23.303857279591995  1.0383466998477404 1019.3325542949125 109.85614618674691 23.59310005871383  1.0383466998469189 1019.4583132512313 109.79639044418266 23.884299170358844  1.0383466998485607 1019.592471639681 109.74721510487936 24.178104483536409  1.0383466998461102 1019.7323078803885 109.71147030287473 24.475165928587302  1.0383466998488891 1019.8730829244593 109.69059500152963 24.775822522730174  1.0383466998464712 1020.009072079006 109.68378888917809 25.079901172395132  1.0383466998480859 1020.1355267568224 109.68816338044738 25.386732468226839  1.0383466998472757 1020.2501982682637 109.69983123358331 25.695388649252635  1.0383466998475601 1020.3520701095407 109.7154071296102 26.005046877011488  1.0383466998475062 1020.3241244683605 109.62427126853802 26.289198266891034  1.0383466998474664 1020.2954228054487 109.53262867615581 26.57320218247019  1.0383466998476649 1020.2659597239024 109.44054905116788 26.85707092018589  1.0383466998471318 1020.2357393057599 109.34810300057002 27.140817428557831  1.0383466998481312 1020.2047745486963 109.25536077633178 27.424454968565684  1.0383466998467306 1020.1730868027113 109.16239101293435 27.707996773719451  1.038346699848248 1020.1407052068298 109.06925946365216 27.991455710537885  1.038346699846957 1020.1076661257864 108.97602773833842 28.274843938599652  1.038346699847815 1020.0740125867269 108.88275203972955 28.558172570946475  1.0383466998473838 1020.0397937158943 108.78948190095262 28.841451334260057  1.0383466998475355 1020.0050641753268 108.69625892223048 29.124688229150863  1.0383466998475062 1020.0145439534454 108.62353051463208 29.41339624908175  1.0383466998474487 1020.0239435125732 108.55002774765941 29.701911228014112  1.0383466998477489 1020.0332678679572 108.47575006452595 29.99023012046959  1.0383466998469504 1020.0425220596287 108.40069686799472 30.278349862723225  1.0383466998483959 1020.0517111545156 108.32486752208453 30.566267373241224  1.038346699846405 1020.0608402485553 108.24826135382315 30.853979552723395  1.0383466998485973 1020.0699144688085 108.17087765501213 31.141483284666222  1.0383466998466502 1020.0789389755705 108.09271568386538 31.428775435384559  1.0383466998480184 1020.0879189644861 108.01377466689294 31.71585285447771  1.0383466998472906 1020.0968596686608 107.93405380048566 32.002712375010177  1.0383466998475583 1020.105766360775 107.85355225276145 32.289350813833366  1.0383466998475064 1020.1033331918621 107.76687251842989 32.57413822188542  1.0383466998475159 1020.1009092565239 107.67936691154318 32.858675247230877  1.0383466998474762 1020.0984928288492 107.59103646344028 33.142959222729615  1.038346699847565 1020.0960821834808 107.50188220553292 33.426987481482115  1.0383466998474298 1020.0936755956002 107.41190516886817 33.710757356990079  1.0383466998475763 1020.0912713409133 107.32110638484338 33.99426618287373  1.0383466998474631 1020.088867695635 107.2294868841654 34.277511293292143  1.0383466998475195 1020.0864629364761 107.13704769800876 34.560490022449038  1.0383466998475117 1020.0840553406264 107.04378985689505 34.843199705078796  1.0383466998474968 1020.081643185742 106.94971439152322 35.125637676070383  1.0383466998475108 1020.0792247499293 106.85482233223321 35.4078012707065  1.0383466998475064 1020.0798852620009 106.76152122475533 35.690491946137698  1.0383466998475979 1020.080542194991 106.6673982875445 35.972911388699082  1.0383466998471216 1020.0811960170267 106.57245440682055 36.255056911628863  1.0383466998484665 1020.0818471962564 106.4766904692214 36.536925828038015  1.0383466998458322 1020.0824962008461 106.38010736165216 36.818515451406647  1.0383466998496604 1020.0831434989893 106.28270597153181 37.099823094773797  1.0383466998454205 1020.0837895588983 106.18448718646715 37.380846071845397  1.0383466998490389 1020.084434848816 106.08545189459099 37.661581695800244  1.0383466998466619 1020.0850798370086 105.98560098427765 37.94202728037105  1.0383466998478375 1020.0857249917736 105.88493534432914 38.222180139073387  1.0383466998474298 1020.0863707814374 105.78345586387701 38.50203758566785  1.0383466998475062 1020.0861943948366 105.68155081368184 38.781740130083243  1.0383466998474546 1020.0860188920152 105.57883196527686 39.061146400981308  1.0383466998477235 1020.0858441473891 105.47530033669625 39.340253751186481  1.038346699847013 1020.0856700353778 105.37095694631392 39.619059533635379  1.0383466998482898 1020.0854964304023 105.26580281293224 39.897561101412066  1.0383466998465365 1020.0853232068869 105.15983895559759 40.175755807739847  1.0383466998484765 1020.0851502392566 105.05306639388635 40.453641005959291  1.0383466998467306 1020.0849774019383 104.94548614752711 40.731214049629656  1.0383466998479831 1020.0848045693599 104.83709923679018 41.008472292394423  1.0383466998472983 1020.0846316159498 104.72790668215418 41.285413088132572  1.0383466998475592 1020.0844584161365 104.61790950452155 41.56203379086115  1.0383466998475064 1020.0846003334951 104.28825554244517 42.392030005730867  1.0383466998474951 1020.0847400702966 103.95135767296111 43.219150543296038  1.0383466998475457 1020.0846536398564 103.6071289848679 44.043277838692752  1.0383466998474544 1020.0857123376132 103.25630545105373 44.864629491739002  1.0383466998475315 1020.0848498491061 102.89733364053512 45.682482106459588  1.0383466998475157 1020.0844000633555 102.53145111028589 46.497269724395807  1.0383466998474937 1020.0851223540558 102.15907764387072 47.309080570595519  1.0383466998475033 1020.0847550446663 101.77907350036381 48.117360520550633  1.0383466998475173 1020.084850522499 101.39227754867449 48.922384703404745  1.0383466998474999 1020.0848604766636 100.99844002742553 49.723958351687784  1.0383466998475082 1020.0848704706605 100.59763814563976 50.522032805224995  1.0383466998475068 1020.0848677410079 100.19683001626012 51.320104121101778  1.0383466998476771 1020.0848650531013 99.789056260121015 52.114678765611629  1.03834669984682 1020.0848630276901 99.37435207735183 52.905688304022078  1.0383466998490989 1020.0848618941673 98.952752741463655 53.693065240011968  1.0383466998449205 1020.0848615912827 98.524293757972885 54.476742847889561  1.0383466998506394 1020.0848618678449 98.089011023073539 55.256655004710723  1.0383466998446118 1020.0848623834376 97.646940982306305 56.032736022469038  1.0383466998495521 1020.084862809119 97.198120789140518 56.804920480290356  1.0383466998464177 1020.0848629281398 96.742588463743374 57.573143056532238  1.0383466998479181 1020.0848627366435 96.280383051504771 58.337338361035151  1.0383466998474151 1020.0848625443798 95.811544781791113 59.097440767223638  1.0383466998475053 1020.0848627544358 93.936192160820454 62.13785067440692  1.0383466998474835 1020.0848629516365 91.954689648558187 65.112813396169614  1.0383466998476298 1020.0848629582539 89.869603951363615 68.018197103065731  1.038346699847146 1020.0848628127476 87.683660358532904 70.849986720610374  1.0383466998482103 1020.0848626345418 85.399746504260193 73.60429424835786  1.0383466998465165 1020.0848625294876 83.020913721279072 76.27736693199779  1.0383466998485416 1020.0848625376638 80.550375988301326 78.865593288591995  1.0383466998466897 1020.0848626210047 77.99150646838271 81.365506984487467  1.0383466998479853 1020.0848626940299 75.347831641498374 83.773788566819434  1.0383466998473114 1020.0848626939804 72.62302302813049 86.087265047303617  1.0383466998475483 1020.0848626939978 63.749590709758046 93.103465640131105  1.03834669984743 1020.0848626940615 57.315113856922949 97.444880792788567  1.0383466998478044 1020.0848626938852 50.556355552534043 101.29655622697955  1.0383466998468032 1020.0848626939714 43.514584218060662 104.63166901581687  1.0383466998486861 1020.0848626940251 36.233621906404181 107.42736322950229  1.0383466998459985 1020.0848626940759 28.759551118948842 109.66495313606873  1.0383466998490094 1020.0848626939247 21.140136781810533 111.33013885535301  1.0383466998463453 1020.0848626939201 13.424148240801202 112.41320934040576  1.0383466998481823 1020.0848626940378 5.6607578254607418 112.9091798304844  1.0383466998472284 1020.0848626940129 -2.1008157618038652 112.81778318599049  1.0383466998475741 1020.0848626939826 -9.8112592852982985 112.1432067869127  1.0383466998475064 
1020.109640980406 114.13262522192524 20.141061188911586  0.85353433019614966 1020.1385292112918 114.09289867276397 20.287895663397478  0.85353433019616998 1020.1713857200964 114.05080603918961 20.434237950313715  0.85353433019605418 1020.2086103575645 114.00590530135145 20.579995039446771  0.85353433019641756 1020.2510095851057 113.95748172476412 20.725016785950338  0.85353433019562952 1020.2993110542419 113.90466517541856 20.869121512858243  0.85353433019686364 1020.354242946976 113.84635783842373 21.012080926619056  0.85353433019544878 1020.4168432422625 113.78099186064819 21.153569635297409  0.85353433019663716 1020.4886640737985 113.70613643556075 21.293084557590895  0.85353433019592684 1020.5715363443057 113.61797385130473 21.429839512393336  0.85353433019619496 1020.7615831787429 113.40335418890319 21.695441042158237  0.85353433019612679 1020.9932311425978 113.07778580924879 21.938260024064803  0.85353433019615021 1021.1164329024358 112.88019913552375 22.052544583518113  0.85353433019620906 1021.2519276004042 112.62654907015596 22.155379956885554  0.85353433019598124 1021.344443029207 112.3401603711589 22.251660060392936  0.85353433019642622 1021.4876097471545 111.94819882391147 22.326294012916478  0.85353433019583691 1021.4249873123468 111.49551065013765 22.389361406776771  0.85353433019640201 1021.3262376137488 111.13727452165973 22.471331309468958  0.85353433019600444 1021.18839353633 110.8269611895864 22.562893583787826  0.8535343301962065 1021.0415358546057 110.57524530984347 22.66609832079704  0.85353433019613678 1020.8975031206926 110.37048280016543 22.778585429913136  0.85353433019614966 1020.9771443512695 110.40275284206302 23.092583439550737  0.85353433019612579 1021.0569812430489 110.44764576621387 23.40963289970054  0.85353433019624769 1021.1350847878105 110.50667840873234 23.73012796623447  0.85353433019589475 1021.2090816296964 110.58070377944719 24.054317828755252  0.85353433019663316 1021.2751073856552 110.67032087188997 24.382415788387149  0.85353433019548319 1021.3282858578991 110.77422267905757 24.714210623364657  0.85353433019682234 1021.3641007543079 110.88806390540741 25.048783604083454  0.8535343301956434 1021.3799718442547 111.00506922603313 25.384622629729762  0.85353433019643288 1021.3762927891732 111.11824230183711 25.72011307483227  0.85353433019603697 1021.3561331987062 111.22267512037249 26.054073043784442  0.85353433019617608 1021.3227527750893 111.31509658995867 26.385688847323664  0.85353433019614944 1021.331039390173 111.20223418299946 26.668751821698898  0.85353433019609737 1021.3385444150996 111.08774286030913 26.951287335260439  0.85353433019636105 1021.345178340023 110.97168848331914 27.233304629044028  0.85353433019564662 1021.3508563739341 110.85414758636736 27.514816171597595  0.85353433019698244 1021.3554995426159 110.7352059742193 27.795837363558881  0.85353433019513758 1021.3590357865753 110.61495731956916 28.07638624291458  0.85353433019708047 1021.3614010590082 110.49350176045391 28.356483189275224  0.85353433019549441 1021.3625404237268 110.37094449792785 28.636150629314209  0.85353433019649994 1021.362409153122 110.24739439331672 28.915412741065502  0.85353433019601421 1021.3609738260989 110.12296256594755 29.194295159152219  0.85353433019618152 1021.3582134260294 109.99776099047679 29.472824679387507  0.85353433019614944 1021.3591292882742 109.93237191614365 29.767381265081234  0.85353433019610003 1021.3599053976479 109.86613277617825 30.061749223756621  0.85353433019635694 1021.3605484318296 109.79904145467481 30.355925084506197  0.85353433019567648 1021.3610651349627 109.73109583935215 30.649905358461247  0.85353433019689928 1021.3614623171115 109.66229382500298 30.943686539576653  0.85353433019523983 1021.3617468536846 109.59263331678866 31.237265106258782  0.85353433019702452 1021.3619256849081 109.52211223369471 31.530637521710005  0.85353433019548652 1021.3620058152367 109.45072851188635 31.823800235873264  0.85353433019653357 1021.3619943128289 109.37848010806098 32.116749685736032  0.85353433019599001 1021.3618983089681 109.30536500289099 32.40948229701452  0.85353433019618863 1021.3617249975205 109.23138120434734 32.701994484893078  0.85353433019614966 1021.3617242194551 109.14158816427772 32.989773870229094  0.85353433019616909 1021.3617298684993 109.05095562784962 33.277291431569189  0.8535343301960695 1021.3617401169438 108.95948470942457 33.564544522458689  0.8535343301963455 1021.3617531380328 108.86717652344072 33.851530497380494  0.85353433019580671 1021.3617671059756 108.77403218424067 34.138246712120008  0.85353433019660452 1021.3617801959381 108.68005280629492 34.424690523114094  0.85353433019568492 1021.3617905840605 108.58523950378418 34.710859288338035  0.85353433019651215 1021.3617964474475 108.48959339104164 34.996750366282058  0.85353433019593916 1021.3617959641823 108.39311558203843 35.282361116885959  0.85353433019623381 1021.3617873133235 108.29580719074642 35.567688900819512  0.85353433019613112 1021.3617686749119 108.19766933084685 35.852731079905837  0.85353433019614966 1021.3617863207446 108.10374092246363 36.139168129013008  0.8535343301962165 1021.3618000417531 108.00897950599085 36.42533198529739  0.85353433019586278 1021.3618103246871 107.91338595188506 36.711219956645635  0.85353433019687464 1021.3618176563522 107.81696113082702 36.996829350724049  0.8535343301948719 1021.3618225235952 107.71970591323318 37.282157475088553  0.85353433019780967 1021.3618254133287 107.62162117011601 37.567201636971248  0.85353433019452674 1021.3618268124986 107.5227077718873 37.851959143623127  0.85353433019735336 1021.3618272081184 107.42296658973927 38.136427301879102  0.8535343301954802 1021.3618270872395 107.32239849435149 38.420603418609396  0.85353433019641489 1021.3618269369721 107.22100435689259 38.704484800350336  0.8535343301960876 1021.3618272444736 107.1187850484077 38.9880687535466  0.85353433019614944 1021.3618237720699 107.01544990952212 39.271246578444824  0.85353433019612968 1021.3618211921635 106.91129089181014 39.554123771977245  0.85353433019622715 1021.361819374272 106.80630901916298 39.83669768906001  0.85353433019600355 1021.3618181879225 106.70050531563059 40.118965684635576  0.85353433019631419 1021.3618175026348 106.59388080490203 40.400925113743121  0.85353433019602742 1021.3618171879478 106.48643651120892 40.682573331401883  0.85353433019621283 1021.3618171133862 106.37817345805206 40.963907692764117  0.85353433019612501 1021.361817148495 106.26909266966382 41.244925552949717  0.85353433019616054 1021.3618171628096 106.15919516962622 41.525624267191823  0.85353433019614278 1021.3618170258775 106.04848198193328 41.806001190731671  0.85353433019615277 1021.3618166072453 105.93695413033223 42.086053678877782  0.85353433019614966 1021.361819668812 105.60325782197752 42.926563623933774  0.85353433019614811 1021.3618204753926 105.26222636214739 43.764161369943928  0.85353433019614278 1021.3618190369185 104.91358865618503 44.598647800329836  0.85353433019621749 1021.3618218262894 104.55920534347982 45.43073259051193  0.85353433019594549 1021.3618180439929 104.19499809812228 46.258606354445099  0.85353433019650082 1021.3618170451942 103.82413751155131 47.083502081638265  0.8535343301957421 1021.3618204929791 103.4476614172726 47.905795036488279  0.85353433019648839 1021.3618187940842 103.06255874725517 48.724153777167992  0.85353433019594571 1021.3618192138907 102.67096501967045 49.539358882592026  0.85353433019623492 1021.3618191910313 102.27216894834604 50.351044839262379  0.85353433019612934 1021.3618192110113 101.86631999054728 51.15918883574507  0.85353433019614988 1021.3618191532335 101.46045462060432 51.967324589738254  0.85353433019628155 1021.3618191384107 101.04753643063279 52.771918257299205  0.85353433019561731 1021.3618191435902 100.62760092692214 53.572902052582144  0.8535343301973829 1021.3618191542722 100.20068375816314 54.370208264550115  0.85353433019415037 1021.3618191627405 99.766820844636328 55.163769330342831  0.85353433019857561 1021.3618191663461 99.326048507857905 55.953517909216302  0.85353433019388825 1021.3618191658587 98.878403599612312 56.739386955564335  0.85353433019777813 1021.3618191637387 98.423923631658425 57.521309793126044  0.85353433019525904 1021.3618191624854 97.962646904822151 58.299220187949985  0.85353433019649771 1021.3618191629256 97.494612638553718 59.073052422419387  0.85353433019607028 1021.3618191625397 97.019861100194632 59.84274136854296  0.85353433019614877 1021.3618191669875 95.120856149617026 62.921497894975261  0.8535343301961601 1021.3618191582106 93.114374671161897 65.933962089231841  0.85353433019612457 1021.3618191540305 91.003002611933468 68.875976206951606  0.85353433019618097 1021.3618191573194 88.789492031540888 71.743482313807476  0.85353433019611868 1021.3618191640437 86.476765579617947 74.532540010074925  0.85353433019618907 1021.3618191690414 84.067917206684925 77.239340791805759  0.8535343301960937 1021.3618191695564 81.566209110472897 79.860219050211271  0.85353433019620772 1021.3618191664963 78.975064914675528 82.391659706760805  0.85353433019611036 1021.3618191634547 76.298059083857922 84.830302487320736  0.8535343301961632 1021.361819163455 73.538902570538909 87.172942831504571  0.85353433019615188 1021.3618191634554 64.553555974705105 94.277633761763383  0.8535343301961309 1021.3618191634525 58.038010945058765 98.673736648059048  0.85353433019624747 1021.3618191634571 51.193953169414108 102.5740770853796  0.85353433019591429 1021.361819163458 44.063288553971205 105.95127000388766  0.85353433019651659 1021.3618191634529 36.690519454359858 108.7821562465376  0.85353433019573322 1021.3618191634534 29.122289712859896 111.04793549352641  0.85353433019651137 1021.3618191634558 21.406833587511322 112.73416735563714  0.85353433019590408 1021.3618191634577 13.593452384656501 113.83092806134533  0.85353433019627878 1021.3618191634532 5.7320534446493951 114.33311235966899  0.85353433019609959 1021.3618191634553 -2.1273030168728937 114.24057247132484  0.85353433019616154 1021.361819163455 -9.9349928690595348 113.55748812088817  0.85353433019614966 
1018.3004041528458 113.54013582107768 19.993623310492346  1.0383466998475068 1018.3187134946509 113.53001178197808 20.151313491035665  1.0383466998475286 1018.3404492799874 113.52113316910872 20.308899441194789  1.0383466998473994 1018.3660473632789 113.51363505728014 20.466404650150167  1.0383466998478148 1018.3962925044226 113.50782361777942 20.623885125061086  1.0383466998469022 1018.4320491969933 113.50389197402251 20.781374126143113  1.0383466998483395 1018.474343140925 113.50194628539781 20.938886943272706  1.0383466998466937 1018.5246509770653 113.50212254943243 21.096442658098681  1.0383466998480679 1018.5852559009376 113.50457460957308 21.254059833762163  1.0383466998472535 1018.6595267731112 113.5091138592438 21.411683076336239  1.0383466998475563 1018.8444299139392 113.51944839977835 21.726311744411056  1.0383466998474848 1019.1234942275929 113.5145143428455 22.036043083289201  1.0383466998475011 1019.2903628676537 113.50350697737554 22.188721325825341  1.0383466998476125 1019.5014228077076 113.479178402803 22.338175048040249  1.0383466998472146 1019.7189748344466 113.41303004456813 22.478885628489273  1.0383466998479882 1020.0303183291504 113.3406457941951 22.61760615491724  1.0383466998469613 1020.3052989977874 113.10543869552026 22.723544987214915  1.0383466998479458 1020.4996744594008 112.88179398509334 22.832193994908117  1.0383466998472568 1020.6450784865293 112.64990174194759 22.939494247060715  1.0383466998476041 1020.7455123164681 112.43425072175765 23.050435422645279  1.0383466998474857 1020.8137029617246 112.23842728305783 23.165729406359169  1.0383466998475068 1020.7796514733069 112.26472500667757 23.483933838290447  1.0383466998474595 1020.7357064492288 112.29596628669785 23.803179464557225  1.0383466998477007 1020.6801012142671 112.33136007027798 24.123337733317932  1.0383466998470179 1020.6113677189425 112.36956098325257 24.444156580621474  1.0383466998483952 1020.5276421451005 112.40812034333841 24.765144847888195  1.0383466998463233 1020.4280215704994 112.44317785319856 25.085485625764328  1.0383466998486786 1020.313896658144 112.46995344108427 25.404130124144302  1.0383466998466326 1020.1891290429966 112.48404201381864 25.720086435526504  1.0383466998479942 1020.0588857960862 112.48295719277294 26.032780311797246  1.0383466998473119 1019.9278870529101 112.46681339952234 26.342227842994347  1.0383466998475535 1019.7997666003467 112.43647896319797 26.648622680903081  1.0383466998475066 1019.8334301864328 112.35536444438458 26.943275087485361  1.0383466998474766 1019.8674716837314 112.27243936080529 27.237418080312139  1.0383466998476316 1019.9017966098637 112.18768759323649 27.531043472048395  1.0383466998472053 1019.9363046237586 112.10110030244002 27.824144899142475  1.0383466998480175 1019.9708909312927 112.01267611616892 28.116717935529699  1.0383466998468713 1020.0054476909321 111.92242131615416 28.408760205266304  1.0383466998481081 1020.0398654193735 111.83035002518908 28.700271496685616  1.0383466998470694 1020.0740343971837 111.73648439401846 28.991253874781279  1.0383466998477489 1020.1078460744429 111.64085478848796 29.281711795297696  1.0383466998474111 1020.1411944763836 111.54349997643652 29.571652217457682  1.0383466998475297 1020.1739776090328 111.44446731478365 29.861084717587254  1.0383466998475066 1020.1653718165135 111.37082766457225 30.157341905015365  1.0383466998474566 1020.1566796703349 111.29627006534253 30.453368369987288  1.0383466998477164 1020.1479096405072 111.22079381553442 30.74916102429853  1.0383466998470361 1020.1390702232496 111.14439825680233 31.044716784046912  1.0383466998482422 1020.1301699384539 111.06708277502463 31.340032570284585  1.0383466998466155 1020.1212173271408 110.98884680090298 31.635105309408011  1.0383466998483752 1020.1122209489267 110.90968981118351 31.929931933953966  1.0383466998468325 1020.1031893794773 110.82961132910026 32.224509382876889  1.038346699847907 1020.094131207975 110.74861092562544 32.518834602377829  1.0383466998473392 1020.0850550345748 110.66668822002669 32.812904546245065  1.038346699847547 1020.0759694678674 110.58384288091258 33.106716176550918  1.0383466998475068 1020.0783561281585 110.49504702851594 33.39874787648327  1.0383466998475097 1020.080754389971 110.40539613350953 33.690518801702204  1.0383466998475055 1020.0831623363679 110.31489122788618 33.982026285677179  1.0383466998474935 1020.0855780505918 110.22353334369095 34.273267662422299  1.0383466998475532 1020.0879996160832 110.13132351312512 34.564240266432357  1.0383466998474227 1020.0904251164976 110.03826276835642 34.854941432742741  1.0383466998476143 1020.0928526357224 109.94435214173677 35.14536849685971  1.0383466998473994 1020.0952802578956 109.84959266556413 35.435518794788926  1.0383466998475899 1020.0977060674217 109.75398537226371 35.725389663006332  1.0383466998474611 1020.1001281489903 109.65753129424735 36.014978438466457  1.0383466998475204 1020.1025445875929 109.56023146397999 36.304282458573788  1.0383466998475068 1020.1019099152387 109.46457013310845 36.594129528916248  1.0383466998475848 1020.1012715493397 109.36806557035074 36.88369822279347  1.0383466998471766 1020.1006299955775 109.27071866227749 37.172985853242629  1.0383466998483366 1020.0999857596565 109.17253029522546 37.461989733016061  1.0383466998460551 1020.0993393472933 109.07350135504839 37.750707174878748  1.0383466998493702 1020.0986912642297 108.97363272753847 38.039135491097802  1.0383466998457205 1020.0980420162116 108.87292529788854 38.327271994092087  1.0383466998487971 1020.097392109009 108.77137995125931 38.615113995746832  1.0383466998468101 1020.0967420483953 108.66899757231451 38.902658807961295  1.0383466998477748 1020.0960923401593 108.56577904553905 39.189903742286134  1.0383466998474455 1020.0954434900962 108.46172525507583 39.476846110093291  1.0383466998475066 1020.0956139163903 108.35724097987611 39.763631802306314  1.0383466998474604 1020.0957852854959 108.25192239003033 40.050113332234098  1.038346699847702 1020.0959574620227 108.14577050717882 40.336288054017018  1.038346699847067 1020.0961303105787 108.038786352438 40.622153321775052  1.0383466998481983 1020.0963036957751 107.93097094685491 40.907706489401249  1.0383466998466562 1020.0964774822188 107.82232531060762 41.192944910896784  1.0383466998483577 1020.0966515345244 107.71285046415545 41.477865939883664  1.0383466998468216 1020.0968257173007 107.60254742690273 41.762466930148982  1.038346699847932 1020.0969998951643 107.49141721847408 42.046745235115146  1.0383466998473203 1020.0971739327298 107.37946085773689 42.330698208234267  1.0383466998475541 1020.0973476946165 107.26667936340496 42.614323202733416  1.0383466998475068 1020.0972107757949 106.92867799661678 43.465334499334489  1.0383466998474968 1020.0970715538439 106.58325029077119 44.313394750977004  1.0383466998475424 1020.0971556858436 106.2303097288477 45.158380941424873  1.0383466998474569 1020.0960947408012 105.87059353130654 46.000536984943487  1.0383466998475415 1020.0969560675563 105.50253675750548 46.839099774524229  1.0383466998474873 1020.0974071982064 105.12739802538769 47.674506281050633  1.0383466998475372 1020.0966864669649 104.74559270004475 48.506870021602055  1.0383466998474635 1020.0970530907695 104.35596404518816 49.33562642362206  1.0383466998475446 1020.0969577429732 103.95937770043102 50.161025616061053  1.0383466998474866 1020.0969476673205 103.55556935031399 50.982892728416999  1.0383466998475126 1020.096937637677 103.14461899016933 51.801174652811468  1.0383466998475073 1020.0969402720277 102.73366228637641 52.619453391306656  1.0383466998476882 1020.0969429505623 102.31556488974294 53.434144321587482  1.0383466998467747 1020.0969450017353 101.89036160004341 54.245179756792595  1.0383466998492132 1020.0969461653085 101.45808806142713 55.052491555144172  1.0383466998447153 1020.0969464874898 101.0187807001823 55.856011349952993  1.0383466998509243 1020.0969462160765 100.57247666233864 56.655670779209714  1.0383466998443043 1020.0969456955916 100.11921375155777 57.451401715733439  1.0383466998498085 1020.0969452624287 99.659030366612711 58.243136496707464  1.0383466998462587 1020.0969451399886 99.19196543934541 59.030808153766877  1.0383466998479887 1020.0969453338226 98.71805837216931 59.814350642681603  1.0383466998473976 1020.0969455267708 98.237348975923084 60.593699073277662  1.0383466998475057 1020.0969453240497 96.314511855871388 63.711093082437095  1.0383466998474962 1020.0969451077315 94.282861508402902 66.761343186687526  1.0383466998475765 1020.0969450926729 92.14500355492828 69.74026573260852  1.038346699847293 1020.0969452458845 89.903716972884467 72.643759568910696  1.0383466998479276 1020.0969454389452 87.56195950800435 75.467831376782712  1.0383466998469164 1020.096945554827 85.12286788593525 78.208616368657175  1.0383466998481232 1020.0969455476255 82.58975282619916 80.862394355511398  1.0383466998470183 1020.0969454575066 79.966088854479921 83.425601182279991  1.0383466998477968 1020.0969453778218 77.255498917763219 85.894835532207509  1.0383466998473858 1020.0969453778722 74.461733798006577 88.266861098957008  1.0383466998475346 1020.0969453778554 65.363623475861289 95.460714023679117  1.0383466998474515 1020.0969453777851 58.766394947761093 99.911919732924176  1.0383466998477326 1020.0969453779726 51.836390263206148 103.86129454949922  1.0383466998469697 1020.0969453778858 44.616157651259201 107.28088699301429  1.0383466998484021 1020.0969453778249 37.150884934204953 110.14723237821103  1.0383466998463793 1020.0969453777707 29.487781555743709 112.44141492747116  1.0383466998486146 1020.0969453779315 21.675554668342123 114.14885267663229  1.0383466998466586 1020.0969453779368 13.764041576463583 115.25940751408805  1.0383466998480007 1020.0969453778113 5.8038902099871592 115.76785278437015  1.0383466998473012 1020.0969453778398 -2.1539913148059426 115.67416097479156  1.0383466998475577 1020.0969453778702 -10.059665612244139 114.98250409622196  1.0383466998475068 
1017.8598191549002 112.07676167925213 19.727459835515731  1.0367296232096115 1017.8526521756331 112.07430745780923 19.885152540955566  1.0367296232096244 1017.846222886565 112.07438223902001 20.043060097310409  1.0367296232095435 1017.8405964989835 112.07741580515255 20.201268263512389  1.0367296232098206 1017.8358590262236 112.08417823109767 20.359931181482388  1.0367296232091772 1017.8322213070672 112.09544939085328 20.51920514885223  1.0367296232102321 1017.8300347754395 112.11209230440386 20.679263343099421  1.03672962320899 1017.8298285824272 112.13532472776247 20.840350146921224  1.0367296232100496 1017.8324776767521 112.16698338705089 21.002833727815286  1.0367296232094094 1017.8396114497045 112.20957525962018 21.167215521111473  1.0367296232096517 1017.8691336516328 112.32224534687089 21.500895017626888  1.0367296232095951 1017.9526631641032 112.49837419031087 21.846075515913057  1.0367296232096044 1018.0133262494584 112.60311570964583 22.021698372825782  1.0367296232097021 1018.1041533076475 112.73522165994495 22.202470602435127  1.036729623209371 1018.2307876670305 112.85346588468468 22.380144905769804  1.0367296232099985 1018.4040662802657 113.03989180109215 22.571178004179949  1.0367296232091794 1018.6894396355797 113.12621954919771 22.741596991143759  1.0367296232099585 1018.9295586572935 113.15644322422739 22.901134184229612  1.0367296232094123 1019.1541235439826 113.14577535836443 23.052749977994502  1.0367296232096896 1019.3455647511238 113.10816905551842 23.199374363037229  1.0367296232095937 1019.5066976476085 113.05490437947064 23.343280172889678  1.0367296232096115 1019.4228340439003 113.00494752825344 23.645463353004139  1.03672962320956 1019.3296292196197 112.94981837146034 23.946284426614511  1.0367296232098275 1019.2269649685919 112.88775964967273 24.245352094574891  1.0367296232090544 1019.1152948979601 112.81699351823025 24.542268411521832  1.0367296232106402 1018.995769042377 112.73495495516846 24.836451449987401  1.0367296232082184 1018.8710851334562 112.63917720829792 25.127331251653899  1.0367296232110148 1018.74569487511 112.52851356218497 25.414629771238751  1.0367296232085468 1018.6248570323802 112.40384424208452 25.698533580614715  1.0367296232102139 1018.5128925982275 112.26788181269326 25.979666155776158  1.0367296232093683 1018.4118607597777 112.12415296594108 26.258864631877614  1.0367296232096699 1018.3227378423554 111.97569913202975 26.53686396739414  1.0367296232096113 1018.3459530999902 111.92637253569376 26.838542654242111  1.0367296232095669 1018.3701934910175 111.87588739350358 27.139975943258612  1.0367296232097893 1018.3954181017953 111.82418560197831 27.441148219829557  1.036729623209196 1018.421577596233 111.77120796121719 27.742043207614536  1.0367296232102856 1018.4486146772758 111.71689531904566 28.04264427422838  1.0367296232088079 1018.4764645483955 111.66118971515596 28.342934736271985  1.0367296232103393 1018.5050553750713 111.60403552523897 28.642898165369502  1.0367296232091032 1018.5343087462817 111.54538060515043 28.942518692927202  1.0367296232098808 1018.5641401359868 111.485177435018 29.241781316232803  1.0367296232095098 1018.5944593646177 111.42338426341658 29.540672203396561  1.036729623209635 1018.6251710605609 111.359966251486 29.839178999109755  1.0367296232096113 1018.6171200419611 111.27693295997014 30.132447706549613  1.0367296232095475 1018.609051516631 111.19299547600825 30.425459862375433  1.0367296232098775 1018.6009738164457 111.10815490969134 30.718212870863461  1.0367296232090046 1018.5928952497281 111.02241240635072 31.010704152853805  1.0367296232105758 1018.5848240994108 110.93576914507372 31.302931145045925  1.0367296232084304 1018.5767686212139 110.84822633684392 31.594891300433133  1.0367296232107601 1018.5687370417997 110.75978522330396 31.886582087074977  1.0367296232087311 1018.5607375569565 110.67044707467869 32.178000988854542  1.0367296232101249 1018.5527783297517 110.58021318861981 32.469145504283958  1.036729623209399 1018.5448674887112 110.48908488823072 32.760013146889548  1.0367296232096628 1018.5370131259808 110.39706352067796 33.050601444551347  1.0367296232096115 1018.5390699576558 110.31089235873192 33.342942400835035  1.0367296232096392 1018.5411430803302 110.22386681999316 33.635030806751793  1.0367296232094985 1018.5432305966808 110.13598783612156 33.926863971105497  1.0367296232098806 1018.545330608872 110.04725633891394 34.218439202283896  1.0367296232091643 1018.5474412185716 109.95767326008249 34.509753808654871  1.0367296232101579 1018.5495605269592 109.86723953166404 34.800805097876847  1.0367296232091139 1018.5516866347446 109.77595608551462 35.091590377839779  1.0367296232099494 1018.5538176421742 109.6838238538781 35.382106955619093  1.0367296232094425 1018.5559516490492 109.59084376892446 35.672352138407405  1.0367296232096697 1018.5580867547352 109.49701676309745 35.962323232836745  1.0367296232096006 1018.5602210581758 109.40234376894412 36.252017545367096  1.0367296232096115 1018.5596619645808 109.30616036231513 36.54121145169632  1.0367296232096841 1018.5590995344263 109.20913564605348 36.830125475784271  1.0367296232093002 1018.5585342712244 109.11127052600311 37.118756936979338  1.0367296232104004 1018.5579666784679 109.01256590775866 37.40710315459971  1.0367296232082193 1018.5573972596306 108.91302269644908 37.695161447926971  1.0367296232114198 1018.5568265181638 108.81264179710047 37.982929136220129  1.0367296232078493 1018.556254957498 108.71142411415235 38.27040353863989  1.0367296232109104 1018.555683081038 108.60937055199021 38.557581974369896  1.0367296232088952 1018.5551113921648 108.50648201446646 38.844461762441085  1.0367296232098924 1018.5545403942318 108.40275940525716 39.131040221889045  1.0367296232095466 1018.5539705905653 108.29820362764973 39.417314671625711  1.0367296232096113 1018.554119841569 108.19405158794565 39.703736076444045  1.0367296232095711 1018.5542700568952 108.0890663062696 39.98985431549611  1.0367296232097789 1018.5544211017607 107.98324879899354 40.275666741173083  1.0367296232092489 1018.5545728413798 107.87660008216272 40.56117070563031  1.0367296232101442 1018.5547251409635 107.76912117150987 40.846363561152629  1.0367296232090006 1018.5548778657228 107.66081308245367 41.131242659521391  1.0367296232101888 1018.5550308808644 107.55167683008308 41.415805352851926  1.0367296232091638 1018.5551840515967 107.44171342921277 41.700048992665366  1.036729623209885 1018.5553372431244 107.33092389430446 41.983970930702711  1.0367296232094894 1018.5554903206537 107.21930923955779 42.267568518324254  1.0367296232096439 1018.555643149389 107.10687047884363 42.55083910684894  1.0367296232096115 1018.5555230535088 106.76923388256608 43.400523621170798  1.036729623209576 1018.5554006781293 106.42418243410393 44.247260413010821  1.0367296232097483 1018.5554744533147 106.07185314046211 45.091022379424288  1.0367296232093313 1018.5545418302759 105.71162031914403 45.931471127262036  1.0367296232100054 1018.555298821404 105.34497403647417 46.769138657074869  1.0367296232091834 1018.5556954208876 104.97084068411411 47.603494862572163  1.0367296232099925 1018.5550620443806 104.58888388297738 48.434318989503595  1.0367296232093333 1018.555384237745 104.20020651636545 49.261983231731932  1.0367296232097711 1018.5553004393814 103.8041166739758 50.08611130872093  1.0367296232095451 1018.5552915752222 103.40090169820778 50.906746180736356  1.0367296232096284 1018.5552827567824 102.99055550255224 51.723800982955126  1.0367296232096119 1018.5552850666716 102.58021523486826 52.540858762314464  1.0367296232097423 1018.5552874206032 102.1627448526344 53.354334268900232  1.0367296232090919 1018.5552892251961 101.73817856687126 54.164159435470054  1.0367296232107923 1018.5552902498266 101.30655176823626 54.970266029983804  1.0367296232077432 1018.5552905342016 100.86790088058692 55.772585808662939  1.0367296232118095 1018.5552902959353 100.42226321339871 56.571050669653786  1.036729623207638 1018.5552898381208 99.96967681594387 57.365592805729641  1.0367296232109773 1018.5552894569075 99.510180329258105 58.156144858230974  1.0367296232088881 1018.5552893490733 99.043812840389847 58.942640069704616  1.0367296232098882 1018.5552895196003 98.57061373471825 59.72501243765965  1.03672962320955 1018.5552896892486 98.090622549599914 60.503196867544695  1.0367296232096104 1018.5552895114946 96.170657374656599 63.615934319110778  1.0367296232096692 1018.5552893201884 94.142040070070976 66.661630486348258  1.0367296232093957 1018.5552893064408 92.007374076999781 69.636104972812987  1.0367296232100947 1018.5552894415846 89.769435092093744 72.535261814350761  1.0367296232088212 1018.5552896121886 87.431176508190504 75.355113988786087  1.036729623210614 1018.5552897147073 84.995729786022423 78.091803417917674  1.0367296232086185 1018.5552897084356 82.466399754989823 80.741616461669878  1.0367296232103642 1018.555289628809 79.846654845445912 83.30099490488513  1.0367296232091949 1018.5552895583608 77.140112249909947 85.766542435846262  1.0367296232097571 1018.5552895584052 74.350518015543344 88.135026617800804  1.0367296232095995 1018.5552895583904 65.265997508817037 95.318134109663376  1.0367296232095797 1018.5552895583284 58.678613136267728 99.762699055733776  1.0367296232098393 1018.5552895584932 51.758966415921982 103.70616445299166  1.036729623209004 1018.5552895584178 44.549528166455488 107.12064708193945  1.0367296232106731 1018.5552895583626 37.095403600757891 109.98271907867284  1.036729623208237 1018.5552895583164 29.443733998476638 112.2734785799689  1.0367296232109822 1018.5552895584568 21.643169521008353 113.97836068398993  1.0367296232085539 1018.5552895584623 13.743482876380867 115.08725311002451  1.0367296232102272 1018.5552895583512 5.7952327417272684 115.59494383387059  1.0367296232093584 1018.5552895583767 -2.1507749521032551 115.50139084907846  1.0367296232096728 1018.5552895584033 -10.044640571614458 114.81076709599211  1.0367296232096115 

0 6
6.2831853071795862 6

42.782405725164786 12
44.440410057445206 9
46.098414389725633 11
49.414423054286473 11
52.730431718847321 11
56.046440383408154 11
59.362449047969008 11
62.678457712529855 11
65.994466377090689 11
75.942492370773223 11
85.890518364455758 11
125.68262233918593 10
211.89884761776784 12

9 1 1 1 0 6 10 6 11 2 2 1018.5500067393646 -9.9360317819175208 113.56936294922474  1.6690784610682365 1018.5500067393646 -26.784385907307239 112.09532296417552  1.6690784610681546 1018.5500067393644 -43.389745956274567 107.84386095111761  1.6690784610685736 1018.5500067393795 -59.237352007908875 100.86129397745799  1.6690784610674454 1018.5500067393039 -73.820441298421301 91.298125591377143  1.6690784610695175 1018.5500067394805 -86.673782390567069 79.42188877410247  1.6690784610667573 1018.5500067392381 -97.384584050741765 65.582376285104914  1.6690784610694811 1018.5500067394454 -105.64036171592922 50.221295008139805  1.66907846106747 1018.5500067393383 -111.21514803764528 33.825423071215866  1.6690784610685661 1018.5500067393663 -114.00317946556372 16.912712101022635  1.6690784610681546 1018.5500067393647 -114.00317946560014 8.2423000000000001e-13  1.6690784610682365 
1018.5447239203259 -9.8274229922206047 112.32795880245732  1.0367296232096121 1018.5447239203407 -26.491598117832865 110.87003239194827  1.0367296232095586 1018.5447239203559 -42.915876991164282 106.66500691517412  1.0367296232098255 1018.5447239200365 -58.58848362319312 99.758647580201782  1.0367296232091223 1018.5447239211645 -73.015703124273912 90.301061043223569  1.0367296232103851 1018.5447239190473 -85.724338538233681 78.551883774234852  1.036729623208742 1018.5447239214665 -96.321176080931622 64.867600283924844  1.0367296232103256 1018.5447239197567 -104.48535861509566 49.670997729273623  1.0367296232091838 1018.5447239204143 -109.99947949559547 33.456101219675269  1.0367296232097936 1018.544723920378 -112.75703335662931 16.727829567388625  1.0367296232095671 1018.5447239203128 -112.75703335666645 1.5631899999999999e-12  1.0367296232096121 
1020.0848626939826 -9.8112592852983198 112.14320678691269  1.0383466998475064 1020.0848626939998 -26.448023964830966 110.68767847971597  1.0383466998474526 1020.0848626940169 -42.845353425872375 106.48956392209674  1.0383466998477198 1020.0848626936477 -58.491915762956381 99.594546191372729  1.038346699847017 1020.0848626949551 -72.895937938129876 90.15267287740798  1.0383466998482769 1020.0848626924976 -85.583037522365643 78.42240524924253  1.038346699846642 1020.0848626953104 -96.162914354000264 64.761223720850325  1.03834669984821 1020.0848626933174 -104.31346523748525 49.589099717406192  1.0383466998470903 1020.084862694088 -109.81855758246479 33.401136882220356  1.0383466998476769 1020.0848626940422 -112.57157561846211 16.700314417854699  1.038346699847466 1020.0848626939675 -112.57157561842043 -1.421e-14  1.0383466998475064 
1021.361819163455 -9.9349928690595277 113.55748812088815  0.85353433019614966 1021.3618191634552 -26.781585203973613 112.08360227256654  0.85353433019610692 1021.3618191634553 -43.385213095150469 107.83258445484933  0.85353433019632263 1021.3618191634673 -59.231145164517031 100.85074645578227  0.85353433019574754 1021.361819163403 -73.812743462080093 91.288588029066574  0.85353433019679248 1021.3618191635569 -86.664700347583619 79.413566616404694  0.85353433019541691 1021.3618191633419 -97.374411872683908 65.575538993889595  0.85353433019675617 1021.361819163529 -105.62931336774787 50.216031060894721  0.85353433019578395 1021.3618191634299 -111.20351938716534 33.821890270414755  0.85353433019630387 1021.3618191634573 -113.99125927742605 16.910943580788484  0.85353433019611191 1021.3618191634552 -113.9912592773189 -2.24532e-12  0.85353433019614966 
1020.0969453778702 -10.05966561224416 114.98250409622194  1.0383466998475068 1020.0969453778531 -27.117678230944136 113.4901213698142  1.0383466998474595 1020.0969453778359 -43.929170393219664 109.18579874702402  1.0383466998476942 1020.0969453782304 -59.97598544616028 102.11648149906571  1.0383466998470772 1020.0969453767892 -74.736507698190835 92.433124973648574  1.038346699848183 1020.0969453795669 -87.754573184049264 80.412251071530648  1.0383466998467517 1020.0969453763072 -98.595104866050235 66.396035061044259  1.0383466998481148 1020.0969453786886 -106.95514901546508 50.84772092250271  1.038346699847152 1020.0969453777134 -112.59899329266219 34.245837250002438  1.0383466998476509 1020.0969453778146 -115.4217185822306 17.123171455713702  1.0383466998474729 1020.0969453778854 -115.42171858218852 -1.67688e-12  1.0383466998475068 
1018.5552895584033 -10.044640571614451 114.81076709599208  1.0367296232096115 1018.5552895583883 -27.077173696781479 113.32061353640297  1.0367296232095546 1018.5552895583733 -43.863614921384482 109.02271498706024  1.0367296232098404 1018.5552895587218 -59.886220392626626 101.963940374717  1.0367296232090772 1018.5552895574443 -74.625179472564355 92.295190139526142  1.0367296232104677 1018.5552895599121 -87.623226242905872 80.291893773974863  1.0367296232086323 1018.5552895570107 -98.44799202054763 66.297152286280934  1.0367296232104262 1018.5552895591337 -106.79536481676466 50.77159228700927  1.0367296232091165 1018.5552895582623 -112.43081657969472 34.19474492275431  1.036729623209822 1018.5552895583545 -115.24932557449817 17.097594634657412  1.0367296232095591 1018.5552895584166 -115.24932557453381 1.1368999999999999e-13  1.0367296232096115 

0 6
6.2831853071795862 6

211.89884761776784 11
381.01528951037068 11

9 1 1 1 0 6 10 6 11 2 2 1018.5500067393647 -114.00317946560014 8.2423000000000001e-13  1.6690784610682365 1018.5500067393648 -114.00317946562907 -16.912712101026138  1.6690784610682621 1018.5500067393749 -111.21514803779121 -33.825423071219554  1.6690784610681302 1018.5500067393384 -105.64036171522758 -50.221295008153334  1.6690784610684635 1018.5500067393838 -97.384584051994082 -65.582376285002894  1.6690784610679261 1018.5500067393838 -86.673782389414256 -79.421888774348815  1.6690784610685461 1018.5500067393145 -73.820441299017261 -91.298125591121661  1.669078461068001 1018.5500067394074 -59.237352007800006 -100.86129397761073  1.6690784610683747 1018.5500067393482 -43.389745956264946 -107.84386095110696  1.6690784610681761 1018.5500067393662 -26.78438590731281 -112.09532296417029  1.6690784610682516 1018.5500067393646 -9.9360317819205619 -113.56936294924043  1.6690784610682365 
1018.5447239203128 -112.75703335666645 1.5631899999999999e-12  1.0367296232096121 1018.5447239202642 -112.75703335669623 -16.727829567389996  1.0367296232096204 1018.5447239202252 -109.99947949573945 -33.456101219678892  1.0367296232095762 1018.5447239207318 -104.4853586143973 -49.670997729285943  1.0367296232096783 1018.5447239197805 -96.321176082181907 -64.867600283816827  1.0367296232095495 1018.544723920445 -85.724338537086595 -78.55188377449042  1.0367296232096415 1018.5447239205873 -73.015703124865567 -90.301061042955155  1.0367296232096106 1018.5447239200298 -58.588483623089559 -99.758647580362862  1.0367296232096075 1018.5447239203734 -42.91587699115464 -106.66500691515859  1.0367296232096141 1018.544723920346 -26.491598117839935 -110.87003239194391  1.0367296232096106 1018.5447239202995 -9.8274229922250669 -112.32795880247303  1.0367296232096121 
1020.0848626939675 -112.57157561842041 1.421e-14  1.0383466998475064 1020.0848626939116 -112.57157561838932 -16.700314417856788  1.0383466998475268 1020.0848626938654 -109.81855758233195 -33.401136882194784  1.0383466998474171 1020.0848626944536 -104.31346523818479 -49.589099717412381  1.0383466998477047 1020.0848626933514 -96.162914352721273 -64.761223720955655  1.0383466998472139 1020.0848626941186 -85.583037523575342 -78.422405248949161  1.0383466998478261 1020.0848626942886 -72.895937937471658 -90.152672877726502  1.0383466998472388 1020.0848626936369 -58.491915763112971 -99.594546191169655  1.0383466998476742 1020.0848626940394 -42.845353425860701 -106.48956392212776  1.0383466998474327 1020.0848626940054 -26.448023964832998 -110.68767847971597  1.0383466998475239 1020.0848626939522 -9.811259285296785 -112.14320678689614  1.0383466998475064 
1021.3618191634552 -113.99125927731889 -2.2595300000000002e-12  0.85353433019614966 1021.3618191634548 -113.99125927723745 -16.910943580792278  0.85353433019616864 1021.3618191634644 -111.20351938680085 -33.821890270370396  0.85353433019607328 1021.3618191634323 -105.62931336960843 -50.216031060889392  0.85353433019631242 1021.3618191634718 -97.374411869305348 -65.575538994183361  0.85353433019591995 1021.3618191634708 -86.664700350743715 -79.413566615651405  0.85353433019638936 1021.3618191634117 -73.812743460389967 -91.288588029872372  0.85353433019595693 1021.3618191634934 -59.231145164881923 -100.85074645528235  0.85353433019626701 1021.3618191634393 -43.385213095138496 -107.83258445491643  0.85353433019609948 1021.361819163457 -26.78158520396876 -112.08360227257157  0.85353433019616165 1021.3618191634549 -9.9349928690512712 -113.55748812084502  0.85353433019614966 
1020.0969453778854 -115.42171858218853 -1.69109e-12  1.0383466998475068 1020.0969453779409 -115.42171858215701 -17.123171455717703  1.0383466998475208 1020.0969453780067 -112.59899329252345 -34.245837249984987  1.0383466998474431 1020.0969453773512 -106.95514901617733 -50.847720922502376  1.0383466998476492 1020.0969453785343 -98.595104864750638 -66.396035061165151  1.0383466998473014 1020.0969453777734 -87.75457318526702 -80.412251071227118  1.0383466998477258 1020.0969453774671 -74.736507697531579 -92.433124973977257  1.0383466998473285 1020.0969453782984 -59.975985446307561 -102.1164814988617  1.0383466998476152 1020.096945377781 -43.929170393208167 -109.18579874705577  1.0383466998474602 1020.0969453778508 -27.117678230942332 -113.49012136981528  1.0383466998475175 1020.0969453779003 -10.059665612239314 -114.98250409620543  1.0383466998475068 
1018.5552895584166 -115.2493255745338 7.1049999999999998e-14  1.0367296232096115 1018.5552895584653 -115.24932557456285 -17.097594634662222  1.0367296232096204 1018.5552895585244 -112.43081657983916 -34.19474492275927  1.03672962320957 1018.555289557945 -106.79536481606669 -50.771592287025179  1.0367296232096936 1018.5552895589881 -98.447992021793283 -66.297152286177621  1.0367296232095153 1018.5552895583203 -87.623226241754423 -80.291893774226068  1.036729623209689 1018.5552895580444 -74.625179473161182 -92.29519013926668  1.0367296232095664 1018.5552895587838 -59.886220392513366 -101.96394037487546  1.0367296232096306 1018.5552895583231 -43.863614921374847 -109.02271498704647  1.0367296232096066 1018.5552895583864 -27.077173696785458 -113.32061353639932  1.0367296232096108 1018.5552895584298 -10.044640571616043 -114.81076709600785  1.0367296232096115 

0 6
6.2831853071795862 6

381.01528951037068 11
550.13173140297363 11

9 1 1 1 0 6 11 6 139 2 14 1018.5500067393646 -9.9360317819205477 -113.56936294924046  1.6690784610682359 1018.5500067393647 -2.4278525816528997 -114.2262435129926  1.6690784610683362 1018.5500067393665 5.1280994684269814 -114.33707535366418  1.6690784610678382 1018.550006739366 12.687687411664484 -113.89808341900797  1.669078461069196 1018.5500067393635 20.206465090780483 -112.90940244550998  1.6690784610666163 1018.5500067393634 27.640036859860601 -111.37519006386246  1.6690784610702507 1018.5500067393635 34.94447021565977 -109.30365319022502  1.6690784610663634 1018.5500067393656 42.076732653664877 -106.70699584029961  1.6690784610695413 1018.5500067393656 48.995124049249263 -103.60129650626891  1.6690784610675737 1018.5500067393651 55.65967586910309 -100.00632323372855  1.6690784610684628 1018.5500067393642 62.032488514371629 -95.94529453787375  1.6690784610682019 1018.5500067393651 71.221632683498399 -89.104230172022767  1.6690784610682359 1018.5500067393657 74.276779015727982 -86.644978932944568  1.6690784610683498 1018.5500067438287 77.238436470531141 -84.070575640063865  1.669078461067766 1018.550006748439 80.101783459284519 -81.384974242519903  1.669078461069341 1018.550006747937 82.862181783378702 -78.592348985908359  1.669078461066507 1018.5500067407945 85.515196338081466 -75.697091562685443  1.6690784610701537 1018.5500067307358 88.056610167298828 -72.703804004839256  1.6690784610666842 1018.5500067251018 90.482434868603534 -69.617287319775087  1.6690784610691511 1018.5500067300585 92.788916349576724 -66.442525868239244  1.6690784610678628 1018.5500067426508 94.972535934226912 -63.184667485547337  1.6690784610683247 1018.5500067396981 97.030006820606161 -59.848999344981564  1.6690784610682365 1018.5500067384711 97.504807684850135 -59.07922970651957  1.6690784610682265 1018.5500067364163 97.97289056711405 -58.305316359532881  1.6690784610683054 1018.5500067386816 98.434215743463398 -57.527324719945909  1.6690784610679994 1018.5500067443974 98.888743985234399 -56.745320504484766  1.669078461068799 1018.5500067492222 99.336436607374367 -55.959369751001944  1.6690784610673257 1018.5500067478998 99.777255516708237 -55.169538838674576  1.6690784610692611 1018.5500067368017 100.21116326033616 -54.375894508401359  1.6690784610674092 1018.5500067164842 100.63812307383876 -53.578503882948496  1.669078461068721 1018.5500066942333 101.05809892971331 -52.77743448735206  1.6690784610680369 1018.5500066866188 101.47105558558572 -51.972754269108592  1.6690784610682852 1018.5500067220416 101.87695863259609 -51.164531618505848  1.6690784610682368 1018.5500067857892 102.28286765799066 -50.356311970359116  1.6690784610682865 1018.5500068926166 102.68172309868378 -49.544549844075803  1.6690784610679932 1018.5500072582445 103.0735322882058 -48.729330177335314  1.6690784610689262 1018.5500059551649 103.45800181231786 -47.910618682606426  1.6690784610669354 1018.5500084134528 103.83583447358782 -47.088780790059758  1.6690784610699914 1018.5500057110607 104.20592200946841 -46.263439764761181  1.6690784610664882 1018.5500024060459 104.56859682570905 -45.434827171652515  1.6690784610695562 1018.550008281793 104.92493914161693 -44.603474289391983  1.6690784610674854 1018.5500090816072 105.27345854361974 -43.768832137727117  1.6690784610685407 1018.5500094906894 105.61478059975337 -42.931250694413016  1.6690784610681628 1018.5500076707885 105.94876950948095 -42.090754831543741  1.6690784610682383 1018.5500065396062 106.05999136164424 -41.810546723639348  1.6690784610683909 1018.5500051722202 106.17039830979053 -41.53001510993127  1.6690784610675842 1018.5500036993113 106.27998922630545 -41.249162618588123  1.6690784610698222 1018.5500022515619 106.38876298372438 -40.967991877769691  1.6690784610655558 1018.550000959647 106.49671845430193 -40.686505515599272  1.6690784610715745 1018.5499999542494 106.6038545107273 -40.404706160208917  1.6690784610650968 1018.5499993660399 106.71017002517237 -40.122596439674702  1.669078461070493 1018.5499993256983 106.81566387031742 -39.840178982095104  1.6690784610670071 1018.5499999638947 106.92033491844789 -39.557456415512398  1.6690784610687186 1018.5500014113036 107.02418204210085 -39.274431367975673  1.6690784610681237 1018.5500037985951 107.12720411369159 -38.991106467500771  1.6690784610682365 1018.5500075600484 107.23063190781608 -38.707929234152139  1.6690784610680509 1018.5500124202568 107.33323537478896 -38.424451079823257  1.6690784610689928 1018.550017892079 107.43501403124597 -38.140674758553644  1.6690784610664975 1018.5500234883552 107.53596739386333 -37.856603024485707  1.6690784610709901 1018.5500287219137 107.63609497903084 -37.572238631697566  1.669078461065034 1018.5500331055611 107.73539630341654 -37.287584334469607  1.6690784610710545 1018.5500361520943 107.83387088318925 -37.00264288695768  1.6690784610663389 1018.5500373742873 107.93151823489384 -36.717417043511688  1.66907846106921 1018.5500362849024 108.02833787465249 -36.431909558435009  1.6690784610678708 1018.5500323966817 108.12432931875802 -36.146123186127753  1.6690784610683198 1018.5500252223521 108.21949208332524 -35.860060681023214  1.669078461068237 1018.5500047087046 108.31311093831093 -35.573486527170537  1.669078461068279 1018.5499831828232 108.40590350058245 -35.286641978869241  1.6690784610680707 1018.5499624375476 108.49786725397462 -34.99952942473994  1.6690784610686289 1018.549944265672 108.58899968168474 -34.712151252763711  1.6690784610675748 1018.5499304599558 108.67929826596595 -34.424509850802657  1.6690784610690861 1018.549922813134 108.76876048866421 -34.136607605743613  1.6690784610673899 1018.5499231179265 108.8573838304836 -33.848446904693915  1.6690784610688865 1018.5499331670496 108.94516577181886 -33.56003013366346  1.6690784610678624 1018.5499547532256 109.03210379199493 -33.271359678796102  1.6690784610683911 1018.5499896691928 109.11819536984291 -32.982437925461689  1.6690784610681979 1018.5500397077161 109.20343798335757 -32.693267258821521  1.6690784610682383 1018.5500294449873 109.29429488535268 -32.405776679218114  1.669078461068416 1018.5500628063406 109.38436232959386 -32.118037027525773  1.6690784610674791 1018.5501343742469 109.4736465015132 -31.830052036635074  1.6690784610700895 1018.550238781069 109.56215355882141 -31.541825426518031  1.6690784610650613 1018.5503707088943 109.64988962639593 -31.253360903723369  1.669078461072278 1018.5505248893606 109.73686079214171 -30.964662159906368  1.6690784610643281 1018.5506961034935 109.82307310140294 -30.675732871828934  1.6690784610711273 1018.5508791815276 109.90853255315498 -30.386576699503266  1.66907846106663 1018.5510690027462 109.99324509437955 -30.097197286288001  1.6690784610688683 1018.5512604953041 110.07721661597742 -29.807598257281242  1.6690784610680902 1018.5514486360626 110.16045294761309 -29.517783218930447  1.6690784610682365 1018.5500878406784 110.21965406323933 -29.221517468284127  1.6690784610682585 1018.5493040415515 110.27892237904931 -28.925321870993884  1.6690784610681695 1018.5490292822809 110.33821784776399 -28.629186169478878  1.6690784610683516 1018.5492068111038 110.39749223548003 -28.333098169339294  1.6690784610680931 1018.5497902185273 110.45669080549825 -28.037044198835225  1.6690784610683742 1018.5507425749632 110.51575400212901 -27.741009566455745  1.6690784610681082 1018.5520355683598 110.57461913459611 -27.444979021309358  1.669078461068354 1018.5536486418362 110.63322206074264 -27.148937210092448  1.6690784610681495 1018.5555681313149 110.691498871007 -26.852869137494586  1.6690784610682794 1018.5577864031553 110.74938757212789 -26.556760623743273  1.6690784610682243 1018.560300991787 110.8068297710542 -26.260598764107051  1.669078461068237 1018.5533745320324 110.91915529229578 -25.977333262996169  1.6690784610684053 1018.548252733896 111.03862174086021 -25.695596425489228  1.6690784610675313 1018.5468217153677 111.16731923369723 -25.4158278008832  1.6690784610699734 1018.5471609001909 111.30655783299845 -25.138316197074438  1.6690784610652367 1018.5689814656989 111.46425568687968 -24.864667712186368  1.6690784610720641 1018.5832369478233 111.62314744021094 -24.591236237466795  1.6690784610645459 1018.6495731499532 111.82540229702659 -24.32692345859985  1.6690784610709501 1018.7497444427308 111.98766288846262 -24.053422144446053  1.6690784610667324 1018.855409637819 112.12646753328724 -23.774565498411064  1.6690784610688323 1018.9575628121188 112.24056451561282 -23.490147224667602  1.6690784610680969 1019.0499429625872 112.3360889553604 -23.201577413801814  1.6690784610682365 1018.9614576838727 112.32122384856083 -23.121921505011834  1.6690784610682687 1018.8650074283822 112.29032360341229 -23.03896025724238  1.6690784610680893 1018.7653656147903 112.23848921271627 -22.951633657427678  1.6690784610686176 1018.6713814847172 112.16617100463924 -22.859981268656085  1.6690784610676044 1018.5981438521203 112.06258174832855 -22.761631199667633  1.6690784610689686 1018.573334467223 111.97906946795152 -22.667217160653166  1.669078461067629 1018.5486847578359 111.90607598372276 -22.575040091837295  1.6690784610685894 1018.5426692674579 111.84561045601677 -22.485396598232178  1.6690784610681089 1018.5409947376082 111.797083692057 -22.39825402627293  1.6690784610682472 1018.5462499881303 111.71938083398879 -22.228012085643243  1.6690784610682525 1018.5608332426501 111.67405592511119 -22.064568552631343  1.6690784610681926 1018.5688074770602 111.65779036605778 -21.984197650520954  1.6690784610684521 1018.5767551292506 111.64645623653051 -21.904872218518946  1.6690784610677776 1018.5844160816588 111.63891510050371 -21.826353252762296  1.6690784610688818 1018.5917005517927 111.63434742149569 -21.748468123792087  1.6690784610675953 1018.5985657541037 111.63218061683702 -21.671096130357164  1.6690784610686702 1018.6049909630977 111.63199251586138 -21.594148254168573  1.6690784610680722 1018.6109939803674 111.63342944052908 -21.517549749128669  1.6690784610682341 1018.6279080637944 111.64167550240646 -21.288603090072939  1.6690784610683254 1018.641761213761 111.65985664153442 -21.061807550826828  1.669078461068038 1018.6499277708872 111.67462790367424 -20.911192937403889  1.6690784610689782 1018.6573265647229 111.69108924249548 -20.760957373175252  1.6690784610667309 1018.6642174653452 111.70867687338961 -20.610981740876063  1.6690784610703477 1018.6708041913046 111.7269968703269 -20.461183263523836  1.6690784610660583 1018.6772429240053 111.74572905282258 -20.311495099723757  1.6690784610699254 1018.6836620600035 111.76461097679744 -20.161862822487855  1.6690784610672638 1018.6901807159826 111.78345146182407 -20.012247157121855  1.6690784610686293 1018.6969136012367 111.80212308908786 -19.86262236024475  1.6690784610681437 1018.7039498724313 111.82048310266458 -19.7129596167524  1.6690784610682365 
1018.5447239202995 -9.8274229922250669 -112.32795880247305  1.0367296232096117 1018.5447239202842 -2.4013199950700965 -112.97765862890945  1.0367296232096492 1018.5447239202725 5.0721204229660373 -113.08728649761834  1.0367296232094658 1018.5447239202907 12.549009896172805 -112.65310971382236  1.0367296232099761 1018.5447239203211 19.985525313097042 -111.67522841514409  1.0367296232089716 1018.5447239203022 27.337861715541329 -110.15775480343295  1.0367296232104353 1018.5447239203023 34.562531519177355 -108.1088388685246  1.0367296232088303 1018.5447239202645 41.616865720069875 -105.540581537424  1.0367296232101644 1018.5447239202987 48.45957275640675 -102.468876181187  1.036729623209327 1018.5447239202965 55.0512106882206 -98.913219413466095  1.0367296232097107 1018.5447239203064 61.354428364861413 -94.896532112650306  1.0367296232095982 1018.54472392029 70.443120740933495 -88.130251335923191  1.0367296232096095 1018.5447239202626 73.464888419482435 -85.697869509519933  1.036729623209681 1018.5447238501847 76.394182247904538 -83.151595798815038  1.0367296232093381 1018.5447237696901 79.226226325113458 -80.495349511281972  1.0367296232102443 1018.5447237610911 81.956437053209683 -77.733260618912936  1.0367296232086325 1018.5447238610451 84.58043620615716 -74.869667949028297  1.0367296232106953 1018.5447240322953 87.094060893183467 -71.909114532213806  1.0367296232087266 1018.5447241740399 89.493370418196122 -68.856340107677852  1.0367296232101479 1018.5447241722053 91.774650034196199 -65.716270785649513  1.0367296232093846 1018.5447239886502 93.934411593270028 -62.494005867282169  1.0367296232096681 1018.5447237899371 95.969391091977172 -59.194801821587959  1.0367296232096121 1018.5447239573692 96.439001635216584 -58.433446973773314  1.0367296232096159 1018.5447241240253 96.901968292606639 -57.667992647860856  1.0367296232096086 1018.5447240205673 97.358251159294809 -56.89850457809623  1.036729623209572 1018.5447236502441 97.807811163382326 -56.125048194192914  1.0367296232097889 1018.5447232014321 98.250610017728803 -55.34768881479858  1.0367296232092598 1018.5447229601847 98.686610172425787 -54.566491841421517  1.036729623210036 1018.5447232227691 99.115774766309414 -53.781522951683201  1.0367296232092671 1018.5447242082171 99.538067579604629 -52.992848293379652  1.03672962320981 1018.5447259708636 99.953452985465603 -52.200534677741999  1.0367296232095333 1018.5447283128942 100.36189590240956 -51.404649773350776  1.0367296232096308 1018.5447306968867 100.76336174615479 -50.605262299613372  1.0367296232096124 1018.5447219935152 101.1648336103425 -49.805877849455172  1.0367296232096388 1018.544713330405 101.55932959160813 -49.002988462407465  1.0367296232094827 1018.5446301544997 101.94685838673323 -48.196676788755283  1.0367296232099699 1018.5449501457821 102.32711931726661 -47.386919307560682  1.0367296232089624 1018.5443208885255 102.70082915783789 -46.574065414128015  1.0367296232104488 1018.5447125919609 103.06686979665194 -45.757738999237212  1.0367296232088183 1018.5454639499483 103.42557107668931 -44.938184410030559  1.0367296232101808 1018.5445419142717 103.77802509958201 -44.115928452618704  1.0367296232093066 1018.5446173378855 104.12273585698625 -43.290405404948828  1.0367296232097294 1018.5444955703161 104.46032904846624 -42.461977898545449  1.0367296232095846 1018.5443716047624 104.79066915876456 -41.630668051231623  1.0367296232096133 1018.5445224619456 104.90067393464122 -41.353521626300029  1.0367296232096967 1018.5446730607573 105.00987263025758 -41.076055493574351  1.036729623209254 1018.5448235275537 105.11826412019332 -40.798272282999612  1.0367296232104759 1018.5449739886923 105.22584727929777 -40.520174624517487  1.0367296232081671 1018.5451245705327 105.33262098290936 -40.241765148292579  1.0367296232113847 1018.5452753994364 105.43858410648861 -39.96304648430835  1.0367296232079781 1018.5454266017672 105.54373552611922 -39.684021262907855  1.0367296232107583 1018.5455783038921 105.64807411796109 -39.40469211416616  1.0367296232090042 1018.5457306321807 105.75159875874189 -39.125061668461775  1.0367296232098449 1018.5458837130064 105.85430832540419 -38.845132556028879  1.0367296232095584 1018.5460376727464 105.9562016953124 -38.564907407220815  1.0367296232096121 1018.5454756194696 106.0585029354713 -38.284830700443123  1.0367296232094638 1018.5449140791267 106.15998971905714 -38.004454871465434  1.0367296232102201 1018.5443525795976 106.26066154921932 -37.723782666434815  1.0367296232081757 1018.5437906488072 106.36051792932162 -37.442816831880002  1.0367296232119858 1018.5432278147206 106.45955836269982 -37.161560114652495  1.036729623206682 1018.5426636053483 106.5577823530428 -36.880015262049717  1.0367296232123886 1018.5420975487357 106.65518940394983 -36.598185021576391  1.0367296232075802 1018.5415291729734 106.75177901936323 -36.31607214126791  1.036729623210741 1018.5409580061847 106.84755070324414 -36.033679369321753  1.0367296232091621 1018.5403835765338 106.94250395978455 -35.751009454408212  1.0367296232097181 1018.5398054122184 107.03663829330728 -35.468065145450808  1.0367296232096124 1018.5419163772335 107.12920770677295 -35.184602130531296  1.0367296232095906 1018.5440191179197 107.22096195314003 -34.900878338143976  1.036729623209713 1018.5461153779532 107.31189852200777 -34.616896167674561  1.0367296232093417 1018.5482069021223 107.40201490296847 -34.332658017903483  1.0367296232101146 1018.5502954363182 107.49130858581468 -34.048166286347289  1.0367296232089254 1018.5523827275375 107.57977706020127 -33.763423370398996  1.0367296232103245 1018.5544705238677 107.66741781619683 -33.478431665711938  1.0367296232090459 1018.556560574493 107.75422834365105 -33.193193568040172  1.0367296232099497 1018.5586546296799 107.84020613285747 -32.907711471507831  1.0367296232094714 1018.5607544407794 107.92534867405259 -32.621987769917084  1.0367296232096455 1018.5628617602183 108.00965345776558 -32.336024855943009  1.0367296232096133 1018.5551716643151 108.09947688799019 -32.051712150452445  1.0367296232097014 1018.5474229350708 108.1885755372252 -31.767146566456809  1.0367296232092342 1018.5396092335808 108.27695758029165 -31.482332401334936  1.0367296232105283 1018.531724317459 108.36463124840239 -31.197273959892698  1.0367296232080678 1018.5237620486721 108.4516048244607 -30.911975552467894  1.0367296232115275 1018.5157164013992 108.53788663810246 -30.626441493808962  1.0367296232078187 1018.5075814698555 108.62348506117277 -30.340676100767112  1.0367296232108947 1018.4993514761578 108.70840850260782 -30.054683691473755  1.0367296232089187 1018.4910207781501 108.79266540397728 -29.768468582996313  1.0367296232098802 1018.4825838772604 108.87626423443297 -29.482035090265285  1.0367296232095506 1018.4740354263377 108.95921348608587 -29.195387524142923  1.0367296232096121 1018.5052868720708 109.01564683100811 -28.901603621556809  1.03672962320958 1018.5355962718011 109.07313907775851 -28.608235531463116  1.0367296232097587 1018.5649246747436 109.13150110132503 -28.315233056188902  1.0367296232092202 1018.5932582565395 109.19055350856834 -28.022549335495505  1.0367296232103318 1018.620604557828 109.25012695772418 -27.730140857623752  1.0367296232086338 1018.6469887228385 109.31006247689757 -27.437967470366118  1.03672962321061 1018.6724497379525 109.37021178411106 -27.145992392070902  1.0367296232088434 1018.6970366703026 109.43043760539598 -26.85418222276742  1.0367296232100562 1018.7208049063338 109.49061399490873 -26.562506955128129  1.036729623209429 1018.7438123903964 109.55062665332605 -26.270939985602368  1.0367296232096566 1018.766115863318 109.61037324743288 -25.979458125407426  1.0367296232096124 1018.6853037158991 109.70977035934663 -25.697122786396605  1.0367296232096683 1018.592422928284 109.81903575309643 -25.416569796316658  1.0367296232093801 1018.4859613456625 109.943463149846 -25.13897365115421  1.0367296232101715 1018.3619192373229 110.08138922430668 -24.864000293541096  1.036729623208676 1018.2267347451877 110.27284900597061 -24.600415657276216  1.0367296232107499 1018.0808285891039 110.45361200572714 -24.334152188894208  1.0367296232085874 1017.9123886773592 110.76270212272399 -24.095833780834198  1.0367296232103054 1017.8451175333572 111.08742362604336 -23.860148087034005  1.0367296232092609 1017.8226183945524 111.39841857450861 -23.621114826029853  1.0367296232097409 1017.8381405667139 111.67995389161737 -23.37544290545776  1.036729623209584 1017.8751154156337 111.92813059621849 -23.122468342810542  1.0367296232096121 1017.8383443690377 111.77017902361811 -23.012702300895761  1.0367296232096086 1017.8207855229632 111.58336156856647 -22.89667428372114  1.0367296232096235 1017.8355315802517 111.37053895847346 -22.774920676432814  1.0367296232095864 1017.8906775178515 111.14653367351671 -22.650541899361308  1.0367296232096923 1018.0196541536412 110.92510071373334 -22.526244564620512  1.0367296232094412 1018.1630102972408 110.80245436398563 -22.422769715675727  1.0367296232098469 1018.2885905431604 110.69057172327439 -22.321772076420068  1.0367296232094001 1018.4114927989882 110.62148156430311 -22.229917802681861  1.0367296232097367 1018.5183842489156 110.57134762877166 -22.142272130512112  1.0367296232095702 1018.7077387592107 110.50433021037702 -21.974368676330243  1.0367296232096614 1018.8510428087477 110.48465511571688 -21.817186315569941  1.0367296232095549 1018.9124035215603 110.48226853665096 -21.740343651280654  1.036729623209828 1018.9652421503122 110.48470884245371 -21.664684502447415  1.0367296232091769 1019.0112225297579 110.49040850435796 -21.589867113789097  1.0367296232102201 1019.0516375917192 110.49839517045731 -21.515677737426927  1.0367296232090011 1019.0874079470019 110.50801932366697 -21.441973288504876  1.0367296232100356 1019.119220842699 110.5188174167244 -21.368651512888711  1.0367296232094432 1019.1476857785804 110.53045692247935 -21.295638287514059  1.0367296232096155 1019.2247776415894 110.56721537756124 -21.07736844067076  1.0367296232096859 1019.2802808522068 110.60791441039538 -20.861054066481209  1.0367296232094398 1019.3109054434929 110.63544312517317 -20.717407153235861  1.0367296232102541 1019.3370124523751 110.66283139235271 -20.574198516000173  1.0367296232083181 1019.359746423607 110.68987187556866 -20.431378042924869  1.0367296232114027 1019.3799066903682 110.71643586531181 -20.288914457610396  1.0367296232077905 1019.3981192424853 110.74239139380052 -20.146776791837603  1.0367296232110081 1019.4148837187198 110.76761938377987 -20.004937385422423  1.0367296232088097 1019.4305689893511 110.79205723595706 -19.863381025101077  1.036729623209941 1019.4454307953019 110.81569926392942 -19.722104830279939  1.0367296232095322 1019.4597249100323 110.83848338166916 -19.581093497177108  1.0367296232096121 
1020.0848626939522 -9.8112592852967992 -112.14320678689614  1.0383466998475059 1020.0848626939347 -2.3973712819390727 -112.79183793983192  1.0383466998475355 1020.0848626939209 5.0637893395636269 -112.90128662735103  1.0383466998473949 1020.0848626939423 12.528371210096239 -112.46782645858285  1.0383466998477671 1020.0848626939767 19.95264394293303 -111.49155242190388  1.0383466998470858 1020.0848626939564 27.292890489142685 -109.97656995823333  1.0383466998479869 1020.0848626939548 34.505689479278487 -107.93102058527063  1.0383466998471234 1020.0848626939124 41.548426007601179 -105.36698988796942  1.0383466998477131 1020.0848626939509 48.37986931650461 -102.30034368666691  1.0383466998474338 1020.0848626939488 54.960655836392988 -98.75053819917018  1.0383466998475281 1020.0848626939602 61.253516039392032 -94.74045000802748  1.0383466998474937 1020.0848626939412 70.327258673836781 -87.985298901552127  1.0383466998475253 1020.0848626939099 73.344058773062613 -85.55691591640371  1.0383466998474067 1020.0848626127378 76.268536006969939 -83.014828540597762  1.0383466998477091 1020.0848625195789 79.095921339594241 -80.362950970168484  1.0383466998472466 1020.0848625097725 81.821639388972883 -77.605406648222086  1.0383466998477495 1020.0848626256678 84.441320433713145 -74.746526560211649  1.0383466998473203 1020.084862823899 86.950809587384157 -71.790844927139844  1.0383466998476265 1020.0848629875788 89.346173143020323 -68.743092295261505  1.0383466998474402 1020.0848629847328 91.623702085034793 -65.608186023719767  1.0383466998475352 1020.0848627719863 93.779912771137859 -62.391218168882816  1.0383466998474993 1020.084862544139 95.811544782217595 -59.097440766280265  1.0383466998475064 1020.0848627366719 96.280383053250702 -58.337338359459793  1.0383466998474957 1020.0848629284363 96.742588466777732 -57.573143055613016  1.0383466998475648 1020.0848628092451 97.198120791836658 -56.804920476341479  1.0383466998473225 1020.0848623829593 97.64694098434849 -56.032736010718672  1.0383466998479096 1020.0848618666379 98.089011027170088 -55.256654982016308  1.038346699846888 1020.0848615896854 98.524293769109562 -54.476742814756967  1.0383466998481734 1020.0848618930022 98.952752765471601 -53.693065201289485  1.0383466998469861 1020.0848630281318 99.374352116758132 -52.90568826893746  1.0383466998478033 1020.0848650564111 99.789056309201015 -52.114678746577667  1.0383466998473871 1020.0848677481179 100.19683005379518 -51.320104131688439  1.0383466998475341 1020.0848704816206 100.59763812633656 -50.522032857079409  1.0383466998475066 1020.0848604735412 100.99843994247675 -49.723958440389566  1.0383466998475428 1020.0848505052201 101.39227739462459 -48.922384757129777  1.0383466998473319 1020.0847549034688 101.77907335870556 -48.117360047991141  1.03834669984799 1020.0851226733326 102.1590775515923 -47.309081703296386  1.0383466998466071 1020.0843994736869 102.53145093450762 -46.497268026468923  1.038346699848705 1020.0848498359049 102.89733537648019 -45.682480311842326  1.0383466998463244 1020.0857134370457 103.25630738678967 -44.864631650374591  1.0383466998483848 1020.0846534190891 103.60712691528749 -44.043280057072359  1.0383466998470183 1020.084739908268 103.95135523153976 -43.219151627771957  1.0383466998476985 1020.0845999312166 104.28825355853127 -42.392029452607169  1.0383466998474604 1020.0844577445081 104.61791024085775 -41.562030938550862  1.0383466998475075 1020.0846312746386 104.72790853940032 -41.285409554771618  1.0383466998476325 1020.0848045178759 104.83710224399317 -41.008468509086647  1.0383466998469717 1020.0849775999451 104.945490224455 -40.731210429871254  1.038346699848816 1020.0851506465754 105.05307135109355 -40.453637945526744  1.0383466998452624 1020.0853237835007 105.15984449437921 -40.175753684780631  1.0383466998503554 1020.0854971364614 105.2658085255358 -39.897560276137575  1.0383466998447588 1020.0856708312015 105.37096231569836 -39.619060348635955  1.0383466998495325 1020.0858449934738 105.47530473690426 -39.340256530960858  1.0383466998463842 1020.0860197490346 105.5788346611524 -39.061151452262123  1.0383466998479465 1020.0861952236492 105.68155096113546 -38.781747741517002  1.0383466998474045 1020.0863715430889 105.78345250979345 -38.50204802790546  1.0383466998475064 1020.0857260216412 105.88492866058539 -38.222193478360246  1.038346699847382 1020.085080577267 105.98559045668264 -37.942041744751378  1.0383466998480178 1020.0844347388754 106.08543741552612 -37.661595581676664  1.0383466998463038 1020.0837880354617 106.18446905476749 -37.380857743970111  1.0383466998494753 1020.0831399961013 106.28268489252255 -37.099830986935785  1.0383466998451123 1020.0824901499584 106.38008444694904 -36.818518065976136  1.0383466998497273 1020.081838026272 106.47666723683614 -36.536921737015739  1.0383466998459232 1020.0811831543691 106.57243278095291 -36.255044756080785  1.0383466998483624 1020.0805250636516 106.66738059864976 -35.972889879613028  1.0383466998471731 1020.0798632836043 106.76151020942095 -35.690459864254926  1.038346699847583 1020.0791973437885 106.85482113316851 -35.407757466951466  1.0383466998475066 1020.0816359680791 106.94973615674887 -35.125586557405747  1.0383466998475008 1020.0840603000212 107.04383154198075 -34.843146223902203  1.0383466998475366 1020.0864721322179 107.13710470789952 -34.560438889698602  1.0383466998474276 1020.0888732586403 107.22955307514641 -34.277466978098907  1.0383466998476467 1020.091265474604 107.3211740662172 -33.99423291256057  1.0383466998473123 1020.0936505767331 107.41196510508374 -33.710739116446874  1.038346699847726 1020.096030362943 107.50192361773672 -33.426988013282269  1.0383466998473008 1020.0984066324002 107.59104703160968 -33.142982026437927  1.0383466998476574 1020.1007811855058 107.67933277613859 -32.858723579332143  1.0383466998474291 1020.1031558238586 107.76677828235594 -32.574215095264364  1.0383466998475273 1020.1055323502328 107.85338098316703 -32.289458997449302  1.0383466998475075 1020.0968372692271 107.93395377169175 -32.002896998280164  1.0383466998476298 1020.0880057876498 108.01368214958319 -31.716072105966475  1.0383466998469837 1020.0790286090222 108.09257330407637 -31.428988961853605  1.038346699848782 1020.0698964375697 108.17063454818359 -31.141652243809759  1.038346699845331 1020.0605999875611 108.24787332548917 -30.854066666269084  1.0383466998502513 1020.0511299926569 108.32429721541799 -30.566236980291436  1.0383466998448829 1020.0414772152471 108.39991393777908 -30.278167973549159  1.0383466998494157 1020.0316324557995 108.47473135821886 -29.9898644704787  1.0383466998464674 1020.021586562199 108.54875749273147 -29.701331332172337  1.0383466998479054 1020.0113304390932 108.62200051297478 -29.412573456577469  1.0383466998474151 1020.0008550572348 108.69446875102517 -29.123595778417361  1.0383466998475064 1020.0392989246511 108.78944640694064 -28.840636619107009  1.0383466998475093 1020.075298111104 108.88383931129226 -28.557548960790854  1.0383466998475099 1020.1090095341854 108.97746918152993 -28.274294897638974  1.0383466998474631 1020.1405942163744 109.07018685978773 -27.990844597340839  1.0383466998476245 1020.1702148791369 109.16186897639669 -27.707175305209965  1.0383466998473068 1020.1980335370231 109.25241461381478 -27.423270348581617  1.038346699847732 1020.2242090917673 109.34174197001803 -27.139118140741587  1.0383466998473236 1020.2488949263857 109.42978502244821 -26.854711185462989  1.038346699847615 1020.2722364992759 109.51649019149562 -26.570045080899192  1.0383466998474613 1020.2943689383151 109.60181300429856 -26.285117524033879  1.0383466998475164 1020.315414634959 109.68571475836546 -25.999927314739949  1.0383466998475066 1020.2392917258662 109.69431942820589 -25.696849023733051  1.0383466998476223 1020.1457701382252 109.69641433977642 -25.391971550174262  1.0383466998470259 1020.0287802827938 109.69363909185931 -25.085709974978904  1.0383466998486779 1019.8877754341023 109.68139198619843 -24.7770855719792  1.0383466998455049 1019.6865960084758 109.68823141333365 -24.472630634346224  1.0383466998500348 1019.4893766918713 109.67883613538123 -24.164310505889063  1.0383466998450908 1019.1513056977833 109.71967821565093 -23.867617211211765  1.0383466998492628 1018.8537590331387 109.86529130619289 -23.593883810825574  1.0383466998465494 1018.5943455897257 110.04592891140356 -23.327883607542582  1.0383466998478763 1018.384947208776 110.24653052930535 -23.066344563226245  1.0383466998474218 1018.2201844081561 110.44933169361391 -22.805445929020841  1.0383466998475064 1018.3716401843857 110.3336178573355 -22.703534606164666  1.0383466998475066 1018.5624885371365 110.22011101429938 -22.60171938637739  1.0383466998474993 1018.7972207931069 110.12284070892551 -22.502941915507044  1.0383466998475257 1019.0656537712522 110.05775720168444 -22.410659013832607  1.038346699847513 1019.3728625285893 110.06429162977599 -22.33317784212646  1.0383466998474196 1019.5900229124534 110.13959272405924 -22.270841412117619  1.0383466998476756 1019.7864745365197 110.20399853092596 -22.206403331643294  1.0383466998473212 1019.9388849758835 110.28970961631924 -22.146833123528239  1.0383466998476334 1020.0634368412811 110.37075176886538 -22.086557449706035  1.0383466998474575 1020.2657001725172 110.52809626738636 -21.965521676653673  1.0383466998475648 1020.3948599309692 110.66790898600706 -21.841704161227547  1.0383466998474373 1020.4461974975636 110.73213916640557 -21.77879919414741  1.0383466998477671 1020.4878862366339 110.79090300180985 -21.714921386422276  1.0383466998469855 1020.5224119887511 110.84489972944542 -21.650203471651778  1.0383466998482178 1020.5514620173711 110.89480823781682 -21.58477867059954  1.0383466998468114 1020.5761945005324 110.94113376674684 -21.518746868424536  1.0383466998479769 1020.5974522546045 110.984263602873 -21.452184999899409  1.0383466998473145 1020.6159044978546 111.02458430927723 -21.385170798187438  1.0383466998475241 1020.6644923891361 111.13837047928699 -21.183025583915622  1.0383466998475317 1020.6961803633823 111.23283969162998 -20.978020718722327  1.0383466998474244 1020.7129238169879 111.28947903793389 -20.840536313314331  1.0383466998478337 1020.7268412281885 111.34119113408744 -20.702527755784182  1.0383466998468582 1020.738760929867 111.38889338487886 -20.564185151181114  1.0383466998483666 1020.7492399052567 111.43321973958658 -20.425640265424541  1.038346699846677 1020.7587413979519 111.47463831951808 -20.286990186189151  1.0383466998481026 1020.7676452333742 111.51350507465632 -20.148308497869387  1.0383466998471909 1020.7762020907003 111.55008389578927 -20.009649710430097  1.0383466998476234 1020.7845429643279 111.58456360164826 -19.871052694818552  1.0383466998474806 1020.7928550538887 111.61710222644028 -19.732548866505773  1.0383466998475064 
1021.3618191634549 -9.9349928690512854 -113.55748812084502  0.85353433019614933 1021.3618191634548 -2.4275987804095394 -114.21429999619752  0.85353433019618097 1021.3618191634566 5.1275639929012371 -114.32512032006349  0.85353433019602343 1021.3618191634562 12.686360872097787 -113.88617444548436  0.85353433019645886 1021.3618191634545 20.204351659873552 -112.8975967778437  0.8535343301956182 1021.3618191634536 27.637146360378289 -111.36354451331054  0.85353433019681779 1021.3618191634541 34.940816726627347 -109.29222402342334  0.85353433019552838 1021.3618191634553 42.072333730888374 -106.69583833789463  0.85353433019657876 1021.3618191634561 48.990001157011953 -103.59046417814179  0.85353433019593228 1021.3618191634554 55.65385550864098 -99.995866993248924  0.85353433019622715 1021.3618191634547 62.026002433330824 -95.93526245134754  0.85353433019613301 1021.3618191634554 71.214185716480458 -89.09491343855251  0.85353433019615876 1021.3618191634561 74.269012760404848 -86.63591922262296  0.85353433019612723 1021.3618191672051 77.230360496377727 -84.061784913933835  0.85353433019614355 1021.361819171003 80.093407892686315 -81.376464210724777  0.85353433019626379 1021.361819170421 82.853517437160292 -78.584131044843147  0.85353433019590053 1021.3618191643058 85.506254641586565 -75.689176650094566  0.85353433019645353 1021.3618191559789 88.047402990498441 -72.696202441718825  0.85353433019590097 1021.3618191517562 90.472974335671964 -69.610008704731001  0.85353433019629366 1021.3618191566471 92.77921473449463 -66.435579093108146  0.8535343301960916 1021.3618191673635 94.962605734136304 -63.178060938353184  0.85353433019616354 1021.3618191625382 97.019861099905967 -59.842741368349081  0.85353433019614966 1021.3618191629246 97.494612639286657 -59.073052422547676  0.85353433019616676 1021.3618191624836 97.962646907293887 -58.299220188535642  0.85353433019608838 1021.361819163739 98.423923632172503 -57.521309793277361  0.85353433019626213 1021.3618191658611 98.878403595291886 -56.739386954552678  0.85353433019603153 1021.3618191663511 99.326048499415975 -55.953517907064736  0.85353433019621849 1021.3618191627381 99.766820837469311 -55.163769328180138  0.85353433019613112 1021.3618191542602 100.20068376050307 -54.370208264222072  0.85353433019614666 1021.3618191435613 100.62760094671864 -53.572902056079059  0.85353433019615499 1021.3618191383753 101.04753646934049 -52.771918265514358  0.85353433019614655 1021.3618191532186 101.46045466551752 -51.967324600883501  0.85353433019615055 1021.3618192110782 101.86632000447602 -51.159188843260637  0.85353433019614988 1021.3618191910704 102.27216890815842 -50.351044831532846  0.85353433019619041 1021.3618192139626 102.67096488820141 -49.539358852661735  0.85353433019596003 1021.3618187936472 103.06255831606778 -48.724153653442798  0.8535343301966607 1021.3618204944992 103.44766203596194 -47.905795241739753  0.85353433019520664 1021.3618170426794 103.82413615878826 -47.0835016396382  0.85353433019742087 1021.3618180424519 104.19499899026383 -46.258606511755325  0.85353433019485903 1021.3618218292822 104.55920893307425 -45.430733601531841  0.85353433019715186 1021.3618190372943 104.91358740789714 -44.598647519986969  0.85353433019556302 1021.3618204773496 105.26222435444127 -43.764160968517345  0.85353433019639247 1021.3618196693081 105.60325542425841 -42.926563068687706  0.8535343301960906 1021.3618166028614 105.936953239136 -42.086053296841975  0.85353433019615044 1021.3618170227581 106.04848215604123 -41.806001090852945  0.8535343301962548 1021.3618171602138 106.15919656920846 -41.525624467678661  0.85353433019570346 1021.3618171458897 106.26909534186271 -41.244926052184553  0.85353433019723812 1021.3618171104554 106.37817733739041 -40.963908469193434  0.85353433019429181 1021.3618171845744 106.48644141882986 -40.682574343771506  0.85353433019850455 1021.3618174989293 106.59388644972657 -40.400926300729594  0.8535343301938767 1021.3618181841869 106.70051129298314 -40.118966965326216  0.85353433019783231 1021.3618193710373 106.80631481212998 -39.836698962457305  0.85353433019520875 1021.3618211901578 106.91129587017375 -39.554124917424872  0.85353433019652514 1021.3618237722403 107.01545333045624 -39.271247455342099  0.85353433019606129 1021.3618272479746 107.1187860561401 -38.9880692015035  0.85353433019614966 1021.3618269459778 107.22100340314444 -38.704484993467823  0.85353433019602287 1021.3618271008738 107.32239402273771 -38.42060292984609  0.85353433019667069 1021.3618272234618 107.422957461127 -38.136425782164999  0.85353433019492364 1021.3618268245856 107.52269326463218 -37.851956321723712  0.8535343301981555 1021.3618254151296 107.62160097991728 -37.56719731989638  0.85353433019371316 1021.3618225060283 107.71968015356894 -37.282151547633241  0.85353433019840597 1021.3618176082534 107.8169303326894 -36.996821776111943  0.85353433019454572 1021.3618102328302 107.91335106421212 -36.711210776026299  0.85353433019701264 1021.3617998908228 108.00894189552741 -36.425321318221187  0.85353433019581648 1021.3617860933466 108.10370237401406 -36.139156173217167  0.85353433019622582 1021.3617683515615 108.19763204731052 -35.852718111493054  0.85353433019614999 1021.3617872811211 108.2958061085599 -35.567686632004943  0.85353433019616787 1021.3617960152233 108.39314280300481 -35.28236646036504  0.85353433019607794 1021.3617964488673 108.48963948419038 -34.996760025728541  0.85353433019631531 1021.3617904771811 108.58529350783851 -34.710869758504231  0.85353433019587777 1021.3617799953796 108.68010223141496 -34.424698090430851  0.85353433019648717 1021.3617668987597 108.77406301483717 -34.138247454365285  0.85353433019582547 1021.3617530826405 108.86717321949402 -33.851520284518557  0.85353433019638991 1021.3617404423696 108.95943020931568 -33.564519016119817  0.85353433019601443 1021.3617308732651 109.05083134978366 -33.277246085685661  0.85353433019620506 1021.361726270608 109.14137400865314 -32.989703930758758  0.85353433019613556 1021.3617285296025 109.23105555550687 -32.70189499002872  0.85353433019615044 1021.3618965637897 109.30530276689916 -32.409467293595753  0.85353433019625669 1021.3619931056019 109.37852527580174 -32.116773247796566  0.85353433019569447 1021.3620075819684 109.45072694430795 -31.823817065235033  0.85353433019726166 1021.3619292826572 109.5219117112398 -31.530602993537848  0.85353433019424751 1021.3617473607439 109.59208360465354 -31.237135318214776  0.85353433019856861 1021.3614508330736 109.66124675584427 -30.943418364175848  0.85353433019380409 1021.3610285807329 109.72940541111171 -30.649456499243179  0.8535343301978966 1021.3604693495117 109.79656394626986 -30.355254135231846  0.853534330195167 1021.3597617503724 109.86272687837396 -30.060815731487828  0.85353433019654235 1021.3588942599151 109.92789887978358 -29.76614579636172  0.85353433019605751 1021.3578552208447 109.99208479061483 -29.471248890113905  0.85353433019614966 1021.3610743883335 110.12234632048676 -29.194085746189927  0.85353433019614389 1021.3625265625462 110.24941589548264 -28.915908936328364  0.85353433019618241 1021.362493605817 110.37331231335588 -28.636741097546221  0.85353433019605152 1021.3612265776197 110.49407687764082 -28.356610190734337  0.85353433019632607 1021.3589481053197 110.61176876925225 -28.075548239487709  0.85353433019592861 1021.3558547549143 110.72646041635734 -27.793590068814446  0.85353433019634173 1021.352119401787 110.83823286678472 -27.510772044098623  0.85353433019603597 1021.3478936014495 110.94717115738558 -27.227130809644791  0.85353433019619251 1021.3433099602904 111.05335968641131 -26.942702027770203  0.85353433019614111 1021.3384845063232 111.15687758343373 -26.657519117325222  0.85353433019614933 1021.3335190599316 111.25779408089961 -26.371611992687932  0.85353433019614999 1021.3545081594109 111.20782990830321 -26.050251270603901  0.85353433019622338 1021.3712106501795 111.13440560526699 -25.723817205189995  0.85353433019584168 1021.3780866708869 111.03210391452268 -25.391171010938606  0.85353433019690128 1021.3800614076865 110.89765204066755 -25.051588307679559  0.85353433019487002 1021.3225918271164 110.70961078719492 -24.700723331200187  0.85353433019775082 1021.2851753522961 110.5157733529544 -24.348669246811966  0.85353433019464331 1021.1034839936846 110.2005403838987 -23.971023867393299  0.8535343301972278 1020.8273224169802 109.99339975223396 -23.618185497896214  0.85353433019556735 1020.5342491602361 109.8492144043696 -23.279685801299486  0.85353433019637615 1020.2486678565205 109.77175417243633 -22.956161495433719  0.85353433019609681 1019.9874360327693 109.74448161301518 -22.643805663333282  0.85353433019614966 1020.2288754125101 109.84418135321636 -22.586372074531205  0.85353433019617808 1020.4920540881052 109.98790916242137 -22.538009962361507  0.85353433019602465 1020.7638700573732 110.18911365023922 -22.501630136839033  0.85353433019646119 1021.0200164043144 110.44653747783121 -22.477120544802347  0.85353433019563962 1021.2190328990212 110.78981667021347 -22.470998502572883  0.85353433019674829 1021.28483985742 111.07777017103962 -22.454027408158325  0.8535343301956364 1021.3501539119567 111.33665520042777 -22.430874885374429  0.8535343301964623 1021.3642070663412 111.56092900727562 -22.400722242865534  0.85353433019602931 1021.3663138431965 111.75219201765148 -22.3636559591828  0.85353433019616276 1021.3468893708506 112.08110263818027 -22.278324943488563  0.85353433019616076 1021.3019363178836 112.32008886226822 -22.174124731702236  0.85353433019611358 1021.2776327066555 112.42174841984615 -22.118262757234994  0.85353433019632552 1021.2534723390478 112.50958382597501 -22.059475188896528  0.85353433019578295 1021.2301909925272 112.58670544036858 -21.998415786747763  0.85353433019664882 1021.2080561735254 112.65534693068264 -21.935555839167009  0.85353433019567093 1021.1872061883944 112.71706305958098 -21.871223878712406  0.85353433019646463 1021.1677186978045 112.77299508963162 -21.805661336869591  0.8535343301960312 1021.1495654469705 112.82409598909531 -21.739070409909573  0.85353433019614877 1021.0986986982068 112.96543088377069 -21.536750385799152  0.85353433019621028 1021.0581813911397 113.07583137179003 -21.327846158208651  0.85353433019601432 1021.0351336019816 113.14038083098798 -21.186651223669173  0.85353433019664871 1021.0153872381188 113.19836507557798 -21.044063591825179  0.85353433019514602 1020.9983933572769 113.25117934333286 -20.900384411413476  0.85353433019753888 1020.9837573843103 113.29975191114235 -20.755814928336378  0.85353433019474034 1020.971215429225 113.34480832043229 -20.610512578718861  0.85353433019721803 1020.9605799858451 113.38691538891553 -20.464600670905881  0.85353433019554803 1020.9516890594319 113.42644402179934 -20.318160857214252  0.85353433019639002 1020.9443927716868 113.4635898364489 -20.171237591112892  0.85353433019609259 1020.9386114914686 113.4985906135805 -20.023883770473951  0.85353433019614966 
1020.0969453779003 -10.0596656122393 -114.98250409620543  1.0383466998475064 1020.0969453779177 -2.4580557108578915 -115.64755878711321  1.0383466998475452 1020.0969453779353 5.1918227069487841 -115.7597611583099  1.0383466998473565 1020.096945377913 12.845549703119154 -115.31528794043015  1.0383466998478685 1020.0969453778742 20.457969882174126 -114.31431325504261  1.038346699846898 1020.096945377894 27.984015193586067 -112.76104644660816  1.0383466998482482 1020.0969453778954 35.379246665495096 -110.66375923249032  1.0383466998468458 1020.0969453779418 42.600218004976455 -108.03477297886678  1.0383466998479389 1020.0969453779036 49.604764004337582 -104.89037690862465  1.0383466998473025 1020.0969453779047 56.352316687020654 -101.25064804957728  1.038346699847575 1020.0969453778918 62.804352133401416 -97.13914372900058  1.0383466998474931 1020.0969453779122 72.107844689715009 -90.212950142981725  1.0383466998475133 1020.0969453779447 75.200987309498515 -87.723112351747105  1.0383466998475028 1020.0969454672606 78.199485528041563 -85.116687953077715  1.0383466998474395 1020.0969455687496 81.098465814497146 -82.397670374210563  1.0383466998477502 1020.0969455774643 83.893227905853394 -79.570284319396137  1.0383466998470694 1020.0969454484099 86.579271989914574 -76.638981685333775  1.0383466998480138 1020.0969452319594 89.15231952366824 -73.608431639131865  1.0383466998470907 1020.0969450585583 91.608327688013105 -70.483504857481378  1.0383466998477524 1020.0969450712457 93.943497477760687 -67.269251928197221  1.0383466998474078 1020.0969453071207 96.154275427878275 -63.970875913292119  1.0383466998475306 1020.0969455270102 98.237348975275125 -60.593699074072347  1.0383466998475068 1020.0969453337917 98.7180583718376 -59.814350644505922  1.0383466998474951 1020.0969451396861 99.191965440765074 -59.030808155596887  1.0383466998475668 1020.0969452623023 99.659030364804551 -58.24313650084963  1.0383466998473319 1020.0969456960788 100.11921374152517 -57.451401725888346  1.0383466998478716 1020.0969462173014 100.57247664333552 -56.655670798735919  1.0383466998469659 1020.0969464890961 101.01878067701554 -55.85601138027198  1.0383466998480761 1020.0969461664566 101.45808804387913 -55.052491594441022  1.0383466998470703 1020.0969450012331 101.89036159928807 -54.24517979874669  1.0383466998477533 1020.0969429471559 102.31556491269529 -53.434144354473666  1.0383466998474074 1020.0969402648341 102.73366232734763 -52.619453397126051  1.0383466998475304 1020.0969376267683 103.14461902015861 -51.801174606722867  1.038346699847507 1020.0969476705453 103.55556936038113 -50.982892625930596  1.0383466998475313 1020.0969577605268 103.95937761972677 -50.161025515490763  1.0383466998473834 1020.0970532321267 104.3559635562234 -49.335626747803566  1.0383466998478696 1020.0966861484638 104.7455935009925 -48.506869088080428  1.0383466998468096 1020.0974077871065 105.12739645922628 -47.674507514340768  1.0383466998484541 1020.0969560777398 105.50253682624393 -46.839101889575097  1.038346699846558 1020.0960936393546 105.87059697346598 -46.000536069937105  1.0383466998482251 1020.0971559088166 106.23030967328512 -45.158378299748968  1.0383466998470992 1020.0970717209831 106.58324899188267 -44.31339296619138  1.0383466998476709 1020.0972111822102 106.92867585116484 -43.465334218109248  1.0383466998474669 1020.0973483628815 107.26667794335145 -42.614325761949537  1.0383466998475079 1020.0971742703957 107.37945989735437 -42.330701801092424  1.0383466998476496 1020.0969999417183 107.49141707598235 -42.046749491630969  1.0383466998469058 1020.096825512466 107.6025483441592 -41.76247145796151  1.038346699848971 1020.0966511182568 107.71285256660097 -41.477870324209114  1.0383466998450053 1020.0964768947005 107.82232860726374 -41.192948714795691  1.0383466998506818 1020.0963029774135 107.93097533028012 -40.907709253469847  1.0383466998444395 1020.0961295019982 108.03879159867034 -40.622154564688188  1.0383466998497759 1020.0959566040648 108.14577627578072 -40.336287272054193  1.0383466998462436 1020.0957844192106 108.25192822396129 -40.050109999789399  1.0383466998480062 1020.0956130830351 108.35724630555059 -39.763625371633481  1.0383466998473903 1020.0954427311303 108.46172938228213 -39.476836011523964  1.0383466998475068 1020.0960913218736 108.56578214895589 -39.189890043140899  1.0383466998473707 1020.096741329562 108.66899798529769 -38.902642776592558  1.0383466998480662 1020.0973922487451 108.77137643954057 -38.615096984494947  1.0383466998461859 1020.0980435739223 108.87291705989294 -38.327255439188619  1.0383466998496897 1020.0986947995409 108.97361939417374 -38.03912091230363  1.0383466998448188 1020.099345420002 109.07348299037901 -37.750696175562815  1.0383466998500364 1020.0999949296565 109.17250739594321 -37.461983999627087  1.0383466998456785 1020.1006428228109 109.27069215849883 -37.172987155475042  1.0383466998485082 1020.1012885937257 109.36803682521263 -36.88370841308889  1.0383466998471127 1020.101931736618 109.46454094324298 -36.594150542484265  1.0383466998475985 1020.1025717456623 109.56020405946988 -36.304316313085629  1.038346699847507 1020.1001353245074 109.65751932997802 -36.015029712459025  1.0383466998474991 1020.0977011062627 109.75398951598044 -35.725451692309619  1.0383466998475486 1020.0952709959745 109.84961202345104 -35.435584650993341  1.0383466998473885 1020.0928468974156 109.94438425809075 -35.145430987802193  1.0383466998477318 1020.0904307130899 110.03830362574872 -34.854993102850486  1.0383466998471909 1020.0880243442417 110.13136753165227 -34.564273397281049  1.0383466998478521 1020.0856296908586 110.22357338141441 -34.273274273005519  1.0383466998472057 1020.0832486516812 110.31491857986416 -33.981998133001071  1.0383466998477107 1020.0808831242073 110.40540053208315 -33.690447381052408  1.0383466998474089 1020.078535004699 110.49501664259182 -33.398624421960633  1.0383466998475324 1020.0762061881894 110.58376431581067 -33.106531661420483  1.0383466998475079 1020.0850761602123 110.66670082579398 -32.812701336745654  1.0383466998476472 1020.0940436113619 110.74864499863318 -32.518616824855684  1.0383466998469166 1020.1031013524956 110.82959947157383 -32.224281475918083  1.038346699848941 1020.1122420885412 110.90956681499952 -31.929698630429741  1.0383466998450661 1020.1214584095076 110.9885495370842 -31.634871621416991  1.0383466998505892 1020.1307427815065 111.06655008951122 -31.339803775465761  1.038346699844551 1020.140087537757 111.14357087163793 -31.044498415504677  1.0383466998496698 1020.1494848696118 111.21961423650623 -30.748958861449573  1.0383466998463207 1020.1589268175607 111.2946824950544 -30.45318843298319  1.0383466998479671 1020.1684052622537 111.36877792176693 -30.157190450593298  1.0383466998474007 1020.1779119155105 111.4419027593872 -29.860968237762485  1.0383466998475068 1020.1417661751057 111.54321076625024 -29.5723326800397  1.0383466998474991 1020.1066500554894 111.64166583528397 -29.282778043542173  1.038346699847555 1020.0726541335953 111.73743064953752 -28.992357771882787  1.038346699847349 1020.0398412498073 111.83065603388948 -28.70112131970621  1.0383466998478346 1020.0082507326809 111.92148073981804 -28.409114180620591  1.0383466998470201 1019.9779026236507 112.0100312306768 -28.116377915920225  1.0383466998480291 1019.9488019017568 112.09642146622186 -27.822950182026432  1.0383466998470927 1019.92094270835 112.18075268805875 -27.528864759624788  1.0383466998477491 1019.8943125718168 112.26311320414499 -27.234151580961907  1.0383466998474071 1019.8688966322892 112.3435781741014 -26.938836758775444  1.0383466998475299 1019.8446818663638 112.4222093939517 -26.642942614049169  1.038346699847507 1019.9375477871602 112.46038348155008 -26.337736887942398  1.0383466998476207 1020.044745573096 112.4858098984501 -26.030151758874723  1.0383466998470319 1020.1679780487999 112.49280106900562 -25.718921362557673  1.0383466998486659 1020.3114538601319 112.48355592538937 -25.404491569424557  1.0383466998455229 1020.4693710581474 112.41317622063886 -25.077018939531641  1.038346699850019 1020.6384679888629 112.35375777214858 -24.752304391239299  1.0383466998451025 1020.8373689310533 112.15024988197808 -24.396157656213973  1.0383466998492552 1020.9227909083788 111.92428790461577 -24.03593365629532  1.0383466998465556 1020.9565105669571 111.71109770845823 -23.678850762201733  1.0383466998478734 1020.9452516653349 111.52874006631951 -23.32869237779915  1.0383466998474233 1020.9072099845196 111.38240016647029 -22.986381503460784  1.0383466998475068 1020.9403867293076 111.59394882436585 -22.953337052188957  1.0383466998475137 1020.9507973357648 111.83705051666777 -22.927151021870969  1.0383466998474722 1020.9239055470151 112.10798698697289 -22.907113830604338  1.0383466998475954 1020.851253310503 112.38983699876823 -22.889681610416019  1.0383466998473878 1020.6959644761904 112.66589953431392 -22.871546141564465  1.0383466998475948 1020.5285023873425 112.83070673994996 -22.829933287819458  1.0383466998474884 1020.3813531711794 112.98405850184719 -22.785669315640966  1.0383466998474729 1020.2389073295562 113.08949555028254 -22.731155528704292  1.0383466998475486 1020.115150781398 113.17421357094926 -22.672030528516864  1.0383466998474835 1019.8963485520912 113.30711869555975 -22.545646248870924  1.0383466998475406 1019.7311024896054 113.38826603217817 -22.407508393383452  1.0383466998474618 1019.6603363199774 113.42075268196169 -22.3365337608559  1.0383466998476916 1019.5993519454654 113.4480120977428 -22.264270555064947  1.0383466998471305 1019.5462348083865 113.47172492303271 -22.191086519138167  1.0383466998480231 1019.499509675086 113.49291956061646 -22.117208918534082  1.0383466998470066 1019.4581312762497 113.51227721203875 -22.042788833370963  1.0383466998478392 1019.4213231774461 113.53027979913244 -21.967933471052966  1.0383466998473787 1019.3884012850107 113.54726550934853 -21.892719139720171  1.0383466998475104 1019.2993526071762 113.59583910413036 -21.666154283987545  1.0383466998475548 1019.2357799803953 113.63880615646244 -21.437177254811644  1.0383466998473925 1019.2011581827023 113.66626709131745 -21.283756562798402  1.0383466998479349 1019.172286801242 113.69298748890148 -21.129676256864222  1.0383466998466528 1019.1479707710936 113.71906949755811 -20.974968615903947  1.0383466998486701 1019.1274048059785 113.74454047260657 -20.819647614425868  1.0383466998463482 1019.1099776196658 113.76943806138172 -20.663728293394939  1.0383466998483721 1019.0952199450354 113.79379031041569 -20.507223015991848  1.038346699847027 1019.082811233345 113.81756702389637 -20.350131260481113  1.0383466998476945 1019.0725599162487 113.84067859845022 -20.192439606381214  1.0383466998474633 1019.0642721131186 113.86309856278669 -20.034148566711472  1.0383466998475068 
1018.5552895584298 -10.044640571616 -114.81076709600788  1.036729623209611 1018.555289558445 -2.4543851682409752 -115.47482839707874  1.036729623209661 1018.5552895584608 5.184078513908382 -115.58686420969786  1.0367296232094145 1018.555289558441 12.826364927111634 -115.14305712422163  1.0367296232100947 1018.555289558407 20.427404868531809 -114.14357647583113  1.0367296232087739 1018.5552895584239 27.942212004101613 -112.59262532434458  1.0367296232106797 1018.5552895584256 35.326408912212074 -110.49846751187854  1.0367296232085992 1018.555289558466 42.536599587211526 -107.87341014320715  1.0367296232103236 1018.5552895584329 49.530675342117092 -104.73371683133448  1.0367296232092471 1018.5552895584337 56.268141049976059 -101.09942705399698  1.0367296232097354 1018.5552895584223 62.710548663884026 -96.994056963095915  1.0367296232095942 1018.5552895584403 72.000144626062223 -90.078209008122911  1.036729623209609 1018.555289558469 75.088669611978503 -87.592088356366986  1.0367296232096839 1018.5552896374728 78.082690693145253 -84.989555481318305  1.0367296232093224 1018.5552897271882 80.977340593477692 -82.274598973747345  1.0367296232102767 1018.5552897347828 83.767926513518489 -79.451437352919001  1.036729623208581 1018.5552896205442 86.449956470034493 -76.524515176325423  1.0367296232107559 1018.555289429176 89.019159441393697 -73.498493477479371  1.0367296232086711 1018.5552892761635 91.471499319021021 -70.378234531863313  1.0367296232101832 1018.5552892879115 93.80318266495415 -67.168780950832669  1.0367296232093677 1018.5552894966512 96.010660275184335 -63.875329103811694  1.0367296232096712 1018.5552896894591 98.09062254923515 -60.50319686837517  1.0367296232096115 1018.555289519573 98.570613734483402 -59.725012439264972  1.0367296232096117 1018.5552893488072 99.043812841622838 -58.94264007120843  1.0367296232096226 1018.5552894567962 99.510180327628831 -58.156144861786302  1.0367296232095418 1018.55528983855 99.96967680709156 -57.365592814793935  1.0367296232098253 1018.5552902970128 100.42226319701302 -56.57105068718149  1.0367296232092311 1018.5552905356144 100.86790086099887 -55.772585835952256  1.0367296232100442 1018.5552902508347 101.30655175435496 -54.97026606510039  1.0367296232092711 1018.5552892247509 101.73817856807851 -54.164159472528326  1.0367296232098033 1018.5552874176029 102.16274487395842 -53.354334296957759  1.0367296232095353 1018.5552850603431 102.5802152687626 -52.540858764867401  1.0367296232096288 1018.5552827471964 102.9905555190374 -51.723800937398352  1.0367296232096117 1018.5552915780629 103.40090170563965 -50.906746091264658  1.0367296232096233 1018.5553004548281 103.80411660575558 -50.086111225738222  1.0367296232095404 1018.5553843619888 104.20020618968888 -49.261983565927579  1.0367296232098402 1018.5550617645499 104.58888430734864 -48.434318057635153  1.036729623209155 1018.5556959383777 104.97083978936695 -47.603496166008007  1.0367296232102372 1018.5552988301599 105.34497422225382 -46.769140530274385  1.0367296232089958 1018.5545408621466 105.71162257475368 -45.931469933278059  1.0367296232100607 1018.5554746493124 106.07185318363702 -45.091020126166114  1.0367296232093668 1018.5554008253289 106.42418123025934 -44.247258870503913  1.0367296232097067 1018.5555234110627 106.76923215103909 -43.400523490281159  1.0367296232095884 1018.5556437368148 107.10686986019738 -42.550841611855873  1.0367296232096126 1018.555490617267 107.21930878865135 -42.267571820978972  1.0367296232097021 1018.555337283683 107.33092398930634 -41.983974726287045  1.036729623209228 1018.5551838710697 107.44171433246055 -41.700052954179085  1.0367296232105392 1018.5550305144304 107.55167868807584 -41.415809131017241  1.0367296232080563 1018.5548773487628 107.66081592579206 -41.131245882913959  1.0367296232115237 1018.5547245090613 107.7691249148702 -40.846365836098755  1.0367296232078422 1018.5545721303137 107.87660452429685 -40.56117161645183  1.0367296232108572 1018.554420347504 107.98325362263409 -40.275665850017056  1.0367296232089491 1018.5542692956091 108.08907107816952 -39.989851162566332  1.0367296232098642 1018.5541191096007 108.19405575879389 -39.703730179921507  1.0367296232095538 1018.5539699244439 108.29820653207079 -39.417305527780741  1.0367296232096115 1018.554539500627 108.40276088016307 -39.131027767861987  1.0367296232094589 1018.5551107613875 108.50648103051134 -38.84444728817806  1.0367296232102361 1018.5556832045597 108.60936651329757 -38.557566850677468  1.0367296232081404 1018.5562563279046 108.71141685835778 -38.270389217089175  1.0367296232120324 1018.556829629105 108.81263159542922 -37.982917148734707  1.0367296232066352 1018.5574026057757 108.91301025371749 -37.695153406910137  1.0367296232124179 1018.5579747554515 109.01255236248775 -37.407100752312559  1.036729623207572 1018.558545575602 109.11125745038967 -37.118761945776313  1.0367296232107344 1018.5591145636196 109.20912504607489 -36.830139747538112  1.0367296232091681 1018.5596812168297 109.30615467772824 -36.54123691784995  1.036729623209715 1018.5602450324859 109.40234587334319 -36.252056216595591  1.0367296232096117 1018.5580930401757 109.49701416985313 -35.962370923803064  1.0367296232095786 1018.555947247727 109.59084504800634 -35.67240561962317  1.0367296232097589 1018.5538094971416 109.68383598598994 -35.382162681732744  1.0367296232092267 1018.5516816292225 109.77598446031197 -35.091644487754564  1.0367296232103183 1018.5495654835927 109.86728794623966 -34.800853415080617  1.0367296232086425 1018.5474628987312 109.95774391699814 -34.509791841273625  1.0367296232106249 1018.5453757119845 110.04734984487465 -34.218462143527212  1.0367296232088004 1018.5433057596066 110.13610319992358 -33.926866699376191  1.0367296232100978 1018.5412548767711 110.22400145115921 -33.635007886046409  1.0367296232094076 1018.539224897606 110.31104206562667 -33.342888081015552  1.0367296232096603 1018.5372176552139 110.39722250894957 -33.050509661700019  1.0367296232096126 1018.5448872256595 110.48911288271798 -32.759841207980216  1.0367296232097065 1018.5527026776107 110.58014912195071 -32.468927488609346  1.0367296232092074 1018.5606595149126 110.67033542276394 -32.177771671899002  1.0367296232105931 1018.5687532446798 110.75967586918877 -31.886376893208265  1.0367296232079533 1018.5769793691154 110.84817442840108 -31.594746254889309  1.0367296232116741 1018.5853333773234 110.93583494610712 -31.302882826099136  1.0367296232076728 1018.5938107371305 111.02266114169316 -31.010789642813215  1.036729623211003 1018.6024068868981 111.10865660366602 -30.718469707579054  1.0367296232088561 1018.6111172273421 111.19382478479682 -30.425925989560838  1.0367296232099055 1018.6199371133478 111.27816899751829 -30.133161424301584  1.0367296232095433 1018.6288618457875 111.36169240914035 -29.84017891371797  1.0367296232096115 1018.5948888092861 111.42366129547263 -29.541431315005511  1.0367296232096006 1018.563011811302 111.48470568033235 -29.242408210549328  1.0367296232096663 1018.5331338898181 111.54493459422136 -28.943139282708124  1.0367296232094445 1018.5051553656685 111.60443096236099 -28.643647003289949  1.0367296232099465 1018.4789758792261 111.66325465331101 -28.343947539903851  1.0367296232091183 1018.4544964270885 111.72144552732289 -28.044051662693612  1.0367296232101468 1018.4316213987665 111.77902648510997 -27.743965650428493  1.0367296232091798 1018.4102606133702 111.83600651607213 -27.443692197490186  1.0367296232098679 1018.3903313562959 111.89238374711275 -27.143231319829788  1.0367296232095042 1018.3717604159143 111.94814849092779 -26.842581261891922  1.0367296232096372 1018.3544861202562 112.00328629467552 -26.541739402806677  1.0367296232096117 1018.4214453481659 112.12854022524783 -26.257543739588193  1.0367296232096765 1018.5040825395083 112.25820772861189 -25.974623054694014  1.0367296232093421 1018.6076820850689 112.39117531757901 -25.692681950531082  1.0367296232102636 1018.7324025630696 112.53172644163558 -25.41263210075202  1.0367296232085155 1018.9112281861961 112.65566236786324 -25.128919766904929  1.0367296232109584 1019.0856453065528 112.7926828746163 -24.848320286233736  1.0367296232083685 1019.3867576225427 112.88810247139307 -24.558013136214711  1.0367296232104861 1019.6543713521058 112.88790215084305 -24.246696201945952  1.036729623209145 1019.8882008810854 112.85451649208221 -23.928016170756187  1.0367296232097918 1020.0769850575238 112.8011751396044 -23.60485154388617  1.0367296232095697 1020.2247705095408 112.7440473145023 -23.280686484793101  1.0367296232096115 1020.0845709987078 112.8722686735035 -23.231140709127217  1.0367296232096304 1019.9092293338014 112.99728563825818 -23.181246230767499  1.0367296232095289 1019.6951996493279 113.10643946695862 -23.128346638410669  1.0367296232098164 1019.4520854515869 113.18580833576377 -23.069420637977309  1.036729623209294 1019.1766335505906 113.20006278291788 -22.997017834672057  1.0367296232099468 1018.9836586372152 113.15568457192697 -22.911664605680322  1.0367296232093677 1018.8087789725059 113.12158024416124 -22.828308107214532  1.0367296232097283 1018.6738457359286 113.0697393477364 -22.740875393803172  1.0367296232095842 1018.5636052263009 113.02281975534083 -22.654235922028704  1.0367296232096026 1018.38476121705 112.93443145760126 -22.481655494960172  1.0367296232096417 1018.2706236765525 112.86345673450555 -22.311950789689803  1.0367296232095589 1018.2252114325598 112.83331219546292 -22.228051649768943  1.0367296232098435 1018.1882681081888 112.80820363061201 -22.14505993457658  1.0367296232091283 1018.1576096335596 112.78742169664142 -22.062839391754373  1.0367296232102901 1018.1317635118662 112.77029967254381 -21.981258510137849  1.0367296232089227 1018.1097235612058 112.75634190999868 -21.900218972223747  1.0367296232100995 1018.0907610834965 112.74516761500298 -21.819644995442495  1.0367296232094052 1018.0743021821543 112.73640195857786 -21.739461210742888  1.0367296232096264 1018.0310384859993 112.71613562725244 -21.499837739479794  1.0367296232096648 1018.0032415753149 112.71179887267323 -21.262561035162456  1.0367296232094703 1017.9889500982819 112.71381268217536 -21.10497872160807  1.0367296232101577 1017.97764067707 112.71934709263786 -20.947716230277287  1.0367296232085002 1017.9686885070848 112.72748187121243 -20.790585438928055  1.0367296232111547 1017.9617016922398 112.73755787533898 -20.633452069335597  1.0367296232080445 1017.9563666055262 112.74906671184718 -20.476213407686416  1.0367296232108043 1017.9524404012866 112.76160256981416 -20.318788259510498  1.0367296232089325 1017.9497924426145 112.77484568769088 -20.1611132891599  1.0367296232098866 1017.9483964071715 112.78854691424658 -20.003139890205297  1.0367296232095449 1017.9481748348304 112.80248282366006 -19.844825736327671  1.0367296232096115 

0 6
6.2831853071795862 6

550.13173140297363 12
633.03194801699522 10
676.14006065628644 11
686.088086649969 11
696.03611264365145 11
699.3521213082123 11
702.66812997277316 11
705.9841386373339 11
709.30014730189475 11
712.61615596645561 11
715.93216463101646 11
716.76116679715665 9
717.59016896329695 9
719.24817329557732 12

9 1 1 1 0 6 10 6 241 2 25 1018.7039498724313 111.8204831026646 -19.712959616752393  1.6690784610682372 1018.7357886669087 111.79127158706297 -19.641788342299893  1.6690784610682703 1018.7488383960851 111.79245005700894 -19.574952673342217  1.6690784610681071 1018.7619292255947 111.78584916655244 -19.506897218682639  1.669078461068515 1018.7686263569716 111.79639719818377 -19.441396256707716  1.6690784610677982 1018.7778306091353 111.7932924361847 -19.373827279452421  1.6690784610687657 1018.7836092659646 111.8026692429774 -19.308165004567172  1.669078461067766 1018.790520692561 111.8059855736508 -19.241612355054592  1.669078461068539 1018.7969167530586 111.81151369784085 -19.175438647728491  1.6690784610681033 1018.8035343973449 111.81657790750945 -19.109249609948215  1.6690784610682703 1018.8104567252324 111.82136198779631 -19.043084805882565  1.6690784610682363 1018.8170926220311 111.82784317096296 -18.968765836319768  1.6690784610682534 1018.8246510994494 111.83343837449554 -18.89444765249182  1.6690784610681539 1018.8330844156297 111.83819098727022 -18.820140782745732  1.6690784610684375 1018.842403926199 111.84210153977754 -18.745864741343304  1.6690784610679281 1018.8526223130694 111.84516762930943 -18.671639196279976  1.6690784610685774 1018.8637364612326 111.84739454961093 -18.597481330317237  1.6690784610679588 1018.8757509835771 111.84877662499697 -18.523409395361064  1.6690784610683977 1018.888742393693 111.84924924893377 -18.449452460029235  1.669078461068173 1018.9029639267007 111.84861162708523 -18.375666350559499  1.6690784610682512 1018.9189910080731 111.84642022482412 -18.302155784938797  1.6690784610682365 1018.9328061647266 111.8475361463634 -18.220546421440908  1.6690784610682907 1018.9471360921889 111.84819300490504 -18.139034172583528  1.6690784610680267 1018.961977691068 111.84839814165103 -18.057621268495836  1.6690784610686675 1018.9773282429726 111.84815870488434 -17.976310079762506  1.6690784610676315 1018.9931855086966 111.84748162745915 -17.895103151857025  1.6690784610688694 1019.009547826359 111.84637360429137 -17.814003239616824  1.6690784610677303 1019.0264142096081 111.84484106984885 -17.733013341654797  1.6690784610685434 1019.0437844457507 111.84289017564183 -17.652136734849115  1.6690784610681042 1019.0616591939515 111.84052676771319 -17.571377008755277  1.6690784610682692 1019.0800400833804 111.83775636412892 -17.490738100079923  1.6690784610682374 1019.099723393199 111.83498709653551 -17.403095822471769  1.6690784610682845 1019.1200423296633 111.83169982258666 -17.315601395123831  1.6690784610680438 1019.141004719142 111.82789795472792 -17.22826261632947  1.669078461068682 1019.1626195800824 111.8235834616803 -17.141087708643258  1.6690784610675438 1019.184899829429 111.81875613677141 -17.054086134135368  1.6690784610690055 1019.2078649890666 111.81341286626751 -16.967269409576943  1.6690784610675979 1019.2315438922284 111.80754689770426 -16.880651921726226  1.6690784610686356 1019.2559773899441 111.80114710821901 -16.794251742496002  1.6690784610680565 1019.2812210574516 111.79419727288172 -16.708091444233958  1.6690784610682847 1019.3073479006351 111.78667533302676 -16.622198914916964  1.6690784610682359 1019.3326956928145 111.78058990171819 -16.529574851086537  1.6690784610682805 1019.3585867706779 111.77412960513354 -16.437119179089628  1.6690784610680824 1019.3850267950542 111.76729953620256 -16.344836317252803  1.6690784610685503 1019.4120227459823 111.76010435777025 -16.252731174361763  1.6690784610678004 1019.4395834305271 111.75254836763689 -16.160809320842326  1.66907846106867 1019.4677199905979 111.74463556359912 -16.069077159890366  1.6690784610679181 1019.4964464107628 111.73636970848979 -15.977542098676324  1.6690784610684082 1019.5257800260673 111.72775439521895 -15.886212719462268  1.6690784610681724 1019.5557420298496 111.71879311181394 -15.795098950801474  1.6690784610682521 1019.5863579815581 111.70948930646014 -15.7042122386757  1.6690784610682365 1019.6173953144802 111.70050648959565 -15.607785537341552  1.6690784610682294 1019.6489927683841 111.69121576019327 -15.511554586829153  1.6690784610682763 1019.681159623423 111.68162358702561 -15.415524853641937  1.6690784610681406 1019.7139066753202 111.67173639135554 -15.319702381446932  1.6690784610683824 1019.7472465881305 111.6615607894912 -15.224093905689131  1.6690784610680753 1019.7811942470137 111.65110383534335 -15.128706968220033  1.6690784610683771 1019.8157671109909 111.64037326297941 -15.033550031903779  1.6690784610681391 1019.8509855657198 111.62937772918127 -14.938632595250994  1.6690784610682861 1019.8868732762525 111.61812705599965 -14.84396530702583  1.6690784610682223 1019.9234575398065 111.606632473311 -14.749560080873223  1.6690784610682368 1019.9597870933875 111.59560859627166 -14.650333174352252  1.6690784610681941 1019.9966444834988 111.5843831020655 -14.551308321545877  1.6690784610684024 1020.0340363681117 111.57296526933273 -14.452489354561525  1.6690784610678848 1020.0719701530096 111.56136486325458 -14.353880389712382  1.6690784610687497 1020.1104539982259 111.54959229452317 -14.255485820502329  1.6690784610677094 1020.1494968244864 111.53765877831509 -14.157310310584128  1.6690784610686284 1020.1891083196468 111.52557649325985 -14.059358786748319  1.6690784610680223 1020.2292989451337 111.51335874041405 -13.961636431885035  1.6690784610683198 1020.2700799423843 111.50102010223034 -13.864148677963911  1.6690784610682163 1020.311463339286 111.48857660153026 -13.766901199005192  1.6690784610682379 1020.3528288237754 111.47626641488007 -13.665906762542132  1.669078461068209 1020.3946861379524 111.46386058470134 -13.565111572032524  1.6690784610683302 1020.4370379684401 111.45137053076631 -13.46451759052265  1.6690784610680498 1020.4798870184268 111.43880822946119 -13.364126771667113  1.6690784610684608 1020.5232359291912 111.42618624563056 -13.263941024257463  1.6690784610680682 1020.5670872016431 111.41351776441986 -13.163962176752413  1.6690784610683056 1020.6114431178463 111.40081662312062 -13.064191941804605  1.669078461068233 1020.6563056625587 111.38809734301253 -12.964631880792519  1.6690784610682263 1020.701676444759 111.37537516120847 -12.865283368346674  1.669078461068241 1020.7475566191811 111.36266606249727 -12.766147556880661  1.6690784610682365 1020.7933306444394 111.34996255098724 -12.664260429366426  1.6690784610682983 1020.8395221644939 111.33726603529971 -12.562550680604641  1.6690784610679907 1020.8861287395185 111.32458699434036 -12.461017972786571  1.6690784610687783 1020.9331475592625 111.31193602663458 -12.359661803926695  1.6690784610674245 1020.9805754248594 111.29932381312349 -12.258481499726191  1.6690784610691143 1021.0284087306512 111.28676107996256 -12.157476205432301  1.6690784610675271 1021.0766434459906 111.27425856131735 -12.056644877705805  1.6690784610686649 1021.1252750970674 111.26182696216178 -11.955986276477017  1.6690784610680549 1021.1742987487138 111.24947692107467 -11.855498956814042  1.6690784610682809 1021.2237089862249 111.23721897303719 -11.755181260780976  1.6690784610682365 1021.2731097030874 111.2248757119122 -11.653201641867451  1.6690784610682392 1021.322830124847 111.2126155755053 -11.551364972248241  1.6690784610682166 1021.37286523906 111.20044497118026 -11.449669759027922  1.6690784610683191 1021.4232099106663 111.18837003415584 -11.348114447336442  1.6690784610680727 1021.4738589089944 111.1763966225019 -11.246697431418159  1.6690784610684379 1021.5248069347614 111.16453031212561 -11.14541706573365  1.6690784610680711 1021.5760486470806 111.15277639177145 -11.044271676045149  1.6690784610683278 1021.6275786904606 111.14113985800587 -10.943259570518581  1.669078461068203 1021.6793917218114 111.12962541021575 -10.842379050812237  1.6690784610682445 1021.7314824374459 111.11823744559683 -10.741628423173941  1.669078461068237 1021.783585580988 111.10679160628122 -10.640288142173848  1.6690784610683103 1021.8359076339875 111.09546588395557 -10.539053204129845  1.6690784610679341 1021.8884458658401 111.084261706945 -10.437923063457529  1.6690784610689349 1021.941197854854 111.07318035071712 -10.336897288377962  1.6690784610671441 1021.9941614843418 111.06222296410344 -10.235975559960405  1.6690784610694638 1022.0473349387089 111.05139059551965 -10.135157671175655  1.6690784610672382 1022.1007166995453 111.04068421918757 -10.034443525937085  1.6690784610688225 1022.1543055417145 111.03010476135536 -9.9338331381527549  1.669078461067997 1022.2081005294444 111.019653126519 -9.833326630769859  1.6690784610682952 1022.262101012417 111.00933022364322 -9.7329242348231304  1.669078461068237 1022.3160650170465 110.99906982082221 -9.6329786953212171  1.6690784610682727 1022.3701710554054 110.98893327165122 -9.5331095690679195  1.6690784610681055 1022.424422820231 110.97891930557886 -9.4333191484027683  1.669078461068481 1022.4788243172817 110.96902696977376 -9.3336098390822055  1.669078461067933 1022.5333798268729 110.95925562452064 -9.2339841461119967  1.6690784610685137 1022.5880938654155 110.94960493861498 -9.1344446595768058  1.66907846106804 1022.6429711469515 110.94007488475991 -9.0349940404741709  1.6690784610683478 1022.6980165446921 110.93066573496039 -8.9356350065431709  1.6690784610681886 1022.753235052554 110.92137805591997 -8.8363703180981812  1.669078461068249 1022.8086317466967 110.9122127044357 -8.7372027638587184  1.6690784610682372 1022.8638084100957 110.90327916841231 -8.6394759181450649  1.6690784610682921 1022.9190874708634 110.89445827774497 -8.5418117870447041  1.6690784610680225 1022.9744804763056 110.8857496323099 -8.4442163903447547  1.6690784610687142 1023.0299987539603 110.87715349642248 -8.3466956352728516  1.6690784610675076 1023.0856534003517 110.86867074080807 -8.2492553148720553  1.6690784610690375 1023.1414552697463 110.86030278457072 -8.1519011063868376  1.6690784610675837 1023.1974149629069 110.85205153716507 -8.0546385696353813  1.6690784610686287 1023.2535428158486 110.84391934036437 -7.9574731453954541  1.6690784610680742 1023.3098488885929 110.83590891023226 -7.8604101537794184  1.6690784610682752 1023.3663429539234 110.8280232790917 -7.7634547926162227  1.6690784610682365 1023.4222967457604 110.82053761679767 -7.6688474603060941  1.6690784610682874 1023.4783488240797 110.81315626530647 -7.5743051175092564  1.6690784610680407 1023.5345177205987 110.80588250358576 -7.4798375925328866  1.6690784610686291 1023.5908209596797 110.79872025276769 -7.3854542545984154  1.6690784610677094 1023.6472751298733 110.79167399531357 -7.2911640490386542  1.6690784610687526 1023.7038959554604 110.78474869417489 -7.1969755325044833  1.6690784610678633 1023.7606983679967 110.77794971195961 -7.1028969081589715  1.6690784610684319 1023.8176965778541 110.77128273009228 -7.0089360608853237  1.6690784610681659 1023.8749041457643 110.76475366797997 -6.9151005924819806  1.669078461068251 1023.9323340543618 110.75836860217387 -6.8213978568677156  1.6690784610682365 1023.9887800809036 110.75251045980234 -6.7308621203486991  1.669078461068245 1024.0453463526917 110.74676120929757 -6.6404075897654327  1.6690784610682006 1024.1020566558045 110.74112923603455 -6.550047803617316  1.6690784610683214 1024.1589330072225 110.73562322371471 -6.459795476741613  1.6690784610680993 1024.215995829388 110.73025209650295 -6.369662584010042  1.6690784610684024 1024.2732641247617 110.72502496117404 -6.2796604440370869  1.6690784610680915 1024.3307556503839 110.71995104924571 -6.1897998028711596  1.6690784610683242 1024.3884870924298 110.71503965912702 -6.1000909177059945  1.669078461068203 1024.4464742407695 110.71030009825249 -6.0105436405726564  1.6690784610682439 1024.5047321635257 110.70574162522698 -5.9211675020465977  1.669078461068237 1024.5614632779741 110.70176975416931 -5.835675131452982  1.6690784610682017 1024.618353048709 110.69792752592075 -5.75029263920855  1.6690784610683691 1024.6754288567724 110.69422886284325 -5.6650374210945973  1.669078461067915 1024.7327157138591 110.69068746892835 -5.579925710796303  1.6690784610687679 1024.7902365335501 110.68731682985182 -5.4949727150678864  1.6690784610676153 1024.848012402555 110.68413021302959 -5.4101927489091377  1.6690784610687772 1024.9060628519451 110.68114066767143 -5.3255993707227347  1.6690784610678819 1024.9644061283925 110.67836102483757 -5.2412055174971917  1.6690784610684004 1025.0230594654079 110.6758038974924 -5.1570236399626808  1.669078461068193 1025.0820393545762 110.67348168056037 -5.0730658377695219  1.6690784610682365 1025.1388735417388 110.67171968863391 -4.9935811993720689  1.6690784610681368 1025.1959138278573 110.67012389423716 -4.9142476891639202  1.6690784610686147 1025.2531898808206 110.66871378203471 -4.8350872809139673  1.6690784610674443 1025.3107285814901 110.66750805283718 -4.7561204713828573  1.6690784610693485 1025.3685543745673 110.66652470049587 -4.6773664679552569  1.6690784610671088 1025.4266896194576 110.66578108878326 -4.598843376291228  1.6690784610690945 1025.4851549411392 110.66529402829354 -4.5205683879500507  1.6690784610677416 1025.5439695810242 110.66507985332026 -4.442557968046188  1.6690784610684437 1025.6031517478293 110.6651544987551 -4.3648280428747857  1.6690784610681839 1025.662718968438 110.66553357697094 -4.2873941875604968  1.6690784610682379 1025.7194842182666 110.66635354414282 -4.2148625432657338  1.669078461068267 1025.7765075314101 110.66739171765323 -4.1425394460728535  1.6690784610681004 1025.8338194662097 110.66867286028121 -4.0704524223232053  1.6690784610685647 1025.8914476012872 110.6702204464921 -3.9986272490653363  1.669078461067723 1025.9494169363995 110.67205681734208 -3.9270881906090827  1.6690784610687808 1026.0077502933029 110.67420333538539 -3.8558582350256341  1.6690784610678313 1026.0664687166056 110.67668053957773 -3.7849593307231233  1.669078461068447 1026.1255918746317 110.67950830018411 -3.714412622937445  1.6690784610681642 1026.1851384602755 110.68270597368236 -3.6442386902997495  1.6690784610682503 1026.2451265918633 110.68629255767017 -3.5744577813483733  1.6690784610682365 1026.3016213592418 110.69006583226843 -3.5097556703874426  1.6690784610682399 1026.3584270975464 110.69412402213082 -3.4453404541398429  1.6690784610682214 1026.4155734232997 110.69849700341652 -3.3812475401639315  1.669078461068273 1026.4730869791229 110.70321295804152 -3.3175103451400068  1.6690784610681777 1026.5309918555229 110.70829859925831 -3.2541605781009793  1.66907846106831 1026.5893100127232 110.71377939723864 -3.1912285236228586  1.6690784610681619 1026.6480617024372 110.71967980465219 -3.1287433250733097  1.6690784610682914 1026.7072658897043 110.72602348224945 -3.0667332677922818  1.6690784610682112 1026.7669406746697 110.73283352444116 -3.0052260623372575  1.6690784610682425 1026.827103714405 110.74013268488004 -2.9442491276787894  1.6690784610682365 1026.8832509741064 110.74734199877983 -2.8883075156647795  1.6690784610682965 1026.9397526265088 110.75491754067757 -2.832764122194277  1.6690784610680074 1026.9966341488546 110.76289233294845 -2.7776620672002288  1.6690784610687157 1027.0539184471265 110.77129766209357 -2.7230424785122382  1.669078461067554 1027.1116262259256 110.78016331691717 -2.6689447793321426  1.6690784610689517 1027.1697763583331 110.78951782669679 -2.6154069756541141  1.6690784610676686 1027.2283862557931 110.79938869936318 -2.5624659437642947  1.6690784610685736 1027.287472237975 110.80980265966942 -2.510157717648636  1.6690784610680989 1027.3470499026519 110.82078588736969 -2.4585177764862873  1.669078461068267 1027.4071344955676 110.83236425539114 -2.4075813320789505  1.6690784610682377 1027.4626063957164 110.84318628357393 -2.3608620365534199  1.669078461068259 1027.5184774237723 110.85448069855521 -2.3147016692649514  1.6690784610681442 1027.5747612484386 110.86628156785901 -2.2691571173438883  1.669078461068449 1027.631469778534 110.87862147155201 -2.2242836018987608  1.6690784610679095 1027.6886134221622 110.89153171642465 -2.180134925695894  1.6690784610686094 1027.7462013458771 110.90504255016751 -2.1367637208815795  1.6690784610679126 1027.8042417338577 110.9191833755538 -2.0942216966423235  1.6690784610684439 1027.862742047068 110.9339829646155 -2.0525598869378063  1.6690784610681451 1027.921709282434 110.94946967282486 -2.0118288981648034  1.6690784610682596 1027.9811502320063 110.96567165327222 -1.9720791568737202  1.6690784610682361 1028.0365576669315 110.98139127552321 -1.9364115699202085  1.66907846106834 1028.0923182088543 110.9976762299608 -1.9015312494473493  1.6690784610678244 1028.1484298791238 111.01454996570796 -1.8674856257783148  1.6690784610691844 1028.2048899280448 111.03203547372719 -1.834321518644014  1.6690784610667446 1028.2616949162148 111.05015532759947 -1.8020852026114555  1.6690784610699521 1028.3188407958942 111.0689317243026 -1.7708224725045643  1.6690784610667733 1028.3763229923268 111.08838652498913 -1.7405787088378668  1.6690784610691525 1028.4341364851202 111.10854129576587 -1.7113989432328118  1.66907846106784 1028.4922758895682 111.12941734847118 -1.6833279238527554  1.6690784610683358 1028.5507355380175 111.15103578145428 -1.656410180822049  1.6690784610682365 1028.6050520223539 111.16984629867432 -1.6286952790892997  1.6690784610682172 1028.6597530570084 111.18945732092583 -1.6021718407075589  1.6690784610683149 1028.7147919411423 111.20986894271421 -1.5769117828648378  1.6690784610680627 1028.7701238100378 111.23108447625465 -1.5529904098878919  1.6690784610685032 1028.8257053615109 111.25310996419863 -1.5304859285955015  1.669078461067959 1028.8814945822767 111.27595369235723 -1.5094789636553436  1.6690784610684315 1028.9374504743819 111.29962570242871 -1.4900520729346365  1.6690784610681475 1028.9935327815617 111.32413730472142 -1.4722892628589364  1.6690784610682599 1029.0497017156656 111.34950059088079 -1.4562755037628836  1.6690784610682345 1029.1059176830324 111.37572794661354 -1.4420962452469013  1.6690784610682365 1029.1609096320735 111.40432188620132 -1.4347553683372691  1.6690784610681131 1029.2157348053138 111.43401717730187 -1.4298887307318875  1.6690784610687097 1029.2702921225916 111.46486945484918 -1.4275296294759823  1.6690784610671903 1029.3245405531829 111.49684032509168 -1.4277444115751905  1.6690784610698373 1029.3783348217542 111.53005784469744 -1.4306872452641635  1.6690784610664591 1029.4314545483883 111.56477065494076 -1.4366125749674143  1.6690784610696894 1029.4836732830443 111.60123954145716 -1.4459101244663586  1.6690784610673675 1029.5347138946884 111.63981019005969 -1.4592273129516737  1.6690784610685989 1029.5839367754754 111.68141090910756 -1.4777439484677455  1.6690784610681486 1029.6296073202254 111.72871908891587 -1.5036640634030842  1.6690784610682365 
1019.4597249100323 110.83848338166916 -19.581093497177111  1.0367296232096126 1019.5573216878978 110.85819887549214 -19.522449570681182  1.036729623209615 1019.5848386939366 110.87724625176573 -19.463390898895469  1.0367296232096044 1019.6250751788555 110.88805888399722 -19.404597452425783  1.0367296232096197 1019.6296116165441 110.90505353022986 -19.347253573429668  1.0367296232095995 1019.6589776245008 110.91177826668364 -19.290148800421935  1.0367296232096339 1019.6632155286592 110.92469524506403 -19.234753879745071  1.0367296232096002 1019.6779141897673 110.93256146483081 -19.180114205331108  1.036729623209607 1019.6874003934757 110.9409172322863 -19.126753834975826  1.0367296232096215 1019.6967761223189 110.9482121381061 -19.07454727538018  1.0367296232096079 1019.7056812036584 110.95470257392292 -19.023523963386769  1.0367296232096119 1019.7127180014411 110.96122125803986 -18.9658911781124  1.0367296232096257 1019.7207766186023 110.96733556724712 -18.907287804951743  1.0367296232095462 1019.7298635403853 110.97306461416464 -18.847720216167673  1.0367296232097738 1019.7401112226626 110.97848623319133 -18.787222255748869  1.0367296232093555 1019.7516550809628 110.98368014197084 -18.725832360436662  1.0367296232099066 1019.7645990085863 110.9887100147839 -18.663586294082705  1.0367296232093606 1019.7790694238835 110.9936444678723 -18.600525495252278  1.0367296232097711 1019.7953578466002 110.99861695668753 -18.53672103819035  1.0367296232095418 1019.8141520033925 111.00392458507187 -18.472313207018633  1.0367296232096295 1019.8368554624209 111.01016582636491 -18.407566683284863  1.0367296232096121 1019.8522579597449 111.014109128573 -18.334565973694353  1.0367296232096523 1019.8682408293996 111.01776121011163 -18.261530707437842  1.0367296232094534 1019.8848082659842 111.02113498232043 -18.188463153924864  1.0367296232099426 1019.9019651073769 111.02424388102621 -18.115365963430527  1.0367296232091425 1019.9197169692733 111.0271020210857 -18.042242189952354  1.0367296232101102 1019.9380703796975 111.02972435092425 -17.969095314192586  1.0367296232092071 1019.9570329135516 111.03212680708054 -17.89592926636184  1.0367296232098635 1019.9766133271211 111.03432646874415 -17.822748449188317  1.0367296232095009 1019.9968216926212 111.03634171229993 -17.749557760735506  1.0367296232096397 1020.0176695327124 111.03819236586718 -17.676362617363338  1.0367296232096128 1020.0396405714099 111.03996594575644 -17.596732510504843  1.0367296232096461 1020.0624806461309 111.0415715748054 -17.517039974008885  1.0367296232094743 1020.0862241475825 111.04304924309938 -17.43729739315102  1.0367296232099339 1020.1109087972399 111.04443978143597 -17.357518290120396  1.0367296232090994 1020.1365796018615 111.04578881833936 -17.277718190511855  1.0367296232102003 1020.1632928080056 111.04715073707416 -17.197915489811052  1.0367296232091086 1020.1911198565444 111.04859263265995 -17.118132319887664  1.0367296232099312 1020.2201513371814 111.0501982688848 -17.038395415481837  1.0367296232094716 1020.250500942965 111.05207203532008 -16.958736980694425  1.0367296232096475 1020.2823094248062 111.05434290433398 -16.87919555547618  1.0367296232096117 1020.310518990845 111.05424731525169 -16.792783387247283  1.0367296232096277 1020.3394354600316 111.05408285954859 -16.706433510025555  1.0367296232095606 1020.3690747961502 111.05387770360319 -16.620151639413876  1.0367296232097074 1020.3994549584381 111.05366197138319 -16.533944110084501  1.0367296232094922 1020.4305963282349 111.05346869794799 -16.447817945876523  1.0367296232097181 1020.4625221356436 111.05333478295915 -16.361780929843427  1.0367296232095427 1020.4952588861765 111.05330194418001 -16.275841674371911  1.0367296232096475 1020.5288367874183 111.05341767098707 -16.190009691219306  1.0367296232095986 1020.5632901756726 111.05373617787114 -16.104295461625441  1.0367296232096159 1020.5986579426211 111.05431935794563 -16.018710506370361  1.0367296232096121 1020.6333201140828 111.05351190608866 -15.927647362587457  1.0367296232096062 1020.6686978527669 111.05277981907565 -15.836693886983944  1.0367296232096397 1020.704806043066 111.05215712239611 -15.745855281762779  1.0367296232095513 1020.7416611928415 111.05168051992879 -15.65513719530612  1.0367296232096954 1020.7792814229799 111.05139025080695 -15.564545653261316  1.0367296232095362 1020.8176864569472 111.05133094628304 -15.474086989597449  1.0367296232096583 1020.8568976103478 111.05155248659494 -15.383767777700511  1.0367296232095944 1020.8969377804773 111.05211085782967 -15.293594761429027  1.0367296232096157 1020.9378314358817 111.05306900879 -15.20357478620099  1.0367296232096115 1020.9796046059108 111.05449770785857 -15.113714730062046  1.0367296232096121 1021.0197185381841 111.05368882133139 -15.019000167242829  1.0367296232095833 1021.0604357429385 111.05305280609383 -14.924412470836748  1.0367296232097258 1021.1017603470377 111.05261826251946 -14.829953121838981  1.0367296232093575 1021.143696487139 111.05241562547583 -14.735623524249821  1.0367296232100063 1021.1862480698737 111.05247732913132 -14.641424900340276  1.0367296232091781 1021.2294185320224 111.0528379717602 -14.547358185911243  1.0367296232099612 1021.2732106006977 111.05353448055057 -14.453423925560132  1.0367296232094061 1021.3176260535181 111.05460627640851 -14.359622167940921  1.036729623209699 1021.3626654787909 111.05609543876628 -14.2659523610284  1.0367296232095895 1021.4083280356873 111.05804687038702 -14.172413247380753  1.036729623209613 1021.453181078796 111.05815278500098 -14.075167456165609  1.0367296232095997 1021.4985070376349 111.05850298411892 -13.978038739572181  1.0367296232096501 1021.5443006222503 111.05911862038668 -13.881025485371705  1.0367296232095478 1021.5905556893533 111.06002143800615 -13.784125735837176  1.0367296232096601 1021.6372651109942 111.06123366186708 -13.687337139948884  1.0367296232096201 1021.6844206432272 111.06277788667722 -13.590656905596179  1.0367296232095602 1021.7320127947881 111.06467696609491 -13.494081751780726  1.0367296232096643 1021.7800306957577 111.06695390185897 -13.397607860821804  1.0367296232095857 1021.8284619662383 111.06963173292081 -13.301230830557209  1.0367296232096188 1021.8772925850204 111.07273342457523 -13.204945626548412  1.0367296232096121 1021.9255466861156 111.07413294224695 -13.105991733411216  1.036729623209667 1021.9741006115293 111.07576554034978 -13.007126560725265  1.0367296232093941 1022.0229437741574 111.07763982430862 -12.908347006471715  1.0367296232100933 1022.0720650082892 111.07976385674934 -12.809649765103204  1.0367296232088854 1022.1214526073306 111.08214508688944 -12.711031344563064  1.0367296232104091 1022.1710943615243 111.08479027992797 -12.61248808333519  1.0367296232089611 1022.2209775956728 111.08770544643697 -12.514016167453523  1.0367296232100036 1022.2710892068599 111.09089577175061 -12.415611647554755  1.0367296232094489 1022.3214157021722 111.09436554535696 -12.31727045589334  1.0367296232096506 1022.3719432364217 111.09811809028746 -12.218988423383092  1.0367296232096121 1022.4223015379793 111.10077463606859 -12.119136746676629  1.0367296232096119 1022.4727967192912 111.10357316801196 -12.019346239776977  1.036729623209607 1022.5234210104118 111.10651135507139 -11.91961527207922  1.0367296232096492 1022.5741669233854 111.10958636932274 -11.819942327151054  1.0367296232095189 1022.6250272875467 111.11279492884657 -11.720326015360287  1.0367296232097529 1022.6759952848213 111.1161333406076 -11.620765086527824  1.0367296232094712 1022.7270644850265 111.11959754333895 -11.521258442546301  1.0367296232097065 1022.7782288811724 111.12318315042063 -11.421805150036114  1.0367296232095717 1022.8294829247619 111.12688549276359 -11.322404452968442  1.0367296232096208 1022.8808215610917 111.1306996616895 -11.223055785311741  1.0367296232096124 1022.9321560490049 111.13409892573438 -11.123166279975113  1.0367296232096452 1022.9835171346917 111.13749449161136 -11.023329598405729  1.0367296232094765 1023.034906784894 111.14088087658673 -10.923547929957145  1.0367296232099161 1023.0863275129939 111.14425298618363 -10.823823638822653  1.0367296232091576 1023.1377823348674 111.14760613342685 -10.724159247368137  1.0367296232101002 1023.1892747247354 111.15093605809923 -10.624557419457167  1.0367296232092336 1023.2408085710157 111.15423894598185 -10.525020943788297  1.0367296232098229 1023.2923881321759 111.15751144811247 -10.425552717217256  1.0367296232095315 1023.344017992585 111.16075070002738 -10.32615572809401  1.0367296232096304 1023.3957030183655 111.16395434101531 -10.226833039588168  1.0367296232096126 1023.4473377121374 111.16747457356355 -10.127919457554739  1.0367296232096397 1023.498961391791 111.1708452776388 -10.029077325187135  1.0367296232095102 1023.5505870362941 111.17406746708336 -9.9303128755728096  1.036729623209814 1023.6022274543128 111.17714301500422 -9.8316322172676216  1.0367296232093433 1023.653895251992 111.18007458112433 -9.7330413262674043  1.0367296232098782 1023.7056028007391 111.18286553913796 -9.6345460379800461  1.0367296232094085 1023.7573622050024 111.18551990406063 -9.536152039197594  1.0367296232097349 1023.8091852700557 111.18804225958488 -9.4378648600676769  1.0367296232095586 1023.861083469777 111.19043768543088 -9.339689866066033  1.0367296232096255 1023.9130679144318 111.1927116847008 -9.241632249967914  1.0367296232096126 1023.9647316678523 111.19592290698324 -9.1448434789046402  1.0367296232096648 1024.0164060569912 111.19888114495161 -9.0481676389143999  1.0367296232094108 1024.0681115814809 111.20159993939296 -8.9516136287642727  1.0367296232100582 1024.1198674844798 111.20409307289331 -8.8551898233412984  1.0367296232089309 1024.171691830858 111.20637449357669 -8.7589041091527058  1.0367296232103671 1024.2236015853875 111.20845823883354 -8.6627639198256787  1.0367296232089862 1024.2756126909251 111.21035835906375 -8.5667762716097648  1.0367296232099981 1024.3277401466053 111.2120888414034 -8.4709477988741728  1.0367296232094452 1024.3799980860222 111.2136635334663 -8.3752847896115785  1.0367296232096539 1024.4323998554214 111.21509606707464 -8.2797932209358649  1.0367296232096121 1024.4840475701687 111.21792007925784 -8.1863477792072707  1.0367296232096539 1024.5357582981815 111.22044496855685 -8.0930710566226391  1.0367296232094478 1024.5875553919188 111.2226979080779 -7.9999730982441477  1.0367296232099528 1024.6394601524385 111.22470485806937 -7.9070631689979285  1.0367296232091312 1024.6914920293823 111.2264906170401 -7.8143498316942086  1.0367296232101115 1024.7436688209739 111.22807887287161 -7.721841025031388  1.0367296232092253 1024.796006873999 111.22949225393829 -7.6295441416245531  1.0367296232098318 1024.8485212838061 111.23075238021941 -7.5374661060042314  1.0367296232095256 1024.9012260942879 111.23187991441773 -7.4456134526442339  1.0367296232096315 1024.9541344978768 111.2328946130739 -7.3539924039668225  1.0367296232096121 1025.0057532063047 111.23557084422367 -7.2651141638900807  1.0367296232096233 1025.0574928884384 111.23795227555325 -7.1764691116392818  1.0367296232095651 1025.1093763478527 111.24007785232982 -7.0880677043417908  1.0367296232097241 1025.1614240439167 111.24198355210886 -6.9999195580174902  1.036729623209421 1025.2136543666486 111.2437026475192 -6.9120335458297024  1.0367296232098577 1025.2660839115845 111.24526596904236 -6.8244178963483328  1.0367296232093768 1025.3187277546283 111.24670216780004 -6.7370802917966577  1.0367296232097742 1025.3715997269214 111.24803797833228 -6.6500279663155801  1.0367296232095373 1025.4247126896955 111.24929848138423 -6.5632678042129946  1.0367296232096312 1025.4780788091375 111.25050736668661 -6.4768064382232113  1.0367296232096124 1025.5295671907443 111.25347730646857 -6.3936921149730939  1.0367296232095815 1025.5812243996149 111.25619306581298 -6.3108835294512762  1.0367296232097269 1025.6330709085526 111.2587026035886 -6.2283917040088337  1.0367296232093468 1025.6851249636657 111.26104923094631 -6.1462268864583276  1.0367296232100294 1025.7374028781355 111.26327211369691 -6.0643986447097218  1.0367296232091439 1025.7899193259684 111.26540677469178 -5.9829159614289118  1.0367296232100058 1025.8426876357707 111.26748559619951 -5.901787328663735  1.0367296232093606 1025.8957200844955 111.26953832228716 -5.8210208425078545  1.0367296232097276 1025.9490281912174 111.27159256119724 -5.7406242977286457  1.0367296232095811 1026.0026230108865 111.27367428772783 -5.6606052824229387  1.0367296232096121 1026.0537373254874 111.27745988984097 -5.584415735587255  1.0367296232095553 1026.1050487688524 111.28105401400157 -5.5086161442593609  1.0367296232098273 1026.1565746823708 111.28451116381625 -5.4332190246687775  1.0367296232091627 1026.2083305361346 111.2878797278907 -5.3582362119831419  1.0367296232102383 1026.2603302022399 111.2912027175596 -5.2836789338729107  1.0367296232089864 1026.3125862281072 111.29451850461437 -5.2095578840849583  1.0367296232100796 1026.3651101097732 111.29786155903376 -5.1358832960004515  1.0367296232093464 1026.4179125652158 111.30126318671144 -5.0626650162138862  1.0367296232097247 1026.4710038076487 111.3047522671861 -4.9899125780897755  1.0367296232095826 1026.5243938188373 111.30835599136996 -4.917635275338073  1.036729623209613 1026.574724351005 111.31349197403955 -4.8494990964117077  1.0367296232096339 1026.6252534366156 111.31851217458406 -4.7818535830650664  1.036729623209516 1026.6759946453901 111.32347488835227 -4.7147139301643861  1.0367296232098437 1026.7269601513983 111.32843120186045 -4.6480946708994093  1.0367296232092473 1026.7781609673007 111.33342592518402 -4.5820097162733449  1.0367296232100089 1026.8296071785992 111.33849852434929 -4.5164723945959846  1.0367296232092997 1026.8813081778742 111.34368405372506 -4.4514954909699584  1.0367296232097913 1026.9332728990382 111.34901408841446 -4.3870912867882232  1.0367296232095418 1026.9855100515733 111.35451765664651 -4.3232715992175166  1.0367296232096275 1027.0380283547818 111.36022217216789 -4.2600478206952035  1.0367296232096121 1027.0869868342031 111.36707129220038 -4.2010380804740031  1.0367296232096121 1027.1361066590159 111.37388475498659 -4.1426435068599083  1.0367296232096113 1027.1853959676807 111.38072201006993 -4.0848840806914968  1.0367296232096197 1027.2348619975769 111.38763451057841 -4.0277789600784644  1.0367296232095924 1027.2845112951911 111.39466680075918 -3.971346466915568  1.0367296232096475 1027.3343499262821 111.40185760351648 -3.9156040734088968  1.0367296232095677 1027.3843836860765 111.40924090794492 -3.8605683885860218  1.0367296232096492 1027.4346183094333 111.41684705686787 -3.8062551448228765  1.0367296232095935 1027.4850596810338 111.42470383437131 -3.7526791843568974  1.036729623209617 1027.5357140455542 111.432837553341 -3.6998544458089402  1.0367296232096121 1027.5824561517852 111.44194172036089 -3.6509959164644563  1.0367296232096463 1027.6292793024497 111.45107785894494 -3.602889254693018  1.0367296232094778 1027.6761843198251 111.46030083369476 -3.5555585607096187  1.0367296232098926 1027.7231716133149 111.46965774358878 -3.5090265650885133  1.0367296232092185 1027.7702414433463 111.47918900394279 -3.4633145583093778  1.0367296232100176 1027.8173941852219 111.48892942837087 -3.4184423203190297  1.036729623209296 1027.8646305930354 111.49890931074547 -3.3744280500725052  1.0367296232097953 1027.9119520635131 111.50915550715891 -3.3312882950959803  1.03672962320954 1027.9593608999262 111.51969251788319 -3.2890378810312413  1.036729623209627 1028.0068605759482 111.53054356933123 -3.2476898411925372  1.0367296232096128 1028.0505272524651 111.54108045743061 -3.2096348781020909  1.0367296232096368 1028.0941018535646 111.55173760559032 -3.1724984215052885  1.0367296232095122 1028.1375688619867 111.56255446217254 -3.1363137062171589  1.03672962320984 1028.1809125949621 111.57356363894185 -3.1011114828479736  1.0367296232092613 1028.2241177529547 111.58479192148677 -3.0669197670536477  1.0367296232100149 1028.267169968412 111.59626127964145 -3.0337635887998795  1.036729623209258 1028.3100563545072 111.60798987790689 -3.0016647416056461  1.0367296232098431 1028.3527660538907 111.61999308587292 -2.9706415318111805  1.0367296232095091 1028.3952907874323 111.63228448863929 -2.9407085278230038  1.0367296232096381 1028.4376254029703 111.64487689723757 -2.9118763093758684  1.0367296232096119 1028.4761690624682 111.65912819807882 -2.8854609172703514  1.0367296232096836 1028.514580766217 111.67348419156775 -2.8599613218671305  1.0367296232093239 1028.5528378764125 111.68796377493227 -2.8353984994994779  1.0367296232102781 1028.5909189155893 111.70258291923176 -2.8117901110160126  1.0367296232085588 1028.6288042147773 111.71735525851014 -2.7891505497807048  1.0367296232108283 1028.666476561679 111.73229267894851 -2.7674909896575848  1.0367296232085748 1028.7039218488201 111.7474059080179 -2.7468194330172198  1.0367296232102585 1028.7411297217279 111.76270510363243 -2.7271407587186474  1.0367296232093335 1028.7780942270865 111.77820044330161 -2.7084567701133189  1.0367296232096816 1028.8148144609074 111.79390271328369 -2.6907662430333898  1.0367296232096121 1028.8509742998749 111.80328339946055 -2.6735476435889156  1.0367296232095964 1028.8862779171557 111.81310790481642 -2.657490976616339  1.0367296232096712 1028.9206561343046 111.82329163422018 -2.6426359763165612  1.036729623209488 1028.9540364246202 111.8337537186828 -2.6290107004084255  1.0367296232097931 1028.9863471333313 111.84441765328631 -2.6166310220615951  1.0367296232094358 1029.017521697793 111.85521193511283 -2.6055001218201275  1.036729623209721 1029.0475028676676 111.86607070117365 -2.5956079795403619  1.0367296232095757 1029.076246925126 111.87693436633815 -2.5869308663105386  1.0367296232096148 1029.1037279050263 111.88775026126288 -2.5794308363898395  1.0367296232096137 1029.1299418151116 111.89847327032057 -2.5730552191305618  1.0367296232096121 1029.1500988266719 111.92152392624541 -2.5690164998041212  1.0367296232095451 1029.1713581001877 111.94723346108063 -2.5654720726949707  1.0367296232098666 1029.1935393369799 111.97599626786887 -2.5624362008649708  1.0367296232090444 1029.2164534613853 112.00813829373739 -2.5601383122511816  1.0367296232104926 1029.2396956648686 112.04425293261619 -2.5585557171788071  1.0367296232086187 1029.2626750645632 112.0851768410657 -2.5575110657333351  1.0367296232104382 1029.2846643331739 112.13193656107059 -2.5569193094398841  1.0367296232091099 1029.3046526569588 112.1859968336523 -2.5567689316145099  1.0367296232098246 1029.3207853787703 112.25014148716211 -2.5564222108317809  1.03672962320956 1029.3291736828735 112.33031778410353 -2.5528192818925506  1.0367296232096121 
1020.7928550538887 111.61710222644028 -19.73254886650577  1.0383466998475066 1020.8377646580095 111.7245653751642 -19.686561353789656  1.0383466998475492 1020.8440871507366 111.76413861270913 -19.630511459399237  1.038346699847339 1020.8652492337386 111.81095546658263 -19.577391378336635  1.0383466998478816 1020.8601537538594 111.82659242479021 -19.520262258797146  1.0383466998469089 1020.8785862457819 111.85982692240815 -19.467903830121685  1.0383466998482118 1020.876586913668 111.87192340293198 -19.413264175642166  1.0383466998468989 1020.884964750333 111.89066777284951 -19.361403079897222  1.0383466998478816 1020.8895490151859 111.90409766207301 -19.310132835231435  1.0383466998473474 1020.8946843978674 111.91620696979062 -19.260179706258523  1.038346699847545 1020.8999064085613 111.92677028092542 -19.21149350285409  1.0383466998475062 1020.9048891293145 111.93532368397604 -19.156388499445367  1.0383466998475057 1020.9106468690218 111.9437943836142 -19.100130224514196  1.0383466998474988 1020.917181183327 111.95221972620097 -19.042722691942323  1.0383466998475308 1020.9245077817208 111.96079841967769 -18.984181579561483  1.0383466998474742 1020.9326428429519 111.9697377731877 -18.924527479522943  1.0383466998475321 1020.9416012211969 111.97920983114422 -18.863783390103379  1.0383466998474917 1020.951406542956 111.98941640174885 -18.801976449047082  1.0383466998475097 1020.96211319471 112.00076297995604 -18.739143908333727  1.0383466998475084 1020.9738402013085 112.01414156488768 -18.675343350472385  1.0383466998475046 1020.9868169951104 112.03132237169457 -18.610667146245742  1.0383466998475064 1020.9986223551479 112.03914948492766 -18.538506368065413  1.0383466998475197 1021.0108717501124 112.04682264212555 -18.466235667187213  1.0383466998474569 1021.0235610451043 112.05436124853564 -18.393853771038856  1.0383466998475801 1021.0366860033728 112.06178573326164 -18.321359533832048  1.038346699847454 1021.0502422243633 112.0691177754742 -18.248751887089277  1.0383466998475084 1021.0642250817929 112.07638053061976 -18.176029790029911  1.0383466998475379 1021.0786296616877 112.08359885663164 -18.103192180141356  1.0383466998474749 1021.0934507004628 112.09079954013892 -18.030237923555269  1.0383466998475235 1021.1086825229629 112.09801152267707 -17.957165765589227  1.0383466998475006 1021.1243189805322 112.10526612689745 -17.883974281175412  1.0383466998475068 1021.1411512062824 112.11234811606667 -17.804452069291109  1.0383466998475575 1021.1585072222076 112.11959359117732 -17.724712012191887  1.0383466998472972 1021.176377645107 112.12707573483486 -17.644751930273713  1.0383466998479953 1021.1947542804471 112.13487186456554 -17.564570011506014  1.0383466998467239 1021.2136286956074 112.14306956629308 -17.484164010302479  1.0383466998484145 1021.2329907930934 112.15177282781715 -17.403530446527466  1.0383466998467226 1021.2528273837955 112.16110817228916 -17.322663804312604  1.0383466998480031 1021.2731207601961 112.1712307916912 -17.241555731087807  1.0383466998472886 1021.2938472696239 112.18233068031211 -17.160194236416284  1.0383466998475614 1021.3149758874739 112.19463876822546 -17.078562890973604  1.0383466998475059 1021.3366685017343 112.20060304220625 -16.991246867328396  1.0383466998475361 1021.358748717945 112.20673576166527 -16.903843792907239  1.0383466998473958 1021.3812055364361 112.21307883631361 -16.81634889203897  1.0383466998477382 1021.4040273397052 112.21967735990899 -16.728757018905046  1.0383466998471749 1021.4272012640831 112.22658055770331 -16.641062361456505  1.0383466998478452 1021.4507125714036 112.23384273388479 -16.553258145297836  1.0383466998472566 1021.4745440206659 112.2415242190269 -16.465336337617252  1.0383466998476363 1021.498675239707 112.24969231752999 -16.377287351064059  1.0383466998474609 1021.5230820968634 112.2584222550696 -16.289099747675348  1.0383466998475155 1021.5477360726417 112.26779812603971 -16.200759942765306  1.0383466998475064 1021.5735661484182 112.27421488241853 -16.10758707284975  1.0383466998475002 1021.5996964445956 112.28093742203289 -16.014331517011396  1.0383466998475377 1021.6261098046035 112.28800860131956 -15.920985604182317  1.0383466998474269 1021.6527875970231 112.29547444410912 -15.827540904867188  1.0383466998476378 1021.6797089282195 112.30338458835239 -15.73398790036418  1.0383466998473507 1021.7068498549698 112.31179273284745 -15.64031565200901  1.0383466998476427 1021.7341825970984 112.32075708396621 -15.546511470384672  1.0383466998474182 1021.7616747501037 112.33034080238116 -15.45256058457235  1.0383466998475472 1021.789288497792 112.34061244979216 -15.35844581136225  1.0383466998474953 1021.8169798249072 112.35164643565317 -15.264147224495785  1.0383466998475064 1021.8460025002872 112.35838505251753 -15.166091024921553  1.0383466998475084 1021.8752122265417 112.36542442076322 -15.067964049930097  1.0383466998474966 1021.9045901023255 112.37279101391422 -14.969758141791148  1.0383466998475375 1021.934115593703 112.38051233391276 -14.871464430004387  1.0383466998474433 1021.9637662457469 112.38861675014404 -14.773073226941188  1.038346699847609 1021.9935173941109 112.39713333847388 -14.674573923556292  1.0383466998473898 1022.0233418766377 112.40609172026902 -14.575954885007455  1.038346699847595 1022.0532097449288 112.41552190143612 -14.477203346372239  1.0383466998474637 1022.0830879759482 112.42545411144449 -14.378305308282114  1.0383466998475159 1022.1129401836013 112.43591864236022 -14.279245432613095  1.0383466998475073 1022.1441858211798 112.44334421947035 -14.177341746451749  1.0383466998474888 1022.175516263341 112.45101724243405 -14.075365489357726  1.0383466998475674 1022.2069137575445 112.45894885220622 -13.973309684251511  1.0383466998473776 1022.2383595389857 112.46714964272508 -13.871166979597618  1.0383466998476762 1022.2698338528926 112.47562946412569 -13.768929672702134  1.0383466998473569 1022.3013159768223 112.4843972259595 -13.666589733043681  1.038346699847593 1022.3327842429576 112.49346070040504 -13.564138825558157  1.0383466998474746 1022.3642160604045 112.50282632548904 -13.461568333975439  1.0383466998475133 1022.3955879374877 112.51249900829764 -13.358869384108367  1.0383466998475059 1022.4268755040479 112.52248192819516 -13.256032867177314  1.0383466998475064 1022.4595050316938 112.53000778581853 -13.15131132072452  1.0383466998475535 1022.4921655678833 112.53763225655676 -13.046536844927859  1.0383466998473165 1022.5248475227592 112.5453527253417 -12.941706616104671  1.0383466998479265 1022.557541459026 112.5531656934315 -12.836817938695672  1.038346699846874 1022.5902381750624 112.56106677943728 -12.731868282634309  1.0383466998481974 1022.6229287880331 112.56905072035534 -12.626855320701903  1.0383466998469393 1022.6556048170007 112.57711137259174 -12.52177696590612  1.0383466998478514 1022.6882582660386 112.58524171299538 -12.41663140882947  1.0383466998473612 1022.720881707342 112.59343383988339 -12.311417155008225  1.0383466998475415 1022.7534683643408 112.60167897407213 -12.206133062286911  1.0383466998475064 1022.7870323352089 112.60854132976958 -12.099765202237602  1.0383466998475066 1022.8206493505178 112.61531352092874 -11.993394970290929  1.0383466998474982 1022.8543213128979 112.62198867438713 -11.887024773661523  1.0383466998475483 1022.8880507169835 112.62855994697007 -11.780657286359657  1.0383466998474111 1022.9218406304261 112.63502058553402 -11.674295439252754  1.0383466998476425 1022.9556946749065 112.64136398701704 -11.567942410137434  1.0383466998473707 1022.9896170071478 112.64758375847923 -11.46160161379709  1.0383466998476014 1023.0236122999274 112.65367377715457 -11.355276692075446  1.0383466998474618 1023.0576857230908 112.6596282504922 -11.248971503935763  1.0383466998475175 1023.0918429245629 112.66544177620563 -11.142690115530501  1.0383466998475066 1023.126404608023 112.67079359846808 -11.036047145202218  1.0383466998475619 1023.161118755461 112.6758864441458 -10.929485275931512  1.0383466998472775 1023.1959959141882 112.68072069498243 -10.823010441029556  1.0383466998480304 1023.2310465776129 112.6852975127249 -10.716628523598713  1.038346699846691 1023.2662811433489 112.68961880349782 -10.610345339558295  1.0383466998484272 1023.3017098713215 112.69368718218186 -10.5041666206822  1.0383466998467463 1023.3373428418761 112.69750593678637 -10.398097997622887  1.0383466998479609 1023.3731899138858 112.70107899282856 -10.292144982947677  1.0383466998473192 1023.4092606828586 112.70441087770674 -10.186312954166404  1.0383466998475515 1023.4455644390455 112.70750668507785 -10.080607136763623  1.0383466998475066 1023.4815250047413 112.71091588232112 -9.9751767674807983  1.0383466998475332 1023.5177776392744 112.71396878388227 -9.8699281768389859  1.0383466998474045 1023.5543339057656 112.71667966383028 -9.7648672361975759  1.0383466998477129 1023.5912044845207 112.71906308048419 -9.6599994251976682  1.0383466998472195 1023.6283992207327 112.72113380345382 -9.5553298537257678  1.038346699847809 1023.6659271721846 112.72290674068675 -9.4508632838769007  1.0383466998472535 1023.7037966569497 112.72439686550629 -9.3466041519192871  1.0383466998476691 1023.7420153010963 112.72561914366005 -9.2425565902565623  1.0383466998474324 1023.7805900863874 112.72658846035839 -9.1387244493927895  1.038346699847525 1023.8195273979843 112.72731954732062 -9.0351113198950319  1.0383466998475068 1023.8573278287931 112.72888547386844 -8.9323759292158229  1.038346699847545 1023.895554780014 112.73007983406399 -8.8299227820104402  1.0383466998473572 1023.9342138227242 112.73093048282864 -8.7277545978601125  1.038346699847835 1023.9733095741969 112.73146409107817 -8.6258737446703293  1.0383466998470097 1024.0128458120346 112.73170618606326 -8.5242822828295832  1.0383466998480475 1024.0528255882978 112.73168119171361 -8.422982009369786  1.038346699847071 1024.0932513436405 112.73141246897751 -8.321974502126233  1.0383466998477644 1024.1341250214382 112.73092235616602 -8.2212611638961999  1.0383466998474005 1024.1754481819223 112.7302322092934 -8.1208432666002288  1.0383466998475319 1024.2172221163105 112.72936244241998 -8.0207219954405904  1.0383466998475064 1024.2570955253268 112.72962128248427 -7.9220625999151375  1.0383466998475308 1024.2974954125395 112.72955534827899 -7.8237764420131315  1.0383466998474109 1024.3384181493036 112.72920188142024 -7.7258618108556192  1.0383466998476929 1024.3798599753193 112.72859532495848 -7.6283171125492011  1.0383466998472637 1024.4218170700863 112.72776755952401 -7.5311408820260928  1.0383466998477402 1024.4642856243336 112.72674813947137 -7.4343317948820928  1.0383466998473339 1024.5072619114817 112.72556452902455 -7.3378886792185938  1.0383466998476001 1024.5507423590707 112.72424233842212 -7.2418105274786893  1.0383466998474706 1024.5947236202171 112.72280556006172 -7.1460965082900048  1.0383466998475139 1024.6392026450517 112.72127680464548 -7.0507459783015296  1.0383466998475064 1024.6810892294395 112.72098767264588 -6.9574204051878468  1.0383466998475186 1024.7235593188427 112.72045490224831 -6.8645505016091741  1.0383466998474546 1024.7666002688845 112.71972070042685 -6.772130447208621  1.0383466998476296 1024.8102006431013 112.7188232245735 -6.680155270274307  1.0383466998472977 1024.8543501435622 112.71779701019572 -6.5886207761102931  1.0383466998477684 1024.8990395414978 112.71667339861168 -6.4975234754246571  1.0383466998472601 1024.9442606079162 112.71548096464853 -6.4068605126960581  1.0383466998476749 1024.9900060442353 112.71424594433736 -6.3166295945613076  1.0383466998474273 1025.0362694128974 112.71299266261111 -6.2268289181871239  1.038346699847527 1025.083045067998 112.71174396100038 -6.1374570996508444  1.0383466998475066 1025.126616443192 112.71171032376354 -6.0506255097126331  1.038346699847472 1025.170787909758 112.71152759251068 -5.9643301363590586  1.0383466998476356 1025.2155396742846 112.71123984509506 -5.8785622540239828  1.0383466998472122 1025.2608546050876 112.71088632432537 -5.7933148058343438  1.0383466998479614 1025.3067179719474 112.71050201235705 -5.7085822147153173  1.038346699847009 1025.353117185816 112.71011820508247 -5.6243601945200439  1.0383466998479025 1025.4000415385669 112.70976308652311 -5.5406455611257055  1.0383466998472743 1025.447481942696 112.70946230321906 -5.4574360435662932  1.0383466998476019 1025.4954306710677 112.70923953862135 -5.3747300951334784  1.0383466998474833 1025.5438810966275 112.70911708748191 -5.2925267044994317  1.0383466998475064 1025.5885991487119 112.71007723937876 -5.2132901494285235  1.0383466998474467 1025.6338976007148 112.71098345135246 -5.1346778732917553  1.0383466998477351 1025.6797515337043 112.71188002474979 -5.0566798534886503  1.038346699847025 1025.7261400150182 112.71280599091676 -4.9792885352295873  1.0383466998481854 1025.7730456395482 112.71379578584012 -4.9024985032121418  1.0383466998468172 1025.8204540710688 112.71487992478933 -4.8263061532927392  1.0383466998480273 1025.8683535835057 112.71608567695793 -4.7507093641644893  1.0383466998472111 1025.9167346022693 112.71743774010574 -4.6757071690276035  1.0383466998476296 1025.9655892455312 112.71895891520002 -4.6012994272675813  1.0383466998474742 1026.0149108655414 112.72067078105769 -4.5274864961267767  1.0383466998475073 1026.0600446086401 112.72325632319486 -4.4569042005072497  1.038346699847537 1026.105701422942 112.72587725134058 -4.3870484904446565  1.0383466998473712 1026.1518531738654 112.72857683124954 -4.3179098842445942  1.0383466998478337 1026.1984766806004 112.73139291666142 -4.2494819886952895  1.0383466998469755 1026.2455531028509 112.73435867506556 -4.1817610242821024  1.038346699848117 1026.2930673275714 112.73750331346547 -4.1147453504396267  1.0383466998469937 1026.3410073557052 112.74085280414317 -4.0484349907552399  1.0383466998478164 1026.3893636889268 112.74443061042426 -3.9828311582226759  1.0383466998473785 1026.4381287163751 112.74825841244179 -3.917935780454072  1.0383466998475368 1026.487296101398 112.75235683290136 -3.8537510249198244  1.0383466998475064 1026.5320173163968 112.75699040313589 -3.7928935086625737  1.0383466998475077 1026.5771555588433 112.76173731125442 -3.732886961961225  1.0383466998474979 1026.6226797401164 112.76663858619808 -3.6737249859517638  1.0383466998475313 1026.668564278179 112.77172983651307 -3.6154046171111629  1.0383466998474555 1026.7147884107483 112.77704199818035 -3.5579256892907161  1.0383466998475834 1026.7613355084791 112.78260208244915 -3.5012901957607925  1.0383466998474178 1026.8081923881277 112.78843392366488 -3.4455016512431218  1.038346699847579 1026.8553486257385 112.79455892710391 -3.3905644539523054  1.0383466998474695 1026.9027958698096 112.80099681680139 -3.3364832476340682  1.0383466998475157 1026.950527154474 112.80776638338472 -3.2832622836017489  1.0383466998475064 1026.9935235660776 112.81483706482213 -3.2329539752798837  1.0383466998475348 1027.036787687023 112.82207310822872 -3.1836296260630332  1.0383466998473951 1027.0802862507194 112.82951026463942 -3.1352868649959289  1.0383466998477375 1027.1239911703879 112.83717922013086 -3.0879261337176551  1.0383466998471818 1027.1678790278072 112.84510630959615 -3.0415499740189755  1.0383466998478479 1027.2119305620495 112.85331423051511 -2.9961623154434136  1.0383466998472257 1027.2561301582291 112.86182275673055 -2.9517677628278012  1.0383466998476825 1027.3004653362375 112.87064945221825 -2.9083708839105249  1.0383466998474307 1027.3449262394906 112.87981038486215 -2.8659754968782556  1.0383466998475237 1027.3895051236668 112.88932084022611 -2.8245839579578735  1.038346699847507 1027.4301707047825 112.89835202441388 -2.7860724338726168  1.0383466998475239 1027.4708107195684 112.90758378613461 -2.7486704601150205  1.0383466998474356 1027.5113853829139 112.91703857869031 -2.7123887220544578  1.0383466998476627 1027.5518585888842 112.92673430679081 -2.6772387263153297  1.0383466998472741 1027.5921979685868 112.93668501126197 -2.6432319695493964  1.0383466998477668 1027.632374947995 112.94690155375 -2.6103791072397877  1.0383466998472808 1027.6723648058351 112.95739230143225 -2.578689122466379  1.0383466998476534 1027.7121467313989 112.96816381171953 -2.5481684947077508  1.0383466998474395 1027.7517038824258 112.9792215169672 -2.5188203686164181  1.0383466998475237 1027.7910234429341 112.99057040917907 -2.4906437228088008  1.0383466998475059 1027.8255864300554 113.00238892105969 -2.4625668311386057  1.0383466998475537 1027.8600933864873 113.0143804399893 -2.4355721210345882  1.0383466998473136 1027.8945049968952 113.02655304259405 -2.409665076462713  1.0383466998479494 1027.9287849677371 113.03891246627677 -2.3848487320179546  1.0383466998468134 1027.9629005897159 113.0514626933345 -2.361123583999249  1.0383466998482951 1027.9968233001302 113.06420653505343 -2.3384875014753082  1.0383466998468469 1028.0305292453713 113.07714621583487 -2.3169356373591397  1.0383466998479063 1028.0639998432518 113.09028395728677 -2.2964603394780765  1.0383466998473396 1028.0972223454914 113.10362256234622 -2.2770510616423074  1.0383466998475468 1028.1301904000841 113.11716599937945 -2.2586942747191658  1.0383466998475064 1028.1644200960368 113.12705292787032 -2.2460844311367278  1.0383466998475066 1028.1974689247456 113.1371006718994 -2.234349060231116  1.0383466998475026 1028.2292855409223 113.14724730659711 -2.2235622841381533  1.038346699847525 1028.2598107342255 113.15742809529995 -2.2137774265858248  1.0383466998474598 1028.288982856805 113.16757729016147 -2.2050274972115051  1.0383466998475925 1028.3167432508787 113.1776299327832 -2.1973256758197861  1.0383466998473987 1028.3430416762656 113.18752365481762 -2.1906657967194718  1.0383466998475948 1028.367841737967 113.19720047860287 -2.1850228329758075  1.03834669984746 1028.3911263137056 113.20660861776818 -2.1803533807358955  1.0383466998475197 1028.4129029814933 113.21570427786111 -2.1765961435034065  1.0383466998475064 1028.427648511404 113.23237553697194 -2.1611491929604032  1.0383466998474571 1028.4440635121869 113.25127856639251 -2.1443124904220729  1.0383466998476889 1028.4620939497474 113.27263402234603 -2.1257697550250008  1.0383466998471056 1028.481543756244 113.29679097486037 -2.1053781166499714  1.0383466998481203 1028.502199298714 113.32403846171295 -2.082513345181555  1.0383466998468311 1028.5237992424909 113.35467865091168 -2.0561539234731878  1.03834669984804 1028.5459395602991 113.38920416529663 -2.0250865269594795  1.0383466998472064 1028.5680034380687 113.42842212294865 -1.9876154724670361  1.0383466998476232 1028.5892058283428 113.47336744698507 -1.9401586992062345  1.0383466998474795 1028.6088424023014 113.52484799841443 -1.8741128445298196  1.0383466998475064 
1020.9386114914686 113.4985906135805 -20.023883770473965  0.85353433019614999 1020.8570781513039 113.61668075334671 -19.972525507124111  0.85353433019616975 1020.8276618143279 113.65063278108832 -19.909142581557866  0.85353433019607228 1020.7988334888591 113.70516950448972 -19.849013095449777  0.85353433019631908 1020.7885205235121 113.71155097321669 -19.781766797912304  0.85353433019588076 1020.7724908617034 113.75424551801068 -19.7201171856088  0.85353433019647196 1020.7672915689568 113.76119753379484 -19.653142976605494  0.85353433019586822 1020.7606285019474 113.78317208284544 -19.588539344436064  0.85353433019632752 1020.7572699141539 113.79721854160627 -19.522822470420063  0.8535343301960715 1020.7554271794513 113.81048355718787 -19.457081937902942  0.85353433019616964 1020.7551091820278 113.82225269562282 -19.391214662072436  0.85353433019614944 1020.7578917821522 113.83243698592771 -19.317136436529985  0.85353433019615954 1020.7611206027858 113.84219609460551 -19.242980145920612  0.85353433019610359 1020.7647246986252 113.85161304385073 -19.168753103964885  0.85353433019625558 1020.7684706584675 113.86088867857291 -19.094437921027342  0.85353433019599889 1020.7721214250045 113.87023190738377 -19.020016784889549  0.85353433019629843 1020.775483368499 113.87983048045105 -18.945478715460858  0.85353433019604297 1020.778341614333 113.88990230418216 -18.870809793528089  0.85353433019620584 1020.7802836244429 113.90082729278355 -18.795966363400055  0.85353433019612912 1020.780411032623 113.91335975664943 -18.720831209610456  0.8535343301961541 1020.7769397337145 113.92892132761794 -18.64515270753127  0.85353433019614966 1020.783774976871 113.93638358658936 -18.562820499895846  0.85353433019617531 1020.7908590156767 113.94359328541614 -18.480482378821144  0.85353433019605363 1020.7981716400752 113.95056815588711 -18.398134100754586  0.8535343301963374 1020.8056915925799 113.95732646014993 -18.315771036030455  0.85353433019590841 1020.8133962983958 113.96388705258758 -18.233388074163514  0.85353433019636948 1020.8212615955515 113.97026944170821 -18.150979529147556  0.85353433019600033 1020.8292614650175 113.97649385201669 -18.068539044754864  0.85353433019622804 1020.8373677608387 113.98258128590616 -17.986059499826077  0.85353433019612024 1020.8455499402553 113.98855358553195 -17.903532913575891  0.85353433019615566 1020.8537747938312 113.99443349469799 -17.820950350882697  0.85353433019615021 1020.8634814496144 114.00016068861807 -17.731405700850928  0.85353433019618696 1020.8731325759451 114.00588296080301 -17.641780395593528  0.85353433019600033 1020.88264916096 114.01165470938572 -17.552054453749403  0.85353433019649638 1020.89194891564 114.01753430146881 -17.462206727593045  0.85353433019559999 1020.9009388335268 114.02358608456166 -17.372212661867142  0.85353433019677982 1020.9095077504307 114.02988239803129 -17.282042052637198  0.85353433019561176 1020.9175189041515 114.03650558453334 -17.191656806116193  0.85353433019648939 1020.9248024941837 114.04355000146604 -17.101008697522293  0.85353433019599856 1020.9311482414363 114.0511240324028 -17.010037129907069  0.85353433019618929 1020.9362979479417 114.0593520985406 -16.918666893004797  0.85353433019614922 1020.9490038687709 114.06275524820757 -16.822765913424103  0.85353433019617175 1020.961627548785 114.06613640281216 -16.72678860776815  0.85353433019607117 1020.9741227467334 114.06951968852242 -16.630719910106475  0.85353433019631075 1020.9864395947037 114.07293041385873 -16.534543406152263  0.85353433019592295 1020.9985232020721 114.07639489089362 -16.438240862745502  0.85353433019638247 1021.0103122594593 114.07994025644267 -16.341791757263863  0.85353433019596991 1021.0217376426799 114.08359429326659 -16.245172807136562  0.85353433019625513 1021.032721016698 114.08738525126185 -16.14835749924001  0.85353433019610525 1021.0431734395778 114.09134166866099 -16.051315619402878  0.85353433019616132 1021.0529939664372 114.09549219322614 -15.954012781830116  0.85353433019614966 1021.0669648493528 114.09755001573296 -15.852330977038541  0.85353433019614955 1021.0806972046842 114.09961996865951 -15.750516471815638  0.85353433019615577 1021.0941403762289 114.10171741529618 -15.648551310915867  0.85353433019612857 1021.1072395413076 114.10385784954329 -15.546415952406425  0.85353433019619251 1021.1199347409718 114.10605622909884 -15.444088952569356  0.85353433019608882 1021.1321599102067 114.10832630864006 -15.341546650792274  0.8535343301962135 1021.1438419081396 114.11067997301417 -15.238762854476843  0.85353433019609948 1021.1548995482433 114.11312657041803 -15.135708523925317  0.85353433019617675 1021.1652426285428 114.11567224558874 -15.03235145724868  0.85353433019614178 1021.174770961821 114.11831927298549 -14.928655975257852  0.85353433019614977 1021.1898697719938 114.1183915812482 -14.822149013722623  0.85353433019612679 1021.20471713722 114.11839750731518 -14.715503150987072  0.85353433019624203 1021.2192783570197 114.11833738631475 -14.60870524653569  0.85353433019594305 1021.2335166750928 114.11821021581973 -14.501741378523773  0.85353433019646852 1021.2473932616128 114.11801321881292 -14.394596863099123  0.85353433019580072 1021.2608671955275 114.11774140666289 -14.287256273714288  0.85353433019642833 1021.2738954468487 114.11738714208451 -14.179703460444106  0.85353433019598657 1021.2864328589553 114.11693970211772 -14.071921569306692  0.85353433019621694 1021.2984321308841 114.11638484108875 -13.963893061572579  0.85353433019613278 1021.3098437996287 114.11570435358482 -13.855599733088821  0.85353433019615044 1021.3254648698003 114.11349788063782 -13.745123443749392  0.85353433019614156 1021.3408745043296 114.11111246887573 -13.634521866841784  0.85353433019617586 1021.356054738183 114.10853871875038 -13.523788112447548  0.85353433019609792 1021.3709875607954 114.10576570051731 -13.412915316468709  0.85353433019620906 1021.3856551317871 114.10278086668995 -13.301896738137046  0.8535343301961088 1021.4000399966818 114.09956996450414 -13.190725857535821  0.8535343301961611 1021.4141253026245 114.09611694836732 -13.079396473103239  0.85353433019615621 1021.4278950140978 114.09240389232609 -12.967902799157567  0.853534330196142 1021.4413341286406 114.08841090251588 -12.856239563401433  0.85353433019615288 1021.4544288925647 114.08411602962467 -12.744402104442281  0.85353433019614966 1021.4710415668887 114.07889668028069 -12.631221693891174  0.85353433019619329 1021.4876120346239 114.07337971615917 -12.517983410347854  0.85353433019597547 1021.5041418103675 114.06755563200211 -12.404688148151527  0.85353433019653502 1021.5206334270625 114.06141459370519 -12.291337252982366  0.85353433019556812 1021.5370904859914 114.05494654059011 -12.177932544232522  0.8535343301967836 1021.5535177067702 114.04814128768334 -12.064476337376355  0.85353433019563696 1021.5699209773426 114.04098862798644 -11.950971466345456  0.8535343301964553 1021.5863074039738 114.03347843475551 -11.83742130589383  0.85353433019602276 1021.6026853612447 114.02560076377252 -11.723829793976297  0.85353433019618019 1021.6190645420455 114.01734595562245 -11.610201454114025  0.85353433019614966 1021.6375682536762 114.00874733108222 -11.49577363631872  0.85353433019613834 1021.656286590215 113.99979278301018 -11.38139424454803  0.85353433019619018 1021.6752329121164 113.99048271990544 -11.267069190156128  0.8535343301960775 1021.6944209169214 113.98081829842222 -11.152804554875692  0.85353433019623948 1021.7138645650188 113.97080143713573 -11.038606560324434  0.85353433019606606 1021.7335780054161 113.96043483031073 -10.92448153749751  0.85353433019620883 1021.7535755014967 113.94972196166502 -10.810435896277903  0.85353433019611646 1021.7738713567929 113.93866711814026 -10.696476094928558  0.85353433019616387 1021.7944798407443 113.92727540366457 -10.582608609599347  0.85353433019614589 1021.8154151144671 113.91555275292225 -10.468839903824414  0.85353433019614988 1021.8371128235013 113.90378037496208 -10.354795858489108  0.85353433019617864 1021.8593095085806 113.89169472538849 -10.240922516678818  0.85353433019603109 1021.8820168660835 113.87930974471746 -10.127225448166691  0.85353433019641944 1021.9052457431509 113.86663979368547 -10.013709909866437  0.8535343301957341 1021.9290061484313 113.85369958117167 -9.9003808484510518  0.85353433019661518 1021.9533072628342 113.84050409210251 -9.7872429029719186  0.8535343301957653 1021.978157450273 113.82706851538023 -9.6743004074790857  0.85353433019638403 1022.0035642684192 113.81340817178557 -9.5615573936384681  0.85353433019604807 1022.0295344794466 113.79953844190263 -9.4490175933532967  0.85353433019617597 1022.0560740607831 113.78547469402866 -9.3366844413814931  0.85353433019614988 1022.0820463886217 113.77140102963364 -9.2245767584697891  0.85353433019617009 1022.1087539124895 113.75714554084067 -9.1127481164078468  0.85353433019607383 1022.1361953084293 113.74273055568297 -9.0011991149471342  0.85353433019629821 1022.164368391953 113.72817752874467 -8.8899300420433782  0.85353433019595304 1022.1932702237818 113.71350705381656 -8.7789409128037672  0.85353433019634162 1022.2228972155848 113.69873887655807 -8.6682315084438102  0.853534330196005 1022.2532452357181 113.68389190715013 -8.5578014152315287  0.85353433019623492 1022.2843097149645 113.66898423295868 -8.4476500634452556  0.85353433019611202 1022.3160857522723 113.65403313118816 -8.3377767663194238  0.85353433019615965 1022.3485682204954 113.63905508154257 -8.2281807589989988  0.85353433019614999 1022.3793676581805 113.62393719633219 -8.1193568036063386  0.85353433019617486 1022.4110524373907 113.60881136741328 -8.0108913650854525  0.85353433019605829 1022.4436045183814 113.59369966229912 -7.9027784331961719  0.85353433019634095 1022.4770064655763 113.57862232188027 -7.7950123071428106  0.85353433019587766 1022.5112414784819 113.56359791995899 -7.6875876000275989  0.85353433019642555 1022.5462934226003 113.54864352277471 -7.5804992433079343  0.85353433019594283 1022.5821468603442 113.53377484854269 -7.4737424912484105  0.85353433019626479 1022.6187870819493 113.5190064269772 -7.3673129253787364  0.85353433019610447 1022.6562001363897 113.50435175882929 -7.2612064589462495  0.85353433019615998 1022.69437286229 113.48982347541352 -7.1554193413723874  0.85353433019614966 1022.729969260059 113.4749556914563 -7.0509932181961545  0.85353433019618019 1022.7665189119025 113.46025111304911 -6.94697810954289  0.85353433019603242 1022.8039898516372 113.44572513159463 -6.8433623348182682  0.85353433019638769 1022.8423528824162 113.43139137311023 -6.7401354755105931  0.85353433019582658 1022.8815813800489 113.4172619204541 -6.637288278424279  0.85353433019646674 1022.9216510963216 113.40334753555992 -6.5348125588997004  0.85353433019591896 1022.962539962317 113.38965788166047 -6.43270110405241  0.85353433019627267 1023.0042278917351 113.37620174552266 -6.3309475759906162  0.85353433019610425 1023.0466965842127 113.36298725967313 -6.2295464150520781  0.85353433019615921 1023.0899293286438 113.35002212463012 -6.1284927430272269  0.85353433019614966 1023.1298810814392 113.33651674060266 -6.0294072837465791  0.85353433019616565 1023.1707969106609 113.32331937795298 -5.9307691920060854  0.85353433019608382 1023.2126361747788 113.31043636702772 -5.8325631106785778  0.85353433019630198 1023.2553630957179 113.29787321804247 -5.734775946982829  0.85353433019590264 1023.2989462789768 113.28563478014446 -5.6373966423840987  0.85353433019644442 1023.3433582337462 113.27372540047421 -5.5404159424842856  0.85353433019588931 1023.3885748930285 113.26214908322854 -5.4438261669251835  0.85353433019631519 1023.4345751337552 113.25090964872207 -5.3476209792784388  0.85353433019607838 1023.4813402969068 113.24001089245014 -5.2517951569464456  0.85353433019616753 1023.5288537076309 113.22945674415065 -5.1563443610560027  0.85353433019614977 1023.5725115972474 113.2181851643758 -5.063445694173617  0.85353433019612779 1023.6171124442634 113.20733555296326 -4.9710261640693778  0.85353433019623182 1023.662611962394 113.19690583238152 -4.8790688006395566  0.85353433019596059 1023.7089723789702 113.18689452542488 -4.7875598285126788  0.85353433019644276 1023.7561616892771 113.1773007550625 -4.6964882954796501  0.8535343301958308 1023.8041529108889 113.16812424428733 -4.6058457008582661  0.8535343301964019 1023.8529233380085 113.15936531596336 -4.515625623948619  0.85353433019600111 1023.9024537958015 113.15102489267677 -4.4258233523865655  0.85353433019621239 1023.9527278947357 113.1431044965818 -4.3364355105898493  0.85353433019613412 1024.0037312849165 113.13560624925165 -4.2474596881365709  0.85353433019614966 1024.0503922986989 113.12723488928809 -4.1615515601854023  0.85353433019609315 1024.0979611506878 113.119374418804 -4.0761595764111922  0.85353433019636615 1024.1463936222547 113.11201653022664 -3.9912670599294708  0.85353433019569269 1024.1956531566311 113.10515507088441 -3.9068613943364054  0.85353433019679836 1024.2457098943421 113.09878583162912 -3.8229335078500171  0.8535343301954843 1024.2965397086284 113.09290633545881 -3.7394773574924223  0.85353433019665781 1024.3481232408835 113.08751562613971 -3.6564894132162298  0.85353433019585989 1024.4004449360752 113.08261405682924 -3.5739681420916138  0.85353433019626845 1024.4534920781803 113.07820307869797 -3.4919134924404203  0.85353433019612024 1024.50725382561 113.07428502955237 -3.4103263780073796  0.85353433019615044 1024.5562219835954 113.0693201475533 -3.3321794369823241  0.85353433019616709 1024.6060559734333 113.06493682970303 -3.2545976297571109  0.85353433019607328 1024.6567147030769 113.06112362711964 -3.1775666841089638  0.85353433019633063 1024.7081652720799 113.05787263264736 -3.1010771368108427  0.85353433019587033 1024.7603818695911 113.05517905500244 -3.0251236833583288  0.85353433019644698 1024.8133446723455 113.0530407929207 -2.9497045277383256  0.85353433019592106 1024.8670387426582 113.05145800930275 -2.8748207321346415  0.85353433019627811 1024.9214529264166 113.05043270536184 -2.8004755667095358  0.85353433019609937 1024.9765787510739 113.0499682947693 -2.7266738593122648  0.85353433019616121 1025.0324093236413 113.05006917780176 -2.653421345243256  0.85353433019614966 1025.0831465501276 113.04899364343011 -2.5838559825799203  0.85353433019615454 1025.1347005165233 113.04855890176448 -2.5149217951826159  0.85353433019613179 1025.1870348856476 113.04875346676975 -2.4466100951488166  0.85353433019619152 1025.2401214959405 113.04957051008424 -2.3789176677250072  0.85353433019608471 1025.2939392018729 113.05100724087238 -2.311845992695388  0.85353433019622194 1025.3484727143534 113.05306428567486 -2.245400465818574  0.85353433019609093 1025.4037114411417 113.05574506826281 -2.1795896201982643  0.85353433019618363 1025.4596483272521 113.05905518948684 -2.1144243477271827  0.85353433019613723 1025.5162786953688 113.06300180713136 -2.0499171204652438  0.85353433019615188 1025.5735990862499 113.0675930157645 -1.9860812120651303  0.85353433019614966 1025.6253754751265 113.07059517966404 -1.9256382304549255  0.85353433019618696 1025.6779185003818 113.0742945589791 -1.8659243263577636  0.85353433019600411 1025.7311978940827 113.07868357500551 -1.806939298740093  0.85353433019645886 1025.785190456987 113.0837594211589 -1.7486884230609583  0.85353433019570324 1025.8398790417136 113.08952340820059 -1.6911816610621662  0.85353433019662051 1025.8952515359372 113.09598030947537 -1.63443287046446  0.85353433019577751 1025.951299845548 113.1031377061327 -1.5784590147926547  0.85353433019636582 1026.0080188778509 113.1110053323665 -1.5232793730579601  0.85353433019606373 1026.0654055247294 113.11959442063812 -1.468914749568361  0.85353433019616853 1026.1234576458344 113.12891704691144 -1.4153866836466182  0.85353433019615021 1026.1765462507549 113.13706619233787 -1.3655641306607595  0.85353433019617686 1026.2302840481516 113.14592654725165 -1.3165549079847878  0.85353433019604152 1026.2846480699902 113.15549975695119 -1.2683809518852502  0.85353433019639524 1026.3396201863675 113.16579155592859 -1.221068778727501  0.85353433019576652 1026.3951863930185 113.17681117906164 -1.1746488040451535  0.85353433019659419 1026.4513360988453 113.18857077281749 -1.1291546615746171  0.85353433019576019 1026.5080614134145 113.20108480643921 -1.0846225223384209  0.85353433019640002 1026.5653564344918 113.21436948315247 -1.041090413673226  0.85353433019603842 1026.6232165355414 113.22844215135314 -0.99859753830872222  0.85353433019617808 1026.681637653252 113.2433207158094 -0.95718359340885506  0.85353433019614944 1026.7341996559587 113.25498572444575 -0.91605996532385348  0.85353433019620994 1026.7873804035105 113.26746141617726 -0.87599354495807624  0.85353433019590941 1026.8411528971503 113.28075268744553 -0.83701042350935317  0.85353433019670422 1026.895492257828 113.2948656942294 -0.79913837075641325  0.85353433019527325 1026.9503755025469 113.30980773993633 -0.76240665521388884  0.85353433019715919 1027.0057813207497 113.32558716330402 -0.72684586424165332  0.85353433019529046 1027.0616898506496 113.34221322628721 -0.69248772421330784  0.85353433019668545 1027.1180824556227 113.35969600196209 -0.65936492062341756  0.85353433019591818 1027.1749415005447 113.37804626241362 -0.62751091824605965  0.8535343301962075 1027.2322501281687 113.39727536663615 -0.59695978125842863  0.85353433019614966 1027.2878017067926 113.41948036649264 -0.57490476456957573  0.85353433019614366 1027.3434705190848 113.44206290422808 -0.55352439510885709  0.85353433019617375 1027.3992482952817 113.46508663220975 -0.53296177300577163  0.8535343301961047 1027.4551217178944 113.48860635694253 -0.51335068675094853  0.85353433019620373 1027.5110731738748 113.51266937864611 -0.49481694554286193  0.85353433019611791 1027.5670815067979 113.53731683082742 -0.47747971163277469  0.85353433019614733 1027.6231227690218 113.56258501985943 -0.46145283267940584  0.85353433019616853 1027.6791709738725 113.58850676455322 -0.44684617408462834  0.85353433019613434 1027.735198847806 113.61511273573574 -0.43376695135320809  0.85353433019615521 1027.7911785825881 113.64243279582371 -0.42232106243056045  0.85353433019614966 1027.8454227741822 113.6608380705616 -0.39329737695519995  0.8535343301960967 1027.900202727702 113.67915722809946 -0.36382871089421087  0.85353433019635061 1027.9556685251473 113.69704011278482 -0.33335017544559697  0.85353433019570557 1028.0118051655936 113.71439506481802 -0.30120602360511839  0.853534330196834 1028.0688842287389 113.73067283273141 -0.26649907753605717  0.85353433019538216 1028.1273837655544 113.74499266387829 -0.22805648843920423  0.85353433019678171 1028.187798514502 113.75644041934193 -0.1843335087381881  0.8535343301957703 1028.2507625420083 113.76386855969039 -0.13307695605307757  0.85353433019630887 1028.3179064056455 113.76452784799308 -0.070570048793427986  0.85353433019611125 1028.3938709386805 113.75086061651689 0.0097197071044465792  0.85353433019614966 
1019.0642721131186 113.86309856278669 -20.034148566711465  1.038346699847507 1018.9587822959181 113.85865752094249 -19.95950893015776  1.0383466998475355 1018.9320157254465 113.85736160416081 -19.885671752549847  1.0383466998473976 1018.891091189385 113.86435084166658 -19.811367921619812  1.0383466998477431 1018.8909375745595 113.86524332239102 -19.735582199539682  1.0383466998471353 1018.863256784914 113.87599612572386 -19.659290399097262  1.0383466998479485 1018.8647814098512 113.87999564629555 -19.581167601549101  1.0383466998471227 1018.8553485488122 113.88833366474739 -19.502059554659887  1.038346699847746 1018.8528651432947 113.89529626454279 -19.421483081814248  1.0383466998474054 1018.8516923288578 113.90230359995202 -19.339549704677431  1.0383466998475315 1018.8523794533455 113.90896419280006 -19.256232395994392  1.0383466998475066 1018.856445247014 113.91743182495367 -19.162963319848714  1.0383466998475022 1018.8610590841254 113.92471524376198 -19.07076266486493  1.0383466998475155 1018.8660984939443 113.93090731941376 -18.979643950571507  1.0383466998474866 1018.8713022095999 113.93602995298045 -18.889590080353173  1.0383466998475641 1018.8764056976946 113.94010263073588 -18.800578719097309  1.0383466998474042 1018.881179066639 113.94316387111385 -18.71259036707788  1.0383466998476256 1018.8853673536319 113.94524556435557 -18.625599130267268  1.038346699847414 1018.8885331903889 113.94630020477936 -18.539546186831323  1.0383466998475543 1018.8898018475119 113.94608101574437 -18.454295950064839  1.0383466998474933 1018.8875086575906 113.94397496724623 -18.369574927547099  1.0383466998475068 1018.8956835060766 113.94533539165263 -18.277724729172572  1.0383466998475308 1018.904152347922 113.94615797676374 -18.186065762233135  1.0383466998474158 1018.9128943656576 113.94644938799827 -18.094596664305548  1.0383466998476731 1018.9218880400934 113.94621567380247 -18.003315649925948  1.038346699847315 1018.9311110052047 113.94546208691727 -17.912220487500974  1.0383466998476589 1018.9405399030455 113.94419290564056 -17.821308476122294  1.0383466998474193 1018.9501502386238 113.94241125509544 -17.730576422515004  1.0383466998475452 1018.9599162348197 113.94011892849257 -17.640020617837585  1.0383466998474944 1018.9698106872648 113.93731620839715 -17.549636814613908  1.0383466998475086 1018.9798048192497 113.93400168799309 -17.459420203571401  1.0383466998475073 1018.9914046293783 113.93069343103036 -17.361572827468422  1.0383466998475537 1019.0029943836977 113.92674802495006 -17.263988551175107  1.0383466998473134 1019.0145039419569 113.92215499322505 -17.166654703897024  1.038346699847962 1019.0258594610332 113.91690276936295 -17.069557352462475  1.038346699846773 1019.036979113578 113.91097410658558 -16.972680382991719  1.0383466998483653 1019.0477688066696 113.90434148751577 -16.876004582598121  1.0383466998467601 1019.0581179004621 113.89696253385252 -16.779506721044264  1.0383466998479867 1019.0678949268316 113.88877541606095 -16.683158632449405  1.0383466998472919 1019.0769433080316 113.87969426304717 -16.586926296949549  1.0383466998475621 1019.0850770753366 113.86960457184541 -16.490768922392625  1.0383466998475064 1019.100224337835 113.8618690825697 -16.389245262569361  1.0383466998475492 1019.1153849819905 113.85360216906388 -16.287877222168991  1.0383466998473503 1019.1305244435633 113.8447929682311 -16.186657058432935  1.0383466998478366 1019.1456059938025 113.83542834001865 -16.085576364306156  1.0383466998470308 1019.1605902967528 113.82549178279332 -15.984626003537732  1.0383466998480047 1019.175434966541 113.81496234872276 -15.883796045774929  1.0383466998471222 1019.1900941246901 113.80381355915085 -15.783075701669761  1.0383466998477227 1019.2045179574033 113.79201231997708 -15.682453257967332  1.0383466998474238 1019.218652272874 113.77951783703487 -15.581916012614961  1.0383466998475253 1019.2324380585786 113.76628053146872 -15.481450209852682  1.0383466998475068 1019.2499775270303 113.75399887127719 -15.37600999367204  1.0383466998475019 1019.2674616845327 113.74114637533934 -15.270683976856791  1.0383466998475326 1019.2848605566903 113.72770287330765 -15.165465092843515  1.0383466998474422 1019.3021424474731 113.71364512764295 -15.060345816205938  1.0383466998476119 1019.3192739825732 113.69894587531768 -14.955318251690237  1.0383466998473818 1019.3362201527502 113.68357286950908 -14.850374223229014  1.0383466998476234 1019.3529443571907 113.66748792130693 -14.745505362986401  1.0383466998474229 1019.3694084468531 113.65064594140439 -14.64070320036646  1.0383466998475495 1019.3855727678247 113.63299398180472 -14.535959251056582  1.0383466998474946 1019.401396204671 113.61447027751593 -14.43126510604414  1.0383466998475068 1019.4217633779198 113.5978455157809 -14.322888427547221  1.0383466998475108 1019.4421450675032 113.58066498817661 -14.21461293947066  1.0383466998474848 1019.4625281611418 113.56291097621583 -14.106435861464412  1.0383466998475712 1019.4828996019289 113.54456370683869 -13.998354526545949  1.0383466998473874 1019.5032466631819 113.52560117808356 -13.89036650020984  1.0383466998476747 1019.5235572232372 113.50599898479331 -13.782469699641899  1.038346699847337 1019.5438200403219 113.4857301442716 -13.6746625127887  1.038346699847627 1019.5640250273401 113.46476492199623 -13.566943917588361  1.0383466998474509 1019.5841635267368 113.44307065727965 -13.459313601055717  1.0383466998475201 1019.6042285853048 113.42061158896894 -13.351772078473445  1.0383466998475077 1019.6274975975198 113.39963948188958 -13.241294618498388  1.0383466998474904 1019.650894673676 113.37813734883837 -13.130932527062892  1.0383466998475621 1019.6744203049909 113.35609407007301 -13.020687004337599  1.0383466998473947 1019.6980759600169 113.33349789891601 -12.910559644760204  1.0383466998476414 1019.7218642278345 113.3103365913763 -12.800552488540562  1.0383466998474116 1019.7457889612623 113.28659753577426 -12.690668073156775  1.038346699847535 1019.7698554200447 113.26226788236141 -12.580909484861756  1.0383466998475177 1019.7940704140622 113.23733467294707 -12.471280410180182  1.0383466998474939 1019.8184424465242 113.21178497051761 -12.361785187412529  1.038346699847511 1019.8429818571719 113.18560598886195 -12.25242885813481  1.0383466998475068 1019.8699390397813 113.16087587818276 -12.140998517856758  1.0383466998475512 1019.8971963628452 113.13572728759701 -12.029718024484447  1.0383466998473256 1019.9247628706844 113.11016188699838 -11.918590876539042  1.0383466998479065 1019.9526482363243 113.08418197766738 -11.807620790680341  1.0383466998469069 1019.9808627167341 113.05779056970464 -11.696811681508265  1.0383466998481619 1020.0094171080749 113.03099145946939 -11.586167641355315  1.0383466998469675 1020.0383227009361 113.00378930701194 -11.47569292009444  1.0383466998478386 1020.0675912355842 112.97618971351172 -11.365391904926785  1.0383466998473654 1020.0972348572017 112.94819929871116 -11.255269100189926  1.0383466998475412 1020.1272660711313 112.91982577835205 -11.145329107149728  1.0383466998475068 1020.158639886879 112.89238108626041 -11.034094290115714  1.0383466998474975 1020.1904848985115 112.86471160373904 -10.923044144444839  1.0383466998475355 1020.2228093155229 112.83683044381888 -10.812181392314997  1.0383466998474764 1020.2556210140109 112.80875126352159 -10.701508619825669  1.0383466998475066 1020.2889274987141 112.78048821437426 -10.591028263529367  1.0383466998475483 1020.3227358650423 112.75205589292695 -10.480742596974441  1.038346699847444 1020.3570527611186 112.72346929126519 -10.370653717231566  1.0383466998475588 1020.391884349806 112.69474374752939 -10.260763531438954  1.0383466998474806 1020.4272362707502 112.66589489642686 -10.151073743330269  1.0383466998475133 1020.4631136024086 112.63693861975003 -10.041585839775378  1.038346699847507 1020.4994333288591 112.6083372269071 -9.9316247047315205  1.0383466998475614 1020.536345368025 112.57976004329433 -9.8218647908457672  1.0383466998472808 1020.5738495236077 112.55122325739265 -9.7123057761744285  1.0383466998480351 1020.6119450016805 112.52274260007212 -9.6029471489625617  1.0383466998466639 1020.6506304608356 112.4943333249108 -9.4937882266204046  1.0383466998484805 1020.6899040623094 112.46601018852017 -9.3848281747038094  1.0383466998466864 1020.7297635201379 112.43778743086187 -9.2760660258922751  1.0383466998480086 1020.7702061512788 112.40967875557364 -9.1675006989661814  1.0383466998472941 1020.8112289257629 112.38169731028744 -9.0591310177878128  1.038346699847559 1020.8528285168254 112.35385566695284 -8.9509557302774727  1.038346699847507 1020.8941166030291 112.32574626404774 -8.8431651029986877  1.0383466998475324 1020.9360468038977 112.29790583574687 -8.7355676068986856  1.0383466998474071 1020.9786094434023 112.27034343133151 -8.6281601001917281  1.0383466998477142 1021.021795068137 112.24306714573126 -8.5209395936034102  1.0383466998472093 1021.0655944807417 112.21608420219208 -8.4139032582879594  1.0383466998478317 1021.1099987733179 112.18940103494441 -8.3070484337497916  1.0383466998472277 1021.1549993608544 112.16302337187109 -8.2003726357610169  1.0383466998476913 1021.200588014641 112.13695631717555 -8.0938735642814077  1.0383466998474213 1021.2467568956939 112.11120443404965 -7.987549111378021  1.0383466998475293 1021.2934985881725 112.08577182734194 -7.8813973691437011  1.0383466998475073 1021.3393336271108 112.05956067607855 -7.7765164460545861  1.0383466998475472 1021.3858050605845 112.03381421419877 -7.6718029130615157  1.0383466998473543 1021.432897984214 112.00852841144822 -7.5672529050421016  1.0383466998478359 1021.4805989109353 111.98369902021201 -7.4628631459522126  1.0383466998470241 1021.5288956805861 111.95932165756331 -7.3586309080852548  1.0383466998480098 1021.5777773694892 111.93539188731221 -7.2545539713283738  1.038346699847124 1021.6272342000397 111.91190530205465 -7.1506305824223251  1.0383466998477193 1021.6772574502883 111.88885760522082 -7.04685941421846  1.0383466998474247 1021.7278393635271 111.8662446931244 -6.9432395249367875  1.0383466998475255 1021.7789730578751 111.8440627370109 -6.839770317424624  1.0383466998475068 1021.8286951798397 111.8207416405338 -6.7384534853098366  1.0383466998475457 1021.8790244557023 111.79801848958381 -6.6372726439375231  1.0383466998473541 1021.9299462309789 111.7758758759169 -6.5362255866760339  1.0383466998478228 1021.9814481074459 111.7542978354665 -6.4353109581679444  1.0383466998470605 1022.0335197208035 111.73326978269147 -6.3345281682464538  1.0383466998479782 1022.0861525183416 111.71277844492262 -6.2338773058556018  1.0383466998471254 1022.1393395366025 111.69281179671155 -6.1333590529673376  1.0383466998477373 1022.1930751790469 111.67335899417651 -6.0329745984996794  1.0383466998474085 1022.2473549937176 111.65441030935131 -5.9327255522360929  1.0383466998475308 1022.3021754509041 111.63595706453175 -5.8326138587423824  1.0383466998475068 1022.3551029129683 111.61614840390905 -5.7354973161841887  1.0383466998475133 1022.4086122139411 111.59701941477358 -5.6384888353546518  1.0383466998474797 1022.4626929565925 111.57854240855544 -5.5415896435073959  1.0383466998475692 1022.5173372669772 111.56069311706959 -5.4448018564370217  1.0383466998474067 1022.5725394956511 111.54345038685094 -5.3481283735750376  1.0383466998476245 1022.6282959188869 111.52679587348788 -5.2515727730669379  1.0383466998474047 1022.6846044398915 111.51071373595775 -5.1551392068753614  1.0383466998475706 1022.7414642900216 111.49519033096043 -5.058832295854863  1.0383466998474786 1022.7988757300002 111.48021390725332 -4.9626570248510928  1.0383466998475139 1022.8568397511333 111.46577429998554 -4.8666186377834153  1.038346699847507 1022.9124021264296 111.44986358928308 -4.7743480589056233  1.038346699847488 1022.9685413303844 111.43468165202979 -4.6821657337073228  1.0383466998475728 1023.0252533698762 111.4201947189389 -4.5900775137148235  1.0383466998473563 1023.082536587237 111.40637431633232 -4.4980900327394249  1.0383466998477351 1023.1403913484606 111.39319669163437 -4.4062106106790289  1.0383466998472732 1023.1988197314117 111.3806422388634 -4.3144471573184351  1.0383466998476762 1023.257825214034 111.36869492412646 -4.2228080761310043  1.0383466998474147 1023.3174123625593 111.35734171111037 -4.1313021680785562  1.0383466998475437 1023.3775865197155 111.34657198657628 -4.0399385354138984  1.0383466998474979 1023.438353492936 111.33637698585152 -3.9487264854801207  1.0383466998475068 1023.4961538428493 111.32464886949114 -3.861953509148278  1.0383466998474369 1023.5545551089987 111.31368487639618 -3.7752585740362914  1.0383466998477746 1023.6135605652021 111.30344921378037 -3.6886532885084415  1.0383466998469335 1023.6731753771211 111.29391301207734 -3.6021499082705022  1.0383466998483393 1023.7334063209496 111.28505348813381 -3.515761268958439  1.0383466998466298 1023.7942615021025 111.27685310839834 -3.4295007186958424  1.0383466998481987 1023.8557500739057 111.26929875211599 -3.3433820506910532  1.0383466998470974 1023.9178819562821 111.26238087451662 -3.2574194357933353  1.0383466998476822 1023.9806675544442 111.25609267000881 -3.171627355083575  1.0383466998474611 1024.0441174775788 111.25042923536968 -3.086020532441454  1.0383466998475077 1024.1039684878854 111.24314333376994 -3.005385078045073  1.0383466998475328 1024.1644786783488 111.23665670522428 -2.9248309574262068  1.0383466998473903 1024.2256587701811 111.23093592093559 -2.8443768930192457  1.0383466998477902 1024.2875208153391 111.22595568129971 -2.764042208187087  1.0383466998470514 1024.3500779643384 111.22169776343144 -2.6838468031387288  1.0383466998480224 1024.4133442340603 111.21814996868723 -2.6038111307966192  1.0383466998470823 1024.47733427557 111.21530507019241 -2.5239561727363355  1.0383466998477577 1024.542063141922 111.21315976036344 -2.4443034150425307  1.0383466998474065 1024.6075460559766 111.21171359843449 -2.3648748242430795  1.0383466998475299 1024.6737981782092 111.21096795798104 -2.2856928231846343  1.0383466998475068 1024.7357561345023 111.2085665592347 -2.2118159103294373  1.0383466998474999 1024.7984733366711 111.20701170090641 -2.1380391547294542  1.0383466998475313 1024.8619678199941 111.20627677269968 -2.0643914409851005  1.0383466998474575 1024.9262583854265 111.20634415803625 -1.9909024172998615  1.0383466998475765 1024.991364396798 111.20720401045385 -1.9176025361161368  1.03834669984744 1025.0573055780096 111.20885303000196 -1.8445230947410627  1.0383466998475448 1025.1241018102332 111.21129323964067 -1.771696275991606  1.0383466998474984 1025.1917729291083 111.21453076163566 -1.6991551888108392  1.0383466998475055 1025.2603385219402 111.21857459395721 -1.626933908918164  1.0383466998475077 1025.3298177248976 111.22343538667573 -1.5550675194282313  1.0383466998475068 1025.3943252833842 111.22617222455425 -1.4885590255198409  1.0383466998475497 1025.4597257440648 111.22983892434 -1.4222256366950869  1.0383466998473374 1025.5260422303484 111.23442128027033 -1.3561084832446539  1.0383466998478674 1025.5932981088613 111.23991381266387 -1.290250084396547  1.0383466998469812 1025.6615167206078 111.2463185518148 -1.2246944544648919  1.0383466998480784 1025.7307211121399 111.25364382188693 -1.1594872090162607  1.0383466998470279 1025.8009337667086 111.26190302480724 -1.0946756710156453  1.0383466998478095 1025.8721763354424 111.27111342416072 -1.0303089769902396  1.0383466998473756 1025.9444693684959 111.28129492908351 -0.96643818318194086  1.0383466998475384 1026.0178320462232 111.29246887815764 -0.90311637170453629  1.0383466998475075 1026.0854981330008 111.30215222503851 -0.84478808139245842  1.0383466998475332 1026.1542621169738 111.31284152174221 -0.78674692625703813  1.038346699847398 1026.2241509661701 111.32454691470035 -0.7290576884460318  1.0383466998477557 1026.2951916812021 111.33728623612581 -0.67178784265652425  1.0383466998471189 1026.3674106908056 111.35108386758098 -0.61500786497171234  1.0383466998479565 1026.4408332473761 111.36596960354713 -0.55879154160345301  1.03834669984711 1026.5154828225093 111.38197751499146 -0.50321627776795452  1.0383466998477664 1026.5913805025359 111.39914481293745 -0.4483634064092783  1.0383466998473896 1026.6685443840615 111.41751071203163 -0.39431849706400435  1.038346699847537 1026.7469889695039 111.4371152941134 -0.34117166462029225  1.0383466998475064 1026.8201222097696 111.45229210074324 -0.29193346782182417  1.0383466998475688 1026.8943088383498 111.46869547349651 -0.24348348264216746  1.0383466998472588 1026.9695567908213 111.48634389993755 -0.19588769770995107  1.0383466998480748 1027.0458726071624 111.50525917315522 -0.14921583882919087  1.0383466998466162 1027.1232606977881 111.52546572164738 -0.10354131989101134  1.0383466998485229 1027.201722609527 111.54698993920856 -0.058941193858633063  1.0383466998466524 1027.2812562916797 111.56985951481235 -0.01549610364972231  1.0383466998480317 1027.361855361984 111.59410276250078 0.026709766865701919  1.0383466998472834 1027.4435083726653 111.61974795126631 0.067588741972315347  1.0383466998475619 1027.5261980764251 111.64682263493997 0.1070497031400226  1.0383466998475068 1027.6019550336455 111.67827715201818 0.14366633204083357  1.0383466998475124 1027.6793689751194 111.71070828437534 0.17934094624340524  1.0383466998474804 1027.758439965568 111.74424780639629 0.21392581577856973  1.038346699847581 1027.8391720622146 111.77902351780119 0.24725955608718486  1.0383466998473696 1027.9215684642511 111.81515847073688 0.27916659012616485  1.0383466998476996 1028.0056266623953 111.85277019686691 0.3094566105361789  1.0383466998473048 1028.0913335883258 111.89196993446326 0.33792404172176838  1.0383466998476578 1028.17866076425 111.93286185549638 0.36434750203261324  1.0383466998474311 1028.2675594523548 111.97554229272654 0.38848926584932464  1.0383466998475277 1028.3579558043405 112.02009896679439 0.41009472574235417  1.0383466998475068 1028.4523746175385 112.04944863561563 0.43309425870987539  1.0383466998474566 1028.5455604016479 112.07746775109807 0.45295507609066021  1.0383466998476927 1028.6376403084707 112.10360217345044 0.46994992486361475  1.0383466998471051 1028.7287568735126 112.12736766464187 0.48459466831618414  1.0383466998481048 1028.8192900593137 112.14798895890698 0.49710903315228627  1.038346699846876 1028.9098259329437 112.16442333570217 0.50752695122929836  1.0383466998479796 1029.0011060565341 112.17541200601457 0.51597586414454355  1.0383466998472564 1029.0941916701308 112.17920262294008 0.52264435938531406  1.0383466998475983 1029.1910767456839 112.17258622743051 0.52695750619361093  1.0383466998474868 1029.295983991429 112.14889194012494 0.5254792598318847  1.0383466998475068 
1017.9481748348304 112.80248282366004 -19.844825736327678  1.0367296232096119 1017.9142556459196 112.7243442986338 -19.761127113918597  1.0367296232096295 1017.9128380982341 112.70765386225223 -19.686514447788891  1.0367296232095469 1017.8987832723332 112.68363944910737 -19.609196984939746  1.0367296232097376 1017.9076410973973 112.68774086613831 -19.535538939985265  1.0367296232094318 1017.8966835937749 112.67480660568484 -19.457505758483698  1.0367296232098062 1017.9040030032646 112.68064324089148 -19.381576129388144  1.0367296232094632 1017.9031271953568 112.67940968247048 -19.303110504779212  1.0367296232096888 1017.9064331126416 112.68211016339545 -19.224123460480492  1.0367296232095844 1017.9102926723708 112.68494367691278 -19.143951944516445  1.0367296232096166 1017.9152322468062 112.6880214016697 -19.062645648378368  1.0367296232096113 1017.9214672426209 112.69446508388604 -18.971640494526607  1.0367296232096326 1017.9285255802961 112.69954118174404 -18.881607500033997  1.0367296232095149 1017.9363052908753 112.70331736037566 -18.792561349318973  1.0367296232098444 1017.9446966297337 112.70571684636397 -18.704507226945516  1.03672962320924 1017.9535895451787 112.70665511664775 -18.617446032114024  1.0367296232100434 1017.9628739138766 112.70607908443816 -18.531376366559996  1.0367296232092378 1017.9724325432724 112.70390878212152 -18.446293295464422  1.0367296232098477 1017.9821269407848 112.69988154118006 -18.362183881870617  1.0367296232095085 1017.9917758500092 112.69329866909858 -18.279019494099725  1.036729623209637 1018.0011265537253 112.68267462328332 -18.196744886592732  1.0367296232096115 1018.0133543697079 112.68096316415381 -18.106526869187377  1.0367296232096341 1018.0260313549787 112.67862479969841 -18.016537637729641  1.0367296232095249 1018.0391471161499 112.67566130098174 -17.926779383065778  1.0367296232097776 1018.052691378571 112.67207352874232 -17.837254196096186  1.036729623209393 1018.0666540481166 112.66786123383278 -17.747964113759622  1.0367296232098344 1018.0810252730232 112.66302285765838 -17.658911165042909  1.0367296232094276 1018.095795505663 112.65755533261724 -17.570097416946538  1.0367296232097325 1018.110955564381 112.65145388253949 -17.481525020510443  1.0367296232095542 1018.1264966952818 112.64471182312646 -17.393196256774932  1.0367296232096266 1018.1424106340484 112.63732036239067 -17.305113582796508  1.0367296232096121 1018.1598062149883 112.63000824731461 -17.209459134438546  1.0367296232096477 1018.1776040131949 112.62182807036787 -17.11416281623946  1.036729623209464 1018.195785290703 112.61274666635654 -17.019227839506225  1.036729623209957 1018.2143303629223 112.6027271419245 -16.924657127169151  1.0367296232090566 1018.2332200569995 112.59172345520365 -16.830454077754847  1.0367296232102545 1018.2524371701251 112.57967499546072 -16.736623329346763  1.0367296232090595 1018.2719679279138 112.56650116274868 -16.643171523562078  1.0367296232099601 1018.2918034427063 112.55209594755321 -16.550108069511403  1.0367296232094585 1018.3119411719384 112.53632251044338 -16.457445907773192  1.0367296232096499 1018.3323863764641 112.51900776171958 -16.365202274357749  1.036729623209611 1018.3548723947838 112.50693248818469 -16.266366314925769  1.0367296232096426 1018.3777380813244 112.49417635071858 -16.167804848153814  1.0367296232094962 1018.4009787939577 112.48072136880178 -16.069520995091437  1.0367296232098506 1018.4245905335271 112.46654674415754 -15.971518238639568  1.0367296232092693 1018.4485705328186 112.45162803732555 -15.873800695807381  1.0367296232099685 1018.472917845553 112.43593634423929 -15.77637338993801  1.0367296232093335 1018.4976339353486 112.4194374727995 -15.679242522980269  1.0367296232097707 1018.5227232647164 112.40209111945086 -15.582415747705443  1.0367296232095486 1018.5481938840265 112.38385004575674 -15.485902439977453  1.0367296232096266 1018.574058020495 112.36465925497467 -15.389713970981038  1.0367296232096115 1018.6014705148775 112.34750107310268 -15.28792371209574  1.0367296232096048 1018.6292876840013 112.32965170131088 -15.186415286673983  1.036729623209645 1018.6575132037806 112.31109005165523 -15.085194425522001  1.036729623209528 1018.686152157798 112.29179226278214 -14.984267567586166  1.0367296232097454 1018.7152117532821 112.2717313281757 -14.883642158118853  1.0367296232094589 1018.7447020370793 112.25087672440345 -14.783326946841042  1.0367296232097394 1018.7746366116348 112.22919403936403 -14.683332286107913  1.0367296232095331 1018.805033350962 112.20664460053281 -14.58367042907267  1.0367296232096446 1018.8359151166235 112.18318510320933 -14.484355827850731  1.0367296232096028 1018.8673104737022 112.15876723876343 -14.385405431684404  1.0367296232096115 1018.899855648591 112.13752837121197 -14.28166618146156  1.0367296232095793 1018.9328532240594 112.11571339803713 -14.178204172255478  1.0367296232097383 1018.9663123891854 112.09331227614616 -14.075025587283179  1.0367296232093282 1019.0002438188808 112.07031410103311 -13.972137255176015  1.0367296232100525 1019.0346599265772 112.04670725991531 -13.869546740663557  1.0367296232091203 1019.0695751169513 112.02247958486976 -13.767262435257393  1.0367296232100094 1019.1050060385952 111.99761850596933 -13.665293647936407  1.0367296232093777 1019.1409718367494 111.97211120441953 -13.563650695829155  1.0367296232097074 1019.1774944059775 111.94594476569445 -13.462344994899421  1.0367296232095877 1019.2145986428845 111.91910633267351 -13.361389150629629  1.0367296232096124 1019.2524765687549 111.89438004475916 -13.256646068918634  1.0367296232096037 1019.2908652382695 111.8692181852838 -13.152184404492971  1.0367296232096315 1019.3297753146302 111.84362244114591 -13.04800969567334  1.0367296232095828 1019.3692183474996 111.81759502091629 -12.94412780749753  1.0367296232096097 1019.4092067473886 111.79113882939399 -12.84054490856537  1.0367296232096721 1019.4497537600585 111.76425764216255 -12.737267447909279  1.0367296232095156 1019.4908734409046 111.73695628014629 -12.634302131828109  1.0367296232096905 1019.5325806293596 111.70924078416611 -12.531655900763363  1.0367296232095742 1019.5748909232794 111.68111858949611 -12.429335906136119  1.0367296232096208 1019.6178206533416 111.6525987004193 -12.32734948721291  1.0367296232096115 1019.6611146027632 111.62579215972757 -12.222529125321531  1.0367296232096652 1019.7049437174583 111.59876653024959 -12.117974800484424  1.0367296232093965 1019.7493137048803 111.57153416437222 -12.013688939100504  1.0367296232100895 1019.7942301102345 111.54410819651964 -11.909673842751662  1.036729623208881 1019.8396982423893 111.51650253935779 -11.805931654887544  1.0367296232104259 1019.8857230997772 111.48873187999696 -11.702464327530988  1.0367296232089338 1019.9323092963089 111.46081167619788 -11.599273587957089  1.0367296232100278 1019.9794609872746 111.4327581525729 -11.496360905399708  1.0367296232094341 1020.0271817952554 111.40458829679241 -11.393727457734645  1.0367296232096543 1020.0754747360281 111.37631985578693 -11.291374098178862  1.0367296232096115 1020.1239178681953 111.34897678775582 -11.187266537058234  1.0367296232096201 1020.1728635304028 111.32165798299872 -11.083383704719651  1.0367296232095691 1020.2223094677083 111.29437858728899 -10.979724245976296  1.036729623209738 1020.2722528979472 111.26715369898918 -10.876286567522373  1.0367296232093683 1020.3226905304421 111.23999831615701 -10.773068847475356  1.0367296232099319 1020.3736185847015 111.21292728364378 -10.670069044940105  1.0367296232093142 1020.4250328091348 111.18595524020384 -10.56728490954357  1.036729623209802 1020.4769284997487 111.15909656559114 -10.464713991001242  1.0367296232095313 1020.5293005188609 111.13236532766788 -10.362353648655985  1.0367296232096299 1020.5821433138002 111.10577522950416 -10.260201061036138  1.0367296232096117 1020.6350151129709 111.07948428682805 -10.157410004372633  1.0367296232096486 1020.6882981332832 111.05343727629985 -10.054776809853756  1.0367296232094598 1020.7419849467863 111.02764253730308 -9.9522981969583615  1.0367296232099501 1020.7960681967139 111.00210771525093 -9.8499709379325751  1.0367296232091012 1020.8505406338162 110.97683979477966 -9.7477918725534263  1.0367296232101668 1020.9053951526824 110.95184513294036 -9.6457579228935497  1.0367296232091729 1020.9606248280751 110.92712949239312 -9.5438661080862079  1.0367296232098615 1021.0162229512533 110.90269807459829 -9.4421135590881207  1.0367296232095125 1021.072183066304 110.87855555301063 -9.3404975334457383  1.0367296232096348 1021.1284990064687 110.85470610627112 -9.2390154300580907  1.0367296232096119 1021.1847923219557 110.83066506808086 -9.1380379330876842  1.0367296232096386 1021.24138071902 110.80702126566368 -9.0371418129487306  1.0367296232095109 1021.2982586041679 110.78377114407424 -8.9363254212326719  1.0367296232098095 1021.355421180251 110.7609109245435 -8.8355874608968428  1.0367296232093486 1021.4128644017534 110.73843666791669 -8.7349269659565589  1.0367296232098706 1021.4705849300922 110.71634433809223 -8.6343432811735568  1.036729623209413 1021.5285800889003 110.69462986545899 -8.5338360417507708  1.0367296232097307 1021.5868478193286 110.67328921033595 -8.4334051530186454  1.0367296232095593 1021.645386635331 110.65231842640904 -8.3330507701303311  1.0367296232096248 1021.7041955789615 110.6317137241706 -8.2327732777495211  1.0367296232096119 1021.7628851523389 110.61063542984138 -8.1341083573855215  1.0367296232096612 1021.8217688847352 110.59003541053826 -8.0354559351748751  1.0367296232094205 1021.8808493711304 110.56989932522693 -7.9368191519255396  1.0367296232100329 1021.9401300234404 110.55021391995149 -7.8382014472039234  1.0367296232089711 1021.9996149698454 110.53096698803959 -7.7396065205919529  1.0367296232103143 1022.0593089541049 110.51214733030778 -7.6410382929475258  1.0367296232090384 1022.1192172348888 110.49374471526646 -7.5425008676612997  1.036729623209957 1022.1793454850921 110.4757498393253 -7.4439984919166005  1.0367296232094647 1022.2396996911637 110.45815428699824 -7.3455355179472948  1.0367296232096481 1022.3002860524256 110.44095049110875 -7.2471163642965823  1.0367296232096115 1022.3605459213521 110.42315515433749 -7.1513471414049752  1.0367296232096421 1022.4209393499782 110.40586756205614 -7.0555391783956356  1.0367296232094927 1022.4814800492786 110.38906709909355 -6.9597020868222099  1.036729623209852 1022.5421817669214 110.37273564746609 -6.8638453401978596  1.0367296232092722 1022.6030582303638 110.35685737358699 -6.7679782663845049  1.0367296232099774 1022.6641230899475 110.34141851547818 -6.6721100399761646  1.0367296232093075 1022.7253898619941 110.32640716998094 -6.5762496746944237  1.0367296232097989 1022.7868718719021 110.31181307996512 -6.4804060157658991  1.0367296232095315 1022.8485821972406 110.29762742154222 -6.3845877323198703  1.0367296232096308 1022.9105336108469 110.28384259127385 -6.2888033097686087  1.0367296232096115 1022.9718069555023 110.26945007538106 -6.1966100768073273  1.0367296232096286 1023.0331998169452 110.25557014304168 -6.1043460678915178  1.0367296232095411 1023.0947369637561 110.24218061973977 -6.0120279028930366  1.0367296232097758 1023.1564419705286 110.22926289531978 -5.9196713954653433  1.0367296232093397 1023.2183372921265 110.21680154548764 -5.827291622190903  1.0367296232099443 1023.2804443379391 110.2047839533049 -5.7349029917253365  1.0367296232093088 1023.3427835461391 110.19319993069192 -5.6425193139460248  1.0367296232098102 1023.4053744579379 110.18204133992151 -5.550153869096218  1.0367296232095231 1023.468235791843 110.1713017151208 -5.4578194769323716  1.0367296232096335 1023.5313855179136 110.16097588376735 -5.3655285658699832  1.0367296232096117 1023.5933593652037 110.15006220187001 -5.2776581479328568  1.0367296232095895 1023.6554816978025 110.13966198602854 -5.1897017489658879  1.0367296232096908 1023.7177868049928 110.12975512209782 -5.1016831381802632  1.0367296232094316 1023.7803064640515 110.12032570691045 -5.013624535134297  1.0367296232098844 1023.8430701889655 110.11136154600669 -4.9255467854262163  1.0367296232093219 1023.9061054791409 110.10285365136743 -4.8374695363890705  1.0367296232098435 1023.96943806812 110.09479573914334 -4.7494114127819849  1.0367296232094649 1024.0330921722896 110.08718372738801 -4.6613901924864241  1.0367296232096799 1024.0970907395983 110.08001523378755 -4.5734229821967336  1.0367296232095924 1024.1614556982659 110.07328907339291 -4.4855263931161051  1.0367296232096115 1024.22400975799 110.06597948742683 -4.4027466631569778  1.0367296232095489 1024.2867788868625 110.0591937744729 -4.3198792340681029  1.0367296232098475 1024.34980507927 110.05291640025287 -4.2369555371599601  1.0367296232091199 1024.4131266268466 110.04713637778417 -4.1540047307813346  1.0367296232102916 1024.4767785468937 110.04184668343157 -4.071054002039129  1.0367296232089451 1024.5407930108095 110.03704367295263 -3.9881288684960392  1.0367296232100902 1024.6051997725042 110.03272649755306 -3.9052534799006722  1.0367296232093541 1024.6700265968327 110.02889651992922 -3.8224509198780252  1.0367296232097147 1024.7352996880097 110.02555673032407 -3.7397435076599121  1.0367296232095855 1024.8010441180386 110.02271116257194 -3.6571530997829207  1.0367296232096124 1024.8642440855283 110.01921511424611 -3.5802259901194562  1.0367296232096326 1024.9277616262045 110.01627126072241 -3.5032253090818868  1.0367296232095178 1024.9916442870297 110.01387083221019 -3.4261909144791058  1.0367296232098322 1025.0559350511758 110.01200969112371 -3.3491598272359999  1.0367296232092738 1025.1206729054984 110.01068770950015 -3.2721666649392178  1.0367296232099685 1025.1858934080067 110.00990814642148 -3.1952440754602094  1.036729623209339 1025.2516292553371 110.00967702543042 -3.1184231704731538  1.0367296232097625 1025.3179108502252 110.01000251195374 -3.0417339590880221  1.036729623209554 1025.3847668689777 110.01089429071821 -2.9652057813816439  1.0367296232096235 1025.452224828945 110.01236294317245 -2.8888677420015423  1.0367296232096115 1025.516255884281 110.0130603723365 -2.8184732603007507  1.0367296232096153 1025.5807475360764 110.01436328927498 -2.7480374014203832  1.0367296232095959 1025.6457508789206 110.01627199676331 -2.6776109996348367  1.0367296232096481 1025.7113119606668 110.01879140550433 -2.6072417302041977  1.036729623209554 1025.7774724158573 110.02193039775776 -2.536974689283074  1.0367296232096772 1025.844270099162 110.02570119096058 -2.4668529738399165  1.0367296232095569 1025.911739718799 110.03011870135961 -2.3969182615584952  1.0367296232096441 1025.9799134699745 110.03519990763098 -2.3272113907626757  1.0367296232095988 1026.0488216683054 110.04096321451102 -2.2577729403173583  1.0367296232096141 1026.1184933832556 110.04742781641907 -2.1886438095486414  1.0367296232096115 1026.1840457964277 110.05274227719873 -2.1256191148648522  1.0367296232096375 1026.2502259505673 110.05875722241038 -2.0626389896964712  1.0367296232095089 1026.3170839778843 110.06548383220178 -1.9997655736886264  1.0367296232098171 1026.384665280937 110.07293758059899 -1.9370583919396669  1.0367296232093424 1026.4530110085061 110.08113762989083 -1.8745750003503971  1.0367296232098648 1026.5221585314425 110.09010622502336 -1.8123716309932156  1.0367296232094323 1026.5921419185515 110.09986808798048 -1.7505038374534658  1.0367296232097032 1026.6629924124361 110.11044981218012 -1.6890271402024721  1.0367296232095815 1026.7347389053773 110.12187925685618 -1.6279976719410341  1.0367296232096155 1026.8074084151867 110.13418494145107 -1.5674728229653638  1.0367296232096121 1026.8746855389672 110.14529210971725 -1.5120891950046875  1.0367296232096335 1026.9428529939796 110.15722379152018 -1.4569049170248416  1.0367296232095218 1027.0119536348905 110.1700086735453 -1.4020005284700634  1.0367296232098104 1027.0820269621054 110.18367930416252 -1.3474557209505047  1.0367296232093159 1027.1531090913697 110.19827151136212 -1.2933500843369501  1.0367296232099372 1027.2252327233425 110.21382382069399 -1.2397638529643284  1.0367296232093368 1027.2984271132082 110.23037687320043 -1.1867786516783578  1.0367296232097851 1027.3727180402457 110.24797284335821 -1.1344782420647093  1.0367296232095347 1027.448127777436 110.26665485701039 -1.0829492685065318  1.036729623209631 1027.5246750610424 110.28646640930688 -1.0322820043715684  1.0367296232096113 1027.5969462713947 110.3036543529676 -0.9873622225701375  1.0367296232096912 1027.6700556514916 110.32186826835377 -0.94310117702729279  1.0367296232092931 1027.7440218818356 110.34113615648383 -0.89957275205775566  1.0367296232103391 1027.8188609404997 110.36148802822231 -0.8568529262710971  1.0367296232084739 1027.8945856176538 110.38295539668916 -0.81501985544319133  1.0367296232109064 1027.9712050301082 110.40557076965644 -0.77415395535082077  1.0367296232085224 1028.0487241358348 110.42936714196055 -0.73433798465886113  1.0367296232102832 1028.1271432485123 110.45437748789928 -0.69565712774685728  1.036729623209323 1028.2064575520503 110.48063425364076 -0.65819907759221863  1.0367296232096832 1028.2866566151279 110.50816884962489 -0.62205411861070736  1.0367296232096115 1028.3591297448331 110.53640919788805 -0.5838429145895585  1.0367296232095875 1028.4332281968616 110.56580673703537 -0.54685270479926729  1.0367296232097039 1028.508927747979 110.59644625120796 -0.51118758941215425  1.0367296232094136 1028.5862111954577 110.62841523382694 -0.47697011936856804  1.0367296232099026 1028.6650635896883 110.66180227511047 -0.44434083512840594  1.0367296232093133 1028.7454674667631 110.69669544960202 -0.41345780549105093  1.036729623209822 1028.8273980810948 110.73318070368357 -0.38449616632880712  1.0367296232095113 1028.9108186379983 110.77134024310476 -0.35764765940732879  1.0367296232096415 1028.9956755263049 110.81125092049869 -0.33312017113593129  1.0367296232096066 1029.0818935509533 110.85298262290651 -0.31113727136324165  1.0367296232096115 1029.1717204374752 110.8871198461572 -0.3004942368706125  1.0367296232095453 1029.2601115104405 110.92080089352311 -0.29430538876799694  1.03672962320986 1029.3470449082026 110.95374264182949 -0.29262305808883227  1.0367296232090646 1029.4326276449824 110.98554235644603 -0.29535051089640163  1.0367296232104455 1029.5169739786384 111.01586275677865 -0.3028187733524863  1.0367296232086871 1029.6002340322143 111.04436446881586 -0.31571408419923941  1.0367296232103671 1029.6826822329142 111.07054252184369 -0.33490093949406052  1.0367296232091583 1029.7647751324184 111.09362354646709 -0.36168569428840591  1.0367296232098022 1029.8470881721805 111.11268033105299 -0.39906568610379445  1.0367296232095646 1029.9300409575774 111.12712039372821 -0.45450884491361698  1.0367296232096115 

0 6
6.2831853071795862 6

719.24817329557732 11
719.9144688341579 10
720.66313010183194 10
721.48973411308475 10
722.38755671291381 10
723.34853283847144 10
724.363788743241 10
725.42395314850307 10
726.51935058128686 10
727.64013039458507 10
728.77636083198979 10
729.9181056433174 10
731.05549510542994 10
732.17880114378488 10
733.278526514585 10
734.34552057221902 10
735.37113965986009 10
736.34748017203799 10
737.26772961617007 10
738.12670963067137 10
738.92172827439413 10
739.65390823505686 10
740.33015026793555 10
740.96561359396492 10
741.58568110421049 11

9 1 1 1 0 6 11 6 385 2 38 1029.6296073202254 111.72871908891587 -1.5036640634030833  1.6690784610682365 1029.6334058717962 111.7383776266779 -1.5134678700916568  1.6690784610682508 1029.6367050019946 111.74895616679737 -1.5245161897262791  1.6690784610681777 1029.6394018905266 111.76064203620071 -1.5370233671312774  1.6690784610683727 1029.6412019506229 111.77396061621975 -1.5514121508677632  1.6690784610679745 1029.642068767994 111.78898254234639 -1.5678345228729254  1.6690784610686307 1029.6415564101353 111.80650486675322 -1.5869610415045272  1.6690784610677922 1029.6389446229311 111.82779870740362 -1.6096071073880649  1.6690784610686091 1029.6335849064376 111.85399660184535 -1.6363197485079621  1.6690784610680049 1029.6242363191977 111.88727316908819 -1.6682597671813366  1.6690784610683402 1029.5990179844496 111.95684255389133 -1.7272422124812625  1.6690784610681351 1029.5454044460796 112.07484360833409 -1.7910215639301696  1.6690784610683311 1029.5237661843746 112.12056454569331 -1.8122946044387784  1.6690784610677292 1029.4974886022958 112.17404238066378 -1.8317901695921439  1.6690784610693581 1029.4662519100352 112.23577567908409 -1.8488116450276599  1.6690784610666523 1029.4291003438855 112.30719006602136 -1.8601731236943242  1.6690784610697986 1029.3860180561949 112.38796417052598 -1.8602089680907681  1.6690784610671574 1029.3400185716757 112.47272229643666 -1.8446808319054444  1.6690784610687146 1029.2959276455069 112.5533177087232 -1.8143263970133745  1.6690784610681531 1029.21590561221 112.69939497929568 -1.7334948694202394  1.6690784610682523 1029.1569307542945 112.80820282288599 -1.6284187512185437  1.6690784610682887 1029.1338918439992 112.85153080328294 -1.5739871381896919  1.6690784610678844 1029.1168580915848 112.88480118800621 -1.5219807716132334  1.6690784610690459 1029.1046045211349 112.91022233535891 -1.4744772914123094  1.6690784610670706 1029.0958493644305 112.92998640183319 -1.4317143485490864  1.6690784610693918 1029.0896547485318 112.945660896107 -1.3932661590038342  1.6690784610674445 1029.085460274986 112.95817791846166 -1.3588002796252256  1.6690784610685787 1029.0828640316593 112.96820385472434 -1.3280424408004645  1.6690784610681824 1029.0756593370188 113.00946031054409 -1.1898315687846628  1.6690784610683369 1029.0914777111279 113.01577100595969 -1.1206610717120209  1.6690784610680769 1029.102240778217 113.02514335773974 -1.0837799251119735  1.6690784610685236 1029.1162874708534 113.029373929173 -1.0541990271199204  1.6690784610679148 1029.1293980920846 113.0357003789765 -1.0330304140835462  1.6690784610684615 1029.1424343182216 113.04239467646975 -1.0159057182651055  1.6690784610681544 1029.1565171871493 113.04741393438336 -1.0005308353677163  1.6690784610682319 1029.1697274014164 113.05413187181495 -0.98875989965941669  1.6690784610682572 1029.1833065251262 113.06028470558607 -0.97803979223924731  1.6690784610682265 1029.1967982938729 113.06667043192073 -0.96874074896518092  1.6690784610682379 1029.2102693349727 113.07315147705062 -0.96045576366215502  1.6690784610682377 1029.2369302454279 113.0880255538256 -0.95434348646283496  1.6690784610682146 1029.2635867216884 113.10273291293339 -0.94755882074680364  1.6690784610683262 1029.2902347531192 113.11725819201243 -0.94007951127213185  1.6690784610680627 1029.3168718337422 113.13157794790033 -0.93187183823071384  1.6690784610684342 1029.3434956132828 113.14566423663295 -0.92289282905481573  1.6690784610680784 1029.370103459114 113.15948493703596 -0.9130891337284972  1.6690784610683558 1029.3966929284873 113.1730008179277 -0.902392563646367  1.6690784610681437 1029.4232631518519 113.18615934890803 -0.89071229396281226  1.6690784610682976 1029.4498171263899 113.19888525476162 -0.8779237294945984  1.6690784610682092 1029.4763649205568 113.21106781344884 -0.86385403411922956  1.6690784610682436 1029.5029277890337 113.22254489770539 -0.84826432371262295  1.6690784610682365 1029.5294939632258 113.23430613986106 -0.83355064793560063  1.669078461068255 1029.5560738475349 113.24594015894903 -0.81900538390090827  1.6690784610681952 1029.5826627940162 113.25745496677948 -0.80461185795375489  1.6690784610682536 1029.6092568058418 113.26885704063146 -0.79035340639953755  1.6690784610683387 1029.6358524827367 113.28015145176151 -0.77621346297442395  1.6690784610679337 1029.6624469664525 113.29134199390393 -0.76217564629977974  1.6690784610687068 1029.6890378861856 113.30243131178528 -0.74822384736129  1.6690784610677496 1029.7156233040637 113.31342102961919 -0.73434231695718644  1.6690784610685874 1029.7422016605631 113.32431187962348 -0.72051575317819572  1.6690784610680682 1029.7687717199835 113.33510383051662 -0.70672938886088832  1.6690784610682796 1029.7953325158835 113.34579621602961 -0.69296907905901306  1.6690784610682377 1029.8218860305719 113.35565801407216 -0.67754556463676696  1.6690784610681624 1029.848438512789 113.36522996895673 -0.66187299385436982  1.6690784610685183 1029.8749909168268 113.37450744483412 -0.64596235551572745  1.6690784610675931 1029.9015441905437 113.38348630962535 -0.62982501360123333  1.6690784610692846 1029.9280992625527 113.3921629572413 -0.61347265238505677  1.669078461066928 1029.954657029384 113.40053432980159 -0.59691722155150728  1.6690784610695186 1029.9812183426768 113.40859793985366 -0.58017088131266026  1.6690784610672518 1030.007783996349 113.41635189259308 -0.56324594752429269  1.6690784610688121 1030.0343547137754 113.42379490808085 -0.5461548368038085  1.6690784610679992 1030.0609311349681 113.43092634346482 -0.52891001164624063  1.6690784610682938 1030.0875138037518 113.43774621519717 -0.51152392554172332  1.6690784610682365 1030.1140975510771 113.44515644380276 -0.49495286969287033  1.6690784610683025 1030.1406801837568 113.45230672287013 -0.4782634645056526  1.6690784610679574 1030.1672617867757 113.45919778227507 -0.46146407684469737  1.6690784610689176 1030.1938423832439 113.46583067769569 -0.4445628486394041  1.6690784610671148 1030.2204219367952 113.47220675835264 -0.42756767356568914  1.6690784610695697 1030.2470003540275 113.4783276347446 -0.41048617371914331  1.6690784610670375 1030.2735774868675 113.48419514639033 -0.39332567630114712  1.6690784610690674 1030.3001531350419 113.48981132956345 -0.37609319028914329  1.6690784610677982 1030.3267270484307 113.49517838503357 -0.35879538312273573  1.6690784610684055 1030.353298929524 113.50029864580306 -0.34143855737681961  1.6690784610681972 1030.3798684358071 113.50517454484621 -0.3240286274434126  1.6690784610682377 1030.4064369606012 113.50978383705552 -0.30634969393906292  1.6690784610681961 1030.4330053684207 113.51409511509149 -0.28857808071563773  1.6690784610684046 1030.45957398869 113.51810997825197 -0.27072338761578052  1.6690784610678553 1030.4861430850567 113.52183043935241 -0.25279502921092484  1.6690784610688068 1030.5127128546567 113.525258890372 -0.23480220172949767  1.669078461067647 1030.5392834272056 113.52839806810941 -0.21675384998450262  1.6690784610686706 1030.5658548643532 113.53125101982432 -0.19865863430188199  1.6690784610680078 1030.5924271587091 113.53382106889613 -0.18052489744804454  1.6690784610683205 1030.61900023321 113.5361117804656 -0.16236063155818209  1.6690784610682174 1030.6455739401933 113.53812692709043 -0.14417344506392427  1.6690784610682377 1030.6721480606773 113.53987045439153 -0.12597052962147531  1.6690784610682377 1030.6987224413965 113.54171874841124 -0.10784427235492111  1.669078461068098 1030.725296218978 113.54326507815244 -0.089675712543602612  1.6690784610687788 1030.7518696556222 113.54451254839839 -0.071473646374460964  1.6690784610669951 1030.7784429494814 113.54546460398585 -0.053246606989433981  1.6690784610702198 1030.8050162347752 113.54612499132303 -0.035002841423041893  1.6690784610658782 1030.8315895818419 113.54649771990732 -0.01675028754009739  1.6690784610703919 1030.8581629972768 113.54658702384431 0.00150344902747044  1.6690784610667069 1030.8847364239766 113.54639732336426 0.019751117941917001  1.6690784610690659 1030.9113097412646 113.54593318634186 0.037985847223601502  1.6690784610679128 1030.9378827649607 113.54519928981291 0.056201166312178273  1.6690784610683118 1030.9644552474813 113.54420038149313 0.074391029129988101  1.6690784610682365 1030.9910276390635 113.54316482288614 0.092599739085852478  1.6690784610683245 1031.0175996167154 113.54182252386052 0.11080315607743629  1.6690784610678415 1031.0441714596432 113.54017795569614 0.12899295596421989  1.6690784610692542 1031.0707433820839 113.53823589546832 0.14716112698352815  1.6690784610664411 1031.0973155332297 113.5360013838778 0.16529998754147274  1.6690784610705605 1031.1238879970638 113.5334796830754 0.18340220400545071  1.6690784610659504 1031.150460792323 113.5306762344929 0.20146080849342637  1.6690784610699481 1031.1770338723093 113.52759661666853 0.21946921666824459  1.6690784610672804 1031.2036071248529 113.52424650307572 0.23742124552579411  1.6690784610686136 1031.230180372148 113.52063161995079 0.25531113118912463  1.6690784610681499 1031.2567533706772 113.51675770412039 0.27313354669799461  1.6690784610682365 1031.3364724464227 113.5051715029927 0.32658910097156879  1.6690784610681877 1031.4161872116324 113.49087029901401 0.37956658642477992  1.6690784610684277 1031.4958986732695 113.47456653304587 0.43185348259621553  1.6690784610678162 1031.5756481498097 113.45171387184941 0.4834533833942623  1.6690784610688754 1031.655346227361 113.44041293245331 0.53322951556989884  1.6690784610675047 1031.7350212447898 113.40236301396493 0.58380883476794965  1.6690784610688627 1031.8148230597926 113.3866111493025 0.63110966020863013  1.6690784610678449 1031.8944869671086 113.35428173335394 0.67849609019876711  1.6690784610684093 1031.974214672764 113.32407947264248 0.72391929054735649  1.6690784610681859 1032.0539361562637 113.29128177004304 0.76788482135835934  1.669078461068245 1032.1336547787282 113.25668352450484 0.81025370269177033  1.6690784610682359 1032.1868005258248 113.23361747189129 0.83849953766175245  1.6690784610680949 1032.239944422467 113.20957245733538 0.86600796394784973  1.6690784610688061 1032.2930879456014 113.18469643012423 0.89277626217382799  1.669078461066954 1032.3462346084204 113.15866311663076 0.91863589546483682  1.6690784610702027 1032.3993838245706 113.13218278138731 0.94378624190032345  1.6690784610660312 1032.4525306287997 113.10525232060257 0.96820806601202813  1.6690784610701312 1032.5056727345918 113.07723065764246 0.99165908277043158  1.6690784610669511 1032.5588149633704 113.04813920781186 1.0140921121717745  1.6690784610689253 1032.6119625894096 113.01870449620617 1.0356974611340095  1.6690784610679623 1032.6651096090138 112.98858084757278 1.0563553020324137  1.6690784610683018 1032.7182553625719 112.95791542087839 1.0760909437617319  1.6690784610682365 1032.7714011160458 112.92724995939193 1.0958265679107657  1.6690784610683131 1032.8245450175293 112.89588132150982 1.1145583645982198  1.6690784610679059 1032.8776885428665 112.86395099482343 1.1323294276089557  1.6690784610690583 1032.9308352101104 112.8312009554525 1.1488787678999679  1.6690784610668106 1032.9839844255307 112.79824496610104 1.1646154318818021  1.6690784610700615 1033.0371312242219 112.76508583993648 1.1795200361595812  1.6690784610664839 1033.0902733274975 112.73118876025926 1.1931640188101114  1.6690784610695135 1033.1434155579193 112.69658887227703 1.2055092690804874  1.6690784610675287 1033.1965631827559 112.66191840679895 1.2169613729767594  1.6690784610685296 1033.2497102023619 112.62688547058615 1.2272994093762293  1.6690784610681493 1033.3560017102227 112.55635902403944 1.2458865118777485  1.6690784610683562 1033.4091456120375 112.52073723730061 1.2540080707518551  1.6690784610676686 1033.4622891375357 112.4848781364495 1.2610423470286591  1.6690784610696563 1033.5154358050515 112.44861697695863 1.2666613930869699  1.6690784610657956 1033.5685850204327 112.41241108471439 1.2714439062063021  1.6690784610713396 1033.6217318187337 112.3762691023008 1.2753722911671483  1.6690784610652611 1033.6748739218638 112.33981483803456 1.277873712549517  1.6690784610703959 1033.7280161523834 112.30309349062289 1.2789227793540809  1.6690784610670808 1033.7811637771529 112.26658102690226 1.2791006194160797  1.66907846106865 1033.8343107967548 112.23006809377475 1.2781069001526537  1.6690784610681744 1033.9406023046688 112.15724972620076 1.2739904134733404  1.6690784610682496 1033.9937462065093 112.12086169521885 1.2707067396754053  1.6690784610683158 1034.0468897320077 112.08458395161027 1.2663156600799941  1.669078461067983 1034.1000363995524 112.0483611607399 1.2604543796970429  1.6690784610686638 1034.1531856149172 112.01244943190184 1.2538145818632824  1.6690784610677303 1034.2063324132046 111.97686242755242 1.2463822137346818  1.6690784610686937 1034.2594745163174 111.9414193791505 1.2374962174408928  1.669078461067913 1034.3126167468513 111.90617112334519 1.2271464192950705  1.6690784610684195 1034.3657643716126 111.87139075102741 1.2160325832833967  1.6690784610681506 1034.4189113912153 111.83697196422068 1.2038043831823797  1.6690784610682712 1034.5517757761113 111.75199406588641 1.1707829773628913  1.6690784610681537 1034.6314902397862 111.70190461877998 1.148362570984363  1.6690784610686344 1034.7112017215145 111.65281186941421 1.1240908365446076  1.6690784610672371 1034.7909502266421 111.60541732841037 1.0933561902914668  1.6690784610699658 1034.8706512448866 111.55803371478977 1.0745161815294355  1.6690784610660208 1034.9503234892093 111.51402019472734 1.0289784287788821  1.669078461070389 1035.0301268794162 111.46976654329558 1.0060344479184289  1.6690784610666332 1035.1097901260703 111.42802252346547 0.9666860299557154  1.669078461069148 1035.1895179272965 111.38788287023375 0.92974943577625568  1.669078461067852 1035.2692394059329 111.3495894843458 0.89047715110428027  1.6690784610683487 1035.4021037908292 111.28886502704871 0.82247570454579777  1.6690784610681322 1035.455247692671 111.26545671155451 0.79442357324228152  1.6690784610687268 1035.5083912181706 111.24290943524669 0.76566637238579771  1.6690784610670879 1035.5615378857151 111.22144060521867 0.73590844050573501  1.6690784610700555 1035.6146871010801 111.20074222434415 0.7058199672448171  1.669078461066096 1035.6678338993659 111.18083389010023 0.67540067744384802  1.6690784610701828 1035.7209760024798 111.16205521851167 0.64405530916708464  1.6690784610668516 1035.7741182330126 111.14444935025136 0.61181261607489001  1.669078461068997 1035.8272658577744 111.12771458194568 0.57936051012004397  1.6690784610679308 1035.8804128773768 111.11202346760733 0.54637610936269621  1.6690784610683154 1035.9867043852937 111.08263243706278 0.47962562284370958  1.6690784610681475 1036.0398482871356 111.06903839138091 0.44571289326958746  1.6690784610686238 1036.0929918126358 111.05648112109725 0.41139567845148212  1.6690784610673386 1036.1461384801789 111.04525875707579 0.37645997008895188  1.6690784610696592 1036.1992876955444 111.03487127664708 0.34144798007964899  1.6690784610665506 1036.2524344938304 111.02533740313979 0.30636550268106094  1.6690784610697891 1036.3055765969457 111.01716407664775 0.27075135727969385  1.6690784610671192 1036.3587188274773 111.01038344101569 0.23464622142337085  1.6690784610688467 1036.4118664522393 111.00449598281543 0.19861110678306854  1.6690784610680036 1036.4650134718418 110.99976558665531 0.16239225651826922  1.6690784610682814 1036.5713049797587 110.99244009024947 0.089826443430026617  1.6690784610682077 1036.6244488816005 110.98999099428673 0.053372729844024351  1.669078461068312 1036.6775924071005 110.98865292313192 0.016854709151092349  1.6690784610680838 1036.7307390746441 110.98877554830003 -0.019839025139966191  1.6690784610684841 1036.7838882900076 110.98971576725545 -0.056347314362109421  1.669078461067915 1036.8370350882967 110.99148959646564 -0.092658862041043996  1.6690784610685658 1036.8901771914093 110.99472167720812 -0.12905562388324926  1.6690784610679743 1036.9433194219416 110.99943001008754 -0.1654889802608176  1.6690784610683875 1036.9964670467036 111.00496616741269 -0.20157973548996727  1.6690784610681897 1037.0496140663063 111.01165953357803 -0.23748768185367769  1.6690784610682279 1037.1559055742232 111.02711664194253 -0.30876557413303779  1.6690784610682814 1037.209049476065 111.03605223026609 -0.34419192825281486  1.6690784610679501 1037.262193001565 111.04606433797728 -0.37933611652337579  1.6690784610690454 1037.315339669108 111.05751994890976 -0.4141960383632497  1.6690784610667431 1037.3684888844743 111.06969583208893 -0.44862694109276602  1.6690784610702034 1037.4216356827599 111.08260372922715 -0.48261313175700676  1.6690784610663369 1037.4747777858743 111.09692483864062 -0.51622974140356481  1.6690784610696123 1037.5279200164059 111.11266125557916 -0.54942496752145353  1.6690784610674838 1037.5810676411686 111.12907911078894 -0.58203854876329542  1.6690784610685461 1037.634214660771 111.14654104595064 -0.61412067124474901  1.6690784610681415 1037.7405061686879 111.1832677096231 -0.67713346599666546  1.6690784610683749 1037.7936500705296 111.20271330460288 -0.70806468228435981  1.669078461067546 1037.8467935960291 111.22309553630934 -0.7383948801163821  1.6690784610700014 1037.8999402635727 111.24476277801553 -0.76800865748129199  1.6690784610651535 1037.9530894789398 111.26698246513484 -0.79699183705733145  1.6690784610721834 1038.0062362772242 111.2897609153099 -0.82532586557664289  1.6690784610644451 1038.0593783803388 111.31376920340772 -0.85287169504813376  1.669078461070977 1038.1125206108709 111.3389933142754 -0.8795794108958942  1.6690784610667937 1038.1656682356331 111.36468577331046 -0.90552337358322388  1.6690784610687246 1038.2188152552355 111.39120698159182 -0.93063925050743024  1.6690784610681906 1038.3251067631525 111.4456081388396 -0.979218816345093  1.6690784610681721 1038.3782506649941 111.47366027015102 -1.0026271318369018  1.669078461068781 1038.4313941904936 111.50241747100128 -1.0251744081463861  1.6690784610667537 1038.4845408580375 111.532175402896 -1.0466432381701563  1.6690784610708127 1038.5376900734045 111.56226387615662 -1.0673416190418981  1.669078461065044 1038.590836871688 111.59268316596305 -1.0872499532845719  1.6690784610711757 1038.6439789748042 111.62402853422975 -1.1060286248757341  1.6690784610661953 1038.6971212053359 111.65627122731807 -1.1236344931402831  1.6690784610692937 1038.7502688300981 111.68872333327353 -1.140369261444671  1.6690784610678528 1038.8034158497003 111.72170773402804 -1.1560603757852197  1.6690784610683109 1038.9097073576172 111.78845822054465 -1.1854514063315038  1.6690784610681824 1038.9628512594586 111.82237095011979 -1.1990454520128595  1.669078461068404 1039.0159947849595 111.85668816493612 -1.2116027222973826  1.6690784610678968 1039.0691414525011 111.89162387329984 -1.2228250863189967  1.6690784610687628 1039.1222906678681 111.92663586330552 -1.2332125667498985  1.6690784610675882 1039.1754374661539 111.96171834070626 -1.2427464402569994  1.6690784610688743 1039.2285795692694 111.99733248610895 -1.2509197667464214  1.6690784610677378 1039.2817217997992 112.03343762196684 -1.2577004023780589  1.6690784610685463 1039.3348694245626 112.06947273660792 -1.2635878605766833  1.6690784610680867 1039.3880164441648 112.10569158687295 -1.268318256736843  1.6690784610682903 1039.4943079520817 112.17825739996336 -1.2756437531395606  1.6690784610681544 1039.5474518539233 112.21471111355118 -1.2780928491002521  1.66907846106862 1039.6005953794233 112.25122913424319 -1.2794309202547429  1.6690784610673377 1039.6537420469665 112.28792286853742 -1.2793082950851866  1.6690784610696625 1039.7068912623331 112.3244311577661 -1.2783680761100527  1.6690784610665461 1039.7600380606182 112.36074270543962 -1.276594246916146  1.6690784610697897 1039.8131801637339 112.39713946728034 -1.2733621661676078  1.6690784610671197 1039.8663223942656 112.43357282364771 -1.268653833317215  1.6690784610688592 1039.9194700190276 112.46966357888111 -1.2631176759791936  1.6690784610679796 1039.97261703863 112.50557152523972 -1.2564243098299557  1.6690784610683054 1040.1054814235256 112.59466889058973 -1.2371029243749219  1.6690784610681129 1040.1851958872005 112.64764897776341 -1.222794266257363  1.6690784610687697 1040.2649073689315 112.69993424971136 -1.2065011551415257  1.669078461066978 1040.344655874045 112.75155324322611 -1.183559042989156  1.6690784610702785 1040.4243568923184 112.80130071260362 -1.1723634163107322  1.6690784610657849 1040.5040291366111 112.85189602721094 -1.1342715403339527  1.6690784610704645 1040.5838325268335 112.8991940721147 -1.1185328341667622  1.6690784610666975 1040.6634957734866 112.94657960251159 -1.0861990640008719  1.6690784610690346 1040.743223574711 112.99200322635255 -1.0559964457529247  1.6690784610679388 1040.8229450533474 113.03596869596133 -1.0231980734216879  1.669078461068306 1040.9558094382435 113.1065833043378 -0.9655332355058549  1.6690784610681872 1041.0089533400849 113.1340917447767 -0.9414883397896644  1.6690784610684564 1041.0620968655862 113.16086004403105 -0.91661235891193815  1.6690784610677252 1041.1152435331269 113.18671972328833 -0.89057926147540867  1.6690784610690519 1041.1683927484951 113.21187014696325 -0.86409916739338022  1.6690784610672444 1041.221539546779 113.23629200190346 -0.83716873913489764  1.6690784610691805 1041.2746816498961 113.25974297280112 -0.80914691581183096  1.6690784610675491 1041.3278238804253 113.28217595205659 -0.78005534835889212  1.6690784610685958 1041.3809715051891 113.30378131542726 -0.75062067620656836  1.6690784610681235 1041.4341185247913 113.32443914319869 -0.72049699923601296  1.6690784610682359 1041.5404100327082 113.3639103980353 -0.65916609211312227  1.6690784610682818 1041.5935539345496 113.38264219816745 -0.6277974617797788  1.6690784610679121 1041.6466974600501 113.40041326275255 -0.59586713867849894  1.6690784610691509 1041.6998441275923 113.41696260971325 -0.56311711138022902  1.6690784610665583 1041.752993342961 113.43269928491699 -0.53016113698477807  1.6690784610704514 1041.806140141244 113.44760388924534 -0.49700200953485563  1.6690784610660736 1041.8592822443602 113.46124786826665 -0.46310492328701097  1.6690784610698191 1041.9124244748905 113.47359311068867 -0.42850502672012514  1.6690784610673812 1041.9655720996541 113.48504521835285 -0.39383456548077417  1.6690784610685516 1042.0187191192558 113.49538325198402 -0.35880162638421254  1.6690784610681806 1042.1250106271723 113.51397035350182 -0.28827517896376381  1.6690784610682674 1042.178154529013 113.52209191421548 -0.25265339407998949  1.6690784610681799 1042.2312980545164 113.52912618844371 -0.21679429125635133  1.669078461068338 1042.2844447220527 113.5347452378884 -0.18053313495051301  1.6690784610681046 1042.3375939374278 113.53952774863464 -0.14432724040753345  1.6690784610683311 1042.3907407357117 113.54345613651719 -0.10818526045953987  1.6690784610682201 1042.4438828388336 113.54595755528879 -0.071730994081193628  1.669078461068193 1042.4970250693577 113.54700662350648 -0.035009647741350097  1.669078461068302 1042.55017269412 113.54718446273239 0.0015028165237712401  1.6690784610681793 1042.6033197137183 113.54619074402814 0.038015749357729778  1.6690784610682721 1042.7096112216225 113.54207425687639 0.11083411715978415  1.6690784610681717 1042.7627551234621 113.53879058305347 0.1472221483496004  1.6690784610686029 1042.8158986489811 113.53439950235541 0.18349989188977275  1.6690784610672715 1042.869045316497 113.52853822462427 0.21972268291551442  1.6690784610699267 1042.9221945318807 113.52189841692397 0.25563441347310112  1.6690784610661087 1042.9753413302651 113.51446606055363 0.29122141569478249  1.6690784610702036 1043.0284834333802 113.50558005389092 0.3266644651254898  1.6690784610668929 1043.0816256638836 113.49523027221285 0.36191271812519604  1.6690784610688978 1043.1347732885947 113.48411642550182 0.39669309223202703  1.6690784610680294 1043.187920308151 113.47188823489661 0.43111187757339414  1.6690784610682514 1043.320784692813 113.43886682180211 0.51608977749937057  1.6690784610682716 1043.4004991565043 113.4164463984319 0.56617922688815014  1.6690784610679954 1043.4802106369145 113.39217467046025 0.61527196889600855  1.66907846106887 1043.5599591508781 113.36143995053641 0.66266652374974999  1.6690784610671576 1043.6396601481699 113.34260014048805 0.71005017471725629  1.6690784610695615 1043.7193324281084 113.29706178634211 0.75406347668385409  1.6690784610670084 1043.7991357840688 113.27411927530233 0.79831751009486496  1.6690784610691052 1043.8787990389535 113.23476961813682 0.84006128119988133  1.6690784610677754 1043.9585268406142 113.19783317296445 0.88020095641030438  1.6690784610684108 1044.0382483229714 113.15856078338395 0.9184943071233832  1.6690784610681975 1044.1179669595247 113.11775982136898 0.95492893944730262  1.6690784610682365 1044.1711127179749 113.09055951024349 0.97921880033742126  1.669078461068402 1044.2242566204268 113.06250763464503 1.0026272053900966  1.6690784610675409 1044.2774001341068 113.03375012278089 1.0251743363263697  1.6690784610699601 1044.3305468182293 113.00399319538197 1.0466435722144196  1.669078461065266 1044.3836960171939 112.97390581660353 1.0673425564753036  1.6690784610720053 1044.4368427689733 112.94348603369629 1.0872508161068251  1.6690784610646299 1044.4899848611392 112.91213890166775 1.1060286026787418  1.6690784610708682 1044.5431271241091 112.87989490927502 1.1236336322598812  1.6690784610667913 1044.5962747647568 112.84744262156569 1.1403682119037426  1.6690784610688025 1044.6494218163969 112.81445763184841 1.1560588539817842  1.6690784610681035 1044.7025676102185 112.78108187241823 1.1707538961359669  1.6690784610682372 1044.7557134121591 112.74770916906375 1.185451141683008  1.6690784610683829 1044.8088573181126 112.71379873720831 1.199046941811603  1.6690784610676104 1044.8620007234099 112.67947895616489 1.2116017942161814  1.669078461069786 1044.915147546827 112.64455192150297 1.2228315563188941  1.669078461065536 1044.9682965911416 112.60954809282435 1.2332278202087512  1.6690784610717619 1045.021442933423 112.57446034085987 1.2427586048416395  1.669078461064732 1045.0745849490734 112.53883233474123 1.2509181677138526  1.6690784610709031 1045.1277275184314 112.50271850014146 1.257687885338731  1.6690784610667087 1045.1808752912436 112.46668272593612 1.2635736322679971  1.66907846106886 1045.2340225966725 112.4304606011404 1.268298902468852  1.6690784610680871 1045.2871686805433 112.39417522513017 1.2719570641959659  1.6690784610682365 1045.3137417572511 112.37604214016619 1.2737992625601302  1.6690784610683533 1045.3403142687541 112.35786557206875 1.2753375864493468  1.6690784610677538 1045.3668864989734 112.33965442352896 1.2765751084172001  1.6690784610694118 1045.3934586679802 112.32141734138071 1.2775152515078223  1.6690784610662288 1045.4200309318412 112.30316269233904 1.278161750949472  1.6690784610707843 1045.4466033823176 112.28489853873671 1.2785186158627078  1.6690784610657927 1045.4731760467798 112.26663261426427 1.2785900909455996  1.6690784610700131 1045.4997488878641 112.24837229970497 1.2783806181885216  1.669078461067274 1045.5263218033836 112.23012459867573 1.2778947985576186  1.6690784610686049 1045.5528946260315 112.2118961133624 1.2771373537054556  1.6690784610681522 1045.5794671232245 112.19369302025929 1.2761130876625364  1.6690784610682377 1045.6060395333127 112.17547181137917 1.2750535935368856  1.6690784610681715 1045.6326117542874 112.15725824797586 1.2736903458920168  1.6690784610685137 1045.6591840267658 112.13906053465288 1.2720279150566141  1.6690784610675748 1045.6857565241523 112.12088654766741 1.2700711615097844  1.6690784610693274 1045.7123293531049 112.10274381906271 1.267825192739753  1.6690784610669041 1045.7389025539946 112.0846395208126 1.2652953201185422  1.6690784610694966 1045.7654761013789 112.06658044894769 1.2624870157516914  1.6690784610672948 1045.7920499044571 112.04857300770425 1.2594058693600139  1.6690784610687863 1045.8186238075411 112.0306231936499 1.2560575451273637  1.6690784610680043 1045.8451975905193 112.0127365798289 1.2524477385781454  1.6690784610682936 1045.8717709693183 111.99491829989385 1.2485821334335625  1.6690784610682365 1045.8983444852872 111.97712036397911 1.2447784043417498  1.6690784610684142 1045.9249169604841 111.95936988528899 1.240660922457359  1.6690784610675131 1045.9514888085607 111.94167485382964 1.2362351413485915  1.6690784610699101 1045.978060386411 111.92404294952169 1.2315068280433419  1.6690784610655538 1046.0046319921325 111.90648152425504 1.2264820212955543  1.669078461071454 1046.0312038628806 111.88899758394486 1.221166989837319  1.6690784610652467 1046.0577761728803 111.87159777058747 1.2155681906508147  1.6690784610703933 1046.0843490312484 111.85428834431443 1.2096922272180017  1.6690784610670593 1046.1109224800043 111.83707516545017 1.2035458077906409  1.6690784610686931 1046.1374964919253 111.81996367656546 1.1971357036450303  1.6690784610681311 1046.1640709685078 111.80295888453436 1.1904687073462701  1.6690784610682377 1046.1906455829403 111.78596536389075 1.1838712684353778  1.6690784610682077 1046.217220229476 111.76907944233804 1.1770346103891061  1.6690784610683529 1046.2437946147365 111.7523052491042 1.1699651310298  1.6690784610679648 1046.270368383178 111.73564648912564 1.1626691256331581  1.6690784610686873 1046.2969411231149 111.71910646454388 1.1551527536415123  1.6690784610676694 1046.3235123726158 111.70268809619776 1.1474220053519073  1.6690784610687901 1046.3500816255914 111.68639394512195 1.139482668641403  1.6690784610678149 1046.3766483376503 111.67022623403803 1.1313402956472338  1.6690784610684808 1046.4032119321837 111.65418686885297 1.1230001694922913  1.6690784610681375 1046.4297718062653 111.6382774601514 1.1144672709729415  1.6690784610682594 1046.456327336673 111.62249934469219 1.1057462452725371  1.6690784610682363 
1029.3291736828735 112.33031778410353 -2.5528192818925497  1.0367296232096121 1029.3226275848506 112.35340291613794 -2.5519618421779047  1.0367296232095942 1029.3146041756297 112.37920948048576 -2.550615548411824  1.0367296232096859 1029.3048094006442 112.40822781674733 -2.5486401109025394  1.0367296232094301 1029.29256446455 112.44157469448893 -2.545458209937669  1.0367296232099024 1029.2777000923359 112.47953778376784 -2.5410900434387802  1.0367296232092902 1029.2591632102515 112.52385225354006 -2.5346896800771246  1.0367296232098668 1029.2354798937879 112.57692043503825 -2.5246463906864705  1.0367296232094774 1029.2054808676157 112.64062546046139 -2.509339816306289  1.036729623209645 1029.1668332893389 112.71874022355064 -2.4857727942891614  1.0367296232096268 1029.0874858552568 112.87092074995124 -2.4239384584578536  1.0367296232095757 1028.9734393120248 113.07706099749265 -2.2736707879629776  1.0367296232096626 1028.9313417946219 113.15200046144537 -2.2112805146202623  1.0367296232093024 1028.8857280255274 113.23192799057072 -2.1321033465392709  1.0367296232103262 1028.8368378642117 113.316328018137 -2.0344597090959606  1.0367296232085663 1028.7863255506836 113.40201717628719 -1.9123181057815437  1.0367296232106766 1028.7389639863209 113.4805643363035 -1.7604594585021498  1.0367296232088514 1028.7016095762747 113.54068059168651 -1.5848779875341976  1.0367296232099603 1028.6788771131733 113.57551839160112 -1.4020367445516873  1.0367296232095498 1028.6593009438764 113.60170118638534 -1.0447389210523428  1.0367296232096228 1028.6830814191248 113.55698227226597 -0.73427374995098649  1.0367296232096528 1028.7035692120839 113.5211601566468 -0.59843379756407322  1.0367296232093428 1028.7285139806256 113.47904842425305 -0.48447448035233398  1.0367296232102237 1028.7548232116005 113.43576402225526 -0.39028091629159389  1.0367296232087446 1028.7809006373272 113.3937726083624 -0.31187350734188513  1.0367296232104584 1028.8060858023771 113.35398388524217 -0.24579290908324242  1.0367296232090382 1028.8300499005099 113.31682522945231 -0.18990052239894623  1.0367296232098586 1028.8525873967815 113.28254978910473 -0.14262973045835931  1.0367296232095735 1028.9582383253382 113.12481901026851 0.060570886411263  1.0367296232096814 1029.0298161332391 113.03177493296384 0.12527546101680614  1.0367296232095042 1029.0689446077172 112.9877582031509 0.16633832582376323  1.0367296232098238 1029.1050039922616 112.94901248017904 0.18994925649592875  1.0367296232093106 1029.1324538015695 112.92415742853953 0.20890919060627094  1.036729623209959 1029.155922042064 112.90527043171733 0.22438631808856421  1.0367296232092729 1029.1785635651872 112.88709567067978 0.23480450649485302  1.0367296232098935 1029.1967139409903 112.87557155711023 0.2447519258873759  1.0367296232094267 1029.2138789008602 112.86485802103292 0.25249204149060478  1.0367296232096999 1029.2292425908859 112.8562716550023 0.25917636708140424  1.0367296232095879 1029.2432164116224 112.8491091700234 0.26495337935492264  1.0367296232096128 1029.2618821756632 112.85160951757874 0.26901832227946104  1.0367296232096237 1029.281285730254 112.85379241904884 0.27350955705128244  1.0367296232095564 1029.3014586415659 112.85558305908182 0.27845093314364805  1.0367296232097893 1029.322444247194 112.85688191964327 0.28386373215970956  1.0367296232092156 1029.3442936640063 112.85757124397126 0.28977060695622919  1.036729623210231 1029.3670663153848 112.85751373298692 0.29619749598401585  1.0367296232089269 1029.3908349778769 112.85654347416077 0.30317351284623412  1.0367296232101686 1029.4156953472311 112.85444910283591 0.3107288110725781  1.0367296232092811 1029.4417801238474 112.85094919600547 0.31889042411192181  1.0367296232097498 1029.4692776176123 112.84565989854786 0.32767608054080422  1.0367296232095788 1029.4984548721432 112.83805478191637 0.3370859944898621  1.0367296232096121 1029.5268566986692 112.83198768474166 0.34602364825215237  1.0367296232096608 1029.554872650333 112.82628597265908 0.35462211860617393  1.0367296232094279 1029.5825061263683 112.82093711389533 0.36291783785746595  1.0367296232100198 1029.6097614175908 112.81592731239868 0.37094440099993975  1.0367296232089631 1029.6366435872001 112.81124176396941 0.37873271983896029  1.0367296232104015 1029.6631583514616 112.80686491239749 0.38631117711607693  1.0367296232088632 1029.6893119605829 112.80278070558889 0.39370578063088396  1.036729623210161 1029.7151110793318 112.79897285170667 0.40094031736688879  1.0367296232093124 1029.740562667937 112.79542507529614 0.4080365076128426  1.0367296232097285 1029.7656738627359 112.79212137342424 0.4150141590882328  1.036729623209584 1029.7904518570044 112.7890462718084 0.42189132106572147  1.0367296232096128 1029.8167940931869 112.78275870899212 0.4292490839959594  1.0367296232095535 1029.8432605927489 112.77620817324318 0.43654831176793835  1.0367296232098326 1029.8698469032759 112.76940065547269 0.44377663917897592  1.0367296232091159 1029.896548144005 112.76234320675442 0.45092195306097638  1.0367296232104082 1029.9233590130232 112.75504388029562 0.45797248962032633  1.0367296232086265 1029.9502737946566 112.74751167339961 0.46491693177629845  1.0367296232105767 1029.9772863665753 112.73975646943907 0.47174450650243571  1.036729623208869 1030.0043902072425 112.73178897981751 0.47844508216338799  1.0367296232100489 1030.0315784030233 112.72362068594174 0.48500926585724569  1.0367296232094305 1030.0588436555684 112.71526378118581 0.49142850075254102  1.0367296232096563 1030.0861782890172 112.70673111286042 0.49769516342939724  1.0367296232096121 1030.1126630211302 112.69995506048616 0.5039904347713513  1.0367296232096657 1030.1391497927193 112.69307505309732 0.51018259831838919  1.0367296232093848 1030.1656327117164 112.68610024523096 0.5162691309341102  1.0367296232101764 1030.1921058152316 112.67903980511049 0.52224818648296278  1.0367296232086578 1030.2185630957756 112.67190285184724 0.5281185731706397  1.0367296232107848 1030.2449985274382 112.66469839264415 0.53387973088570029  1.0367296232085186 1030.2714060921376 112.65743525999714 0.53953170853962729  1.0367296232104006 1030.2977798057734 112.65012204889835 0.54507514140849844  1.0367296232091765 1030.3241137444898 112.6427670540383 0.55051122847324963  1.0367296232097878 1030.3504020708331 112.63537820700843 0.55584170976102221  1.0367296232095693 1030.3766390599924 112.6279630135037 0.56106884368576482  1.0367296232096128 1030.403195278579 112.61989585789874 0.56618422763399545  1.0367296232095795 1030.4297867147307 112.61170538547685 0.57116968515205735  1.0367296232097469 1030.456407337268 112.60340206144051 0.5760219340297098  1.0367296232092935 1030.4830509254466 112.59499651027761 0.58073844886177528  1.0367296232101255 1030.509711097681 112.58649943505679 0.58531744708429667  1.0367296232090144 1030.5363813401477 112.57792153672476 0.58975787501257337  1.0367296232101366 1030.563055035567 112.56927343340028 0.59405939387650175  1.0367296232092573 1030.5897254917677 112.5605655796725 0.59822236585919286  1.0367296232097971 1030.6163859704693 112.55180818589474 0.60224784013217214  1.0367296232095422 1030.6430297158843 112.54301113748213 0.60613753889361333  1.0367296232096268 1030.6696499834427 112.53418391420659 0.60989384340433239  1.0367296232096128 1030.6961607488813 112.5255712816063 0.61372321064452684  1.036729623209512 1030.722698004965 112.5168653390695 0.61741099985831682  1.0367296232100014 1030.7492558067058 112.50807650005798 0.62095612728863647  1.036729623208726 1030.7758280520857 112.49921515526985 0.62435824264087292  1.0367296232110215 1030.8024085098878 112.49029160234697 0.62761769897056741  1.0367296232079353 1030.8289908475588 112.48131597558296 0.63073552255848941  1.0367296232111489 1030.8555686590248 112.47229817563003 0.63371338280425193  1.0367296232085199 1030.8821354925651 112.46324779920774 0.63655356209778491  1.0367296232102043 1030.9086848786264 112.45417406880935 0.63925892571241572  1.0367296232093803 1030.9352103576873 112.4450857624105 0.64183289168075186  1.0367296232096672 1030.9617055080887 112.43599114317611 0.64427940068164791  1.0367296232096121 1030.9882354125534 112.42683284749894 0.64669236968286248  1.0367296232096823 1031.014794027494 112.41760306249851 0.64894870523454451  1.0367296232092991 1031.0413753652049 112.40831240332162 0.65104886884324675  1.0367296232104108 1031.0679732723718 112.39897135983114 0.65299405773662411  1.0367296232082086 1031.0945814583029 112.3895902297191 0.65478616440555559  1.0367296232114305 1031.1211935231258 112.38017905161854 0.6564277361706391  1.0367296232078154 1031.1478029860307 112.37074753821774 0.65792193471264393  1.0367296232109722 1031.1744033134607 112.36130500937095 0.65927249564672286  1.0367296232088399 1031.2009879473553 112.35186032521327 0.66048368805264357  1.0367296232099237 1031.2275503333469 112.34242181927151 0.66156027404161688  1.0367296232095387 1031.2540839489925 112.3329972315782 0.66250746829811202  1.0367296232096121 1031.3336532373828 112.30477580308202 0.66538818084809059  1.0367296232095664 1031.4134759626095 112.2761409648427 0.66678202141457898  1.0367296232097882 1031.4926561260072 112.24793968101773 0.66740362351499083  1.0367296232092191 1031.5771841992112 112.2155215647838 0.66191682163429788  1.0367296232102257 1031.6436686874733 112.19817205670913 0.67078590030302587  1.0367296232088932 1031.7413448072066 112.15433606663994 0.65134815693017711  1.0367296232102441 1031.8078547188029 112.13789063036404 0.65743579538002173  1.0367296232091994 1031.8923699449517 112.10564123168845 0.64681750557750528  1.0367296232098093 1031.9715570000319 112.07872458392796 0.63934038429214701  1.0367296232095449 1032.0513922765952 112.05162781252679 0.63006163705620777  1.0367296232096261 1032.1309660783259 112.02516801550249 0.61980592779135069  1.0367296232096119 1032.1840157536017 112.00752771711093 0.61296790752821984  1.0367296232095429 1032.2371785000369 111.99002394396328 0.60545710874334568  1.0367296232098868 1032.2902959661935 111.97276666042066 0.59745217160513719  1.0367296232090089 1032.3438581078487 111.95558971622364 0.58840001238221107  1.036729623210497 1032.3969485170164 111.93892389276526 0.57934845980021021  1.0367296232086833 1032.4495898760204 111.92273992694872 0.57028428816880483  1.0367296232103438 1032.5026727687834 111.90663720356648 0.56020936509078467  1.0367296232091641 1032.5562301503637 111.89065503104742 0.54909583989951849  1.0367296232098266 1032.6093517448935 111.87525754093559 0.5379875131517533  1.0367296232095358 1032.6625175092772 111.86019027847232 0.5263587478327536  1.0367296232096286 1032.7155670677307 111.8455264802747 0.51440450910166557  1.0367296232096121 1032.7686166590602 111.83086267236725 0.50245020299384002  1.0367296232096617 1032.8217793170445 111.81653659740952 0.48989823931468024  1.0367296232093963 1032.8748967504259 111.8025976289874 0.47695236979875738  1.0367296232101446 1032.9284587210277 111.78905868856347 0.46303564858137675  1.0367296232086909 1032.9815489308644 111.77600562572853 0.44927749611878698  1.0367296232107908 1033.0341902498781 111.76341470455718 0.43565590543853516  1.0367296232084788 1033.0872732752559 111.75121342151297 0.42109778990117241  1.0367296232104424 1033.1408307561487 111.7394477628915 0.40558923563494576  1.036729623209151 1033.193952319232 111.72823653769818 0.39026656582372049  1.0367296232097984 1033.2471181067021 111.71750021219346 0.37455086570770285  1.0367296232095633 1033.3532172744365 111.69699615707944 0.34274972503054113  1.0367296232096701 1033.4063799278251 111.68725001937258 0.32638510753398137  1.0367296232093515 1033.4594973556163 111.67799376476513 0.30976548747639288  1.0367296232102561 1033.5130593184481 111.66941796725514 0.29234615228885646  1.0367296232085097 1033.5661495101558 111.66125525797429 0.27522778880767096  1.0367296232109977 1033.6187908325867 111.6534898832587 0.25838207004793234  1.0367296232083179 1033.6718738619209 111.64638448030591 0.24076606734355996  1.0367296232105148 1033.7254313532235 111.63998708964417 0.22238074772011093  1.0367296232091503 1033.7785529112789 111.63405954205049 0.20434357314314952  1.0367296232097734 1033.8317187021316 111.62870511121861 0.18607934086091968  1.0367296232095837 1033.937817870865 111.61903169007353 0.14949855557609187  1.0367296232096297 1033.9909805221751 111.6148195052437 0.13092316110399335  1.0367296232095697 1034.0440979521522 111.61115203118186 0.11225661918784195  1.0367296232097178 1034.0976599114167 111.60837883019167 0.093039786237530842  1.0367296232093806 1034.1507501051785 111.60590549929972 0.074236835301359924  1.0367296232099885 1034.2033914252263 111.60372580005698 0.055815976259295942  1.0367296232091707 1034.256474456671 111.60241180654494 0.036866468018449353  1.0367296232099801 1034.3100319474925 111.60200890247046 0.017404088579876052  1.0367296232094045 1034.3631535057375 111.60194526324136 -0.00158199718674998  1.0367296232096797 1034.4163192966371 111.60249685520547 -0.020606924457774369  1.0367296232096124 1034.5489432576512 111.60512699798254 -0.067831481787794551  1.0367296232095795 1034.6287720344742 111.60823964987735 -0.096341859069701274  1.0367296232098062 1034.7079431371774 111.61202184414469 -0.12428240994532228  1.0367296232091037 1034.7925468496701 111.62263845522445 -0.15554195223189765  1.0367296232105019 1034.8589446757671 111.61644795728333 -0.17393747983724281  1.0367296232084666 1034.9566532451631 111.64255893426908 -0.21425267542140589  1.0367296232107346 1035.0231541642547 111.63909947244797 -0.2314321154772935  1.0367296232087635 1035.1076720177844 111.65463983698501 -0.26162591959470222  1.0367296232101035 1035.1868595549272 111.66623577130999 -0.28704234360924857  1.0367296232094028 1035.2666953961323 111.6796402474846 -0.31235440775177647  1.0367296232096708 1035.3993193571491 111.70342322224741 -0.35323773660383501  1.0367296232095624 1035.4524820083107 111.71357954490371 -0.36935098834667451  1.0367296232098326 1035.5055994384488 111.72418548780863 -0.38514352261632112  1.0367296232091037 1035.5591613974641 111.73581289099262 -0.40069282455839011  1.0367296232104131 1035.6122515913955 111.74735967638952 -0.41573742786542461  1.0367296232086609 1035.6648929112737 111.75884391027314 -0.43030422219954906  1.0367296232105021 1035.7179759428648 111.77131410261872 -0.44463268180305948  1.0367296232089511 1035.7715334336342 111.78479118679006 -0.45867955843181901  1.036729623209993 1035.8246549919011 111.7981713770981 -0.47214974817880767  1.0367296232094554 1035.8778207827952 111.81201406659055 -0.48521236883883756  1.0367296232096479 1035.9839199516107 111.84021614381662 -0.51043877918658809  1.0367296232095817 1036.0370826027768 111.85485464929336 -0.52262491595399563  1.0367296232097158 1036.0902000329138 111.86982166187222 -0.53436709198099941  1.0367296232094119 1036.1437619919348 111.88568497800658 -0.54556229173199389  1.0367296232098548 1036.1968521858732 111.90131566160613 -0.5563024068201855  1.0367296232094214 1036.2494935057514 111.91673920407909 -0.56660742805567921  1.036729623209697 1036.3025765373388 111.93302679927713 -0.57638110157211664  1.0367296232096161 1036.3561340280969 111.95018499157992 -0.58557582708486777  1.0367296232095733 1036.4092555863681 111.96707282631475 -0.5942520326248083  1.0367296232096437 1036.4624213772577 111.98427457812663 -0.6023976968251068  1.0367296232095977 1036.5685205460702 112.01889173694443 -0.6176745176319508  1.0367296232096357 1036.6216831972379 112.03657950632729 -0.62474067544746825  1.0367296232094836 1036.6748006273706 112.05444251310817 -0.63128308723367565  1.0367296232099572 1036.7283625863968 112.07298893027279 -0.63702832063262793  1.0367296232089878 1036.7814527803223 112.09117347182556 -0.64241263021898576  1.0367296232104339 1036.8340941002118 112.10902655910927 -0.64744715106783068  1.0367296232088028 1036.8871771317936 112.12753721386412 -0.6517093232452511  1.0367296232102072 1036.9407346225694 112.14669695093072 -0.6551518538282336  1.0367296232092928 1036.9938561808331 112.1654393311493 -0.65818478771928468  1.0367296232097312 1037.0470219717315 112.18431631798383 -0.66061614108340272  1.0367296232095859 1037.1531211405454 112.22195998970351 -0.66444797068607508  1.0367296232096392 1037.2062837917063 112.24096562087158 -0.66570246479855577  1.0367296232094889 1037.2594012218451 112.25997606630702 -0.6664046954866073  1.0367296232099448 1037.3129631808583 112.27939013194093 -0.66613757907631199  1.036729623208992 1037.3660533747909 112.29834850185827 -0.6656390294102742  1.0367296232104399 1037.4186946946681 112.31688354933721 -0.66491023591465637  1.0367296232088119 1037.4717777262597 112.33580531181369 -0.66324369562737451  1.0367296232101835 1037.5253352170275 112.35509110504384 -0.66059705242134348  1.036729623209306 1037.5784567752951 112.37385339600212 -0.65768982995363245  1.0367296232097398 1037.631622566189 112.39255780684275 -0.6541688746868406  1.0367296232095666 1037.737721735004 112.42954316659824 -0.64618062690568245  1.0367296232096885 1037.7908843861699 112.44800625597337 -0.64150065867762363  1.0367296232092127 1037.8440018163053 112.46630326519518 -0.63629396904438729  1.0367296232106324 1037.8975637753283 112.48468459532452 -0.63004065001623455  1.0367296232078456 1037.9506539692641 112.50256101625389 -0.62370804260987966  1.0367296232118421 1038.0032952891424 112.51996368436593 -0.61728727414205431  1.0367296232075045 1038.0563783207292 112.53744436059161 -0.60985515398049928  1.0367296232111129 1038.1099358114925 112.55496838218311 -0.60137840886720439  1.0367296232088334 1038.1630573697614 112.57191400011186 -0.59281560923025467  1.0367296232098657 1038.2162231606524 112.58861491690955 -0.58368700096705051  1.0367296232096006 1038.3223223294665 112.62132157999245 -0.56466062115538407  1.0367296232095455 1038.3754849806348 112.63743483173963 -0.55450429848527649  1.0367296232100853 1038.4286024107687 112.65322736600594 -0.54389835559118815  1.0367296232083387 1038.4821643697951 112.66877666795541 -0.53227095238162248  1.0367296232118477 1038.5352545637284 112.68382127125962 -0.52072416698298596  1.0367296232067804 1038.5878958836104 112.69838806559572 -0.50923993308969906  1.0367296232122956 1038.6409789151955 112.71271652519427 -0.49676974076153313  1.0367296232076888 1038.6945364059575 112.726763401824 -0.48329265659998377  1.036729623210636 1038.7476579642271 112.74023359157034 -0.46991246628971817  1.0367296232092358 1038.8008237551178 112.75329621223054 -0.45606977680349409  1.0367296232096836 1038.9069229239308 112.77852262257855 -0.42786769958248266  1.0367296232095649 1038.9600855750978 112.79070875934617 -0.41322919410368747  1.0367296232097449 1039.0132030052321 112.80245093537312 -0.39826218152832121  1.0367296232093441 1039.0667649642546 112.81364613512474 -0.38239886539200851  1.0367296232100354 1039.119855158189 112.82438625021344 -0.36676818180040399  1.0367296232090726 1039.1724964780685 112.8346912714501 -0.35134463932331633  1.0367296232101604 1039.225579509658 112.84446494496498 -0.33505704412151077  1.0367296232091785 1039.2791370004186 112.85365967047788 -0.31789885181550931  1.0367296232098722 1039.3322585586902 112.86233587601672 -0.30101101707828992  1.0367296232095009 1039.38542434958 112.87048154021716 -0.2838092652660299  1.036729623209641 1039.4915235183958 112.88575836102171 -0.24919210644210654  1.0367296232095786 1039.5446861695661 112.89282451883575 -0.23150433705448833  1.0367296232097418 1039.5978035996982 112.89936693062128 -0.21364133027525259  1.0367296232093444 1039.6513655587291 112.90511216401984 -0.19509491310344876  1.036729623209979 1039.7044557526669 112.91049647358706 -0.17691037152311551  1.036729623209244 1039.7570970725478 112.91553099445035 -0.15905728426254215  1.0367296232098988 1039.8101801041303 112.91979316662014 -0.14054662950517269  1.0367296232094276 1039.8637375948824 112.92323569723314 -0.12138689248099405  1.036729623209717 1039.9168591531563 112.92626863111067 -0.10264451224390787  1.0367296232095571 1039.9700249440407 112.9286999844925 -0.083767525432561787  1.0367296232096399 1040.1026489050573 112.93348977149772 -0.036712935781941868  1.0367296232095382 1040.1824776818869 112.93487544712131 -0.0080666425094151808  1.0367296232099787 1040.2616487845855 112.93551068308551 0.020121579343341481  1.0367296232086884 1040.3462524971076 112.92991484980438 0.05265706874879228  1.0367296232112044 1040.4126503232012 112.93890682702995 0.069857709554278835  1.036729623207574 1040.5103588925322 112.91942400558695 0.11376121491826242  1.0367296232115968 1040.5768598117286 112.92552833208704 0.13018796855709802  1.0367296232081438 1040.6613776651836 112.91490264692172 0.16244108539325453  1.0367296232104168 1040.740565202344 112.90742548245913 0.18935859484914558  1.0367296232093084 1040.8204010435384 112.8981457168618 0.21645594752944983  1.0367296232096721 1040.9530250045536 112.8810511116648 0.26055641169552962  1.0367296232095877 1041.0061876557243 112.87354049809358 0.27806008148112038  1.0367296232096628 1041.0593050858542 112.86553562860936 0.29531731844520476  1.036729623209558 1041.1128670448859 112.85648382475527 0.31249410928922505  1.0367296232096077 1041.1659572388128 112.84743269392175 0.32915980375448584  1.0367296232097094 1041.2185985587018 112.83836859867888 0.34534378666989818  1.0367296232094598 1041.2716815902825 112.82829340002286 0.36144660701802456  1.0367296232097565 1041.3252390810496 112.81717965675743 0.3774288237409173  1.0367296232095105 1041.3783606393183 112.80607140071952 0.39282629601126812  1.0367296232096688 1041.4315264302109 112.79444258178403 0.40789356786032821  1.0367296232095868 1041.5376255990257 112.77053399893587 0.43722117609900374  1.0367296232096561 1041.5907882501904 112.75798204954155 0.45154724807591362  1.0367296232093637 1041.6439056803315 112.74503618673981 0.46548621503207604  1.0367296232102849 1041.697467639339 112.73111948946209 0.47902515268091017  1.0367296232083794 1041.7505578333121 112.71736136960605 0.49207821673922697  1.0367296232112622 1041.8031991531454 112.70373977710757 0.50466913970285376  1.0367296232079597 1041.8562821847775 112.68918164853429 0.51687042429255747  1.0367296232108636 1041.909839675476 112.67367307413718 0.52863608014066565  1.0367296232089045 1041.9629612337878 112.65835041416187 0.53984730656324165  1.0367296232098919 1042.0161270246415 112.64263470715132 0.55058363098122165  1.0367296232095526 1042.122226193477 112.61083356424344 0.57108768548165179  1.036729623209663 1042.1753888446528 112.59446895124452 0.58083382393395155  1.0367296232094136 1042.2285062748499 112.57784932631399 0.59009007757662335  1.0367296232101122 1042.2820682337187 112.56042999907305 0.59866587672191063  1.0367296232087215 1042.3351584282448 112.54331162992538 0.60682858492116398  1.0367296232107808 1042.3877997474272 112.52646591762525 0.61459396138244282  1.0367296232084535 1042.4408827796531 112.50884990928276 0.62169936272746373  1.0367296232104817 1042.4944402694093 112.49046459260423 0.62809675432680301  1.0367296232091374 1042.5475618283335 112.47242741640842 0.63402430127636078  1.0367296232097774 1042.6007276186358 112.45416318510301 0.63937873261343525  1.0367296232095951 1042.7068267877967 112.41758239901124 0.64905215330517652  1.0367296232095966 1042.7599894391772 112.39900700421951 0.65326433830543107  1.0367296232097745 1042.8131068700625 112.38034046131297 0.65693181071726059  1.0367296232091399 1042.8666688271649 112.36112363078034 0.65970501565995299  1.036729623210475 1042.9197590294036 112.34232066752536 0.66217833415608052  1.0367296232085024 1042.9724003394549 112.32389982336882 0.66435804808326993  1.0367296232106487 1043.0254833796341 112.30495030326375 0.66567202779178092  1.0367296232089016 1043.0790408563037 112.285487944275 0.66607495262026006  1.0367296232099599 1043.1321624236671 112.26650184520113 0.66613857834247503  1.0367296232095051 1043.1853282064044 112.24747692949144 0.66558699850219716  1.0367296232096206 1043.3179521735094 112.20025236247001 0.66295684694239687  1.036729623209625 1043.3977809648695 112.17174196501168 0.6598441730136686  1.03672962320952 1043.4769520615846 112.14380142997254 0.65606198105480507  1.0367296232098431 1043.5615558413124 112.11254180216039 0.6454452757439465  1.0367296232092424 1043.6279534829127 112.09414640057182 0.65163610211412781  1.0367296232100307 1043.7256625970315 112.05383094752302 0.6255240351828445  1.0367296232092622 1043.7921622282959 112.03665239864461 0.62898599308696612  1.0367296232098269 1043.8766811517328 112.00645772107065 0.61344360344637583  1.03672962320952 1043.9558685625921 111.9810414155985 0.60184790420898149  1.0367296232096357 1044.0357044973377 111.95572930042202 0.58844324154885586  1.0367296232096102 1044.1152789586092 111.93119927335883 0.57417327823577446  1.0367296232096121 1044.1683283069794 111.91484610117718 0.56466054788362774  1.036729623209709 1044.2214907281682 111.89873297595634 0.55450468091378224  1.0367296232092054 1044.2746084511509 111.88294032462994 0.54389815209012871  1.0367296232106189 1044.3281694884211 111.8673914642366 0.53227258599214522  1.0367296232078764 1044.3812586369447 111.85234707305008 0.52072797800040083  1.0367296232118104 1044.4339003846494 111.83777984305775 0.50924298226778175  1.0367296232075256 1044.4869850946138 111.82345088169392 0.49676938238520107  1.0367296232111096 1044.5405438738499 111.80940395103647 0.48328958380841641  1.0367296232088106 1044.5936656347644 111.795933871801 0.46990893706961578  1.0367296232099157 1044.6468320250476 111.7828713771115 0.45606491722228065  1.0367296232095435 1044.6998821357952 111.77025837751268 0.44196264799852425  1.0367296232096124 1044.7529290691778 111.7576452879662 0.42786695739694869  1.0367296232096566 1044.8060892559015 111.74545892265256 0.41323350027824574  1.0367296232094179 1044.8592098321112 111.73371742962659 0.39826046152513223  1.0367296232100898 1044.9127618667026 111.72252058505586 0.38241687788675682  1.0367296232087961 1044.9658422689176 111.71177575643993 0.366806777877275  1.0367296232106378 1045.0184895071397 111.70146911741531 0.35137285512088545  1.0367296232086516 1045.0715893277975 111.69170122111005 0.33505166332688352  1.0367296232102861 1045.1251580157846 111.68251412457919 0.31786985855348104  1.036729623209262 1045.1782806920091 111.67384004907585 0.30097926414691711  1.0367296232097427 1045.2314506965897 111.66569905993599 0.28376749565483023  1.0367296232095826 1045.2845032608241 111.65806545554028 0.26645055718582122  1.0367296232096121 1045.3110158324721 111.65423951131133 0.25781896475386318  1.0367296232096739 1045.3375576120343 111.65055625377295 0.24909107210722764  1.0367296232093535 1045.3641226664097 111.64701694369502 0.24027737099187488  1.0367296232102474 1045.3907048960994 111.64362210143153 0.23138835132933333  1.036729623208523 1045.4172980630678 111.64037153545911 0.22243442919924422  1.0367296232109842 1045.443895818554 111.63726437092515 0.21342587482163874  1.0367296232083201 1045.4704917309575 111.63429907818163 0.20437274054034432  1.0367296232105285 1045.4970793136326 111.63147350133629 0.19528478880407438  1.0367296232091239 1045.523652052776 111.62878488678666 0.18617142015079174  1.0367296232097998 1045.5502034352362 111.62622991176785 0.17704160118862311  1.0367296232095684 1045.5767269763755 111.62380471289141 0.16790379257954888  1.0367296232096128 1045.6032839235213 111.62141175248631 0.15870477877897043  1.0367296232095704 1045.6298651887871 111.6191745410584 0.14944022856384612  1.0367296232097898 1045.6564646661814 111.61709228861874 0.14012072047597676  1.0367296232091798 1045.6830760978717 111.61516347435163 0.1307566682851598  1.0367296232103438 1045.7096931031151 111.6133858905238 0.12135825629400722  1.0367296232086918 1045.7363092070534 111.61175668640493 0.11193537464269934  1.0367296232105112 1045.7629178697216 111.61027241217005 0.10249755461369958  1.0367296232089194 1045.7895125147804 111.60892906282564 0.093053903936635499  1.0367296232100214 1045.8160865585432 111.60772212211026 0.083613042092931938  1.0367296232094423 1045.842633438745 111.60664660641763 0.074183035620697016  1.0367296232096535 1045.869146643495 111.60569710870365 0.064771333419406552  1.0367296232096121 1045.895604914215 111.60467948752867 0.055450716282290119  1.0367296232097318 1045.922107273663 111.6038349243386 0.046064887940343829  1.0367296232091248 1045.9486481376841 111.60316239988961 0.036624567180035358  1.0367296232107326 1045.9752217105313 111.60266015289781 0.027140365417410689  1.0367296232078385 1046.001822010455 111.60232571925472 0.017622718271611319  1.0367296232116927 1046.0284428952928 111.60215597123313 0.0080818171384428594  1.0367296232077345 1046.0550780880683 111.60214715670787 -0.0014724592354999799  1.0367296232109289 1046.0817212025659 111.60229493835783 -0.011030613180081691  1.0367296232089047 1046.1083657689433 111.60259443288724 -0.020583596526870789  1.0367296232098875 1046.1350052593025 111.60304025023079 -0.030122879036509089  1.0367296232095478 1046.1616331132948 111.60362653276974 -0.039640516824350228  1.0367296232096128 1046.1882015273784 111.60412461477124 -0.049072360280272981  1.0367296232096264 1046.2147355261554 111.60474308908087 -0.058464648495295729  1.0367296232095435 1046.241228593718 111.60547542161707 -0.067810917387839009  1.0367296232098027 1046.2676742776055 111.60631479768411 -0.077105389317117745  1.0367296232092444 1046.2940662136164 111.60725418847292 -0.086342971203377403  1.0367296232101391 1046.3203981507509 111.60828641755269 -0.095519252648349678  1.0367296232090411 1046.346663975962 111.60940422737681 -0.10463050405528916  1.0367296232100769 1046.372857739138 111.61060034577039 -0.1136736747496406  1.0367296232093344 1046.3989736778533 111.61186755243742 -0.12264639109893544  1.0367296232097289 1046.4250062423107 111.61319874545059 -0.13154695463345467  1.0367296232095833 1046.4509501201539 111.61458700775367 -0.14037434016627934  1.0367296232096121 
1028.6088424023014 113.52484799841443 -1.8741128445298185  1.0383466998475064 1028.6067470912117 113.53795291575375 -1.8509663734794564  1.0383466998474731 1028.6040522079836 113.55215918655144 -1.8245468410711212  1.0383466998476487 1028.6006477688898 113.56761524423555 -1.7942207886992612  1.0383466998471489 1028.5964053350742 113.58444280895142 -1.7583968789231321  1.0383466998481159 1028.5912116494649 113.6028150477722 -1.7167622658387252  1.0383466998467412 1028.5848429325738 113.62296370370946 -1.6668737139016074  1.0383466998482334 1028.5771971220067 113.64484141643065 -1.605094995444726  1.0383466998469939 1028.5683628219322 113.66811169633399 -1.528368788625849  1.0383466998477517 1028.5584002651494 113.6923085212272 -1.4307141258269656  1.0383466998474506 1028.5436116482338 113.72544619062789 -1.2296170477445016  1.0383466998475095 1028.5515459040776 113.7138469271171 -0.91685563382189361  1.038346699847545 1028.5578017673183 113.70306206767296 -0.79850637892084086  1.0383466998472117 1028.5702330541803 113.68093230654789 -0.66486776836144801  1.0383466998481967 1028.5898170387413 113.64577206961221 -0.51555008547253289  1.0383466998465052 1028.6205464106972 113.59080713298248 -0.35065862164375544  1.03834669984851 1028.6679142489679 113.5071021491717 -0.17667850892475001  1.0383466998468036 1028.7331373341633 113.39356373445266 -0.0097808432985229104  1.038346699847825 1028.8108854566337 113.26026867076592 0.13282926451214422  1.0383466998474471 1028.9780491391089 112.97716469438028 0.3642300279822217  1.0383466998475228 1029.148526126547 112.69490596578538 0.48878460375003696  1.0383466998475324 1029.2294209423997 112.56272827519668 0.52472366665803538  1.0383466998473152 1029.3022115839465 112.44546670166352 0.54097279103014773  1.0383466998479405 1029.3660541984814 112.34411856997917 0.54451767849129196  1.0383466998469042 1029.4219408510671 112.25668484914046 0.5404319510767388  1.0383466998480675 1029.4711778588182 112.18076020226762 0.53173596051983774  1.0383466998471496 1029.5146210687574 112.11478442355686 0.520144852179518  1.0383466998476525 1029.5529189251656 112.05758213774087 0.50684753527099213  1.0383466998474813 1029.7236599655487 111.80668351476888 0.43670441943366878  1.0383466998475637 1029.8048096808041 111.7065855539085 0.36001458294498889  1.0383466998474038 1029.8531406506015 111.65179153866545 0.32705559616230523  1.0383466998477144 1029.8907368731411 111.61432584074787 0.29026378650104662  1.0383466998472375 1029.9205400276708 111.58813210702505 0.26673743134606492  1.0383466998477504 1029.9459507827492 111.56794427468054 0.24822514880186103  1.038346699847343 1029.9681150210072 111.55223808119304 0.22789669973814705  1.0383466998475939 1029.9870632669727 111.54038438447597 0.21508960895288695  1.0383466998474651 1030.0040777312215 111.53067634075724 0.20222085586732783  1.0383466998475239 1030.0192305827761 111.52286115099022 0.1914360602920378  1.0383466998475006 1030.0328480733438 111.51643261952781 0.18202530596312871  1.038346699847507 1030.050086509794 111.51861390620077 0.17762679287794436  1.0383466998475035 1030.0682124490866 111.52067005576276 0.17296816925032288  1.038346699847515 1030.0872660112143 111.52254758612025 0.16799350718030162  1.0383466998475188 1030.1072974704143 111.52418252826975 0.16261874157888415  1.0383466998474149 1030.1283656547564 111.52549994906776 0.15674103671215922  1.0383466998476969 1030.1505395123847 111.52641174915662 0.15023850321579063  1.0383466998472841 1030.1739028442232 111.52681273606369 0.14296026559376657  1.0383466998476758 1030.1985622034044 111.52657497245195 0.13470688018320148  1.038346699847418 1030.2246579611249 111.52554039954474 0.12520110360506476  1.0383466998475375 1030.2523785392141 111.52351173570521 0.11404901168271145  1.0383466998475002 1030.281977809183 111.52024165018402 0.100691468841982  1.0383466998475064 1030.3106830464876 111.5181058012022 0.088719496315651  1.0383466998475424 1030.3389077486077 111.51652363775933 0.077151681744325004  1.0383466998473785 1030.3666673042899 111.51545318108047 0.065998280011787425  1.0383466998477664 1030.3939766906835 111.51485437968066 0.055266323198567772  1.0383466998471365 1030.4208504568307 111.51468911980332 0.044959989093530273  1.0383466998478916 1030.44730270731 111.51492123585479 0.035080969706624429  1.0383466998472162 1030.4733470856459 111.51551652084331 0.025628839779890899  1.0383466998476563 1030.4989967580136 111.51644273681423 0.016601425300767522  1.0383466998474573 1030.5242643966355 111.51766962528734 0.0079951720126894398  1.0383466998475159 1030.5491621634433 111.5191689176938 -0.00019448607146577  1.0383466998475048 1030.5737016935525 111.52091434581247 -0.0079727581585834501  1.038346699847507 1030.6000460691519 111.52081179818485 -0.01885736509599981  1.038346699847486 1030.6265372630692 111.52081148705099 -0.02988733755850078  1.0383466998475708 1030.6531677417327 111.52092339877859 -0.041059601921106491  1.0383466998473865 1030.6799294958046 111.52115762476322 -0.052369971649476273  1.0383466998476532 1030.706814076739 111.52152424623461 -0.063813156622650594  1.0383466998473794 1030.7338126331802 111.52203321903107 -0.075382772459892167  1.038346699847589 1030.7609159475955 111.52269425841962 -0.087071349842517354  1.038346699847458 1030.7881144726243 111.5235167238621 -0.098870343841083355  1.0383466998475361 1030.8153983677103 111.52450950383417 -0.11077014323761983  1.0383466998474913 1030.8427575355006 111.5256809006015 -0.12276007985176179  1.0383466998475106 1030.8701816584023 111.52703851502437 -0.13482843786432708  1.0383466998475064 1030.8966314778243 111.52910728370763 -0.14507253608373316  1.0383466998475497 1030.9230854250065 111.53133093449583 -0.15528812630744537  1.0383466998473145 1030.9495366673038 111.53371146408328 -0.1654648348214186  1.0383466998480062 1030.9759784271012 111.53625016865604 -0.17559200814016498  1.0383466998466155 1031.0024040064891 111.53894764299831 -0.1856587901823285  1.0383466998486581 1031.028806811915 111.54180377958373 -0.19565419944778856  1.0383466998463837 1031.0551803788833 111.54481776769086 -0.20556720619195623  1.0383466998483377 1031.0815183965783 111.54798809248719 -0.21538680960414797  1.038346699847047 1031.1078147325804 111.55131253414665 -0.22510211498122798  1.0383466998476858 1031.1340634574954 111.55478816693801 -0.23470241090564375  1.0383466998474644 1031.1602588696464 111.55841135833376 -0.24417724642021749  1.038346699847507 1031.1868215045795 111.56187501375942 -0.25437118244055851  1.0383466998474671 1031.2134248462683 111.56549326927272 -0.2645570456293509  1.0383466998476722 1031.2400612487304 111.5692688608318 -0.27472438861756837  1.0383466998471134 1031.2667229937715 111.57320379758634 -0.2848623058170619  1.038346699848143 1031.2934023254957 111.5772993450955 -0.29495952208602072  1.0383466998467614 1031.3200914849263 111.58155600853691 -0.30500448139220121  1.038346699848165 1031.3467827444683 111.58597351592962 -0.31498543547988844  1.0383466998470543 1031.373468442556 111.59055080133903 -0.32489053253181815  1.038346699847748 1031.4001410181227 111.5952859881012 -0.33470790583665894  1.0383466998474122 1031.4267930452106 111.60017637202984 -0.34442576245146733  1.0383466998475281 1031.4534172674907 111.60521840463598 -0.35403247186783671  1.038346699847507 1031.4799156929794 111.61027554849632 -0.36338712326427047  1.038346699847446 1031.5064456914868 111.61547884302929 -0.37269839853971737  1.0383466998477338 1031.5329998947102 111.62082873492041 -0.38195570910564769  1.038346699847011 1031.5595708955138 111.62632489733741 -0.39114820580492449  1.0383466998482414 1031.5861512796239 111.63196623414413 -0.40026486404412592  1.0383466998467186 1031.6127336571828 111.63775088408555 -0.40929456893494426  1.0383466998481374 1031.6393106945084 111.64367622501595 -0.4182262004219664  1.0383466998471176 1031.6658751456073 111.64973887807419 -0.42704871842727132  1.0383466998476938 1031.692419883932 111.65593471191254 -0.43575124797783538  1.0383466998474375 1031.7189379339384 111.66225884688079 -0.44432316434744151  1.0383466998475228 1031.745422502777 111.66870565924087 -0.45275417818860048  1.0383466998475064 1031.7719470156651 111.67516021444347 -0.4612649762841679  1.0383466998475466 1031.7985052838321 111.68175463731279 -0.4697125591725117  1.0383466998473152 1031.8250898443378 111.68848785187916 -0.47808629612054998  1.0383466998480222 1031.8516931876495 111.69535796671961 -0.4863754016886197  1.0383466998465696 1031.8783077901412 111.70236229116824 -0.4945690210922985  1.038346699848729 1031.9049261466191 111.70949735152311 -0.50265631557142254  1.0383466998463213 1031.931540802811 111.71675890725776 -0.51062654774752592  1.0383466998483615 1031.9581443878978 111.72414196722795 -0.51846916699623324  1.0383466998470532 1031.9847296470023 111.73164080588209 -0.52617389480404897  1.0383466998476767 1032.0112894737167 111.73924897946976 -0.53373081013834023  1.0383466998474675 1032.0378169425994 111.74695934225059 -0.54113043480829348  1.0383466998475064 1032.1173630832329 111.77007214396266 -0.5632588595614233  1.0383466998474533 1032.197208494669 111.79433207163817 -0.58462421445536761  1.0383466998477187 1032.2763263332995 111.81906454148024 -0.60417214879566961  1.0383466998470097 1032.3614763517662 111.84902958840709 -0.62826114830431212  1.0383466998483266 1032.4261050878101 111.86606783240994 -0.63118176445974683  1.0383466998464865 1032.526454728282 111.90719646020615 -0.66776855773321531  1.0383466998484665 1032.5908844783141 111.92619733570011 -0.66773223753620992  1.0383466998468227 1032.676207952702 111.95874061015131 -0.68697567204916499  1.0383466998478692 1032.7552979771194 111.98827330632599 -0.69855556471761782  1.0383466998473692 1032.835142974367 112.01874944272332 -0.70946741545775394  1.0383466998475372 1032.9146952429628 112.04939628398988 -0.71870204838726826  1.0383466998475059 1032.9677306335577 112.06982823677454 -0.72485928869357463  1.0383466998474316 1033.020899398206 112.09056128971194 -0.73048284828713728  1.0383466998478028 1033.0740172022847 112.11141003213928 -0.73543216755659713  1.038346699846854 1033.1276366284246 112.13292745845105 -0.74003516319579621  1.0383466998484743 1033.1807109768056 112.15405409613707 -0.7436031155097842  1.0383466998464659 1033.2332771006504 112.17477018898924 -0.74618090236815726  1.0383466998483573 1033.2863584826259 112.19604859870017 -0.74844457614169646  1.038346699846955 1033.3399822115437 112.21792397384698 -0.75038460211859925  1.0383466998477919 1033.3930957179643 112.23936459786999 -0.75128868593756826  1.0383466998473947 1033.4462610692772 112.26085716721227 -0.75156301344740939  1.0383466998475328 1033.4992963124207 112.2821915672025 -0.75110490914301886  1.0383466998475064 1033.5523315933458 112.30352603256635 -0.75064684324571829  1.0383466998475483 1033.6055002463086 112.3249819340747 -0.74958818101238633  1.0383466998473203 1033.6586180080176 112.34633962716083 -0.74785259570569707  1.0383466998479749 1033.7122372286135 112.36822596435712 -0.7455808703776251  1.0383466998466826 1033.7653113504045 112.3894207234874 -0.74244553963891002  1.0383466998485664 1033.8178774405715 112.40991938543721 -0.73849554390525951  1.0383466998464947 1033.8709589797429 112.4308561527164 -0.73407315756202207  1.0383466998482263 1033.9245828186838 112.45226059021549 -0.7291584311738194  1.0383466998471231 1033.9776962918038 112.47293114513819 -0.7233927253534489  1.0383466998476594 1034.030861669557 112.49345661636825 -0.71701207001954537  1.0383466998474613 1034.1369322123819 112.53375404710218 -0.70295534132299964  1.0383466998475688 1034.1901008593679 112.5538326671025 -0.69531825234004274  1.038346699847206 1034.2432186143301 112.57360870242481 -0.68706771928883204  1.0383466998482631 1034.2968378254197 112.59372182675865 -0.67814392698271686  1.0383466998461963 1034.3499119265609 112.61291032859765 -0.66861250673085115  1.0383466998491702 1034.4024780214693 112.63118510616714 -0.65852140572420026  1.0383466998459225 1034.4555595654992 112.64973057164224 -0.6478456511083458  1.0383466998486426 1034.5091834161228 112.66856869144641 -0.63655713283301885  1.0383466998469082 1034.5622968836487 112.68644584466342 -0.62468606823445139  1.0383466998477158 1034.6154622652807 112.70399500463522 -0.61227498441088213  1.0383466998474771 1034.7215328091352 112.73797637302251 -0.58645364961181001  1.0383466998475057 1034.7747014536903 112.75471228039011 -0.5729857120004167  1.0383466998475896 1034.8278192111432 112.77097085775323 -0.55902785724253201  1.0383466998472641 1034.8814384181064 112.78734196412664 -0.54432553008545692  1.0383466998479212 1034.9345125216071 112.80264594775309 -0.52933103744760668  1.0383466998469872 1034.9870786138438 112.81690796685565 -0.51408661387696253  1.0383466998480175 1035.0401601603028 112.83124676782619 -0.49820250335899374  1.0383466998471045 1035.0937840103638 112.8456745392953 -0.48164518512038285  1.0383466998477549 1035.1468974781144 112.85900836209225 -0.46483078772755931  1.0383466998473896 1035.2000628598009 112.87186336929791 -0.44760415678536974  1.0383466998475452 1035.3326510397217 112.90228708272949 -0.40378119539754354  1.0383466998474282 1035.4125040356221 112.9196086553751 -0.37647207241701586  1.0383466998478681 1035.4916114812984 112.9350292303199 -0.3489975379484837  1.038346699846602 1035.5768501847888 112.95428860967124 -0.31554548312197978  1.0383466998490707 1035.641373328833 112.95431658271325 -0.29835240431285515  1.0383466998454998 1035.741766154905 112.98410241188138 -0.25197825747207092  1.0383466998494586 1035.8061821673373 112.98107038846591 -0.23322842482072934  1.0383466998460567 1035.8915100932904 112.99499161654171 -0.19806919522264285  1.0383466998483168 1035.9706004607144 113.00180999778348 -0.16708864943391485  1.0383466998471824 1036.0504461155151 113.00782087116548 -0.13527977952422399  1.0383466998475848 1036.183034295439 113.01503339018885 -0.082421158148174758  1.0383466998474535 1036.2362029398209 113.0173441935365 -0.061063814790256937  1.0383466998477082 1036.2893206974582 113.01897105034951 -0.039697570461640137  1.038346699847067 1036.3429399041313 113.02015105506835 -0.017725335321828291  1.0383466998481692 1036.3960140078348 113.02036989853492 0.0036989229818069598  1.0383466998467503 1036.4485800998698 113.01967523339697 0.024563128381746971  1.0383466998481856 1036.5016616465045 113.01858253476391 0.045933954299880023  1.0383466998470183 1036.5552854965001 113.01707671770497 0.067843721262040718  1.0383466998477848 1036.6083989642793 113.01461557984696 0.089161732235815333  1.0383466998473874 1036.6615643459591 113.01152437504683 0.11043266255098674  1.0383466998475379 1036.7676348899008 113.00394461577848 0.15243292435734174  1.0383466998474735 1036.8208035342882 112.99954253831172 0.17345904244385468  1.0383466998476407 1036.8739212919222 112.9944872384789 0.19428227473768198  1.0383466998472106 1036.9275404986047 112.9888196956002 0.215543753675695  1.0383466998479445 1036.9806146023132 112.98240736819783 0.2359870605036497  1.0383466998470228 1037.0331806943509 112.97529930834867 0.25561543567577194  1.0383466998479189 1037.086262240977 112.96765614179598 0.27560263646270444  1.0383466998472346 1037.1398860909637 112.95945353433429 0.29597474002379043  1.0383466998476365 1037.1929995587454 112.95052522545986 0.31548883985552678  1.03834669984747 1037.2461649404206 112.94101223603735 0.33476346191384154  1.0383466998475031 1037.352235484359 112.92082466192703 0.37236581015666265  1.038346699847529 1037.4054041287486 112.91014060965293 0.39100252003137154  1.0383466998473565 1037.458521886379 112.89889800114898 0.40924441722869609  1.0383466998479154 1037.5121410930667 112.88693768924446 0.42771391826052557  1.0383466998467628 1037.5652151967606 112.87452187425629 0.44517514026499982  1.0383466998484965 1037.6177812888104 112.86169620611672 0.46164632311179077  1.0383466998465125 1037.6708628354322 112.84825073805146 0.4782934122980646  1.0383466998482604 1037.724486685438 112.83415426855568 0.49513368907148497  1.0383466998470812 1037.7776001532118 112.81963275374618 0.51093370168928254  1.0383466998476769 1037.8307655348963 112.80462917738544 0.52632528121663535  1.0383466998474651 1037.9368360788358 112.77380988884208 0.55584893606808161  1.038346699847551 1037.9900047232168 112.75788969123985 0.57027194669902503  1.0383466998473037 1038.0431224808549 112.74156027891404 0.58414686482284683  1.0383466998480442 1038.0967416875262 112.72447795665327 0.5980164644659216  1.038346699846515 1038.1498157912292 112.707274000556 0.61078637562323723  1.0383466998488475 1038.2023818832652 112.6899861898904 0.62248805195328127  1.0383466998461484 1038.2554634298986 112.67205455639746 0.63416549649407006  1.0383466998485464 1038.3090872798941 112.65344408552232 0.6458255028037363  1.0383466998469109 1038.3622007476729 112.63475083182196 0.65636481290923654  1.038346699847752 1038.4153661293526 112.61572532311763 0.66636671483434662  1.0383466998474398 1038.5214366732939 112.57729112683477 0.68492169525442248  1.038346699847589 1038.5746053176811 112.55769316376315 0.69371918189680237  1.0383466998471178 1038.6277230753146 112.53787538427153 0.70186894726839033  1.0383466998484809 1038.6813422819978 112.51734318836579 0.70978099252289706  1.0383466998458288 1038.7344163857044 112.49703513424247 0.71660958494053284  1.0383466998496158 1038.786982477741 112.47697743240521 0.72239631317871678  1.0383466998455251 1038.8400640243688 112.45631490671545 0.72796104340660894  1.0383466998489053 1038.8936878743589 112.43501215702473 0.73329941660553144  1.0383466998467861 1038.9468013421395 112.41397699034616 0.73754636308837407  1.0383466998477409 1038.9999667238155 112.39279189865185 0.74117953156871241  1.0383466998474942 1039.1060372677559 112.35050500155023 0.74694954678917713  1.0383466998474509 1039.1592059121458 112.32914765818005 0.74926035014691073  1.0383466998479083 1039.2123236697776 112.30778141386079 0.75088720695243427  1.0383466998464213 1039.2659428764648 112.28580917869857 0.75206721168857904  1.0383466998494115 1039.3190169801678 112.26438492039048 0.75228605515419045  1.0383466998450974 1039.3715830722097 112.24352071498272 0.75159139002142739  1.0383466998497819 1039.4246646188342 112.22214988907893 0.75049869137704106  1.0383466998458819 1039.4782884688243 112.20024012212831 0.74899287431413464  1.0383466998483661 1039.5314019366047 112.17892211115138 0.74653173645682536  1.0383466998471937 1039.584567318281 112.15765118084288 0.74344053165417689  1.038346699847561 1039.6906378622198 112.1156509190419 0.73586077238401615  1.038346699847482 1039.7438065066085 112.09462480095355 0.73145869491832871  1.0383466998475244 1039.7969242642396 112.07380156866301 0.72640339508409213  1.0383466998475435 1039.8505434709252 112.05254008972406 0.72073585220675163  1.0383466998473643 1039.9036175746273 112.03209678290341 0.71432352480162631  1.0383466998477546 1039.9561836666683 112.0124684077291 0.7072154649554232  1.0383466998472206 1040.0092652132957 111.9924812069364 0.69957229840272028  1.0383466998477315 1040.0628890632861 111.97210910337287 0.69136969094228606  1.0383466998473889 1040.116002531068 111.95259500353784 0.68244138206781335  1.038346699847537 1040.1691679127434 111.93332038147935 0.67292839264556115  1.0383466998475153 1040.2752384566854 111.89571803322914 0.65274081853545807  1.0383466998474704 1040.3284071010776 111.87708132334902 0.64205676626179597  1.0383466998477044 1040.3815248587089 111.8588394261526 0.63081415775633909  1.0383466998470321 1040.4351440653977 111.84036992511403 0.61885384585472281  1.0383466998482545 1040.4882181691114 111.82290870307136 0.60643803085840819  1.0383466998466384 1040.5407842611448 111.80643752025584 0.59361236272360107  1.0383466998482833 1040.5938658077721 111.78979043106224 0.58016689465147941  1.0383466998469568 1040.6474896577467 111.77295015434609 0.56607042516908757  1.0383466998478157 1040.7006031255341 111.75715014170316 0.55154891035340925  1.0383466998473714 1040.7537685072025 111.74175856220748 0.53654533400117943  1.0383466998475501 1040.8863566871273 111.7048539936435 0.49802122332460669  1.0383466998474167 1040.9662096830343 111.68347359024096 0.47375801191026362  1.0383466998479127 1041.045317128707 111.66394490408078 0.44903404395326546  1.0383466998465307 1041.1305558322374 111.63968958523316 0.41900667009628156  1.0383466998491062 1041.1950789762543 111.63697236662043 0.40202964259000146  1.0383466998455717 1041.2954718022834 111.60029873558464 0.36088596874693107  1.0383466998492734 1041.3598878148102 111.60036030960357 0.34189266458818451  1.0383466998462778 1041.445215740689 111.5811103597828 0.30934406339459747  1.0383466998481485 1041.5243061081312 111.56952949899505 0.27981156933607843  1.0383466998472672 1041.6041517629194 111.55861662590854 0.24933462717657273  1.0383466998475568 1041.7367399428424 111.54322399480651 0.19825506970178133  1.0383466998474784 1041.789908587235 111.537600616684 0.17752215995298704  1.0383466998476039 1041.8430263448633 111.53265137218945 0.15667346603408266  1.0383466998473132 1041.8966455515547 111.52804868041041 0.13515633895251034  1.0383466998477617 1041.9497196552543 111.52448103889121 0.11403008348291382  1.0383466998472577 1042.0022857472989 111.52190327072479 0.093314081492059081  1.0383466998476893 1042.0553672939225 111.51963938272014 0.072035430190567684  1.0383466998474058 1042.1089911439165 111.51769921799873 0.050159847136278607  1.0383466998475406 1042.1621046116968 111.51679518352316 0.028719289465456838  1.0383466998475088 1042.2152699933745 111.51652082385938 0.0072266686340520898  1.0383466998474908 1042.3213405373156 111.51743697522716 -0.035442235839571991  1.038346699847549 1042.3745091817018 111.51849564628013 -0.056898124151662018  1.0383466998472402 1042.4276269393397 111.5202312357804 -0.078255811038670062  1.0383466998482414 1042.4812461460106 111.52250297371759 -0.1001421248945453  1.0383466998461557 1042.5343202497513 111.52563831695261 -0.12133684977657042  1.0383466998493078 1042.586886341745 111.52958831043232 -0.14183551251695828  1.038346699845712 1042.6399678884161 111.53401068985229 -0.16277229246972075  1.0383466998488569 1042.6935917383394 111.53892541050094 -0.18417675200435085  1.0383466998467517 1042.7467052061656 111.54469111929792 -0.20484729620172776  1.0383466998477948 1042.7998705878006 111.55107177285451 -0.22537277500870539  1.0383466998474518 1042.9059411317671 111.56512850118848 -0.26567020835902427  1.0383466998475417 1042.9591097761654 111.57276559127492 -0.28574882342802976  1.0383466998474047 1043.0122275338695 111.58101612325609 -0.30552486418984293  1.0383466998477402 1043.065846740375 111.58993991719593 -0.32563797965371621  1.038346699847112 1043.1189208447606 111.59947133617908 -0.34482648778421454  1.0383466998479891 1043.1714869359801 111.60956243814127 -0.36310125793982401  1.0383466998470714 1043.2245684833463 111.62023819205223 -0.38164672989696929  1.0383466998477897 1043.2781923321818 111.63152671058852 -0.4004848462745495  1.0383466998473849 1043.3313058007229 111.64339777517569 -0.41836200142467994  1.0383466998475295 1043.3844711817314 111.65580885888842 -0.43591116017260845  1.0383466998475157 1043.4905417260973 111.68163019380613 -0.46989252957472494  1.0383466998474788 1043.5437103707327 111.69509813110734 -0.48662843720056259  1.0383466998476751 1043.5968281291869 111.70905598715851 -0.50288701629858845  1.0383466998470594 1043.6504473337241 111.72375831124805 -0.51925811848809844  1.0383466998482869 1043.7035214468981 111.73875281149147 -0.53456212006898962  1.0383466998465283 1043.7560875274712 111.75399722622964 -0.54882411771277384  1.0383466998484043 1043.8091690839328 111.76988134597428 -0.56316293675185503  1.0383466998468971 1043.8627929178583 111.78643865139273 -0.57759067833815014  1.0383466998478041 1043.9159063961572 111.80325305708773 -0.5909245205182122  1.0383466998474145 1043.9690717686096 111.82047968037948 -0.6037795106285615  1.0383466998475124 1044.1016599560107 111.8643026466914 -0.63420323752437102  1.0383466998475241 1044.181512968499 111.89161178396664 -0.65152484028878255  1.0383466998473871 1044.2606204102149 111.91908632235817 -0.666945396269503  1.0383466998478232 1044.3458591712092 111.95253844122837 -0.68620491426491415  1.0383466998469506 1044.4103821502549 111.96973122749309 -0.68623259310289597  1.0383466998482151 1044.5107755210511 112.01610640153559 -0.71601919088575661  1.038346699846812 1044.575190135967 112.03485402210063 -0.71298515452560696  1.0383466998480342 1044.6605192673856 112.07001497756734 -0.72690814757142852  1.0383466998472017 1044.7396094894284 112.1009953315918 -0.73372630720876275  1.0383466998476309 1044.8194552430234 112.13280437376095 -0.73973731643750884  1.0383466998474766 1044.8990082354512 112.16451971888823 -0.74406494193096928  1.0383466998475064 1044.9520432276202 112.18566276136723 -0.74694959702235553  1.0383466998475843 1045.0052116076677 112.20701968680508 -0.7492600788711109  1.0383466998471784 1045.0583297261805 112.2283864806376 -0.75088728756107959  1.0383466998483168 1045.1119478423172 112.25035701202077 -0.75206608727575863  1.0383466998461239 1045.1650207865564 112.27177910689613 -0.75228376799471752  1.0383466998492266 1045.2175874700858 112.2926438995725 -0.75158980197945913  1.038346699845903 1045.2706709601371 112.31401803166412 -0.75049903922282668  1.0383466998486406 1045.3242962123022 112.33593059548639 -0.74899446933452263  1.0383466998469035 1045.3774098769038 112.35724913294109 -0.74653343574728481  1.0383466998477355 1045.4305758736134 112.37852150057192 -0.74344272119208843  1.038346699847454 1045.4836116598731 112.39952299677242 -0.73965323156074037  1.0383466998475068 1045.536643794705 112.42051767245502 -0.73586106207548929  1.0383466998475586 1045.5898096117623 112.44153847103493 -0.73145710627717597  1.038346699847281 1045.6429312314078 112.46236812157711 -0.72640340220309185  1.0383466998480546 1045.6965387460593 112.48360864351139 -0.72072960742526171  1.0383466998465831 1045.7496020280989 112.50402861773432 -0.71431306166285768  1.0383466998486437 1045.8021758906316 112.52366675894052 -0.70720996995404095  1.0383466998464694 1045.8552768291936 112.54369107620431 -0.69957475309752815  1.0383466998482096 1045.9089127393627 112.56409106150981 -0.69137496195891968  1.0383466998471538 1045.9620271601818 112.58360905513021 -0.68244600569430247  1.0383466998476325 1046.0151967322802 112.60289620250683 -0.67293330065028656  1.0383466998474791 1046.0682346867391 112.62170823954396 -0.66283930699059979  1.0383466998475064 1046.0947379084755 112.6310826946473 -0.65779040829374336  1.0383466998475674 1046.1212757742778 112.64041731011157 -0.65259470222450522  1.0383466998472481 1046.1478408750661 112.64970151575028 -0.64725154341428237  1.0383466998481539 1046.1744257517887 112.65892445705572 -0.64176105900174929  1.0383466998463688 1046.2010229277198 112.66807508117162 -0.63612414679868223  1.0383466998489759 1046.2276249407673 112.6771422228631 -0.63034247345859851  1.0383466998460911 1046.254224375755 112.6861146904903 -0.62441847264111194  1.0383466998485249 1046.2808138967484 112.69498135197804 -0.61835534318149077  1.038346699846967 1046.3073862793256 112.70373122078898 -0.61215704725521858  1.0383466998477069 1046.3339344429014 112.7123535418942 -0.60582830854628145  1.0383466998474609 1046.360451483011 112.72083787774544 -0.59937461041336715  1.038346699847507 1046.3870069171289 112.72939890181792 -0.59291346954903545  1.0383466998474442 1046.4135905767305 112.73789065237607 -0.58631199666155132  1.0383466998477699 1046.4401949502014 112.74630235302075 -0.57957163719565963  1.0383466998468647 1046.4668125000212 112.7546231133413 -0.57269466280927173  1.0383466998485948 1046.493435694842 112.76284201400499 -0.56568415054576549  1.0383466998461401 1046.5200570413713 112.77094819184148 -0.55854396199126166  1.0383466998488171 1046.5466691165564 112.77893092493517 -0.55127872245435716  1.0383466998465321 1046.573264599391 112.78677971770746 -0.54389380011847699  1.0383466998480637 1046.5998363031069 112.79448438600943 -0.53639528522161772  1.0383466998472746 1046.6263772070472 112.80203514220582 -0.52878996921361388  1.0383466998475637 1046.6528804887519 112.80942268026486 -0.5210853239284412  1.0383466998475064 1046.6793206473176 112.8166875946681 -0.51341252699426343  1.0383466998476243 1046.7058135127547 112.8238889747248 -0.50560851673196128  1.0383466998470254 1046.7323517898624 112.83101678173934 -0.49767469001277798  1.0383466998486115 1046.7589280662125 112.83806081004242 -0.48961325552463275  1.038346699845752 1046.7855348459382 112.84501077127736 -0.48142722027568174  1.0383466998495827 1046.8121645836472 112.85185637868719 -0.47312037609648905  1.0383466998456092 1046.8388097181462 112.85858743140025 -0.46469728614474132  1.0383466998488529 1046.8654627064009 112.86519389871791 -0.45616327140639368  1.0383466998467776 1046.8921160572536 112.87166600439983 -0.44752439720076903  1.0383466998477893 1046.9187623653463 112.87799431095158 -0.43878745968215133  1.0383466998474404 1046.9453943449014 112.8841698039104 -0.42995997234387517  1.038346699847507 1046.9719580469759 112.89021965624754 -0.421187268330176  1.0383466998475135 1046.998482321723 112.89609175674353 -0.4123423799439056  1.0383466998474702 1047.0249603625537 112.90177809562236 -0.40343416801946042  1.0383466998476083 1047.0513855720537 112.90727127485006 -0.39447205298988486  1.0383466998473121 1047.0777515772088 112.9125645369337 -0.38546593954602837  1.0383466998477731 1047.104052244815 112.9176517937142 -0.37642614130115643  1.0383466998472419 1047.1302816966031 112.9225276551683 -0.3673633054475125  1.0383466998476885 1047.1564343247212 112.92718745819926 -0.35828833742253052  1.0383466998474224 1047.1825048068536 112.93162729543914 -0.34921232556561482  1.0383466998475319 1047.2084881216381 112.93584404404122 -0.34014646578241536  1.0383466998475013 1047.2343795638872 112.93983539447923 -0.33110198620429782  1.0383466998475064 
1028.3938709386805 113.75086061651689 0.00971970710444609  0.85353433019614966 1028.4085016248532 113.73878948462409 0.037795340730554849  0.85353433019613756 1028.4244907938105 113.72421006281068 0.069252895120164318  0.85353433019620095 1028.4421216207475 113.70660637944259 0.10468503734268414  0.85353433019602221 1028.462204469279 113.68453311179738 0.14525736070060655  0.85353433019635461 1028.4848399567709 113.65779508664235 0.19139108940092847  0.85353433019591207 1028.5112545139075 113.62420012634321 0.24493307484496357  0.85353433019635616 1028.5434287137327 113.58025279099512 0.30812835678542971  0.85353433019602043 1028.5831458685025 113.52283861444376 0.38248418718451677  0.85353433019619696 1028.6338179816044 113.44597832676597 0.47119515542519008  0.85353433019615021 1028.7405881575937 113.27667478347583 0.63468278827041924  0.85353433019613134 1028.9253978081681 112.9742539447218 0.81133806130434738  0.85353433019618097 1028.9973547649929 112.855890573925 0.87025784300385423  0.85353433019595526 1029.0820634101622 112.71620534065394 0.92428980962932894  0.85353433019659442 1029.180402946992 112.55382750562357 0.97151931285943882  0.85353433019550651 1029.2950009454573 112.36483773533756 1.0031883477223256  0.85353433019679381 1029.4259010363644 112.15011939261096 1.0037218403046149  0.85353433019569735 1029.5648187517208 111.92445077122055 0.96146850705548725  0.85353433019635483 1029.6984875900614 111.71022807478718 0.87845674770962767  0.85353433019611125 1029.943389043789 111.32333563894971 0.65711614706923371  0.85353433019616176 1030.1304217539005 111.03890878143783 0.36913095044488303  0.85353433019616398 1030.2062085415489 110.92714617858779 0.21993483157414453  0.85353433019603897 1030.2654846761882 110.84303472667868 0.077408505359749649  0.85353433019640157 1030.3116178236039 110.78050326703136 -0.052735927120117418  0.8535343301958016 1030.3481317782782 110.73352518163669 -0.16984470957165612  0.85353433019647429 1030.3776049263415 110.69779108236555 -0.27508794604071823  0.85353433019593794 1030.4015779324407 110.67073839305847 -0.36937913560599328  0.85353433019624203 1030.4211557637898 110.65053501766195 -0.45347185149303526  0.85353433019612968 1030.5031576399992 110.57391619243586 -0.83108348872185045  0.85353433019621272 1030.5218332716947 110.5933868479591 -1.0187578462152522  0.85353433019601932 1030.5419569690607 110.59708132874279 -1.1180466058531575  0.85353433019646319 1030.5530405511788 110.61490783637626 -1.1971237804534265  0.85353433019564573 1030.56668853971 110.62696129673253 -1.2529049873981963  0.85353433019675706 1030.5805361670989 110.63798436408882 -1.2973721156862774  0.85353433019557656 1030.5915056505276 110.65358527032549 -1.3368046615784699  0.85353433019657687 1030.6048774444362 110.66448136308244 -1.3660781285187584  0.85353433019590419 1030.6172424253432 110.67688814291724 -1.3921840742010971  0.85353433019624991 1030.6298589988085 110.68860392081027 -1.4140774122935944  0.85353433019612535 1030.6425480799298 110.69999899904614 -1.4328497856850626  0.85353433019615021 1030.6686992161722 110.71753288103612 -1.4416451105689272  0.8535343301961682 1030.694924642263 110.73529046080641 -1.4509561070066423  0.85353433019606462 1030.7212266350671 110.75331088188761 -1.4609065143297524  0.85353433019639546 1030.747603335072 110.77165550287214 -1.4716515893004538  0.85353433019564173 1030.7740524545211 110.79039805559177 -1.4833720256038023  0.85353433019690106 1030.8005724821787 110.80962375550277 -1.4962770457353471  0.85353433019534686 1030.827161384442 110.829437364322 -1.5106166652184787  0.8535343301967806 1030.8538128031685 110.84998020485295 -1.5267031292364919  0.85353433019578584 1030.8805097498239 110.87145612807221 -1.5449415215886635  0.8535343301962971 1030.9072157963035 110.89416643240962 -1.5658695460503946  0.85353433019611469 1030.9338637621647 110.91855373527368 -1.5902064800790983  0.85353433019614966 1030.9605026402294 110.9421598548489 -1.6121350924842421  0.85353433019616332 1030.9870871880112 110.96585329234397 -1.6328309318427832  0.8535343301961098 1031.0136325274814 110.98959370759887 -1.6523302697070734  0.85353433019620051 1031.0401519906454 111.01334497906041 -1.6706693502440881  0.85353433019613123 1031.0666572694556 111.03707485049371 -1.6878841497794412  0.85353433019609903 1031.0931585658607 111.06075457772388 -1.7040101363566269  0.85353433019626346 1031.1196647416541 111.08435857533165 -1.7190820292713265  0.85353433019601987 1031.1461834685624 111.10786406340641 -1.7331335586392875  0.85353433019624447 1031.1727213780985 111.13125071424051 -1.746197224927005  0.85353433019610481 1031.1992842116044 111.15450029907271 -1.7583040585160892  0.8535343301961611 1031.2258769701687 111.17759633479839 -1.7694833792431142  0.85353433019615021 1031.2524897456349 111.20297575259339 -1.7852350439351363  0.85353433019611191 1031.2791098180439 111.22872471714057 -1.8008155077278019  0.85353433019628855 1031.3057339358038 111.25484309915099 -1.8162072261956175  0.8535343301958398 1031.3323588649935 111.28132938441333 -1.8313916235035776  0.85353433019664371 1031.3589814246288 111.30818061270702 -1.8463492433029691  0.85353433019553826 1031.3855985218872 111.33539231672465 -1.8610598995832059  0.85353433019675162 1031.4122071873917 111.36295846098093 -1.8755028275921184  0.85353433019568048 1031.438804610425 111.39087138073842 -1.8896568346697544  0.85353433019642932 1031.465388174212 111.41912172091557 -1.9035004511718805  0.85353433019603142 1031.4919554911469 111.44769837501028 -1.9170120813169786  0.85353433019617908 1031.5185044380569 111.47658842401233 -1.9301701540865501  0.85353433019614966 1031.5450504199298 111.50385551294487 -1.9410876133890265  0.85353433019619229 1031.5715982714257 111.5312941035523 -1.9515885286245924  0.85353433019596314 1031.598147927223 111.55888965682271 -1.9616592637333927  0.85353433019662239 1031.6246994920928 111.5866267380727 -1.9712868010290148  0.85353433019532543 1031.6512532343224 111.6144891056412 -1.9804588053023497  0.85353433019720293 1031.6778095789957 111.64245979957593 -1.9891636879517092  0.85353433019512359 1031.7043691014842 111.67052123032998 -1.9973906710713953  0.85353433019692071 1031.7309325206811 111.69865526744702 -2.0051298515945017  0.85353433019570879 1031.7575006924963 111.72684332825693 -2.0123722653771567  0.85353433019633007 1031.7840746031318 111.75506646656368 -2.019109951334884  0.85353433019610614 1031.8106553625087 111.7833054613378 -2.0253360155411109  0.85353433019615021 1031.8372388201142 111.81227738947005 -2.0323016020160294  0.85353433019613156 1031.8638229194021 111.84141267091962 -2.0388643645035449  0.85353433019622249 1031.8904067096676 111.87069647780119 -2.0450105045338276  0.8535343301959839 1031.9169894209665 111.90011284542238 -2.0507267329747352  0.85353433019640201 1031.9435704663379 111.92964476672302 -2.0560003609336599  0.85353433019587432 1031.9701494439569 111.95927428669751 -2.0608193907052721  0.85353433019638014 1031.9967261393845 111.98898259684209 -2.0651726066516973  0.85353433019599401 1032.0233005277082 112.0187501295722 -2.0690496661638305  0.85353433019623526 1032.0498727757829 112.04855665266929 -2.0724411905424667  0.85353433019611469 1032.0764432443964 112.07838136370384 -2.0753388559447581  0.85353433019615754 1032.103012490481 112.10820298447406 -2.0777354842870368  0.85353433019615021 1032.1295810211475 112.13773658928541 -2.0799213703409061  0.85353433019606317 1032.1561511241357 112.16735052566126 -2.0816792732590192  0.85353433019648828 1032.1827220907155 112.19702779618225 -2.0829987103836611  0.85353433019537539 1032.2092933882136 112.22675046858288 -2.0838699221976409  0.85353433019738056 1032.2358646597513 112.25649978154198 -2.0842839357279432  0.85353433019469549 1032.2624357240156 112.28625625047485 -2.0842326279436127  0.85353433019746683 1032.2890065749873 112.3159997733248 -2.0837087891620669  0.85353433019522973 1032.3155773817134 112.34570973635331 -2.0827061864453116  0.85353433019663605 1032.3421484880441 112.37536511993342 -2.0812196270059484  0.8535343301959647 1032.3687204123908 112.40494460433912 -2.0792450216056659  0.8535343301961924 1032.3952938474754 112.43442667553826 -2.0767794479581676  0.85353433019614966 1032.4218675325603 112.46400950266217 -2.0743656872967557  0.85353433019619152 1032.4484423785689 112.49360963345597 -2.0715163896754127  0.85353433019595948 1032.475017614702 112.5232085956322 -2.0682236244590291  0.85353433019663982 1032.5015926487374 112.55278707623332 -2.064480319777938  0.85353433019529046 1032.5281670673262 112.58232503756885 -2.0602803114309358  0.85353433019724312 1032.5547406363039 112.61180183315147 -2.0556183918090731  0.85353433019510316 1032.5813133009738 112.64119632363311 -2.0504903587875445  0.85353433019690872 1032.6078851864313 112.6704869927426 -2.044893064657697  0.8535343301957381 1032.6344565978386 112.69965206322037 -2.038824465017532  0.85353433019630864 1032.6610280207481 112.72866961275669 -2.0322836676975093  0.85353433019611336 1032.6876001213882 112.7575176899268 -2.0252709816618326  0.85353433019614966 1032.7673162029439 112.8439642003277 -2.004200780184247  0.85353433019613789 1032.8470440792396 112.92994031896906 -1.9792386632728181  0.85353433019618752 1032.9267810160636 113.01334673648991 -1.9502201615797712  0.8535343301960826 1033.0064133778346 113.1068364165875 -1.9176081367362539  0.85353433019621983 1033.0861871737829 113.15987064590668 -1.878627708315507  0.85353433019611369 1033.166024358015 113.27837922753911 -1.8409967110480732  0.85353433019612579 1033.2455129106879 113.32749112415297 -1.7939400533458447  0.85353433019621638 1033.3253806130201 113.41337369964813 -1.7470949545589201  0.85353433019608438 1033.405072913316 113.48531872134814 -1.6952981047835909  0.85353433019618585 1033.4847823202467 113.55608573387218 -1.6403621822345649  0.85353433019613945 1033.5644995935675 113.62356270938889 -1.5823419544773469  0.85353433019614933 1033.6176444457826 113.66854888710995 -1.5436615664379965  0.85353433019610103 1033.6707943855859 113.71256415008695 -1.5035339872137268  0.85353433019633851 1033.7239453525112 113.75522740289271 -1.4620789429297405  0.85353433019573688 1033.7770876883794 113.79748270544466 -1.4189533335304589  0.85353433019675806 1033.8302230049198 113.83739415035113 -1.3748353805436098  0.8535343301954933 1033.8833649518774 113.87498283585616 -1.3298036526004329  0.85353433019670044 1033.9365198151283 113.91205098787633 -1.2833146681005971  0.85353433019577662 1033.9896743401719 113.94860683032138 -1.2353524510735561  0.8535343301963525 1034.0428140276019 113.98271603050908 -1.1865552461685038  0.85353433019606695 1034.095955382144 114.01536145718468 -1.136718582269209  0.8535343301961702 1034.1491002172309 114.04619258129706 -1.0860300110336545  0.85353433019614966 1034.202245052549 114.07702380105704 -1.0353413914677558  0.85353433019621705 1034.2553949792389 114.1064844211473 -0.98357645884586664  0.85353433019585589 1034.308545940019 114.13424916246123 -0.9309667368863368  0.85353433019688352 1034.3616882633585 114.16110930575505 -0.87689452611584562  0.85353433019486225 1034.4148235814589 114.1854336261479 -0.82260292312624694  0.85353433019783298 1034.4679655434243 114.20726695952504 -0.76815977176573158  0.85353433019447655 1034.5211204136056 114.22815534305063 -0.71249118475202311  0.8535343301974212 1034.5742749342521 114.24810111587551 -0.65557981924272046  0.85353433019542291 1034.6274146250169 114.26546164807731 -0.59863065751716193  0.85353433019644342 1034.6805559796333 114.28110897240724 -0.54114513078863991  0.85353433019608127 1034.78684564785 114.30842610901885 -0.42567493785672994  0.85353433019621516 1034.8399955736422 114.32044856813613 -0.36733973937576475  0.85353433019588554 1034.8931465339776 114.33059709470994 -0.30872515620536833  0.85353433019678049 1034.9462888565333 114.33943335986169 -0.24899920608531978  0.85353433019509251 1034.999424174719 114.34579010026653 -0.18984824202060688  0.8535343301974545 1035.0525661377376 114.34973098461077 -0.13132285015658568  0.85353433019494263 1035.1057210083241 114.35239448735479 -0.071924002475000165  0.85353433019698988 1035.1588755286996 114.35377748288474 -0.01163446571851926  0.85353433019571989 1035.2120152196594 114.35269006278534 0.047892091218960528  0.85353433019629665 1035.265156574292 114.34980755312434 0.10739937478049512  0.85353433019612945 1035.3714462423691 114.34010544320185 0.22565951670981024  0.85353433019615033 1035.4245961680936 114.33351291047329 0.28485472553639124  0.85353433019619762 1035.4777471284208 114.3250518336834 0.34373658036329841  0.85353433019602098 1035.5308894509085 114.31499928249256 0.40326988015309739  0.85353433019633529 1035.5840247691287 114.30276625222163 0.46149013654203008  0.85353433019597291 1035.6371667321819 114.28842891183869 0.51836888511534007  0.85353433019626579 1035.690321602812 114.27260680314124 0.5756836199852684  0.85353433019609282 1035.7434761231605 114.25529161748801 0.63344974470040483  0.85353433019617853 1035.7966158141357 114.23586270226828 0.68972683373163102  0.85353433019612801 1035.8497571687672 114.21473251067006 0.74543087925143892  0.85353433019616676 1035.982619253854 114.15751795014464 0.88227333176169231  0.85353433019610003 1036.0623479611995 114.1194173754475 0.96330735999521355  0.85353433019640512 1036.1420848662572 114.07770852279803 1.0411177248814647  0.85353433019549163 1036.2217199896986 114.03088578695814 1.1286056159705045  0.85353433019730762 1036.3014856600437 113.98405661840152 1.1745908465212769  0.85353433019464231 1036.3813304333937 113.92837570383323 1.2858744964055404  0.85353433019763902 1036.4608146712546 113.87421360704417 1.3269834973503327  0.85353433019502645 1036.5406841801992 113.81450600101219 1.4044919879329623  0.85353433019678593 1036.6203762210516 113.75209315042083 1.467449579264994  0.85353433019589198 1036.7000856434472 113.68676271286644 1.5287532478102936  0.85353433019621361 1036.8329477285336 113.57365899275733 1.6247058988685812  0.85353433019610359 1036.8860976542539 113.52714003470216 1.6619016073852602  0.85353433019633185 1036.9392486145803 113.47952139096434 1.697554481960823  0.85353433019574709 1036.9923909370657 113.43031676407412 1.7325426540515902  0.85353433019676617 1037.0455262552855 113.38049876721249 1.7650605340456706  0.85353433019543157 1037.0986682183441 113.33014138792819 1.7951418517001414  0.85353433019681768 1037.1518230889737 113.27842582975529 1.8244815695058878  0.8535343301956505 1037.2049776093227 113.2253353260806 1.853084702638002  0.85353433019643998 1037.2581173002977 113.17180309708594 1.8791402962932806  0.85353433019602776 1037.3112586549294 113.11747308699367 1.9035877028330366  0.85353433019618141 1037.417548322999 113.00769786310262 1.9486320407623117  0.85353433019611391 1037.4706982487196 112.95196159885434 1.9696321131378438  0.85353433019630176 1037.5238492090455 112.89565623329392 1.9888250416563411  0.85353433019580749 1037.5769915315318 112.8380479124621 2.0068957048273708  0.85353433019666747 1037.6301268497509 112.78061960436646 2.0224274388461376  0.85353433019556424 1037.6832688128084 112.72343125228299 2.0354751860296147  0.85353433019666436 1037.7364236834376 112.66518036229007 2.0473979294705389  0.85353433019579683 1037.7895782037872 112.60584943860569 2.058195257731362  0.85353433019633129 1037.8427178947616 112.54688564214575 2.0664332313608709  0.85353433019608704 1037.8958592493932 112.48766006793842 2.0728952002260774  0.8535343301961561 1038.002148917463 112.36933816001694 2.081812501586966  0.85353433019615732 1038.0552988431839 112.30984044345803 2.0845613044104621  0.85353433019607272 1038.1084498035111 112.25035991756297 2.0854155493067434  0.8535343301963787 1038.1615921259965 112.18998700661335 2.0847998211220862  0.85353433019571701 1038.2147274442145 112.13056987025151 2.0818250547895012  0.85353433019673397 1038.2678694072745 112.07214853969646 2.0765620271179337  0.85353433019555891 1038.3210242779039 112.01306432085909 2.0699007150077176  0.85353433019660208 1038.3741787982531 111.95330070129744 2.0618353207189006  0.85353433019589087 1038.4273184892272 111.89467712461661 2.0514492840532581  0.85353433019625713 1038.4804598438589 111.83635339811326 2.0392932727277842  0.85353433019612057 1038.5867495119276 111.72106697889535 2.0112106499398994  0.85353433019618608 1038.6398994376482 111.66363186109331 1.9954391112262717  0.85353433019597258 1038.6930503979752 111.6067985431379 1.9778710530715444  0.85353433019661951 1038.7461927204597 111.54957076328814 1.9586292052729632  0.85353433019529645 1038.7993280386777 111.49398096189543 1.9374391294845514  0.8535343301972782 1038.8524700017388 111.44004533981671 1.9143805087355097  0.85353433019503877 1038.905624872368 111.38591136709256 1.8897871967343975  0.853534330196974 1038.9587793927167 111.33156513120092 1.8636485768449975  0.85353433019569258 1039.0119190836915 111.2790202584105 1.8356551875322789  0.85353433019633218 1039.0650604383234 111.22730751236284 1.8060711110837573  0.85353433019610214 1039.171350106393 111.12634161980866 1.7437374869288178  0.85353433019620806 1039.2245000321136 111.07659125023196 1.7109894347883587  0.85353433019587843 1039.2776509924397 111.02796838138617 1.676718757507321  0.85353433019682101 1039.330793314926 110.97948758639045 1.6407343162473922  0.85353433019501512 1039.3839286331449 110.93316663705752 1.6034031632407444  0.85353433019754299 1039.4370705962024 110.8889963178909 1.5648060878938348  0.85353433019488045 1039.4902254668316 110.84511160175127 1.524688140714535  0.85353433019701241 1039.5433799871814 110.80150253774333 1.4830349254754995  0.85353433019572611 1039.5965196781558 110.7601798270988 1.4401743714950628  0.85353433019627523 1039.6496610327877 110.72014006538988 1.396058125458582  0.8535343301961521 1039.7559507008573 110.64337794454053 1.3055751493715289  0.85353433019609792 1039.8091006265781 110.60618223600225 1.2590561913093068  0.85353433019648639 1039.8622515869038 110.57052936144333 1.2114375475771895  0.85353433019526159 1039.915393909391 110.53554118931358 1.1622329206729767  0.85353433019768155 1039.9685292276088 110.50302330931885 1.1124149238057768  0.85353433019424796 1040.0216711906671 110.47294199165054 1.0620575445166371  0.85353433019791358 1040.0748260612961 110.44360227387081 1.0103419863522471  0.85353433019490965 1040.1279805816464 110.41499914075118 0.95725148268805371  0.85353433019680258 1040.1811202726201 110.38894354709313 0.90371925369033579  0.85353433019590752 1040.234261627252 110.36449614056137 0.84938924360410595  0.85353433019619862 1040.3405512953216 110.31945180263843 0.7396140197179959  0.85353433019611147 1040.3937012210422 110.29845173026028 0.68387775546840845  0.85353433019627989 1040.4468521813701 110.27925880174585 0.62757238991057651  0.85353433019586156 1040.499994503853 110.26118813857298 0.56996406907898656  0.85353433019662239 1040.5531298220744 110.24565640456224 0.51253576098920517  0.85353433019555314 1040.6062717851316 110.23260865737478 0.45534740890606656  0.85353433019673208 1040.6594266557631 110.22068591392859 0.39709651890545561  0.85353433019570979 1040.7125811761096 110.20988858566459 0.33776559521956712  0.8535343301964029 1040.765720867086 110.20165061203264 0.27880179875532529  0.85353433019604186 1040.8188622217174 110.19518864316696 0.21957622454803113  0.85353433019618052 1040.9251518897875 110.18627134180022 0.10125431661793684  0.85353433019610903 1040.9783018155078 110.1835225389718 0.041756600052888379  0.85353433019632741 1041.0314527758353 110.18266829407852 -0.017723925841901422  0.8535343301957411 1041.0845950983185 110.18328402225347 -0.078096836797697786  0.85353433019678848 1041.1377304165392 110.18625878856813 -0.13751397321002659  0.85353433019540303 1041.1908723795952 110.19152181625566 -0.19593530372508391  0.85353433019682856 1041.244027250227 110.19818312836989 -0.25501952257539084  0.85353433019566105 1041.2971817705741 110.20624852268578 -0.31478314205917307  0.85353433019642622 1041.3503214615494 110.21663455934002 -0.37340671877437637  0.85353433019603309 1041.403462816181 110.22879057067956 -0.43173044523385518  0.85353433019618086 1041.5363249012689 110.2638938491622 -0.57583846925440729  0.85353433019609681 1041.6160536086149 110.28884882769781 -0.66183507717495715  0.85353433019637259 1041.695790513679 110.31787195236026 -0.74521216937183632  0.85353433019562064 1041.7754256370997 110.35043210114436 -0.83894762914470056  0.85353433019701819 1041.8551913074762 110.38949105004963 -0.89169240096498925  0.85353433019508973 1041.9350360807982 110.42707784187428 -1.0103163785092109  0.85353433019713243 1042.0145203186692 110.47414224883124 -1.0593920782795232  0.85353433019545422 1042.0943898276148 110.52098975588532 -1.1452866379481017  0.85353433019651925 1042.174081868465 110.57278546360099 -1.2172326377972165  0.85353433019600922 1042.2537912908606 110.62772156845993 -1.2880014884720827  0.85353433019618308 1042.3866533759481 110.72442249244986 -1.4004661231168627  0.85353433019612579 1042.4398033016691 110.76455003417828 -1.444481059085966  0.85353433019625191 1042.492954261995 110.80600507502764 -1.4871441846472599  0.8535343301959184 1042.5460965844832 110.84913055533588 -1.5293988938163205  0.85353433019650293 1042.5992319026971 110.89324829282909 -1.5693096764234704  0.85353433019574632 1042.652373865762 110.93827993438117 -1.6068982728564407  0.85353433019650804 1042.7055287363862 110.98476904515198 -1.6439668656970308  0.85353433019590297 1042.7586832567381 111.03273140079253 -1.6805230313332562  0.85353433019627434 1042.8118229477113 111.0815285663649 -1.7146321230013044  0.85353433019611202 1042.8649643023437 111.13136526691061 -1.7472776274581483  0.85353433019614833 1042.971253970413 111.23274248872686 -1.808940023262869  0.85353433019616642 1043.0244038961332 111.28450741198073 -1.8384006225785567  0.85353433019602598 1043.0775548564604 111.33711712956737 -1.8661653540470062  0.85353433019650116 1043.1306971789445 111.39118932180881 -1.893025464191467  0.85353433019549896 1043.1838324971663 111.44548089371763 -1.9173497435203701  0.85353433019701186 1043.2369744602199 111.49992404482634 -1.9391830804529426  0.85353433019530922 1043.2901293308523 111.55559264182693 -1.9600714820427638  0.85353433019676372 1043.3432838511994 111.61250402896924 -1.9800172784532557  0.85353433019581626 1043.3964235421763 111.66945318035496 -1.9973777989998529  0.85353433019627523 1043.4495648968084 111.72693871473452 -2.0130251312482894  0.85353433019612501 1043.5558545648803 111.84240891041823 -2.0403422702513643  0.8535343301961682 1043.6090044906016 111.90074410384916 -2.0523647242662992  0.85353433019608027 1043.6621554509238 111.95935869264913 -2.0625132562645456  0.8535343301963273 1043.7152977734163 112.01908463344368 -2.0713495126603165  0.85353433019583558 1043.7684330916306 112.07823560401944 -2.0777062593909301  0.85353433019654557 1043.8215750546724 112.13676098783854 -2.0816471369573311  0.85353433019577885 1043.8747299252991 112.19615984270131 -2.0843106455123426  0.85353433019640679 1043.9278844456555 112.25644937557401 -2.0856936380964131  0.85353433019602876 1043.9810241366379 112.31597593481271 -2.0846062194944448  0.85353433019617564 1044.0341654912786 112.37548321683961 -2.0817237090244571  0.85353433019615976 1044.1404551593841 112.49374336007297 -2.0720215997200864  0.85353433019611791 1044.1936050851082 112.55293856896944 -2.0654290675557947  0.8535343301963445 1044.246756045389 112.61182042683025 -2.0569679905753251  0.85353433019563019 1044.2998983679356 112.67135371932628 -2.0469154398006522  0.8535343301970606 1044.3530336861245 112.72957400284547 -2.0346824142570892  0.8535343301950038 1044.4061756488954 112.7864527190814 -2.0203450680426949  0.85353433019721325 1044.4593305195385 112.84376748245687 -2.0045229622151695  0.85353433019541392 1044.5124850399504 112.90153356188833 -1.9872077688807008  0.85353433019652158 1044.5656247310746 112.9578106803348 -1.9677788585879519  0.85353433019602587 1044.6187660858313 113.01351469975222 -1.9466486629434376  0.85353433019616276 1044.7516281715621 113.15035717229063 -1.8894341066508233  0.85353433019615987 1044.8313568788624 113.23139124726988 -1.8513335380538982  0.85353433019605063 1044.9110937875389 113.30920159442873 -1.8096246649000871  0.853534330196424 1044.9907288867012 113.39668968788834 -1.7628019679414726  0.85353433019566449 1045.0704946146366 113.44267437240971 -1.7159729007491342  0.85353433019676084 1045.1503392900818 113.55395967503625 -1.6602913894928528  0.85353433019557245 1045.2298236220843 113.5950646346045 -1.6061303462564305  0.85353433019656455 1045.3096931084099 113.67257653337919 -1.5464220488380653  0.85353433019592606 1045.3893851480611 113.73553371545439 -1.4840092567067777  0.85353433019623492 1045.4690945602295 113.79683767243949 -1.4186787222779396  0.85353433019613045 1045.5488117958434 113.85440952084522 -1.350816379055918  0.85353433019614966 1045.6019566175296 113.89278984530817 -1.3055751083348617  0.85353433019624558 1045.6551065415742 113.92998484988516 -1.2590564015147201  0.85353433019574554 1045.7082575343911 113.96563857896864 -1.2114373606421014  0.85353433019714753 1045.7613998113075 114.00062398830427 -1.1622338563059127  0.85353433019443636 1045.8145351745945 114.03313885909171 -1.1124175199939563  0.85353433019830915 1045.8676772655358 114.06322153522849 -1.0620599208049379  0.85353433019410685 1045.9208321662384 114.09256610730483 -1.0103419012503678  0.85353433019760927 1045.973986597427 114.12117281713522 -0.95724906740856808  0.85353433019537195 1046.0271262447209 114.14722891151612 -0.90371631429819355  0.85353433019644265 1046.0802675112816 114.17167793470622 -0.84938501861535498  0.85353433019608393 1046.1334122357273 114.19420151464494 -0.79449614738613905  0.85353433019614999 1046.1865569378529 114.21671669307428 -0.7396133335414643  0.85353433019619662 1046.2397068522725 114.2377104351432 -0.68388196250959998  0.85353433019594438 1046.2928581430419 114.25691041172713 -0.62756998484894477  0.85353433019665748 1046.3460000370255 114.27495721147955 -0.56998209690647006  0.85353433019527103 1046.399135825468 114.29046650426608 -0.51257796017332946  0.8535343301972792 1046.4522790421593 114.30352879185169 -0.45538091053714985  0.85353433019505376 1046.5054341532141 114.31548971681522 -0.39709178756857266  0.85353433019696057 1046.5585877421038 114.32631102534576 -0.33773050725414777  0.85353433019569713 1046.6117270260661 114.33455082698575 -0.27876193020436507  0.85353433019632985 1046.6648675949311 114.34102176352258 -0.21952244114870065  0.85353433019610725 1046.7180115219976 114.34548709107894 -0.16034945468340361  0.85353433019614966 1046.7445833899378 114.34769335497421 -0.13079902299362661  0.85353433019622171 1046.7711568116908 114.3494742855963 -0.10116323198050413  0.85353433019584346 1046.7977310067317 114.35081919888562 -0.071458920543443757  0.85353433019690728 1046.8243053700389 114.35171811416464 -0.041703891117200048  0.85353433019483649 1046.8508794726031 114.3521618208345 -0.0119168043762964  0.85353433019782976 1046.8774530621122 114.35214194507954 0.01788292605841036  0.85353433019453195 1046.9040260633763 114.35165101655959 0.047675238914580288  0.85353433019733038 1046.9305985790638 114.35068253511777 0.077439530563665621  0.85353433019550429 1046.9571708901344 114.34923103747201 0.1071547603136606  0.85353433019640068 1046.9837434565131 114.34729216392076 0.13679955570560073  0.85353433019609115 1047.0103169176077 114.34486272503848 0.16635231780646706  0.85353433019615021 1047.0368906181634 114.34248308854526 0.19600192602570346  0.85353433019611236 1047.0634648386138 114.33966167456649 0.22566103224380191  0.85353433019630409 1047.0900389174749 114.33639082127451 0.25531069134931589  0.85353433019577751 1047.1166123780347 114.33266376950877 0.28493116057757445  0.85353433019678038 1047.1431849270875 114.32847470638438 0.31450201809833522  0.85353433019534841 1047.169756453631 114.32381880890196 0.34400228159487428  0.85353433019694147 1047.1963270276326 114.31869228755971 0.37341052685712628  0.85353433019553593 1047.2228968986917 114.31309242995729 0.40270500635607165  0.85353433019651459 1047.2494664948285 114.30701764441353 0.43186376783859126  0.85353433019599489 1047.2760364211485 114.30046750356821 0.46086477290407629  0.85353433019618807 1047.3026074586048 114.29344278799748 0.48968601559421848  0.85353433019614966 1047.3291781189653 114.28636214433625 0.51833715378084366  0.8535343301962397 1047.3557516405276 114.27886431833284 0.54696785245639712  0.8535343301957854 1047.3823268861238 114.27094320189907 0.57556007713679569  0.85353433019697822 1047.408902874588 114.26259353940929 0.60409493159555538  0.85353433019485225 1047.4354787864572 114.25381097703153 0.63255277260863774  0.8535343301976549 1047.4620539697034 114.24459211205884 0.66091332470262676  0.85353433019481229 1047.4886279454306 114.23493454224163 0.68915579489607737  0.85353433019706548 1047.5152004136 114.22483691511754 0.71725898745110883  0.85353433019567371 1047.5417712587434 114.21429897734498 0.74520141861316014  0.85353433019632674 1047.5683405556706 114.20332162403255 0.77296143136152595  0.85353433019610991 1047.5949085751924 114.19190694807213 0.80051731015209593  0.85353433019615021 1047.6214762157476 114.18046128574964 0.82788196755073229  0.8535343301961742 1047.6480437680461 114.16857582042323 0.85499390579882328  0.8535343301960443 1047.6746120386272 114.15625478236838 0.88183154061787461  0.8535343301964069 1047.7011820048995 114.14350356828837 0.90837356963633531  0.85353433019571356 1047.7277547986785 114.13032868221559 0.93459906391570557  0.85353433019669656 1047.7543316898054 114.11673767642925 0.96048755950054299  0.85353433019562996 1047.780914069649 114.10273909235181 0.98601914893256859  0.85353433019652325 1047.8075034347421 114.08834240146729 1.0111745728089612  0.85353433019594971 1047.8341013702941 114.0735579462217 1.0359353112957042  0.85353433019622682 1047.8607095337952 114.05839688093501 1.0602836756787344  0.85353433019613167 1047.8873296385659 114.04287111270733 1.0842028998890025  0.85353433019614955 
1029.295983991429 112.14889194012494 0.52547925983188337  1.0383466998475068 1029.3175486107766 112.13128800806169 0.52424169099840467  1.0383466998474808 1029.3407502543084 112.11066526017933 0.5223126855279403  1.0383466998476161 1029.3659163228222 112.08647908963069 0.51951459402796252  1.038346699847235 1029.3937971262185 112.05749861352457 0.51515143183397538  1.0383466998479622 1029.4245832819786 112.02340060485672 0.50923463291892423  1.0383466998469466 1029.4594396433613 111.98227117787454 0.50073896925643802  1.0383466998480277 1029.499987917291 111.93147569974751 0.48775170701278059  1.0383466998471467 1029.5475078076254 111.86896094634751 0.4683729944013908  1.0383466998476774 1029.6045569058626 111.79060537591211 0.43907384309242931  1.0383466998474684 1029.7135705224844 111.63479765418694 0.36384289175890461  1.0383466998475079 1029.8597250900173 111.42160942832125 0.18704324286955085  1.0383466998475357 1029.9127746664963 111.3439969493989 0.11404061407885785  1.038346699847289 1029.9694310221225 111.2613723481029 0.021998307829808179  1.0383466998480171 1030.0293914202271 111.17436953979991 -0.090942152465486634  1.038346699846767 1030.0906790387985 111.08675583233918 -0.2313943935339145  1.0383466998482411 1030.1478342930268 111.00814424016123 -0.40482219196224384  1.0383466998470017 1030.1932846581399 110.95096587294755 -0.60399306571961953  1.0383466998477273 1030.2221824308917 110.92232606277078 -0.81014559499587779  1.0383466998474746 1030.2510963906936 110.9134406504145 -1.2110691331040289  1.0383466998474964 1030.2322981969639 110.9823230962768 -1.5562734080522675  1.0383466998475599 1030.213640218702 111.03117481116885 -1.706528727929971  1.0383466998472239 1030.1904190159946 111.08632465003224 -1.8319762834826683  1.0383466998481057 1030.1660621037158 111.14211751220995 -1.9352193665793749  1.0383466998467059 1030.1422808594089 111.19592882401895 -2.0208299035527704  1.0383466998482391 1030.1197471002815 111.24685776010271 -2.0927257987609593  1.0383466998470459 1030.0987869835476 111.29449850157182 -2.1533228852912387  1.0383466998476918 1030.0795998062524 111.3386208163995 -2.2043880664946744  1.0383466998474786 1029.9922213066643 111.54283902336292 -2.4231735146270648  1.0383466998475592 1029.9458399428977 111.66998191680969 -2.4896490452608573  1.0383466998474258 1029.92929451844 111.73729759171745 -2.5321723155884586  1.0383466998476438 1029.9165440612824 111.79812581152649 -2.5553098192021881  1.0383466998473663 1029.9135511129757 111.8432493465418 -2.5737845590977155  1.0383466998475919 1029.9151021198504 111.88157017981479 -2.5885285794230075  1.0383466998474844 1029.9176912955961 111.91891255698839 -2.5975202455643345  1.0383466998475031 1029.9253405722211 111.94878145839492 -2.6061566519009745  1.0383466998475088 1029.9341536340764 111.97764960169232 -2.6122096691366128  1.0383466998475102 1029.945025090992 112.00407807195994 -2.6170141714269874  1.0383466998475039 1029.9574926410899 112.028854558161 -2.6206887752097332  1.0383466998475075 1029.993017304279 112.05933661712552 -2.6204046950292126  1.0383466998475142 1030.0277318791332 112.0900382798864 -2.6198178614656413  1.0383466998474717 1030.0615951156108 112.12104204320524 -2.6189878486901073  1.0383466998476214 1030.0945524360247 112.15245793393831 -2.6179702735535102  1.0383466998472517 1030.1265403803297 112.18441643571245 -2.6168214972377184  1.0383466998478872 1030.1574859641205 112.21707000849871 -2.6156007143079654  1.0383466998471194 1030.1873009494832 112.25060320108457 -2.6143694292473514  1.0383466998477857 1030.2158710285282 112.28525135644499 -2.613188320346671  1.0383466998473641 1030.2430399197792 112.3213279100104 -2.6121114911104932  1.0383466998475568 1030.2685883772683 112.35926028083482 -2.6111781090133981  1.0383466998474966 1030.2922081124448 112.39963435566072 -2.6104014317457036  1.0383466998475068 1030.3167149082142 112.43827487755053 -2.6091626833253194  1.0383466998475457 1030.3416550859588 112.47634240836389 -2.6071291938088512  1.0383466998473649 1030.3670256292069 112.51384195590948 -2.6043358996239068  1.038346699847807 1030.3928225598565 112.55077983717776 -2.600814493386336  1.0383466998470523 1030.4190410696449 112.58716339687267 -2.5965936079327392  1.0383466998480271 1030.4456756517143 112.62300072594462 -2.5916990003743914  1.038346699847061 1030.4727202320278 112.65830038012115 -2.5861537361200071  1.0383466998477864 1030.5001683009764 112.69307109844073 -2.5799783729354289  1.0383466998473809 1030.5280130447852 112.72732152178344 -2.573191144967522  1.0383466998475475 1030.5562474770936 112.76105991140378 -2.5658081467964386  1.0383466998474979 1030.5848645704116 112.79429386746277 -2.5578435174695899  1.0383466998475075 1030.611692175017 112.83112758829608 -2.5502804121383029  1.03834669984748 1030.6383800255419 112.86800208895865 -2.5421591594806907  1.0383466998475959 1030.664932954423 112.90490305065262 -2.5334735378208313  1.0383466998473323 1030.6913562834093 112.94181498704999 -2.5242176471043294  1.0383466998477391 1030.7176558140904 112.97872131262982 -2.5143860153419491  1.0383466998472808 1030.7438378184718 113.01560441103116 -2.5039737050145687  1.0383466998476782 1030.7699090294823 113.05244570338375 -2.4929764195352435  1.0383466998473949 1030.7958766315583 113.08922571666535 -2.4813906096426406  1.0383466998475734 1030.8217482511584 113.12592415203228 -2.4692135798621111  1.0383466998474757 1030.8475319473305 113.16251995317228 -2.4564435949119634  1.0383466998475153 1030.8732362022447 113.19899137464218 -2.443079986146099  1.0383466998475068 1030.8999124858904 113.23350652230687 -2.4298216598106235  1.0383466998475552 1030.9265856832947 113.26781976671208 -2.4160283162624205  1.0383466998472992 1030.9532626323314 113.3019138359525 -2.4017029473628231  1.0383466998480317 1030.9799502463432 113.33577147147945 -2.3868492991541626  1.0383466998465949 1031.0066554844063 113.3693754970426 -2.3714718438657982  1.0383466998486657 1031.0333853215413 113.40270888763263 -2.355575751934559  1.0383466998463884 1031.0601467190077 113.43575483842052 -2.3391668640017995  1.0383466998483317 1031.0869465944911 113.46849683370343 -2.3222516629408085  1.0383466998470521 1031.1137917924043 113.50091871584154 -2.3048372458524522  1.0383466998476838 1031.1406890540891 113.53300475420417 -2.2869312960877037  1.0383466998474655 1031.1676449880877 113.56473971410858 -2.2685420552517996  1.0383466998475075 1031.1942357693595 113.59719650949147 -2.2500010683681788  1.0383466998474615 1031.2207864414304 113.62940834311458 -2.2309428714453627  1.0383466998476962 1031.2473039060756 113.66135767314162 -2.2113714665889663  1.0383466998470567 1031.2737952759801 113.69302681239624 -2.1912917048754812  1.0383466998482385 1031.3002678418759 113.72439801760008 -2.1707092674472603  1.0383466998466411 1031.3267290396648 113.75545357859792 -2.1496306465883066  1.0383466998482878 1031.353186417565 113.78617590760238 -2.1280631268256531  1.0383466998469568 1031.379647603226 113.81654762841478 -2.1060147660038719  1.0383466998478055 1031.4061202708776 113.84655166566965 -2.0834943763818412  1.0383466998473905 1031.4326121084498 113.87617133406007 -2.0605115057150556  1.0383466998475332 1031.4591307847118 113.90539042757565 -2.0370764183451726  1.0383466998475075 1031.485774708904 113.93437344672996 -2.0137317095137819  1.0383466998474418 1031.5123882381408 113.9630253894485 -1.989923059178625  1.0383466998477513 1031.5389782009768 113.99132998625437 -1.9656575183556408  1.0383466998469721 1031.5655515998378 114.01927102398164 -1.9409429534238791  1.0383466998483073 1031.5921155792159 114.0468324227282 -1.9157880096117765  1.0383466998466335 1031.6186773937859 114.07399831282419 -1.8902020745358068  1.0383466998482265 1031.6452443766473 114.10075311177917 -1.864195241658797  1.0383466998470485 1031.671823907403 114.12708160125288 -1.8377782738494914  1.0383466998477342 1031.6984233804117 114.15296900400466 -1.810962566836706  1.0383466998474224 1031.72505017289 114.17840106085849 -1.7837601127539144  1.0383466998475268 1031.7517116131194 114.2033641076589 -1.7561834636205378  1.0383466998475068 1031.7783333010966 114.22839671060493 -1.7285667806635361  1.0383466998475441 1031.8049221320025 114.25303112292011 -1.7005407416919931  1.0383466998473285 1031.8314849763615 114.27725221659057 -1.6721148102091214  1.0383466998479876 1031.8580288882954 114.30104503410203 -1.6432992632564585  1.0383466998466351 1031.8845610732478 114.32439486117399 -1.6141051435846689  1.0383466998486437 1031.9110888556982 114.34728729950055 -1.584544211793524  1.0383466998464068 1031.9376196468936 114.36970833947971 -1.5546288985179586  1.0383466998482989 1031.9641609125579 114.39164443295833 -1.5243722565573712  1.0383466998470874 1031.990720140622 114.41308256596027 -1.493787913063048  1.0383466998476645 1032.0173048089407 114.43401033142882 -1.4628900216761127  1.0383466998474709 1032.0439223530143 114.45441600195956 -1.4316932147001213  1.0383466998475068 1032.123811082188 114.51557632947554 -1.3381485829402815  1.0383466998474458 1032.2034095711488 114.57261965754029 -1.2415335810639705  1.0383466998477495 1032.2837425770274 114.62456372525517 -1.1429144134002731  1.0383466998469393 1032.3579631518539 114.67640655535099 -1.0364366496693675  1.0383466998484419 1032.4528135595758 114.70727887975612 -0.94579604544964668  1.0383466998463491 1032.5119916915426 114.76164121351992 -0.82224219646339236  1.0383466998485946 1032.6068222306503 114.78222840240494 -0.72794447780673976  1.038346699846733 1032.6810499337171 114.81458866406983 -0.61452149158524316  1.0383466998479172 1032.7613765157289 114.83660661814081 -0.50510956924560491  1.0383466998473521 1032.8409612493565 114.85404377875062 -0.39424291957656299  1.0383466998475412 1032.9208447470046 114.86607663759449 -0.28311638013670726  1.0383466998475064 1032.9740998697973 114.87409899000563 -0.20903102094554124  1.038346699847432 1033.0272255218413 114.87987113824595 -0.13455980094849909  1.0383466998478024 1033.0804029225537 114.88329454948365 -0.059976959911978212  1.0383466998468611 1033.1330720796382 114.88455598939431 0.015269107952249859  1.0383466998484439 1033.1862809293516 114.88323520979615 0.089926574898693407  1.0383466998465436 1033.240003090307 114.87937228514581 0.16393681770166429  1.0383466998482378 1033.2932199023132 114.87339010195579 0.23835253235788634  1.0383466998470841 1033.3458941078659 114.86528238425082 0.31313904418125466  1.0383466998476969 1033.3990671526749 114.85461755307557 0.38705656593075288  1.0383466998474418 1033.4521896315646 114.84167366846171 0.46062706518318391  1.0383466998475208 1033.505444888877 114.82640968842104 0.53356518540972386  1.0383466998475068 1033.5587001085851 114.81114571638668 0.60650338112194291  1.0383466998475717 1033.6118258623192 114.7936224480726 0.67911319522263736  1.0383466998472264 1033.6650033006563 114.77383091893083 0.75110350305455664  1.0383466998481976 1033.7176726535567 114.751778284526 0.82305616725495057  1.0383466998463189 1033.7708817309028 114.72745174758911 0.89365103821368264  1.0383466998490138 1033.8246039369867 114.7009075111818 0.96284517607568654  1.0383466998460709 1033.87782059711 114.67222239088969 1.0317704414443714  1.0383466998485427 1033.9304946893139 114.64140115622989 1.1003914414756353  1.0383466998469411 1033.9836677699857 114.60841653528453 1.1673954983540484  1.0383466998477375 1034.0367902225196 114.57337162551606 1.2333653730236813  1.0383466998474411 1034.1433006791347 114.49925954523792 1.3626683763928276  1.0383466998475928 1034.1964264381611 114.46015626153314 1.4263094145049422  1.0383466998470994 1034.2496038829045 114.41908717244011 1.4886603341164282  1.0383466998485325 1034.3022732446952 114.37587927921193 1.5502767278215774  1.0383466998457225 1034.3554823427548 114.33092836751622 1.6098990875691908  1.0383466998498034 1034.4092045448888 114.28430113384857 1.6675040114902682  1.0383466998452695 1034.462421200476 114.23572088270943 1.7241916537179274  1.0383466998491646 1034.5150952807837 114.18520308080926 1.7799298391184175  1.0383466998465947 1034.5682683672048 114.13312745491605 1.8334616651933502  1.0383466998478459 1034.6213908158727 114.07941194901711 1.8853732785358994  1.0383466998474511 1034.7279012713539 113.96897034527326 1.9854458520789535  1.0383466998475226 1034.7810270327593 113.91211475252996 2.03388849271309  1.0383466998475472 1034.834204475005 113.8537882313816 2.0804966989809328  1.0383466998473521 1034.8868738408719 113.79365457434412 2.1257453913684632  1.0383466998477835 1034.9400829365918 113.73247939237315 2.1685590337741276  1.0383466998471615 1034.9938051414322 113.67033336035871 2.2089359597286018  1.0383466998478379 1035.047021794617 113.60661334867905 2.2478369922325516  1.0383466998472553 1035.0996958754693 113.54134401774135 2.2852362962246078  1.0383466998476607 1035.1528689616769 113.47527491031413 2.3200558353014635  1.0383466998474316 1035.2059914102902 113.40814685752405 2.3528277092778112  1.038346699847535 1035.3391294795308 113.23819644134689 2.4291356353508915  1.0383466998474453 1035.4187210222881 113.13383598406116 2.4703735324892921  1.0383466998477993 1035.4990644044717 113.02832278769725 2.5062392590316334  1.0383466998467663 1035.5731984429622 112.91490103459707 2.5408918381961092  1.0383466998488056 1035.6681481952305 112.82071351560066 2.5570683148376618  1.0383466998458115 1035.7272889525555 112.69011298202815 2.5914976066886863  1.0383466998491915 1035.8221299241104 112.5937778766997 2.5970629778311594  1.0383466998462234 1035.8963545584659 112.47668021070774 2.6112840862458109  1.0383466998482476 1035.9766805995116 112.36517071707679 2.6159160909608765  1.0383466998471966 1036.0562646881376 112.25294000005216 2.6157956196560708  1.0383466998475883 1036.1894027573751 112.06686999695005 2.6066306052662886  1.0383466998474455 1036.2425285189511 111.99241290239983 2.6006817496712742  1.0383466998477624 1036.2957059610117 111.91821284470659 2.5923956498760061  1.0383466998469257 1036.348375327166 111.84369627135783 2.5818703902590778  1.0383466998484161 1036.4015844226849 111.77016506809869 2.5688868212690661  1.038346699846441 1036.455306627729 111.69767038968365 2.5534937386295393  1.038346699848478 1036.5085232807396 111.62510635311793 2.535944070253878  1.0383466998468105 1036.5611973616562 111.55250866526421 2.5162369851549222  1.0383466998478967 1036.6143704478354 111.48116961912481 2.494140203488052  1.0383466998473443 1036.6674928964558 111.41052970348058 2.4698467164665905  1.0383466998475488 1036.7740033518435 111.27122494848568 2.416874524659316  1.0383466998474633 1036.827129113414 111.20225034099441 2.3882083192128549  1.0383466998476896 1036.8803065554769 111.13424243827602 2.3573986911972007  1.0383466998470843 1036.9329759216232 111.06662544969278 2.3243616869239991  1.0383466998481727 1036.9861850171358 111.00070526313684 2.2892911876029727  1.0383466998467248 1037.0399072221778 110.93651545096363 2.2522494084195674  1.038346699848214 1037.0931238751953 110.8729260969272 2.2131351614746295  1.038346699847013 1037.1457979561221 110.80997141704788 2.1719586904800723  1.0383466998477626 1037.1989710422981 110.74895223340258 2.1288984246658931  1.0383466998474196 1037.252093490923 110.68927678166962 2.0839650111184858  1.0383466998475155 1037.3586039463144 110.57315939418481 1.9905379262301548  1.0383466998475175 1037.4117297078828 110.51641898891498 1.9419604188464021  1.0383466998474058 1037.4649071499496 110.4612603285272 1.8916431236685871  1.0383466998478015 1037.5175765160909 110.40716174668034 1.8393282668911566  1.038346699846951 1037.5707856116187 110.35530530401516 1.7856037820779784  1.0383466998482676 1037.6245078166471 110.30570370411677 1.7305392137722611  1.0383466998467263 1037.6777244696707 110.25731360162759 1.6736891632818456  1.0383466998481103 1037.7303985505791 110.21016437237385 1.6150739462462231  1.0383466998471593 1037.783571636762 110.16543803407914 1.5552652351287914  1.03834669984765 1037.8366940853771 110.12256849523234 1.4940902906308089  1.03834669984747 1037.9432045407666 110.04100485417395 1.3693536066714664  1.0383466998475499 1037.996330302343 110.00205279734431 1.3056199022428965  1.0383466998473025 1038.0495077444034 109.96514269326181 1.2407203473260946  1.0383466998480462 1038.1021771105586 109.92985806430178 1.1742485807460699  1.0383466998465243 1038.1553862060773 109.89714143539767 1.1071290373186908  1.0383466998488178 1038.2091084111223 109.86698339801389 1.0394317835162159  1.0383466998461963 1038.2623250641334 109.83852930743055 0.9704108085019133  1.0383466998485016 1038.3149991450503 109.81180082391768 0.90009451128826135  1.0383466998469408 1038.3681722312299 109.78774545657271 0.82939184821327194  1.0383466998477398 1038.4212946798502 109.76587819978748 0.75796360257791806  1.0383466998474424 1038.5278051352384 109.72685232262896 0.61412741526478232  1.0383466998475894 1038.5809308968091 109.70950151293387 0.54147621282394376  1.0383466998471143 1038.6341083388716 109.69445298333113 0.46834721879659763  1.0383466998484825 1038.6867777050188 109.68143621253903 0.39422526203369562  1.0383466998458497 1038.7399868005343 109.67106192900556 0.32028078854994674  1.0383466998495632 1038.7937090055746 109.6632995329242 0.24657752811202724  1.038346699845595 1038.8469256585909 109.65756673891734 0.17214188252448312  1.0383466998488478 1038.8995997395164 109.65387537132352 0.097007554230515144  1.0383466998468189 1038.9527728256919 109.65284568189568 0.02233180847318527  1.0383466998477291 1039.0058952743159 109.65412122661795 -0.052357843945894531  1.0383466998474977 1039.1124057297052 109.66145323812842 -0.20121384642915333  1.0383466998474469 1039.165531491273 109.6674020937194 -0.27567094099495143  1.0383466998479296 1039.2187089333393 109.6756881935171 -0.34987099867596816  1.0383466998463688 1039.2713782994801 109.68621345312863 -0.42438757205359007  1.0383466998495072 1039.3245873949982 109.69919702211962 -0.49791877531533257  1.0383466998449669 1039.3783096000352 109.71459010475967 -0.57041345373983299  1.0383466998499238 1039.4315262530565 109.73213977313772 -0.6429774902869515  1.0383466998457649 1039.4842003339786 109.75184685823719 -0.7155751781293499  1.0383466998484401 1039.5373734201564 109.77394363990382 -0.78691422427146773  1.0383466998471615 1039.59049586878 109.79823712692507 -0.85755413990860252  1.0383466998475701 1039.6970063241708 109.85120931873173 -0.99685889489779766  1.0383466998474726 1039.75013208574 109.87987552417789 -1.0658335023912988  1.0383466998475712 1039.8033095278063 109.91068515219385 -1.1338414051056851  1.0383466998474171 1039.8559788939485 109.94372215646537 -1.2014583936913084  1.0383466998476105 1039.9091879894677 109.97879265578739 -1.2673785802383011  1.0383466998473989 1039.962910194507 110.01583443496723 -1.3315683924159507  1.0383466998476096 1040.0161268475244 110.05494868191624 -1.3951577464565683  1.0383466998474178 1040.0688009284465 110.09612515290938 -1.4581124263397858  1.0383466998475726 1040.1219740146228 110.13918541872567 -1.5191316099875307  1.0383466998474671 1040.1750964632472 110.18411883227274 -1.5788070617210102  1.0383466998475261 1040.2816069186349 110.27754591716393 -1.6949244492125264  1.0383466998474713 1040.3347326802009 110.32612342454985 -1.7516648544880762  1.0383466998476738 1040.3879101222676 110.37644071972768 -1.8068235148727487  1.0383466998471225 1040.4405794884065 110.42875557650724 -1.8609220967299027  1.0383466998481061 1040.4937885839131 110.48248006134004 -1.9127785394215897  1.0383466998467956 1040.5475107889583 110.53754462963271 -1.9623801392986975  1.0383466998481816 1040.6007274419774 110.59439468012854 -2.0107702417874007  1.0383466998469906 1040.6534015229149 110.65300989713067 -2.0579194709966986  1.0383466998478179 1040.7065746090852 110.71281860826292 -2.1026458093107214  1.0383466998473665 1040.7596970577167 110.77399355274061 -2.1455153481326716  1.0383466998475499 1040.8928351269549 110.92991440768759 -2.247469899456787  1.0383466998474249 1040.9724266697044 111.02653898620089 -2.3045256619697723  1.0383466998478685 1041.0527700519044 111.12514250426855 -2.356455722316988  1.0383466998466446 1041.1269040903192 111.23174698977547 -2.4084247420837253  1.0383466998489164 1041.2218538426662 111.32224434557379 -2.4391362335045894  1.0383466998458069 1041.2809945999891 111.44585104197154 -2.4935720682611207  1.0383466998490518 1041.3758355714695 111.54012948656786 -2.514139051180126  1.038346699846445 1041.4500602058968 111.65356081438036 -2.5465031848212067  1.0383466998480491 1041.5303862469236 111.76297283595305 -2.5685220898707728  1.0383466998473123 1041.6099703355612 111.87384065245723 -2.5859598539368589  1.0383466998475455 1041.7431084048008 112.05905354917569 -2.6060154374782742  1.0383466998474871 1041.7962341663663 112.13352455939916 -2.6117874779303785  1.0383466998475697 1041.849411608435 112.20810732282693 -2.6152108400978662  1.0383466998473923 1041.9020809745725 112.28335298689595 -2.6164721241950906  1.0383466998476349 1041.9552900700949 112.35800997668832 -2.6151512189239465  1.0383466998474205 1042.009012275129 112.43202013397929 -2.6112883169182046  1.0383466998475215 1042.0622289281494 112.50643615980654 -2.6053062303147652  1.0383466998475452 1042.1149030090687 112.58122291696465 -2.5971985525997336  1.038346699847458 1042.1680760952465 112.65514035928724 -2.5865337045008969  1.038346699847541 1042.2211985438687 112.72871091899187 -2.5735898280317384  1.0383466998474871 1042.3277089992571 112.87458727777589 -2.5430618766324695  1.0383466998475472 1042.380834760829 112.94719707590295 -2.5255386055696292  1.0383466998472697 1042.4340122028871 113.01918737617289 -2.5057470750761306  1.0383466998481521 1042.4866815690482 113.09114001348306 -2.4836944385948572  1.0383466998463264 1042.5398906645216 113.1617348480281 -2.4593679044163732  1.038346699849082 1042.5936128696153 113.23092898791015 -2.4328236699571226  1.0383466998459285 1042.6468295225802 113.29985426787016 -2.4041385508466515  1.0383466998487063 1042.6995036035762 113.36847529025447 -2.3733173122440716  1.0383466998468303 1042.7526766897056 113.43547933623061 -2.3403326930798753  1.0383466998477664 1042.8057991383721 113.50144921856044 -2.3052877818069781  1.0383466998474586 1042.9123095937371 113.63075222441898 -2.2311757007435666  1.0383466998475348 1042.9654353552962 113.6943932575555 -2.1920724180548552  1.0383466998474373 1043.0186127972909 113.75674418255562 -2.1510033276844869  1.0383466998476572 1043.0712821636105 113.81836056746673 -2.1077954366084679  1.0383466998472703 1043.1244912584532 113.87798293347488 -2.0628445234772155  1.0383466998477633 1043.1782134642883 113.93558785026326 -2.0162172920222563  1.0383466998473154 1043.2314301165761 113.99227549870747 -1.9676370388624729  1.0383466998475941 1043.2841041986505 114.04801368086684 -1.9171192381275404  1.0383466998474991 1043.3372772840776 114.10154550872005 -1.8650436114510971  1.0383466998474868 1043.3903997333744 114.15345712099679 -1.8113281061544635  1.0383466998475221 1043.496910188366 114.2535296954234 -1.7008865018670507  1.0383466998474808 1043.5500359496921 114.30197233642178 -1.6440309092964203  1.0383466998476512 1043.6032133908973 114.34858054372442 -1.58570438626471  1.0383466998471289 1043.6558827592416 114.39382923358346 -1.5255707337298823  1.0383466998481652 1043.709091845255 114.43664288919821 -1.4643955374264506  1.0383466998466879 1043.7628140615536 114.47701979917383 -1.40224952240865  1.0383466998482465 1043.8160307047365 114.51592084431854 -1.3385294948705959  1.0383466998470199 1043.8687048017782 114.55332012638712 -1.2732601879369603  1.0383466998477298 1043.9218778775492 114.58813967972851 -1.2071910649074613  1.0383466998474498 1043.9750003354939 114.62091154133101 -1.1400630261031486  1.0383466998475017 1044.1081383977478 114.69721947785449 -0.97011259966200758  1.0383466998475464 1044.1877299238836 114.73845739657297 -0.86575211688009812  1.0383466998472906 1044.2680733128007 114.77432310560745 -0.76023892365932333  1.0383466998480473 1044.3422072751705 114.8089757759375 -0.64681706200773981  1.0383466998466062 1044.4371572365988 114.82515212629255 -0.55262991455403665  1.0383466998486046 1044.4962973741185 114.85958165873271 -0.42202815553886719  1.0383466998464832 1044.591139815386 114.86514614122913 -0.32569587256604704  1.0383466998482433 1044.6653632269406 114.87936813899869 -0.20859590867469807  1.0383466998471065 1044.7456894124387 114.88400002162307 -0.097086680853790214  1.0383466998476611 1044.8252733944257 114.88387959935903 0.01514424639646351  1.0383466998474715 1044.9051561396507 114.87838061589795 0.12678644615024159  1.0383466998475068 1044.958411637673 114.87471445140187 0.20121392716847661  1.0383466998476214 1045.011537662296 114.86876547334957 0.27567050582148689  1.0383466998470252 1045.0647147684119 114.86047947946122 0.34987121924410303  1.0383466998486921 1045.1173851901337 114.8499538036054 0.42438572414211401  1.0383466998454776 1045.1705954797051 114.8369700892987 0.49791449011194877  1.0383466998500641 1045.2243171913499 114.82157746253864 0.57041004122255534  1.0383466998450763 1045.2775319240297 114.80402821395579 0.64297791133954851  1.0383466998492616 1045.3302045343653 114.78432107757116 0.71557864211663569  1.0383466998465574 1045.3833773902138 114.76222415392573 0.78691819641892469  1.0383466998478725 1045.4364991562352 114.73793046905487 0.85755958442237923  1.0383466998474224 1045.489753785565 114.71144408769634 0.92721330442844452  1.0383466998475073 1045.5430120491988 114.68495808129745 0.99685969741286806  1.0383466998475577 1045.5961406294273 114.65629233433111 1.0658286495131986  1.0383466998472892 1045.6493144629985 114.62548169304478 1.1338432092445669  1.0383466998480313 1045.7019951924201 114.59244733193476 1.2014382388699512  1.0383466998466304 1045.7552154703699 114.55738294694892 1.2673356549376631  1.0383466998485795 1045.8089308666727 114.52034257014195 1.3315371756274474  1.0383466998465369 1045.8621283122268 114.48122052447403 1.3951639412808632  1.0383466998481561 1045.914789618347 114.44003459100527 1.4581448391778327  1.0383466998471869 1045.9679614392398 114.39697183869836 1.5191670680820446  1.0383466998476196 1046.0210790946055 114.3520327684343 1.5788534213261467  1.0383466998474826 1046.0743309439947 114.3053134486898 1.6369209501996753  1.0383466998475068 1046.1009725508443 114.28196509849349 1.6659251466963645  1.0383466998475612 1046.1275807056963 114.25815110737337 1.6946013937824922  1.0383466998472801 1046.1541622188274 114.23387838348539 1.7229333679037162  1.0383466998480615 1046.1807240851042 114.20915465892948 1.7509047787966301  1.0383466998465603 1046.2072734521521 114.18398845496185 1.7784994484397858  1.0383466998486903 1046.2338175884495 114.15838904717261 1.8057013899968097  1.0383466998464144 1046.2603638515322 114.13236643071595 1.8324948867695627  1.0383466998482487 1046.2869196560639 114.1059312854748 1.8588645711406528  1.0383466998471442 1046.3134924420408 114.07909494129333 1.8847955035258068  1.0383466998476276 1046.340089642885 114.05186934315107 1.9102732513180396  1.038346699847482 1046.366718653614 114.02426701637839 1.9352839678378728  1.0383466998475075 1046.3933094540471 113.99662620930413 1.9603615410481496  1.0383466998474438 1046.4198724278535 113.96857739143036 1.9850346042273579  1.0383466998477726 1046.446414579169 113.94013035848479 2.0092879701540252  1.0383466998468664 1046.4729430797711 113.91129571271946 2.0331066658634409  1.0383466998485784 1046.4994652360879 113.88208481129114 2.0564760028124143  1.0383466998461808 1046.5259884562188 113.85250971461207 2.0793816469872306  1.0383466998487654 1046.552520216929 113.82258313474385 2.1018096890967497  1.0383466998465753 1046.5790680306879 113.79231838373994 2.1237467146609212  1.0383466998480404 1046.6056394126531 113.7617293220388 2.1451798742053567  1.0383466998472841 1046.6322418477055 113.73083030681556 2.1660969533670924  1.0383466998475614 1046.6588827574471 113.69963614036179 2.1864864430613409  1.0383466998475068 1046.6855865010232 113.66852169006418 2.2067772785476603  1.0383466998476107 1046.7122397328155 113.63705643563604 2.2266308715029757  1.0383466998470827 1046.7388488755971 113.60525094403297 2.2460337826261352  1.0383466998484858 1046.7654205890638 113.57311660318396 2.2649727233141181  1.0383466998459467 1046.7919617403807 113.54066557555558 2.2834346301901514  1.0383466998493562 1046.8184793747369 113.50791075170478 2.3014067396521316  1.0383466998458177 1046.8449806858898 113.47486570384947 2.3188766623867538  1.0383466998487021 1046.8714729867165 113.44154463941646 2.3358324579303584  1.0383466998468631 1046.8979636797665 113.40796235461316 2.3522627091781763  1.0383466998477553 1046.9244602278036 113.3741341879787 2.3681565969397163  1.0383466998474491 1046.9509701243639 113.34007597394967 2.3835039744610107  1.0383466998475075 1046.9775480076655 113.30611962809979 2.3987594320719188  1.0383466998475253 1047.0041652505843 113.27195627019773 2.4134494707917344  1.0383466998474236 1047.0308292784805 113.23760227922631 2.4275650782368716  1.0383466998477189 1047.0575474386226 113.20307431729537 2.4410980178994173  1.038346699847134 1047.0843269723509 113.16838925551222 2.454040824021714  1.0383466998479878 1047.1111749870674 113.13356409984631 2.4663867965026718  1.0383466998470461 1047.138098428502 113.09861591700316 2.4781299957543075  1.0383466998478292 1047.1651040526147 113.06356176028605 2.4892652376215816  1.0383466998473465 1047.1921983978948 113.02841859547109 2.4997880882367616  1.0383466998475619 1047.219387757304 112.99320322667025 2.5096948589287056  1.0383466998474948 1047.2466781504788 112.9579322222032 2.518982601095102  1.0383466998475068 
1029.9300409575774 111.12712039372821 -0.45450884491361643  1.0367296232096115 1029.9441841587418 111.12335233721782 -0.4749738980055217  1.0367296232096102 1029.9588058283591 111.11870285310913 -0.49841683104027046  1.0367296232096153 1029.9739943804104 111.11305625565387 -0.52540662336112498  1.0367296232095968 1029.9898394366933 111.10634653795103 -0.55736609179597374  1.0367296232096226 1030.0064374436561 111.09842730092421 -0.59457900230943272  1.0367296232096268 1030.0239496100155 111.08915747996701 -0.63923240292971073  1.0367296232095657 1030.0424093520776 111.07867697976864 -0.69456782409117512  1.0367296232096737 1030.0616889452572 111.06736774322943 -0.76329968070892618  1.0367296232095546 1030.0816393490572 111.0558061146257 -0.85074674007368423  1.0367296232096481 1030.1105501136421 111.04276435783149 -1.0305459665046104  1.0367296232095689 1030.1173695801344 111.07262621917552 -1.3083723398973355  1.0367296232096557 1030.116190574128 111.08912862994131 -1.4133086942575948  1.0367296232093641 1030.1092491790628 111.1161567707566 -1.5314769926442879  1.0367296232101741 1030.0956659558572 111.1552233400315 -1.6631635809604044  1.0367296232087877 1030.0718751370903 111.21236295575534 -1.8080281416060711  1.0367296232104561 1030.0330721260689 111.29536400474862 -1.9599584776801058  1.0367296232090031 1029.9784275670761 111.40476400118661 -2.104483676276363  1.0367296232098886 1029.9129781778408 111.53111702584532 -2.226616049475119  1.0367296232095666 1029.7725102805441 111.79708877220601 -2.4222508177881172  1.0367296232096064 1029.6307800894647 112.05942337350601 -2.5225637524860787  1.0367296232096661 1029.5642144759136 112.18190144991912 -2.5495404788154499  1.0367296232092991 1029.505202202545 112.29055395175922 -2.5594870628738375  1.0367296232103047 1029.4543858306672 112.38468064846275 -2.5586736665333625  1.0367296232086318 1029.4107980915369 112.4662001953038 -2.5515551897560433  1.0367296232105747 1029.3732236946839 112.53733790697197 -2.5407394089245372  1.0367296232089476 1029.3408706494631 112.59953060747091 -2.5277000368514697  1.0367296232099064 1029.3131406665366 112.65385792034394 -2.513455151142578  1.036729623209558 1029.1930803486998 112.89410161081962 -2.4402340239805369  1.0367296232097347 1029.1531392890151 112.99976707895557 -2.3665976044409556  1.0367296232093868 1029.1355369487219 113.0625285123285 -2.3338981760474011  1.036729623210132 1029.1275709494364 113.10973537816717 -2.298347310736335  1.036729623208767 1029.1263423826083 113.14724332941304 -2.2749700187725983  1.0367296232106642 1029.1289465943707 113.17951892122265 -2.2561977546195546  1.0367296232085721 1029.134470809119 113.20773219808663 -2.235866177229676  1.0367296232104242 1029.1427408618379 113.2326921865198 -2.2222717252065669  1.0367296232091228 1029.1527341493938 113.25571139013913 -2.2085716259689461  1.0367296232098229 1029.1643539968591 113.27706920883918 -2.1966578650118018  1.0367296232095577 1029.1773222583229 113.29719378407785 -2.1858649066792326  1.0367296232096121 1029.2119783151929 113.32444159007244 -2.1777052952050182  1.0367296232096501 1029.2458877131187 113.35167340681818 -2.1686271985453835  1.0367296232094412 1029.2790108646818 113.37893332494242 -2.1586099556866492  1.0367296232100751 1029.3112994202743 113.4062739761585 -2.1476074086234158  1.0367296232087013 1029.3426975625816 113.43375722929304 -2.1355562650627729  1.0367296232109242 1029.373140602821 113.46145614108667 -2.1223757634441967  1.0367296232082066 1029.4025508791156 113.48945816169321 -2.1079586401364692  1.0367296232107384 1029.4308309564624 113.51786959498101 -2.0921533989996615  1.036729623208942 1029.4578541289368 113.5468213135174 -2.074737883100525  1.0367296232098908 1029.4834522234999 113.57647572834991 -2.0553841487794049  1.0367296232095435 1029.5074007059241 113.60703501349441 -2.0336146419151095  1.0367296232096115 1029.532131227782 113.63662459498047 -2.0131249441233283  1.036729623209627 1029.5572750447377 113.66559434523896 -1.9926328864081027  1.0367296232095651 1029.5828194616611 113.69397281966363 -1.9721415537646994  1.0367296232096852 1029.608752194097 113.72178676886431 -1.9516512137995234  1.0367296232095287 1029.6350613782686 113.74906113955342 -1.9311596457870699  1.0367296232096861 1029.6617355814465 113.77581907541071 -1.9106624697164691  1.0367296232095555 1029.6887638117864 113.80208191798133 -1.8901534753527665  1.0367296232096419 1029.7161355287963 113.827869207532 -1.8696249512816896  1.0367296232096048 1029.743840653189 113.85319868395071 -1.8490680139690518  1.0367296232096095 1029.7718695772312 113.87808628760902 -1.8284729368100561  1.0367296232096117 1029.8002131747623 113.90254616025082 -1.8078294791837484  1.0367296232096121 1029.8269779679561 113.92855731915228 -1.7843402132695538  1.0367296232095398 1029.8536164328316 113.95425176467008 -1.760294299476441  1.0367296232098901 1029.8801349303717 113.97961423419613 -1.735701350210987  1.036729623208962 1029.9065402370927 114.00462941249525 -1.7105719802625303  1.0367296232106871 1029.9328395120694 114.02928203418847 -1.6849177943915514  1.0367296232082566 1029.9590402641225 114.05355698620197 -1.6587513748782963  1.0367296232109426 1029.9851503187704 114.07743941026959 -1.6320862691284583  1.0367296232085907 1030.0111777854595 114.10091480536784 -1.6049369772116135  1.0367296232102075 1030.0371310245259 114.12396913022032 -1.5773189394649934  1.0367296232093641 1030.0630186143683 114.14658890574371 -1.5492485240449949  1.0367296232096717 1030.0888493184864 114.16876131753389 -1.5207430145128444  1.0367296232096115 1030.1155320810246 114.19035782711924 -1.4938961741569823  1.0367296232096717 1030.1422105747924 114.21153839264325 -1.4667095273301543  1.0367296232093544 1030.1688908618398 114.23229531931837 -1.4391972846223877  1.0367296232102525 1030.1955789512469 114.25262155028223 -1.4113738837636844  1.0367296232085152 1030.222280777828 114.27251066485633 -1.3832539202995953  1.0367296232109802 1030.2490021806025 114.29195687684668 -1.3548520783263103  1.0367296232083112 1030.2757488816087 114.31095503278233 -1.3261830611402221  1.0367296232105674 1030.3025264643031 114.32950061022925 -1.2972615219877326  1.0367296232090715 1030.3293403523746 114.34758971602855 -1.2681019947183405  1.0367296232098351 1030.3561957882146 114.36521908459777 -1.2387188245147533  1.0367296232095558 1030.3830978116218 114.38238607618874 -1.2091260985725911  1.0367296232096121 1030.409678642623 114.39967181621239 -1.1788836155121163  1.0367296232095653 1030.4362240221117 114.41648484470586 -1.1483258465833566  1.0367296232098049 1030.4627406401089 114.43281789506416 -1.1174687092612217  1.0367296232091499 1030.4892352446718 114.44866436842592 -1.0863285072837039  1.0367296232103704 1030.5157146116255 114.46401834568896 -1.0549218505431963  1.0367296232087027 1030.5421855142711 114.47887459949233 -1.0232655749816832  1.0367296232104308 1030.5686546931331 114.49322860624967 -0.99137666248017409  1.0367296232090473 1030.5951288256542 114.50707655811902 -0.95927216075534671  1.0367296232099072 1030.621614495949 114.52041537503675 -0.92696910324850812  1.0367296232094994 1030.6481181645029 114.53324271669867 -0.89448442902147052  1.0367296232096359 1030.6746461379119 114.54555699457647 -0.86183490264728446  1.0367296232096121 1030.7012841339113 114.55786621521614 -0.82941175535436917  1.03672962320952 1030.7278944329923 114.56966481723556 -0.79676242494552763  1.0367296232099683 1030.7544835045348 114.58094859673834 -0.76390342003755318  1.0367296232087946 1030.781057846883 114.59171405270273 -0.73085145661974193  1.0367296232109149 1030.8076239596553 114.6019583802979 -0.69762338181667627  1.0367296232080645 1030.8341883161311 114.61167946423288 -0.66423609763863367  1.0367296232110188 1030.860757335525 114.62087587205767 -0.63070648474938162  1.0367296232086218 1030.8873373553897 114.62954684752127 -0.59705132621389145  1.0367296232101404 1030.9139346039021 114.63769230387416 -0.56328723126524871  1.0367296232094083 1030.9405551722339 114.64531281721534 -0.52943055905638725  1.0367296232096588 1030.9672049868736 114.65240961981013 -0.49549734242167354  1.0367296232096115 1030.9938198655734 114.65949679827324 -0.46149289151118139  1.036729623209667 1031.0204052059375 114.66604198522283 -0.42734239307958194  1.0367296232093599 1031.0469675540796 114.67204350806988 -0.39306295691502807  1.0367296232102683 1031.0735134917982 114.67750043110679 -0.35867180376920427  1.0367296232084362 1031.1000496081538 114.68241253803482 -0.32418618932306675  1.0367296232111545 1031.126582471004 114.68678031453392 -0.28962332815930236  1.0367296232080663 1031.1531185986139 114.69060493076675 -0.25500031772612464  1.0367296232107983 1031.1796644311582 114.69388822396688 -0.22033406231004049  1.0367296232089269 1031.2062263023502 114.69663268093784 -0.18564119700114104  1.0367296232098921 1031.232810410949 114.69884142063016 -0.15093801166334847  1.0367296232095444 1031.2594227923619 114.70051817666258 -0.1162403749021248  1.0367296232096115 1031.3392916554624 114.70556720290342 -0.01220997890493571  1.0367296232095793 1031.418898460656 114.70559963318516 0.092351151434903522  1.0367296232097343 1031.4991412205327 114.70119338507442 0.19630334167761407  1.0367296232093357 1031.5741121004 114.68790617891416 0.30498994515393241  1.0367296232100465 1031.6670237672672 114.68265380819888 0.39567313083714428  1.036729623209093 1031.7286976823511 114.65038996128843 0.51626951260533782  1.0367296232100713 1031.8217914007973 114.63533166824193 0.60478352503754951  1.0367296232093144 1031.8966039892614 114.60292223501904 0.71017467481982888  1.0367296232097465 1031.9768723454958 114.5694343613571 0.80849819680265378  1.0367296232095702 1032.056480035933 114.53093572755927 0.90570800566048304  1.036729623209619 1032.1363434791308 114.48819903350719 1.0007014775921876  1.0367296232096113 1032.1895852980481 114.45970722667165 1.064031167795302  1.0367296232095191 1032.242710344897 114.42912097070743 1.126558819152272  1.0367296232099816 1032.2958799250096 114.39662619982788 1.1881003527426979  1.0367296232087755 1032.3486111089901 114.3617365170377 1.248871778547153  1.0367296232109033 1032.401819132129 114.32544167000975 1.3082240240008405  1.0367296232081411 1032.4554713815749 114.287764714256 1.3661318438548307  1.0367296232108973 1032.5086727004027 114.2478241117187 1.4231088004504091  1.0367296232087264 1032.5613997763751 114.20562338457619 1.4790883844438261  1.0367296232100867 1032.614573433927 114.16215145147683 1.5334074091163488  1.0367296232094243 1032.6677017087504 114.11697141667319 1.5863518562320502  1.0367296232096554 1032.7209436574133 114.07030436148209 1.6377773784217953  1.0367296232096115 1032.7741855730314 114.02363724641664 1.6892029328276963  1.0367296232096668 1032.8273107180141 113.97522604561001 1.7392184898817533  1.0367296232093683 1032.8804803353073 113.92530436065972 1.7877064854191294  1.0367296232102174 1032.9332116991918 113.87334322234098 1.8347218872186588  1.0367296232085559 1032.9864199201998 113.82048430647428 1.8799533676445925  1.0367296232109708 1033.0400721985623 113.76675697531502 1.9233841668809286  1.0367296232082928 1033.0932733797415 113.71116409900623 1.9652302477187604  1.03672962321059 1033.1460003596883 113.65372998166211 2.0054293025262053  1.0367296232090588 1033.1991740462802 113.59560027589987 2.0436561801297399  1.0367296232098371 1033.2523022980215 113.53627072897881 2.0800479530447378  1.0367296232095551 1033.3587861460089 113.41572189099948 2.1490232987250266  1.0367296232096721 1033.4119112962514 113.35422445522853 2.1816310339692775  1.0367296232093504 1033.4650809194507 113.29176250813404 2.2123192065821042  1.0367296232102536 1033.5178122916627 113.22781598666185 2.2409766338830064  1.0367296232085059 1033.5710205306998 113.16356691145491 2.2676600236076565  1.0367296232110161 1033.6246728048891 113.09904832134255 2.292362512283586  1.0367296232082797 1033.6778739817994 113.03324519576326 2.3149813577576692  1.0367296232105569 1033.7306009515476 112.96619989160169 2.3354648109867373  1.0367296232091174 1033.7837746430253 112.89910251175399 2.353857665689528  1.0367296232097918 1033.836902891378 112.83143107633086 2.3701344594443068  1.0367296232095724 1033.9433867384726 112.69546776232797 2.3984822713705718  1.0367296232096521 1033.9965118908417 112.62690388519398 2.4104903182471169  1.0367296232094427 1034.0496815118686 112.55801587203882 2.4203747009712755  1.0367296232100454 1034.1024128876797 112.48834349128791 2.4278689731580982  1.0367296232088008 1034.1556211246655 112.41899336450433 2.4333923284232428  1.0367296232107426 1034.2092734011728 112.34999905504731 2.4369484512119293  1.0367296232084211 1034.2624745759731 112.2804269517567 2.4381259668620032  1.036729623210549 1034.3152015462038 112.21033334421948 2.4368887500109633  1.0367296232090781 1034.3683752374898 112.14083623881363 2.4336471637532826  1.0367296232098087 1034.4215034857934 112.07144707323584 2.42821569082259  1.0367296232095844 1034.5546082945721 111.89886113379033 2.4093974365134923  1.0367296232096121 1034.6342084450973 111.79556958768246 2.3930670010387747  1.0367296232096843 1034.7144603058512 111.69360189468422 2.3724640830336821  1.0367296232093854 1034.7893536036131 111.58819620159514 2.3422543328163083  1.0367296232100258 1034.8823578140109 111.49961947229808 2.32296984289421  1.0367296232090757 1034.9439937332465 111.38548145518349 2.2722095329809848  1.0367296232101244 1035.0370995945857 111.30043361414468 2.2435010113128202  1.0367296232092358 1035.1119082343525 111.20140520994524 2.1949979795068533  1.0367296232098271 1035.1921762996665 111.10952996915771 2.1465412151614842  1.0367296232095138 1035.2717834157334 111.01953872120694 2.0933087099603984  1.0367296232096452 1035.4048882245095 110.87430683185009 1.9981891456953915  1.0367296232095762 1035.4580133770307 110.81733387820508 1.9581981348313926  1.0367296232097825 1035.5111829978946 110.76163338268528 1.9164762673875864  1.0367296232092083 1035.5639143739629 110.70706831944383 1.8725097055703568  1.0367296232102534 1035.6171226107672 110.65412477229989 1.8273773623545042  1.0367296232088405 1035.6707748874562 110.60282386992645 1.78110557708771  1.0367296232103391 1035.7239760620973 110.55279633440507 1.732743300136949  1.0367296232090633 1035.7767030323894 110.50410751371248 1.6823047905817121  1.0367296232099359 1035.8298767236481 110.45725778679332 1.6308707684188719  1.0367296232094705 1035.8830049719584 110.41203286862411 1.5779645875642327  1.036729623209649 1035.989488818977 110.32504873030892 1.4696900248740068  1.0367296232095713 1036.0426139714939 110.28322213346856 1.4140507024931712  1.0367296232097778 1036.0957835923591 110.24314058032208 1.357158448883979  1.0367296232092411 1036.1485149684202 110.20483253614546 1.2984822319098615  1.036729623210165 1036.2017232052187 110.16842689168732 1.2391983669795343  1.0367296232090026 1036.255375481908 110.13393560220112 1.1793384334177619  1.0367296232101202 1036.308576656555 110.10130135401803 1.117883816131531  1.0367296232092909 1036.361303626855 110.07058189045158 1.0548682699315934  1.0367296232097587 1036.4144773181117 110.04191913931611 0.9914742461909597  1.0367296232095675 1036.4676055664261 110.01525659518398 0.92718220986163991  1.0367296232096146 1036.5740894134474 109.96598844355458 0.797327404492019  1.0367296232096181 1036.6272145659625 109.9434024822459 0.7314861351354438  1.0367296232095513 1036.6803841868305 109.92286333315637 0.66499250553607547  1.0367296232097913 1036.7331155628885 109.90456216632586 0.59735027035229482  1.0367296232092624 1036.7863237996978 109.88825806268744 0.52971800149531967  1.0367296232101062 1036.8399760763773 109.87395263381985 0.46212942698517295  1.0367296232090835 1036.8931772510268 109.8619061405537 0.39359807547920689  1.0367296232100336 1036.945904221313 109.85216306924352 0.324173893306339  1.0367296232093655 1036.9990779125746 109.84449300367642 0.2550253167394495  1.0367296232097118 1037.0522061608808 109.83900274917218 0.18564077737603821  1.0367296232095859 1037.1586900079012 109.83227329418156 0.046916822419991767  1.0367296232096419 1037.2118151604236 109.83113883966068 -0.022681391706963899  1.0367296232094612 1037.2649847812852 109.83215260964728 -0.092267537560471985  1.0367296232100196 1037.3177161573572 109.83564976587914 -0.1622544976495495  1.0367296232088621 1037.3709243941578 109.84104316231898 -0.23161485277614924  1.0367296232105938 1037.4245766708518 109.84832390911774 -0.30031602759839787  1.0367296232086745 1037.47777784549 109.85804436546687 -0.36921578718053871  1.0367296232102741 1037.5305048157843 109.87023140611495 -0.4382528826210767  1.03672962320926 1037.5836785070421 109.88430482557557 -0.50638726757316366  1.0367296232097545 1037.6368067553528 109.90052428505855 -0.57407246780260612  1.0367296232095642 1037.7432906023716 109.93699225264791 -0.70808630508768755  1.0367296232096863 1037.7964157548888 109.95742035323254 -0.77462870589093857  1.0367296232092278 1037.8495853757531 109.97988780742311 -0.84049579118876538  1.0367296232105818 1037.9023167518171 110.00484096070726 -0.90597666494561679  1.0367296232079519 1037.9555249886153 110.0314039140147 -0.97027563150582041  1.0367296232116787 1038.009177265305 110.05955814625499 -1.0333644570100955  1.0367296232076835 1038.0623784399486 110.0900940462231 -1.0958882361166988  1.0367296232109693 1038.11510541025 110.12301824636795 -1.1577804129240279  1.0367296232089098 1038.1682791015046 110.15745754650901 -1.2182311379363997  1.0367296232098435 1038.2214073498187 110.19379904627407 -1.2775915000477764  1.0367296232095964 1038.3278911968382 110.26989469768685 -1.3937770115347972  1.036729623209562 1038.3810163493529 110.30988570856194 -1.4507499651886162  1.0367296232099799 1038.4341859702201 110.35160757599783 -1.506450460701346  1.0367296232086096 1038.4869173462787 110.39557413783439 -1.5610155239590171  1.0367296232113827 1038.54012558308 110.44070648105648 -1.6139590711005416  1.0367296232073502 1038.5937778597659 110.48697826632771 -1.6652599734794991  1.0367296232117791 1038.6469790344142 110.53534054326718 -1.7152875089900583  1.0367296232080325 1038.6997060047129 110.58577905281105 -1.7639763296804194  1.0367296232104695 1038.7528796959696 110.63721307497713 -1.8108260565997165  1.0367296232092869 1038.806007944283 110.69011925582549 -1.8560509747669078  1.0367296232096772 1038.9124917913039 110.79839381851079 -1.9430351130805705  1.0367296232095622 1038.9656169438199 110.85403314089342 -1.9848617099217825  1.0367296232097705 1039.0187865646867 110.91092539449895 -2.0249432630671205  1.0367296232092635 1039.0715179407473 110.96960161147538 -2.0632513072446832  1.0367296232101901 1039.1247261775484 111.02888547639684 -2.0996569517012542  1.0367296232088574 1039.1783784542376 111.08874540996327 -2.134148241188691  1.0367296232103802 1039.2315796288808 111.15020002725218 -2.1667824893728813  1.0367296232090073 1039.2843065991801 111.21321557345627 -2.1975019529397573  1.036729623209967 1039.3374802904352 111.27660959719894 -2.226164704075372  1.0367296232094645 1039.3906085387496 111.34090163352874 -2.2528272482076126  1.0367296232096468 1039.4970923857677 111.47075643890498 -2.3020953998370102  1.0367296232095757 1039.5502175382808 111.53659770826653 -2.3246813611461352  1.0367296232097423 1039.603387159148 111.60309133786521 -2.3452205102338821  1.036729623209343 1039.656118535205 111.6707335730548 -2.3635216770675092  1.036729623209987 1039.7093267719963 111.7383658419454 -2.3798257806963088  1.0367296232092127 1039.7629790486912 111.80595441642865 -2.3941312095703013  1.036729623209957 1039.8161802233365 111.8744857679406 -2.4061777028297371  1.0367296232093541 1039.8689071936485 111.94390995006238 -2.4159207741535367  1.0367296232097771 1039.9220808848988 112.01305852665152 -2.4235908397144676  1.0367296232095231 1039.9752091332193 112.08244306598692 -2.4290810942273264  1.0367296232096512 1040.1083139419945 112.25584800968171 -2.4374929129679739  1.0367296232095127 1040.1879140925137 112.36042250840559 -2.4375218900049278  1.0367296232100911 1040.2681659532789 112.46435781633741 -2.4331238896273852  1.036729623208416 1040.3430592509751 112.5731916366468 -2.4197751547253157  1.0367296232116527 1040.4360634614529 112.66369459817913 -2.4145845421781722  1.0367296232070169 1040.4976993806647 112.78436804883303 -2.3823042955836682  1.0367296232121337 1040.5908052419604 112.87285981214359 -2.3672536368926123  1.0367296232077363 1040.6656138817793 112.97825655810101 -2.3348392133938551  1.0367296232106507 1040.7458819470794 113.07658097024606 -2.3013514863554239  1.0367296232092134 1040.8254890631565 113.17379167506083 -2.2628520943727652  1.0367296232096903 1040.9585938719333 113.33211549701082 -2.1916228827072217  1.0367296232095806 1041.0117190244459 113.39464299145973 -2.1610367610607089  1.0367296232096701 1041.0648886453143 113.45618445945298 -2.128542036268299  1.0367296232095458 1041.117620021372 113.51695562182103 -2.0936526322415263  1.0367296232096306 1041.1708282581742 113.57630760000514 -2.0573581385391906  1.0367296232096663 1041.2244805348612 113.63421540512762 -2.0196812649418403  1.0367296232095131 1041.277681709505 113.69119254557987 -1.9797404386400046  1.0367296232097041 1041.3304086798034 113.74717224735539 -1.937539520459659  1.0367296232095475 1041.3835823710592 113.80149123013511 -1.8940676484240433  1.0367296232096475 1041.436710619372 113.85443570461332 -1.8488875663324198  1.0367296232095939 1041.5431944663908 113.95728679713474 -1.7555533603252154  1.0367296232096437 1041.5963196189093 114.0073023467933 -1.7071421716355433  1.0367296232094219 1041.6494892397679 114.05579033876532 -1.6572204923889333  1.036729623210138 1041.7022206158467 114.10280572996433 -1.6052593754416244  1.0367296232086227 1041.7554288526071 114.14803720022805 -1.5524004907084061  1.0367296232109664 1041.8090811293448 114.19146800138311 -1.4986731587729971  1.0367296232082281 1041.8622823039411 114.23331408799881 -1.4430802708662118  1.0367296232106742 1041.9150092743064 114.27351314724039 -1.3856461335811485  1.0367296232090049 1041.9681829655192 114.31174002254372 -1.3275164375246882  1.0367296232098517 1042.0213112138704 114.34813179681674 -1.2681868837496746  1.0367296232095611 1042.1277950608669 114.41710714276014 -1.1476380434091549  1.0367296232096537 1042.1809202133745 114.44971487718665 -1.0861406120940376  1.0367296232094509 1042.2340898341781 114.4804030505729 -1.0236786600891008  1.0367296232100085 1042.2868212103972 114.50906047670478 -0.95973214662326023  1.0367296232089251 1042.3400294465978 114.53574386734243 -0.89548306573591296  1.0367296232104726 1042.3936817240085 114.56044635541052 -0.83096448230173769  1.0367296232088059 1042.4468828980027 114.58306520129403 -0.76516135088977222  1.0367296232101719 1042.4996098693143 114.60354865440908 -0.69811604980950648  1.036729623209335 1042.5527835599034 114.62194150905626 -0.6310186682288319  1.0367296232096941 1042.6059118088012 114.63821830295329 -0.56334723389797448  1.0367296232096093 1042.7123956554476 114.66656611474154 -0.4273839189856139  1.0367296232095911 1042.7655208077488 114.6785741618874 -0.35882004160622089  1.0367296232097625 1042.8186904278953 114.68845854339786 -0.28993202693774306  1.0367296232092034 1042.8714218058374 114.69595281846819 -0.22025964982887414  1.0367296232103196 1042.9246300343484 114.70147616632258 -0.15090950720996699  1.0367296232087466 1042.9782823210835 114.70503229773857 -0.081915216693591281  1.0367296232103724 1043.031483487119 114.70620980451784 -0.012343097540925  1.0367296232091272 1043.0842104714684 114.70497260015091 0.057750483630223157  1.0367296232098273 1043.137384153521 114.70173100580243 0.1272476061215323  1.0367296232095531 1043.1905124098976 114.69629954030178 0.19663675664459576  1.0367296232096135 1043.3236172121165 114.67748128113418 0.36922270805634982  1.0367296232096228 1043.4032173481387 114.6611508318522 0.47251428076254864  1.0367296232095446 1043.4834692122511 114.64054791094765 0.57448195673746272  1.0367296232097767 1043.558362460421 114.61033809891318 0.6798877717550379  1.0367296232093468 1043.6513668134651 114.59105388040314 0.76846424732115448  1.0367296232099033 1043.7130022591487 114.54029262516241 0.88260291818396441  1.0367296232093799 1043.8061093398626 114.51158615195911 0.96764902710354672  1.0367296232097456 1043.8809169261674 114.46308151520353 1.0666789589528818  1.0367296232095551 1043.9611851186376 114.41462493033021 1.1585540086118464  1.0367296232096268 1044.0407921486051 114.36139226634593 1.2485453726978497  1.0367296232096099 1044.1206549604403 114.30432036937913 1.3356846006588281  1.0367296232096115 1044.1738971289708 114.26627291930984 1.3937770527912372  1.0367296232097238 1044.2270225126847 114.22628229333365 1.4507497298663028  1.0367296232091407 1044.280191817064 114.184559920932 1.5064505205628567  1.0367296232107763 1044.3329241480333 114.14059492652694 1.5610145584362953  1.0367296232076002 1044.3861333974528 114.09546456015741 1.613957134950686  1.0367296232121692 1044.4397851532869 114.04919222433453 1.6652586499454065  1.0367296232071583 1044.49298462767 114.00082692164183 1.7152878229726283  1.0367296232113998 1044.5457103743659 113.95038586751335 1.7639776807111394  1.0367296232086352 1044.598883894751 113.89895137133044 1.8108274867379535  1.0367296232099881 1044.6520116077456 113.84604388658533 1.8560527907412623  1.0367296232095256 1044.7052530846415 113.79190536732379 1.8995451442734075  1.0367296232096117 1044.758497755141 113.73777305016135 1.9430353259691169  1.036729623209667 1044.8116253803203 113.68213855176388 1.9848603833447507  1.0367296232093748 1044.8647916147158 113.62524048270356 2.0249431269077398  1.0367296232101857 1044.9175332269397 113.56658325794938 2.0632462347501006  1.0367296232086414 1044.9707509133814 113.50732042920978 2.0996488625415317  1.0367296232108196 1045.0243963596879 113.44745156430348 2.1341443545609451  1.0367296232084866 1045.077580570362 113.38596344837309 2.1667846721020849  1.0367296232103995 1045.1302970210718 113.32292287570331 2.1975059121231233  1.0367296232092009 1045.1834698904813 113.25952540279656 2.2261680003894808  1.0367296232097645 1045.2365944967544 113.19522214234476 2.2528303092827642  1.0367296232095768 1045.2898341002624 113.13028499472006 2.2774635712061082  1.0367296232096115 1045.31646768203 113.09784476902104 2.2897795603664077  1.0367296232096725 1045.3430709254749 113.06517489036462 2.3015841007914002  1.0367296232093581 1045.3696503315339 113.03229190336268 2.3128728458427572  1.0367296232102188 1045.3962124398656 112.99921258133023 2.3236421516857497  1.0367296232085994 1045.422763800608 112.96595384921851 2.333889072700627  1.0367296232108507 1045.4493109460868 112.9325327065487 2.3436113569026791  1.0367296232084739 1045.4758603625976 112.89896615034655 2.3528074413517874  1.0367296232103991 1045.5024184620981 112.8652710980738 2.3614764475724028  1.0367296232092016 1045.5289915539897 112.83146431056471 2.3696181769646731  1.036729623209766 1045.555585816827 112.79756231495695 2.3772331062222358  1.0367296232095755 1045.5822072700732 112.76358132762715 2.3843223827455224  1.0367296232096121 1045.6087951431039 112.72953187027204 2.3914024082949599  1.0367296232095577 1045.6353583197865 112.69534195489319 2.3979404632195092  1.0367296232098373 1045.6619033873515 112.66102878068726 2.4039351096389519  1.0367296232090633 1045.6884369504301 112.62660962098278 2.4093856547313592  1.0367296232105405 1045.7149656030986 112.59210174760207 2.4142921291896089  1.0367296232084415 1045.7414959009309 112.55752235521987 2.4186552655900995  1.0367296232107499 1045.7680343330405 112.5228884857256 2.4224764768931166  1.036729623208744 1045.7945872941305 112.48821695258272 2.4257578347813382  1.0367296232101177 1045.8211610565404 112.45352426518959 2.428502048162648  1.0367296232094021 1045.847761742293 112.41882655324015 2.4307124415353849  1.0367296232096621 1045.8743952951413 112.38413949108406 2.4323929334477166  1.0367296232096115 1045.901084056359 112.34956124042955 2.4341060924011808  1.0367296232096985 1045.927726647305 112.31490484623934 2.4352569569744729  1.0367296232092587 1045.9543294794366 112.28018730776974 2.4358457155169591  1.036729623210402 1045.9808990622905 112.24542574614549 2.4358732906694707  1.0367296232084091 1046.0074419738105 112.21063732925542 2.4353413243194328  1.0367296232109504 1046.0339648304664 112.1758391966566 2.4342521625360449  1.0367296232084733 1046.0604742576943 112.14104838446703 2.4326088405373838  1.0367296232103609 1046.0869768599291 112.10628175027108 2.4304150676158844  1.036729623209232 1046.1134791910658 112.0715558980131 2.4276752121082357  1.0367296232097523 1046.1399877245478 112.03688710290015 2.4243942863265486  1.0367296232095795 1046.1665088237205 112.002291236299 2.4205779315168892  1.0367296232096121 1046.1930896385013 111.96780611301027 2.4168148971509327  1.0367296232096359 1046.2197049327997 111.93341579559522 2.4125338692739167  1.0367296232095002 1046.2463606357464 111.89913507659141 2.4077411794464112  1.036729623209903 1046.2730624887656 111.86497818056705 2.4024436405852736  1.0367296232090737 1046.2998160325938 111.83095874061512 2.3966484784838871  1.0367296232103487 1046.326626594501 111.7970897748425 2.3903632633548142  1.0367296232088454 1046.3534992752054 111.76338366286738 2.3835958413359561  1.0367296232102114 1046.3804389361712 111.72985212230549 2.3763542660453876  1.0367296232092644 1046.4074501865102 111.6965061852686 2.3686467300829825  1.0367296232097529 1046.4345373702206 111.66335617485218 2.3604814965794665  1.0367296232095773 1046.461704553192 111.6304116816307 2.3518668307113515  1.0367296232096115 

0 6
6.2831853071795862 6

741.58568110421049 12
741.67054632070176 9
741.71297892894745 9
741.75541153719314 9
741.92514197017567 11
742.26460283614108 11
742.60406370210626 11
742.94352456807144 11
743.28298543403685 11
743.62244630000203 11
743.9619071659672 11
744.30136803193261 11
745.31975062982838 11
745.99867236175874 11
746.67759409368932 10
747.35651582561991 10
748.03543755755027 10
749.05382015544603 10
749.73274188737662 10
750.41166361930721 10
751.09058535123756 10
751.76950708316815 10
752.44842881509874 10
753.1273505470291 10
753.80627227895968 10
754.48519401089027 10
755.50357660878603 10
756.18249834071639 10
756.86142007264698 10
757.54034180457757 10
758.21926353650792 10
759.23764613440369 11
759.91656786633428 11
760.59548959826486 11
760.93495046423004 11
761.27441133019522 11
761.61387219616063 11
761.95333306212581 12

1 1046.8379573652967 112.26798156780706 1.1000009103388264 0.86080261337445296 -0.5089387267212202 -0.00048296075967589001 0.50893878607648824 0.86080271376604667 -5.421010862427521e-20 0.00041573393257151757 -0.0002457974627520259 0.99999988337444545 
Triangulations 0

TShapes 48
Ve
4.6789406821e-05
1047.21972205085 111.622482174048 -1.10061264795978
0 0

0101101
*
Ve
4.6789406821e-05
1028.94989986466 111.690773756287 0.77343766511899
0 0

0101101
*
Ed
 1e-07 1 1 0
1  1 0 0 20.3676519579151
3  1 2G1 1 0 0 20.3676519579151
0

0101000
+48 2 -47 2 *
Ed
 1e-07 1 1 0
1  2 0 0 6.28318530717959
2  3 1 0 0 6.28318530717959
2  4 2 0 0 6.28318530717959
0

0101000
+48 2 -48 2 *
Ed
 1e-07 1 1 0
1  3 0 0 6.28318530717959
2  5 1 0 0 6.28318530717959
2  6 3 0 0 6.28318530717959
0

0101100
+47 2 -47 2 *
Wi

0101100
+46 0 +45 0 -46 0 -44 0 *
Fa
0  1e-07 1 0

0111000
+43 0 *
Ve
4.3843640972e-05
1019.00549052526 111.589851002771 19.6703359591181
0 0

0101101
*
Ed
 1e-07 1 1 0
1  4 0 20.3676519579151 42.7824057251648
3  7 8G1 3 0 20.3676519579151 42.7824057251648
0

0101000
+47 2 -41 2 *
Ed
 1e-07 1 1 0
1  5 0 0 6.28318530717959
2  9 3 0 0 6.28318530717959
2  10 4 0 0 6.28318530717959
0

0101100
+41 2 -41 2 *
Wi

0101100
+40 0 +44 0 -40 0 -39 0 *
Fa
0  1e-07 3 0

0111000
+38 0 *
Ve
4.8168874628e-05
1018.55000673936 -9.93603178191753 113.569362949225
0 0

0101101
*
Ed
 1e-07 1 1 0
1  6 0 42.7824057251648 211.898847617768
3  11 12G1 4 0 42.7824057251648 211.898847617768
0

0101000
+41 2 -36 2 *
Ed
 1e-07 1 1 0
1  7 0 0 6.28318530717959
2  13 4 0 0 6.28318530717959
2  14 5 0 0 6.28318530717959
4 G2 4 0 5 0
0

0101100
+36 2 -36 2 *
Wi

0101100
+35 0 +39 0 -35 0 -34 0 *
Fa
0  1e-07 4 0

0111000
+33 0 *
Ve
4.7095177884e-05
1018.55000673936 -114.0031794656 8.31e-13
0 0

0101101
*
Ed
 1e-07 1 1 0
1  8 0 211.898847617768 381.015289510371
3  15 16G1 5 0 211.898847617768 381.015289510371
0

0101000
+36 2 -31 2 *
Ed
 1e-07 1 1 0
1  9 0 0 6.28318530717959
2  17 5 0 0 6.28318530717959
2  18 6 0 0 6.28318530717959
4 C2 5 0 6 0
0

0101100
+31 2 -31 2 *
Wi

0101100
+30 0 +34 0 -30 0 -29 0 *
Fa
0  1e-07 5 0

0111000
+28 0 *
Ve
4.7095178806e-05
1018.55000673936 -9.93603178192054 -113.56936294924
0 0

0101101
*
Ed
 1e-07 1 1 0
1  10 0 381.015289510371 550.131731402974
3  19 20G1 6 0 381.015289510371 550.131731402974
0

0101000
+31 2 -26 2 *
Ed
 1e-07 1 1 0
1  11 0 0 6.28318530717959
2  21 6 0 0 6.28318530717959
2  22 7 0 0 6.28318530717959
4 C2 6 0 7 0
0

0101100
+26 2 -26 2 *
Wi

0101100
+25 0 +29 0 -25 0 -24 0 *
Fa
0  1e-07 6 0

0111000
+23 0 *
Ve
5.0029338468e-05
1018.70394987243 111.820483102665 -19.7129596167524
0 0

0101101
*
Ed
 1e-07 1 1 0
1  12 0 550.131731402974 719.248173295577
3  23 24G1 7 0 550.131731402974 719.248173295577
0

0101000
+26 2 -21 2 *
Ed
 1e-07 1 1 0
1  13 0 0 6.28318530717959
2  25 7 0 0 6.28318530717959
2  26 8 0 0 6.28318530717959
0

0101100
+21 2 -21 2 *
Wi

0101100
+20 0 +24 0 -20 0 -19 0 *
Fa
0  1e-07 7 0

0111000
+18 0 *
Ve
4.7699189537e-05
1029.62960732023 111.728719088916 -1.50366406340305
0 0

0101101
*
Ed
 1e-07 1 1 0
1  14 0 719.248173295577 741.58568110421
3  27 28G1 8 0 719.248173295577 741.58568110421
0

0101000
+21 2 -16 2 *
Ed
 1e-07 1 1 0
1  15 0 0 6.28318530717959
2  29 8 0 0 6.28318530717959
2  30 9 0 0 6.28318530717959
0

0101100
+16 2 -16 2 *
Wi

0101100
+15 0 +19 0 -15 0 -14 0 *
Fa
0  1e-07 8 0

0111000
+13 0 *
Ve
4.8939112291e-05
1046.45632733667 111.622499344692 1.10574624527254
0 0

0101101
*
Ed
 1e-07 1 1 0
1  16 0 741.58568110421 761.953333062126
3  31 32G1 9 0 741.58568110421 761.953333062126
0

0101000
+16 2 -11 2 *
Ed
 1e-07 1 1 0
1  17 0 0 6.28318530717959
2  33 9 0 0 6.28318530717959
2  34 10 0 0 6.28318530717959
0

0101000
+11 2 -11 2 *
Wi

0101100
+10 0 +14 0 -10 0 -9 0 *
Fa
0  1e-07 9 0

0111000
+8 0 *
Wi

0101100
+45 0 *
Fa
0  1e-07 2 0

0111000
+6 0 *
Wi

0101100
+9 0 *
Fa
0  1e-07 10 0

0111000
+4 0 *
Sh

0101100
+42 0 +37 0 +32 0 +27 0 +22 0 +17 0 +12 0 +7 0 -5 0 +3 0 
*
So

1100100
+2 0 *

+1 1 