level	page_num	block_num	par_num	line_num	word_num	left	top	width	height	conf	text
1	1	0	0	0	0	0	0	1715	2450	-1	
2	1	1	0	0	0	225	546	256	27	-1	
3	1	1	1	0	0	225	546	256	27	-1	
4	1	1	1	1	0	225	546	256	27	-1	
5	1	1	1	1	1	225	546	101	25	34.572380	Puate
5	1	1	1	1	2	349	547	57	26	96.681900	No.
5	1	1	1	1	3	431	548	50	25	96.389679	131
2	1	2	0	0	0	229	629	581	7	-1	
3	1	2	1	0	0	229	629	581	7	-1	
4	1	2	1	1	0	229	629	581	7	-1	
5	1	2	1	1	1	229	629	581	7	95.000000	 
2	1	3	0	0	0	384	636	24	1	-1	
3	1	3	1	0	0	384	636	24	1	-1	
4	1	3	1	1	0	384	636	24	1	-1	
5	1	3	1	1	1	384	636	24	1	95.000000	 
2	1	4	0	0	0	384	636	37	3	-1	
3	1	4	1	0	0	384	636	37	3	-1	
4	1	4	1	1	0	384	636	37	3	-1	
5	1	4	1	1	1	384	636	37	3	95.000000	 
2	1	5	0	0	0	375	638	61	3	-1	
3	1	5	1	0	0	375	638	61	3	-1	
4	1	5	1	1	0	375	638	61	3	-1	
5	1	5	1	1	1	375	638	61	3	95.000000	 
2	1	6	0	0	0	384	636	1	18	-1	
3	1	6	1	0	0	384	636	1	18	-1	
4	1	6	1	1	0	384	636	1	18	-1	
5	1	6	1	1	1	384	636	1	18	95.000000	 
2	1	7	0	0	0	492	636	1	19	-1	
3	1	7	1	0	0	492	636	1	19	-1	
4	1	7	1	1	0	492	636	1	19	-1	
5	1	7	1	1	1	492	636	1	19	95.000000	 
2	1	8	0	0	0	375	636	1	23	-1	
3	1	8	1	0	0	375	636	1	23	-1	
4	1	8	1	1	0	375	636	1	23	-1	
5	1	8	1	1	1	375	636	1	23	95.000000	 
2	1	9	0	0	0	1314	647	17	1	-1	
3	1	9	1	0	0	1314	647	17	1	-1	
4	1	9	1	1	0	1314	647	17	1	-1	
5	1	9	1	1	1	1314	647	17	1	95.000000	 
2	1	10	0	0	0	361	647	139	3	-1	
3	1	10	1	0	0	361	647	139	3	-1	
4	1	10	1	1	0	361	647	139	3	-1	
5	1	10	1	1	1	361	647	139	3	95.000000	 
2	1	11	0	0	0	359	652	117	7	-1	
3	1	11	1	0	0	359	652	117	7	-1	
4	1	11	1	1	0	359	652	117	7	-1	
5	1	11	1	1	1	359	652	117	7	95.000000	 
2	1	12	0	0	0	362	655	114	3	-1	
3	1	12	1	0	0	362	655	114	3	-1	
4	1	12	1	1	0	362	655	114	3	-1	
5	1	12	1	1	1	362	655	114	3	95.000000	 
2	1	13	0	0	0	362	656	114	1	-1	
3	1	13	1	0	0	362	656	114	1	-1	
4	1	13	1	1	0	362	656	114	1	-1	
5	1	13	1	1	1	362	656	114	1	95.000000	 
2	1	14	0	0	0	414	648	1	18	-1	
3	1	14	1	0	0	414	648	1	18	-1	
4	1	14	1	1	0	414	648	1	18	-1	
5	1	14	1	1	1	414	648	1	18	95.000000	 
2	1	15	0	0	0	1297	656	18	1	-1	
3	1	15	1	0	0	1297	656	18	1	-1	
4	1	15	1	1	0	1297	656	18	1	-1	
5	1	15	1	1	1	1297	656	18	1	95.000000	 
2	1	16	0	0	0	474	649	1	17	-1	
3	1	16	1	0	0	474	649	1	17	-1	
4	1	16	1	1	0	474	649	1	17	-1	
5	1	16	1	1	1	474	649	1	17	95.000000	 
2	1	17	0	0	0	1297	656	18	3	-1	
3	1	17	1	0	0	1297	656	18	3	-1	
4	1	17	1	1	0	1297	656	18	3	-1	
5	1	17	1	1	1	1297	656	18	3	95.000000	 
2	1	18	0	0	0	1290	658	25	1	-1	
3	1	18	1	0	0	1290	658	25	1	-1	
4	1	18	1	1	0	1290	658	25	1	-1	
5	1	18	1	1	1	1290	658	25	1	95.000000	 
2	1	19	0	0	0	347	664	61	3	-1	
3	1	19	1	0	0	347	664	61	3	-1	
4	1	19	1	1	0	347	664	61	3	-1	
5	1	19	1	1	1	347	664	61	3	95.000000	 
2	1	20	0	0	0	347	665	74	1	-1	
3	1	20	1	0	0	347	665	74	1	-1	
4	1	20	1	1	0	347	665	74	1	-1	
5	1	20	1	1	1	347	665	74	1	95.000000	 
2	1	21	0	0	0	1308	665	35	1	-1	
3	1	21	1	0	0	1308	665	35	1	-1	
4	1	21	1	1	0	1308	665	35	1	-1	
5	1	21	1	1	1	1308	665	35	1	95.000000	 
2	1	22	0	0	0	400	640	1	34	-1	
3	1	22	1	0	0	400	640	1	34	-1	
4	1	22	1	1	0	400	640	1	34	-1	
5	1	22	1	1	1	400	640	1	34	95.000000	 
2	1	23	0	0	0	1321	644	1	27	-1	
3	1	23	1	0	0	1321	644	1	27	-1	
4	1	23	1	1	0	1321	644	1	27	-1	
5	1	23	1	1	1	1321	644	1	27	95.000000	 
2	1	24	0	0	0	407	636	1	45	-1	
3	1	24	1	0	0	407	636	1	45	-1	
4	1	24	1	1	0	407	636	1	45	-1	
5	1	24	1	1	1	407	636	1	45	95.000000	 
2	1	25	0	0	0	416	636	1	48	-1	
3	1	25	1	0	0	416	636	1	48	-1	
4	1	25	1	1	0	416	636	1	48	-1	
5	1	25	1	1	1	416	636	1	48	95.000000	 
2	1	26	0	0	0	1328	647	1	28	-1	
3	1	26	1	0	0	1328	647	1	28	-1	
4	1	26	1	1	0	1328	647	1	28	-1	
5	1	26	1	1	1	1328	647	1	28	95.000000	 
2	1	27	0	0	0	366	651	1	23	-1	
3	1	27	1	0	0	366	651	1	23	-1	
4	1	27	1	1	0	366	651	1	23	-1	
5	1	27	1	1	1	366	651	1	23	95.000000	 
2	1	28	0	0	0	1314	644	1	38	-1	
3	1	28	1	0	0	1314	644	1	38	-1	
4	1	28	1	1	0	1314	644	1	38	-1	
5	1	28	1	1	1	1314	644	1	38	95.000000	 
2	1	29	0	0	0	1225	654	1	22	-1	
3	1	29	1	0	0	1225	654	1	22	-1	
4	1	29	1	1	0	1225	654	1	22	-1	
5	1	29	1	1	1	1225	654	1	22	95.000000	 
2	1	30	0	0	0	391	671	85	4	-1	
3	1	30	1	0	0	391	671	85	4	-1	
4	1	30	1	1	0	391	671	85	4	-1	
5	1	30	1	1	1	391	671	85	4	95.000000	 
2	1	31	0	0	0	391	672	85	3	-1	
3	1	31	1	0	0	391	672	85	3	-1	
4	1	31	1	1	0	391	672	85	3	-1	
5	1	31	1	1	1	391	672	85	3	95.000000	 
2	1	32	0	0	0	1280	674	65	1	-1	
3	1	32	1	0	0	1280	674	65	1	-1	
4	1	32	1	1	0	1280	674	65	1	-1	
5	1	32	1	1	1	1280	674	65	1	95.000000	 
2	1	33	0	0	0	401	674	75	3	-1	
3	1	33	1	0	0	401	674	75	3	-1	
4	1	33	1	1	0	401	674	75	3	-1	
5	1	33	1	1	1	401	674	75	3	95.000000	 
2	1	34	0	0	0	1323	665	1	24	-1	
3	1	34	1	0	0	1323	665	1	24	-1	
4	1	34	1	1	0	1323	665	1	24	-1	
5	1	34	1	1	1	1323	665	1	24	95.000000	 
2	1	35	0	0	0	1337	681	27	1	-1	
3	1	35	1	0	0	1337	681	27	1	-1	
4	1	35	1	1	0	1337	681	27	1	-1	
5	1	35	1	1	1	1337	681	27	1	95.000000	 
2	1	36	0	0	0	1281	683	73	3	-1	
3	1	36	1	0	0	1281	683	73	3	-1	
4	1	36	1	1	0	1281	683	73	3	-1	
5	1	36	1	1	1	1281	683	73	3	95.000000	 
2	1	37	0	0	0	185	687	28	1	-1	
3	1	37	1	0	0	185	687	28	1	-1	
4	1	37	1	1	0	185	687	28	1	-1	
5	1	37	1	1	1	185	687	28	1	95.000000	 
2	1	38	0	0	0	469	650	1	54	-1	
3	1	38	1	0	0	469	650	1	54	-1	
4	1	38	1	1	0	469	650	1	54	-1	
5	1	38	1	1	1	469	650	1	54	95.000000	 
2	1	39	0	0	0	1330	658	1	42	-1	
3	1	39	1	0	0	1330	658	1	42	-1	
4	1	39	1	1	0	1330	658	1	42	-1	
5	1	39	1	1	1	1330	658	1	42	95.000000	 
2	1	40	0	0	0	1287	679	3	23	-1	
3	1	40	1	0	0	1287	679	3	23	-1	
4	1	40	1	1	0	1287	679	3	23	-1	
5	1	40	1	1	1	1287	679	3	23	95.000000	 
2	1	41	0	0	0	1289	679	1	23	-1	
3	1	41	1	0	0	1289	679	1	23	-1	
4	1	41	1	1	0	1289	679	1	23	-1	
5	1	41	1	1	1	1289	679	1	23	95.000000	 
2	1	42	0	0	0	223	678	1	30	-1	
3	1	42	1	0	0	223	678	1	30	-1	
4	1	42	1	1	0	223	678	1	30	-1	
5	1	42	1	1	1	223	678	1	30	95.000000	 
2	1	43	0	0	0	456	694	26	1	-1	
3	1	43	1	0	0	456	694	26	1	-1	
4	1	43	1	1	0	456	694	26	1	-1	
5	1	43	1	1	1	456	694	26	1	95.000000	 
2	1	44	0	0	0	1268	694	28	1	-1	
3	1	44	1	0	0	1268	694	28	1	-1	
4	1	44	1	1	0	1268	694	28	1	-1	
5	1	44	1	1	1	1268	694	28	1	95.000000	 
2	1	45	0	0	0	185	696	30	1	-1	
3	1	45	1	0	0	185	696	30	1	-1	
4	1	45	1	1	0	185	696	30	1	-1	
5	1	45	1	1	1	185	696	30	1	95.000000	 
2	1	46	0	0	0	321	701	149	3	-1	
3	1	46	1	0	0	321	701	149	3	-1	
4	1	46	1	1	0	321	701	149	3	-1	
5	1	46	1	1	1	321	701	149	3	95.000000	 
2	1	47	0	0	0	1266	703	40	1	-1	
3	1	47	1	0	0	1266	703	40	1	-1	
4	1	47	1	1	0	1266	703	40	1	-1	
5	1	47	1	1	1	1266	703	40	1	95.000000	 
2	1	48	0	0	0	185	705	166	4	-1	
3	1	48	1	0	0	185	705	166	4	-1	
4	1	48	1	1	0	185	705	166	4	-1	
5	1	48	1	1	1	185	705	166	4	95.000000	 
2	1	49	0	0	0	1257	707	115	5	-1	
3	1	49	1	0	0	1257	707	115	5	-1	
4	1	49	1	1	0	1257	707	115	5	-1	
5	1	49	1	1	1	1257	707	115	5	95.000000	 
2	1	50	0	0	0	319	710	39	1	-1	
3	1	50	1	0	0	319	710	39	1	-1	
4	1	50	1	1	0	319	710	39	1	-1	
5	1	50	1	1	1	319	710	39	1	95.000000	 
2	1	51	0	0	0	1344	663	3	60	-1	
3	1	51	1	0	0	1344	663	3	60	-1	
4	1	51	1	1	0	1344	663	3	60	-1	
5	1	51	1	1	1	1344	663	3	60	95.000000	 
2	1	52	0	0	0	1287	679	1	34	-1	
3	1	52	1	0	0	1287	679	1	34	-1	
4	1	52	1	1	0	1287	679	1	34	-1	
5	1	52	1	1	1	1287	679	1	34	95.000000	 
2	1	53	0	0	0	1346	677	1	46	-1	
3	1	53	1	0	0	1346	677	1	46	-1	
4	1	53	1	1	0	1346	677	1	46	-1	
5	1	53	1	1	1	1346	677	1	46	95.000000	 
2	1	54	0	0	0	1353	672	1	57	-1	
3	1	54	1	0	0	1353	672	1	57	-1	
4	1	54	1	1	0	1353	672	1	57	-1	
5	1	54	1	1	1	1353	672	1	57	95.000000	 
2	1	55	0	0	0	342	688	3	30	-1	
3	1	55	1	0	0	342	688	3	30	-1	
4	1	55	1	1	0	342	688	3	30	-1	
5	1	55	1	1	1	342	688	3	30	95.000000	 
2	1	56	0	0	0	216	689	1	33	-1	
3	1	56	1	0	0	216	689	1	33	-1	
4	1	56	1	1	0	216	689	1	33	-1	
5	1	56	1	1	1	216	689	1	33	95.000000	 
2	1	57	0	0	0	1266	688	1	37	-1	
3	1	57	1	0	0	1266	688	1	37	-1	
4	1	57	1	1	0	1266	688	1	37	-1	
5	1	57	1	1	1	1266	688	1	37	95.000000	 
2	1	58	0	0	0	341	688	1	41	-1	
3	1	58	1	0	0	341	688	1	41	-1	
4	1	58	1	1	0	341	688	1	41	-1	
5	1	58	1	1	1	341	688	1	41	95.000000	 
2	1	59	0	0	0	1362	697	1	24	-1	
3	1	59	1	0	0	1362	697	1	24	-1	
4	1	59	1	1	0	1362	697	1	24	-1	
5	1	59	1	1	1	1362	697	1	24	95.000000	 
2	1	60	0	0	0	185	714	37	1	-1	
3	1	60	1	0	0	185	714	37	1	-1	
4	1	60	1	1	0	185	714	37	1	-1	
5	1	60	1	1	1	185	714	37	1	95.000000	 
2	1	61	0	0	0	1341	717	31	1	-1	
3	1	61	1	0	0	1341	717	31	1	-1	
4	1	61	1	1	0	1341	717	31	1	-1	
5	1	61	1	1	1	1341	717	31	1	95.000000	 
2	1	62	0	0	0	430	711	1	17	-1	
3	1	62	1	0	0	430	711	1	17	-1	
4	1	62	1	1	0	430	711	1	17	-1	
5	1	62	1	1	1	430	711	1	17	95.000000	 
2	1	63	0	0	0	440	723	26	1	-1	
3	1	63	1	0	0	440	723	26	1	-1	
4	1	63	1	1	0	440	723	26	1	-1	
5	1	63	1	1	1	440	723	26	1	95.000000	 
2	1	64	0	0	0	185	725	159	4	-1	
3	1	64	1	0	0	185	725	159	4	-1	
4	1	64	1	1	0	185	725	159	4	-1	
5	1	64	1	1	1	185	725	159	4	95.000000	 
2	1	65	0	0	0	1340	726	24	1	-1	
3	1	65	1	0	0	1340	726	24	1	-1	
4	1	65	1	1	0	1340	726	24	1	-1	
5	1	65	1	1	1	1340	726	24	1	95.000000	 
2	1	66	0	0	0	190	732	25	1	-1	
3	1	66	1	0	0	190	732	25	1	-1	
4	1	66	1	1	0	190	732	25	1	-1	
5	1	66	1	1	1	190	732	25	1	95.000000	 
2	1	67	0	0	0	442	732	27	1	-1	
3	1	67	1	0	0	442	732	27	1	-1	
4	1	67	1	1	0	442	732	27	1	-1	
5	1	67	1	1	1	442	732	27	1	95.000000	 
2	1	68	0	0	0	455	636	1	106	-1	
3	1	68	1	0	0	455	636	1	106	-1	
4	1	68	1	1	0	455	636	1	106	-1	
5	1	68	1	1	1	455	636	1	106	95.000000	 
2	1	69	0	0	0	1337	644	1	96	-1	
3	1	69	1	0	0	1337	644	1	96	-1	
4	1	69	1	1	0	1337	644	1	96	-1	
5	1	69	1	1	1	1337	644	1	96	95.000000	 
2	1	70	0	0	0	1353	672	3	63	-1	
3	1	70	1	0	0	1353	672	3	63	-1	
4	1	70	1	1	0	1353	672	3	63	-1	
5	1	70	1	1	1	1353	672	3	63	95.000000	 
2	1	71	0	0	0	192	664	3	89	-1	
3	1	71	1	0	0	192	664	3	89	-1	
4	1	71	1	1	0	192	664	3	89	-1	
5	1	71	1	1	1	192	664	3	89	95.000000	 
2	1	72	0	0	0	209	685	1	50	-1	
3	1	72	1	0	0	209	685	1	50	-1	
4	1	72	1	1	0	209	685	1	50	-1	
5	1	72	1	1	1	209	685	1	50	95.000000	 
2	1	73	0	0	0	200	676	3	74	-1	
3	1	73	1	0	0	200	676	3	74	-1	
4	1	73	1	1	0	200	676	3	74	-1	
5	1	73	1	1	1	200	676	3	74	95.000000	 
2	1	74	0	0	0	186	694	1	57	-1	
3	1	74	1	0	0	186	694	1	57	-1	
4	1	74	1	1	0	186	694	1	57	-1	
5	1	74	1	1	1	186	694	1	57	95.000000	 
2	1	75	0	0	0	1273	710	1	35	-1	
3	1	75	1	0	0	1273	710	1	35	-1	
4	1	75	1	1	0	1273	710	1	35	-1	
5	1	75	1	1	1	1273	710	1	35	95.000000	 
2	1	76	0	0	0	257	727	1	25	-1	
3	1	76	1	0	0	257	727	1	25	-1	
4	1	76	1	1	0	257	727	1	25	-1	
5	1	76	1	1	1	257	727	1	25	95.000000	 
2	1	77	0	0	0	439	739	17	1	-1	
3	1	77	1	0	0	439	739	17	1	-1	
4	1	77	1	1	0	439	739	17	1	-1	
5	1	77	1	1	1	439	739	17	1	95.000000	 
2	1	78	0	0	0	185	741	25	1	-1	
3	1	78	1	0	0	185	741	25	1	-1	
4	1	78	1	1	0	185	741	25	1	-1	
5	1	78	1	1	1	185	741	25	1	95.000000	 
2	1	79	0	0	0	426	741	33	1	-1	
3	1	79	1	0	0	426	741	33	1	-1	
4	1	79	1	1	0	426	741	33	1	-1	
5	1	79	1	1	1	426	741	33	1	95.000000	 
2	1	80	0	0	0	184	750	18	1	-1	
3	1	80	1	0	0	184	750	18	1	-1	
4	1	80	1	1	0	184	750	18	1	-1	
5	1	80	1	1	1	184	750	18	1	95.000000	 
2	1	81	0	0	0	1298	644	1	125	-1	
3	1	81	1	0	0	1298	644	1	125	-1	
4	1	81	1	1	0	1298	644	1	125	-1	
5	1	81	1	1	1	1298	644	1	125	95.000000	 
2	1	82	0	0	0	1296	658	3	111	-1	
3	1	82	1	0	0	1296	658	3	111	-1	
4	1	82	1	1	0	1296	658	3	111	-1	
5	1	82	1	1	1	1296	658	3	111	95.000000	 
2	1	83	0	0	0	1282	735	1	27	-1	
3	1	83	1	0	0	1282	735	1	27	-1	
4	1	83	1	1	0	1282	735	1	27	-1	
5	1	83	1	1	1	1282	735	1	27	95.000000	 
2	1	84	0	0	0	1277	757	22	1	-1	
3	1	84	1	0	0	1277	757	22	1	-1	
4	1	84	1	1	0	1277	757	22	1	-1	
5	1	84	1	1	1	1277	757	22	1	95.000000	 
2	1	85	0	0	0	316	773	25	1	-1	
3	1	85	1	0	0	316	773	25	1	-1	
4	1	85	1	1	0	316	773	25	1	-1	
5	1	85	1	1	1	316	773	25	1	95.000000	 
2	1	86	0	0	0	316	775	21	1	-1	
3	1	86	1	0	0	316	775	21	1	-1	
4	1	86	1	1	0	316	775	21	1	-1	
5	1	86	1	1	1	316	775	21	1	95.000000	 
2	1	87	0	0	0	325	782	25	1	-1	
3	1	87	1	0	0	325	782	25	1	-1	
4	1	87	1	1	0	325	782	25	1	-1	
5	1	87	1	1	1	325	782	25	1	95.000000	 
2	1	88	0	0	0	306	784	46	1	-1	
3	1	88	1	0	0	306	784	46	1	-1	
4	1	88	1	1	0	306	784	46	1	-1	
5	1	88	1	1	1	306	784	46	1	95.000000	 
2	1	89	0	0	0	325	767	3	47	-1	
3	1	89	1	0	0	325	767	3	47	-1	
4	1	89	1	1	0	325	767	3	47	-1	
5	1	89	1	1	1	325	767	3	47	95.000000	 
2	1	90	0	0	0	303	802	32	1	-1	
3	1	90	1	0	0	303	802	32	1	-1	
4	1	90	1	1	0	303	802	32	1	-1	
5	1	90	1	1	1	303	802	32	1	95.000000	 
2	1	91	0	0	0	327	793	1	21	-1	
3	1	91	1	0	0	327	793	1	21	-1	
4	1	91	1	1	0	327	793	1	21	-1	
5	1	91	1	1	1	327	793	1	21	95.000000	 
2	1	92	0	0	0	279	810	57	4	-1	
3	1	92	1	0	0	279	810	57	4	-1	
4	1	92	1	1	0	279	810	57	4	-1	
5	1	92	1	1	1	279	810	57	4	95.000000	 
2	1	93	0	0	0	293	811	43	1	-1	
3	1	93	1	0	0	293	811	43	1	-1	
4	1	93	1	1	0	293	811	43	1	-1	
5	1	93	1	1	1	293	811	43	1	95.000000	 
2	1	94	0	0	0	293	811	43	3	-1	
3	1	94	1	0	0	293	811	43	3	-1	
4	1	94	1	1	0	293	811	43	3	-1	
5	1	94	1	1	1	293	811	43	3	95.000000	 
2	1	95	0	0	0	332	692	3	131	-1	
3	1	95	1	0	0	332	692	3	131	-1	
4	1	95	1	1	0	332	692	3	131	-1	
5	1	95	1	1	1	332	692	3	131	95.000000	 
2	1	96	0	0	0	1494	819	1	24	-1	
3	1	96	1	0	0	1494	819	1	24	-1	
4	1	96	1	1	0	1494	819	1	24	-1	
5	1	96	1	1	1	1494	819	1	24	95.000000	 
2	1	97	0	0	0	277	831	50	1	-1	
3	1	97	1	0	0	277	831	50	1	-1	
4	1	97	1	1	0	277	831	50	1	-1	
5	1	97	1	1	1	277	831	50	1	95.000000	 
2	1	98	0	0	0	1470	834	25	1	-1	
3	1	98	1	0	0	1470	834	25	1	-1	
4	1	98	1	1	0	1470	834	25	1	-1	
5	1	98	1	1	1	1470	834	25	1	95.000000	 
2	1	99	0	0	0	268	840	60	1	-1	
3	1	99	1	0	0	268	840	60	1	-1	
4	1	99	1	1	0	268	840	60	1	-1	
5	1	99	1	1	1	268	840	60	1	95.000000	 
2	1	100	0	0	0	272	840	56	3	-1	
3	1	100	1	0	0	272	840	56	3	-1	
4	1	100	1	1	0	272	840	56	3	-1	
5	1	100	1	1	1	272	840	56	3	95.000000	 
2	1	101	0	0	0	272	842	59	1	-1	
3	1	101	1	0	0	272	842	59	1	-1	
4	1	101	1	1	0	272	842	59	1	-1	
5	1	101	1	1	1	272	842	59	1	95.000000	 
2	1	102	0	0	0	352	650	1	215	-1	
3	1	102	1	0	0	352	650	1	215	-1	
4	1	102	1	1	0	352	650	1	215	-1	
5	1	102	1	1	1	352	650	1	215	95.000000	 
2	1	103	0	0	0	789	845	31	1	-1	
3	1	103	1	0	0	789	845	31	1	-1	
4	1	103	1	1	0	789	845	31	1	-1	
5	1	103	1	1	1	789	845	31	1	95.000000	 
2	1	104	0	0	0	794	844	26	3	-1	
3	1	104	1	0	0	794	844	26	3	-1	
4	1	104	1	1	0	794	844	26	3	-1	
5	1	104	1	1	1	794	844	26	3	95.000000	 
2	1	105	0	0	0	794	847	26	1	-1	
3	1	105	1	0	0	794	847	26	1	-1	
4	1	105	1	1	0	794	847	26	1	-1	
5	1	105	1	1	1	794	847	26	1	95.000000	 
2	1	106	0	0	0	295	849	24	1	-1	
3	1	106	1	0	0	295	849	24	1	-1	
4	1	106	1	1	0	295	849	24	1	-1	
5	1	106	1	1	1	295	849	24	1	95.000000	 
2	1	107	0	0	0	264	849	55	3	-1	
3	1	107	1	0	0	264	849	55	3	-1	
4	1	107	1	1	0	264	849	55	3	-1	
5	1	107	1	1	1	264	849	55	3	95.000000	 
2	1	108	0	0	0	1403	850	18	1	-1	
3	1	108	1	0	0	1403	850	18	1	-1	
4	1	108	1	1	0	1403	850	18	1	-1	
5	1	108	1	1	1	1403	850	18	1	95.000000	 
2	1	109	0	0	0	1409	857	20	1	-1	
3	1	109	1	0	0	1409	857	20	1	-1	
4	1	109	1	1	0	1409	857	20	1	-1	
5	1	109	1	1	1	1409	857	20	1	95.000000	 
2	1	110	0	0	0	1401	859	32	1	-1	
3	1	110	1	0	0	1401	859	32	1	-1	
4	1	110	1	1	0	1401	859	32	1	-1	
5	1	110	1	1	1	1401	859	32	1	95.000000	 
2	1	111	0	0	0	261	860	56	1	-1	
3	1	111	1	0	0	261	860	56	1	-1	
4	1	111	1	1	0	261	860	56	1	-1	
5	1	111	1	1	1	261	860	56	1	95.000000	 
2	1	112	0	0	0	259	860	58	3	-1	
3	1	112	1	0	0	259	860	58	3	-1	
4	1	112	1	1	0	259	860	58	3	-1	
5	1	112	1	1	1	259	860	58	3	95.000000	 
2	1	113	0	0	0	447	639	3	241	-1	
3	1	113	1	0	0	447	639	3	241	-1	
4	1	113	1	1	0	447	639	3	241	-1	
5	1	113	1	1	1	447	639	3	241	95.000000	 
2	1	114	0	0	0	1476	826	1	48	-1	
3	1	114	1	0	0	1476	826	1	48	-1	
4	1	114	1	1	0	1476	826	1	48	-1	
5	1	114	1	1	1	1476	826	1	48	95.000000	 
2	1	115	0	0	0	435	867	20	1	-1	
3	1	115	1	0	0	435	867	20	1	-1	
4	1	115	1	1	0	435	867	20	1	-1	
5	1	115	1	1	1	435	867	20	1	95.000000	 
2	1	116	0	0	0	261	869	20	1	-1	
3	1	116	1	0	0	261	869	20	1	-1	
4	1	116	1	1	0	261	869	20	1	-1	
5	1	116	1	1	1	261	869	20	1	95.000000	 
2	1	117	0	0	0	441	854	1	32	-1	
3	1	117	1	0	0	441	854	1	32	-1	
4	1	117	1	1	0	441	854	1	32	-1	
5	1	117	1	1	1	441	854	1	32	95.000000	 
2	1	118	0	0	0	651	869	21	1	-1	
3	1	118	1	0	0	651	869	21	1	-1	
4	1	118	1	1	0	651	869	21	1	-1	
5	1	118	1	1	1	651	869	21	1	95.000000	 
2	1	119	0	0	0	254	871	206	6	-1	
3	1	119	1	0	0	254	871	206	6	-1	
4	1	119	1	1	0	254	871	206	6	-1	
5	1	119	1	1	1	254	871	206	6	95.000000	 
2	1	120	0	0	0	655	874	34	1	-1	
3	1	120	1	0	0	655	874	34	1	-1	
4	1	120	1	1	0	655	874	34	1	-1	
5	1	120	1	1	1	655	874	34	1	95.000000	 
2	1	121	0	0	0	443	867	1	17	-1	
3	1	121	1	0	0	443	867	1	17	-1	
4	1	121	1	1	0	443	867	1	17	-1	
5	1	121	1	1	1	443	867	1	17	95.000000	 
2	1	122	0	0	0	364	876	96	1	-1	
3	1	122	1	0	0	364	876	96	1	-1	
4	1	122	1	1	0	364	876	96	1	-1	
5	1	122	1	1	1	364	876	96	1	95.000000	 
2	1	123	0	0	0	428	885	27	1	-1	
3	1	123	1	0	0	428	885	27	1	-1	
4	1	123	1	1	0	428	885	27	1	-1	
5	1	123	1	1	1	428	885	27	1	95.000000	 
2	1	124	0	0	0	262	887	22	1	-1	
3	1	124	1	0	0	262	887	22	1	-1	
4	1	124	1	1	0	262	887	22	1	-1	
5	1	124	1	1	1	262	887	22	1	95.000000	 
2	1	125	0	0	0	462	686	3	206	-1	
3	1	125	1	0	0	462	686	3	206	-1	
4	1	125	1	1	0	462	686	3	206	-1	
5	1	125	1	1	1	462	686	3	206	95.000000	 
2	1	126	0	0	0	262	889	22	1	-1	
3	1	126	1	0	0	262	889	22	1	-1	
4	1	126	1	1	0	262	889	22	1	-1	
5	1	126	1	1	1	262	889	22	1	95.000000	 
2	1	127	0	0	0	432	877	1	26	-1	
3	1	127	1	0	0	432	877	1	26	-1	
4	1	127	1	1	0	432	877	1	26	-1	
5	1	127	1	1	1	432	877	1	26	95.000000	 
2	1	128	0	0	0	611	894	103	1	-1	
3	1	128	1	0	0	611	894	103	1	-1	
4	1	128	1	1	0	611	894	103	1	-1	
5	1	128	1	1	1	611	894	103	1	95.000000	 
2	1	129	0	0	0	1299	894	32	3	-1	
3	1	129	1	0	0	1299	894	32	3	-1	
4	1	129	1	1	0	1299	894	32	3	-1	
5	1	129	1	1	1	1299	894	32	3	95.000000	 
2	1	130	0	0	0	262	896	65	3	-1	
3	1	130	1	0	0	262	896	65	3	-1	
4	1	130	1	1	0	262	896	65	3	-1	
5	1	130	1	1	1	262	896	65	3	95.000000	 
2	1	131	0	0	0	1299	897	36	1	-1	
3	1	131	1	0	0	1299	897	36	1	-1	
4	1	131	1	1	0	1299	897	36	1	-1	
5	1	131	1	1	1	1299	897	36	1	95.000000	 
2	1	132	0	0	0	262	898	67	1	-1	
3	1	132	1	0	0	262	898	67	1	-1	
4	1	132	1	1	0	262	898	67	1	-1	
5	1	132	1	1	1	262	898	67	1	95.000000	 
2	1	133	0	0	0	617	903	22	1	-1	
3	1	133	1	0	0	617	903	22	1	-1	
4	1	133	1	1	0	617	903	22	1	-1	
5	1	133	1	1	1	617	903	22	1	95.000000	 
2	1	134	0	0	0	617	905	22	1	-1	
3	1	134	1	0	0	617	905	22	1	-1	
4	1	134	1	1	0	617	905	22	1	-1	
5	1	134	1	1	1	617	905	22	1	95.000000	 
2	1	135	0	0	0	245	907	82	1	-1	
3	1	135	1	0	0	245	907	82	1	-1	
4	1	135	1	1	0	245	907	82	1	-1	
5	1	135	1	1	1	245	907	82	1	95.000000	 
2	1	136	0	0	0	246	905	81	5	-1	
3	1	136	1	0	0	246	905	81	5	-1	
4	1	136	1	1	0	246	905	81	5	-1	
5	1	136	1	1	1	246	905	81	5	95.000000	 
2	1	137	0	0	0	246	906	81	3	-1	
3	1	137	1	0	0	246	906	81	3	-1	
4	1	137	1	1	0	246	906	81	3	-1	
5	1	137	1	1	1	246	906	81	3	95.000000	 
2	1	138	0	0	0	1027	908	148	1	-1	
3	1	138	1	0	0	1027	908	148	1	-1	
4	1	138	1	1	0	1027	908	148	1	-1	
5	1	138	1	1	1	1027	908	148	1	95.000000	 
2	1	139	0	0	0	318	823	3	100	-1	
3	1	139	1	0	0	318	823	3	100	-1	
4	1	139	1	1	0	318	823	3	100	-1	
5	1	139	1	1	1	318	823	3	100	95.000000	 
2	1	140	0	0	0	1344	889	1	24	-1	
3	1	140	1	0	0	1344	889	1	24	-1	
4	1	140	1	1	0	1344	889	1	24	-1	
5	1	140	1	1	1	1344	889	1	24	95.000000	 
2	1	141	0	0	0	1232	898	1	17	-1	
3	1	141	1	0	0	1232	898	1	17	-1	
4	1	141	1	1	0	1232	898	1	17	-1	
5	1	141	1	1	1	1232	898	1	17	95.000000	 
2	1	142	0	0	0	1023	908	152	3	-1	
3	1	142	1	0	0	1023	908	152	3	-1	
4	1	142	1	1	0	1023	908	152	3	-1	
5	1	142	1	1	1	1023	908	152	3	95.000000	 
2	1	143	0	0	0	558	910	169	3	-1	
3	1	143	1	0	0	558	910	169	3	-1	
4	1	143	1	1	0	558	910	169	3	-1	
5	1	143	1	1	1	558	910	169	3	95.000000	 
2	1	144	0	0	0	610	911	562	8	-1	
3	1	144	1	0	0	610	911	562	8	-1	
4	1	144	1	1	0	610	911	562	8	-1	
5	1	144	1	1	1	610	911	562	8	95.000000	 
2	1	145	0	0	0	254	914	71	3	-1	
3	1	145	1	0	0	254	914	71	3	-1	
4	1	145	1	1	0	254	914	71	3	-1	
5	1	145	1	1	1	254	914	71	3	95.000000	 
2	1	146	0	0	0	766	915	406	1	-1	
3	1	146	1	0	0	766	915	406	1	-1	
4	1	146	1	1	0	766	915	406	1	-1	
5	1	146	1	1	1	766	915	406	1	95.000000	 
2	1	147	0	0	0	941	915	231	3	-1	
3	1	147	1	0	0	941	915	231	3	-1	
4	1	147	1	1	0	941	915	231	3	-1	
5	1	147	1	1	1	941	915	231	3	95.000000	 
2	1	148	0	0	0	244	918	34	1	-1	
3	1	148	1	0	0	244	918	34	1	-1	
4	1	148	1	1	0	244	918	34	1	-1	
5	1	148	1	1	1	244	918	34	1	95.000000	 
2	1	149	0	0	0	941	919	107	1	-1	
3	1	149	1	0	0	941	919	107	1	-1	
4	1	149	1	1	0	941	919	107	1	-1	
5	1	149	1	1	1	941	919	107	1	95.000000	 
2	1	150	0	0	0	1393	922	49	1	-1	
3	1	150	1	0	0	1393	922	49	1	-1	
4	1	150	1	1	0	1393	922	49	1	-1	
5	1	150	1	1	1	1393	922	49	1	95.000000	 
2	1	151	0	0	0	557	922	209	7	-1	
3	1	151	1	0	0	557	922	209	7	-1	
4	1	151	1	1	0	557	922	209	7	-1	
5	1	151	1	1	1	557	922	209	7	95.000000	 
2	1	152	0	0	0	235	927	76	1	-1	
3	1	152	1	0	0	235	927	76	1	-1	
4	1	152	1	1	0	235	927	76	1	-1	
5	1	152	1	1	1	235	927	76	1	95.000000	 
2	1	153	0	0	0	924	926	151	3	-1	
3	1	153	1	0	0	924	926	151	3	-1	
4	1	153	1	1	0	924	926	151	3	-1	
5	1	153	1	1	1	924	926	151	3	95.000000	 
2	1	154	0	0	0	236	927	75	3	-1	
3	1	154	1	0	0	236	927	75	3	-1	
4	1	154	1	1	0	236	927	75	3	-1	
5	1	154	1	1	1	236	927	75	3	95.000000	 
2	1	155	0	0	0	608	927	158	4	-1	
3	1	155	1	0	0	608	927	158	4	-1	
4	1	155	1	1	0	608	927	158	4	-1	
5	1	155	1	1	1	608	927	158	4	95.000000	 
2	1	156	0	0	0	924	928	151	1	-1	
3	1	156	1	0	0	924	928	151	1	-1	
4	1	156	1	1	0	924	928	151	1	-1	
5	1	156	1	1	1	924	928	151	1	95.000000	 
2	1	157	0	0	0	293	806	3	130	-1	
3	1	157	1	0	0	293	806	3	130	-1	
4	1	157	1	1	0	293	806	3	130	-1	
5	1	157	1	1	1	293	806	3	130	95.000000	 
2	1	158	0	0	0	291	813	5	123	-1	
3	1	158	1	0	0	291	813	5	123	-1	
4	1	158	1	1	0	291	813	5	123	-1	
5	1	158	1	1	1	291	813	5	123	95.000000	 
2	1	159	0	0	0	1412	819	1	115	-1	
3	1	159	1	0	0	1412	819	1	115	-1	
4	1	159	1	1	0	1412	819	1	115	-1	
5	1	159	1	1	1	1412	819	1	115	95.000000	 
2	1	160	0	0	0	632	888	4	45	-1	
3	1	160	1	0	0	632	888	4	45	-1	
4	1	160	1	1	0	632	888	4	45	-1	
5	1	160	1	1	1	632	888	4	45	95.000000	 
2	1	161	0	0	0	1307	929	125	5	-1	
3	1	161	1	0	0	1307	929	125	5	-1	
4	1	161	1	1	0	1307	929	125	5	-1	
5	1	161	1	1	1	1307	929	125	5	95.000000	 
2	1	162	0	0	0	608	931	171	4	-1	
3	1	162	1	0	0	608	931	171	4	-1	
4	1	162	1	1	0	608	931	171	4	-1	
5	1	162	1	1	1	608	931	171	4	95.000000	 
2	1	163	0	0	0	1307	931	126	3	-1	
3	1	163	1	0	0	1307	931	126	3	-1	
4	1	163	1	1	0	1307	931	126	3	-1	
5	1	163	1	1	1	1307	931	126	3	95.000000	 
2	1	164	0	0	0	608	932	171	4	-1	
3	1	164	1	0	0	608	932	171	4	-1	
4	1	164	1	1	0	608	932	171	4	-1	
5	1	164	1	1	1	608	932	171	4	95.000000	 
2	1	165	0	0	0	909	934	198	3	-1	
3	1	165	1	0	0	909	934	198	3	-1	
4	1	165	1	1	0	909	934	198	3	-1	
5	1	165	1	1	1	909	934	198	3	95.000000	 
2	1	166	0	0	0	930	935	177	1	-1	
3	1	166	1	0	0	930	935	177	1	-1	
4	1	166	1	1	0	930	935	177	1	-1	
5	1	166	1	1	1	930	935	177	1	95.000000	 
2	1	167	0	0	0	238	936	47	1	-1	
3	1	167	1	0	0	238	936	47	1	-1	
4	1	167	1	1	0	238	936	47	1	-1	
5	1	167	1	1	1	238	936	47	1	95.000000	 
2	1	168	0	0	0	952	935	155	3	-1	
3	1	168	1	0	0	952	935	155	3	-1	
4	1	168	1	1	0	952	935	155	3	-1	
5	1	168	1	1	1	952	935	155	3	95.000000	 
2	1	169	0	0	0	626	935	153	5	-1	
3	1	169	1	0	0	626	935	153	5	-1	
4	1	169	1	1	0	626	935	153	5	-1	
5	1	169	1	1	1	626	935	153	5	95.000000	 
2	1	170	0	0	0	952	937	155	1	-1	
3	1	170	1	0	0	952	937	155	1	-1	
4	1	170	1	1	0	952	937	155	1	-1	
5	1	170	1	1	1	952	937	155	1	95.000000	 
2	1	171	0	0	0	234	938	21	1	-1	
3	1	171	1	0	0	234	938	21	1	-1	
4	1	171	1	1	0	234	938	21	1	-1	
5	1	171	1	1	1	234	938	21	1	95.000000	 
2	1	172	0	0	0	645	941	119	2	-1	
3	1	172	1	0	0	645	941	119	2	-1	
4	1	172	1	1	0	645	941	119	2	-1	
5	1	172	1	1	1	645	941	119	2	95.000000	 
2	1	173	0	0	0	644	942	137	5	-1	
3	1	173	1	0	0	644	942	137	5	-1	
4	1	173	1	1	0	644	942	137	5	-1	
5	1	173	1	1	1	644	942	137	5	95.000000	 
2	1	174	0	0	0	1315	944	23	1	-1	
3	1	174	1	0	0	1315	944	23	1	-1	
4	1	174	1	1	0	1315	944	23	1	-1	
5	1	174	1	1	1	1315	944	23	1	95.000000	 
2	1	175	0	0	0	255	945	37	1	-1	
3	1	175	1	0	0	255	945	37	1	-1	
4	1	175	1	1	0	255	945	37	1	-1	
5	1	175	1	1	1	255	945	37	1	95.000000	 
2	1	176	0	0	0	918	944	150	3	-1	
3	1	176	1	0	0	918	944	150	3	-1	
4	1	176	1	1	0	918	944	150	3	-1	
5	1	176	1	1	1	918	944	150	3	95.000000	 
2	1	177	0	0	0	644	944	122	5	-1	
3	1	177	1	0	0	644	944	122	5	-1	
4	1	177	1	1	0	644	944	122	5	-1	
5	1	177	1	1	1	644	944	122	5	95.000000	 
2	1	178	0	0	0	918	946	140	1	-1	
3	1	178	1	0	0	918	946	140	1	-1	
4	1	178	1	1	0	918	946	140	1	-1	
5	1	178	1	1	1	918	946	140	1	95.000000	 
2	1	179	0	0	0	661	953	533	1	-1	
3	1	179	1	0	0	661	953	533	1	-1	
4	1	179	1	1	0	661	953	533	1	-1	
5	1	179	1	1	1	661	953	533	1	95.000000	 
2	1	180	0	0	0	286	797	1	166	-1	
3	1	180	1	0	0	286	797	1	166	-1	
4	1	180	1	1	0	286	797	1	166	-1	
5	1	180	1	1	1	286	797	1	166	95.000000	 
2	1	181	0	0	0	644	946	550	10	-1	
3	1	181	1	0	0	644	946	550	10	-1	
4	1	181	1	1	0	644	946	550	10	-1	
5	1	181	1	1	1	644	946	550	10	95.000000	 
2	1	182	0	0	0	661	951	531	4	-1	
3	1	182	1	0	0	661	951	531	4	-1	
4	1	182	1	1	0	661	951	531	4	-1	
5	1	182	1	1	1	661	951	531	4	95.000000	 
2	1	183	0	0	0	661	951	533	5	-1	
3	1	183	1	0	0	661	951	533	5	-1	
4	1	183	1	1	0	661	951	533	5	-1	
5	1	183	1	1	1	661	951	533	5	95.000000	 
2	1	184	0	0	0	263	954	119	1	-1	
3	1	184	1	0	0	263	954	119	1	-1	
4	1	184	1	1	0	263	954	119	1	-1	
5	1	184	1	1	1	263	954	119	1	95.000000	 
2	1	185	0	0	0	255	954	127	3	-1	
3	1	185	1	0	0	255	954	127	3	-1	
4	1	185	1	1	0	255	954	127	3	-1	
5	1	185	1	1	1	255	954	127	3	95.000000	 
2	1	186	0	0	0	489	956	206	5	-1	
3	1	186	1	0	0	489	956	206	5	-1	
4	1	186	1	1	0	489	956	206	5	-1	
5	1	186	1	1	1	489	956	206	5	95.000000	 
2	1	187	0	0	0	1406	958	38	1	-1	
3	1	187	1	0	0	1406	958	38	1	-1	
4	1	187	1	1	0	1406	958	38	1	-1	
5	1	187	1	1	1	1406	958	38	1	95.000000	 
2	1	188	0	0	0	481	958	25	3	-1	
3	1	188	1	0	0	481	958	25	3	-1	
4	1	188	1	1	0	481	958	25	3	-1	
5	1	188	1	1	1	481	958	25	3	95.000000	 
2	1	189	0	0	0	483	956	961	10	-1	
3	1	189	1	0	0	483	956	961	10	-1	
4	1	189	1	1	0	483	956	961	10	-1	
5	1	189	1	1	1	483	956	961	10	95.000000	 
2	1	190	0	0	0	483	956	961	10	-1	
3	1	190	1	0	0	483	956	961	10	-1	
4	1	190	1	1	0	483	956	961	10	-1	
5	1	190	1	1	1	483	956	961	10	95.000000	 
2	1	191	0	0	0	483	957	961	8	-1	
3	1	191	1	0	0	483	957	961	8	-1	
4	1	191	1	1	0	483	957	961	8	-1	
5	1	191	1	1	1	483	957	961	8	95.000000	 
2	1	192	0	0	0	489	961	17	1	-1	
3	1	192	1	0	0	489	961	17	1	-1	
4	1	192	1	1	0	489	961	17	1	-1	
5	1	192	1	1	1	489	961	17	1	95.000000	 
2	1	193	0	0	0	483	961	465	4	-1	
3	1	193	1	0	0	483	961	465	4	-1	
4	1	193	1	1	0	483	961	465	4	-1	
5	1	193	1	1	1	483	961	465	4	95.000000	 
2	1	194	0	0	0	483	961	465	4	-1	
3	1	194	1	0	0	483	961	465	4	-1	
4	1	194	1	1	0	483	961	465	4	-1	
5	1	194	1	1	1	483	961	465	4	95.000000	 
2	1	195	0	0	0	483	960	721	5	-1	
3	1	195	1	0	0	483	960	721	5	-1	
4	1	195	1	1	0	483	960	721	5	-1	
5	1	195	1	1	1	483	960	721	5	95.000000	 
2	1	196	0	0	0	483	961	721	3	-1	
3	1	196	1	0	0	483	961	721	3	-1	
4	1	196	1	1	0	483	961	721	3	-1	
5	1	196	1	1	1	483	961	721	3	95.000000	 
2	1	197	0	0	0	287	963	23	1	-1	
3	1	197	1	0	0	287	963	23	1	-1	
4	1	197	1	1	0	287	963	23	1	-1	
5	1	197	1	1	1	287	963	23	1	95.000000	 
2	1	198	0	0	0	297	962	13	3	-1	
3	1	198	1	0	0	297	962	13	3	-1	
4	1	198	1	1	0	297	962	13	3	-1	
5	1	198	1	1	1	297	962	13	3	95.000000	 
2	1	199	0	0	0	297	965	20	1	-1	
3	1	199	1	0	0	297	965	20	1	-1	
4	1	199	1	1	0	297	965	20	1	-1	
5	1	199	1	1	1	297	965	20	1	95.000000	 
2	1	200	0	0	0	1419	967	23	1	-1	
3	1	200	1	0	0	1419	967	23	1	-1	
4	1	200	1	1	0	1419	967	23	1	-1	
5	1	200	1	1	1	1419	967	23	1	95.000000	 
2	1	201	0	0	0	483	966	943	10	-1	
3	1	201	1	0	0	483	966	943	10	-1	
4	1	201	1	1	0	483	966	943	10	-1	
5	1	201	1	1	1	483	966	943	10	95.000000	 
2	1	202	0	0	0	548	967	723	7	-1	
3	1	202	1	0	0	548	967	723	7	-1	
4	1	202	1	1	0	548	967	723	7	-1	
5	1	202	1	1	1	548	967	723	7	95.000000	 
2	1	203	0	0	0	255	970	1171	3	-1	
3	1	203	1	0	0	255	970	1171	3	-1	
4	1	203	1	1	0	255	970	1171	3	-1	
5	1	203	1	1	1	255	970	1171	3	95.000000	 
2	1	204	0	0	0	548	970	633	3	-1	
3	1	204	1	0	0	548	970	633	3	-1	
4	1	204	1	1	0	548	970	633	3	-1	
5	1	204	1	1	1	548	970	633	3	95.000000	 
2	1	205	0	0	0	548	971	878	2	-1	
3	1	205	1	0	0	548	971	878	2	-1	
4	1	205	1	1	0	548	971	878	2	-1	
5	1	205	1	1	1	548	971	878	2	95.000000	 
2	1	206	0	0	0	548	971	878	2	-1	
3	1	206	1	0	0	548	971	878	2	-1	
4	1	206	1	1	0	548	971	878	2	-1	
5	1	206	1	1	1	548	971	878	2	95.000000	 
2	1	207	0	0	0	548	971	878	2	-1	
3	1	207	1	0	0	548	971	878	2	-1	
4	1	207	1	1	0	548	971	878	2	-1	
5	1	207	1	1	1	548	971	878	2	95.000000	 
2	1	208	0	0	0	548	971	878	2	-1	
3	1	208	1	0	0	548	971	878	2	-1	
4	1	208	1	1	0	548	971	878	2	-1	
5	1	208	1	1	1	548	971	878	2	95.000000	 
2	1	209	0	0	0	548	971	878	2	-1	
3	1	209	1	0	0	548	971	878	2	-1	
4	1	209	1	1	0	548	971	878	2	-1	
5	1	209	1	1	1	548	971	878	2	95.000000	 
2	1	210	0	0	0	549	968	877	7	-1	
3	1	210	1	0	0	549	968	877	7	-1	
4	1	210	1	1	0	549	968	877	7	-1	
5	1	210	1	1	1	549	968	877	7	95.000000	 
2	1	211	0	0	0	548	970	878	6	-1	
3	1	211	1	0	0	548	970	878	6	-1	
4	1	211	1	1	0	548	970	878	6	-1	
5	1	211	1	1	1	548	970	878	6	95.000000	 
2	1	212	0	0	0	548	970	878	6	-1	
3	1	212	1	0	0	548	970	878	6	-1	
4	1	212	1	1	0	548	970	878	6	-1	
5	1	212	1	1	1	548	970	878	6	95.000000	 
2	1	213	0	0	0	1644	110	69	888	-1	
3	1	213	1	0	0	1644	110	69	888	-1	
4	1	213	1	1	0	1644	110	69	888	-1	
5	1	213	1	1	1	1644	110	69	888	95.000000	 
2	1	214	0	0	0	276	837	3	145	-1	
3	1	214	1	0	0	276	837	3	145	-1	
4	1	214	1	1	0	276	837	3	145	-1	
5	1	214	1	1	1	276	837	3	145	95.000000	 
2	1	215	0	0	0	277	851	1	131	-1	
3	1	215	1	0	0	277	851	1	131	-1	
4	1	215	1	1	0	277	851	1	131	-1	
5	1	215	1	1	1	277	851	1	131	95.000000	 
2	1	216	0	0	0	829	964	1	17	-1	
3	1	216	1	0	0	829	964	1	17	-1	
4	1	216	1	1	0	829	964	1	17	-1	
5	1	216	1	1	1	829	964	1	17	95.000000	 
2	1	217	0	0	0	893	973	533	8	-1	
3	1	217	1	0	0	893	973	533	8	-1	
4	1	217	1	1	0	893	973	533	8	-1	
5	1	217	1	1	1	893	973	533	8	95.000000	 
2	1	218	0	0	0	893	973	533	8	-1	
3	1	218	1	0	0	893	973	533	8	-1	
4	1	218	1	1	0	893	973	533	8	-1	
5	1	218	1	1	1	893	973	533	8	95.000000	 
2	1	219	0	0	0	893	973	533	8	-1	
3	1	219	1	0	0	893	973	533	8	-1	
4	1	219	1	1	0	893	973	533	8	-1	
5	1	219	1	1	1	893	973	533	8	95.000000	 
2	1	220	0	0	0	893	974	533	7	-1	
3	1	220	1	0	0	893	974	533	7	-1	
4	1	220	1	1	0	893	974	533	7	-1	
5	1	220	1	1	1	893	974	533	7	95.000000	 
2	1	221	0	0	0	893	974	533	7	-1	
3	1	221	1	0	0	893	974	533	7	-1	
4	1	221	1	1	0	893	974	533	7	-1	
5	1	221	1	1	1	893	974	533	7	95.000000	 
2	1	222	0	0	0	893	974	533	7	-1	
3	1	222	1	0	0	893	974	533	7	-1	
4	1	222	1	1	0	893	974	533	7	-1	
5	1	222	1	1	1	893	974	533	7	95.000000	 
2	1	223	0	0	0	893	974	533	7	-1	
3	1	223	1	0	0	893	974	533	7	-1	
4	1	223	1	1	0	893	974	533	7	-1	
5	1	223	1	1	1	893	974	533	7	95.000000	 
2	1	224	0	0	0	497	973	929	11	-1	
3	1	224	1	0	0	497	973	929	11	-1	
4	1	224	1	1	0	497	973	929	11	-1	
5	1	224	1	1	1	497	973	929	11	95.000000	 
2	1	225	0	0	0	1082	965	1	27	-1	
3	1	225	1	0	0	1082	965	1	27	-1	
4	1	225	1	1	0	1082	965	1	27	-1	
5	1	225	1	1	1	1082	965	1	27	95.000000	 
2	1	226	0	0	0	548	973	1	17	-1	
3	1	226	1	0	0	548	973	1	17	-1	
4	1	226	1	1	0	548	973	1	17	-1	
5	1	226	1	1	1	548	973	1	17	95.000000	 
2	1	227	0	0	0	497	981	246	6	-1	
3	1	227	1	0	0	497	981	246	6	-1	
4	1	227	1	1	0	497	981	246	6	-1	
5	1	227	1	1	1	497	981	246	6	95.000000	 
2	1	228	0	0	0	497	984	246	3	-1	
3	1	228	1	0	0	497	984	246	3	-1	
4	1	228	1	1	0	497	984	246	3	-1	
5	1	228	1	1	1	497	984	246	3	95.000000	 
2	1	229	0	0	0	497	984	246	3	-1	
3	1	229	1	0	0	497	984	246	3	-1	
4	1	229	1	1	0	497	984	246	3	-1	
5	1	229	1	1	1	497	984	246	3	95.000000	 
2	1	230	0	0	0	480	978	1	17	-1	
3	1	230	1	0	0	480	978	1	17	-1	
4	1	230	1	1	0	480	978	1	17	-1	
5	1	230	1	1	1	480	978	1	17	95.000000	 
2	1	231	0	0	0	1084	975	1	23	-1	
3	1	231	1	0	0	1084	975	1	23	-1	
4	1	231	1	1	0	1084	975	1	23	-1	
5	1	231	1	1	1	1084	975	1	23	95.000000	 
2	1	232	0	0	0	497	985	332	6	-1	
3	1	232	1	0	0	497	985	332	6	-1	
4	1	232	1	1	0	497	985	332	6	-1	
5	1	232	1	1	1	497	985	332	6	95.000000	 
2	1	233	0	0	0	497	985	332	6	-1	
3	1	233	1	0	0	497	985	332	6	-1	
4	1	233	1	1	0	497	985	332	6	-1	
5	1	233	1	1	1	497	985	332	6	95.000000	 
2	1	234	0	0	0	953	985	382	6	-1	
3	1	234	1	0	0	953	985	382	6	-1	
4	1	234	1	1	0	953	985	382	6	-1	
5	1	234	1	1	1	953	985	382	6	95.000000	 
2	1	235	0	0	0	497	986	332	6	-1	
3	1	235	1	0	0	497	986	332	6	-1	
4	1	235	1	1	0	497	986	332	6	-1	
5	1	235	1	1	1	497	986	332	6	95.000000	 
2	1	236	0	0	0	497	985	332	7	-1	
3	1	236	1	0	0	497	985	332	7	-1	
4	1	236	1	1	0	497	985	332	7	-1	
5	1	236	1	1	1	497	985	332	7	95.000000	 
2	1	237	0	0	0	497	985	332	7	-1	
3	1	237	1	0	0	497	985	332	7	-1	
4	1	237	1	1	0	497	985	332	7	-1	
5	1	237	1	1	1	497	985	332	7	95.000000	 
2	1	238	0	0	0	953	986	382	6	-1	
3	1	238	1	0	0	953	986	382	6	-1	
4	1	238	1	1	0	953	986	382	6	-1	
5	1	238	1	1	1	953	986	382	6	95.000000	 
2	1	239	0	0	0	953	985	391	7	-1	
3	1	239	1	0	0	953	985	391	7	-1	
4	1	239	1	1	0	953	985	391	7	-1	
5	1	239	1	1	1	953	985	391	7	95.000000	 
2	1	240	0	0	0	953	987	382	5	-1	
3	1	240	1	0	0	953	987	382	5	-1	
4	1	240	1	1	0	953	987	382	5	-1	
5	1	240	1	1	1	953	987	382	5	95.000000	 
2	1	241	0	0	0	953	987	382	5	-1	
3	1	241	1	0	0	953	987	382	5	-1	
4	1	241	1	1	0	953	987	382	5	-1	
5	1	241	1	1	1	953	987	382	5	95.000000	 
2	1	242	0	0	0	953	987	382	5	-1	
3	1	242	1	0	0	953	987	382	5	-1	
4	1	242	1	1	0	953	987	382	5	-1	
5	1	242	1	1	1	953	987	382	5	95.000000	 
2	1	243	0	0	0	956	986	379	8	-1	
3	1	243	1	0	0	956	986	379	8	-1	
4	1	243	1	1	0	956	986	379	8	-1	
5	1	243	1	1	1	956	986	379	8	95.000000	 
2	1	244	0	0	0	551	989	278	6	-1	
3	1	244	1	0	0	551	989	278	6	-1	
4	1	244	1	1	0	551	989	278	6	-1	
5	1	244	1	1	1	551	989	278	6	95.000000	 
2	1	245	0	0	0	382	990	447	8	-1	
3	1	245	1	0	0	382	990	447	8	-1	
4	1	245	1	1	0	382	990	447	8	-1	
5	1	245	1	1	1	382	990	447	8	95.000000	 
2	1	246	0	0	0	551	995	254	2	-1	
3	1	246	1	0	0	551	995	254	2	-1	
4	1	246	1	1	0	551	995	254	2	-1	
5	1	246	1	1	1	551	995	254	2	95.000000	 
2	1	247	0	0	0	1404	848	3	152	-1	
3	1	247	1	0	0	1404	848	3	152	-1	
4	1	247	1	1	0	1404	848	3	152	-1	
5	1	247	1	1	1	1404	848	3	152	95.000000	 
2	1	248	0	0	0	1426	846	3	165	-1	
3	1	248	1	0	0	1426	846	3	165	-1	
4	1	248	1	1	0	1426	846	3	165	-1	
5	1	248	1	1	1	1426	846	3	165	95.000000	 
2	1	249	0	0	0	243	919	3	96	-1	
3	1	249	1	0	0	243	919	3	96	-1	
4	1	249	1	1	0	243	919	3	96	-1	
5	1	249	1	1	1	243	919	3	96	95.000000	 
2	1	250	0	0	0	1208	956	3	50	-1	
3	1	250	1	0	0	1208	956	3	50	-1	
4	1	250	1	1	0	1208	956	3	50	-1	
5	1	250	1	1	1	1208	956	3	50	95.000000	 
2	1	251	0	0	0	384	988	445	11	-1	
3	1	251	1	0	0	384	988	445	11	-1	
4	1	251	1	1	0	384	988	445	11	-1	
5	1	251	1	1	1	384	988	445	11	95.000000	 
2	1	252	0	0	0	384	990	445	9	-1	
3	1	252	1	0	0	384	990	445	9	-1	
4	1	252	1	1	0	384	990	445	9	-1	
5	1	252	1	1	1	384	990	445	9	95.000000	 
2	1	253	0	0	0	1095	992	349	7	-1	
3	1	253	1	0	0	1095	992	349	7	-1	
4	1	253	1	1	0	1095	992	349	7	-1	
5	1	253	1	1	1	1095	992	349	7	95.000000	 
2	1	254	0	0	0	1095	994	347	5	-1	
3	1	254	1	0	0	1095	994	347	5	-1	
4	1	254	1	1	0	1095	994	347	5	-1	
5	1	254	1	1	1	1095	994	347	5	95.000000	 
2	1	255	0	0	0	1095	994	347	5	-1	
3	1	255	1	0	0	1095	994	347	5	-1	
4	1	255	1	1	0	1095	994	347	5	-1	
5	1	255	1	1	1	1095	994	347	5	95.000000	 
2	1	256	0	0	0	1207	989	1	17	-1	
3	1	256	1	0	0	1207	989	1	17	-1	
4	1	256	1	1	0	1207	989	1	17	-1	
5	1	256	1	1	1	1207	989	1	17	95.000000	 
2	1	257	0	0	0	239	997	497	7	-1	
3	1	257	1	0	0	239	997	497	7	-1	
4	1	257	1	1	0	239	997	497	7	-1	
5	1	257	1	1	1	239	997	497	7	95.000000	 
2	1	258	0	0	0	1353	1001	87	3	-1	
3	1	258	1	0	0	1353	1001	87	3	-1	
4	1	258	1	1	0	1353	1001	87	3	-1	
5	1	258	1	1	1	1353	1001	87	3	95.000000	 
2	1	259	0	0	0	350	1001	386	6	-1	
3	1	259	1	0	0	350	1001	386	6	-1	
4	1	259	1	1	0	350	1001	386	6	-1	
5	1	259	1	1	1	350	1001	386	6	95.000000	 
2	1	260	0	0	0	1353	1003	89	1	-1	
3	1	260	1	0	0	1353	1003	89	1	-1	
4	1	260	1	1	0	1353	1003	89	1	-1	
5	1	260	1	1	1	1353	1003	89	1	95.000000	 
2	1	261	0	0	0	350	1004	230	3	-1	
3	1	261	1	0	0	350	1004	230	3	-1	
4	1	261	1	1	0	350	1004	230	3	-1	
5	1	261	1	1	1	350	1004	230	3	95.000000	 
2	1	262	0	0	0	712	1003	721	6	-1	
3	1	262	1	0	0	712	1003	721	6	-1	
4	1	262	1	1	0	712	1003	721	6	-1	
5	1	262	1	1	1	712	1003	721	6	95.000000	 
2	1	263	0	0	0	225	1003	1217	7	-1	
3	1	263	1	0	0	225	1003	1217	7	-1	
4	1	263	1	1	0	225	1003	1217	7	-1	
5	1	263	1	1	1	225	1003	1217	7	95.000000	 
2	1	264	0	0	0	225	1003	1217	7	-1	
3	1	264	1	0	0	225	1003	1217	7	-1	
4	1	264	1	1	0	225	1003	1217	7	-1	
5	1	264	1	1	1	225	1003	1217	7	95.000000	 
2	1	265	0	0	0	225	1007	1208	1	-1	
3	1	265	1	0	0	225	1007	1208	1	-1	
4	1	265	1	1	0	225	1007	1208	1	-1	
5	1	265	1	1	1	225	1007	1208	1	95.000000	 
2	1	266	0	0	0	225	1007	1208	1	-1	
3	1	266	1	0	0	225	1007	1208	1	-1	
4	1	266	1	1	0	225	1007	1208	1	-1	
5	1	266	1	1	1	225	1007	1208	1	95.000000	 
2	1	267	0	0	0	225	1007	1208	1	-1	
3	1	267	1	0	0	225	1007	1208	1	-1	
4	1	267	1	1	0	225	1007	1208	1	-1	
5	1	267	1	1	1	225	1007	1208	1	95.000000	 
2	1	268	0	0	0	225	1007	1208	1	-1	
3	1	268	1	0	0	225	1007	1208	1	-1	
4	1	268	1	1	0	225	1007	1208	1	-1	
5	1	268	1	1	1	225	1007	1208	1	95.000000	 
2	1	269	0	0	0	350	1006	230	3	-1	
3	1	269	1	0	0	350	1006	230	3	-1	
4	1	269	1	1	0	350	1006	230	3	-1	
5	1	269	1	1	1	350	1006	230	3	95.000000	 
2	1	270	0	0	0	225	1007	1208	3	-1	
3	1	270	1	0	0	225	1007	1208	3	-1	
4	1	270	1	1	0	225	1007	1208	3	-1	
5	1	270	1	1	1	225	1007	1208	3	95.000000	 
2	1	271	0	0	0	225	1007	1208	3	-1	
3	1	271	1	0	0	225	1007	1208	3	-1	
4	1	271	1	1	0	225	1007	1208	3	-1	
5	1	271	1	1	1	225	1007	1208	3	95.000000	 
2	1	272	0	0	0	225	1007	1208	3	-1	
3	1	272	1	0	0	225	1007	1208	3	-1	
4	1	272	1	1	0	225	1007	1208	3	-1	
5	1	272	1	1	1	225	1007	1208	3	95.000000	 
2	1	273	0	0	0	234	1007	1199	5	-1	
3	1	273	1	0	0	234	1007	1199	5	-1	
4	1	273	1	1	0	234	1007	1199	5	-1	
5	1	273	1	1	1	234	1007	1199	5	95.000000	 
2	1	274	0	0	0	234	1007	1199	5	-1	
3	1	274	1	0	0	234	1007	1199	5	-1	
4	1	274	1	1	0	234	1007	1199	5	-1	
5	1	274	1	1	1	234	1007	1199	5	95.000000	 
2	1	275	0	0	0	1331	1010	102	1	-1	
3	1	275	1	0	0	1331	1010	102	1	-1	
4	1	275	1	1	0	1331	1010	102	1	-1	
5	1	275	1	1	1	1331	1010	102	1	95.000000	 
2	1	276	0	0	0	1331	1012	102	1	-1	
3	1	276	1	0	0	1331	1012	102	1	-1	
4	1	276	1	1	0	1331	1012	102	1	-1	
5	1	276	1	1	1	1331	1012	102	1	95.000000	 
2	1	277	0	0	0	225	1010	987	7	-1	
3	1	277	1	0	0	225	1010	987	7	-1	
4	1	277	1	1	0	225	1010	987	7	-1	
5	1	277	1	1	1	225	1010	987	7	95.000000	 
2	1	278	0	0	0	638	1015	574	4	-1	
3	1	278	1	0	0	638	1015	574	4	-1	
4	1	278	1	1	0	638	1015	574	4	-1	
5	1	278	1	1	1	638	1015	574	4	95.000000	 
2	1	279	0	0	0	199	1018	1238	1	-1	
3	1	279	1	0	0	199	1018	1238	1	-1	
4	1	279	1	1	0	199	1018	1238	1	-1	
5	1	279	1	1	1	199	1018	1238	1	95.000000	 
2	1	280	0	0	0	199	1018	1238	1	-1	
3	1	280	1	0	0	199	1018	1238	1	-1	
4	1	280	1	1	0	199	1018	1238	1	-1	
5	1	280	1	1	1	199	1018	1238	1	95.000000	 
2	1	281	0	0	0	638	1017	574	3	-1	
3	1	281	1	0	0	638	1017	574	3	-1	
4	1	281	1	1	0	638	1017	574	3	-1	
5	1	281	1	1	1	638	1017	574	3	95.000000	 
2	1	282	0	0	0	1419	844	1	184	-1	
3	1	282	1	0	0	1419	844	1	184	-1	
4	1	282	1	1	0	1419	844	1	184	-1	
5	1	282	1	1	1	1419	844	1	184	95.000000	 
2	1	283	0	0	0	1419	844	3	184	-1	
3	1	283	1	0	0	1419	844	3	184	-1	
4	1	283	1	1	0	1419	844	3	184	-1	
5	1	283	1	1	1	1419	844	3	184	95.000000	 
2	1	284	0	0	0	1428	846	3	182	-1	
3	1	284	1	0	0	1428	846	3	182	-1	
4	1	284	1	1	0	1428	846	3	182	-1	
5	1	284	1	1	1	1428	846	3	182	95.000000	 
2	1	285	0	0	0	386	866	3	170	-1	
3	1	285	1	0	0	386	866	3	170	-1	
4	1	285	1	1	0	386	866	3	170	-1	
5	1	285	1	1	1	386	866	3	170	95.000000	 
2	1	286	0	0	0	254	887	1	154	-1	
3	1	286	1	0	0	254	887	1	154	-1	
4	1	286	1	1	0	254	887	1	154	-1	
5	1	286	1	1	1	254	887	1	154	95.000000	 
2	1	287	0	0	0	1435	905	1	134	-1	
3	1	287	1	0	0	1435	905	1	134	-1	
4	1	287	1	1	0	1435	905	1	134	-1	
5	1	287	1	1	1	1435	905	1	134	95.000000	 
2	1	288	0	0	0	1435	905	1	134	-1	
3	1	288	1	0	0	1435	905	1	134	-1	
4	1	288	1	1	0	1435	905	1	134	-1	
5	1	288	1	1	1	1435	905	1	134	95.000000	 
2	1	289	0	0	0	1677	980	13	52	-1	
3	1	289	1	0	0	1677	980	13	52	-1	
4	1	289	1	1	0	1677	980	13	52	-1	
5	1	289	1	1	1	1677	980	13	52	40.871544	Ae?
2	1	290	0	0	0	1107	982	1	53	-1	
3	1	290	1	0	0	1107	982	1	53	-1	
4	1	290	1	1	0	1107	982	1	53	-1	
5	1	290	1	1	1	1107	982	1	53	95.000000	 
2	1	291	0	0	0	1107	982	3	53	-1	
3	1	291	1	0	0	1107	982	3	53	-1	
4	1	291	1	1	0	1107	982	3	53	-1	
5	1	291	1	1	1	1107	982	3	53	95.000000	 
2	1	292	0	0	0	473	996	1	31	-1	
3	1	292	1	0	0	473	996	1	31	-1	
4	1	292	1	1	0	473	996	1	31	-1	
5	1	292	1	1	1	473	996	1	31	95.000000	 
2	1	293	0	0	0	199	1016	1238	5	-1	
3	1	293	1	0	0	199	1016	1238	5	-1	
4	1	293	1	1	0	199	1016	1238	5	-1	
5	1	293	1	1	1	199	1016	1238	5	95.000000	 
2	1	294	0	0	0	225	1013	1212	11	-1	
3	1	294	1	0	0	225	1013	1212	11	-1	
4	1	294	1	1	0	225	1013	1212	11	-1	
5	1	294	1	1	1	225	1013	1212	11	95.000000	 
2	1	295	0	0	0	225	1013	1212	11	-1	
3	1	295	1	0	0	225	1013	1212	11	-1	
4	1	295	1	1	0	225	1013	1212	11	-1	
5	1	295	1	1	1	225	1013	1212	11	95.000000	 
2	1	296	0	0	0	225	1013	1212	11	-1	
3	1	296	1	0	0	225	1013	1212	11	-1	
4	1	296	1	1	0	225	1013	1212	11	-1	
5	1	296	1	1	1	225	1013	1212	11	95.000000	 
2	1	297	0	0	0	215	1006	1	27	-1	
3	1	297	1	0	0	215	1006	1	27	-1	
4	1	297	1	1	0	215	1006	1	27	-1	
5	1	297	1	1	1	215	1006	1	27	95.000000	 
2	1	298	0	0	0	208	1012	1	20	-1	
3	1	298	1	0	0	208	1012	1	20	-1	
4	1	298	1	1	0	208	1012	1	20	-1	
5	1	298	1	1	1	208	1012	1	20	95.000000	 
2	1	299	0	0	0	1346	1021	91	1	-1	
3	1	299	1	0	0	1346	1021	91	1	-1	
4	1	299	1	1	0	1346	1021	91	1	-1	
5	1	299	1	1	1	1346	1021	91	1	95.000000	 
2	1	300	0	0	0	225	1024	890	6	-1	
3	1	300	1	0	0	225	1024	890	6	-1	
4	1	300	1	1	0	225	1024	890	6	-1	
5	1	300	1	1	1	225	1024	890	6	95.000000	 
2	1	301	0	0	0	225	1026	890	4	-1	
3	1	301	1	0	0	225	1026	890	4	-1	
4	1	301	1	1	0	225	1026	890	4	-1	
5	1	301	1	1	1	225	1026	890	4	95.000000	 
2	1	302	0	0	0	225	1026	890	4	-1	
3	1	302	1	0	0	225	1026	890	4	-1	
4	1	302	1	1	0	225	1026	890	4	-1	
5	1	302	1	1	1	225	1026	890	4	95.000000	 
2	1	303	0	0	0	677	1026	438	3	-1	
3	1	303	1	0	0	677	1026	438	3	-1	
4	1	303	1	1	0	677	1026	438	3	-1	
5	1	303	1	1	1	677	1026	438	3	95.000000	 
2	1	304	0	0	0	677	1026	438	3	-1	
3	1	304	1	0	0	677	1026	438	3	-1	
4	1	304	1	1	0	677	1026	438	3	-1	
5	1	304	1	1	1	677	1026	438	3	95.000000	 
2	1	305	0	0	0	677	1026	438	3	-1	
3	1	305	1	0	0	677	1026	438	3	-1	
4	1	305	1	1	0	677	1026	438	3	-1	
5	1	305	1	1	1	677	1026	438	3	95.000000	 
2	1	306	0	0	0	677	1027	438	1	-1	
3	1	306	1	0	0	677	1027	438	1	-1	
4	1	306	1	1	0	677	1027	438	1	-1	
5	1	306	1	1	1	677	1027	438	1	95.000000	 
2	1	307	0	0	0	934	1027	181	1	-1	
3	1	307	1	0	0	934	1027	181	1	-1	
4	1	307	1	1	0	934	1027	181	1	-1	
5	1	307	1	1	1	934	1027	181	1	95.000000	 
2	1	308	0	0	0	324	1024	791	10	-1	
3	1	308	1	0	0	324	1024	791	10	-1	
4	1	308	1	1	0	324	1024	791	10	-1	
5	1	308	1	1	1	324	1024	791	10	95.000000	 
2	1	309	0	0	0	484	1024	1	17	-1	
3	1	309	1	0	0	484	1024	1	17	-1	
4	1	309	1	1	0	484	1024	1	17	-1	
5	1	309	1	1	1	484	1024	1	17	95.000000	 
2	1	310	0	0	0	1419	1032	17	1	-1	
3	1	310	1	0	0	1419	1032	17	1	-1	
4	1	310	1	1	0	1419	1032	17	1	-1	
5	1	310	1	1	1	1419	1032	17	1	95.000000	 
2	1	311	0	0	0	225	1030	973	12	-1	
3	1	311	1	0	0	225	1030	973	12	-1	
4	1	311	1	1	0	225	1030	973	12	-1	
5	1	311	1	1	1	225	1030	973	12	95.000000	 
2	1	312	0	0	0	225	1030	973	12	-1	
3	1	312	1	0	0	225	1030	973	12	-1	
4	1	312	1	1	0	225	1030	973	12	-1	
5	1	312	1	1	1	225	1030	973	12	95.000000	 
2	1	313	0	0	0	225	1030	973	12	-1	
3	1	313	1	0	0	225	1030	973	12	-1	
4	1	313	1	1	0	225	1030	973	12	-1	
5	1	313	1	1	1	225	1030	973	12	95.000000	 
2	1	314	0	0	0	225	1030	973	12	-1	
3	1	314	1	0	0	225	1030	973	12	-1	
4	1	314	1	1	0	225	1030	973	12	-1	
5	1	314	1	1	1	225	1030	973	12	95.000000	 
2	1	315	0	0	0	225	1030	975	12	-1	
3	1	315	1	0	0	225	1030	975	12	-1	
4	1	315	1	1	0	225	1030	975	12	-1	
5	1	315	1	1	1	225	1030	975	12	95.000000	 
2	1	316	0	0	0	225	1031	946	11	-1	
3	1	316	1	0	0	225	1031	946	11	-1	
4	1	316	1	1	0	225	1031	946	11	-1	
5	1	316	1	1	1	225	1031	946	11	95.000000	 
2	1	317	0	0	0	225	1033	973	8	-1	
3	1	317	1	0	0	225	1033	973	8	-1	
4	1	317	1	1	0	225	1033	973	8	-1	
5	1	317	1	1	1	225	1033	973	8	95.000000	 
2	1	318	0	0	0	1314	890	1	163	-1	
3	1	318	1	0	0	1314	890	1	163	-1	
4	1	318	1	1	0	1314	890	1	163	-1	
5	1	318	1	1	1	1314	890	1	163	95.000000	 
2	1	319	0	0	0	1314	890	1	163	-1	
3	1	319	1	0	0	1314	890	1	163	-1	
4	1	319	1	1	0	1314	890	1	163	-1	
5	1	319	1	1	1	1314	890	1	163	95.000000	 
2	1	320	0	0	0	505	953	1	104	-1	
3	1	320	1	0	0	505	953	1	104	-1	
4	1	320	1	1	0	505	953	1	104	-1	
5	1	320	1	1	1	505	953	1	104	95.000000	 
2	1	321	0	0	0	1257	981	1	82	-1	
3	1	321	1	0	0	1257	981	1	82	-1	
4	1	321	1	1	0	1257	981	1	82	-1	
5	1	321	1	1	1	1257	981	1	82	95.000000	 
2	1	322	0	0	0	512	986	3	74	-1	
3	1	322	1	0	0	512	986	3	74	-1	
4	1	322	1	1	0	512	986	3	74	-1	
5	1	322	1	1	1	512	986	3	74	95.000000	 
2	1	323	0	0	0	799	983	1	81	-1	
3	1	323	1	0	0	799	983	1	81	-1	
4	1	323	1	1	0	799	983	1	81	-1	
5	1	323	1	1	1	799	983	1	81	95.000000	 
2	1	324	0	0	0	865	1002	1	44	-1	
3	1	324	1	0	0	865	1002	1	44	-1	
4	1	324	1	1	0	865	1002	1	44	-1	
5	1	324	1	1	1	865	1002	1	44	95.000000	 
2	1	325	0	0	0	201	1025	1	27	-1	
3	1	325	1	0	0	201	1025	1	27	-1	
4	1	325	1	1	0	201	1025	1	27	-1	
5	1	325	1	1	1	201	1025	1	27	95.000000	 
2	1	326	0	0	0	225	1038	783	8	-1	
3	1	326	1	0	0	225	1038	783	8	-1	
4	1	326	1	1	0	225	1038	783	8	-1	
5	1	326	1	1	1	225	1038	783	8	95.000000	 
2	1	327	0	0	0	225	1039	783	5	-1	
3	1	327	1	0	0	225	1039	783	5	-1	
4	1	327	1	1	0	225	1039	783	5	-1	
5	1	327	1	1	1	225	1039	783	5	95.000000	 
2	1	328	0	0	0	225	1039	783	5	-1	
3	1	328	1	0	0	225	1039	783	5	-1	
4	1	328	1	1	0	225	1039	783	5	-1	
5	1	328	1	1	1	225	1039	783	5	95.000000	 
2	1	329	0	0	0	225	1039	783	5	-1	
3	1	329	1	0	0	225	1039	783	5	-1	
4	1	329	1	1	0	225	1039	783	5	-1	
5	1	329	1	1	1	225	1039	783	5	95.000000	 
2	1	330	0	0	0	225	1039	783	5	-1	
3	1	330	1	0	0	225	1039	783	5	-1	
4	1	330	1	1	0	225	1039	783	5	-1	
5	1	330	1	1	1	225	1039	783	5	95.000000	 
2	1	331	0	0	0	340	1042	668	2	-1	
3	1	331	1	0	0	340	1042	668	2	-1	
4	1	331	1	1	0	340	1042	668	2	-1	
5	1	331	1	1	1	340	1042	668	2	95.000000	 
2	1	332	0	0	0	1175	1042	67	3	-1	
3	1	332	1	0	0	1175	1042	67	3	-1	
4	1	332	1	1	0	1175	1042	67	3	-1	
5	1	332	1	1	1	1175	1042	67	3	95.000000	 
2	1	333	0	0	0	1175	1043	89	1	-1	
3	1	333	1	0	0	1175	1043	89	1	-1	
4	1	333	1	1	0	1175	1043	89	1	-1	
5	1	333	1	1	1	1175	1043	89	1	95.000000	 
2	1	334	0	0	0	220	1044	788	8	-1	
3	1	334	1	0	0	220	1044	788	8	-1	
4	1	334	1	1	0	220	1044	788	8	-1	
5	1	334	1	1	1	220	1044	788	8	95.000000	 
2	1	335	0	0	0	220	1045	788	8	-1	
3	1	335	1	0	0	220	1045	788	8	-1	
4	1	335	1	1	0	220	1045	788	8	-1	
5	1	335	1	1	1	220	1045	788	8	95.000000	 
2	1	336	0	0	0	220	1045	788	8	-1	
3	1	336	1	0	0	220	1045	788	8	-1	
4	1	336	1	1	0	220	1045	788	8	-1	
5	1	336	1	1	1	220	1045	788	8	95.000000	 
2	1	337	0	0	0	220	1049	780	2	-1	
3	1	337	1	0	0	220	1049	780	2	-1	
4	1	337	1	1	0	220	1049	780	2	-1	
5	1	337	1	1	1	220	1049	780	2	95.000000	 
2	1	338	0	0	0	220	1049	780	2	-1	
3	1	338	1	0	0	220	1049	780	2	-1	
4	1	338	1	1	0	220	1049	780	2	-1	
5	1	338	1	1	1	220	1049	780	2	95.000000	 
2	1	339	0	0	0	1178	1047	219	8	-1	
3	1	339	1	0	0	1178	1047	219	8	-1	
4	1	339	1	1	0	1178	1047	219	8	-1	
5	1	339	1	1	1	1178	1047	219	8	95.000000	 
2	1	340	0	0	0	220	1051	780	2	-1	
3	1	340	1	0	0	220	1051	780	2	-1	
4	1	340	1	1	0	220	1051	780	2	-1	
5	1	340	1	1	1	220	1051	780	2	95.000000	 
2	1	341	0	0	0	325	1048	675	7	-1	
3	1	341	1	0	0	325	1048	675	7	-1	
4	1	341	1	1	0	325	1048	675	7	-1	
5	1	341	1	1	1	325	1048	675	7	95.000000	 
2	1	342	0	0	0	1178	1052	146	3	-1	
3	1	342	1	0	0	1178	1052	146	3	-1	
4	1	342	1	1	0	1178	1052	146	3	-1	
5	1	342	1	1	1	1178	1052	146	3	95.000000	 
2	1	343	0	0	0	211	1053	781	6	-1	
3	1	343	1	0	0	211	1053	781	6	-1	
4	1	343	1	1	0	211	1053	781	6	-1	
5	1	343	1	1	1	211	1053	781	6	95.000000	 
2	1	344	0	0	0	211	1050	789	12	-1	
3	1	344	1	0	0	211	1050	789	12	-1	
4	1	344	1	1	0	211	1050	789	12	-1	
5	1	344	1	1	1	211	1050	789	12	95.000000	 
2	1	345	0	0	0	211	1050	789	12	-1	
3	1	345	1	0	0	211	1050	789	12	-1	
4	1	345	1	1	0	211	1050	789	12	-1	
5	1	345	1	1	1	211	1050	789	12	95.000000	 
2	1	346	0	0	0	211	1050	789	12	-1	
3	1	346	1	0	0	211	1050	789	12	-1	
4	1	346	1	1	0	211	1050	789	12	-1	
5	1	346	1	1	1	211	1050	789	12	95.000000	 
2	1	347	0	0	0	211	1049	789	13	-1	
3	1	347	1	0	0	211	1049	789	13	-1	
4	1	347	1	1	0	211	1049	789	13	-1	
5	1	347	1	1	1	211	1049	789	13	95.000000	 
2	1	348	0	0	0	211	1053	789	6	-1	
3	1	348	1	0	0	211	1053	789	6	-1	
4	1	348	1	1	0	211	1053	789	6	-1	
5	1	348	1	1	1	211	1053	789	6	95.000000	 
2	1	349	0	0	0	211	1051	789	11	-1	
3	1	349	1	0	0	211	1051	789	11	-1	
4	1	349	1	1	0	211	1051	789	11	-1	
5	1	349	1	1	1	211	1051	789	11	95.000000	 
2	1	350	0	0	0	211	1051	789	11	-1	
3	1	350	1	0	0	211	1051	789	11	-1	
4	1	350	1	1	0	211	1051	789	11	-1	
5	1	350	1	1	1	211	1051	789	11	95.000000	 
2	1	351	0	0	0	1263	1059	45	1	-1	
3	1	351	1	0	0	1263	1059	45	1	-1	
4	1	351	1	1	0	1263	1059	45	1	-1	
5	1	351	1	1	1	1263	1059	45	1	95.000000	 
2	1	352	0	0	0	208	1060	204	4	-1	
3	1	352	1	0	0	208	1060	204	4	-1	
4	1	352	1	1	0	208	1060	204	4	-1	
5	1	352	1	1	1	208	1060	204	4	95.000000	 
2	1	353	0	0	0	1263	1061	41	1	-1	
3	1	353	1	0	0	1263	1061	41	1	-1	
4	1	353	1	1	0	1263	1061	41	1	-1	
5	1	353	1	1	1	1263	1061	41	1	95.000000	 
2	1	354	0	0	0	284	797	8	280	-1	
3	1	354	1	0	0	284	797	8	280	-1	
4	1	354	1	1	0	284	797	8	280	-1	
5	1	354	1	1	1	284	797	8	280	95.000000	 
2	1	355	0	0	0	286	797	5	280	-1	
3	1	355	1	0	0	286	797	5	280	-1	
4	1	355	1	1	0	286	797	5	280	-1	
5	1	355	1	1	1	286	797	5	280	95.000000	 
2	1	356	0	0	0	286	797	5	280	-1	
3	1	356	1	0	0	286	797	5	280	-1	
4	1	356	1	1	0	286	797	5	280	-1	
5	1	356	1	1	1	286	797	5	280	95.000000	 
2	1	357	0	0	0	811	832	6	242	-1	
3	1	357	1	0	0	811	832	6	242	-1	
4	1	357	1	1	0	811	832	6	242	-1	
5	1	357	1	1	1	811	832	6	242	95.000000	 
2	1	358	0	0	0	811	832	6	242	-1	
3	1	358	1	0	0	811	832	6	242	-1	
4	1	358	1	1	0	811	832	6	242	-1	
5	1	358	1	1	1	811	832	6	242	95.000000	 
2	1	359	0	0	0	812	832	5	242	-1	
3	1	359	1	0	0	812	832	5	242	-1	
4	1	359	1	1	0	812	832	5	242	-1	
5	1	359	1	1	1	812	832	5	242	95.000000	 
2	1	360	0	0	0	813	832	3	241	-1	
3	1	360	1	0	0	813	832	3	241	-1	
4	1	360	1	1	0	813	832	3	241	-1	
5	1	360	1	1	1	813	832	3	241	95.000000	 
2	1	361	0	0	0	591	917	1	163	-1	
3	1	361	1	0	0	591	917	1	163	-1	
4	1	361	1	1	0	591	917	1	163	-1	
5	1	361	1	1	1	591	917	1	163	95.000000	 
2	1	362	0	0	0	763	927	3	148	-1	
3	1	362	1	0	0	763	927	3	148	-1	
4	1	362	1	1	0	763	927	3	148	-1	
5	1	362	1	1	1	763	927	3	148	95.000000	 
2	1	363	0	0	0	764	927	6	148	-1	
3	1	363	1	0	0	764	927	6	148	-1	
4	1	363	1	1	0	764	927	6	148	-1	
5	1	363	1	1	1	764	927	6	148	95.000000	 
2	1	364	0	0	0	756	944	3	142	-1	
3	1	364	1	0	0	756	944	3	142	-1	
4	1	364	1	1	0	756	944	3	142	-1	
5	1	364	1	1	1	756	944	3	142	95.000000	 
2	1	365	0	0	0	840	963	1	111	-1	
3	1	365	1	0	0	840	963	1	111	-1	
4	1	365	1	1	0	840	963	1	111	-1	
5	1	365	1	1	1	840	963	1	111	95.000000	 
2	1	366	0	0	0	765	982	4	93	-1	
3	1	366	1	0	0	765	982	4	93	-1	
4	1	366	1	1	0	765	982	4	93	-1	
5	1	366	1	1	1	765	982	4	93	95.000000	 
2	1	367	0	0	0	418	1007	1	63	-1	
3	1	367	1	0	0	418	1007	1	63	-1	
4	1	367	1	1	0	418	1007	1	63	-1	
5	1	367	1	1	1	418	1007	1	63	95.000000	 
2	1	368	0	0	0	418	1031	3	39	-1	
3	1	368	1	0	0	418	1031	3	39	-1	
4	1	368	1	1	0	418	1031	3	39	-1	
5	1	368	1	1	1	418	1031	3	39	95.000000	 
2	1	369	0	0	0	222	1044	1	34	-1	
3	1	369	1	0	0	222	1044	1	34	-1	
4	1	369	1	1	0	222	1044	1	34	-1	
5	1	369	1	1	1	222	1044	1	34	95.000000	 
2	1	370	0	0	0	1263	1058	139	8	-1	
3	1	370	1	0	0	1263	1058	139	8	-1	
4	1	370	1	1	0	1263	1058	139	8	-1	
5	1	370	1	1	1	1263	1058	139	8	95.000000	 
2	1	371	0	0	0	566	1062	400	8	-1	
3	1	371	1	0	0	566	1062	400	8	-1	
4	1	371	1	1	0	566	1062	400	8	-1	
5	1	371	1	1	1	566	1062	400	8	95.000000	 
2	1	372	0	0	0	566	1062	400	8	-1	
3	1	372	1	0	0	566	1062	400	8	-1	
4	1	372	1	1	0	566	1062	400	8	-1	
5	1	372	1	1	1	566	1062	400	8	95.000000	 
2	1	373	0	0	0	566	1062	400	7	-1	
3	1	373	1	0	0	566	1062	400	7	-1	
4	1	373	1	1	0	566	1062	400	7	-1	
5	1	373	1	1	1	566	1062	400	7	95.000000	 
2	1	374	0	0	0	566	1063	406	6	-1	
3	1	374	1	0	0	566	1063	406	6	-1	
4	1	374	1	1	0	566	1063	406	6	-1	
5	1	374	1	1	1	566	1063	406	6	95.000000	 
2	1	375	0	0	0	1278	1065	124	4	-1	
3	1	375	1	0	0	1278	1065	124	4	-1	
4	1	375	1	1	0	1278	1065	124	4	-1	
5	1	375	1	1	1	1278	1065	124	4	95.000000	 
2	1	376	0	0	0	218	1064	194	7	-1	
3	1	376	1	0	0	218	1064	194	7	-1	
4	1	376	1	1	0	218	1064	194	7	-1	
5	1	376	1	1	1	218	1064	194	7	95.000000	 
2	1	377	0	0	0	1286	1066	116	3	-1	
3	1	377	1	0	0	1286	1066	116	3	-1	
4	1	377	1	1	0	1286	1066	116	3	-1	
5	1	377	1	1	1	1286	1066	116	3	95.000000	 
2	1	378	0	0	0	356	1070	55	4	-1	
3	1	378	1	0	0	356	1070	55	4	-1	
4	1	378	1	1	0	356	1070	55	4	-1	
5	1	378	1	1	1	356	1070	55	4	95.000000	 
2	1	379	0	0	0	566	1068	408	7	-1	
3	1	379	1	0	0	566	1068	408	7	-1	
4	1	379	1	1	0	566	1068	408	7	-1	
5	1	379	1	1	1	566	1068	408	7	95.000000	 
2	1	380	0	0	0	551	1071	423	4	-1	
3	1	380	1	0	0	551	1071	423	4	-1	
4	1	380	1	1	0	551	1071	423	4	-1	
5	1	380	1	1	1	551	1071	423	4	95.000000	 
2	1	381	0	0	0	220	1071	754	6	-1	
3	1	381	1	0	0	220	1071	754	6	-1	
4	1	381	1	1	0	220	1071	754	6	-1	
5	1	381	1	1	1	220	1071	754	6	95.000000	 
2	1	382	0	0	0	220	1071	754	6	-1	
3	1	382	1	0	0	220	1071	754	6	-1	
4	1	382	1	1	0	220	1071	754	6	-1	
5	1	382	1	1	1	220	1071	754	6	95.000000	 
2	1	383	0	0	0	220	1071	754	6	-1	
3	1	383	1	0	0	220	1071	754	6	-1	
4	1	383	1	1	0	220	1071	754	6	-1	
5	1	383	1	1	1	220	1071	754	6	95.000000	 
2	1	384	0	0	0	356	1073	61	1	-1	
3	1	384	1	0	0	356	1073	61	1	-1	
4	1	384	1	1	0	356	1073	61	1	-1	
5	1	384	1	1	1	356	1073	61	1	95.000000	 
2	1	385	0	0	0	220	1070	754	9	-1	
3	1	385	1	0	0	220	1070	754	9	-1	
4	1	385	1	1	0	220	1070	754	9	-1	
5	1	385	1	1	1	220	1070	754	9	95.000000	 
2	1	386	0	0	0	220	1074	791	8	-1	
3	1	386	1	0	0	220	1074	791	8	-1	
4	1	386	1	1	0	220	1074	791	8	-1	
5	1	386	1	1	1	220	1074	791	8	95.000000	 
2	1	387	0	0	0	321	1072	653	12	-1	
3	1	387	1	0	0	321	1072	653	12	-1	
4	1	387	1	1	0	321	1072	653	12	-1	
5	1	387	1	1	1	321	1072	653	12	95.000000	 
2	1	388	0	0	0	1212	1074	182	8	-1	
3	1	388	1	0	0	1212	1074	182	8	-1	
4	1	388	1	1	0	1212	1074	182	8	-1	
5	1	388	1	1	1	1212	1074	182	8	95.000000	 
2	1	389	0	0	0	1212	1075	182	7	-1	
3	1	389	1	0	0	1212	1075	182	7	-1	
4	1	389	1	1	0	1212	1075	182	7	-1	
5	1	389	1	1	1	1212	1075	182	7	95.000000	 
2	1	390	0	0	0	321	1080	690	5	-1	
3	1	390	1	0	0	321	1080	690	5	-1	
4	1	390	1	1	0	321	1080	690	5	-1	
5	1	390	1	1	1	321	1080	690	5	95.000000	 
2	1	391	0	0	0	675	1081	336	3	-1	
3	1	391	1	0	0	675	1081	336	3	-1	
4	1	391	1	1	0	675	1081	336	3	-1	
5	1	391	1	1	1	675	1081	336	3	95.000000	 
2	1	392	0	0	0	675	1081	336	3	-1	
3	1	392	1	0	0	675	1081	336	3	-1	
4	1	392	1	1	0	675	1081	336	3	-1	
5	1	392	1	1	1	675	1081	336	3	95.000000	 
2	1	393	0	0	0	675	1081	336	3	-1	
3	1	393	1	0	0	675	1081	336	3	-1	
4	1	393	1	1	0	675	1081	336	3	-1	
5	1	393	1	1	1	675	1081	336	3	95.000000	 
2	1	394	0	0	0	675	1080	338	5	-1	
3	1	394	1	0	0	675	1080	338	5	-1	
4	1	394	1	1	0	675	1080	338	5	-1	
5	1	394	1	1	1	675	1080	338	5	95.000000	 
2	1	395	0	0	0	675	1083	336	1	-1	
3	1	395	1	0	0	675	1083	336	1	-1	
4	1	395	1	1	0	675	1083	336	1	-1	
5	1	395	1	1	1	675	1083	336	1	95.000000	 
2	1	396	0	0	0	933	823	1	267	-1	
3	1	396	1	0	0	933	823	1	267	-1	
4	1	396	1	1	0	933	823	1	267	-1	
5	1	396	1	1	1	933	823	1	267	95.000000	 
2	1	397	0	0	0	386	866	7	237	-1	
3	1	397	1	0	0	386	866	7	237	-1	
4	1	397	1	1	0	386	866	7	237	-1	
5	1	397	1	1	1	386	866	7	237	95.000000	 
2	1	398	0	0	0	386	866	7	237	-1	
3	1	398	1	0	0	386	866	7	237	-1	
4	1	398	1	1	0	386	866	7	237	-1	
5	1	398	1	1	1	386	866	7	237	95.000000	 
2	1	399	0	0	0	573	908	1	189	-1	
3	1	399	1	0	0	573	908	1	189	-1	
4	1	399	1	1	0	573	908	1	189	-1	
5	1	399	1	1	1	573	908	1	189	95.000000	 
2	1	400	0	0	0	573	908	4	189	-1	
3	1	400	1	0	0	573	908	4	189	-1	
4	1	400	1	1	0	573	908	4	189	-1	
5	1	400	1	1	1	573	908	4	189	95.000000	 
2	1	401	0	0	0	575	908	1	189	-1	
3	1	401	1	0	0	575	908	1	189	-1	
4	1	401	1	1	0	575	908	1	189	-1	
5	1	401	1	1	1	575	908	1	189	95.000000	 
2	1	402	0	0	0	575	908	1	189	-1	
3	1	402	1	0	0	575	908	1	189	-1	
4	1	402	1	1	0	575	908	1	189	-1	
5	1	402	1	1	1	575	908	1	189	95.000000	 
2	1	403	0	0	0	899	911	3	192	-1	
3	1	403	1	0	0	899	911	3	192	-1	
4	1	403	1	1	0	899	911	3	192	-1	
5	1	403	1	1	1	899	911	3	192	95.000000	 
2	1	404	0	0	0	956	917	1	185	-1	
3	1	404	1	0	0	956	917	1	185	-1	
4	1	404	1	1	0	956	917	1	185	-1	
5	1	404	1	1	1	956	917	1	185	95.000000	 
2	1	405	0	0	0	917	947	1	148	-1	
3	1	405	1	0	0	917	947	1	148	-1	
4	1	405	1	1	0	917	947	1	148	-1	
5	1	405	1	1	1	917	947	1	148	95.000000	 
2	1	406	0	0	0	954	939	3	163	-1	
3	1	406	1	0	0	954	939	3	163	-1	
4	1	406	1	1	0	954	939	3	163	-1	
5	1	406	1	1	1	954	939	3	163	95.000000	 
2	1	407	0	0	0	1175	947	3	161	-1	
3	1	407	1	0	0	1175	947	3	161	-1	
4	1	407	1	1	0	1175	947	3	161	-1	
5	1	407	1	1	1	1175	947	3	161	95.000000	 
2	1	408	0	0	0	1176	947	3	161	-1	
3	1	408	1	0	0	1176	947	3	161	-1	
4	1	408	1	1	0	1176	947	3	161	-1	
5	1	408	1	1	1	1176	947	3	161	95.000000	 
2	1	409	0	0	0	347	972	3	115	-1	
3	1	409	1	0	0	347	972	3	115	-1	
4	1	409	1	1	0	347	972	3	115	-1	
5	1	409	1	1	1	347	972	3	115	95.000000	 
2	1	410	0	0	0	347	972	5	115	-1	
3	1	410	1	0	0	347	972	5	115	-1	
4	1	410	1	1	0	347	972	5	115	-1	
5	1	410	1	1	1	347	972	5	115	95.000000	 
2	1	411	0	0	0	906	966	3	127	-1	
3	1	411	1	0	0	906	966	3	127	-1	
4	1	411	1	1	0	906	966	3	127	-1	
5	1	411	1	1	1	906	966	3	127	95.000000	 
2	1	412	0	0	0	908	966	1	127	-1	
3	1	412	1	0	0	908	966	1	127	-1	
4	1	412	1	1	0	908	966	1	127	-1	
5	1	412	1	1	1	908	966	1	127	95.000000	 
2	1	413	0	0	0	411	962	3	140	-1	
3	1	413	1	0	0	411	962	3	140	-1	
4	1	413	1	1	0	411	962	3	140	-1	
5	1	413	1	1	1	411	962	3	140	95.000000	 
2	1	414	0	0	0	557	962	1	142	-1	
3	1	414	1	0	0	557	962	1	142	-1	
4	1	414	1	1	0	557	962	1	142	-1	
5	1	414	1	1	1	557	962	1	142	95.000000	 
2	1	415	0	0	0	767	982	1	111	-1	
3	1	415	1	0	0	767	982	1	111	-1	
4	1	415	1	1	0	767	982	1	111	-1	
5	1	415	1	1	1	767	982	1	111	95.000000	 
2	1	416	0	0	0	1151	974	3	134	-1	
3	1	416	1	0	0	1151	974	3	134	-1	
4	1	416	1	1	0	1151	974	3	134	-1	
5	1	416	1	1	1	1151	974	3	134	95.000000	 
2	1	417	0	0	0	238	1004	1	86	-1	
3	1	417	1	0	0	238	1004	1	86	-1	
4	1	417	1	1	0	238	1004	1	86	-1	
5	1	417	1	1	1	238	1004	1	86	95.000000	 
2	1	418	0	0	0	398	997	3	103	-1	
3	1	418	1	0	0	398	997	3	103	-1	
4	1	418	1	1	0	398	997	3	103	-1	
5	1	418	1	1	1	398	997	3	103	95.000000	 
2	1	419	0	0	0	236	1021	3	69	-1	
3	1	419	1	0	0	236	1021	3	69	-1	
4	1	419	1	1	0	236	1021	3	69	-1	
5	1	419	1	1	1	236	1021	3	69	95.000000	 
2	1	420	0	0	0	995	1040	1	62	-1	
3	1	420	1	0	0	995	1040	1	62	-1	
4	1	420	1	1	0	995	1040	1	62	-1	
5	1	420	1	1	1	995	1040	1	62	95.000000	 
2	1	421	0	0	0	1298	1050	1	55	-1	
3	1	421	1	0	0	1298	1050	1	55	-1	
4	1	421	1	1	0	1298	1050	1	55	-1	
5	1	421	1	1	1	1298	1050	1	55	95.000000	 
2	1	422	0	0	0	1298	1050	4	55	-1	
3	1	422	1	0	0	1298	1050	4	55	-1	
4	1	422	1	1	0	1298	1050	4	55	-1	
5	1	422	1	1	1	1298	1050	4	55	95.000000	 
2	1	423	0	0	0	194	1071	780	17	-1	
3	1	423	1	0	0	194	1071	780	17	-1	
4	1	423	1	1	0	194	1071	780	17	-1	
5	1	423	1	1	1	194	1071	780	17	95.000000	 
2	1	424	0	0	0	406	1060	1	40	-1	
3	1	424	1	0	0	406	1060	1	40	-1	
4	1	424	1	1	0	406	1060	1	40	-1	
5	1	424	1	1	1	406	1060	1	40	95.000000	 
2	1	425	0	0	0	1227	1055	1	51	-1	
3	1	425	1	0	0	1227	1055	1	51	-1	
4	1	425	1	1	0	1227	1055	1	51	-1	
5	1	425	1	1	1	1227	1055	1	51	95.000000	 
2	1	426	0	0	0	1234	1073	1	18	-1	
3	1	426	1	0	0	1234	1073	1	18	-1	
4	1	426	1	1	0	1234	1073	1	18	-1	
5	1	426	1	1	1	1234	1073	1	18	95.000000	 
2	1	427	0	0	0	224	1072	1	25	-1	
3	1	427	1	0	0	224	1072	1	25	-1	
4	1	427	1	1	0	224	1072	1	25	-1	
5	1	427	1	1	1	224	1072	1	25	95.000000	 
2	1	428	0	0	0	1134	1083	226	6	-1	
3	1	428	1	0	0	1134	1083	226	6	-1	
4	1	428	1	1	0	1134	1083	226	6	-1	
5	1	428	1	1	1	1134	1083	226	6	95.000000	 
2	1	429	0	0	0	311	1084	487	8	-1	
3	1	429	1	0	0	311	1084	487	8	-1	
4	1	429	1	1	0	311	1084	487	8	-1	
5	1	429	1	1	1	311	1084	487	8	95.000000	 
2	1	430	0	0	0	321	1083	477	10	-1	
3	1	430	1	0	0	321	1083	477	10	-1	
4	1	430	1	1	0	321	1083	477	10	-1	
5	1	430	1	1	1	321	1083	477	10	95.000000	 
2	1	431	0	0	0	939	1083	421	10	-1	
3	1	431	1	0	0	939	1083	421	10	-1	
4	1	431	1	1	0	939	1083	421	10	-1	
5	1	431	1	1	1	939	1083	421	10	95.000000	 
2	1	432	0	0	0	939	1083	421	10	-1	
3	1	432	1	0	0	939	1083	421	10	-1	
4	1	432	1	1	0	939	1083	421	10	-1	
5	1	432	1	1	1	939	1083	421	10	95.000000	 
2	1	433	0	0	0	939	1083	421	10	-1	
3	1	433	1	0	0	939	1083	421	10	-1	
4	1	433	1	1	0	939	1083	421	10	-1	
5	1	433	1	1	1	939	1083	421	10	95.000000	 
2	1	434	0	0	0	939	1084	421	9	-1	
3	1	434	1	0	0	939	1084	421	9	-1	
4	1	434	1	1	0	939	1084	421	9	-1	
5	1	434	1	1	1	939	1084	421	9	95.000000	 
2	1	435	0	0	0	942	1085	418	10	-1	
3	1	435	1	0	0	942	1085	418	10	-1	
4	1	435	1	1	0	942	1085	418	10	-1	
5	1	435	1	1	1	942	1085	418	10	95.000000	 
2	1	436	0	0	0	194	1090	218	4	-1	
3	1	436	1	0	0	194	1090	218	4	-1	
4	1	436	1	1	0	194	1090	218	4	-1	
5	1	436	1	1	1	194	1090	218	4	95.000000	 
2	1	437	0	0	0	311	1088	487	8	-1	
3	1	437	1	0	0	311	1088	487	8	-1	
4	1	437	1	1	0	311	1088	487	8	-1	
5	1	437	1	1	1	311	1088	487	8	95.000000	 
2	1	438	0	0	0	311	1090	455	6	-1	
3	1	438	1	0	0	311	1090	455	6	-1	
4	1	438	1	1	0	311	1090	455	6	-1	
5	1	438	1	1	1	311	1090	455	6	95.000000	 
2	1	439	0	0	0	392	1091	20	3	-1	
3	1	439	1	0	0	392	1091	20	3	-1	
4	1	439	1	1	0	392	1091	20	3	-1	
5	1	439	1	1	1	392	1091	20	3	95.000000	 
2	1	440	0	0	0	311	1093	101	1	-1	
3	1	440	1	0	0	311	1093	101	1	-1	
4	1	440	1	1	0	311	1093	101	1	-1	
5	1	440	1	1	1	311	1093	101	1	95.000000	 
2	1	441	0	0	0	1339	1093	24	1	-1	
3	1	441	1	0	0	1339	1093	24	1	-1	
4	1	441	1	1	0	1339	1093	24	1	-1	
5	1	441	1	1	1	1339	1093	24	1	95.000000	 
2	1	442	0	0	0	1334	1095	65	1	-1	
3	1	442	1	0	0	1334	1095	65	1	-1	
4	1	442	1	1	0	1334	1095	65	1	-1	
5	1	442	1	1	1	1334	1095	65	1	95.000000	 
2	1	443	0	0	0	311	1093	669	9	-1	
3	1	443	1	0	0	311	1093	669	9	-1	
4	1	443	1	1	0	311	1093	669	9	-1	
5	1	443	1	1	1	311	1093	669	9	95.000000	 
2	1	444	0	0	0	311	1095	669	6	-1	
3	1	444	1	0	0	311	1095	669	6	-1	
4	1	444	1	1	0	311	1095	669	6	-1	
5	1	444	1	1	1	311	1095	669	6	95.000000	 
2	1	445	0	0	0	311	1095	669	7	-1	
3	1	445	1	0	0	311	1095	669	7	-1	
4	1	445	1	1	0	311	1095	669	7	-1	
5	1	445	1	1	1	311	1095	669	7	95.000000	 
2	1	446	0	0	0	311	1096	669	5	-1	
3	1	446	1	0	0	311	1096	669	5	-1	
4	1	446	1	1	0	311	1096	669	5	-1	
5	1	446	1	1	1	311	1096	669	5	95.000000	 
2	1	447	0	0	0	1145	1099	48	3	-1	
3	1	447	1	0	0	1145	1099	48	3	-1	
4	1	447	1	1	0	1145	1099	48	3	-1	
5	1	447	1	1	1	1145	1099	48	3	95.000000	 
2	1	448	0	0	0	307	1097	673	10	-1	
3	1	448	1	0	0	307	1097	673	10	-1	
4	1	448	1	1	0	307	1097	673	10	-1	
5	1	448	1	1	1	307	1097	673	10	95.000000	 
2	1	449	0	0	0	307	1097	673	10	-1	
3	1	449	1	0	0	307	1097	673	10	-1	
4	1	449	1	1	0	307	1097	673	10	-1	
5	1	449	1	1	1	307	1097	673	10	95.000000	 
2	1	450	0	0	0	307	1096	673	11	-1	
3	1	450	1	0	0	307	1096	673	11	-1	
4	1	450	1	1	0	307	1096	673	11	-1	
5	1	450	1	1	1	307	1096	673	11	95.000000	 
2	1	451	0	0	0	307	1096	673	11	-1	
3	1	451	1	0	0	307	1096	673	11	-1	
4	1	451	1	1	0	307	1096	673	11	-1	
5	1	451	1	1	1	307	1096	673	11	95.000000	 
2	1	452	0	0	0	307	1100	673	6	-1	
3	1	452	1	0	0	307	1100	673	6	-1	
4	1	452	1	1	0	307	1100	673	6	-1	
5	1	452	1	1	1	307	1100	673	6	95.000000	 
2	1	453	0	0	0	307	1102	76	5	-1	
3	1	453	1	0	0	307	1102	76	5	-1	
4	1	453	1	1	0	307	1102	76	5	-1	
5	1	453	1	1	1	307	1102	76	5	95.000000	 
2	1	454	0	0	0	370	866	7	250	-1	
3	1	454	1	0	0	370	866	7	250	-1	
4	1	454	1	1	0	370	866	7	250	-1	
5	1	454	1	1	1	370	866	7	250	95.000000	 
2	1	455	0	0	0	939	866	4	253	-1	
3	1	455	1	0	0	939	866	4	253	-1	
4	1	455	1	1	0	939	866	4	253	-1	
5	1	455	1	1	1	939	866	4	253	95.000000	 
2	1	456	0	0	0	598	890	3	230	-1	
3	1	456	1	0	0	598	890	3	230	-1	
4	1	456	1	1	0	598	890	3	230	-1	
5	1	456	1	1	1	598	890	3	230	95.000000	 
2	1	457	0	0	0	598	890	4	230	-1	
3	1	457	1	0	0	598	890	4	230	-1	
4	1	457	1	1	0	598	890	4	230	-1	
5	1	457	1	1	1	598	890	4	230	95.000000	 
2	1	458	0	0	0	598	890	4	230	-1	
3	1	458	1	0	0	598	890	4	230	-1	
4	1	458	1	1	0	598	890	4	230	-1	
5	1	458	1	1	1	598	890	4	230	95.000000	 
2	1	459	0	0	0	949	893	1	224	-1	
3	1	459	1	0	0	949	893	1	224	-1	
4	1	459	1	1	0	949	893	1	224	-1	
5	1	459	1	1	1	949	893	1	224	95.000000	 
2	1	460	0	0	0	696	892	5	229	-1	
3	1	460	1	0	0	696	892	5	229	-1	
4	1	460	1	1	0	696	892	5	229	-1	
5	1	460	1	1	1	696	892	5	229	95.000000	 
2	1	461	0	0	0	698	892	1	229	-1	
3	1	461	1	0	0	698	892	1	229	-1	
4	1	461	1	1	0	698	892	1	229	-1	
5	1	461	1	1	1	698	892	1	229	95.000000	 
2	1	462	0	0	0	772	909	3	200	-1	
3	1	462	1	0	0	772	909	3	200	-1	
4	1	462	1	1	0	772	909	3	200	-1	
5	1	462	1	1	1	772	909	3	200	95.000000	 
2	1	463	0	0	0	1027	898	3	228	-1	
3	1	463	1	0	0	1027	898	3	228	-1	
4	1	463	1	1	0	1027	898	3	228	-1	
5	1	463	1	1	1	1027	898	3	228	95.000000	 
2	1	464	0	0	0	1027	898	3	228	-1	
3	1	464	1	0	0	1027	898	3	228	-1	
4	1	464	1	1	0	1027	898	3	228	-1	
5	1	464	1	1	1	1027	898	3	228	95.000000	 
2	1	465	0	0	0	1029	898	1	228	-1	
3	1	465	1	0	0	1029	898	1	228	-1	
4	1	465	1	1	0	1029	898	1	228	-1	
5	1	465	1	1	1	1029	898	1	228	95.000000	 
2	1	466	0	0	0	614	906	3	216	-1	
3	1	466	1	0	0	614	906	3	216	-1	
4	1	466	1	1	0	614	906	3	216	-1	
5	1	466	1	1	1	614	906	3	216	95.000000	 
2	1	467	0	0	0	615	906	5	216	-1	
3	1	467	1	0	0	615	906	5	216	-1	
4	1	467	1	1	0	615	906	5	216	-1	
5	1	467	1	1	1	615	906	5	216	95.000000	 
2	1	468	0	0	0	789	909	3	209	-1	
3	1	468	1	0	0	789	909	3	209	-1	
4	1	468	1	1	0	789	909	3	209	-1	
5	1	468	1	1	1	789	909	3	209	95.000000	 
2	1	469	0	0	0	789	909	4	209	-1	
3	1	469	1	0	0	789	909	4	209	-1	
4	1	469	1	1	0	789	909	4	209	-1	
5	1	469	1	1	1	789	909	4	209	95.000000	 
2	1	470	0	0	0	774	928	1	181	-1	
3	1	470	1	0	0	774	928	1	181	-1	
4	1	470	1	1	0	774	928	1	181	-1	
5	1	470	1	1	1	774	928	1	181	95.000000	 
2	1	471	0	0	0	687	922	5	196	-1	
3	1	471	1	0	0	687	922	5	196	-1	
4	1	471	1	1	0	687	922	5	196	-1	
5	1	471	1	1	1	687	922	5	196	95.000000	 
2	1	472	0	0	0	924	927	3	195	-1	
3	1	472	1	0	0	924	927	3	195	-1	
4	1	472	1	1	0	924	927	3	195	-1	
5	1	472	1	1	1	924	927	3	195	95.000000	 
2	1	473	0	0	0	924	927	3	195	-1	
3	1	473	1	0	0	924	927	3	195	-1	
4	1	473	1	1	0	924	927	3	195	-1	
5	1	473	1	1	1	924	927	3	195	95.000000	 
2	1	474	0	0	0	965	938	1	173	-1	
3	1	474	1	0	0	965	938	1	173	-1	
4	1	474	1	1	0	965	938	1	173	-1	
5	1	474	1	1	1	965	938	1	173	95.000000	 
2	1	475	0	0	0	979	960	3	149	-1	
3	1	475	1	0	0	979	960	3	149	-1	
4	1	475	1	1	0	979	960	3	149	-1	
5	1	475	1	1	1	979	960	3	149	95.000000	 
2	1	476	0	0	0	584	961	1	149	-1	
3	1	476	1	0	0	584	961	1	149	-1	
4	1	476	1	1	0	584	961	1	149	-1	
5	1	476	1	1	1	584	961	1	149	95.000000	 
2	1	477	0	0	0	781	949	4	173	-1	
3	1	477	1	0	0	781	949	4	173	-1	
4	1	477	1	1	0	781	949	4	173	-1	
5	1	477	1	1	1	781	949	4	173	95.000000	 
2	1	478	0	0	0	1248	955	5	168	-1	
3	1	478	1	0	0	1248	955	5	168	-1	
4	1	478	1	1	0	1248	955	5	168	-1	
5	1	478	1	1	1	1248	955	5	168	95.000000	 
2	1	479	0	0	0	425	969	4	143	-1	
3	1	479	1	0	0	425	969	4	143	-1	
4	1	479	1	1	0	425	969	4	143	-1	
5	1	479	1	1	1	425	969	4	143	95.000000	 
2	1	480	0	0	0	783	962	1	160	-1	
3	1	480	1	0	0	783	962	1	160	-1	
4	1	480	1	1	0	783	962	1	160	-1	
5	1	480	1	1	1	783	962	1	160	95.000000	 
2	1	481	0	0	0	1305	971	3	143	-1	
3	1	481	1	0	0	1305	971	3	143	-1	
4	1	481	1	1	0	1305	971	3	143	-1	
5	1	481	1	1	1	1305	971	3	143	95.000000	 
2	1	482	0	0	0	1305	971	5	143	-1	
3	1	482	1	0	0	1305	971	5	143	-1	
4	1	482	1	1	0	1305	971	5	143	-1	
5	1	482	1	1	1	1305	971	5	143	95.000000	 
2	1	483	0	0	0	457	978	3	135	-1	
3	1	483	1	0	0	457	978	3	135	-1	
4	1	483	1	1	0	457	978	3	135	-1	
5	1	483	1	1	1	457	978	3	135	95.000000	 
2	1	484	0	0	0	458	978	3	135	-1	
3	1	484	1	0	0	458	978	3	135	-1	
4	1	484	1	1	0	458	978	3	135	-1	
5	1	484	1	1	1	458	978	3	135	95.000000	 
2	1	485	0	0	0	582	988	3	122	-1	
3	1	485	1	0	0	582	988	3	122	-1	
4	1	485	1	1	0	582	988	3	122	-1	
5	1	485	1	1	1	582	988	3	122	95.000000	 
2	1	486	0	0	0	582	988	3	122	-1	
3	1	486	1	0	0	582	988	3	122	-1	
4	1	486	1	1	0	582	988	3	122	-1	
5	1	486	1	1	1	582	988	3	122	95.000000	 
2	1	487	0	0	0	583	988	4	122	-1	
3	1	487	1	0	0	583	988	4	122	-1	
4	1	487	1	1	0	583	988	4	122	-1	
5	1	487	1	1	1	583	988	4	122	95.000000	 
2	1	488	0	0	0	1217	984	5	136	-1	
3	1	488	1	0	0	1217	984	5	136	-1	
4	1	488	1	1	0	1217	984	5	136	-1	
5	1	488	1	1	1	1217	984	5	136	95.000000	 
2	1	489	0	0	0	1218	987	3	133	-1	
3	1	489	1	0	0	1218	987	3	133	-1	
4	1	489	1	1	0	1218	987	3	133	-1	
5	1	489	1	1	1	1218	987	3	133	95.000000	 
2	1	490	0	0	0	1220	987	1	133	-1	
3	1	490	1	0	0	1220	987	1	133	-1	
4	1	490	1	1	0	1220	987	1	133	-1	
5	1	490	1	1	1	1220	987	1	133	95.000000	 
2	1	491	0	0	0	1134	983	3	144	-1	
3	1	491	1	0	0	1134	983	3	144	-1	
4	1	491	1	1	0	1134	983	3	144	-1	
5	1	491	1	1	1	1134	983	3	144	95.000000	 
2	1	492	0	0	0	721	989	1	141	-1	
3	1	492	1	0	0	721	989	1	141	-1	
4	1	492	1	1	0	721	989	1	141	-1	
5	1	492	1	1	1	721	989	1	141	95.000000	 
2	1	493	0	0	0	719	992	3	138	-1	
3	1	493	1	0	0	719	992	3	138	-1	
4	1	493	1	1	0	719	992	3	138	-1	
5	1	493	1	1	1	719	992	3	138	95.000000	 
2	1	494	0	0	0	720	992	3	138	-1	
3	1	494	1	0	0	720	992	3	138	-1	
4	1	494	1	1	0	720	992	3	138	-1	
5	1	494	1	1	1	720	992	3	138	95.000000	 
2	1	495	0	0	0	721	992	1	138	-1	
3	1	495	1	0	0	721	992	1	138	-1	
4	1	495	1	1	0	721	992	1	138	-1	
5	1	495	1	1	1	721	992	1	138	95.000000	 
2	1	496	0	0	0	856	1004	3	116	-1	
3	1	496	1	0	0	856	1004	3	116	-1	
4	1	496	1	1	0	856	1004	3	116	-1	
5	1	496	1	1	1	856	1004	3	116	95.000000	 
2	1	497	0	0	0	857	1004	3	116	-1	
3	1	497	1	0	0	857	1004	3	116	-1	
4	1	497	1	1	0	857	1004	3	116	-1	
5	1	497	1	1	1	857	1004	3	116	95.000000	 
2	1	498	0	0	0	331	1022	3	91	-1	
3	1	498	1	0	0	331	1022	3	91	-1	
4	1	498	1	1	0	331	1022	3	91	-1	
5	1	498	1	1	1	331	1022	3	91	95.000000	 
2	1	499	0	0	0	340	1022	3	100	-1	
3	1	499	1	0	0	340	1022	3	100	-1	
4	1	499	1	1	0	340	1022	3	100	-1	
5	1	499	1	1	1	340	1022	3	100	95.000000	 
2	1	500	0	0	0	341	1022	3	100	-1	
3	1	500	1	0	0	341	1022	3	100	-1	
4	1	500	1	1	0	341	1022	3	100	-1	
5	1	500	1	1	1	341	1022	3	100	95.000000	 
2	1	501	0	0	0	643	1033	1	78	-1	
3	1	501	1	0	0	643	1033	1	78	-1	
4	1	501	1	1	0	643	1033	1	78	-1	
5	1	501	1	1	1	643	1033	1	78	95.000000	 
2	1	502	0	0	0	420	1031	3	88	-1	
3	1	502	1	0	0	420	1031	3	88	-1	
4	1	502	1	1	0	420	1031	3	88	-1	
5	1	502	1	1	1	420	1031	3	88	95.000000	 
2	1	503	0	0	0	744	1020	1	109	-1	
3	1	503	1	0	0	744	1020	1	109	-1	
4	1	503	1	1	0	744	1020	1	109	-1	
5	1	503	1	1	1	744	1020	1	109	95.000000	 
2	1	504	0	0	0	428	1044	4	68	-1	
3	1	504	1	0	0	428	1044	4	68	-1	
4	1	504	1	1	0	428	1044	4	68	-1	
5	1	504	1	1	1	428	1044	4	68	95.000000	 
2	1	505	0	0	0	231	1050	1	59	-1	
3	1	505	1	0	0	231	1050	1	59	-1	
4	1	505	1	1	0	231	1050	1	59	-1	
5	1	505	1	1	1	231	1050	1	59	95.000000	 
2	1	506	0	0	0	429	1044	1	82	-1	
3	1	506	1	0	0	429	1044	1	82	-1	
4	1	506	1	1	0	429	1044	1	82	-1	
5	1	506	1	1	1	429	1044	1	82	95.000000	 
2	1	507	0	0	0	192	1063	3	54	-1	
3	1	507	1	0	0	192	1063	3	54	-1	
4	1	507	1	1	0	192	1063	3	54	-1	
5	1	507	1	1	1	192	1063	3	54	95.000000	 
2	1	508	0	0	0	1227	1055	3	72	-1	
3	1	508	1	0	0	1227	1055	3	72	-1	
4	1	508	1	1	0	1227	1055	3	72	-1	
5	1	508	1	1	1	1227	1055	3	72	95.000000	 
2	1	509	0	0	0	352	1101	1017	13	-1	
3	1	509	1	0	0	352	1101	1017	13	-1	
4	1	509	1	1	0	352	1101	1017	13	-1	
5	1	509	1	1	1	352	1101	1017	13	95.000000	 
2	1	510	0	0	0	352	1101	1017	13	-1	
3	1	510	1	0	0	352	1101	1017	13	-1	
4	1	510	1	1	0	352	1101	1017	13	-1	
5	1	510	1	1	1	352	1101	1017	13	95.000000	 
2	1	511	0	0	0	849	1104	520	8	-1	
3	1	511	1	0	0	849	1104	520	8	-1	
4	1	511	1	1	0	849	1104	520	8	-1	
5	1	511	1	1	1	849	1104	520	8	95.000000	 
2	1	512	0	0	0	849	1104	520	8	-1	
3	1	512	1	0	0	849	1104	520	8	-1	
4	1	512	1	1	0	849	1104	520	8	-1	
5	1	512	1	1	1	849	1104	520	8	95.000000	 
2	1	513	0	0	0	849	1104	520	9	-1	
3	1	513	1	0	0	849	1104	520	9	-1	
4	1	513	1	1	0	849	1104	520	9	-1	
5	1	513	1	1	1	849	1104	520	9	95.000000	 
2	1	514	0	0	0	422	1104	947	14	-1	
3	1	514	1	0	0	422	1104	947	14	-1	
4	1	514	1	1	0	422	1104	947	14	-1	
5	1	514	1	1	1	422	1104	947	14	95.000000	 
2	1	515	0	0	0	1088	1113	231	4	-1	
3	1	515	1	0	0	1088	1113	231	4	-1	
4	1	515	1	1	0	1088	1113	231	4	-1	
5	1	515	1	1	1	1088	1113	231	4	95.000000	 
2	1	516	0	0	0	1088	1113	231	6	-1	
3	1	516	1	0	0	1088	1113	231	6	-1	
4	1	516	1	1	0	1088	1113	231	6	-1	
5	1	516	1	1	1	1088	1113	231	6	95.000000	 
2	1	517	0	0	0	1088	1113	231	6	-1	
3	1	517	1	0	0	1088	1113	231	6	-1	
4	1	517	1	1	0	1088	1113	231	6	-1	
5	1	517	1	1	1	1088	1113	231	6	95.000000	 
2	1	518	0	0	0	1088	1112	231	7	-1	
3	1	518	1	0	0	1088	1112	231	7	-1	
4	1	518	1	1	0	1088	1112	231	7	-1	
5	1	518	1	1	1	1088	1112	231	7	95.000000	 
2	1	519	0	0	0	1088	1118	290	4	-1	
3	1	519	1	0	0	1088	1118	290	4	-1	
4	1	519	1	1	0	1088	1118	290	4	-1	
5	1	519	1	1	1	1088	1118	290	4	95.000000	 
2	1	520	0	0	0	1088	1117	290	5	-1	
3	1	520	1	0	0	1088	1117	290	5	-1	
4	1	520	1	1	0	1088	1117	290	5	-1	
5	1	520	1	1	1	1088	1117	290	5	95.000000	 
2	1	521	0	0	0	345	1116	563	9	-1	
3	1	521	1	0	0	345	1116	563	9	-1	
4	1	521	1	1	0	345	1116	563	9	-1	
5	1	521	1	1	1	345	1116	563	9	95.000000	 
2	1	522	0	0	0	351	1120	105	3	-1	
3	1	522	1	0	0	351	1120	105	3	-1	
4	1	522	1	1	0	351	1120	105	3	-1	
5	1	522	1	1	1	351	1120	105	3	95.000000	 
2	1	523	0	0	0	302	1118	606	12	-1	
3	1	523	1	0	0	302	1118	606	12	-1	
4	1	523	1	1	0	302	1118	606	12	-1	
5	1	523	1	1	1	302	1118	606	12	95.000000	 
2	1	524	0	0	0	302	1117	606	13	-1	
3	1	524	1	0	0	302	1117	606	13	-1	
4	1	524	1	1	0	302	1117	606	13	-1	
5	1	524	1	1	1	302	1117	606	13	95.000000	 
2	1	525	0	0	0	1066	1121	312	8	-1	
3	1	525	1	0	0	1066	1121	312	8	-1	
4	1	525	1	1	0	1066	1121	312	8	-1	
5	1	525	1	1	1	1066	1121	312	8	95.000000	 
2	1	526	0	0	0	1066	1121	312	8	-1	
3	1	526	1	0	0	1066	1121	312	8	-1	
4	1	526	1	1	0	1066	1121	312	8	-1	
5	1	526	1	1	1	1066	1121	312	8	95.000000	 
2	1	527	0	0	0	302	1125	601	2	-1	
3	1	527	1	0	0	302	1125	601	2	-1	
4	1	527	1	1	0	302	1125	601	2	-1	
5	1	527	1	1	1	302	1125	601	2	95.000000	 
2	1	528	0	0	0	1066	1122	312	7	-1	
3	1	528	1	0	0	1066	1122	312	7	-1	
4	1	528	1	1	0	1066	1122	312	7	-1	
5	1	528	1	1	1	1066	1122	312	7	95.000000	 
2	1	529	0	0	0	302	829	7	306	-1	
3	1	529	1	0	0	302	829	7	306	-1	
4	1	529	1	1	0	302	829	7	306	-1	
5	1	529	1	1	1	302	829	7	306	95.000000	 
2	1	530	0	0	0	303	829	7	306	-1	
3	1	530	1	0	0	303	829	7	306	-1	
4	1	530	1	1	0	303	829	7	306	-1	
5	1	530	1	1	1	303	829	7	306	95.000000	 
2	1	531	0	0	0	303	829	8	306	-1	
3	1	531	1	0	0	303	829	8	306	-1	
4	1	531	1	1	0	303	829	8	306	-1	
5	1	531	1	1	1	303	829	8	306	95.000000	 
2	1	532	0	0	0	804	841	5	298	-1	
3	1	532	1	0	0	804	841	5	298	-1	
4	1	532	1	1	0	804	841	5	298	-1	
5	1	532	1	1	1	804	841	5	298	95.000000	 
2	1	533	0	0	0	805	841	5	298	-1	
3	1	533	1	0	0	805	841	5	298	-1	
4	1	533	1	1	0	805	841	5	298	-1	
5	1	533	1	1	1	805	841	5	298	95.000000	 
2	1	534	0	0	0	1323	880	1	254	-1	
3	1	534	1	0	0	1323	880	1	254	-1	
4	1	534	1	1	0	1323	880	1	254	-1	
5	1	534	1	1	1	1323	880	1	254	95.000000	 
2	1	535	0	0	0	711	875	3	269	-1	
3	1	535	1	0	0	711	875	3	269	-1	
4	1	535	1	1	0	711	875	3	269	-1	
5	1	535	1	1	1	711	875	3	269	95.000000	 
2	1	536	0	0	0	711	875	3	269	-1	
3	1	536	1	0	0	711	875	3	269	-1	
4	1	536	1	1	0	711	875	3	269	-1	
5	1	536	1	1	1	711	875	3	269	95.000000	 
2	1	537	0	0	0	636	888	1	246	-1	
3	1	537	1	0	0	636	888	1	246	-1	
4	1	537	1	1	0	636	888	1	246	-1	
5	1	537	1	1	1	636	888	1	246	95.000000	 
2	1	538	0	0	0	626	888	3	256	-1	
3	1	538	1	0	0	626	888	3	256	-1	
4	1	538	1	1	0	626	888	3	256	-1	
5	1	538	1	1	1	626	888	3	256	95.000000	 
2	1	539	0	0	0	625	889	5	255	-1	
3	1	539	1	0	0	625	889	5	255	-1	
4	1	539	1	1	0	625	889	5	255	-1	
5	1	539	1	1	1	625	889	5	255	95.000000	 
2	1	540	0	0	0	626	889	3	255	-1	
3	1	540	1	0	0	626	889	3	255	-1	
4	1	540	1	1	0	626	889	3	255	-1	
5	1	540	1	1	1	626	889	3	255	95.000000	 
2	1	541	0	0	0	626	889	3	255	-1	
3	1	541	1	0	0	626	889	3	255	-1	
4	1	541	1	1	0	626	889	3	255	-1	
5	1	541	1	1	1	626	889	3	255	95.000000	 
2	1	542	0	0	0	615	906	4	229	-1	
3	1	542	1	0	0	615	906	4	229	-1	
4	1	542	1	1	0	615	906	4	229	-1	
5	1	542	1	1	1	615	906	4	229	95.000000	 
2	1	543	0	0	0	564	908	3	235	-1	
3	1	543	1	0	0	564	908	3	235	-1	
4	1	543	1	1	0	564	908	3	235	-1	
5	1	543	1	1	1	564	908	3	235	95.000000	 
2	1	544	0	0	0	703	918	3	216	-1	
3	1	544	1	0	0	703	918	3	216	-1	
4	1	544	1	1	0	703	918	3	216	-1	
5	1	544	1	1	1	703	918	3	216	95.000000	 
2	1	545	0	0	0	703	918	5	216	-1	
3	1	545	1	0	0	703	918	5	216	-1	
4	1	545	1	1	0	703	918	5	216	-1	
5	1	545	1	1	1	703	918	5	216	95.000000	 
2	1	546	0	0	0	788	909	7	238	-1	
3	1	546	1	0	0	788	909	7	238	-1	
4	1	546	1	1	0	788	909	7	238	-1	
5	1	546	1	1	1	788	909	7	238	95.000000	 
2	1	547	0	0	0	1091	920	3	216	-1	
3	1	547	1	0	0	1091	920	3	216	-1	
4	1	547	1	1	0	1091	920	3	216	-1	
5	1	547	1	1	1	1091	920	3	216	95.000000	 
2	1	548	0	0	0	990	911	1	238	-1	
3	1	548	1	0	0	990	911	1	238	-1	
4	1	548	1	1	0	990	911	1	238	-1	
5	1	548	1	1	1	990	911	1	238	95.000000	 
2	1	549	0	0	0	1092	920	4	224	-1	
3	1	549	1	0	0	1092	920	4	224	-1	
4	1	549	1	1	0	1092	920	4	224	-1	
5	1	549	1	1	1	1092	920	4	224	95.000000	 
2	1	550	0	0	0	734	928	5	216	-1	
3	1	550	1	0	0	734	928	5	216	-1	
4	1	550	1	1	0	734	928	5	216	-1	
5	1	550	1	1	1	734	928	5	216	95.000000	 
2	1	551	0	0	0	735	927	3	217	-1	
3	1	551	1	0	0	735	927	3	217	-1	
4	1	551	1	1	0	735	927	3	217	-1	
5	1	551	1	1	1	735	927	3	217	95.000000	 
2	1	552	0	0	0	1098	926	5	219	-1	
3	1	552	1	0	0	1098	926	5	219	-1	
4	1	552	1	1	0	1098	926	5	219	-1	
5	1	552	1	1	1	1098	926	5	219	95.000000	 
2	1	553	0	0	0	955	939	4	198	-1	
3	1	553	1	0	0	955	939	4	198	-1	
4	1	553	1	1	0	955	939	4	198	-1	
5	1	553	1	1	1	955	939	4	198	95.000000	 
2	1	554	0	0	0	1100	941	3	204	-1	
3	1	554	1	0	0	1100	941	3	204	-1	
4	1	554	1	1	0	1100	941	3	204	-1	
5	1	554	1	1	1	1100	941	3	204	95.000000	 
2	1	555	0	0	0	1120	945	1	202	-1	
3	1	555	1	0	0	1120	945	1	202	-1	
4	1	555	1	1	0	1120	945	1	202	-1	
5	1	555	1	1	1	1120	945	1	202	95.000000	 
2	1	556	0	0	0	1120	947	6	200	-1	
3	1	556	1	0	0	1120	947	6	200	-1	
4	1	556	1	1	0	1120	947	6	200	-1	
5	1	556	1	1	1	1120	947	6	200	95.000000	 
2	1	557	0	0	0	1141	956	5	181	-1	
3	1	557	1	0	0	1141	956	5	181	-1	
4	1	557	1	1	0	1141	956	5	181	-1	
5	1	557	1	1	1	1141	956	5	181	95.000000	 
2	1	558	0	0	0	1142	956	4	181	-1	
3	1	558	1	0	0	1142	956	4	181	-1	
4	1	558	1	1	0	1142	956	4	181	-1	
5	1	558	1	1	1	1142	956	4	181	95.000000	 
2	1	559	0	0	0	489	948	3	203	-1	
3	1	559	1	0	0	489	948	3	203	-1	
4	1	559	1	1	0	489	948	3	203	-1	
5	1	559	1	1	1	489	948	3	203	95.000000	 
2	1	560	0	0	0	490	948	3	203	-1	
3	1	560	1	0	0	490	948	3	203	-1	
4	1	560	1	1	0	490	948	3	203	-1	
5	1	560	1	1	1	490	948	3	203	95.000000	 
2	1	561	0	0	0	1273	972	4	164	-1	
3	1	561	1	0	0	1273	972	4	164	-1	
4	1	561	1	1	0	1273	972	4	164	-1	
5	1	561	1	1	1	1273	972	4	164	95.000000	 
2	1	562	0	0	0	1241	978	5	155	-1	
3	1	562	1	0	0	1241	978	5	155	-1	
4	1	562	1	1	0	1241	978	5	155	-1	
5	1	562	1	1	1	1241	978	5	155	95.000000	 
2	1	563	0	0	0	1134	983	5	153	-1	
3	1	563	1	0	0	1134	983	5	153	-1	
4	1	563	1	1	0	1134	983	5	153	-1	
5	1	563	1	1	1	1134	983	5	153	95.000000	 
2	1	564	0	0	0	1280	981	6	168	-1	
3	1	564	1	0	0	1280	981	6	168	-1	
4	1	564	1	1	0	1280	981	6	168	-1	
5	1	564	1	1	1	1280	981	6	168	95.000000	 
2	1	565	0	0	0	1362	996	3	143	-1	
3	1	565	1	0	0	1362	996	3	143	-1	
4	1	565	1	1	0	1362	996	3	143	-1	
5	1	565	1	1	1	1362	996	3	143	95.000000	 
2	1	566	0	0	0	1362	996	3	143	-1	
3	1	566	1	0	0	1362	996	3	143	-1	
4	1	566	1	1	0	1362	996	3	143	-1	
5	1	566	1	1	1	1362	996	3	143	95.000000	 
2	1	567	0	0	0	1364	996	1	143	-1	
3	1	567	1	0	0	1364	996	1	143	-1	
4	1	567	1	1	0	1364	996	1	143	-1	
5	1	567	1	1	1	1364	996	1	143	95.000000	 
2	1	568	0	0	0	365	1008	3	136	-1	
3	1	568	1	0	0	365	1008	3	136	-1	
4	1	568	1	1	0	365	1008	3	136	-1	
5	1	568	1	1	1	365	1008	3	136	95.000000	 
2	1	569	0	0	0	366	1008	3	136	-1	
3	1	569	1	0	0	366	1008	3	136	-1	
4	1	569	1	1	0	366	1008	3	136	-1	
5	1	569	1	1	1	366	1008	3	136	95.000000	 
2	1	570	0	0	0	356	1004	6	145	-1	
3	1	570	1	0	0	356	1004	6	145	-1	
4	1	570	1	1	0	356	1004	6	145	-1	
5	1	570	1	1	1	356	1004	6	145	95.000000	 
2	1	571	0	0	0	358	1004	3	145	-1	
3	1	571	1	0	0	358	1004	3	145	-1	
4	1	571	1	1	0	358	1004	3	145	-1	
5	1	571	1	1	1	358	1004	3	145	95.000000	 
2	1	572	0	0	0	367	1028	1	116	-1	
3	1	572	1	0	0	367	1028	1	116	-1	
4	1	572	1	1	0	367	1028	1	116	-1	
5	1	572	1	1	1	367	1028	1	116	95.000000	 
2	1	573	0	0	0	530	1033	3	111	-1	
3	1	573	1	0	0	530	1033	3	111	-1	
4	1	573	1	1	0	530	1033	3	111	-1	
5	1	573	1	1	1	530	1033	3	111	95.000000	 
2	1	574	0	0	0	1289	1037	3	104	-1	
3	1	574	1	0	0	1289	1037	3	104	-1	
4	1	574	1	1	0	1289	1037	3	104	-1	
5	1	574	1	1	1	1289	1037	3	104	95.000000	 
2	1	575	0	0	0	444	1033	4	115	-1	
3	1	575	1	0	0	444	1033	4	115	-1	
4	1	575	1	1	0	444	1033	4	115	-1	
5	1	575	1	1	1	444	1033	4	115	95.000000	 
2	1	576	0	0	0	1298	1050	5	85	-1	
3	1	576	1	0	0	1298	1050	5	85	-1	
4	1	576	1	1	0	1298	1050	5	85	-1	
5	1	576	1	1	1	1298	1050	5	85	95.000000	 
2	1	577	0	0	0	1376	1044	4	104	-1	
3	1	577	1	0	0	1376	1044	4	104	-1	
4	1	577	1	1	0	1376	1044	4	104	-1	
5	1	577	1	1	1	1376	1044	4	104	95.000000	 
2	1	578	0	0	0	1378	1044	4	104	-1	
3	1	578	1	0	0	1378	1044	4	104	-1	
4	1	578	1	1	0	1378	1044	4	104	-1	
5	1	578	1	1	1	1378	1044	4	104	95.000000	 
2	1	579	0	0	0	1379	1044	4	104	-1	
3	1	579	1	0	0	1379	1044	4	104	-1	
4	1	579	1	1	0	1379	1044	4	104	-1	
5	1	579	1	1	1	1379	1044	4	104	95.000000	 
2	1	580	0	0	0	1396	1042	3	110	-1	
3	1	580	1	0	0	1396	1042	3	110	-1	
4	1	580	1	1	0	1396	1042	3	110	-1	
5	1	580	1	1	1	1396	1042	3	110	95.000000	 
2	1	581	0	0	0	1291	1061	1	80	-1	
3	1	581	1	0	0	1291	1061	1	80	-1	
4	1	581	1	1	0	1291	1061	1	80	-1	
5	1	581	1	1	1	1291	1061	1	80	95.000000	 
2	1	582	0	0	0	1291	1061	1	80	-1	
3	1	582	1	0	0	1291	1061	1	80	-1	
4	1	582	1	1	0	1291	1061	1	80	-1	
5	1	582	1	1	1	1291	1061	1	80	95.000000	 
2	1	583	0	0	0	1348	1060	1	92	-1	
3	1	583	1	0	0	1348	1060	1	92	-1	
4	1	583	1	1	0	1348	1060	1	92	-1	
5	1	583	1	1	1	1348	1060	1	92	95.000000	 
2	1	584	0	0	0	302	1119	606	12	-1	
3	1	584	1	0	0	302	1119	606	12	-1	
4	1	584	1	1	0	302	1119	606	12	-1	
5	1	584	1	1	1	302	1119	606	12	95.000000	 
2	1	585	0	0	0	302	1124	601	10	-1	
3	1	585	1	0	0	302	1124	601	10	-1	
4	1	585	1	1	0	302	1124	601	10	-1	
5	1	585	1	1	1	302	1124	601	10	95.000000	 
2	1	586	0	0	0	302	1126	601	7	-1	
3	1	586	1	0	0	302	1126	601	7	-1	
4	1	586	1	1	0	302	1126	601	7	-1	
5	1	586	1	1	1	302	1126	601	7	95.000000	 
2	1	587	0	0	0	302	1129	601	4	-1	
3	1	587	1	0	0	302	1129	601	4	-1	
4	1	587	1	1	0	302	1129	601	4	-1	
5	1	587	1	1	1	302	1129	601	4	95.000000	 
2	1	588	0	0	0	436	1128	467	8	-1	
3	1	588	1	0	0	436	1128	467	8	-1	
4	1	588	1	1	0	436	1128	467	8	-1	
5	1	588	1	1	1	436	1128	467	8	95.000000	 
2	1	589	0	0	0	1321	1131	67	1	-1	
3	1	589	1	0	0	1321	1131	67	1	-1	
4	1	589	1	1	0	1321	1131	67	1	-1	
5	1	589	1	1	1	1321	1131	67	1	95.000000	 
2	1	590	0	0	0	974	1135	437	2	-1	
3	1	590	1	0	0	974	1135	437	2	-1	
4	1	590	1	1	0	974	1135	437	2	-1	
5	1	590	1	1	1	974	1135	437	2	95.000000	 
2	1	591	0	0	0	1268	1135	143	1	-1	
3	1	591	1	0	0	1268	1135	143	1	-1	
4	1	591	1	1	0	1268	1135	143	1	-1	
5	1	591	1	1	1	1268	1135	143	1	95.000000	 
2	1	592	0	0	0	304	1134	496	11	-1	
3	1	592	1	0	0	304	1134	496	11	-1	
4	1	592	1	1	0	304	1134	496	11	-1	
5	1	592	1	1	1	304	1134	496	11	95.000000	 
2	1	593	0	0	0	304	1136	496	8	-1	
3	1	593	1	0	0	304	1136	496	8	-1	
4	1	593	1	1	0	304	1136	496	8	-1	
5	1	593	1	1	1	304	1136	496	8	95.000000	 
2	1	594	0	0	0	304	1136	496	8	-1	
3	1	594	1	0	0	304	1136	496	8	-1	
4	1	594	1	1	0	304	1136	496	8	-1	
5	1	594	1	1	1	304	1136	496	8	95.000000	 
2	1	595	0	0	0	304	1136	496	8	-1	
3	1	595	1	0	0	304	1136	496	8	-1	
4	1	595	1	1	0	304	1136	496	8	-1	
5	1	595	1	1	1	304	1136	496	8	95.000000	 
2	1	596	0	0	0	1270	1138	141	5	-1	
3	1	596	1	0	0	1270	1138	141	5	-1	
4	1	596	1	1	0	1270	1138	141	5	-1	
5	1	596	1	1	1	1270	1138	141	5	95.000000	 
2	1	597	0	0	0	887	1142	413	7	-1	
3	1	597	1	0	0	887	1142	413	7	-1	
4	1	597	1	1	0	887	1142	413	7	-1	
5	1	597	1	1	1	887	1142	413	7	95.000000	 
2	1	598	0	0	0	879	1144	421	5	-1	
3	1	598	1	0	0	879	1144	421	5	-1	
4	1	598	1	1	0	879	1144	421	5	-1	
5	1	598	1	1	1	879	1144	421	5	95.000000	 
2	1	599	0	0	0	887	1144	413	5	-1	
3	1	599	1	0	0	887	1144	413	5	-1	
4	1	599	1	1	0	887	1144	413	5	-1	
5	1	599	1	1	1	887	1144	413	5	95.000000	 
2	1	600	0	0	0	1328	1149	83	1	-1	
3	1	600	1	0	0	1328	1149	83	1	-1	
4	1	600	1	1	0	1328	1149	83	1	-1	
5	1	600	1	1	1	1328	1149	83	1	95.000000	 
2	1	601	0	0	0	310	782	9	372	-1	
3	1	601	1	0	0	310	782	9	372	-1	
4	1	601	1	1	0	310	782	9	372	-1	
5	1	601	1	1	1	310	782	9	372	95.000000	 
2	1	602	0	0	0	310	782	9	372	-1	
3	1	602	1	0	0	310	782	9	372	-1	
4	1	602	1	1	0	310	782	9	372	-1	
5	1	602	1	1	1	310	782	9	372	95.000000	 
2	1	603	0	0	0	310	782	9	372	-1	
3	1	603	1	0	0	310	782	9	372	-1	
4	1	603	1	1	0	310	782	9	372	-1	
5	1	603	1	1	1	310	782	9	372	95.000000	 
2	1	604	0	0	0	310	782	10	372	-1	
3	1	604	1	0	0	310	782	10	372	-1	
4	1	604	1	1	0	310	782	10	372	-1	
5	1	604	1	1	1	310	782	10	372	95.000000	 
2	1	605	0	0	0	318	823	9	339	-1	
3	1	605	1	0	0	318	823	9	339	-1	
4	1	605	1	1	0	318	823	9	339	-1	
5	1	605	1	1	1	318	823	9	339	95.000000	 
2	1	606	0	0	0	377	823	10	339	-1	
3	1	606	1	0	0	377	823	10	339	-1	
4	1	606	1	1	0	377	823	10	339	-1	
5	1	606	1	1	1	377	823	10	339	95.000000	 
2	1	607	0	0	0	1405	848	3	308	-1	
3	1	607	1	0	0	1405	848	3	308	-1	
4	1	607	1	1	0	1405	848	3	308	-1	
5	1	607	1	1	1	1405	848	3	308	95.000000	 
2	1	608	0	0	0	389	866	2	296	-1	
3	1	608	1	0	0	389	866	2	296	-1	
4	1	608	1	1	0	389	866	2	296	-1	
5	1	608	1	1	1	389	866	2	296	95.000000	 
2	1	609	0	0	0	465	873	4	284	-1	
3	1	609	1	0	0	465	873	4	284	-1	
4	1	609	1	1	0	465	873	4	284	-1	
5	1	609	1	1	1	465	873	4	284	95.000000	 
2	1	610	0	0	0	670	867	9	298	-1	
3	1	610	1	0	0	670	867	9	298	-1	
4	1	610	1	1	0	670	867	9	298	-1	
5	1	610	1	1	1	670	867	9	298	95.000000	 
2	1	611	0	0	0	671	866	5	299	-1	
3	1	611	1	0	0	671	866	5	299	-1	
4	1	611	1	1	0	671	866	5	299	-1	
5	1	611	1	1	1	671	866	5	299	95.000000	 
2	1	612	0	0	0	672	866	5	299	-1	
3	1	612	1	0	0	672	866	5	299	-1	
4	1	612	1	1	0	672	866	5	299	-1	
5	1	612	1	1	1	672	866	5	299	95.000000	 
2	1	613	0	0	0	672	866	6	299	-1	
3	1	613	1	0	0	672	866	6	299	-1	
4	1	613	1	1	0	672	866	6	299	-1	
5	1	613	1	1	1	672	866	6	299	95.000000	 
2	1	614	0	0	0	887	884	1	282	-1	
3	1	614	1	0	0	887	884	1	282	-1	
4	1	614	1	1	0	887	884	1	282	-1	
5	1	614	1	1	1	887	884	1	282	95.000000	 
2	1	615	0	0	0	1169	891	4	279	-1	
3	1	615	1	0	0	1169	891	4	279	-1	
4	1	615	1	1	0	1169	891	4	279	-1	
5	1	615	1	1	1	1169	891	4	279	95.000000	 
2	1	616	0	0	0	1169	891	4	279	-1	
3	1	616	1	0	0	1169	891	4	279	-1	
4	1	616	1	1	0	1169	891	4	279	-1	
5	1	616	1	1	1	1169	891	4	279	95.000000	 
2	1	617	0	0	0	664	911	3	244	-1	
3	1	617	1	0	0	664	911	3	244	-1	
4	1	617	1	1	0	664	911	3	244	-1	
5	1	617	1	1	1	664	911	3	244	95.000000	 
2	1	618	0	0	0	664	911	6	244	-1	
3	1	618	1	0	0	664	911	6	244	-1	
4	1	618	1	1	0	664	911	6	244	-1	
5	1	618	1	1	1	664	911	6	244	95.000000	 
2	1	619	0	0	0	1036	901	1	267	-1	
3	1	619	1	0	0	1036	901	1	267	-1	
4	1	619	1	1	0	1036	901	1	267	-1	
5	1	619	1	1	1	1036	901	1	267	95.000000	 
2	1	620	0	0	0	1036	901	1	267	-1	
3	1	620	1	0	0	1036	901	1	267	-1	
4	1	620	1	1	0	1036	901	1	267	-1	
5	1	620	1	1	1	1036	901	1	267	95.000000	 
2	1	621	0	0	0	1159	901	5	269	-1	
3	1	621	1	0	0	1159	901	5	269	-1	
4	1	621	1	1	0	1159	901	5	269	-1	
5	1	621	1	1	1	1159	901	5	269	95.000000	 
2	1	622	0	0	0	1159	901	6	269	-1	
3	1	622	1	0	0	1159	901	6	269	-1	
4	1	622	1	1	0	1159	901	6	269	-1	
5	1	622	1	1	1	1159	901	6	269	95.000000	 
2	1	623	0	0	0	1160	901	4	269	-1	
3	1	623	1	0	0	1160	901	4	269	-1	
4	1	623	1	1	0	1160	901	4	269	-1	
5	1	623	1	1	1	1160	901	4	269	95.000000	 
2	1	624	0	0	0	1034	913	3	255	-1	
3	1	624	1	0	0	1034	913	3	255	-1	
4	1	624	1	1	0	1034	913	3	255	-1	
5	1	624	1	1	1	1034	913	3	255	95.000000	 
2	1	625	0	0	0	1052	913	3	255	-1	
3	1	625	1	0	0	1052	913	3	255	-1	
4	1	625	1	1	0	1052	913	3	255	-1	
5	1	625	1	1	1	1052	913	3	255	95.000000	 
2	1	626	0	0	0	1059	916	3	249	-1	
3	1	626	1	0	0	1059	916	3	249	-1	
4	1	626	1	1	0	1059	916	3	249	-1	
5	1	626	1	1	1	1059	916	3	249	95.000000	 
2	1	627	0	0	0	1059	916	5	250	-1	
3	1	627	1	0	0	1059	916	5	250	-1	
4	1	627	1	1	0	1059	916	5	250	-1	
5	1	627	1	1	1	1059	916	5	250	95.000000	 
2	1	628	0	0	0	1063	916	1	250	-1	
3	1	628	1	0	0	1063	916	1	250	-1	
4	1	628	1	1	0	1063	916	1	250	-1	
5	1	628	1	1	1	1063	916	1	250	95.000000	 
2	1	629	0	0	0	1336	925	6	236	-1	
3	1	629	1	0	0	1336	925	6	236	-1	
4	1	629	1	1	0	1336	925	6	236	-1	
5	1	629	1	1	1	1336	925	6	236	95.000000	 
2	1	630	0	0	0	1336	925	3	246	-1	
3	1	630	1	0	0	1336	925	3	246	-1	
4	1	630	1	1	0	1336	925	3	246	-1	
5	1	630	1	1	1	1336	925	3	246	95.000000	 
2	1	631	0	0	0	1339	925	1	246	-1	
3	1	631	1	0	0	1339	925	1	246	-1	
4	1	631	1	1	0	1339	925	1	246	-1	
5	1	631	1	1	1	1339	925	1	246	95.000000	 
2	1	632	0	0	0	650	932	3	233	-1	
3	1	632	1	0	0	650	932	3	233	-1	
4	1	632	1	1	0	650	932	3	233	-1	
5	1	632	1	1	1	650	932	3	233	95.000000	 
2	1	633	0	0	0	650	932	3	233	-1	
3	1	633	1	0	0	650	932	3	233	-1	
4	1	633	1	1	0	650	932	3	233	-1	
5	1	633	1	1	1	650	932	3	233	95.000000	 
2	1	634	0	0	0	652	932	1	233	-1	
3	1	634	1	0	0	652	932	1	233	-1	
4	1	634	1	1	0	652	932	1	233	-1	
5	1	634	1	1	1	652	932	1	233	95.000000	 
2	1	635	0	0	0	657	932	3	233	-1	
3	1	635	1	0	0	657	932	3	233	-1	
4	1	635	1	1	0	657	932	3	233	-1	
5	1	635	1	1	1	657	932	3	233	95.000000	 
2	1	636	0	0	0	657	932	4	233	-1	
3	1	636	1	0	0	657	932	4	233	-1	
4	1	636	1	1	0	657	932	4	233	-1	
5	1	636	1	1	1	657	932	4	233	95.000000	 
2	1	637	0	0	0	659	932	1	233	-1	
3	1	637	1	0	0	659	932	1	233	-1	
4	1	637	1	1	0	659	932	1	233	-1	
5	1	637	1	1	1	659	932	1	233	95.000000	 
2	1	638	0	0	0	680	940	5	224	-1	
3	1	638	1	0	0	680	940	5	224	-1	
4	1	638	1	1	0	680	940	5	224	-1	
5	1	638	1	1	1	680	940	5	224	95.000000	 
2	1	639	0	0	0	684	940	1	224	-1	
3	1	639	1	0	0	684	940	1	224	-1	
4	1	639	1	1	0	684	940	1	224	-1	
5	1	639	1	1	1	684	940	1	224	95.000000	 
2	1	640	0	0	0	1066	938	5	228	-1	
3	1	640	1	0	0	1066	938	5	228	-1	
4	1	640	1	1	0	1066	938	5	228	-1	
5	1	640	1	1	1	1066	938	5	228	95.000000	 
2	1	641	0	0	0	1067	938	5	228	-1	
3	1	641	1	0	0	1067	938	5	228	-1	
4	1	641	1	1	0	1067	938	5	228	-1	
5	1	641	1	1	1	1067	938	5	228	95.000000	 
2	1	642	0	0	0	1191	947	6	215	-1	
3	1	642	1	0	0	1191	947	6	215	-1	
4	1	642	1	1	0	1191	947	6	215	-1	
5	1	642	1	1	1	1191	947	6	215	95.000000	 
2	1	643	0	0	0	1191	947	8	215	-1	
3	1	643	1	0	0	1191	947	8	215	-1	
4	1	643	1	1	0	1191	947	8	215	-1	
5	1	643	1	1	1	1191	947	8	215	95.000000	 
2	1	644	0	0	0	1195	947	1	215	-1	
3	1	644	1	0	0	1195	947	1	215	-1	
4	1	644	1	1	0	1195	947	1	215	-1	
5	1	644	1	1	1	1195	947	1	215	95.000000	 
2	1	645	0	0	0	1268	956	1	198	-1	
3	1	645	1	0	0	1268	956	1	198	-1	
4	1	645	1	1	0	1268	956	1	198	-1	
5	1	645	1	1	1	1268	956	1	198	95.000000	 
2	1	646	0	0	0	1043	956	3	201	-1	
3	1	646	1	0	0	1043	956	3	201	-1	
4	1	646	1	1	0	1043	956	3	201	-1	
5	1	646	1	1	1	1043	956	3	201	95.000000	 
2	1	647	0	0	0	1075	956	6	209	-1	
3	1	647	1	0	0	1075	956	6	209	-1	
4	1	647	1	1	0	1075	956	6	209	-1	
5	1	647	1	1	1	1075	956	6	209	95.000000	 
2	1	648	0	0	0	609	960	1	203	-1	
3	1	648	1	0	0	609	960	1	203	-1	
4	1	648	1	1	0	609	960	1	203	-1	
5	1	648	1	1	1	609	960	1	203	95.000000	 
2	1	649	0	0	0	609	960	1	203	-1	
3	1	649	1	0	0	609	960	1	203	-1	
4	1	649	1	1	0	609	960	1	203	-1	
5	1	649	1	1	1	609	960	1	203	95.000000	 
2	1	650	0	0	0	1184	953	5	217	-1	
3	1	650	1	0	0	1184	953	5	217	-1	
4	1	650	1	1	0	1184	953	5	217	-1	
5	1	650	1	1	1	1184	953	5	217	95.000000	 
2	1	651	0	0	0	1184	953	6	217	-1	
3	1	651	1	0	0	1184	953	6	217	-1	
4	1	651	1	1	0	1184	953	6	217	-1	
5	1	651	1	1	1	1184	953	6	217	95.000000	 
2	1	652	0	0	0	1042	969	4	188	-1	
3	1	652	1	0	0	1042	969	4	188	-1	
4	1	652	1	1	0	1042	969	4	188	-1	
5	1	652	1	1	1	1042	969	4	188	95.000000	 
2	1	653	0	0	0	1265	971	5	183	-1	
3	1	653	1	0	0	1265	971	5	183	-1	
4	1	653	1	1	0	1265	971	5	183	-1	
5	1	653	1	1	1	1265	971	5	183	95.000000	 
2	1	654	0	0	0	1369	968	1	190	-1	
3	1	654	1	0	0	1369	968	1	190	-1	
4	1	654	1	1	0	1369	968	1	190	-1	
5	1	654	1	1	1	1369	968	1	190	95.000000	 
2	1	655	0	0	0	1200	974	6	184	-1	
3	1	655	1	0	0	1200	974	6	184	-1	
4	1	655	1	1	0	1200	974	6	184	-1	
5	1	655	1	1	1	1200	974	6	184	95.000000	 
2	1	656	0	0	0	1274	972	4	187	-1	
3	1	656	1	0	0	1274	972	4	187	-1	
4	1	656	1	1	0	1274	972	4	187	-1	
5	1	656	1	1	1	1274	972	4	187	95.000000	 
2	1	657	0	0	0	608	970	3	193	-1	
3	1	657	1	0	0	608	970	3	193	-1	
4	1	657	1	1	0	608	970	3	193	-1	
5	1	657	1	1	1	608	970	3	193	95.000000	 
2	1	658	0	0	0	1182	964	7	206	-1	
3	1	658	1	0	0	1182	964	7	206	-1	
4	1	658	1	1	0	1182	964	7	206	-1	
5	1	658	1	1	1	1182	964	7	206	95.000000	 
2	1	659	0	0	0	1369	968	6	197	-1	
3	1	659	1	0	0	1369	968	6	197	-1	
4	1	659	1	1	0	1369	968	6	197	-1	
5	1	659	1	1	1	1369	968	6	197	95.000000	 
2	1	660	0	0	0	1109	982	5	172	-1	
3	1	660	1	0	0	1109	982	5	172	-1	
4	1	660	1	1	0	1109	982	5	172	-1	
5	1	660	1	1	1	1109	982	5	172	95.000000	 
2	1	661	0	0	0	1002	983	3	175	-1	
3	1	661	1	0	0	1002	983	3	175	-1	
4	1	661	1	1	0	1002	983	3	175	-1	
5	1	661	1	1	1	1002	983	3	175	95.000000	 
2	1	662	0	0	0	1265	971	7	200	-1	
3	1	662	1	0	0	1265	971	7	200	-1	
4	1	662	1	1	0	1265	971	7	200	-1	
5	1	662	1	1	1	1265	971	7	200	95.000000	 
2	1	663	0	0	0	1328	977	7	194	-1	
3	1	663	1	0	0	1328	977	7	194	-1	
4	1	663	1	1	0	1328	977	7	194	-1	
5	1	663	1	1	1	1328	977	7	194	95.000000	 
2	1	664	0	0	0	1354	988	4	179	-1	
3	1	664	1	0	0	1354	988	4	179	-1	
4	1	664	1	1	0	1354	988	4	179	-1	
5	1	664	1	1	1	1354	988	4	179	95.000000	 
2	1	665	0	0	0	500	1002	1	153	-1	
3	1	665	1	0	0	500	1002	1	153	-1	
4	1	665	1	1	0	500	1002	1	153	-1	
5	1	665	1	1	1	500	1002	1	153	95.000000	 
2	1	666	0	0	0	522	996	3	165	-1	
3	1	666	1	0	0	522	996	3	165	-1	
4	1	666	1	1	0	522	996	3	165	-1	
5	1	666	1	1	1	522	996	3	165	95.000000	 
2	1	667	0	0	0	522	996	7	165	-1	
3	1	667	1	0	0	522	996	7	165	-1	
4	1	667	1	1	0	522	996	7	165	-1	
5	1	667	1	1	1	522	996	7	165	95.000000	 
2	1	668	0	0	0	1386	997	2	174	-1	
3	1	668	1	0	0	1386	997	2	174	-1	
4	1	668	1	1	0	1386	997	2	174	-1	
5	1	668	1	1	1	1386	997	2	174	95.000000	 
2	1	669	0	0	0	1387	997	1	174	-1	
3	1	669	1	0	0	1387	997	1	174	-1	
4	1	669	1	1	0	1387	997	1	174	-1	
5	1	669	1	1	1	1387	997	1	174	95.000000	 
2	1	670	0	0	0	1391	997	1	173	-1	
3	1	670	1	0	0	1391	997	1	173	-1	
4	1	670	1	1	0	1391	997	1	173	-1	
5	1	670	1	1	1	1391	997	1	173	95.000000	 
2	1	671	0	0	0	443	1033	6	122	-1	
3	1	671	1	0	0	443	1033	6	122	-1	
4	1	671	1	1	0	443	1033	6	122	-1	
5	1	671	1	1	1	443	1033	6	122	95.000000	 
2	1	672	0	0	0	450	1043	5	119	-1	
3	1	672	1	0	0	450	1043	5	119	-1	
4	1	672	1	1	0	450	1043	5	119	-1	
5	1	672	1	1	1	450	1043	5	119	95.000000	 
2	1	673	0	0	0	1379	1044	5	125	-1	
3	1	673	1	0	0	1379	1044	5	125	-1	
4	1	673	1	1	0	1379	1044	5	125	-1	
5	1	673	1	1	1	1379	1044	5	125	95.000000	 
2	1	674	0	0	0	1293	1061	1	100	-1	
3	1	674	1	0	0	1293	1061	1	100	-1	
4	1	674	1	1	0	1293	1061	1	100	-1	
5	1	674	1	1	1	1293	1061	1	100	95.000000	 
2	1	675	0	0	0	1400	1131	1	31	-1	
3	1	675	1	0	0	1400	1131	1	31	-1	
4	1	675	1	1	0	1400	1131	1	31	-1	
5	1	675	1	1	1	1400	1131	1	31	95.000000	 
2	1	676	0	0	0	1350	1138	1	22	-1	
3	1	676	1	0	0	1350	1138	1	22	-1	
4	1	676	1	1	0	1350	1138	1	22	-1	
5	1	676	1	1	1	1350	1138	1	22	95.000000	 
2	1	677	0	0	0	283	1136	1	29	-1	
3	1	677	1	0	0	283	1136	1	29	-1	
4	1	677	1	1	0	283	1136	1	29	-1	
5	1	677	1	1	1	283	1136	1	29	95.000000	 
2	1	678	0	0	0	311	1150	394	4	-1	
3	1	678	1	0	0	311	1150	394	4	-1	
4	1	678	1	1	0	311	1150	394	4	-1	
5	1	678	1	1	1	311	1150	394	4	95.000000	 
2	1	679	0	0	0	311	1150	394	4	-1	
3	1	679	1	0	0	311	1150	394	4	-1	
4	1	679	1	1	0	311	1150	394	4	-1	
5	1	679	1	1	1	311	1150	394	4	95.000000	 
2	1	680	0	0	0	311	1152	394	2	-1	
3	1	680	1	0	0	311	1152	394	2	-1	
4	1	680	1	1	0	311	1152	394	2	-1	
5	1	680	1	1	1	311	1152	394	2	95.000000	 
2	1	681	0	0	0	648	1148	763	13	-1	
3	1	681	1	0	0	648	1148	763	13	-1	
4	1	681	1	1	0	648	1148	763	13	-1	
5	1	681	1	1	1	648	1148	763	13	95.000000	 
2	1	682	0	0	0	714	1152	582	5	-1	
3	1	682	1	0	0	714	1152	582	5	-1	
4	1	682	1	1	0	714	1152	582	5	-1	
5	1	682	1	1	1	714	1152	582	5	95.000000	 
2	1	683	0	0	0	878	1149	1	17	-1	
3	1	683	1	0	0	878	1149	1	17	-1	
4	1	683	1	1	0	878	1149	1	17	-1	
5	1	683	1	1	1	878	1149	1	17	95.000000	 
2	1	684	0	0	0	1122	1146	1	23	-1	
3	1	684	1	0	0	1122	1146	1	23	-1	
4	1	684	1	1	0	1122	1146	1	23	-1	
5	1	684	1	1	1	1122	1146	1	23	95.000000	 
2	1	685	0	0	0	1343	1158	64	1	-1	
3	1	685	1	0	0	1343	1158	64	1	-1	
4	1	685	1	1	0	1343	1158	64	1	-1	
5	1	685	1	1	1	1343	1158	64	1	95.000000	 
2	1	686	0	0	0	1343	1158	64	1	-1	
3	1	686	1	0	0	1343	1158	64	1	-1	
4	1	686	1	1	0	1343	1158	64	1	-1	
5	1	686	1	1	1	1343	1158	64	1	95.000000	 
2	1	687	0	0	0	1328	1158	79	3	-1	
3	1	687	1	0	0	1328	1158	79	3	-1	
4	1	687	1	1	0	1328	1158	79	3	-1	
5	1	687	1	1	1	1328	1158	79	3	95.000000	 
2	1	688	0	0	0	1045	1158	362	7	-1	
3	1	688	1	0	0	1045	1158	362	7	-1	
4	1	688	1	1	0	1045	1158	362	7	-1	
5	1	688	1	1	1	1045	1158	362	7	95.000000	 
2	1	689	0	0	0	252	1162	44	1	-1	
3	1	689	1	0	0	252	1162	44	1	-1	
4	1	689	1	1	0	252	1162	44	1	-1	
5	1	689	1	1	1	252	1162	44	1	95.000000	 
2	1	690	0	0	0	261	1164	17	1	-1	
3	1	690	1	0	0	261	1164	17	1	-1	
4	1	690	1	1	0	261	1164	17	1	-1	
5	1	690	1	1	1	261	1164	17	1	95.000000	 
2	1	691	0	0	0	1376	1167	18	1	-1	
3	1	691	1	0	0	1376	1167	18	1	-1	
4	1	691	1	1	0	1376	1167	18	1	-1	
5	1	691	1	1	1	1376	1167	18	1	95.000000	 
2	1	692	0	0	0	245	1171	32	1	-1	
3	1	692	1	0	0	245	1171	32	1	-1	
4	1	692	1	1	0	245	1171	32	1	-1	
5	1	692	1	1	1	245	1171	32	1	95.000000	 
2	1	693	0	0	0	259	1173	18	1	-1	
3	1	693	1	0	0	259	1173	18	1	-1	
4	1	693	1	1	0	259	1173	18	1	-1	
5	1	693	1	1	1	259	1173	18	1	95.000000	 
2	1	694	0	0	0	269	853	8	328	-1	
3	1	694	1	0	0	269	853	8	328	-1	
4	1	694	1	1	0	269	853	8	328	-1	
5	1	694	1	1	1	269	853	8	328	95.000000	 
2	1	695	0	0	0	269	853	8	328	-1	
3	1	695	1	0	0	269	853	8	328	-1	
4	1	695	1	1	0	269	853	8	328	-1	
5	1	695	1	1	1	269	853	8	328	95.000000	 
2	1	696	0	0	0	259	901	9	283	-1	
3	1	696	1	0	0	259	901	9	283	-1	
4	1	696	1	1	0	259	901	9	283	-1	
5	1	696	1	1	1	259	901	9	283	95.000000	 
2	1	697	0	0	0	217	1231	46	1	-1	
3	1	697	1	0	0	217	1231	46	1	-1	
4	1	697	1	1	0	217	1231	46	1	-1	
5	1	697	1	1	1	217	1231	46	1	95.000000	 
2	1	698	0	0	0	205	1232	1	19	-1	
3	1	698	1	0	0	205	1232	1	19	-1	
4	1	698	1	1	0	205	1232	1	19	-1	
5	1	698	1	1	1	205	1232	1	19	95.000000	 
2	1	699	0	0	0	262	1230	1	25	-1	
3	1	699	1	0	0	262	1230	1	25	-1	
4	1	699	1	1	0	262	1230	1	25	-1	
5	1	699	1	1	1	262	1230	1	25	95.000000	 
2	1	700	0	0	0	728	1258	34	1	-1	
3	1	700	1	0	0	728	1258	34	1	-1	
4	1	700	1	1	0	728	1258	34	1	-1	
5	1	700	1	1	1	728	1258	34	1	95.000000	 
2	1	701	0	0	0	179	1258	82	3	-1	
3	1	701	1	0	0	179	1258	82	3	-1	
4	1	701	1	1	0	179	1258	82	3	-1	
5	1	701	1	1	1	179	1258	82	3	95.000000	 
2	1	702	0	0	0	721	1260	41	1	-1	
3	1	702	1	0	0	721	1260	41	1	-1	
4	1	702	1	1	0	721	1260	41	1	-1	
5	1	702	1	1	1	721	1260	41	1	95.000000	 
2	1	703	0	0	0	244	919	11	349	-1	
3	1	703	1	0	0	244	919	11	349	-1	
4	1	703	1	1	0	244	919	11	349	-1	
5	1	703	1	1	1	244	919	11	349	95.000000	 
2	1	704	0	0	0	193	1063	7	213	-1	
3	1	704	1	0	0	193	1063	7	213	-1	
4	1	704	1	1	0	193	1063	7	213	-1	
5	1	704	1	1	1	193	1063	7	213	95.000000	 
2	1	705	0	0	0	255	1248	1	23	-1	
3	1	705	1	0	0	255	1248	1	23	-1	
4	1	705	1	1	0	255	1248	1	23	-1	
5	1	705	1	1	1	255	1248	1	23	95.000000	 
2	1	706	0	0	0	184	1252	1	21	-1	
3	1	706	1	0	0	184	1252	1	21	-1	
4	1	706	1	1	0	184	1252	1	21	-1	
5	1	706	1	1	1	184	1252	1	21	95.000000	 
2	1	707	0	0	0	184	1262	20	1	-1	
3	1	707	1	0	0	184	1262	20	1	-1	
4	1	707	1	1	0	184	1262	20	1	-1	
5	1	707	1	1	1	184	1262	20	1	95.000000	 
2	1	708	0	0	0	223	1267	35	1	-1	
3	1	708	1	0	0	223	1267	35	1	-1	
4	1	708	1	1	0	223	1267	35	1	-1	
5	1	708	1	1	1	223	1267	35	1	95.000000	 
2	1	709	0	0	0	237	1269	17	1	-1	
3	1	709	1	0	0	237	1269	17	1	-1	
4	1	709	1	1	0	237	1269	17	1	-1	
5	1	709	1	1	1	237	1269	17	1	95.000000	 
2	1	710	0	0	0	718	1269	89	1	-1	
3	1	710	1	0	0	718	1269	89	1	-1	
4	1	710	1	1	0	718	1269	89	1	-1	
5	1	710	1	1	1	718	1269	89	1	95.000000	 
2	1	711	0	0	0	443	1270	30	1	-1	
3	1	711	1	0	0	443	1270	30	1	-1	
4	1	711	1	1	0	443	1270	30	1	-1	
5	1	711	1	1	1	443	1270	30	1	95.000000	 
2	1	712	0	0	0	708	1269	99	3	-1	
3	1	712	1	0	0	708	1269	99	3	-1	
4	1	712	1	1	0	708	1269	99	3	-1	
5	1	712	1	1	1	708	1269	99	3	95.000000	 
2	1	713	0	0	0	451	1275	83	3	-1	
3	1	713	1	0	0	451	1275	83	3	-1	
4	1	713	1	1	0	451	1275	83	3	-1	
5	1	713	1	1	1	451	1275	83	3	95.000000	 
2	1	714	0	0	0	741	1275	62	4	-1	
3	1	714	1	0	0	741	1275	62	4	-1	
4	1	714	1	1	0	741	1275	62	4	-1	
5	1	714	1	1	1	741	1275	62	4	95.000000	 
2	1	715	0	0	0	741	1276	62	3	-1	
3	1	715	1	0	0	741	1276	62	3	-1	
4	1	715	1	1	0	741	1276	62	3	-1	
5	1	715	1	1	1	741	1276	62	3	95.000000	 
2	1	716	0	0	0	741	1278	78	1	-1	
3	1	716	1	0	0	741	1278	78	1	-1	
4	1	716	1	1	0	741	1278	78	1	-1	
5	1	716	1	1	1	741	1278	78	1	95.000000	 
2	1	717	0	0	0	507	1281	59	3	-1	
3	1	717	1	0	0	507	1281	59	3	-1	
4	1	717	1	1	0	507	1281	59	3	-1	
5	1	717	1	1	1	507	1281	59	3	95.000000	 
2	1	718	0	0	0	507	1282	73	1	-1	
3	1	718	1	0	0	507	1282	73	1	-1	
4	1	718	1	1	0	507	1282	73	1	-1	
5	1	718	1	1	1	507	1282	73	1	95.000000	 
2	1	719	0	0	0	780	1254	3	52	-1	
3	1	719	1	0	0	780	1254	3	52	-1	
4	1	719	1	1	0	780	1254	3	52	-1	
5	1	719	1	1	1	780	1254	3	52	95.000000	 
2	1	720	0	0	0	782	1254	1	52	-1	
3	1	720	1	0	0	782	1254	1	52	-1	
4	1	720	1	1	0	782	1254	1	52	-1	
5	1	720	1	1	1	782	1254	1	52	95.000000	 
2	1	721	0	0	0	712	1284	235	4	-1	
3	1	721	1	0	0	712	1284	235	4	-1	
4	1	721	1	1	0	712	1284	235	4	-1	
5	1	721	1	1	1	712	1284	235	4	95.000000	 
2	1	722	0	0	0	712	1283	241	5	-1	
3	1	722	1	0	0	712	1283	241	5	-1	
4	1	722	1	1	0	712	1283	241	5	-1	
5	1	722	1	1	1	712	1283	241	5	95.000000	 
2	1	723	0	0	0	1128	1285	17	1	-1	
3	1	723	1	0	0	1128	1285	17	1	-1	
4	1	723	1	1	0	1128	1285	17	1	-1	
5	1	723	1	1	1	1128	1285	17	1	95.000000	 
2	1	724	0	0	0	1151	1269	1	33	-1	
3	1	724	1	0	0	1151	1269	1	33	-1	
4	1	724	1	1	0	1151	1269	1	33	-1	
5	1	724	1	1	1	1151	1269	1	33	95.000000	 
2	1	725	0	0	0	803	1277	1	20	-1	
3	1	725	1	0	0	803	1277	1	20	-1	
4	1	725	1	1	0	803	1277	1	20	-1	
5	1	725	1	1	1	803	1277	1	20	95.000000	 
2	1	726	0	0	0	712	1286	235	3	-1	
3	1	726	1	0	0	712	1286	235	3	-1	
4	1	726	1	1	0	712	1286	235	3	-1	
5	1	726	1	1	1	712	1286	235	3	95.000000	 
2	1	727	0	0	0	554	1291	24	1	-1	
3	1	727	1	0	0	554	1291	24	1	-1	
4	1	727	1	1	0	554	1291	24	1	-1	
5	1	727	1	1	1	554	1291	24	1	95.000000	 
2	1	728	0	0	0	771	1279	1	25	-1	
3	1	728	1	0	0	771	1279	1	25	-1	
4	1	728	1	1	0	771	1279	1	25	-1	
5	1	728	1	1	1	771	1279	1	25	95.000000	 
2	1	729	0	0	0	1135	1292	23	1	-1	
3	1	729	1	0	0	1135	1292	23	1	-1	
4	1	729	1	1	0	1135	1292	23	1	-1	
5	1	729	1	1	1	1135	1292	23	1	95.000000	 
2	1	730	0	0	0	548	1293	40	1	-1	
3	1	730	1	0	0	548	1293	40	1	-1	
4	1	730	1	1	0	548	1293	40	1	-1	
5	1	730	1	1	1	548	1293	40	1	95.000000	 
2	1	731	0	0	0	762	1282	1	24	-1	
3	1	731	1	0	0	762	1282	1	24	-1	
4	1	731	1	1	0	762	1282	1	24	-1	
5	1	731	1	1	1	762	1282	1	24	95.000000	 
2	1	732	0	0	0	703	1293	259	4	-1	
3	1	732	1	0	0	703	1293	259	4	-1	
4	1	732	1	1	0	703	1293	259	4	-1	
5	1	732	1	1	1	703	1293	259	4	95.000000	 
2	1	733	0	0	0	709	1294	253	1	-1	
3	1	733	1	0	0	709	1294	253	1	-1	
4	1	733	1	1	0	709	1294	253	1	-1	
5	1	733	1	1	1	709	1294	253	1	95.000000	 
2	1	734	0	0	0	1155	1294	20	1	-1	
3	1	734	1	0	0	1155	1294	20	1	-1	
4	1	734	1	1	0	1155	1294	20	1	-1	
5	1	734	1	1	1	1155	1294	20	1	95.000000	 
2	1	735	0	0	0	709	1294	253	3	-1	
3	1	735	1	0	0	709	1294	253	3	-1	
4	1	735	1	1	0	709	1294	253	3	-1	
5	1	735	1	1	1	709	1294	253	3	95.000000	 
2	1	736	0	0	0	709	1296	253	1	-1	
3	1	736	1	0	0	709	1296	253	1	-1	
4	1	736	1	1	0	709	1296	253	1	-1	
5	1	736	1	1	1	709	1296	253	1	95.000000	 
2	1	737	0	0	0	709	1296	253	1	-1	
3	1	737	1	0	0	709	1296	253	1	-1	
4	1	737	1	1	0	709	1296	253	1	-1	
5	1	737	1	1	1	709	1296	253	1	95.000000	 
2	1	738	0	0	0	404	1300	748	4	-1	
3	1	738	1	0	0	404	1300	748	4	-1	
4	1	738	1	1	0	404	1300	748	4	-1	
5	1	738	1	1	1	404	1300	748	4	95.000000	 
2	1	739	0	0	0	540	1300	612	4	-1	
3	1	739	1	0	0	540	1300	612	4	-1	
4	1	739	1	1	0	540	1300	612	4	-1	
5	1	739	1	1	1	540	1300	612	4	95.000000	 
2	1	740	0	0	0	710	875	7	438	-1	
3	1	740	1	0	0	710	875	7	438	-1	
4	1	740	1	1	0	710	875	7	438	-1	
5	1	740	1	1	1	710	875	7	438	95.000000	 
2	1	741	0	0	0	896	942	5	371	-1	
3	1	741	1	0	0	896	942	5	371	-1	
4	1	741	1	1	0	896	942	5	371	-1	
5	1	741	1	1	1	896	942	5	371	95.000000	 
2	1	742	0	0	0	784	962	6	354	-1	
3	1	742	1	0	0	784	962	6	354	-1	
4	1	742	1	1	0	784	962	6	354	-1	
5	1	742	1	1	1	784	962	6	354	95.000000	 
2	1	743	0	0	0	1666	1020	39	292	-1	
3	1	743	1	0	0	1666	1020	39	292	-1	
4	1	743	1	1	0	1666	1020	39	292	-1	
5	1	743	1	1	1	1666	1020	39	292	95.000000	 
2	1	744	0	0	0	230	1050	2	275	-1	
3	1	744	1	0	0	230	1050	2	275	-1	
4	1	744	1	1	0	230	1050	2	275	-1	
5	1	744	1	1	1	230	1050	2	275	95.000000	 
2	1	745	0	0	0	780	1254	1	74	-1	
3	1	745	1	0	0	780	1254	1	74	-1	
4	1	745	1	1	0	780	1254	1	74	-1	
5	1	745	1	1	1	780	1254	1	74	95.000000	 
2	1	746	0	0	0	228	1262	3	63	-1	
3	1	746	1	0	0	228	1262	3	63	-1	
4	1	746	1	1	0	228	1262	3	63	-1	
5	1	746	1	1	1	228	1262	3	63	95.000000	 
2	1	747	0	0	0	946	1271	1	48	-1	
3	1	747	1	0	0	946	1271	1	48	-1	
4	1	747	1	1	0	946	1271	1	48	-1	
5	1	747	1	1	1	946	1271	1	48	95.000000	 
2	1	748	0	0	0	789	1278	1	38	-1	
3	1	748	1	0	0	789	1278	1	38	-1	
4	1	748	1	1	0	789	1278	1	38	-1	
5	1	748	1	1	1	789	1278	1	38	95.000000	 
2	1	749	0	0	0	773	1294	1	17	-1	
3	1	749	1	0	0	773	1294	1	17	-1	
4	1	749	1	1	0	773	1294	1	17	-1	
5	1	749	1	1	1	773	1294	1	17	95.000000	 
2	1	750	0	0	0	1169	1294	1	17	-1	
3	1	750	1	0	0	1169	1294	1	17	-1	
4	1	750	1	1	0	1169	1294	1	17	-1	
5	1	750	1	1	1	1169	1294	1	17	95.000000	 
2	1	751	0	0	0	900	1296	1	17	-1	
3	1	751	1	0	0	900	1296	1	17	-1	
4	1	751	1	1	0	900	1296	1	17	-1	
5	1	751	1	1	1	900	1296	1	17	95.000000	 
2	1	752	0	0	0	404	1303	748	5	-1	
3	1	752	1	0	0	404	1303	748	5	-1	
4	1	752	1	1	0	404	1303	748	5	-1	
5	1	752	1	1	1	404	1303	748	5	95.000000	 
2	1	753	0	0	0	404	1303	748	5	-1	
3	1	753	1	0	0	404	1303	748	5	-1	
4	1	753	1	1	0	404	1303	748	5	-1	
5	1	753	1	1	1	404	1303	748	5	95.000000	 
2	1	754	0	0	0	404	1303	748	5	-1	
3	1	754	1	0	0	404	1303	748	5	-1	
4	1	754	1	1	0	404	1303	748	5	-1	
5	1	754	1	1	1	404	1303	748	5	95.000000	 
2	1	755	0	0	0	1160	1293	1	33	-1	
3	1	755	1	0	0	1160	1293	1	33	-1	
4	1	755	1	1	0	1160	1293	1	33	-1	
5	1	755	1	1	1	1160	1293	1	33	95.000000	 
2	1	756	0	0	0	1155	1310	28	1	-1	
3	1	756	1	0	0	1155	1310	28	1	-1	
4	1	756	1	1	0	1155	1310	28	1	-1	
5	1	756	1	1	1	1155	1310	28	1	95.000000	 
2	1	757	0	0	0	453	1312	563	2	-1	
3	1	757	1	0	0	453	1312	563	2	-1	
4	1	757	1	1	0	453	1312	563	2	-1	
5	1	757	1	1	1	453	1312	563	2	95.000000	 
2	1	758	0	0	0	219	1314	32	1	-1	
3	1	758	1	0	0	219	1314	32	1	-1	
4	1	758	1	1	0	219	1314	32	1	-1	
5	1	758	1	1	1	219	1314	32	1	95.000000	 
2	1	759	0	0	0	399	1306	784	18	-1	
3	1	759	1	0	0	399	1306	784	18	-1	
4	1	759	1	1	0	399	1306	784	18	-1	
5	1	759	1	1	1	399	1306	784	18	95.000000	 
2	1	760	0	0	0	399	1310	617	12	-1	
3	1	760	1	0	0	399	1310	617	12	-1	
4	1	760	1	1	0	399	1310	617	12	-1	
5	1	760	1	1	1	399	1310	617	12	95.000000	 
2	1	761	0	0	0	399	1310	617	12	-1	
3	1	761	1	0	0	399	1310	617	12	-1	
4	1	761	1	1	0	399	1310	617	12	-1	
5	1	761	1	1	1	399	1310	617	12	95.000000	 
2	1	762	0	0	0	223	1316	24	1	-1	
3	1	762	1	0	0	223	1316	24	1	-1	
4	1	762	1	1	0	223	1316	24	1	-1	
5	1	762	1	1	1	223	1316	24	1	95.000000	 
2	1	763	0	0	0	399	1310	617	14	-1	
3	1	763	1	0	0	399	1310	617	14	-1	
4	1	763	1	1	0	399	1310	617	14	-1	
5	1	763	1	1	1	399	1310	617	14	95.000000	 
2	1	764	0	0	0	399	1316	768	7	-1	
3	1	764	1	0	0	399	1316	768	7	-1	
4	1	764	1	1	0	399	1316	768	7	-1	
5	1	764	1	1	1	399	1316	768	7	95.000000	 
2	1	765	0	0	0	399	1316	768	7	-1	
3	1	765	1	0	0	399	1316	768	7	-1	
4	1	765	1	1	0	399	1316	768	7	-1	
5	1	765	1	1	1	399	1316	768	7	95.000000	 
2	1	766	0	0	0	399	1316	768	7	-1	
3	1	766	1	0	0	399	1316	768	7	-1	
4	1	766	1	1	0	399	1316	768	7	-1	
5	1	766	1	1	1	399	1316	768	7	95.000000	 
2	1	767	0	0	0	399	1316	768	7	-1	
3	1	767	1	0	0	399	1316	768	7	-1	
4	1	767	1	1	0	399	1316	768	7	-1	
5	1	767	1	1	1	399	1316	768	7	95.000000	 
2	1	768	0	0	0	399	1316	768	7	-1	
3	1	768	1	0	0	399	1316	768	7	-1	
4	1	768	1	1	0	399	1316	768	7	-1	
5	1	768	1	1	1	399	1316	768	7	95.000000	 
2	1	769	0	0	0	1136	1321	31	1	-1	
3	1	769	1	0	0	1136	1321	31	1	-1	
4	1	769	1	1	0	1136	1321	31	1	-1	
5	1	769	1	1	1	1136	1321	31	1	95.000000	 
2	1	770	0	0	0	178	1324	26	3	-1	
3	1	770	1	0	0	178	1324	26	3	-1	
4	1	770	1	1	0	178	1324	26	3	-1	
5	1	770	1	1	1	178	1324	26	3	95.000000	 
2	1	771	0	0	0	178	1327	26	1	-1	
3	1	771	1	0	0	178	1327	26	1	-1	
4	1	771	1	1	0	178	1327	26	1	-1	
5	1	771	1	1	1	178	1327	26	1	95.000000	 
2	1	772	0	0	0	804	841	10	494	-1	
3	1	772	1	0	0	804	841	10	494	-1	
4	1	772	1	1	0	804	841	10	494	-1	
5	1	772	1	1	1	804	841	10	494	95.000000	 
2	1	773	0	0	0	432	877	12	459	-1	
3	1	773	1	0	0	432	877	12	459	-1	
4	1	773	1	1	0	432	877	12	459	-1	
5	1	773	1	1	1	432	877	12	459	95.000000	 
2	1	774	0	0	0	432	877	12	459	-1	
3	1	774	1	0	0	432	877	12	459	-1	
4	1	774	1	1	0	432	877	12	459	-1	
5	1	774	1	1	1	432	877	12	459	95.000000	 
2	1	775	0	0	0	749	922	8	423	-1	
3	1	775	1	0	0	749	922	8	423	-1	
4	1	775	1	1	0	749	922	8	423	-1	
5	1	775	1	1	1	749	922	8	423	95.000000	 
2	1	776	0	0	0	540	971	7	367	-1	
3	1	776	1	0	0	540	971	7	367	-1	
4	1	776	1	1	0	540	971	7	367	-1	
5	1	776	1	1	1	540	971	7	367	95.000000	 
2	1	777	0	0	0	541	971	5	367	-1	
3	1	777	1	0	0	541	971	5	367	-1	
4	1	777	1	1	0	541	971	5	367	-1	
5	1	777	1	1	1	541	971	5	367	95.000000	 
2	1	778	0	0	0	744	1020	6	315	-1	
3	1	778	1	0	0	744	1020	6	315	-1	
4	1	778	1	1	0	744	1020	6	315	-1	
5	1	778	1	1	1	744	1020	6	315	95.000000	 
2	1	779	0	0	0	511	1269	1	68	-1	
3	1	779	1	0	0	511	1269	1	68	-1	
4	1	779	1	1	0	511	1269	1	68	-1	
5	1	779	1	1	1	511	1269	1	68	95.000000	 
2	1	780	0	0	0	923	1281	1	50	-1	
3	1	780	1	0	0	923	1281	1	50	-1	
4	1	780	1	1	0	923	1281	1	50	-1	
5	1	780	1	1	1	923	1281	1	50	95.000000	 
2	1	781	0	0	0	837	1279	3	70	-1	
3	1	781	1	0	0	837	1279	3	70	-1	
4	1	781	1	1	0	837	1279	3	70	-1	
5	1	781	1	1	1	837	1279	3	70	95.000000	 
2	1	782	0	0	0	1142	1284	3	66	-1	
3	1	782	1	0	0	1142	1284	3	66	-1	
4	1	782	1	1	0	1142	1284	3	66	-1	
5	1	782	1	1	1	1142	1284	3	66	95.000000	 
2	1	783	0	0	0	864	1296	1	46	-1	
3	1	783	1	0	0	864	1296	1	46	-1	
4	1	783	1	1	0	864	1296	1	46	-1	
5	1	783	1	1	1	864	1296	1	46	95.000000	 
2	1	784	0	0	0	412	1297	1	48	-1	
3	1	784	1	0	0	412	1297	1	48	-1	
4	1	784	1	1	0	412	1297	1	48	-1	
5	1	784	1	1	1	412	1297	1	48	95.000000	 
2	1	785	0	0	0	932	1307	1	27	-1	
3	1	785	1	0	0	932	1307	1	27	-1	
4	1	785	1	1	0	932	1307	1	27	-1	
5	1	785	1	1	1	932	1307	1	27	95.000000	 
2	1	786	0	0	0	239	1308	1	27	-1	
3	1	786	1	0	0	239	1308	1	27	-1	
4	1	786	1	1	0	239	1308	1	27	-1	
5	1	786	1	1	1	239	1308	1	27	95.000000	 
2	1	787	0	0	0	964	1299	1	50	-1	
3	1	787	1	0	0	964	1299	1	50	-1	
4	1	787	1	1	0	964	1299	1	50	-1	
5	1	787	1	1	1	964	1299	1	50	95.000000	 
2	1	788	0	0	0	419	1308	1	35	-1	
3	1	788	1	0	0	419	1308	1	35	-1	
4	1	788	1	1	0	419	1308	1	35	-1	
5	1	788	1	1	1	419	1308	1	35	95.000000	 
2	1	789	0	0	0	873	1317	1	17	-1	
3	1	789	1	0	0	873	1317	1	17	-1	
4	1	789	1	1	0	873	1317	1	17	-1	
5	1	789	1	1	1	873	1317	1	17	95.000000	 
2	1	790	0	0	0	994	1313	1	27	-1	
3	1	790	1	0	0	994	1313	1	27	-1	
4	1	790	1	1	0	994	1313	1	27	-1	
5	1	790	1	1	1	994	1313	1	27	95.000000	 
2	1	791	0	0	0	399	1327	162	4	-1	
3	1	791	1	0	0	399	1327	162	4	-1	
4	1	791	1	1	0	399	1327	162	4	-1	
5	1	791	1	1	1	399	1327	162	4	95.000000	 
2	1	792	0	0	0	435	1319	1	20	-1	
3	1	792	1	0	0	435	1319	1	20	-1	
4	1	792	1	1	0	435	1319	1	20	-1	
5	1	792	1	1	1	435	1319	1	20	95.000000	 
2	1	793	0	0	0	179	1322	1	17	-1	
3	1	793	1	0	0	179	1322	1	17	-1	
4	1	793	1	1	0	179	1322	1	17	-1	
5	1	793	1	1	1	179	1322	1	17	95.000000	 
2	1	794	0	0	0	399	1330	162	2	-1	
3	1	794	1	0	0	399	1330	162	2	-1	
4	1	794	1	1	0	399	1330	162	2	-1	
5	1	794	1	1	1	399	1330	162	2	95.000000	 
2	1	795	0	0	0	1129	1330	24	1	-1	
3	1	795	1	0	0	1129	1330	24	1	-1	
4	1	795	1	1	0	1129	1330	24	1	-1	
5	1	795	1	1	1	1129	1330	24	1	95.000000	 
2	1	796	0	0	0	386	1325	543	13	-1	
3	1	796	1	0	0	386	1325	543	13	-1	
4	1	796	1	1	0	386	1325	543	13	-1	
5	1	796	1	1	1	386	1325	543	13	95.000000	 
2	1	797	0	0	0	399	1330	130	4	-1	
3	1	797	1	0	0	399	1330	130	4	-1	
4	1	797	1	1	0	399	1330	130	4	-1	
5	1	797	1	1	1	399	1330	130	4	95.000000	 
2	1	798	0	0	0	405	1321	1	21	-1	
3	1	798	1	0	0	405	1321	1	21	-1	
4	1	798	1	1	0	405	1321	1	21	-1	
5	1	798	1	1	1	405	1321	1	21	95.000000	 
2	1	799	0	0	0	472	1318	1	27	-1	
3	1	799	1	0	0	472	1318	1	27	-1	
4	1	799	1	1	0	472	1318	1	27	-1	
5	1	799	1	1	1	472	1318	1	27	95.000000	 
2	1	800	0	0	0	386	1332	543	4	-1	
3	1	800	1	0	0	386	1332	543	4	-1	
4	1	800	1	1	0	386	1332	543	4	-1	
5	1	800	1	1	1	386	1332	543	4	95.000000	 
2	1	801	0	0	0	386	1332	543	4	-1	
3	1	801	1	0	0	386	1332	543	4	-1	
4	1	801	1	1	0	386	1332	543	4	-1	
5	1	801	1	1	1	386	1332	543	4	95.000000	 
2	1	802	0	0	0	386	1330	601	7	-1	
3	1	802	1	0	0	386	1330	601	7	-1	
4	1	802	1	1	0	386	1330	601	7	-1	
5	1	802	1	1	1	386	1330	601	7	95.000000	 
2	1	803	0	0	0	426	1322	1	24	-1	
3	1	803	1	0	0	426	1322	1	24	-1	
4	1	803	1	1	0	426	1322	1	24	-1	
5	1	803	1	1	1	426	1322	1	24	95.000000	 
2	1	804	0	0	0	385	1331	544	8	-1	
3	1	804	1	0	0	385	1331	544	8	-1	
4	1	804	1	1	0	385	1331	544	8	-1	
5	1	804	1	1	1	385	1331	544	8	95.000000	 
2	1	805	0	0	0	386	1332	543	5	-1	
3	1	805	1	0	0	386	1332	543	5	-1	
4	1	805	1	1	0	386	1332	543	5	-1	
5	1	805	1	1	1	386	1332	543	5	95.000000	 
2	1	806	0	0	0	451	1327	1	17	-1	
3	1	806	1	0	0	451	1327	1	17	-1	
4	1	806	1	1	0	451	1327	1	17	-1	
5	1	806	1	1	1	451	1327	1	17	95.000000	 
2	1	807	0	0	0	454	1332	691	13	-1	
3	1	807	1	0	0	454	1332	691	13	-1	
4	1	807	1	1	0	454	1332	691	13	-1	
5	1	807	1	1	1	454	1332	691	13	95.000000	 
2	1	808	0	0	0	454	1332	691	13	-1	
3	1	808	1	0	0	454	1332	691	13	-1	
4	1	808	1	1	0	454	1332	691	13	-1	
5	1	808	1	1	1	454	1332	691	13	95.000000	 
2	1	809	0	0	0	454	1335	700	10	-1	
3	1	809	1	0	0	454	1335	700	10	-1	
4	1	809	1	1	0	454	1335	700	10	-1	
5	1	809	1	1	1	454	1335	700	10	95.000000	 
2	1	810	0	0	0	823	1348	339	1	-1	
3	1	810	1	0	0	823	1348	339	1	-1	
4	1	810	1	1	0	823	1348	339	1	-1	
5	1	810	1	1	1	823	1348	339	1	95.000000	 
2	1	811	0	0	0	823	1348	339	1	-1	
3	1	811	1	0	0	823	1348	339	1	-1	
4	1	811	1	1	0	823	1348	339	1	-1	
5	1	811	1	1	1	823	1348	339	1	95.000000	 
2	1	812	0	0	0	727	936	8	430	-1	
3	1	812	1	0	0	727	936	8	430	-1	
4	1	812	1	1	0	727	936	8	430	-1	
5	1	812	1	1	1	727	936	8	430	95.000000	 
2	1	813	0	0	0	1125	975	11	378	-1	
3	1	813	1	0	0	1125	975	11	378	-1	
4	1	813	1	1	0	1125	975	11	378	-1	
5	1	813	1	1	1	1125	975	11	378	95.000000	 
2	1	814	0	0	0	740	1262	3	91	-1	
3	1	814	1	0	0	740	1262	3	91	-1	
4	1	814	1	1	0	740	1262	3	91	-1	
5	1	814	1	1	1	740	1262	3	91	95.000000	 
2	1	815	0	0	0	741	1269	1	84	-1	
3	1	815	1	0	0	741	1269	1	84	-1	
4	1	815	1	1	0	741	1269	1	84	-1	
5	1	815	1	1	1	741	1269	1	84	95.000000	 
2	1	816	0	0	0	464	1269	3	85	-1	
3	1	816	1	0	0	464	1269	3	85	-1	
4	1	816	1	1	0	464	1269	3	85	-1	
5	1	816	1	1	1	464	1269	3	85	95.000000	 
2	1	817	0	0	0	465	1269	1	85	-1	
3	1	817	1	0	0	465	1269	1	85	-1	
4	1	817	1	1	0	465	1269	1	85	-1	
5	1	817	1	1	1	465	1269	1	85	95.000000	 
2	1	818	0	0	0	518	1266	3	92	-1	
3	1	818	1	0	0	518	1266	3	92	-1	
4	1	818	1	1	0	518	1266	3	92	-1	
5	1	818	1	1	1	518	1266	3	92	95.000000	 
2	1	819	0	0	0	520	1266	1	92	-1	
3	1	819	1	0	0	520	1266	1	92	-1	
4	1	819	1	1	0	520	1266	1	92	-1	
5	1	819	1	1	1	520	1266	1	92	95.000000	 
2	1	820	0	0	0	821	1280	1	72	-1	
3	1	820	1	0	0	821	1280	1	72	-1	
4	1	820	1	1	0	821	1280	1	72	-1	
5	1	820	1	1	1	821	1280	1	72	95.000000	 
2	1	821	0	0	0	1001	1275	3	84	-1	
3	1	821	1	0	0	1001	1275	3	84	-1	
4	1	821	1	1	0	1001	1275	3	84	-1	
5	1	821	1	1	1	1001	1275	3	84	95.000000	 
2	1	822	0	0	0	839	1279	1	80	-1	
3	1	822	1	0	0	839	1279	1	80	-1	
4	1	822	1	1	0	839	1279	1	80	-1	
5	1	822	1	1	1	839	1279	1	80	95.000000	 
2	1	823	0	0	0	941	1278	1	84	-1	
3	1	823	1	0	0	941	1278	1	84	-1	
4	1	823	1	1	0	941	1278	1	84	-1	
5	1	823	1	1	1	941	1278	1	84	95.000000	 
2	1	824	0	0	0	488	1280	1	81	-1	
3	1	824	1	0	0	488	1280	1	81	-1	
4	1	824	1	1	0	488	1280	1	81	-1	
5	1	824	1	1	1	488	1280	1	81	95.000000	 
2	1	825	0	0	0	488	1280	3	81	-1	
3	1	825	1	0	0	488	1280	3	81	-1	
4	1	825	1	1	0	488	1280	3	81	-1	
5	1	825	1	1	1	488	1280	3	81	95.000000	 
2	1	826	0	0	0	796	1278	1	91	-1	
3	1	826	1	0	0	796	1278	1	91	-1	
4	1	826	1	1	0	796	1278	1	91	-1	
5	1	826	1	1	1	796	1278	1	91	95.000000	 
2	1	827	0	0	0	830	1287	1	73	-1	
3	1	827	1	0	0	830	1287	1	73	-1	
4	1	827	1	1	0	830	1287	1	73	-1	
5	1	827	1	1	1	830	1287	1	73	95.000000	 
2	1	828	0	0	0	846	1290	1	69	-1	
3	1	828	1	0	0	846	1290	1	69	-1	
4	1	828	1	1	0	846	1290	1	69	-1	
5	1	828	1	1	1	846	1290	1	69	95.000000	 
2	1	829	0	0	0	898	1296	3	64	-1	
3	1	829	1	0	0	898	1296	3	64	-1	
4	1	829	1	1	0	898	1296	3	64	-1	
5	1	829	1	1	1	898	1296	3	64	95.000000	 
2	1	830	0	0	0	458	1301	1	55	-1	
3	1	830	1	0	0	458	1301	1	55	-1	
4	1	830	1	1	0	458	1301	1	55	-1	
5	1	830	1	1	1	458	1301	1	55	95.000000	 
2	1	831	0	0	0	709	1292	1	73	-1	
3	1	831	1	0	0	709	1292	1	73	-1	
4	1	831	1	1	0	709	1292	1	73	-1	
5	1	831	1	1	1	709	1292	1	73	95.000000	 
2	1	832	0	0	0	891	1301	1	56	-1	
3	1	832	1	0	0	891	1301	1	56	-1	
4	1	832	1	1	0	891	1301	1	56	-1	
5	1	832	1	1	1	891	1301	1	56	95.000000	 
2	1	833	0	0	0	871	1334	1	17	-1	
3	1	833	1	0	0	871	1334	1	17	-1	
4	1	833	1	1	0	871	1334	1	17	-1	
5	1	833	1	1	1	871	1334	1	17	95.000000	 
2	1	834	0	0	0	916	1334	1	17	-1	
3	1	834	1	0	0	916	1334	1	17	-1	
4	1	834	1	1	0	916	1334	1	17	-1	
5	1	834	1	1	1	916	1334	1	17	95.000000	 
2	1	835	0	0	0	996	1332	1	28	-1	
3	1	835	1	0	0	996	1332	1	28	-1	
4	1	835	1	1	0	996	1332	1	28	-1	
5	1	835	1	1	1	996	1332	1	28	95.000000	 
2	1	836	0	0	0	914	1334	1	25	-1	
3	1	836	1	0	0	914	1334	1	25	-1	
4	1	836	1	1	0	914	1334	1	25	-1	
5	1	836	1	1	1	914	1334	1	25	95.000000	 
2	1	837	0	0	0	973	1335	1	24	-1	
3	1	837	1	0	0	973	1335	1	24	-1	
4	1	837	1	1	0	973	1335	1	24	-1	
5	1	837	1	1	1	973	1335	1	24	95.000000	 
2	1	838	0	0	0	465	1344	697	10	-1	
3	1	838	1	0	0	465	1344	697	10	-1	
4	1	838	1	1	0	465	1344	697	10	-1	
5	1	838	1	1	1	465	1344	697	10	95.000000	 
2	1	839	0	0	0	465	1343	697	11	-1	
3	1	839	1	0	0	465	1343	697	11	-1	
4	1	839	1	1	0	465	1343	697	11	-1	
5	1	839	1	1	1	465	1343	697	11	95.000000	 
2	1	840	0	0	0	465	1347	697	5	-1	
3	1	840	1	0	0	465	1347	697	5	-1	
4	1	840	1	1	0	465	1347	697	5	-1	
5	1	840	1	1	1	465	1347	697	5	95.000000	 
2	1	841	0	0	0	481	1349	106	3	-1	
3	1	841	1	0	0	481	1349	106	3	-1	
4	1	841	1	1	0	481	1349	106	3	-1	
5	1	841	1	1	1	481	1349	106	3	95.000000	 
2	1	842	0	0	0	529	1336	1	33	-1	
3	1	842	1	0	0	529	1336	1	33	-1	
4	1	842	1	1	0	529	1336	1	33	-1	
5	1	842	1	1	1	529	1336	1	33	95.000000	 
2	1	843	0	0	0	465	1353	250	1	-1	
3	1	843	1	0	0	465	1353	250	1	-1	
4	1	843	1	1	0	465	1353	250	1	-1	
5	1	843	1	1	1	465	1353	250	1	95.000000	 
2	1	844	0	0	0	465	1353	250	4	-1	
3	1	844	1	0	0	465	1353	250	4	-1	
4	1	844	1	1	0	465	1353	250	4	-1	
5	1	844	1	1	1	465	1353	250	4	95.000000	 
2	1	845	0	0	0	476	1356	239	5	-1	
3	1	845	1	0	0	476	1356	239	5	-1	
4	1	845	1	1	0	476	1356	239	5	-1	
5	1	845	1	1	1	476	1356	239	5	95.000000	 
2	1	846	0	0	0	926	1359	74	1	-1	
3	1	846	1	0	0	926	1359	74	1	-1	
4	1	846	1	1	0	926	1359	74	1	-1	
5	1	846	1	1	1	926	1359	74	1	95.000000	 
2	1	847	0	0	0	939	1359	61	3	-1	
3	1	847	1	0	0	939	1359	61	3	-1	
4	1	847	1	1	0	939	1359	61	3	-1	
5	1	847	1	1	1	939	1359	61	3	95.000000	 
2	1	848	0	0	0	582	1367	24	1	-1	
3	1	848	1	0	0	582	1367	24	1	-1	
4	1	848	1	1	0	582	1367	24	1	-1	
5	1	848	1	1	1	582	1367	24	1	95.000000	 
2	1	849	0	0	0	939	1278	1	95	-1	
3	1	849	1	0	0	939	1278	1	95	-1	
4	1	849	1	1	0	939	1278	1	95	-1	
5	1	849	1	1	1	939	1278	1	95	95.000000	 
2	1	850	0	0	0	604	1302	3	72	-1	
3	1	850	1	0	0	604	1302	3	72	-1	
4	1	850	1	1	0	604	1302	3	72	-1	
5	1	850	1	1	1	604	1302	3	72	95.000000	 
2	1	851	0	0	0	595	1304	1	71	-1	
3	1	851	1	0	0	595	1304	1	71	-1	
4	1	851	1	1	0	595	1304	1	71	-1	
5	1	851	1	1	1	595	1304	1	71	95.000000	 
2	1	852	0	0	0	595	1311	3	64	-1	
3	1	852	1	0	0	595	1311	3	64	-1	
4	1	852	1	1	0	595	1311	3	64	-1	
5	1	852	1	1	1	595	1311	3	64	95.000000	 
2	1	853	0	0	0	604	1312	1	62	-1	
3	1	853	1	0	0	604	1312	1	62	-1	
4	1	853	1	1	0	604	1312	1	62	-1	
5	1	853	1	1	1	604	1312	1	62	95.000000	 
2	1	854	0	0	0	481	1328	1	48	-1	
3	1	854	1	0	0	481	1328	1	48	-1	
4	1	854	1	1	0	481	1328	1	48	-1	
5	1	854	1	1	1	481	1328	1	48	95.000000	 
2	1	855	0	0	0	504	1361	1	20	-1	
3	1	855	1	0	0	504	1361	1	20	-1	
4	1	855	1	1	0	504	1361	1	20	-1	
5	1	855	1	1	1	504	1361	1	20	95.000000	 
2	1	856	0	0	0	976	1377	18	1	-1	
3	1	856	1	0	0	976	1377	18	1	-1	
4	1	856	1	1	0	976	1377	18	1	-1	
5	1	856	1	1	1	976	1377	18	1	95.000000	 
2	1	857	0	0	0	550	1378	29	1	-1	
3	1	857	1	0	0	550	1378	29	1	-1	
4	1	857	1	1	0	550	1378	29	1	-1	
5	1	857	1	1	1	550	1378	29	1	95.000000	 
2	1	858	0	0	0	547	1380	17	1	-1	
3	1	858	1	0	0	547	1380	17	1	-1	
4	1	858	1	1	0	547	1380	17	1	-1	
5	1	858	1	1	1	547	1380	17	1	95.000000	 
2	1	859	0	0	0	548	1387	48	1	-1	
3	1	859	1	0	0	548	1387	48	1	-1	
4	1	859	1	1	0	548	1387	48	1	-1	
5	1	859	1	1	1	548	1387	48	1	95.000000	 
2	1	860	0	0	0	223	1390	33	1	-1	
3	1	860	1	0	0	223	1390	33	1	-1	
4	1	860	1	1	0	223	1390	33	1	-1	
5	1	860	1	1	1	223	1390	33	1	95.000000	 
2	1	861	0	0	0	548	973	9	423	-1	
3	1	861	1	0	0	548	973	9	423	-1	
4	1	861	1	1	0	548	973	9	423	-1	
5	1	861	1	1	1	548	973	9	423	95.000000	 
2	1	862	0	0	0	549	973	8	423	-1	
3	1	862	1	0	0	549	973	8	423	-1	
4	1	862	1	1	0	549	973	8	423	-1	
5	1	862	1	1	1	549	973	8	423	95.000000	 
2	1	863	0	0	0	549	973	8	423	-1	
3	1	863	1	0	0	549	973	8	423	-1	
4	1	863	1	1	0	549	973	8	423	-1	
5	1	863	1	1	1	549	973	8	423	95.000000	 
2	1	864	0	0	0	244	1220	6	180	-1	
3	1	864	1	0	0	244	1220	6	180	-1	
4	1	864	1	1	0	244	1220	6	180	-1	
5	1	864	1	1	1	244	1220	6	180	95.000000	 
2	1	865	0	0	0	246	1249	3	151	-1	
3	1	865	1	0	0	246	1249	3	151	-1	
4	1	865	1	1	0	246	1249	3	151	-1	
5	1	865	1	1	1	246	1249	3	151	95.000000	 
2	1	866	0	0	0	1006	1406	29	1	-1	
3	1	866	1	0	0	1006	1406	29	1	-1	
4	1	866	1	1	0	1006	1406	29	1	-1	
5	1	866	1	1	1	1006	1406	29	1	95.000000	 
2	1	867	0	0	0	1004	1413	38	1	-1	
3	1	867	1	0	0	1004	1413	38	1	-1	
4	1	867	1	1	0	1004	1413	38	1	-1	
5	1	867	1	1	1	1004	1413	38	1	95.000000	 
2	1	868	0	0	0	974	942	11	478	-1	
3	1	868	1	0	0	974	942	11	478	-1	
4	1	868	1	1	0	974	942	11	478	-1	
5	1	868	1	1	1	974	942	11	478	95.000000	 
2	1	869	0	0	0	972	946	11	474	-1	
3	1	869	1	0	0	972	946	11	474	-1	
4	1	869	1	1	0	972	946	11	474	-1	
5	1	869	1	1	1	972	946	11	474	95.000000	 
2	1	870	0	0	0	972	946	11	474	-1	
3	1	870	1	0	0	972	946	11	474	-1	
4	1	870	1	1	0	972	946	11	474	-1	
5	1	870	1	1	1	972	946	11	474	95.000000	 
2	1	871	0	0	0	972	946	12	474	-1	
3	1	871	1	0	0	972	946	12	474	-1	
4	1	871	1	1	0	972	946	12	474	-1	
5	1	871	1	1	1	972	946	12	474	95.000000	 
2	1	872	0	0	0	584	988	8	446	-1	
3	1	872	1	0	0	584	988	8	446	-1	
4	1	872	1	1	0	584	988	8	446	-1	
5	1	872	1	1	1	584	988	8	446	95.000000	 
2	1	873	0	0	0	584	988	9	446	-1	
3	1	873	1	0	0	584	988	9	446	-1	
4	1	873	1	1	0	584	988	9	446	-1	
5	1	873	1	1	1	584	988	9	446	95.000000	 
2	1	874	0	0	0	561	1291	3	142	-1	
3	1	874	1	0	0	561	1291	3	142	-1	
4	1	874	1	1	0	561	1291	3	142	-1	
5	1	874	1	1	1	561	1291	3	142	95.000000	 
2	1	875	0	0	0	1026	1305	3	117	-1	
3	1	875	1	0	0	1026	1305	3	117	-1	
4	1	875	1	1	0	1026	1305	3	117	-1	
5	1	875	1	1	1	1026	1305	3	117	95.000000	 
2	1	876	0	0	0	1010	1330	3	101	-1	
3	1	876	1	0	0	1010	1330	3	101	-1	
4	1	876	1	1	0	1010	1330	3	101	-1	
5	1	876	1	1	1	1010	1330	3	101	95.000000	 
2	1	877	0	0	0	1019	1352	1	73	-1	
3	1	877	1	0	0	1019	1352	1	73	-1	
4	1	877	1	1	0	1019	1352	1	73	-1	
5	1	877	1	1	1	1019	1352	1	73	95.000000	 
2	1	878	0	0	0	987	1351	3	84	-1	
3	1	878	1	0	0	987	1351	3	84	-1	
4	1	878	1	1	0	987	1351	3	84	-1	
5	1	878	1	1	1	987	1351	3	84	95.000000	 
2	1	879	0	0	0	989	1371	1	64	-1	
3	1	879	1	0	0	989	1371	1	64	-1	
4	1	879	1	1	0	989	1371	1	64	-1	
5	1	879	1	1	1	989	1371	1	64	95.000000	 
2	1	880	0	0	0	211	1393	1	25	-1	
3	1	880	1	0	0	211	1393	1	25	-1	
4	1	880	1	1	0	211	1393	1	25	-1	
5	1	880	1	1	1	211	1393	1	25	95.000000	 
2	1	881	0	0	0	568	1423	29	1	-1	
3	1	881	1	0	0	568	1423	29	1	-1	
4	1	881	1	1	0	568	1423	29	1	-1	
5	1	881	1	1	1	568	1423	29	1	95.000000	 
2	1	882	0	0	0	558	1432	23	1	-1	
3	1	882	1	0	0	558	1432	23	1	-1	
4	1	882	1	1	0	558	1432	23	1	-1	
5	1	882	1	1	1	558	1432	23	1	95.000000	 
2	1	883	0	0	0	375	1433	27	1	-1	
3	1	883	1	0	0	375	1433	27	1	-1	
4	1	883	1	1	0	375	1433	27	1	-1	
5	1	883	1	1	1	375	1433	27	1	95.000000	 
2	1	884	0	0	0	847	983	12	470	-1	
3	1	884	1	0	0	847	983	12	470	-1	
4	1	884	1	1	0	847	983	12	470	-1	
5	1	884	1	1	1	847	983	12	470	95.000000	 
2	1	885	0	0	0	848	983	11	470	-1	
3	1	885	1	0	0	848	983	11	470	-1	
4	1	885	1	1	0	848	983	11	470	-1	
5	1	885	1	1	1	848	983	11	470	95.000000	 
2	1	886	0	0	0	848	983	11	470	-1	
3	1	886	1	0	0	848	983	11	470	-1	
4	1	886	1	1	0	848	983	11	470	-1	
5	1	886	1	1	1	848	983	11	470	95.000000	 
2	1	887	0	0	0	848	983	11	470	-1	
3	1	887	1	0	0	848	983	11	470	-1	
4	1	887	1	1	0	848	983	11	470	-1	
5	1	887	1	1	1	848	983	11	470	95.000000	 
2	1	888	0	0	0	848	983	11	470	-1	
3	1	888	1	0	0	848	983	11	470	-1	
4	1	888	1	1	0	848	983	11	470	-1	
5	1	888	1	1	1	848	983	11	470	95.000000	 
2	1	889	0	0	0	848	983	12	470	-1	
3	1	889	1	0	0	848	983	12	470	-1	
4	1	889	1	1	0	848	983	12	470	-1	
5	1	889	1	1	1	848	983	12	470	95.000000	 
2	1	890	0	0	0	878	1149	9	301	-1	
3	1	890	1	0	0	878	1149	9	301	-1	
4	1	890	1	1	0	878	1149	9	301	-1	
5	1	890	1	1	1	878	1149	9	301	95.000000	 
2	1	891	0	0	0	561	1291	5	155	-1	
3	1	891	1	0	0	561	1291	5	155	-1	
4	1	891	1	1	0	561	1291	5	155	-1	
5	1	891	1	1	1	561	1291	5	155	95.000000	 
2	1	892	0	0	0	224	1312	3	140	-1	
3	1	892	1	0	0	224	1312	3	140	-1	
4	1	892	1	1	0	224	1312	3	140	-1	
5	1	892	1	1	1	224	1312	3	140	95.000000	 
2	1	893	0	0	0	393	1423	1	22	-1	
3	1	893	1	0	0	393	1423	1	22	-1	
4	1	893	1	1	0	393	1423	1	22	-1	
5	1	893	1	1	1	393	1423	1	22	95.000000	 
2	1	894	0	0	0	368	1420	1	29	-1	
3	1	894	1	0	0	368	1420	1	29	-1	
4	1	894	1	1	0	368	1420	1	29	-1	
5	1	894	1	1	1	368	1420	1	29	95.000000	 
2	1	895	0	0	0	377	1427	1	18	-1	
3	1	895	1	0	0	377	1427	1	18	-1	
4	1	895	1	1	0	377	1427	1	18	-1	
5	1	895	1	1	1	377	1427	1	18	95.000000	 
2	1	896	0	0	0	384	1427	1	22	-1	
3	1	896	1	0	0	384	1427	1	22	-1	
4	1	896	1	1	0	384	1427	1	22	-1	
5	1	896	1	1	1	384	1427	1	22	95.000000	 
2	1	897	0	0	0	549	1441	24	1	-1	
3	1	897	1	0	0	549	1441	24	1	-1	
4	1	897	1	1	0	549	1441	24	1	-1	
5	1	897	1	1	1	549	1441	24	1	95.000000	 
2	1	898	0	0	0	340	1442	56	1	-1	
3	1	898	1	0	0	340	1442	56	1	-1	
4	1	898	1	1	0	340	1442	56	1	-1	
5	1	898	1	1	1	340	1442	56	1	95.000000	 
2	1	899	0	0	0	341	1444	48	1	-1	
3	1	899	1	0	0	341	1444	48	1	-1	
4	1	899	1	1	0	341	1444	48	1	-1	
5	1	899	1	1	1	341	1444	48	1	95.000000	 
2	1	900	0	0	0	361	1436	1	20	-1	
3	1	900	1	0	0	361	1436	1	20	-1	
4	1	900	1	1	0	361	1436	1	20	-1	
5	1	900	1	1	1	361	1436	1	20	95.000000	 
2	1	901	0	0	0	565	1452	18	1	-1	
3	1	901	1	0	0	565	1452	18	1	-1	
4	1	901	1	1	0	565	1452	18	1	-1	
5	1	901	1	1	1	565	1452	18	1	95.000000	 
2	1	902	0	0	0	568	1267	8	212	-1	
3	1	902	1	0	0	568	1267	8	212	-1	
4	1	902	1	1	0	568	1267	8	212	-1	
5	1	902	1	1	1	568	1267	8	212	95.000000	 
2	1	903	0	0	0	578	1275	5	205	-1	
3	1	903	1	0	0	578	1275	5	205	-1	
4	1	903	1	1	0	578	1275	5	205	-1	
5	1	903	1	1	1	578	1275	5	205	95.000000	 
2	1	904	0	0	0	578	1275	6	205	-1	
3	1	904	1	0	0	578	1275	6	205	-1	
4	1	904	1	1	0	578	1275	6	205	-1	
5	1	904	1	1	1	578	1275	6	205	95.000000	 
2	1	905	0	0	0	579	1275	4	205	-1	
3	1	905	1	0	0	579	1275	4	205	-1	
4	1	905	1	1	0	579	1275	4	205	-1	
5	1	905	1	1	1	579	1275	4	205	95.000000	 
2	1	906	0	0	0	570	1284	5	195	-1	
3	1	906	1	0	0	570	1284	5	195	-1	
4	1	906	1	1	0	570	1284	5	195	-1	
5	1	906	1	1	1	570	1284	5	195	95.000000	 
2	1	907	0	0	0	571	1284	4	195	-1	
3	1	907	1	0	0	571	1284	4	195	-1	
4	1	907	1	1	0	571	1284	4	195	-1	
5	1	907	1	1	1	571	1284	4	195	95.000000	 
2	1	908	0	0	0	1453	1425	1	46	-1	
3	1	908	1	0	0	1453	1425	1	46	-1	
4	1	908	1	1	0	1453	1425	1	46	-1	
5	1	908	1	1	1	1453	1425	1	46	95.000000	 
2	1	909	0	0	0	552	1461	31	1	-1	
3	1	909	1	0	0	552	1461	31	1	-1	
4	1	909	1	1	0	552	1461	31	1	-1	
5	1	909	1	1	1	552	1461	31	1	95.000000	 
2	1	910	0	0	0	568	1463	18	1	-1	
3	1	910	1	0	0	568	1463	18	1	-1	
4	1	910	1	1	0	568	1463	18	1	-1	
5	1	910	1	1	1	568	1463	18	1	95.000000	 
2	1	911	0	0	0	188	1468	17	1	-1	
3	1	911	1	0	0	188	1468	17	1	-1	
4	1	911	1	1	0	188	1468	17	1	-1	
5	1	911	1	1	1	188	1468	17	1	95.000000	 
2	1	912	0	0	0	561	1470	24	1	-1	
3	1	912	1	0	0	561	1470	24	1	-1	
4	1	912	1	1	0	561	1470	24	1	-1	
5	1	912	1	1	1	561	1470	24	1	95.000000	 
2	1	913	0	0	0	567	1472	18	1	-1	
3	1	913	1	0	0	567	1472	18	1	-1	
4	1	913	1	1	0	567	1472	18	1	-1	
5	1	913	1	1	1	567	1472	18	1	95.000000	 
2	1	914	0	0	0	191	1475	17	1	-1	
3	1	914	1	0	0	191	1475	17	1	-1	
4	1	914	1	1	0	191	1475	17	1	-1	
5	1	914	1	1	1	191	1475	17	1	95.000000	 
2	1	915	0	0	0	193	1318	5	175	-1	
3	1	915	1	0	0	193	1318	5	175	-1	
4	1	915	1	1	0	193	1318	5	175	-1	
5	1	915	1	1	1	193	1318	5	175	95.000000	 
2	1	916	0	0	0	540	1376	3	128	-1	
3	1	916	1	0	0	540	1376	3	128	-1	
4	1	916	1	1	0	540	1376	3	128	-1	
5	1	916	1	1	1	540	1376	3	128	95.000000	 
2	1	917	0	0	0	701	1522	22	1	-1	
3	1	917	1	0	0	701	1522	22	1	-1	
4	1	917	1	1	0	701	1522	22	1	-1	
5	1	917	1	1	1	701	1522	22	1	95.000000	 
2	1	918	0	0	0	704	1301	1	238	-1	
3	1	918	1	0	0	704	1301	1	238	-1	
4	1	918	1	1	0	704	1301	1	238	-1	
5	1	918	1	1	1	704	1301	1	238	95.000000	 
2	1	919	0	0	0	697	1529	17	1	-1	
3	1	919	1	0	0	697	1529	17	1	-1	
4	1	919	1	1	0	697	1529	17	1	-1	
5	1	919	1	1	1	697	1529	17	1	95.000000	 
2	1	920	0	0	0	697	1529	13	3	-1	
3	1	920	1	0	0	697	1529	13	3	-1	
4	1	920	1	1	0	697	1529	13	3	-1	
5	1	920	1	1	1	697	1529	13	3	95.000000	 
2	1	921	0	0	0	693	1531	17	1	-1	
3	1	921	1	0	0	693	1531	17	1	-1	
4	1	921	1	1	0	693	1531	17	1	-1	
5	1	921	1	1	1	693	1531	17	1	95.000000	 
2	1	922	0	0	0	706	1522	1	20	-1	
3	1	922	1	0	0	706	1522	1	20	-1	
4	1	922	1	1	0	706	1522	1	20	-1	
5	1	922	1	1	1	706	1522	1	20	95.000000	 
2	1	923	0	0	0	204	1457	5	163	-1	
3	1	923	1	0	0	204	1457	5	163	-1	
4	1	923	1	1	0	204	1457	5	163	-1	
5	1	923	1	1	1	204	1457	5	163	95.000000	 
2	1	924	0	0	0	201	1614	22	1	-1	
3	1	924	1	0	0	201	1614	22	1	-1	
4	1	924	1	1	0	201	1614	22	1	-1	
5	1	924	1	1	1	201	1614	22	1	95.000000	 
2	1	925	0	0	0	215	1606	1	27	-1	
3	1	925	1	0	0	215	1606	1	27	-1	
4	1	925	1	1	0	215	1606	1	27	-1	
5	1	925	1	1	1	215	1606	1	27	95.000000	 
2	1	926	0	0	0	359	1614	157	37	-1	
3	1	926	1	0	0	474	1614	30	10	-1	
4	1	926	1	1	0	474	1614	30	10	-1	
5	1	926	1	1	1	474	1614	30	10	1.172867	=
2	1	927	0	0	0	211	1632	41	1	-1	
3	1	927	1	0	0	211	1632	41	1	-1	
4	1	927	1	1	0	211	1632	41	1	-1	
5	1	927	1	1	1	211	1632	41	1	95.000000	 
2	1	928	0	0	0	238	1619	1	19	-1	
3	1	928	1	0	0	238	1619	1	19	-1	
4	1	928	1	1	0	238	1619	1	19	-1	
5	1	928	1	1	1	238	1619	1	19	95.000000	 
2	1	929	0	0	0	358	1648	1	20	-1	
3	1	929	1	0	0	358	1648	1	20	-1	
4	1	929	1	1	0	358	1648	1	20	-1	
5	1	929	1	1	1	358	1648	1	20	95.000000	 
2	1	930	0	0	0	166	622	1362	1138	-1	
3	1	930	1	0	0	166	622	1362	1138	-1	
4	1	930	1	1	0	166	622	1362	1138	-1	
5	1	930	1	1	1	166	622	1362	1138	95.000000	 
2	1	931	0	0	0	629	1801	520	23	-1	
3	1	931	1	0	0	629	1801	520	23	-1	
4	1	931	1	1	0	629	1801	520	23	-1	
5	1	931	1	1	1	629	1801	158	20	95.935776	GASOLINE
5	1	931	1	1	2	804	1803	91	19	95.952782	TANK
5	1	931	1	1	3	910	1803	239	21	96.354431	INSTALLATION
2	1	932	0	0	0	1622	1419	93	1031	-1	
3	1	932	1	0	0	1622	1419	93	1031	-1	
4	1	932	1	1	0	1622	1419	93	1031	-1	
5	1	932	1	1	1	1622	1419	93	1031	95.000000	 
