
CASCADE Topology V1, (c) Matra-Datavision
Locations 3
1
1.000000000000000 0.000000000000000 0.000000000000000 0.000000000000000 
0.000000000000000 1.000000000000000 0.000000000000000 0.000000000000000 
0.000000000000000 0.000000000000000 1.000000000000000 0.000000000000000 
1
1.000000000000000 0.000000000000000 0.000000000000000 0.000000000000000 
0.000000000000000 1.000000000000000 0.000000000000000 0.000000000000000 
0.000000000000000 0.000000000000000 1.000000000000000 0.000000000000000 
2  2 -1 0
Curve2ds 31
1 0.00000000000000000 1.57079632679489656 1.00000000000000000 0.00000000000000000 
1 0.00000000000000000 7.85398163397448279 1.00000000000000000 0.00000000000000000 
1 0.00000000000000000 0.00000000000000000 0.00000000000000000 1.00000000000000000 
1 5.23598775598298793 0.00000000000000000 0.00000000000000000 1.00000000000000000 
1 7.85398163397448279 0.00000000000000000 -1.00000000000000000 -0.00000000000000000 
1 6.28318530717958623 0.00000000000000000 0.00000000000000000 1.00000000000000000 
1 0.00000000000000000 0.00000000000000000 0.00000000000000000 1.00000000000000000 
1 0.00000000000000000 14.00000000000000000 1.00000000000000000 0.00000000000000000 
7 0 0  11 82 9  0.00000000000000006 0.00000000000000000  0.07244784204195116 0.00000000000000000  0.14464694728440730 0.00000000000000000  0.21663233984049687 0.00000000000000000  0.28844143942070366 0.00000000000000000  0.36003990913519279 0.00000000000000000  0.43170204931952838 0.00000000000000000  0.50300833580491056 0.00000000000000000  0.57443883301402399 0.00000000000000000  0.64572453645103756 0.00000000000000000  0.71698623394532135 0.00000000000000000  0.85944392710666706 0.00000000000000000  0.93064151168794895 0.00000000000000000  1.00182922872410174 0.00000000000000000  1.07300821321655726 0.00000000000000000  1.14416816543111932 0.00000000000000000  1.21536164493597432 0.00000000000000000  1.28657328948539984 0.00000000000000000  1.35776523415512518 0.00000000000000000  1.42900365317327149 0.00000000000000000  1.50024974630050179 0.00000000000000000  1.64277939171742848 0.00000000000000000  1.71406111434677899 0.00000000000000000  1.78536133567875499 0.00000000000000000  1.85667824910688184 0.00000000000000000  1.92800999215740299 0.00000000000000000  1.99935544939813092 0.00000000000000000  2.07071358381616699 0.00000000000000000  2.14208237176851313 0.00000000000000000  2.21345841659060261 0.00000000000000000  2.28483831595652820 0.00000000000000000  2.42760740021927468 0.00000000000000000  2.49899658551072346 0.00000000000000000  2.57038939340256656 0.00000000000000000  2.64178701681632599 0.00000000000000000  2.71318897606783782 0.00000000000000000  2.78459272399841229 0.00000000000000000  2.85599524204826150 0.00000000000000000  2.92739512607775243 0.00000000000000000  2.99879366187357244 0.00000000000000000  3.07019338911820849 0.00000000000000000  3.21299191806139417 0.00000000000000000  3.28439164530588013 0.00000000000000000  3.35579018110213978 0.00000000000000000  3.42719006513086066 0.00000000000000000  3.49859258318167976 0.00000000000000000  3.56999633111130565 0.00000000000000000  3.64139829036366436 0.00000000000000000  3.71279591377665419 0.00000000000000000  3.78418872166911857 0.00000000000000000  3.85557790696019431 0.00000000000000000  3.99834699122324322 0.00000000000000000  4.06972689058806392 0.00000000000000000  4.14110293541326335 0.00000000000000000  4.21247172335975328 0.00000000000000000  4.28382985778610248 0.00000000000000000  4.35517531501763777 0.00000000000000000  4.42650705807612166 0.00000000000000000  4.49782397149893232 0.00000000000000000  4.56912419283349003 0.00000000000000000  4.64040591546207093 0.00000000000000000  4.78293556087904115 0.00000000000000000  4.85418165400690338 0.00000000000000000  4.92542007302256568 0.00000000000000000  4.99661201769793006 0.00000000000000000  5.06782366223846203 0.00000000000000000  5.13901714175364699 0.00000000000000000  5.21017709395906881 0.00000000000000000  5.28135607845777777 0.00000000000000000  5.35254379549061454 0.00000000000000000  5.42374138007322859 0.00000000000000000  5.56619907323381646 0.00000000000000000  5.63746077073070229 0.00000000000000000  5.70874647416011527 0.00000000000000000  5.78017697138410913 0.00000000000000000  5.85148325784797763 0.00000000000000000  5.92314539805603513 0.00000000000000000  5.99474386775027224 0.00000000000000000  6.06655296734381277 0.00000000000000000  6.13853835989331120 0.00000000000000000  6.21073746513807112 0.00000000000000000  6.28318530717958623 0.00000000000000000 
 0.00000000000000000 12 0.78539816339744828 10 1.57079632679489656 10 2.35619449019234484 10 3.14159265358979312 10 3.92699081698724139 10 4.71238898038468967 10 5.49778714378213795 10 6.28318530717958623 12
1 6.28318530717958623 0.00000000000000000 0.00000000000000000 1.00000000000000000 
1 0.00000000000000000 0.00000000000000000 0.00000000000000000 1.00000000000000000 
1 0.00000000000000000 1.00000000000000000 1.00000000000000000 0.00000000000000000 
7 0 0  8 9 2  3.38053223580286311 0.00000000000000000  3.73811462034709807 0.00000000000000000  4.10213930320127673 0.00000000000000000  4.46767674537762094 0.00000000000000000  4.83141659905949172 0.00000000000000000  5.19326121906999472 0.00000000000000000  5.55359615156791619 0.00000000000000000  5.91502736577999499 0.00000000000000000  6.28318530717959245 0.00000000000000000 
 0.00000000000000000 9 2.90265307137673068 9
7 0 0  10 11 2  -0.00000000000000088 0.00000000000000000  0.34301578815352463 0.00000000000000000  0.68034412297838365 0.00000000000000000  1.01615825105417090 0.00000000000000000  1.35251206309155259 0.00000000000000000  1.69013904131089765 0.00000000000000000  2.02861393554498148 0.00000000000000000  2.36834138251000059 0.00000000000000000  2.70876436038842794 0.00000000000000000  3.04736978112923396 0.00000000000000000  3.38053223580285556 0.00000000000000000 
 2.90265307137673068 11 6.28318530717958623 11
1 6.28318530717958623 0.00000000000000000 0.00000000000000000 1.00000000000000000 
1 0.00000000000000000 0.00000000000000000 0.00000000000000000 1.00000000000000000 
1 0.00000000000000000 209.88055764394340486 1.00000000000000000 0.00000000000000000 
1 6.28309655442456627 0.00000000000000000 1.00000000000000000 0.00000000000000000 
1 -0.00008875275506897 0.00000000000000000 1.00000000000000000 0.00000000000000000 
1 6.28318530717958623 0.00000000000000000 0.00000000000000000 1.00000000000000000 
1 0.00000000000000000 0.00000000000000000 0.00000000000000000 1.00000000000000000 
1 0.00000000000000000 1.00000000000000000 1.00000000000000000 0.00000000000000000 
7 0 0  7 8 2  3.13068331541390954 0.00000000000000000  3.57452600577261581 0.00000000000000000  4.02854726226192650 0.00000000000000000  4.48241768244076511 0.00000000000000000  4.93183314875984280 0.00000000000000000  5.38254336652958720 0.00000000000000000  5.83282787978095918 0.00000000000000000  6.28318530717956758 0.00000000000000000 
 0.00000000000000000 8 3.15250199176565760 8
7 0 0  8 9 2  0.00000000000000000 0.00000000000000000  0.39133541442977832 0.00000000000000000  0.78264710073688049 0.00000000000000000  1.17404988109935982 0.00000000000000000  1.56531519040989231 0.00000000000000000  1.95729235978382032 0.00000000000000000  2.35183915832106472 0.00000000000000000  2.74500884308102533 0.00000000000000000  3.13068331541392908 0.00000000000000000 
 3.15250199176565760 9 6.28318530717958623 9
1 6.28318530717958623 0.00000000000000000 0.00000000000000000 1.00000000000000000 
1 0.00000000000000000 0.00000000000000000 0.00000000000000000 1.00000000000000000 
1 0.00000000000000000 11.13750000000000284 1.00000000000000000 0.00000000000000000 
7 0 0  10 56 7  -0.00000000000000006 0.00000000000000000  0.07969262624617567 0.00000000000000000  0.15908218648445652 0.00000000000000000  0.23821551792214299 0.00000000000000000  0.31711567400727547 0.00000000000000000  0.39589446127812350 0.00000000000000000  0.47452504004767648 0.00000000000000000  0.55301008867308332 0.00000000000000000  0.63147940810964642 0.00000000000000000  0.70986334928722694 0.00000000000000000  0.86656681176471251 0.00000000000000000  0.94488141629896527 0.00000000000000000  1.02318436570716131 0.00000000000000000  1.10147114045651207 0.00000000000000000  1.17976362181290106 0.00000000000000000  1.25807891430504570 0.00000000000000000  1.33641011834207224 0.00000000000000000  1.41475037016906402 0.00000000000000000  1.49312326402955309 0.00000000000000000  1.72829717896757540 0.00000000000000000  1.88516218905822797 0.00000000000000000  2.04213663018435287 0.00000000000000000  2.19907306543485959 0.00000000000000000  2.35634867693948014 0.00000000000000000  2.51311108650272841 0.00000000000000000  2.67041266370292796 0.00000000000000000  2.82742600871862626 0.00000000000000000  2.98451427175278816 0.00000000000000000  3.29867103542693263 0.00000000000000000  3.45575929845989593 0.00000000000000000  3.61277264347906124 0.00000000000000000  3.77007422067342812 0.00000000000000000  3.92683663024413887 0.00000000000000000  4.08411224174063037 0.00000000000000000  4.24104867699775756 0.00000000000000000  4.39802311812014946 0.00000000000000000  4.55488812821217337 0.00000000000000000  4.79006204314995188 0.00000000000000000  4.86843493701054619 0.00000000000000000  4.94677518883750178 0.00000000000000000  5.02510639287437044 0.00000000000000000  5.10342168536699425 0.00000000000000000  5.18171416672257212 0.00000000000000000  5.26000094147281949 0.00000000000000000  5.33830389088042523 0.00000000000000000  5.41661849541499141 0.00000000000000000  5.57332195789231921 0.00000000000000000  5.65170589907050225 0.00000000000000000  5.73017521850545908 0.00000000000000000  5.80866026713377348 0.00000000000000000  5.88729084589963758 0.00000000000000000  5.96606963317407679 0.00000000000000000  6.04496978925657658 0.00000000000000000  6.12410312069556717 0.00000000000000000  6.20349268093331485 0.00000000000000000  6.28318530717958623 0.00000000000000000 
 0.00000000000000000 11 0.78539816339744828 9 1.57079632679489656 9 3.14159265358979312 9 4.71238898038468967 9 5.49778714378213795 9 6.28318530717958623 11
1 6.28318530717958623 0.00000000000000000 0.00000000000000000 1.00000000000000000 
1 0.00000000000000000 0.00000000000000000 0.00000000000000000 1.00000000000000000 
1 0.00000000000000000 1.00000000000000000 1.00000000000000000 0.00000000000000000 
Curves 18
2 49.21250000000009095 -0.00000000000000056 0.00000000000000111 1.00000000000000000 0.00000000000000000 -0.00000000000000000 0.00000000000000000 0.50000000000000033 0.86602540378443860 0.00000000000000000 -0.86602540378443860 0.50000000000000033 14.10000000000000320
2 47.91250000000009379 7.05000000000000515 12.21095819336058952 0.00000000000000000 0.86602540378443860 -0.50000000000000033 0.00000000000000000 0.50000000000000033 0.86602540378443860 1.00000000000000000 0.00000000000000000 0.00000000000000000 1.30000000000000004
2 47.91250000000009379 14.10000000000000320 -0.00000000000001376 0.00000000000000000 -0.00000000000000105 -1.00000000000000000 0.00000000000000000 1.00000000000000000 -0.00000000000000105 1.00000000000000000 0.00000000000000000 0.00000000000000000 1.30000000000000004
1 49.21250000000009095 14.09999999999999964 -0.00000000000000345 0.00000000000000000 0.00000000000000000 1.00000000000000000 
2 47.91250000000009379 14.09999999999999964 13.99999999999999645 0.00000000000000000 0.00000000000000000 1.00000000000000000 1.00000000000000000 0.00000000000000000 0.00000000000000000 0.00000000000000000 1.00000000000000000 0.00000000000000000 1.30000000000000004
7 1 0  9 38 6  49.21250000000009095 14.09999999999999964 13.99999999999999289  1.66907846106823654 49.21250000000009095 14.08982940916948223 15.49054220835722084  1.66907846106822744 49.43959206567773634 14.07918759410265075 16.94062923912297336  1.66907846106828028 49.87594934534129010 14.06531022471139991 18.36352153168083845  1.66907846106814239 50.51445467467036821 14.04538666610203634 19.77228418336508042  1.66907846106834978 51.34919335991507694 14.01608185131996187 21.16283322286713542  1.66907846106814839 52.36680293954081833 13.97381832072351671 22.52749029199452480  1.66907846106827895 53.54811772572409723 13.91488077367528220 23.86287014154255814  1.66907846106822721 56.20357325188799535 13.75553469158980135 26.46641717655265325  1.66907846106824342 59.36598860871443861 13.49619853940081882 28.92604533758733965  1.66907846106823188 61.05456529291330980 13.33731135650408284 30.11730595358885409  1.66907846106824542 62.82977667365346974 13.14449577860984064 31.26945022189288892  1.66907846106823143 64.67145243258018183 12.91393387923805491 32.38177277244685115  1.66907846106823432 66.55763563388903492 12.64060175329219504 33.45684812076480341  1.66907846106823832 68.46551004462025958 12.32271604375279495 34.50015282300581276  1.66907846106823743 72.28570893683343002 11.61375005729687260 36.52870867872368876  1.66907846106823277 76.05011839383358563 10.78737417667085907 38.42348621993090063  1.66907846106824276 77.90215452754428327 10.35197714592816709 39.33306921759451313  1.66907846106822100 79.71037422977948950 9.90267076270050950 40.19550940056327448  1.66907846106825386 81.46440513705070430 9.43619826076650980 40.98974800352023351  1.66907846106822855 83.14055304708446670 8.93747802635497557 41.71503812781915599  1.66907846106823365 84.71851217441371773 8.40348050830559146 42.36928379036064030  1.66907846106824009 86.90305833040528682 7.54223905840848285 43.24414591541525255  1.66907846106823499 88.76203818196877648 6.59296389659257898 43.95934722956115337  1.66907846106823698 89.34261935981257352 6.26685059655062382 44.18001280393016827  1.66907846106823654 89.88126786248020039 5.93151635045493464 44.38297274342411214  1.66907846106823543 90.37511316880605250 5.58765394179233876 44.56823975427550977  1.66907846106823721 90.82141011942067621 5.23643647626668596 44.73582671257547361  1.66907846106823721 91.21787255765430302 4.87973143044996771 44.88582549519171039  1.66907846106823787 91.90848915412622944 4.15992805393017928 45.15128024536098650  1.66907846106823055 92.39573134339663341 3.43339556048040606 45.35068748796663129  1.66907846106824720 92.58893194896224088 3.06997216869047485 45.43466708493963324  1.66907846106819968 92.73277014013989117 2.70682137894134289 45.50391158666436553  1.66907846106829405 92.83209944527636992 2.34325249304122352 45.56042076010859176  1.66907846106818436 92.89062384909927061 1.97159211914650179 45.60616658890055675  1.66907846106826496 92.90665135616157499 1.58013068612079621 45.64188029381183043  1.66907846106822833 92.87369114922131530 1.16263543328158114 45.66681723642421531  1.66907846106823810 92.78538036122317578 0.71529934800638095 45.68013016464816189  1.66907846106823654
 0.00000000000000000 10 0.25000000000000000 7 0.50000000000000000 7 0.75000000000000000 7 0.87500000000000000 7 1.00000000000000000 10
7 1 1  6 6 2  92.78538036122317578 0.71529934800638095 45.68013016464816189  1.66907846106823654 93.28728234705448585 0.58810669399290738 43.58309837236969031  1.03672962320961215 95.90710713081300298 0.08589914862128545 43.92113230128979495  1.03834669984750638 97.43450512859048729 -0.16779787766262719 46.84641121103447858  0.85353433019614966 94.75917399266566576 0.37680985747041440 48.71739203737707413  1.03834669984750683 92.28347837539186571 0.84249200201985097 47.77716195692661927  1.03672962320961148
 0.00000000000000000 6 6.28318530717958623 6
7 1 1  6 6 2  92.78538036122317578 0.71529934800638095 45.68013016464816189  1.66907846106823654 93.28728234705448585 0.58810669399290738 43.58309837236969031  1.03672962320961215 95.90710713081300298 0.08589914862128545 43.92113230128979495  1.03834669984750638 97.43450512859048729 -0.16779787766262719 46.84641121103447858  0.85353433019614966 94.75917399266566576 0.37680985747041440 48.71739203737707413  1.03834669984750683 92.28347837539186571 0.84249200201985097 47.77716195692661927  1.03672962320961148
 0.00000000000000000 6 6.28318530717958623 6
7 1 0  11 391 37  95.30175851872219539 0.23277776630960645 45.99475106218928744  1.66907846106823654 94.49428146406410178 -3.93868489547502687 46.09588588387305919  1.66907846106825208 94.25421358514464032 -8.27860429126463515 43.76977176056865915  1.66907846106815216 94.98826346900288797 -11.20479535535211291 38.99853049153266227  1.66907846106853741 96.82839176801751080 -11.04388459865726269 32.94940007943868210  1.66907846106756641 99.38534642765122840 -7.05661112246881927 27.91888311888770602  1.66907846106922686 101.71108536810115197 -0.35892754058895449 26.54806478661381774  1.66907846106721913 102.80024353336615661 5.77800531306854026 29.52980889965195033  1.66907846106898838 102.53821877005938745 9.01791629880104040 34.95586175152349284  1.66907846106783597 101.38631584451498213 8.85381708618495367 40.47948718222635023  1.66907846106838509 100.00402016487129231 6.18686317471879210 44.38849704225162895  1.66907846106820434 98.90816912494388191 2.43775678688200692 46.06380694873069359  1.66907846106823654 97.81231595876437268 -1.31135614209159534 47.73909983912254518  1.66907846106833846 97.00305854055731913 -6.14214824967962336 47.18062879462537040  1.66907846106786018 96.99784018277566133 -10.63615748479146639 43.76448764036294392  1.66907846106903968 98.17710140837333199 -12.83873645787194384 37.95398576867442841  1.66907846106704927 100.45858619177639071 -11.20410778383416783 31.64008965956547215  1.66907846106953150 103.10724967976176458 -5.72568932328328817 27.75181462039310176  1.66907846106714741 104.96141936101039960 0.91509926814543441 28.20013369441375062  1.66907846106896529 105.52872620103836709 5.88258754930875227 32.07440173487887591  1.66907846106784863 104.97445950251696445 7.82095489401848454 37.34695019496489010  1.66907846106839086 103.83268227932816785 6.88604228298213172 42.05078116343013050  1.66907846106819946 102.65288007282210003 4.12050313804465418 45.05464725284201677  1.66907846106823654 101.47307322594414813 1.35495161429817124 48.05849986302696664  1.66907846106819235 100.25542032700045070 -3.24082309038281924 49.36214582030252274  1.66907846106843460 99.54931376249989228 -8.62804251136673095 47.83062756580531527  1.66907846106771407 99.92576848849641635 -12.86832659723937766 43.15280782152328243  1.66907846106918201 101.62203742371151804 -13.84478956650411163 36.52620505709981558  1.66907846106702196 104.22798049663197162 -10.42918580746291290 30.72189392674016517  1.66907846106939473 106.60246388652618066 -4.30515073425139683 28.57796552627568332  1.66907846106739810 107.95033852255798479 1.62415363876523955 30.32009840348839447  1.66907846106869573 108.11566377706049025 5.36029163908924389 34.54830336337022345  1.66907846106805735 107.42583179558704387 6.29022366050693549 39.34030342032745153  1.66907846106827695 106.37927538411432238 4.91970767891686478 43.22485687625185591  1.66907846106823832 105.33272585079549799 3.54920816048738352 47.10941796992810993  1.66907846106806668 103.92963094954085079 -0.12147355386466252 50.08614746715057464  1.66907846106890156 102.66774690162910133 -5.59124937352243290 50.68188826507673639  1.66907846106670976 102.22163389535080569 -11.23332953416390900 47.85831667189570737  1.66907846107070656 103.11209220599226910 -14.68168186654860463 41.93735096567854015  1.66907846106523938 105.31610454710653357 -13.85855912176930183 35.11004580598464742  1.66907846107102076 107.88706362044159448 -9.19304561999845582 30.70977548559476489  1.66907846106624969 109.84784127333709591 -3.21426975436455376 30.06394628271287672  1.66907846106930680 110.74521527081708427 1.74137118507269584 32.61359192470101220  1.66907846106782487 110.64991569358478785 4.38496356990580871 36.77364672503105680  1.66907846106833024 109.93353612693586285 4.60859272656226082 40.95696402730719399  1.66907846106823654 109.21714775292673494 4.83220522375630956 45.14028009632784233  1.66907846106825897 107.87983330538182258 2.63594178281417690 49.34638956093951379  1.66907846106814284 106.29183594388304357 -2.09330519273504478 51.98810378682269118  1.66907846106840285 105.12870269495721232 -8.28767415757614501 51.45814403575748486  1.66907846106812907 105.11533659456623013 -13.69261600404838930 47.15362399501340462  1.66907846106812752 106.61950055428050632 -15.59671969263683522 40.35222341797972945  1.66907846106856828 109.03308927082039759 -13.10967430712024395 34.37491607473044297  1.66907846106784596 111.34587647516801212 -8.00111564643818696 31.44893359454423987  1.66907846106851832 112.87624958300480671 -2.59003476014947553 31.94128367062156215  1.66907846106810465 113.42759451735470577 1.35523118071976967 34.84552849771795735  1.66907846106827162 113.18803648322710842 3.12938673599303208 38.70017964999685489  1.66907846106823654 112.94846831261739339 4.90352752212357945 42.55483676740266930  1.66907846106816438 111.91810893166972107 4.50646064400013202 47.35941936538143437  1.66907846106851854 110.28335752318004381 1.22820618001118631 51.65440519026689969  1.66907846106758773 108.61785596670161169 -4.58500747482611182 53.50815177982569537  1.66907846106929347 107.74030421366309440 -11.13321564538756192 51.48490065748787714  1.66907846106695512 108.35320586242737306 -15.48422927498534563 45.75425078176835569  1.66907846106941293 110.27956173137286555 -15.56384528936661127 39.11940185400855086  1.66907846106740365 112.62986452603637133 -12.11277518494400240 34.36812463120902095  1.66907846106869040 114.59781938601796014 -7.07961811489480386 32.73770739662244722  1.66907846106805757 115.74947818898313301 -2.44285012547820912 33.95342565623977293  1.66907846106827940 116.06079167583986589 0.60216615794537098 36.90203713907172300  1.66907846106823610 116.37211560945830513 3.64719323969467801 39.85063633630967672  1.66907846106818392 115.84314378079385222 5.10019420351547126 44.53171260672549892  1.66907846106846147 114.44813897336874220 3.76249696200851069 49.83550687685387004  1.66907846106772806 112.57135934193559024 -0.79416122844369674 53.80025229367250006  1.66907846106899416 111.00089119420053407 -7.49822055074176586 54.37566789563866365  1.66907846106745184 110.66671614717755290 -13.64337344144193409 50.59774251323406702  1.66907846106882052 111.85025134070490083 -16.28700959514943847 44.32481193665447705  1.66907846106791746 113.91777057476166135 -15.02844823346026892 38.48110654430897171  1.66907846106836666 116.06134822373907411 -11.14896952808780384 34.98552791374609683  1.66907846106819746 117.67554577179478770 -6.53619789452440525 34.33712774614480168  1.66907846106824476 118.52794506749940240 -2.69343361528169911 35.94022832615567609  1.66907846106823654 119.38033440418705311 1.14932582133672234 37.54334420332155275  1.66907846106832447 119.47090727610503791 4.22166762970041454 41.39767322769724700  1.66907846106783042 118.56556140759307993 5.01856878511739879 46.91233224159773840  1.66907846106933366 116.80088098355298598 2.40269196121047734 52.39384978680466531  1.66907846106617774 114.81410955783729833 -3.44622645808010653 55.48987311190931848  1.66907846107105584 113.62138274425289808 -10.45944713062017861 54.24918441820363313  1.66907846106535263 113.91945076208259024 -15.27426338614421120 49.30269999048777407  1.66907846107046298 115.42706040374757492 -16.40931644123725519 43.26560653004098356  1.66907846106695312 117.45747583201715258 -14.28372487032155824 38.44652773162793125  1.66907846106875990 119.32607604547892777 -10.40673698616714482 36.04214823041735372  1.66907846106811153 120.62736975486127733 -6.36081837411936313 36.06514297657470536  1.66907846106823654 121.92865518984596918 -2.31489760179872306 36.08815396163339528  1.66907846106831714 122.66255659767804786 1.89947351109262996 38.53842021578157073  1.66907846106790614 122.42231548642902794 4.70012258551044582 43.43380738816320275  1.66907846106907076 121.07594430338619418 4.41368297343628591 49.60707072261136830  1.66907846106670510 119.01297173532485374 0.30082344335647981 54.76177715922926126  1.66907846107033309 117.18081977464416354 -6.52234573939716444 56.25668563875898087  1.66907846106607605 116.58566563558787266 -12.78487022297693798 53.39913651965392205  1.66907846106992563 117.34141729204651483 -16.15030238102937687 48.09720898755193730  1.66907846106724844 118.98715413993622292 -16.11175155164059447 42.69773578608928943  1.66907846106864510 120.86326751784643818 -13.57034189845170147 38.91287407571761037  1.66907846106813817 122.45293534557096393 -9.94677953761119760 37.36171208985520309  1.66907846106823654 124.04259689162567781 -6.32320849770951199 35.81056500711215307  1.66907846106818325 125.34568784011983666 -1.61796467441291369 36.49318817989708208  1.66907846106843927 125.84471496777587163 2.75050257430784129 40.03347524239679700  1.66907846106778268 125.15921086182500233 4.82755268672956372 45.96811003000046014  1.66907846106897439 123.37170816685363661 3.06733796458677155 52.40619562063307058  1.66907846106732549 121.21663165979828136 -2.53656610081223199 56.41856080501428750  1.66907846106909963 119.85646600563296715 -9.30294632113049857 56.09443672349856058  1.66907846106761104 119.78288605711416892 -14.39595577362574730 52.34429400554618894  1.66907846106857716 120.83098667915902524 -16.45987150285267830 47.19589777274457276  1.66907846106810642 122.46658160019561024 -15.65050314944138776 42.61621495458796005  1.66907846106826518 124.14020059450200506 -13.01050803158316427 39.73649678584995826  1.66907846106823654 125.81381561694179538 -10.37049887503095924 36.85678975307858707  1.66907846106833668 127.52530315898128777 -5.90026985242793067 35.67729717606367501  1.66907846106781732 128.72521512727396953 -0.63860028696212912 37.33295755403010929  1.66907846106923952 128.84252490213685860 3.47617219042334114 42.13491851030496349  1.66907846106657765 127.64022531360461699 4.32701933496563385 48.88569643933792008  1.66907846107030489 125.52788719276294671 0.78597196332778196 54.81411790368240844  1.66907846106623281 123.64738673059606811 -5.46370403671943539 57.08221759633757841  1.66907846106975222 122.79325978140242626 -11.51848099514667823 55.46423339950356990  1.66907846106735858 123.12175122636584490 -15.38020762198366320 51.36016132019324232  1.66907846106860158 124.30541282516517754 -16.43565605208307190 46.69232280240562716  1.66907846106814595 125.84577923025605628 -15.19069997200805844 42.93190963514302183  1.66907846106823765 127.38614395095757459 -13.94572590162618653 39.17150194162593380  1.66907846106830982 129.28306039107150127 -10.40062340533261853 36.31891139746398522  1.66907846106798585 131.03877064988390089 -5.05634000042202025 35.84733520987225575  1.66907846106868085 131.97861950550961296 0.46014225737255465 38.79501777273245011  1.66907846106775315 131.58216520175108144 3.78299315012252846 44.84019422588909976  1.66907846106854785 129.87172071579331600 2.83429300676858764 51.79157277476750210  1.66907846106818880 127.79477976654301585 -1.95672387666332881 56.31604837502580807  1.66907846106810220 126.32772028835191236 -8.06109579496619943 57.08599857570518310  1.66907846106839552 125.92418468665918851 -13.14222951649217919 54.66050565630488478  1.66907846106814706 126.51330008346339184 -15.91140179436251856 50.62460003079669235  1.66907846106826141 127.72349707850860057 -16.26055567067125551 46.56542958180327219  1.66907846106823543 128.93369344690501066 -16.60972837566152904 42.50626037324064299  1.66907846106826918 130.76484191484297526 -14.53898296606082852 38.42430209047105194  1.66907846106809132 132.84664777157257731 -9.93531730192104590 35.90673304267053823  1.66907846106861646 134.50353765412845064 -3.86643800382925384 36.56083054788766162  1.66907846106759550 135.01088763015704330 1.41289114471659083 40.98952889780759534  1.66907846106896796 134.00030737570497763 3.19151415123376303 47.91503762309346115  1.66907846106764812 132.08072706739361024 0.57889451708622097 54.01651723001430838  1.66907846106857227 130.26166210472777607 -4.65521679174942449 57.06664842104544988  1.66907846106810176 129.22512694805053002 -10.19181237611663349 56.69843067576521634  1.66907846106827074 129.16759684610883596 -14.26264925901383052 53.91834800070826361  1.66907846106823343 129.90097332903971505 -16.16233243893701399 50.18783670554518750  1.66907846106823543 130.63434789493342691 -18.06203240203439364 46.45733385169635454  1.66907846106820212 132.15854543371278851 -17.79048230398541008 41.77688724316897861  1.66907846106841085 134.28709625479120859 -14.63781808887632607 37.60607368719263377  1.66907846106776692 136.44637126689465845 -8.95006986008123917 35.87642245136147778  1.66907846106909985 137.81788055529742110 -2.52752027783154709 38.02391024983847956  1.66907846106707547 137.69859761267409226 1.69808061492246232 43.87859776274906665  1.66907846106943314 136.26621058269768128 1.65204032456808392 50.63769336525675868  1.66907846106728464 134.40966808502031427 -1.92450013841707324 55.51305114643918159  1.66907846106880764 132.93552015689641621 -7.08324081680686213 57.26765440811988839  1.66907846106799407 132.27769743094930277 -11.84553172674633537 56.17606235971494755  1.66907846106829671 132.46019036158079984 -15.01610312559314231 53.35161078997316508  1.66907846106823654 132.64268517112481049 -18.18666131956854670 50.52714512133898239  1.66907846106810109 133.66547218961892440 -19.76523020971246325 45.97024447742462883  1.66907846106883628 135.55431264130697855 -18.55304485622158239 40.79055760126026087  1.66907846106668800 137.92481624381954930 -14.12195510310881197 36.95000020129781859  1.66907846107101987 139.98930122542662957 -7.54343654479040460 36.49870455497830335  1.66907846106457303 140.81703215142022145 -1.52381478150476490 40.40079775833176257  1.66907846107186786 140.12752480715329284 0.99427018197381756 46.79784658306215306  1.66907846106549118 138.55371684872437754 -0.38984414862044758 52.76574398470729932  1.66907846106980218 136.90398188392637735 -4.39484917951700194 56.38542435898684602  1.66907846106759883 135.78359781936887885 -9.13317844119986155 57.15800550903598065  1.66907846106839086 135.42501706032282982 -13.10147979622198378 55.67903487880910518  1.66907846106823543 135.06643466554743327 -17.06978775479596067 54.20008242577477375  1.66907846106836222 135.46969784647018287 -20.26766621061674911 50.46987462516442946  1.66907846106770963 136.86884883983177019 -21.19012616875905763 45.07940617597714095  1.66907846106949553 139.12729078432113283 -18.69975790150492401 39.72196763184384594  1.66907846106619551 141.60803983302938036 -12.97644613189187979 36.75018849284050759  1.66907846107067237 143.29435743146157733 -6.08869351690360361 38.11492073376764722  1.66907846106599478 143.49029074313853016 -1.39948133111969319 43.18563319728330185  1.66907846106985280 142.47640955608363811 -0.38994224093846519 49.34683283474519300  1.66907846106733881 140.93982733826931053 -2.64108548245495189 54.29007259345021197  1.66907846106859648 139.56504505852649345 -6.64361653794718254 56.81859735707372749  1.66907846106815083 138.75756809355203814 -10.81507937654412110 56.91975106211312863  1.66907846106823654 137.95009103891109703 -14.98654203832926868 57.02088588417686310  1.66907846106811819 137.71002315987755082 -19.32646143418983087 54.69477175979012173  1.66907846106869373 138.44407304407559423 -22.25265249798128053 49.92353049291256895  1.66907846106722224 140.28420134245180861 -22.09174174192808948 43.87440007773763995  1.66907846106984148 142.84115600290866155 -18.10446826485084770 38.84388312028434598  1.66907846106629743 145.16689494261831328 -11.40678468379062416 37.47306478598387258  1.66907846107003266 146.25605310832983719 -5.26985182966382748 40.45480889960263937  1.66907846106696489 145.99402834487085556 -2.02994084403148278 45.88086175181879156  1.66907846106891733 144.84212541932791396 -2.19404005672814328 51.40448718200956790  1.66907846106797275 143.45982973970868102 -4.86099396810838513 55.31349704233290510  1.66907846106829871 142.36397869977190567 -8.61010035598141243 56.98880694871663621  1.66907846106823654 141.26812553360190350 -12.35921328492816684 58.66409983918806148  1.66907846106822522 140.45886811534867888 -17.19000539258698268 58.10562879445557627  1.66907846106828006 140.45364975769535931 -21.68401462755842246 54.68948764066591650  1.66907846106813196 141.63291098305313653 -23.88659360083076777 48.87898576829149988  1.66907846106841951 143.91439576677015566 -22.25196492664666437 42.56508965990293802  1.66907846106797986 146.56305925447105665 -16.77354646606988808 38.67681462021428018  1.66907846106855051 148.41722893587970589 -10.13275787488731083 39.12513369441304434  1.66907846106793367 148.98453577588497865 -5.16526959334215174 42.99940173499433627  1.66907846106844704 148.43026907730887842 -3.22690224900768463 48.27195019482302030  1.66907846106814040 147.28849185418587808 -4.16181485976905208 52.97578116353815147  1.66907846106826052 146.10868964763531608 -6.92735400486419817 55.97964725278242781  1.66907846106823654 144.92888300540471391 -9.69290505043658079 58.98350009304070340  1.66907846106830071 143.71122899262502415 -14.28868235749664350 60.28714479870293275  1.66907846106797186 143.00512579630964183 -19.67589390908473490 58.75563032832290133  1.66907846106884983 143.38157313817353611 -23.91619524734782232 54.07780228887222052  1.66907846106726798 145.07785481772958747 -24.89262844003694042 47.45121384044220747  1.66907846106935698 147.68377991847935959 -21.47706667289686067 41.64688252189259998  1.66907846106725555 150.05828440699642101 -15.35298230220044680 39.50297782166236971  1.66907846106889224 151.40613824921564401 -9.42372651479191425 41.24508734072842486  1.66907846106790636 151.57148072655959936 -5.68754827254880357 45.47331164766843870  1.66907846106835756 150.88163682616240635 -4.75764410013879147 50.26529831554251615  1.66907846106820945 149.83508720875207132 -6.12814420721151087 54.14985940356667271  1.66907846106823654 148.78853088130932747 -7.49865960027799616 58.03441286510403785  1.66907846106839197 147.38544789922940481 -11.16931346511036516 61.01115575164678262  1.66907846106758018 146.12354662801070049 -16.63912952772361109 61.60687720187447525  1.66907846106983038 145.67745441594351519 -22.28116110162712005 58.78332896776204564  1.66907846106558000 146.56789162815357486 -25.72956273174409603 52.86233956081306928  1.66907846107151836 148.77192194037522199 -24.90639799636669949 46.03505458857610222  1.66907846106511792 151.34286827095752415 -20.24091426876407951 41.63476995418632498  1.66907846107053603 153.30365330657960499 -14.26212115305462369 40.98894904409166173  1.66907846106694158 154.20102393665928275 -9.30648808163590324 43.53859090377767416  1.66907846106876079 154.10572547302825797 -6.66289309488202885 47.69864695478606365  1.66907846106811086 153.38934570171889504 -6.43926441639148894 51.88196402729898438  1.66907846106823654 152.67295702793421697 -6.21565236602817173 56.06528027750503895  1.66907846106819480 151.33564421292123825 -8.41191337321677501 60.27138875596581613  1.66907846106840507 149.74764191330979202 -13.14116771078070123 62.91310596397754296  1.66907846106785240 148.58451949309159090 -19.33552053132265769 62.38313967469198218  1.66907846106885915 148.57113469889790736 -24.74049024798446084 58.07863091949778322  1.66907846106747226 150.07532502578763456 -26.64455462666276020 51.27721442567746379  1.66907846106896796 152.48888278451570955 -24.15755539459217260 45.29992576993054598  1.66907846106768765 154.80170050096222667 -19.04895124531668316 42.37392487105320527  1.66907846106855429 156.33204833679025114 -13.63790803535808394 42.86629020311544025  1.66907846106810198 156.88341075973787042 -9.69261602191459382 45.77052447250507328  1.66907846106827207 156.64384275717856099 -7.91847532794428233 49.62518164276562516  1.66907846106823454 156.40428486530450414 -6.14431936251456623 53.47983238867776379  1.66907846106819924 155.37390630623676202 -6.54141404472794896 58.28442746896129734  1.66907846106839797 153.73918528049318866 -9.81962559431179649 62.57939221679096420  1.66907846106784641 152.07364200358441053 -15.63289622588757055 64.43316998923647532  1.66907846106890689 151.19614055948508735 -22.18103840806318061 62.40987814547749934  1.66907846106736146 151.80898854444248514 -26.53211932733213274 56.67927526349101441  1.66907846106912316 153.73539515807857470 -26.61167461813246504 50.04437856373688476  1.66907846106754221 156.08565553375842683 -23.16065303931701536 45.29314383978784520  1.66907846106864688 158.05364149698385745 -18.12746178708095357 43.66269383820652905  1.66907846106806645 159.20528056090256541 -13.49071479105683302 44.87843369578052233  1.66907846106827762 159.51660466807493322 -10.44568748209180065 47.82703324859051719  1.66907846106823676 159.82791828137740708 -7.40067097856122658 50.77564419477094049  1.66907846106826030 159.29896455859918092 -5.94765145656715166 55.45669985296545690  1.66907846106813729 157.90393358717403771 -7.28537551529086080 60.76052390889585553  1.66907846106848923 156.02718554488780001 -11.84200132833204400 64.72523336368622893  1.66907846106778557 154.45668534625875168 -18.54609350120099975 65.30068545348665054  1.66907846106884494 154.12253759785193097 -24.69121841180836441 61.52272899332157863  1.66907846106760793 155.30605343674830010 -27.33487440399313328 55.24982045072302128  1.66907846106873059 157.37358388265502640 -26.07630154953503876 49.40610229457281832  1.66907846106794855 159.51715641858228878 -22.19682808569577759 45.91052948465505068  1.66907846106835334 161.13135565713372443 -17.58405471901755490 45.26212739270934549  1.66907846106820901 161.98375464233379262 -13.74129075813424450 46.86522832613605516  1.66907846106823654 162.83614372927067393 -9.89853124993911671 48.46834470892977720  1.66907846106825808 162.92671796063544321 -6.82618983133446733 52.32267098109753078  1.66907846106813662 162.02136798107463278 -6.02928749701874445 57.83733831793283287  1.66907846106851765 160.25669657013497726 -8.64516690586534509 63.31883761562575330  1.66907846106769098 158.26990958791881781 -14.49408086327773404 66.41489243607813364  1.66907846106901236 157.07720471312035215 -21.50730782848209088 65.17415932518630939  1.66907846106741786 157.37524697497320858 -26.32211669630893169 60.22772704327091731  1.66907846106887403 158.88288200080557999 -27.45717703255089859 54.19058218956622852  1.66907846106787949 160.91327640424816536 -25.33157943084043495 49.37154595852976513  1.66907846106837177 162.78189116760191268 -21.45459572025650274 46.96713699919560980  1.66907846106820879 164.08317658332495625 -17.40867472917179626 46.99014853695889826  1.66907846106823454 165.38447031164378132 -13.36275633578738820 47.01314273091171714  1.66907846106824787 166.11835717103423349 -9.14838105000431057 49.46343844093775743  1.66907846106818503 165.87813708138293123 -6.34773800425432988 54.35878305099243590  1.66907846106839308 164.53174051863149430 -6.63417033920919064 60.53209777163030481  1.66907846106790214 162.46879370292555222 -10.74703725203729832 65.68675206832425317  1.66907846106876789 160.63661980424490139 -17.57020014591696366 67.18170496358840182  1.66907846106760527 160.04148122367718088 -23.83272909010818452 64.32412434610638741  1.66907846106879609 160.79722386422722025 -27.19815866248167424 59.02221506598763767  1.66907846106787328 162.44296482501488299 -27.15960901318258180 53.62273353860606306  1.66907846106839908 164.31907684289328131 -24.61819896961741350 49.83787458134009540  1.66907846106819502 165.90874492031676368 -20.99463668037365949 48.28671209004249931  1.66907846106823654 167.49840635122902199 -17.37106520268314469 46.73556534928802364  1.66907846106825519 168.80149792761440608 -12.66582376373733965 47.41818665796645149  1.66907846106815216 169.30052315511179017 -8.29734930282996785 50.95847936060708605  1.66907846106847213 168.61502321717600239 -6.22031500565019435 56.89310177846148520  1.66907846106777558 166.82751332548153300 -7.98050242587070358 63.33120872453233119  1.66907846106890378 164.67244697054138669 -13.58444500014573109 67.34354378677669217  1.66907846106750823 163.31226939584479396 -20.35078000633754058 67.01945507210801622  1.66907846106883517 163.23870119663658329 -25.44383402298918995 63.26927749638122123  1.66907846106787572 164.28679208708209103 -27.50771284055086596 58.12091013506102399  1.66907846106838575 165.92239374251980166 -26.69837003106020390 53.54120733729025972  1.66907846106820279 167.59600889825060221 -24.05836035306915832 50.66150055694710375  1.66907846106823454 169.26962771409202446 -21.41836521521341652 47.78178230282735939  1.66907846106842483 170.98110876764448562 -16.94811359591778199 46.60230879606232435  1.66907846106745184 172.18102972392981087 -11.68647202960416820 48.25794305253613459  1.66907846107013436 172.29832937946329707 -7.57167452781445505 53.05993283785650050  1.66907846106501534 171.09603889881259420 -6.72083887181916850 59.81068580453428751  1.66907846107233659 168.98369459156512562 -10.26189529753500018 65.73912271941168228  1.66907846106424285 167.10319667106924157 -16.51154275925521020 68.00721827967142019  1.66907846107122437 166.24907014152739748 -22.56635893843940011 66.38922947878222658  1.66907846106654723 166.57755968665219370 -26.42804719165025062 62.28516581821771325  1.66907846106891578 167.76122328756864022 -27.48352478506726726 57.61731943496839392  1.66907846106807844 169.30158830847059903 -26.23855115986327036 53.85691147199523954  1.66907846106823454 170.84195428958872753 -24.99360538233669971 50.09649894174293649  1.66907846106824787 172.73886940124185685 -21.44841521445399835 47.24391426250062409  1.66907846106818503 174.49457952304075548 -16.10434712882889841 46.77233570541047669  1.66907846106839308 175.43443242385922076 -10.58743768696188070 49.72000961066267877  1.66907846106790214 175.03796787335207341 -7.26528499232293079 55.76521308509443031  1.66907846106876789 173.32754043877088179 -8.21303163958793192 62.71654390401948831  1.66907846106760527 171.25057762702195419 -13.00514583666947210 67.24108236315737486  1.66907846106879609 169.78354083848867617 -19.10844996771899673 68.01096638434430020  1.66907846106787328 169.37998583703131317 -24.19046083014727344 65.58553052330506716  1.66907846106839908 169.96911492785645237 -26.95902932012279507 61.54958441778578759  1.66907846106819502 171.17930402211626983 -27.30852622401562257 57.49043739415287035  1.66907846106823654 171.78438177839319678 -27.48275091689246352 55.46091853950536432  1.66907846106834734 172.54471146246794433 -27.05209873360398376 53.42637675773354999  1.66907846106778424 173.41408649753884674 -26.00358263785909685 51.58232736225077275  1.66907846106924995 174.32693300668404390 -24.39454253587117449 50.13215042686309886  1.66907846106671021 175.20686397935946843 -22.35936445577348408 49.24404305832965889  1.66907846106991031 175.97691711134257275 -20.09514701769627720 49.02465404483997702  1.66907846106685143 176.57217644484131824 -17.83147993333270165 49.49986776402963784  1.66907846106910207 176.95103113685419771 -15.79308071563248994 50.60801642108994969  1.66907846106784863 177.10055843324300895 -14.16516734321848325 52.21331378690123159  1.66907846106833979 177.03443223448414301 -13.07012631302820083 54.13751961819649239  1.66907846106823987 176.54227475622451493 -12.05040834076788769 58.23400411420762879  1.66907846106819591 176.11620213594065376 -12.12578542228131084 60.40638606109004627  1.66907846106849900 175.54589554155728592 -12.83818855084133759 62.50829384943050826  1.66907846106758528 174.88834095969292548 -14.17014572730878541 64.33070515154079771  1.66907846106925795 174.21730508076078081 -16.02411604678628265 65.67884875018306445  1.66907846106709190 173.61245636192239772 -18.23077744112993415 66.40707712218041081  1.66907846106921265 173.14643318091066249 -20.57312587103162116 66.44590797559840212  1.66907846106758440 172.87333322920781598 -22.82089672114197754 65.81299801044451669  1.66907846106858115 172.82119178462630771 -24.76761312495896661 64.60561949289777317  1.66907846106809754 172.99011000007334360 -26.26035991964811700 62.97801755215684949  1.66907846106827074 173.72346567447758048 -28.15999188918831209 59.24764930587273426  1.66907846106820212 174.28790832333837102 -28.56688973436049039 57.14485044256522883  1.66907846106838376 175.02650900468162831 -28.34274418401132678 54.98745386162740800  1.66907846106783597 175.89236662160803348 -27.46369600137346367 52.98615338023765986  1.66907846106903701 176.81772501996690039 -25.98623840497497639 51.35331801936631990  1.66907846106706126 177.72340751431735839 -24.04597405042162350 50.26674294924209363  1.66907846106951951 178.53138123932671988 -21.83954667742461808 49.83796524431485153  1.66907846106717983 179.17713471446495532 -19.59347723982727629 50.09453999700767213  1.66907846106887958 179.61910084144841449 -17.52686003616122434 50.98025561592380939  1.66907846106796787 179.84290638095620807 -15.81810005653558626 52.37185041045832889  1.66907846106829849 179.87464919268074937 -13.36009686551107301 55.83890126950401367  1.66907846106817948 179.68261024892768773 -12.61075363874681265 57.91435681900065902  1.66907846106849100 179.29306124987559201 -12.46267672642814262 60.16743339792289191  1.66907846106755420 178.74135060793130947 -12.97917480190505124 62.39341238150410618  1.66907846106953506 178.08641916722652354 -14.14770143687584358 64.37066541369823369  1.66907846106642421 177.40368651741658823 -15.87167073318750354 65.89691537102730479  1.66907846107012370 176.77374009580466918 -17.98166390186179697 66.82276481756872499  1.66907846106675195 176.26932662954703801 -20.26371534969149835 67.07509905784276327  1.66907846106910829 175.94381800693886930 -22.49540667023292428 66.66681856449950772  1.66907846106787461 175.82472997402700798 -24.47890753661251750 65.68895012003828526  1.66907846106832469 175.91601213485040489 -26.06388385728995161 64.27652746865233269  1.66907846106823676 176.00721921538558945 -27.64930865398104132 62.86459362241630089  1.66907846106814683 176.30885917019443809 -28.83513225411190462 61.01875145586978277  1.66907846106857738 176.82293261974007237 -29.47738955606408240 58.87984343814805754  1.66907846106748003 177.52864171207716026 -29.46582083547040298 56.63614692734456213  1.66907846106943936 178.37712740161958891 -28.77592700587360142 54.51473050423349775  1.66907846106675373 179.29986459596540271 -27.45788463455411943 52.72948795210382400  1.66907846106968560 180.21616543560926971 -25.65047517717218284 51.46752659873621383  1.66907846106713098 181.04907950777720771 -23.54341578557243864 50.83833410660845686  1.66907846106886981 181.73517414439800177 -21.35788435935887719 50.87354502620473085  1.66907846106798696 182.23360446517676792 -19.30044657130930830 51.52527240168630129  1.66907846106828739 182.82203600408121247 -15.78786169102026804 53.84447390685703994  1.66907846106819835 182.91202990453541588 -14.33258996117360873 55.51196901662297734  1.66907846106836888 182.78146792727028469 -13.35057262086063901 57.57822742811949723  1.66907846106788726 182.43819704246379843 -12.97809996976622493 59.87409549866435299  1.66907846106893176 181.91772390862433895 -13.28831129178750459 62.18450326284600038  1.66907846106723978 181.28008540304486473 -14.27171033705040415 64.28015061632524407  1.66907846106926772 180.60119710625176026 -15.83334279380943421 65.95519771265510656  1.66907846106745539 179.96085204371286181 -17.80763659772532037 67.05960182528949076  1.66907846106866198 179.42989698855592451 -19.98854622459769459 67.51995322351345408  1.66907846106809177 179.06011314061137796 -22.16524671261542778 67.34347226283550469  1.66907846106824298 178.70155091551532678 -26.13341385384728710 65.86457298664836912  1.66907846106827917 178.71276884401038387 -27.92491071740355579 64.56213779286714782  1.66907846106794233 178.94352488171702475 -29.33569832782866627 62.77145025076397644  1.66907846106896796 179.40031473149451813 -30.20076825563233669 60.63354549529753257  1.66907846106708857 180.06171869989725565 -30.40732528033409210 58.34767631288233503  1.66907846106952706 180.87914705607911969 -29.91961908846919727 56.14325187918235116  1.66907846106713298 181.78338615270095602 -28.78937239283106919 54.24328176609484586  1.66907846106897151 182.69556740859030697 -27.14761362478624918 52.82899385980562812  1.66907846106785374 183.54010897922910317 -25.17973561628719636 52.01355638058937103  1.66907846106839219 184.25611736353195624 -23.09155419359327155 51.83102948919653130  1.66907846106818947 185.34921496593608481 -19.06872544704526007 52.65880689879878673  1.66907846106830227 185.72633719919909367 -17.13401158942798119 53.66904007960850720  1.66907846106792412 185.89321969948298374 -15.47313104495334812 55.23864363324115345  1.66907846106904501 185.82960036248826441 -14.27307252090566259 57.25902712122644544  1.66907846106675684 185.54174927426763020 -13.68239896667962441 59.55514684039329865  1.66907846107023450 185.06492632311108082 -13.78012081896966734 61.90689581138357056  1.66907846106621838 184.45917432858630036 -14.55940064928302569 64.08218621787715108  1.66907846106977509 183.79936450981659846 -15.92979883065554425 65.87453778781116398  1.66907846106735924 183.16266930285178205 -17.73439092358231761 67.13595031181142758  1.66907846106859026 182.61709645153442239 -19.77729454209321602 67.79441778833225385  1.66907846106815261 182.21337766347710385 -21.86293814799955726 67.84463736408558532  1.66907846106823654
 0.00000000000000000 12 6.55876742637323140 11 13.11753485274646280 11 19.67630227911969598 11 26.23506970549292561 11 32.79383713186615523 11 39.35260455823939196 11 45.91137198461262159 11 52.47013941098585121 11 59.02890683735908084 11 65.58767426373231046 11 72.14644169010554720 11 78.70520911647878393 11 85.26397654285202066 11 91.82274396922524318 11 98.38151139559846570 11 104.94027882197170243 11 111.49904624834493916 11 118.05781367471816168 11 124.61658110109138420 11 131.17534852746462093 11 137.73411595383785766 11 144.29288338021109439 11 150.85165080658433112 11 157.41041823295756785 11 163.96918565933080458 11 170.52795308570404131 11 177.08672051207724962 11 183.64548793845048635 11 186.92487165163709051 10 190.20425536482372308 10 193.48363907801032724 10 196.76302279119693139 11 200.04240650438356397 10 203.32179021757016812 10 206.60117393075677228 10 209.88055764394340486 12
7 1 1  6 6 2  182.21337766347710385 -21.86293814799955726 67.84463736408558532  1.66907846106823654 182.21356315546350402 -21.83202230412128841 70.00442209609779809  1.03672962320961215 179.59132980927822132 -21.32016097174938096 70.30749223303173778  1.03834669984750638 177.42830651921269691 -20.93699944171520144 67.83179414701783116  0.85353433019614966 179.59090555832082714 -21.39087063754773510 65.36770610918328828  1.03834669984750683 182.21319217149076053 -21.89385399187783321 65.68485263207338676  1.03672962320961148
 0.00000000000000000 6 6.28318530717958623 6
7 1 1  6 6 2  182.21337766347710385 -21.86293814799955726 67.84463736408558532  1.66907846106823654 182.21356315546350402 -21.83202230412128841 70.00442209609779809  1.03672962320961215 179.59132980927822132 -21.32016097174938096 70.30749223303173778  1.03834669984750638 177.42830651921269691 -20.93699944171520144 67.83179414701783116  0.85353433019614966 179.59090555832082714 -21.39087063754773510 65.36770610918328828  1.03834669984750683 182.21319217149076053 -21.89385399187783321 65.68485263207338676  1.03672962320961148
 0.00000000000000000 6 6.28318530717958623 6
7 1 0  11 138 16  182.21337766837939398 -21.86293651940441052 67.84475106219076679  1.66907846106823654 182.12181299029506931 -22.33603279185585677 67.85140079510748023  1.66907846106823077 182.06291908889528486 -22.77664650788078404 67.85908918773243670  1.66907846106825519 182.03475090435225070 -23.18496639845849927 67.86770675305487543  1.66907846106822433 182.03514288206702076 -23.56153445647446176 67.87714057479854546  1.66907846106821589 182.06158148788972539 -23.90699809572228673 67.88726066353777355  1.66907846106829139 182.11124021900599246 -24.22270649660928044 67.89793730502861990  1.66907846106817326 182.18135402648692889 -24.51123370028008353 67.90907563913657441  1.66907846106827962 182.26987815779915536 -24.77633239379684937 67.92065154291316276  1.66907846106822189 182.37614452042583935 -25.02224371088014720 67.93273072641939336  1.66907846106823188 182.62584899963329121 -25.48317579639033426 67.95817084373943828  1.66907846106825897 182.95477083769768001 -25.89323238593272691 67.98670273571742939  1.66907846106819613 183.14025678163400812 -26.08835508829444194 68.00187607004518497  1.66907846106841951 183.34871213832991543 -26.27523933364896180 68.01810198111151351  1.66907846106785418 183.58180301615496433 -26.45442532438208971 68.03548048143623816  1.66907846106876767 183.84046046986455281 -26.62560746524937372 68.05404796080759411  1.66907846106770830 184.12481728651576418 -26.78804849316745873 68.07378430552054738  1.66907846106861069 184.43438668327684127 -26.94099767329707262 68.09463367703176573  1.66907846106806024 184.76833126919001415 -27.08398413367477886 68.11652704336722763  1.66907846106827806 185.48300997630281017 -27.34972868687988878 68.16226206985508895  1.66907846106820212 186.28675212732670730 -27.57431559138832355 68.21157229615997153  1.66907846106826385 186.70975508096242379 -27.67619631793263224 68.23704296298458871  1.66907846106816571 187.15266951404274209 -27.76772130941760608 68.26324684153637179  1.66907846106834756 187.61423820724792222 -27.84909243805194379 68.29010141559997749  1.66907846106811619 188.09320478013128763 -27.92062561155688627 68.31752570600350793  1.66907846106833357 188.58833941495754516 -27.98272450368825659 68.34543977184834773  1.66907846106817392 189.09845264487285021 -28.03585886134239757 68.37376200166180240  1.66907846106826896 189.62239720639612983 -28.08054738823168250 68.40240419446551812  1.66907846106822766 190.69571870609311759 -28.15414302204773378 68.46012466706574173  1.66907846106824276 191.81548479134238505 -28.19851011467514468 68.51821740524513871  1.66907846106823299 192.38589557719777190 -28.21405589333547681 68.54700826937177283  1.66907846106825097 192.96565366907086059 -28.22290519232343797 68.57716806263768206  1.66907846106820745 193.55413492121311947 -28.22822896854387409 68.60179546364517478  1.66907846106826319 194.14933556280897164 -28.22476619924987418 68.63641276620349174  1.66907846106824831 194.75188302851245226 -28.22286422682126172 68.65460872246370627  1.66907846106817814 195.35883356044564607 -28.21161137934120688 68.68762473036495919  1.66907846106830959 195.97118214034429684 -28.20277750282676976 68.70330514583244508  1.66907846106818303 196.66339987584262872 -28.18684543613543525 68.72825076781279563  1.66907846106827473 197.36088757543507199 -28.17698763045727617 68.71496032156883871  1.66907846106821367 197.43845280949412313 -28.17597906226238891 68.71295124423993173  1.66907846106841462 197.51608925980511344 -28.17509348368069766 68.71030366487876506  1.66907846106782065 197.59380274708507841 -28.17437317114978867 68.70689150356342623  1.66907846106885627 197.67159980741891445 -28.17385998856542528 68.70257461043988201  1.66907846106757862 197.74948858328630763 -28.17360096447879414 68.69718461267163434  1.66907846106873881 197.82748109547870285 -28.17366588940464212 68.69049073929548399  1.66907846106796964 197.90559689591083270 -28.17417693324006578 68.68214562399103329  1.66907846106832269 198.02300370403057173 -28.17593695757089733 68.66634381663955367  1.66907846106818525 198.14087513972589250 -28.18000585783051193 68.64376352423271044  1.66907846106825808 198.18022322630068288 -28.18165534064637612 68.63538353950235660  1.66907846106819413 198.21963777806379881 -28.18367154855340218 68.62601532992748332  1.66907846106827717 198.25912942671502037 -28.18614247844481469 68.61549760395300268  1.66907846106822233 198.29871057491459396 -28.18916522561105609 68.60363981987178761  1.66907846106822721 198.33839648908750064 -28.19285771834382004 68.59020759877117257  1.66907846106824653 198.37820748860588083 -28.19738754327701358 68.57489651327858837  1.66907846106823521 198.41817223133406856 -28.20301786146523071 68.55729425209948147  1.66907846106823676 198.49849195976642591 -28.21732296893474867 68.51636806860844331  1.66907846106823210 198.57983048207358934 -28.24035870291744388 68.46084623351308096  1.66907846106824498 198.62080238430624490 -28.25476853521786680 68.42890200677857138  1.66907846106820035 198.66223644207434518 -28.27278711042139037 68.39007685988393348  1.66907846106829605 198.70403904365380754 -28.29680409260470952 68.34753754822683902  1.66907846106818547 198.74663208128112046 -28.32691524667125904 68.29313760847307435  1.66907846106826252 198.79015704868746184 -28.36916900392727570 68.22754802782662864  1.66907846106821700 198.83466870414414984 -28.42897477272942908 68.15276225197284532  1.66907846106826296 198.88114655304073608 -28.51116583489879375 68.05248244476540265  1.66907846106821456 198.95476177290788655 -28.72722687633793726 67.87888988017171243  1.66907846106826363 199.03033932805283257 -29.09009204763713186 67.75029912646922980  1.66907846106820856 199.05553915595262993 -29.22794781364482830 67.71686056918035490  1.66907846106840840 199.08039684294371341 -29.38019185959736390 67.69820970720158471  1.66907846106783819 199.10448783365632153 -29.54434719283486288 67.70118773124521283  1.66907846106881519 199.12708959245773599 -29.70518191311865408 67.73120042222107884  1.66907846106766566 199.14813664427595086 -29.84940060183398103 67.78198481743082482  1.66907846106861824 199.16815868885251462 -29.97471026664218741 67.84194682541371435  1.66907846106807645 199.18734388565863469 -30.08141760816307908 67.90760102968403089  1.66907846106826252 199.22463337591679533 -30.26087320462775665 68.04060940105479460  1.66907846106823188 199.26052035272431340 -30.38179928958217957 68.16757417336630454  1.66907846106821967 199.27831121187159624 -30.42999540114933410 68.22703628675763809  1.66907846106834867 199.29607192699572238 -30.46859544161415201 68.28160939380965999  1.66907846106799207 199.31387031473141747 -30.49991368127587066 68.33128529821914299  1.66907846106856317 199.33173802088722937 -30.52567043980809203 68.37642239709566638  1.66907846106793922 199.34968592759611283 -30.54704113054156522 68.41747403334744604  1.66907846106842062 199.36771572665921326 -30.56485347431026867 68.45487528228166241  1.66907846106816393 199.38582691597773078 -30.57979464703228345 68.48902431036253802  1.66907846106825120 199.44040159571264326 -30.61788108149444909 68.58283471157275812  1.66907846106821078 199.49564629381913505 -30.63914102609483692 68.65368169535823029  1.66907846106827162 199.53273337788297681 -30.64910749160518577 68.69334130168215324  1.66907846106814484 199.57002776348070938 -30.65642595317676822 68.72727812215428855  1.66907846106838065 199.60748528144185343 -30.66186267954363132 68.75677946608362845  1.66907846106808444 199.64507304986227609 -30.66589148535051379 68.78274779064311417  1.66907846106834756 199.68276839575725035 -30.66889246977278205 68.80583415415918580  1.66907846106818125 199.72055449972657470 -30.67116814384496593 68.82653196498081627  1.66907846106825541 199.75841603783166534 -30.67289570075467608 68.84523463712550040  1.66907846106823099 199.87218220839238825 -30.67661114843021863 68.89631301743580138  1.66907846106824964 199.98641161236778885 -30.67702032895287800 68.93446316770641147  1.66907846106821234 200.06268979076747883 -30.67655351999987445 68.95609362939069342  1.66907846106832292 200.13904575519364926 -30.67565090197766864 68.97497810376120242  1.66907846106805557 200.21544954767048807 -30.67443999502946284 68.99173377459914036  1.66907846106850966 200.29187969202681074 -30.67300061481328299 69.00678597581548956  1.66907846106793145 200.36831903385311193 -30.67140791204817418 69.02047337547841721  1.66907846106847235 200.44475362596128321 -30.66972560688312299 69.03306579824780442  1.66907846106812663 200.52117284820926102 -30.66798513551932359 69.04475009145204467  1.66907846106825142 200.90315336031548554 -30.65899159107944882 69.09919683444799432  1.66907846106823632 201.28436276468269739 -30.64920572906766694 69.13696225426939179  1.66907846106820612 201.58837806977516038 -30.64188223473327000 69.16358938895008635  1.66907846106834112 201.89126689477046739 -30.63505530393089415 69.18760124588331450  1.66907846106806645 202.19288276241718449 -30.62875465188184165 69.20943219613199915  1.66907846106840596 202.49306213856351633 -30.62316097017190231 69.22991519762678081  1.66907846106812707 202.79165186256247466 -30.61842537637790684 69.24964572556177700  1.66907846106827984 203.08852549974193380 -30.61457811846205601 69.26861125802561503  1.66907846106822855 203.38356146659114643 -30.61163795503016516 69.28667682323950316  1.66907846106823654 204.26271300646689610 -30.60601194706613626 69.33946192470281744  1.66907846106823965 205.12283483942056250 -30.61048822353940935 69.38785026356578101  1.66907846106823210 205.68672817637155958 -30.61860051815273920 69.41874033411380651  1.66907846106825875 206.24003261558243594 -30.63246691061727489 69.44848742002008635  1.66907846106817281 206.78166541760248265 -30.65269918217331835 69.47716858745110358  1.66907846106834135 207.31051912695048145 -30.67989156112419380 69.50481949817107363  1.66907846106813595 207.82545361076256540 -30.71461447938281708 69.53146917307140029  1.66907846106829072 208.32529019115793290 -30.75740389417782694 69.55713286841091758  1.66907846106822610 208.80880827037171343 -30.80874463695733212 69.58179378073623411  1.66907846106822899 209.74068142518487434 -30.92934786600704200 69.62901481222539246  1.66907846106826030 210.59701819068058626 -31.08699876357212943 69.67192660368282020  1.66907846106819657 211.00498409283511592 -31.17540240779346306 69.69226882673939372  1.66907846106841173 211.39144807690479411 -31.27353446742965204 69.71145617777433756  1.66907846106787772 211.75505350229877877 -31.38145112004725590 69.72944104117311781  1.66907846106872304 212.09440775270570612 -31.49904551680486264 69.74617178990270361  1.66907846106776625 212.40818649680161911 -31.62592958004735522 69.76159861085872649  1.66907846106855962 212.69530664003372067 -31.76135836403350154 69.77568218679739687  1.66907846106809177 212.95515362432306006 -31.90428876030273742 69.78840467092548749  1.66907846106826319 213.42054384270119272 -32.20303989814885171 69.81116010953707018  1.66907846106822899 213.78192693637564048 -32.52570360039733544 69.82879396453026288  1.66907846106822566 213.93782142821507364 -32.69264324875355499 69.83639736155515720  1.66907846106831359 214.07055681101786604 -32.86506393297344175 69.84287400538480028  1.66907846106807689 214.18349260481340934 -33.04446898417840117 69.84839093257295417  1.66907846106845215 214.28003867819097650 -33.23465936464956627 69.85311588906743907  1.66907846106802382 214.36170827146756324 -33.44126134084493174 69.85712532245239004  1.66907846106839086 214.42740228640846567 -33.67024778710939614 69.86037127507756850  1.66907846106815461 214.47425504957544717 -33.92614100685759126 69.86272245614507881  1.66907846106826763 214.49919494583664914 -34.21113934873736184 69.86403869014198165  1.66907846106823032 214.49919650776863023 -34.52696428571422160 69.86418185831895755  1.66907846106823654
 0.00000000000000000 12 0.12500000000000000 9 0.25000000000000000 9 0.37500000000000000 9 0.50000000000000000 9 0.51562500000000000 9 0.52343750000000000 9 0.53125000000000000 9 0.53515625000000000 9 0.53906250000000000 9 0.54687500000000000 9 0.56250000000000000 9 0.62500000000000000 9 0.75000000000000000 9 0.87500000000000000 9 1.00000000000000000 12
7 1 1  6 6 2  214.49919650776863023 -34.52696428571422160 69.86418185831895755  1.66907846106823654 214.47563273928008698 -34.52696428571422160 67.70430439391093103  1.03672962320961215 217.14300309490414520 -34.52696428571422160 67.36504543785731869  1.03834669984750638 219.37275848047519844 -34.52696428571422160 69.81101241332407881  0.85353433019614966 217.19689734412264670 -34.52696428571422160 72.30504365608503292  1.03834669984750683 214.52276027625720189 -34.52696428571422160 72.02405932272698408  1.03672962320961148
 0.00000000000000000 6 6.28318530717958623 6
7 1 1  6 6 2  214.49919650776863023 -34.52696428571422160 69.86418185831895755  1.66907846106823654 214.47563273928008698 -34.52696428571422160 67.70430439391093103  1.03672962320961215 217.14300309490414520 -34.52696428571422160 67.36504543785731869  1.03834669984750638 219.37275848047519844 -34.52696428571422160 69.81101241332407881  0.85353433019614966 217.19689734412264670 -34.52696428571422160 72.30504365608503292  1.03834669984750683 214.52276027625720189 -34.52696428571422160 72.02405932272698408  1.03672962320961148
 0.00000000000000000 6 6.28318530717958623 6
1 217.09911914965724122 -34.52696428571422160 69.85000000000002274 0.00000000000000000 -1.00000000000000000 0.00000000000000000 
2 215.79911914965722985 -45.66446428571422445 69.85000000000002274 0.00000000000000000 -1.00000000000000000 0.00000000000000000 1.00000000000000000 0.00000000000000000 0.00000000000000000 0.00000000000000000 0.00000000000000000 1.00000000000000000 1.30000000000000004
7 1 0  10 27 4  217.09911914965724122 -45.66446428571422445 69.85000000000002274  1.66907846106823654 217.09911914965724122 -46.46646428571425957 69.87999999999999545  1.66907846106826763 217.06270547444361796 -47.19490873015855925 69.85755897435912232  1.66907846106811020 216.99284584054916536 -47.85618967192421280 69.78414521692700134  1.66907846106849989 216.89156113868608600 -48.45636901188682089 69.65964853994545081  1.66907846106785063 216.76241399523414088 -48.99893794449960183 69.48658639134653470  1.66907846106865576 216.60379687727723308 -49.48927272963194923 69.25910607013069864  1.66907846106790547 216.42320027720430176 -49.91418577796010680 68.98479271195932938  1.66907846106841529 216.22788384943902429 -50.28051411981918761 68.67653311809807803  1.66907846106817970 215.91682168933181174 -50.75404489377748973 68.17651204906313467  1.66907846106827207 215.57435563705652726 -51.13306909093250852 67.63607339929703244  1.66907846106822166 215.45643288627439915 -51.25002031698787874 67.45233058785062497  1.66907846106827895 215.33429467126359214 -51.35850961586275787 67.26567410177169393  1.66907846106816282 215.20706627695651036 -51.45947954969423677 67.07666833680784180  1.66907846106832092 215.07346281506320906 -51.55352315516643102 66.88571687111125641  1.66907846106817281 214.93207832487738074 -51.64033950685520580 66.69295500417459266  1.66907846106826496 214.78194697744277164 -51.71838856084288949 66.49814705574034690  1.66907846106823299 214.46480474911260217 -51.85186174668506709 66.10316964945420182  1.66907846106823210 214.12463889973673759 -51.93065607551572782 65.69380097008580321  1.66907846106824942 213.95146192177901412 -51.95416821533000018 65.48463170105492281  1.66907846106818480 213.77947408940829632 -51.95928066405268453 65.26982049443486744  1.66907846106831781 213.61623686427157054 -51.94606581139724000 65.04829914258841939  1.66907846106816238 213.46882428520854091 -51.91782018886291894 64.81974188082259047  1.66907846106827673 213.34088908687084540 -51.87973198867884150 64.58472389844881434  1.66907846106822433 213.23308204427456758 -51.83658143212142022 64.34423477259264246  1.66907846106823854 213.14561298097933673 -51.79119905929675838 64.09903700850308894  1.66907846106823698 213.07800889456441951 -51.74612966835341865 63.85000000000002274  1.66907846106823654
 0.00000000000000000 11 0.50000000000000000 8 0.75000000000000000 8 1.00000000000000000 11
7 1 1  6 6 2  213.07800889456441951 -51.74612966835341865 63.85000000000002274  1.66907846106823654 211.28077526795536301 -50.54797391728070011 63.85000000000002274  1.03672962320961215 212.50427887627020596 -48.15360548828627429 63.85000000000002274  1.03834669984750638 215.78153555384560036 -47.69083967943171132 63.85000000000002274  0.85353433019614966 216.61485045243188097 -50.89398653906071956 63.85000000000002274  1.03834669984750683 214.87524252117350443 -52.94428541942613720 63.85000000000002274  1.03672962320961148
 0.00000000000000000 6 6.28318530717958623 6
Polygon3D 0
PolygonOnTriangulations 0
Surfaces 9
10 0.00000000000000000 5.23598775598298793 1.57079632679489656 7.85398163397448279
5 47.91250000000009379 -0.00000000000000056 0.00000000000000111 1.00000000000000000 0.00000000000000000 0.00000000000000000 0.00000000000000000 0.50000000000000033 0.86602540378443860 0.00000000000000000 -0.86602540378443860 0.50000000000000033 14.10000000000000320 1.30000000000000004
10 0.00000000000000000 6.28318530717958623 0.00000000000000000 14.00000000000000000
2 47.91250000000009379 14.09999999999999964 -0.00000000000000345 0.00000000000000000 0.00000000000000000 1.00000000000000000 1.00000000000000000 0.00000000000000000 0.00000000000000000 0.00000000000000000 1.00000000000000000 0.00000000000000000 1.30000000000000004
1 47.91250000000009379 7.05000000000000338 12.21095819336058952 0.00000000000000020 -0.86602540378443860 0.50000000000000011 0.00000000000000000 -0.50000000000000011 -0.86602540378443860 1.00000000000000000 0.00000000000000018 -0.00000000000000010 
9 1 1 1 0 6 9 6 38 2 6 49.21250000000009095 14.09999999999999964 13.99999999999999289  1.66907846106823654 49.21250000000009095 14.08982940916948223 15.49054220835722262  1.66907846106822744 49.43959206567773634 14.07918759410265253 16.94062923912297336  1.66907846106828028 49.87594934534129010 14.06531022471139991 18.36352153168083845  1.66907846106814239 50.51445467467036110 14.04538666610203634 19.77228418336508042  1.66907846106834978 51.34919335991507694 14.01608185131996187 21.16283322286713542  1.66907846106814839 52.36680293954081833 13.97381832072351671 22.52749029199452480  1.66907846106827895 53.54811772572409723 13.91488077367528220 23.86287014154255814  1.66907846106822721 56.20357325188799535 13.75553469158980135 26.46641717655265325  1.66907846106824342 59.36598860871443151 13.49619853940081882 28.92604533758733965  1.66907846106823188 61.05456529291330980 13.33731135650408284 30.11730595358885409  1.66907846106824542 62.82977667365346974 13.14449577860984064 31.26945022189288892  1.66907846106823143 64.67145243258018183 12.91393387923805314 32.38177277244685115  1.66907846106823432 66.55763563388903492 12.64060175329219504 33.45684812076480341  1.66907846106823832 68.46551004462025958 12.32271604375279672 34.50015282300581276  1.66907846106823743 72.28570893683343002 11.61375005729687260 36.52870867872368876  1.66907846106823277 76.05011839383358563 10.78737417667085907 38.42348621993089353  1.66907846106824276 77.90215452754428327 10.35197714592816709 39.33306921759451313  1.66907846106822100 79.71037422977948950 9.90267076270050950 40.19550940056328159  1.66907846106825386 81.46440513705070430 9.43619826076650980 40.98974800352023351  1.66907846106822855 83.14055304708445249 8.93747802635497557 41.71503812781915599  1.66907846106823365 84.71851217441371773 8.40348050830559146 42.36928379036063319  1.66907846106824009 86.90305833040528682 7.54223905840848285 43.24414591541525255  1.66907846106823499 88.76203818196877648 6.59296389659257898 43.95934722956115337  1.66907846106823698 89.34261935981257352 6.26685059655062471 44.18001280393016827  1.66907846106823654 89.88126786248020039 5.93151635045493464 44.38297274342411214  1.66907846106823543 90.37511316880605250 5.58765394179233876 44.56823975427550977  1.66907846106823721 90.82141011942067621 5.23643647626668507 44.73582671257547361  1.66907846106823721 91.21787255765430302 4.87973143044996860 44.88582549519171039  1.66907846106823787 91.90848915412622944 4.15992805393017928 45.15128024536098650  1.66907846106823055 92.39573134339663341 3.43339556048040606 45.35068748796663129  1.66907846106824720 92.58893194896224088 3.06997216869047485 45.43466708493963324  1.66907846106819968 92.73277014013989117 2.70682137894134289 45.50391158666436553  1.66907846106829405 92.83209944527638413 2.34325249304122352 45.56042076010859176  1.66907846106818436 92.89062384909927061 1.97159211914650179 45.60616658890056385  1.66907846106826496 92.90665135616157499 1.58013068612079621 45.64188029381183043  1.66907846106822833 92.87369114922130109 1.16263543328158114 45.66681723642421531  1.66907846106823810 92.78538036122317578 0.71529934800638095 45.68013016464815479  1.66907846106823654 
49.21250000000009095 16.26000599824237725 14.00000000000000000  1.03672962320961215 49.22939887476888998 16.24983540741190069 15.48980228834384931  1.03672962320960282 49.47501441650514664 16.23904457221179243 16.93658332544741896  1.03672962320965167 49.93178758568782882 16.22481670984851476 18.35309321506747793  1.03672962320953310 50.59296583669096492 16.20425315175026171 19.75174948392806584  1.03672962320970341 51.45308979640280000 16.17386924009316118 21.12752867884038466  1.03672962320954487 52.49929666320052490 16.12982510839738737 22.47156190994336100  1.03672962320964146 53.71301933984580046 16.06795253668187939 23.77891141822802723  1.03672962320960749 56.44244250286119780 15.89870955870358671 26.30731758296702338  1.03672962320961348 59.69991471940544869 15.61406189309576931 28.64321493875607771  1.03672962320961415 61.44199865501526858 15.43703578194544512 29.75793806718146683  1.03672962320960194 63.27730998511019322 15.21671706897601517 30.81532325725023469  1.03672962320962903 65.18584648211140120 14.94697860151915947 31.81254068997248652  1.03672962320959550 67.14559527763186964 14.61490459224474492 32.74759577772549335  1.03672962320962125 69.13012832750412429 14.20632576025188243 33.62569810689666383  1.03672962320961037 73.08977811021004811 13.24089816166743283 35.30324655348783836  1.03672962320961104 76.93933153857719276 12.03756691436275794 36.86581724310214270  1.03672962320961592 78.81377693570597387 11.39086506439735835 37.62883464337346595  1.03672962320960083 80.61882084425933215 10.72405196320980281 38.38162765234344675  1.03672962320962636 82.35216671959665291 10.06994144295175708 39.10501797792453971  1.03672962320960504 84.00078525254619422 9.41027832614769011 39.77835572145890808  1.03672962320960815 85.54647873221924215 8.74341937350777521 40.39727424691407265  1.03672962320961815 87.68051852418550141 7.71966176532569648 41.23383516435026053  1.03672962320960638 89.48885103590625079 6.65550870707367181 41.92551254015400986  1.03672962320961748 90.05271617768659098 6.29597046629434320 42.13954609350036407  1.03672962320959061 90.57492738552717526 5.93163197171065892 42.33676073865485989  1.03672962320964790 91.05267942414977256 5.56276121837284876 42.51693390708035025  1.03672962320957751 91.48326237777209258 5.19014742181189348 42.67990885368092080  1.03672962320963058 91.86440775878566001 4.81531723882599039 42.82565500877402798  1.03672962320960949 92.52520249907604466 4.06519890672410700 43.08314613171190643  1.03672962320961126 92.98427772208411568 3.31913636147241320 43.27542984701090489  1.03672962320961703 93.16381667409535794 2.94837252288566987 43.35599685679234483  1.03672962320959616 93.29441755730033492 2.58006380387720480 43.42194305241993391  1.03672962320962880 93.38094856994304394 2.21330343483144176 43.47525362328846654  1.03672962320960793 93.42712195349730564 1.84019872749087376 43.51789642711334949  1.03672962320960371 93.43123086989119486 1.44882584752495802 43.55060042494725536  1.03672962320962214 93.38674979635294449 1.03277959538199937 43.57261720278206951  1.03672962320960860 93.28728234705448585 0.58810669399290738 43.58309837236969031  1.03672962320961215 
46.54158735228750743 16.57014609821928275 13.99999999999999289  1.03834669984750638 46.56091261786941260 16.58087147637638736 15.85155223555373993  1.03834669984750194 46.86452418509664142 16.59324298185212854 17.65502406578698924  1.03834669984752814 47.43323188473615915 16.60476910633335734 19.39455195762621642  1.03834669984746308 48.23666237240603039 16.61296648236535134 21.05432143600724615  1.03834669984754746 49.24327796576498883 16.61583438561125092 22.63626872041740512  1.03834669984748840 50.42944571814328469 16.61149869208999874 24.14583338825934788  1.03834669984750816 51.77776560009640860 16.59801277092678617 25.58351377458665610  1.03834669984750638 54.76033960894773145 16.54864855884061114 28.31676432461148707  1.03834669984750905 58.24776932253944040 16.44267324183490331 30.75869416587875804  1.03834669984750061 60.10063795839204204 16.37277454475766447 31.90535980797696070  1.03834669984752903 62.04693201131743763 16.28114605097647427 32.97296445508425933  1.03834669984746686 64.06981857092901578 16.16382651260186520 33.95852632068572063  1.03834669984755057 66.15409261172167987 16.01174221386993679 34.85280915593888551  1.03834669984747241 68.28138883618858301 15.80726281536252387 35.64843621678905805  1.03834669984752059 72.56355859979858280 15.25326280261871759 37.06803421647562402  1.03834669984749151 76.78552869506853540 14.39114899583371709 38.22639223084235027  1.03834669984752193 78.85274256288921890 13.87852788626516443 38.76053231032653912  1.03834669984746020 80.84608095367660496 13.28925579155938230 39.27805982564669307  1.03834669984757921 82.74742168470038450 12.66267020746957073 39.80203658726579619  1.03834669984743466 84.55565191546926940 12.00569954548455343 40.30919335413499027  1.03834669984755101 86.25630012464732488 11.31777733237684913 40.79784761181316100  1.03834669984749173 88.63119428337273575 10.23306196691475911 41.48934753707109735  1.03834669984751526 90.71407325269258592 9.04600092422504609 42.10730584921400066  1.03834669984750350 91.37440455113515725 8.63768893607038635 42.30445838777227152  1.03834669984750771 91.99912523181706092 8.21507967249020155 42.49221563903297039  1.03834669984750882 92.58655009385674362 7.77628844863943325 42.67013312873843489  1.03834669984750194 93.13482738046120346 7.31897082730213633 42.83784128383311440  1.03834669984750771 93.64160119643759117 6.84009937829996062 42.99494116924201137  1.03834669984750838 94.56537219933207439 5.83238612159410508 43.28672969382731139  1.03834669984750216 95.28916691420607776 4.71442932314268415 43.52956573578012467  1.03834669984751282 95.59584631440255009 4.12530272985154678 43.63768320357703345  1.03834669984748840 95.84140788027005442 3.50462960552795533 43.73125532037508378  1.03834669984753170 96.01596314490764428 2.85222289864592771 43.80799454617534394  1.03834669984748218 96.11082855658965229 2.17525545660009456 43.86565459218942920  1.03834669984752348 96.12298446867127666 1.48516222824894406 43.90329974800248891  1.03834669984749861 96.05444910846787820 0.78765043149249969 43.92154893431290930  1.03834669984750882 95.90710713081300298 0.08589914862128545 43.92113230128979495  1.03834669984750638 
44.33864800268909789 14.10000000000000497 14.00000000000000000  0.85353433019614966 44.33864800268910500 14.12796014334880113 16.15085339520847185  0.85353433019614422 44.66671726642029938 14.15962375713147026 18.25269205762866775  0.85353433019617553 45.30198230554348982 14.19283381161514690 20.26669628948337731  0.85353433019609504 46.19412744894748357 14.22556057439344102 22.15458341113723506  0.85353433019621561 47.28953129333139316 14.25721603810951166 23.92521553772731124  0.85353433019609970 48.55504721982890715 14.28787856124754718 25.59733617420837248  0.85353433019617242 49.97348235717004883 14.31800544330246794 27.17788656696108163  0.85353433019614400 53.07150459989972546 14.38000588581619965 30.17491893869836872  0.85353433019615543 56.62863814707976928 14.45334090375712677 32.86045255236645346  0.85353433019614344 58.50535417039853314 14.49469120274520506 34.13005499893753836  0.85353433019616831 60.46733889586013078 14.54391417926088259 35.32567531744115996  0.85353433019611968 62.50016129898563122 14.60174926324250144 36.44688745313756328  0.85353433019618197 64.59430197555140296 14.67225126084569808 37.48424856238141700  0.85353433019612601 66.74260382969039540 14.75056633267800876 38.42033775248000893  0.85353433019615910 71.11479629408430014 14.85956403469883824 40.07015544720866274  0.85353433019613945 75.53647912877887904 14.75460354737427693 41.31437121468015050  0.85353433019616032 77.73440562505530238 14.61923926463443912 41.84470285019735059  0.85353433019612257 79.88705511106189761 14.36841749643988919 42.30656165748927577  0.85353433019618530 81.95306083879282255 14.00133497756600853 42.75547544514427756  0.85353433019612346 83.92767935268614110 13.54969633127347173 43.19113232537745262  0.85353433019615810 85.79685204318013803 13.01207365156830775 43.61692920131539353  0.85353433019615044 88.43413970013263281 12.08217779531482705 44.23712087215029953  0.85353433019614755 90.80737894601006133 10.93872049825414372 44.82396392561146570  0.85353433019615255 91.56837025052655576 10.53236302428081572 45.01556285685506253  0.85353433019613600 92.29838362408911223 10.09829628416863301 45.20277036485382638  0.85353433019617253 92.99657526650563000 9.63339617307022067 45.38525586875034179  0.85353433019612668 93.66175674335765677 9.13321812419724743 45.56268832073163821  0.85353433019616209 94.29147776812992277 8.59140866406498205 45.73451949060920185  0.85353433019614910 95.46978413774596106 7.40949168518528900 46.06464630091195289  0.85353433019614366 96.44746353026405927 6.00944769479294649 46.35816729842210293  0.85353433019616221 96.87624809738696285 5.24948161252690770 46.49331479523756627  0.85353433019610181 97.23333356585723664 4.42717045611028848 46.61383495850190428  0.85353433019623159 97.49664182028999448 3.54319347357765402 46.71393454507840914  0.85353433019606240 97.64725497507785690 2.61742615425422276 46.78789669146124908  0.85353433019621072 97.68108932505661812 1.68083991623444895 46.83341553632710230  0.85353433019612179 97.60725368722864914 0.74934978533840813 46.85224252781074483  0.85353433019615721 97.43450512859048729 -0.16779787766262722 46.84641121103447858  0.85353433019614966 
46.54158735228750743 11.62985390178070944 13.99999999999999645  1.03834669984750683 46.52226208670546725 11.64057927993782826 15.85324455542235711  1.03834669984749506 46.78350738999849767 11.65329161918952394 17.66427774183133437  1.03834669984755679 47.30552056204766131 11.66561937926732284 19.41840324842107890  1.03834669984740091 48.05709431501415452 11.67528054034426432 21.10128770159698064  1.03834669984764161 49.00564957267748412 11.68061651723382610 22.71701607181102744  1.03834669984739314 50.12641058323896459 11.68035335393734719 24.27375087998467862  1.03834669984756855 51.40060824123318639 11.67358032129061485 25.77554130874695204  1.03834669984748906 54.21400598880381949 11.64685195261769302 28.68065149959478433  1.03834669984752392 57.48402488841493607 11.59876826754493173 31.40557422704479151  1.03834669984749040 59.21451356012991596 11.57035630975274643 32.72729380552738832  1.03834669984755412 61.02334905458899073 11.54163205035775341 34.01162819094567169  1.03834669984743044 62.89331400989339471 11.51391582500723132 35.26045456407852896  1.03834669984758943 64.80933132764857874 11.49618396235551465 36.47498697325733730  1.03834669984744665 66.76129652199421116 11.49913478649211918 37.64845927859905572  1.03834669984753036 70.72451895552855206 11.53170504351393610 39.87086947677599369  1.03834669984748262 74.75175065763593807 11.53175072050988348 41.78903969437853050  1.03834669984753147 76.76771082093875975 11.50241880102924696 42.65839961938833369  1.03834669984743444 78.76831277893596450 11.41062066810177456 43.42670841888343602  1.03834669984761874 80.71696361091839833 11.21319437266000207 44.11272694896931057  1.03834669984739536 82.58815809590267065 10.92432679307538557 44.73870743275607964  1.03834669984757877 84.36260319613572278 10.54028073079745909 45.30816071590606242  1.03834669984747974 86.85301379151312062 9.82726679080536947 46.08726185952393450  1.03834669984752459 89.05173163257657620 8.90295056260619688 46.75902332273036421  1.03834669984749817 89.75029527971969401 8.57108696118082314 46.97134439402957184  1.03834669984752859 90.41261078163333309 8.21481522748982407 47.17224208694378262  1.03834669984747596 91.03684361777831668 7.83322223834042575 47.36181003966053993  1.03834669984753547 91.62106142342727821 7.42484157705471937 47.54006663092953033  1.03834669984748884 92.16286789131186197 6.98742532483836420 47.70689298125737565  1.03834669984751393 93.15484642858206144 6.04904740267318353 48.01689564297873858  1.03834669984749928 93.94306366993869517 4.97575907393482986 48.27602437411520242  1.03834669984751482 94.28098953912461866 4.40342130070240767 48.39194699517817355  1.03834669984748418 94.55682702521738747 3.79454521661227417 48.49306288541360743  1.03834669984754058 94.76065410880900686 3.14943796135124821 48.57711784614949124  1.03834669984747263 94.88376835364954331 2.47577394959756703 48.64187502524777784  1.03834669984753103 94.92318406061582436 1.78547818570413774 48.68640388064247304  1.03834669984749595 94.88099883434765047 1.08465228387570534 48.71133196843523194  1.03834669984750994 94.75917399266566576 0.37680985747041440 48.71739203737707413  1.03834669984750683 
49.21250000000009095 11.93999400175762560 13.99999999999999645  1.03672962320961148 49.19560112523105033 11.92982341092714016 15.49128212837039698  1.03672962320960083 49.40416971485116449 11.91933061599325683 16.94467515279907843  1.03672962320965545 49.82011110499318107 11.90580373957475580 18.37394984829351330  1.03672962320952311 50.43594351265146258 11.88652018045326209 19.79281888280249291  1.03672962320971696 51.24529692342615306 11.85829446254720487 21.19813776689407803  1.03672962320952999 52.23430921588160913 11.81781153304942755 22.58341867404529069  1.03672962320965034 53.38321611160235136 11.76180901066874185 23.94682886485726314  1.03672962320960305 55.96470400091470765 11.61235982447597515 26.62551677013816231  1.03672962320961837 59.03206249802362038 11.37833518570588964 29.20887573641870461  1.03672962320960638 60.66713193081047706 11.23758693106268325 30.47667383999601398  1.03672962320962192 62.38224336219806077 11.07227448824377625 31.72357718653582026  1.03672962320959927 64.15705838304779718 10.88088915695681536 32.95100485492097420  1.03672962320962170 65.96967599014691075 10.66629891433971977 34.16610046380429111  1.03672962320960393 67.80089176173616750 10.43910632725370746 35.37460753911490485  1.03672962320961548 71.48163976345708193 9.98660195292631592 37.75417080395961733  1.03672962320960416 75.16090524908968007 9.53718143897897264 39.98115519675953777  1.03672962320962214 76.99053211938344532 9.31308922745895629 41.03730379181596533  1.03672962320957818 78.80192761529828260 9.08128956219125172 42.00939114878253378  1.03672962320965811 80.57664355450619098 8.80245507858123410 42.87447802911637496  1.03672962320957351 82.28032084162167337 8.46467772656229300 43.65172053417921205  1.03672962320962792 83.89054561660859122 8.06354164310340238 44.34129333380725768  1.03672962320960904 86.12559813662488750 7.36481635149127278 45.25445666648018062  1.03672962320961171 88.03522532803128797 6.53041908611150568 45.99318191896831820  1.03672962320961348 88.63252254193905344 6.23773072680682095 46.22047951435988011  1.03672962320959994 89.18760833943208866 5.93140072919943329 46.42918474819354913  1.03672962320963036 89.69754691346355457 5.61254666521156942 46.61954560147043480  1.03672962320959616 90.15955786106852088 5.28272553072163031 46.79174457147018984  1.03672962320961548 90.57133735652314499 4.94414562207391484 46.94599598160932175  1.03672962320961459 91.29177580917618684 4.25465720113630486 47.21941435901006656  1.03672962320960393 91.80718496470940693 3.54765475948834386 47.42594512892239322  1.03672962320962392 92.01404722382848433 3.19157181449555960 47.51333731308657349  1.03672962320957063 92.17112272298084008 2.83357895400485749 47.58588012090957164  1.03672962320967077 92.28325032060797639 2.47320155125181440 47.64558789692773644  1.03672962320956019 92.35412574470269931 2.10298551080145835 47.69443675068859534  1.03672962320963991 92.38207184243117354 1.71143552471699500 47.73316016267600759  1.03672962320960216 92.36063250208989928 1.29249127118105278 47.76101727006643927  1.03672962320961326 92.28347837539186571 0.84249200201985097 47.77716195692661927  1.03672962320961148 

0.00000000000000000 6
6.28318530717958623 6

0.00000000000000000 10
0.25000000000000000 7
0.50000000000000000 7
0.75000000000000000 7
0.87500000000000000 7
1.00000000000000000 10

9 1 1 1 0 6 11 6 391 2 37 95.30175851872219539 0.23277776630960645 45.99475106218928033  1.66907846106823654 94.49428146406410178 -3.93868489547502687 46.09588588387305919  1.66907846106825208 94.25421358514464032 -8.27860429126463515 43.76977176056865915  1.66907846106815216 94.98826346900288797 -11.20479535535211291 38.99853049153266227  1.66907846106853741 96.82839176801752501 -11.04388459865726091 32.94940007943868210  1.66907846106756641 99.38534642765122840 -7.05661112246881927 27.91888311888770602  1.66907846106922686 101.71108536810115197 -0.35892754058895449 26.54806478661381774  1.66907846106721913 102.80024353336615661 5.77800531306854026 29.52980889965195033  1.66907846106898838 102.53821877005938745 9.01791629880104040 34.95586175152349284  1.66907846106783597 101.38631584451498213 8.85381708618495367 40.47948718222635023  1.66907846106838509 100.00402016487129231 6.18686317471879121 44.38849704225162895  1.66907846106820434 98.90816912494388191 2.43775678688200692 46.06380694873069359  1.66907846106823654 97.81231595876437268 -1.31135614209159534 47.73909983912254518  1.66907846106833846 97.00305854055730492 -6.14214824967962336 47.18062879462537040  1.66907846106786018 96.99784018277566133 -10.63615748479146639 43.76448764036294392  1.66907846106903968 98.17710140837333199 -12.83873645787194206 37.95398576867442841  1.66907846106704927 100.45858619177639071 -11.20410778383416783 31.64008965956547215  1.66907846106953150 103.10724967976176458 -5.72568932328328817 27.75181462039310532  1.66907846106714741 104.96141936101039960 0.91509926814543441 28.20013369441375062  1.66907846106896529 105.52872620103836709 5.88258754930875227 32.07440173487887591  1.66907846106784863 104.97445950251696445 7.82095489401848454 37.34695019496489010  1.66907846106839086 103.83268227932816785 6.88604228298213172 42.05078116343013050  1.66907846106819946 102.65288007282210003 4.12050313804465418 45.05464725284200966  1.66907846106823654 101.47307322594414813 1.35495161429817124 48.05849986302696664  1.66907846106819235 100.25542032700045070 -3.24082309038281924 49.36214582030252274  1.66907846106843460 99.54931376249989228 -8.62804251136673095 47.83062756580530817  1.66907846106771407 99.92576848849640214 -12.86832659723937766 43.15280782152328243  1.66907846106918201 101.62203742371151804 -13.84478956650411163 36.52620505709981558  1.66907846106702196 104.22798049663197162 -10.42918580746291290 30.72189392674016517  1.66907846106939473 106.60246388652618066 -4.30515073425139683 28.57796552627568332  1.66907846106739810 107.95033852255798479 1.62415363876523955 30.32009840348839447  1.66907846106869573 108.11566377706049025 5.36029163908924389 34.54830336337022345  1.66907846106805735 107.42583179558704387 6.29022366050693549 39.34030342032745153  1.66907846106827695 106.37927538411432238 4.91970767891686478 43.22485687625184880  1.66907846106823832 105.33272585079549799 3.54920816048738352 47.10941796992810282  1.66907846106806668 103.92963094954086500 -0.12147355386466252 50.08614746715057464  1.66907846106890156 102.66774690162910133 -5.59124937352243290 50.68188826507672928  1.66907846106670976 102.22163389535080569 -11.23332953416390900 47.85831667189570737  1.66907846107070656 103.11209220599226910 -14.68168186654860463 41.93735096567854015  1.66907846106523938 105.31610454710653357 -13.85855912176930183 35.11004580598464742  1.66907846107102076 107.88706362044160869 -9.19304561999845582 30.70977548559476844  1.66907846106624969 109.84784127333708170 -3.21426975436455376 30.06394628271287672  1.66907846106930680 110.74521527081708427 1.74137118507269584 32.61359192470101220  1.66907846106782487 110.64991569358478785 4.38496356990580871 36.77364672503105680  1.66907846106833024 109.93353612693586285 4.60859272656226082 40.95696402730719399  1.66907846106823654 109.21714775292673494 4.83220522375630956 45.14028009632783522  1.66907846106825897 107.87983330538182258 2.63594178281417690 49.34638956093951379  1.66907846106814284 106.29183594388304357 -2.09330519273504478 51.98810378682269118  1.66907846106840285 105.12870269495721232 -8.28767415757614501 51.45814403575748486  1.66907846106812907 105.11533659456624434 -13.69261600404838930 47.15362399501341173  1.66907846106812752 106.61950055428050632 -15.59671969263683522 40.35222341797972945  1.66907846106856828 109.03308927082039759 -13.10967430712024395 34.37491607473044297  1.66907846106784596 111.34587647516801212 -8.00111564643818696 31.44893359454423987  1.66907846106851832 112.87624958300480671 -2.59003476014947598 31.94128367062156215  1.66907846106810465 113.42759451735470577 1.35523118071976967 34.84552849771795735  1.66907846106827162 113.18803648322710842 3.12938673599303208 38.70017964999685489  1.66907846106823654 112.94846831261740761 4.90352752212357856 42.55483676740266930  1.66907846106816438 111.91810893166972107 4.50646064400013202 47.35941936538143437  1.66907846106851854 110.28335752318004381 1.22820618001118653 51.65440519026689969  1.66907846106758773 108.61785596670161169 -4.58500747482611182 53.50815177982569537  1.66907846106929347 107.74030421366309440 -11.13321564538756192 51.48490065748787714  1.66907846106695512 108.35320586242737306 -15.48422927498534563 45.75425078176836280  1.66907846106941293 110.27956173137286555 -15.56384528936661127 39.11940185400855796  1.66907846106740365 112.62986452603637133 -12.11277518494400240 34.36812463120902095  1.66907846106869040 114.59781938601796014 -7.07961811489480297 32.73770739662244722  1.66907846106805757 115.74947818898313301 -2.44285012547820912 33.95342565623977293  1.66907846106827940 116.06079167583986589 0.60216615794537098 36.90203713907172300  1.66907846106823610 116.37211560945830513 3.64719323969467801 39.85063633630967672  1.66907846106818392 115.84314378079383800 5.10019420351547126 44.53171260672550602  1.66907846106846147 114.44813897336874220 3.76249696200851069 49.83550687685387004  1.66907846106772806 112.57135934193557603 -0.79416122844369674 53.80025229367250006  1.66907846106899416 111.00089119420053407 -7.49822055074176674 54.37566789563866365  1.66907846106745184 110.66671614717755290 -13.64337344144193409 50.59774251323406702  1.66907846106882052 111.85025134070490083 -16.28700959514943847 44.32481193665446995  1.66907846106791746 113.91777057476166135 -15.02844823346026892 38.48110654430897171  1.66907846106836666 116.06134822373907411 -11.14896952808780384 34.98552791374609683  1.66907846106819746 117.67554577179478770 -6.53619789452440525 34.33712774614480168  1.66907846106824476 118.52794506749940240 -2.69343361528169911 35.94022832615567609  1.66907846106823654 119.38033440418705311 1.14932582133672234 37.54334420332155275  1.66907846106832447 119.47090727610503791 4.22166762970041454 41.39767322769724700  1.66907846106783042 118.56556140759309415 5.01856878511739879 46.91233224159773840  1.66907846106933366 116.80088098355298598 2.40269196121047734 52.39384978680466531  1.66907846106617774 114.81410955783729833 -3.44622645808010653 55.48987311190931848  1.66907846107105584 113.62138274425289808 -10.45944713062018039 54.24918441820363313  1.66907846106535263 113.91945076208259024 -15.27426338614421120 49.30269999048778118  1.66907846107046298 115.42706040374756071 -16.40931644123725519 43.26560653004098356  1.66907846106695312 117.45747583201715258 -14.28372487032155824 38.44652773162793835  1.66907846106875990 119.32607604547892777 -10.40673698616714482 36.04214823041735372  1.66907846106811153 120.62736975486127733 -6.36081837411936402 36.06514297657470536  1.66907846106823654 121.92865518984596918 -2.31489760179872306 36.08815396163339528  1.66907846106831714 122.66255659767804786 1.89947351109262996 38.53842021578157073  1.66907846106790614 122.42231548642902794 4.70012258551044582 43.43380738816320275  1.66907846106907076 121.07594430338619418 4.41368297343628591 49.60707072261136830  1.66907846106670510 119.01297173532485374 0.30082344335647981 54.76177715922926126  1.66907846107033309 117.18081977464416354 -6.52234573939716444 56.25668563875898087  1.66907846106607605 116.58566563558787266 -12.78487022297693976 53.39913651965392205  1.66907846106992563 117.34141729204651483 -16.15030238102937687 48.09720898755193730  1.66907846106724844 118.98715413993622292 -16.11175155164059447 42.69773578608928233  1.66907846106864510 120.86326751784643818 -13.57034189845170147 38.91287407571761037  1.66907846106813817 122.45293534557096393 -9.94677953761119760 37.36171208985520309  1.66907846106823654 124.04259689162567781 -6.32320849770951199 35.81056500711215307  1.66907846106818325 125.34568784011983666 -1.61796467441291369 36.49318817989708208  1.66907846106843927 125.84471496777587163 2.75050257430784129 40.03347524239679700  1.66907846106778268 125.15921086182501654 4.82755268672956461 45.96811003000046014  1.66907846106897439 123.37170816685363661 3.06733796458677155 52.40619562063307058  1.66907846106732549 121.21663165979829557 -2.53656610081223199 56.41856080501428750  1.66907846106909963 119.85646600563296715 -9.30294632113049857 56.09443672349856058  1.66907846106761104 119.78288605711416892 -14.39595577362574730 52.34429400554618894  1.66907846106857716 120.83098667915902524 -16.45987150285267830 47.19589777274457276  1.66907846106810642 122.46658160019562445 -15.65050314944138776 42.61621495458796005  1.66907846106826518 124.14020059450201927 -13.01050803158316427 39.73649678584995115  1.66907846106823654 125.81381561694179538 -10.37049887503095924 36.85678975307858707  1.66907846106833668 127.52530315898128777 -5.90026985242793067 35.67729717606367501  1.66907846106781732 128.72521512727396953 -0.63860028696212900 37.33295755403010929  1.66907846106923952 128.84252490213685860 3.47617219042334114 42.13491851030496349  1.66907846106657765 127.64022531360460277 4.32701933496563385 48.88569643933792008  1.66907846107030489 125.52788719276294671 0.78597196332778196 54.81411790368241554  1.66907846106623281 123.64738673059606811 -5.46370403671943450 57.08221759633757841  1.66907846106975222 122.79325978140244047 -11.51848099514667645 55.46423339950356990  1.66907846106735858 123.12175122636584490 -15.38020762198366320 51.36016132019324232  1.66907846106860158 124.30541282516517754 -16.43565605208307190 46.69232280240562005  1.66907846106814595 125.84577923025605628 -15.19069997200805844 42.93190963514302183  1.66907846106823765 127.38614395095757459 -13.94572590162618653 39.17150194162593380  1.66907846106830982 129.28306039107150127 -10.40062340533261853 36.31891139746398522  1.66907846106798585 131.03877064988390089 -5.05634000042202025 35.84733520987225575  1.66907846106868085 131.97861950550961296 0.46014225737255465 38.79501777273245722  1.66907846106775315 131.58216520175108144 3.78299315012252890 44.84019422588909976  1.66907846106854785 129.87172071579331600 2.83429300676858809 51.79157277476750920  1.66907846106818880 127.79477976654300164 -1.95672387666332881 56.31604837502580807  1.66907846106810220 126.32772028835191236 -8.06109579496619943 57.08599857570518310  1.66907846106839552 125.92418468665918851 -13.14222951649217919 54.66050565630488478  1.66907846106814706 126.51330008346339184 -15.91140179436251856 50.62460003079669235  1.66907846106826141 127.72349707850860057 -16.26055567067125551 46.56542958180327219  1.66907846106823543 128.93369344690501066 -16.60972837566152904 42.50626037324064299  1.66907846106826918 130.76484191484297526 -14.53898296606082852 38.42430209047104483  1.66907846106809132 132.84664777157257731 -9.93531730192104590 35.90673304267053823  1.66907846106861646 134.50353765412845064 -3.86643800382925384 36.56083054788766162  1.66907846106759550 135.01088763015704330 1.41289114471659083 40.98952889780759534  1.66907846106896796 134.00030737570497763 3.19151415123376303 47.91503762309346115  1.66907846106764812 132.08072706739361024 0.57889451708622097 54.01651723001430838  1.66907846106857227 130.26166210472777607 -4.65521679174942449 57.06664842104544988  1.66907846106810176 129.22512694805053002 -10.19181237611663171 56.69843067576521634  1.66907846106827074 129.16759684610883596 -14.26264925901383052 53.91834800070826361  1.66907846106823343 129.90097332903971505 -16.16233243893701399 50.18783670554518750  1.66907846106823543 130.63434789493342691 -18.06203240203439364 46.45733385169636165  1.66907846106820212 132.15854543371278851 -17.79048230398541008 41.77688724316897861  1.66907846106841085 134.28709625479120859 -14.63781808887632607 37.60607368719263377  1.66907846106776692 136.44637126689465845 -8.95006986008123917 35.87642245136147778  1.66907846106909985 137.81788055529742110 -2.52752027783154709 38.02391024983847956  1.66907846106707547 137.69859761267409226 1.69808061492246232 43.87859776274906665  1.66907846106943314 136.26621058269768128 1.65204032456808392 50.63769336525675868  1.66907846106728464 134.40966808502031427 -1.92450013841707346 55.51305114643918159  1.66907846106880764 132.93552015689641621 -7.08324081680686213 57.26765440811988839  1.66907846106799407 132.27769743094930277 -11.84553172674633359 56.17606235971494044  1.66907846106829671 132.46019036158079984 -15.01610312559314053 53.35161078997316508  1.66907846106823654 132.64268517112481049 -18.18666131956854670 50.52714512133898239  1.66907846106810109 133.66547218961892440 -19.76523020971246325 45.97024447742462883  1.66907846106883628 135.55431264130697855 -18.55304485622158239 40.79055760126026087  1.66907846106668800 137.92481624381954930 -14.12195510310881197 36.95000020129781859  1.66907846107101987 139.98930122542662957 -7.54343654479040460 36.49870455497830335  1.66907846106457303 140.81703215142022145 -1.52381478150476468 40.40079775833176257  1.66907846107186786 140.12752480715329284 0.99427018197381756 46.79784658306215306  1.66907846106549118 138.55371684872437754 -0.38984414862044758 52.76574398470729932  1.66907846106980218 136.90398188392637735 -4.39484917951700194 56.38542435898684602  1.66907846106759883 135.78359781936887885 -9.13317844119986155 57.15800550903598065  1.66907846106839086 135.42501706032282982 -13.10147979622198378 55.67903487880910518  1.66907846106823543 135.06643466554743327 -17.06978775479596067 54.20008242577477375  1.66907846106836222 135.46969784647018287 -20.26766621061674911 50.46987462516442946  1.66907846106770963 136.86884883983177019 -21.19012616875905763 45.07940617597713384  1.66907846106949553 139.12729078432113283 -18.69975790150492401 39.72196763184385304  1.66907846106619551 141.60803983302938036 -12.97644613189187979 36.75018849284050759  1.66907846107067237 143.29435743146157733 -6.08869351690360361 38.11492073376764722  1.66907846106599478 143.49029074313853016 -1.39948133111969319 43.18563319728330185  1.66907846106985280 142.47640955608363811 -0.38994224093846519 49.34683283474519300  1.66907846106733881 140.93982733826931053 -2.64108548245495189 54.29007259345020486  1.66907846106859648 139.56504505852649345 -6.64361653794718254 56.81859735707372749  1.66907846106815083 138.75756809355203814 -10.81507937654412110 56.91975106211312863  1.66907846106823654 137.95009103891109703 -14.98654203832926868 57.02088588417686310  1.66907846106811819 137.71002315987755082 -19.32646143418983087 54.69477175979012173  1.66907846106869373 138.44407304407559423 -22.25265249798128053 49.92353049291256895  1.66907846106722224 140.28420134245180861 -22.09174174192808948 43.87440007773763284  1.66907846106984148 142.84115600290866155 -18.10446826485084770 38.84388312028434598  1.66907846106629743 145.16689494261831328 -11.40678468379062416 37.47306478598387258  1.66907846107003266 146.25605310832983719 -5.26985182966382748 40.45480889960263227  1.66907846106696489 145.99402834487085556 -2.02994084403148278 45.88086175181879867  1.66907846106891733 144.84212541932791396 -2.19404005672814328 51.40448718200956790  1.66907846106797275 143.45982973970868102 -4.86099396810838513 55.31349704233290510  1.66907846106829871 142.36397869977190567 -8.61010035598141243 56.98880694871663621  1.66907846106823654 141.26812553360190350 -12.35921328492816684 58.66409983918806148  1.66907846106822522 140.45886811534867888 -17.19000539258698268 58.10562879445557627  1.66907846106828006 140.45364975769535931 -21.68401462755842246 54.68948764066591650  1.66907846106813196 141.63291098305313653 -23.88659360083076422 48.87898576829149988  1.66907846106841951 143.91439576677015566 -22.25196492664666437 42.56508965990293802  1.66907846106797986 146.56305925447105665 -16.77354646606988808 38.67681462021428018  1.66907846106855051 148.41722893587970589 -10.13275787488731083 39.12513369441304434  1.66907846106793367 148.98453577588497865 -5.16526959334215263 42.99940173499433627  1.66907846106844704 148.43026907730887842 -3.22690224900768463 48.27195019482302030  1.66907846106814040 147.28849185418587808 -4.16181485976905208 52.97578116353815147  1.66907846106826052 146.10868964763531608 -6.92735400486419906 55.97964725278242781  1.66907846106823654 144.92888300540471391 -9.69290505043658079 58.98350009304070340  1.66907846106830071 143.71122899262502415 -14.28868235749664350 60.28714479870293275  1.66907846106797186 143.00512579630964183 -19.67589390908473490 58.75563032832290133  1.66907846106884983 143.38157313817353611 -23.91619524734782232 54.07780228887222762  1.66907846106726798 145.07785481772958747 -24.89262844003694042 47.45121384044220747  1.66907846106935698 147.68377991847935959 -21.47706667289686067 41.64688252189259998  1.66907846106725555 150.05828440699642101 -15.35298230220044680 39.50297782166236971  1.66907846106889224 151.40613824921564401 -9.42372651479191425 41.24508734072842486  1.66907846106790636 151.57148072655959936 -5.68754827254880357 45.47331164766843159  1.66907846106835756 150.88163682616240635 -4.75764410013879147 50.26529831554251615  1.66907846106820945 149.83508720875207132 -6.12814420721151087 54.14985940356667271  1.66907846106823654 148.78853088130932747 -7.49865960027799616 58.03441286510403785  1.66907846106839197 147.38544789922940481 -11.16931346511036516 61.01115575164678262  1.66907846106758018 146.12354662801070049 -16.63912952772361109 61.60687720187447525  1.66907846106983038 145.67745441594351519 -22.28116110162711649 58.78332896776204564  1.66907846106558000 146.56789162815357486 -25.72956273174409603 52.86233956081307639  1.66907846107151836 148.77192194037522199 -24.90639799636669949 46.03505458857610222  1.66907846106511792 151.34286827095752415 -20.24091426876407951 41.63476995418632498  1.66907846107053603 153.30365330657960499 -14.26212115305462369 40.98894904409166173  1.66907846106694158 154.20102393665928275 -9.30648808163590324 43.53859090377767416  1.66907846106876079 154.10572547302822954 -6.66289309488202885 47.69864695478607075  1.66907846106811086 153.38934570171889504 -6.43926441639148983 51.88196402729897727  1.66907846106823654 152.67295702793421697 -6.21565236602817173 56.06528027750503895  1.66907846106819480 151.33564421292123825 -8.41191337321677501 60.27138875596581613  1.66907846106840507 149.74764191330979202 -13.14116771078070123 62.91310596397754296  1.66907846106785240 148.58451949309159090 -19.33552053132265414 62.38313967469197507  1.66907846106885915 148.57113469889790736 -24.74049024798446084 58.07863091949778322  1.66907846106747226 150.07532502578763456 -26.64455462666276020 51.27721442567746379  1.66907846106896796 152.48888278451570955 -24.15755539459217260 45.29992576993054598  1.66907846106768765 154.80170050096222667 -19.04895124531668316 42.37392487105320527  1.66907846106855429 156.33204833679025114 -13.63790803535808394 42.86629020311544025  1.66907846106810198 156.88341075973787042 -9.69261602191459382 45.77052447250507328  1.66907846106827207 156.64384275717856099 -7.91847532794428233 49.62518164276562516  1.66907846106823454 156.40428486530450414 -6.14431936251456534 53.47983238867776379  1.66907846106819924 155.37390630623676202 -6.54141404472794985 58.28442746896129734  1.66907846106839797 153.73918528049318866 -9.81962559431179649 62.57939221679096420  1.66907846106784641 152.07364200358441053 -15.63289622588757055 64.43316998923647532  1.66907846106890689 151.19614055948508735 -22.18103840806318061 62.40987814547749934  1.66907846106736146 151.80898854444248514 -26.53211932733213274 56.67927526349101441  1.66907846106912316 153.73539515807857470 -26.61167461813246504 50.04437856373688476  1.66907846106754221 156.08565553375839841 -23.16065303931701536 45.29314383978784520  1.66907846106864688 158.05364149698382903 -18.12746178708095357 43.66269383820652905  1.66907846106806645 159.20528056090256541 -13.49071479105683302 44.87843369578052233  1.66907846106827762 159.51660466807490479 -10.44568748209180065 47.82703324859051008  1.66907846106823676 159.82791828137740708 -7.40067097856122658 50.77564419477094049  1.66907846106826030 159.29896455859918092 -5.94765145656715166 55.45669985296545690  1.66907846106813729 157.90393358717400929 -7.28537551529086080 60.76052390889585553  1.66907846106848923 156.02718554488780001 -11.84200132833204222 64.72523336368622893  1.66907846106778557 154.45668534625875168 -18.54609350120099975 65.30068545348665054  1.66907846106884494 154.12253759785195939 -24.69121841180836441 61.52272899332157152  1.66907846106760793 155.30605343674832852 -27.33487440399313684 55.24982045072301418  1.66907846106873059 157.37358388265505482 -26.07630154953503876 49.40610229457281832  1.66907846106794855 159.51715641858228878 -22.19682808569577759 45.91052948465505068  1.66907846106835334 161.13135565713372443 -17.58405471901755490 45.26212739270934549  1.66907846106820901 161.98375464233379262 -13.74129075813424450 46.86522832613605516  1.66907846106823654 162.83614372927064551 -9.89853124993911671 48.46834470892977720  1.66907846106825808 162.92671796063544321 -6.82618983133446733 52.32267098109753078  1.66907846106813662 162.02136798107463278 -6.02928749701874445 57.83733831793283287  1.66907846106851765 160.25669657013494884 -8.64516690586534509 63.31883761562575330  1.66907846106769098 158.26990958791881781 -14.49408086327773404 66.41489243607813364  1.66907846106901236 157.07720471312035215 -21.50730782848209088 65.17415932518630939  1.66907846106741786 157.37524697497320858 -26.32211669630893169 60.22772704327091731  1.66907846106887403 158.88288200080557999 -27.45717703255089859 54.19058218956622852  1.66907846106787949 160.91327640424816536 -25.33157943084043495 49.37154595852976513  1.66907846106837177 162.78189116760191268 -21.45459572025649919 46.96713699919560980  1.66907846106820879 164.08317658332495625 -17.40867472917179626 46.99014853695889826  1.66907846106823454 165.38447031164378132 -13.36275633578738820 47.01314273091171714  1.66907846106824787 166.11835717103423349 -9.14838105000431057 49.46343844093775743  1.66907846106818503 165.87813708138293123 -6.34773800425433077 54.35878305099243590  1.66907846106839308 164.53174051863149430 -6.63417033920919064 60.53209777163030481  1.66907846106790214 162.46879370292555222 -10.74703725203729832 65.68675206832425317  1.66907846106876789 160.63661980424490139 -17.57020014591696366 67.18170496358840182  1.66907846106760527 160.04148122367715246 -23.83272909010818452 64.32412434610638741  1.66907846106879609 160.79722386422722025 -27.19815866248167424 59.02221506598763057  1.66907846106787328 162.44296482501488299 -27.15960901318258180 53.62273353860606306  1.66907846106839908 164.31907684289328131 -24.61819896961741350 49.83787458134009540  1.66907846106819502 165.90874492031676368 -20.99463668037365949 48.28671209004249931  1.66907846106823654 167.49840635122902199 -17.37106520268314469 46.73556534928803075  1.66907846106825519 168.80149792761437766 -12.66582376373733965 47.41818665796645149  1.66907846106815216 169.30052315511179017 -8.29734930282996785 50.95847936060708605  1.66907846106847213 168.61502321717600239 -6.22031500565019346 56.89310177846148520  1.66907846106777558 166.82751332548153300 -7.98050242587070358 63.33120872453233119  1.66907846106890378 164.67244697054138669 -13.58444500014573109 67.34354378677669217  1.66907846106750823 163.31226939584476554 -20.35078000633754414 67.01945507210801622  1.66907846106883517 163.23870119663658329 -25.44383402298919350 63.26927749638122123  1.66907846106787572 164.28679208708209103 -27.50771284055086596 58.12091013506102399  1.66907846106838575 165.92239374251977324 -26.69837003106020390 53.54120733729025972  1.66907846106820279 167.59600889825060221 -24.05836035306915477 50.66150055694710375  1.66907846106823454 169.26962771409202446 -21.41836521521341652 47.78178230282735939  1.66907846106842483 170.98110876764448562 -16.94811359591778199 46.60230879606232435  1.66907846106745184 172.18102972392981087 -11.68647202960416820 48.25794305253612748  1.66907846107013436 172.29832937946329707 -7.57167452781445505 53.05993283785650050  1.66907846106501534 171.09603889881259420 -6.72083887181916850 59.81068580453428751  1.66907846107233659 168.98369459156512562 -10.26189529753500018 65.73912271941168228  1.66907846106424285 167.10319667106924157 -16.51154275925521020 68.00721827967142019  1.66907846107122437 166.24907014152739748 -22.56635893843939655 66.38922947878222658  1.66907846106654723 166.57755968665219370 -26.42804719165025418 62.28516581821770615  1.66907846106891578 167.76122328756864022 -27.48352478506726726 57.61731943496839392  1.66907846106807844 169.30158830847059903 -26.23855115986327036 53.85691147199523954  1.66907846106823454 170.84195428958872753 -24.99360538233670326 50.09649894174293649  1.66907846106824787 172.73886940124185685 -21.44841521445400190 47.24391426250062409  1.66907846106818503 174.49457952304075548 -16.10434712882889841 46.77233570541047669  1.66907846106839308 175.43443242385922076 -10.58743768696188248 49.72000961066267166  1.66907846106790214 175.03796787335207341 -7.26528499232293079 55.76521308509443031  1.66907846106876789 173.32754043877088179 -8.21303163958793192 62.71654390401948120  1.66907846106760527 171.25057762702195419 -13.00514583666947210 67.24108236315737486  1.66907846106879609 169.78354083848867617 -19.10844996771899673 68.01096638434430020  1.66907846106787328 169.37998583703131317 -24.19046083014727344 65.58553052330506716  1.66907846106839908 169.96911492785645237 -26.95902932012279507 61.54958441778578759  1.66907846106819502 171.17930402211626983 -27.30852622401562257 57.49043739415287035  1.66907846106823654 171.78438177839319678 -27.48275091689246352 55.46091853950535722  1.66907846106834734 172.54471146246794433 -27.05209873360398376 53.42637675773355710  1.66907846106778424 173.41408649753884674 -26.00358263785909685 51.58232736225077275  1.66907846106924995 174.32693300668404390 -24.39454253587117449 50.13215042686310596  1.66907846106671021 175.20686397935946843 -22.35936445577348763 49.24404305832965889  1.66907846106991031 175.97691711134257275 -20.09514701769627720 49.02465404483997702  1.66907846106685143 176.57217644484131824 -17.83147993333270165 49.49986776402963784  1.66907846106910207 176.95103113685419771 -15.79308071563248816 50.60801642108994969  1.66907846106784863 177.10055843324303737 -14.16516734321848325 52.21331378690123159  1.66907846106833979 177.03443223448414301 -13.07012631302820083 54.13751961819649239  1.66907846106823987 176.54227475622451493 -12.05040834076788769 58.23400411420763589  1.66907846106819591 176.11620213594065376 -12.12578542228131084 60.40638606109004627  1.66907846106849900 175.54589554155728592 -12.83818855084133759 62.50829384943050826  1.66907846106758528 174.88834095969292548 -14.17014572730878541 64.33070515154079771  1.66907846106925795 174.21730508076078081 -16.02411604678628265 65.67884875018306445  1.66907846106709190 173.61245636192239772 -18.23077744112993415 66.40707712218041081  1.66907846106921265 173.14643318091066249 -20.57312587103162116 66.44590797559840212  1.66907846106758440 172.87333322920781598 -22.82089672114197754 65.81299801044451669  1.66907846106858115 172.82119178462630771 -24.76761312495896661 64.60561949289777317  1.66907846106809754 172.99011000007334360 -26.26035991964811700 62.97801755215684949  1.66907846106827074 173.72346567447760890 -28.15999188918831209 59.24764930587273426  1.66907846106820212 174.28790832333837102 -28.56688973436049039 57.14485044256522883  1.66907846106838376 175.02650900468162831 -28.34274418401132678 54.98745386162740800  1.66907846106783597 175.89236662160803348 -27.46369600137346367 52.98615338023765986  1.66907846106903701 176.81772501996690039 -25.98623840497497639 51.35331801936631990  1.66907846106706126 177.72340751431735839 -24.04597405042161995 50.26674294924209363  1.66907846106951951 178.53138123932671988 -21.83954667742461453 49.83796524431485153  1.66907846106717983 179.17713471446495532 -19.59347723982727274 50.09453999700767213  1.66907846106887958 179.61910084144844291 -17.52686003616122434 50.98025561592380939  1.66907846106796787 179.84290638095620807 -15.81810005653558626 52.37185041045832889  1.66907846106829849 179.87464919268072094 -13.36009686551107301 55.83890126950401367  1.66907846106817948 179.68261024892768773 -12.61075363874681265 57.91435681900065902  1.66907846106849100 179.29306124987559201 -12.46267672642814262 60.16743339792289191  1.66907846106755420 178.74135060793130947 -12.97917480190505124 62.39341238150410618  1.66907846106953506 178.08641916722652354 -14.14770143687584358 64.37066541369823369  1.66907846106642421 177.40368651741658823 -15.87167073318750354 65.89691537102730479  1.66907846107012370 176.77374009580466918 -17.98166390186179697 66.82276481756872499  1.66907846106675195 176.26932662954703801 -20.26371534969149835 67.07509905784276327  1.66907846106910829 175.94381800693886930 -22.49540667023292428 66.66681856449950772  1.66907846106787461 175.82472997402703641 -24.47890753661251750 65.68895012003828526  1.66907846106832469 175.91601213485040489 -26.06388385728995161 64.27652746865233269  1.66907846106823676 176.00721921538558945 -27.64930865398104132 62.86459362241630089  1.66907846106814683 176.30885917019443809 -28.83513225411190106 61.01875145586978277  1.66907846106857738 176.82293261974007237 -29.47738955606408240 58.87984343814805044  1.66907846106748003 177.52864171207716026 -29.46582083547040298 56.63614692734456213  1.66907846106943936 178.37712740161958891 -28.77592700587360142 54.51473050423349775  1.66907846106675373 179.29986459596540271 -27.45788463455411943 52.72948795210382400  1.66907846106968560 180.21616543560926971 -25.65047517717218284 51.46752659873621383  1.66907846106713098 181.04907950777720771 -23.54341578557243864 50.83833410660845686  1.66907846106886981 181.73517414439800177 -21.35788435935887719 50.87354502620473085  1.66907846106798696 182.23360446517676792 -19.30044657130930830 51.52527240168630129  1.66907846106828739 182.82203600408121247 -15.78786169102026804 53.84447390685703283  1.66907846106819835 182.91202990453541588 -14.33258996117360873 55.51196901662298444  1.66907846106836888 182.78146792727028469 -13.35057262086063901 57.57822742811949723  1.66907846106788726 182.43819704246379843 -12.97809996976622315 59.87409549866435299  1.66907846106893176 181.91772390862433895 -13.28831129178750459 62.18450326284600038  1.66907846106723978 181.28008540304486473 -14.27171033705040415 64.28015061632524407  1.66907846106926772 180.60119710625176026 -15.83334279380943421 65.95519771265510656  1.66907846106745539 179.96085204371286181 -17.80763659772532037 67.05960182528949076  1.66907846106866198 179.42989698855592451 -19.98854622459769104 67.51995322351345408  1.66907846106809177 179.06011314061137796 -22.16524671261542778 67.34347226283550469  1.66907846106824298 178.70155091551532678 -26.13341385384728710 65.86457298664836912  1.66907846106827917 178.71276884401038387 -27.92491071740355935 64.56213779286714782  1.66907846106794233 178.94352488171699633 -29.33569832782866627 62.77145025076397644  1.66907846106896796 179.40031473149451813 -30.20076825563233669 60.63354549529753257  1.66907846106708857 180.06171869989725565 -30.40732528033409565 58.34767631288233503  1.66907846106952706 180.87914705607911969 -29.91961908846919727 56.14325187918235116  1.66907846106713298 181.78338615270098444 -28.78937239283106919 54.24328176609484586  1.66907846106897151 182.69556740859030697 -27.14761362478625273 52.82899385980563522  1.66907846106785374 183.54010897922913159 -25.17973561628719636 52.01355638058937103  1.66907846106839219 184.25611736353195624 -23.09155419359327510 51.83102948919653130  1.66907846106818947 185.34921496593608481 -19.06872544704526007 52.65880689879878673  1.66907846106830227 185.72633719919906525 -17.13401158942798119 53.66904007960850720  1.66907846106792412 185.89321969948298374 -15.47313104495334990 55.23864363324115345  1.66907846106904501 185.82960036248826441 -14.27307252090566259 57.25902712122644544  1.66907846106675684 185.54174927426763020 -13.68239896667962441 59.55514684039329865  1.66907846107023450 185.06492632311108082 -13.78012081896966556 61.90689581138356345  1.66907846106621838 184.45917432858627194 -14.55940064928302569 64.08218621787715108  1.66907846106977509 183.79936450981657003 -15.92979883065554425 65.87453778781116398  1.66907846106735924 183.16266930285178205 -17.73439092358231761 67.13595031181142758  1.66907846106859026 182.61709645153442239 -19.77729454209321602 67.79441778833225385  1.66907846106815261 182.21337766347710385 -21.86293814799955726 67.84463736408558532  1.66907846106823654 
95.30175851872220960 0.26372950385414917 48.15453528807528727  1.03672962320961215 94.21354673434512961 -4.99666175613574737 48.27127548505998789  1.03672962320964901 93.84205984549787161 -10.47422340833834298 45.31721447257397983  1.03672962320944140 94.70374554973271586 -14.16262391372472251 39.26754672603614438  1.03672962321009265 96.96289818223041834 -13.95688027010831611 31.59804883334960834  1.03672962320867579 100.13447833464347525 -8.89192884378467774 25.20989320387047883  1.03672962321091600 103.01015536167392384 -0.41633327813609355 23.45307162295275560  1.03672962320828610 104.32797869368138777 7.37805229857391964 27.19853853660328014  1.03672962321061202 103.93185329760316904 11.49389558814387513 34.04504761228547238  1.03672962320905748 102.41158944534893749 11.31263709231643944 41.01632097405013155  1.03672962320982842 100.59741042009423495 7.95951556587501585 45.94927933928745745  1.03672962320956263 99.14494848210290456 3.23543404297292270 48.05711386026780474  1.03672962320961215 97.69251360565813513 -1.48866261818340107 50.16493098593911526  1.03672962320966966 96.60124864083400098 -7.58486887862474823 49.44829255948512525  1.03672962320939610 96.52778347762820488 -13.25530298822616260 45.11400366017778651  1.03672962321008222 97.94980855167906952 -16.03831474168306670 37.75193946181838101  1.03672962320889916 100.77234261876193955 -13.95292585834435428 29.73909723191614063  1.03672962321041129 104.05484546618178854 -7.02085983447895678 24.80317823675767386  1.03672962320892315 106.34034355500116931 1.40571459254047504 25.33887326385327654  1.03672962321007778 106.99326060927143089 7.70645341140441076 30.22212602145954463  1.03672962320936435 106.22973484666394484 10.18398908697493255 36.87205493040795545  1.03672962320971096 104.72059202708530279 9.02323844840768530 42.80871170375252888  1.03672962320958839 103.16262311733404999 5.54510313641955932 46.59617337511336643  1.03672962320961215 101.60467867966758604 2.06694378073356511 50.38362225755302148  1.03672962320959883 99.99734968832439108 -3.72936478075224098 52.02295729033244243  1.03672962320967210 99.03751914667476797 -10.52813153482466113 50.07335149172249089  1.03672962320944628 99.44352285018713644 -15.88574269392487182 44.14899153338053850  1.03672962320992590 101.52485724053795479 -17.10698951176845028 35.74076690469530604  1.03672962320919626 104.75209058730945344 -12.78330236232712203 28.38668815585526062  1.03672962321002227 107.69489168429396386 -5.01703546447419768 25.64047147799285042  1.03672962320929996 109.33501074193976876 2.49989256679785576 27.82651087286010139  1.03672962320979689 109.48210094535122039 7.24941076000309081 33.15214055691593131  1.03672962320953244 108.54529810976100634 8.44824012569642235 39.19815174971292748  1.03672962320963147 107.15661953684110586 6.73597988798350045 44.09807920947326920  1.03672962320961326 105.76791870369783055 5.02374971311058260 48.99801115458652845  1.03672962320951245 103.92685334491693538 0.40015934050141233 52.75318430694120764  1.03672962320999762 102.26429953710751874 -6.50134498911421854 53.49453833111894596  1.03672962320873507 101.63019984765358572 -13.62762058367142792 49.91924631559450631  1.03672962321100659 102.69084110627599671 -17.97892332948325134 42.40517722835050307  1.03672962320796236 105.40934176356142871 -16.93166072234706832 33.76197066520930434  1.03672962321109607 108.59877625815305180 -11.01735765563437752 28.16139497905988520  1.03672962320858875 111.01417413612942653 -3.43838788515558669 27.32684342066476191  1.03672962321014661 112.08696002481984522 2.85063859592541391 30.52686851579858285  1.03672962320941164 111.90277781988373818 6.21688115183038903 35.77121727043143551  1.03672962320965723 110.93235237451882824 6.52167074620439990 41.04710007320157672  1.03672962320961215 109.96194529632757053 6.82642892046814254 46.32298691119100909  1.03672962320963813 108.20493854848656667 4.07000165422224747 51.63177176647358380  1.03672962320950113 106.13047156571836638 -1.89325732955995463 54.96064686504135466  1.03672962320985285 104.59027997847181268 -9.71265302910629202 54.28821861795746884  1.03672962320928397 104.50642954330214707 -16.54132512650834741 48.82164817077444496  1.03672962320991902 106.33986179495686031 -18.93928513683341919 40.21467573000047224  1.03672962320940831 109.32801599431336115 -15.78707333686239522 32.62177625049955054  1.03672962320971096 112.18848754097456322 -9.30930835849372507 28.90317016196273059  1.03672962320957374 114.06130478994016642 -2.44787701351554610 29.49984810306832372  1.03672962320962458 114.69532726978340520 2.56380304953216687 33.15358949764807051  1.03672962320961060 114.32850528481189656 4.82965368394499528 38.01166739102325209  1.03672962320961215 113.96169955846242772 7.09547483073518848 42.86975966077433498  1.03672962320957263 112.59385708174993113 6.61624958431503885 48.93337812651312646  1.03672962320976558 110.46083979178933987 2.48959383839577519 54.35245705290140705  1.03672962320925399 108.28670466502636316 -4.84211778064240495 56.69468215784122833  1.03672962321021078 107.10860276979546768 -13.11804622068775039 54.11733421501445207  1.03672962320885631 107.81555043965570917 -18.60575815280569856 46.86633272376066373  1.03672962321034223 110.18502220993204332 -18.70508831310736753 38.44656889554534018  1.03672962320906659 113.09268704480328438 -14.32423348862028689 32.41941683226288262  1.03672962320992168 115.51802954326930717 -7.94458906238296159 30.33141757690841089  1.03672962320948847 116.91129623080220767 -2.05997329433798448 31.84771172506733805  1.03672962320964124 117.24152750501662013 1.81240374639421731 35.55785940021169722  1.03672962320961193 117.57174207760365903 5.68480506619825476 39.26798360256075426  1.03672962320956508 116.83892047492028610 7.54613572734152172 45.17279991255256277  1.03672962320981576 115.00962116984585748 5.87485493419874416 51.86644895911329911  1.03672962320911899 112.57023512800147103 0.13732869581566476 56.87631798083714330  1.03672962321043638 110.51464437630320958 -8.33530054814090882 57.58985150580275558  1.03672962320859674 110.02529316202596021 -16.08707273747345923 52.80836765475203265  1.03672962321056294 111.45273929451491313 -19.43217650909225824 44.85282873708298723  1.03672962320892892 114.00266450443274380 -17.82490411284133813 37.44432262354980168  1.03672962320998341 116.64879742739806545 -12.90772080541616340 32.99885603948144563  1.03672962320946760 118.62683812734223920 -7.05568622159315684 32.15638817474260236  1.03672962320964634 119.64140741973905335 -2.17582857924107742 34.16317668671089791  1.03672962320961215 120.65599274238878991 2.70401272380314239 36.16999378096009110  1.03672962320964634 120.70728580671897134 6.61305533891196617 41.02642410348676094  1.03672962320944606 119.49787135071321131 7.64190633090224480 47.98516412693031441  1.03672962321007600 117.20212174975426933 4.36264881662913773 54.90927438638797753  1.03672962320872175 114.61961944361608801 -3.02651885293092615 58.81466411844064623  1.03672962321084650 113.04604175770944607 -11.87161685209986928 57.23994023854996271  1.03672962320834605 113.35175888762881868 -17.96292536056551370 50.96936411446544923  1.03672962321058715 115.19328685105041643 -19.38337255644692547 43.31672585319515179  1.03672962320905171 117.69499892081742587 -16.68688443294968238 37.20010116037884274  1.03672962320983997 119.99423025424323441 -11.76785714996628407 34.13653239120363025  1.03672962320955797 121.57628459098994256 -6.63301462311496159 34.14392051463785549  1.03672962320961215 123.15835622754777035 -1.49817833836701020 34.15133906449665346  1.03672962320964746 124.02356523952950340 3.85386335388342438 37.22952420040482480  1.03672962320946271 123.65570828570858453 7.41671679036851472 43.40334287172731109  1.03672962321001072 121.89077061292742599 7.08532789349108327 51.19708879238861954  1.03672962320883100 119.21198154697039229 1.89509320374153312 57.70913447215274061  1.03672962321075124 116.83147488479140463 -6.70639050850359197 59.59044427159687984  1.03672962320837314 116.00639874693024467 -14.62604818951259311 55.96885637839717020  1.03672962321061957 116.89681652827056269 -18.86755641672365158 49.24661478945513693  1.03672962320901063 118.91082063789610856 -18.81182249190686662 42.39947010941625649  1.03672962320986062 121.21879609198541061 -15.58423981623018584 37.59065454655626581  1.03672962320955353 123.16507082424470809 -10.98570130507889608 35.60696694210896851  1.03672962320961215 125.11136555399443182 -6.38715961912138575 33.62330856502752852  1.03672962320958417 126.69635263867446895 -0.41647331916001207 34.46407110988582190  1.03672962320971451 127.26364655889595667 5.12841372344603386 38.92251094374444875  1.03672962320939077 126.33583643519743589 7.78578021964343847 46.40882315698203797  1.03672962320995343 124.00609346363903285 5.57510807844593970 54.54555544859012883  1.03672962320921824 121.21876097591461985 -1.48284609731571670 59.60596265755190615  1.03672962320995876 119.42601008144613672 -10.03469262531429607 59.19414664851981200  1.03672962320937789 119.26738541501097757 -16.46109638293361144 54.43516138298249984  1.03672962320972961 120.52465143253427016 -19.06415662959555135 47.90936115177576227  1.03672962320957218 122.52759068202935566 -18.02894484153619814 42.09684718224178113  1.03672962320962037 124.57937238597358487 -14.67635254136802914 38.43353242745853038  1.03672962320961215 126.63117732083216538 -11.32374904349277323 34.77024214890883513  1.03672962320965190 128.73222492556800489 -5.65295563789504119 33.25503201974039769  1.03672962320944362 130.18589483002361362 1.02024951902526517 35.32878638100770985  1.03672962321001005 130.27408282142798157 6.25224727813291636 41.37739955071032938  1.03672962320896200 128.68557966966633899 7.34815585149181771 49.90950527669971848  1.03672962321042617 125.95346006543549322 2.89865809692643595 57.38808487696042704  1.03672962320880702 123.50347263460079716 -4.99297194173856784 60.25816573948686994  1.03672962321023121 122.35758045082739898 -12.63547518615689036 58.19640845488164871  1.03672962320925532 122.70428476550561925 -17.51059226693873327 52.99489534057472895  1.03672962320975603 124.13484647940710204 -18.83490905368200430 47.07303533129160655  1.03672962320957796 126.01735925119523074 -17.24822114336748768 42.29725001119857097  1.03672962320961282 127.89989945053397946 -15.66151606378477368 37.52148182169501922  1.03672962320967321 130.23471948457691383 -11.16350015317990341 33.89042315286347673  1.03672962320938367 132.39106289705935637 -4.38745928348142389 33.27323596978213516  1.03672962321008688 133.51940991848900353 2.61306095796569515 36.97275305050526129  1.03672962320892803 132.95155047426570150 6.83920664775575204 44.61074141671698357  1.03672962321035023 130.72819613451508758 5.66592874944097602 53.37840326771049604  1.03672962320900153 128.03156338912580736 -0.37353320549923552 59.10289075671094849  1.03672962320999917 126.11038782096754574 -8.07825716099958235 60.06168113341326631  1.03672962320942696 125.53140888715186918 -14.49274614816399875 56.98580653338561319  1.03672962320967699 126.20933753023425083 -17.98456525519767624 51.86558634052990158  1.03672962320959816 127.67360562057338313 -18.41487822765013505 46.71385826959691911  1.03672962320961148 129.13784303336140624 -18.84520962097175811 41.56212244802981814  1.03672962320964568 131.38862008415830473 -16.21427218048239283 36.37747549855683360  1.03672962320946072 133.95685459396054284 -10.37659944859433736 33.17273089401173536  1.03672962321001716 135.99131921733990680 -2.68280992346068015 33.96943280911388996  1.03672962320887652 136.56792689096451454 4.02055228690315580 39.55986574865100636  1.03672962321057360 135.22965985234367281 6.29262917514311582 48.29135197253616241  1.03672962320867046 132.73429639616733766 3.01516243247107063 56.00810989054026834  1.03672962321030915 130.36805108167348521 -3.58829868322003076 59.85099790707857892  1.03672962320922535 128.98904121508024900 -10.57522117478763946 59.37843978937609535  1.03672962320976469 128.84876324911016354 -15.71246657756810805 55.84884595268925267  1.03672962320957796 129.70942955169039124 -18.10384393754510057 51.11491275127949052  1.03672962320961148 130.57006316685504999 -20.49523762993997167 46.38098190781414587  1.03672962320960194 132.43168207924043145 -20.14149886414648094 40.44148033760363603  1.03672962320967121 135.05845374267838110 -16.14044475141020740 35.14656866840199001  1.03672962320943829 137.72688588241109642 -8.93430083732757296 32.92856076577663771  1.03672962320994522 139.39770787103273619 -0.78375282217895403 35.62984761926873034  1.03672962320916073 139.18597442177755852 4.57817876373994004 43.00527188422539382  1.03672962321007711 137.30923825454974008 4.55213098364923852 51.54898911058216271  1.03672962320923800 134.89585251290313295 0.04570269328653431 57.70033687615292450  1.03672962320984330 132.96427440073938442 -6.45953525315650445 59.91252346399173945  1.03672962320950957 132.06478163351653166 -12.46964517446465237 58.52033188633743066  1.03672962320963880 132.22837803783005484 -16.46758963841952550 54.93435393466954508  1.03672962320961215 132.39200843868454172 -20.46552192930934666 51.34836524242518152  1.03672962320956752 133.61857464526627837 -22.45241503131180849 45.56771563134648062  1.03672962320981377 135.94167865442275911 -20.90661905961446365 38.99815176748982282  1.03672962320908368 138.87529276758834840 -15.29481485555648312 34.11261811089148921  1.03672962321056117 141.42368650820114340 -6.94738839259862395 33.52287340726775255  1.03672962320838402 142.40816379240629885 0.67842360409944114 38.42894879707154132  1.03672962321079609 141.47353636240131891 3.89831045663919618 46.50827340308367752  1.03672962320874529 139.41782097741946700 2.16533694681393918 54.04112166195184841  1.03672962321008799 137.26550310790588583 -2.87735063661244883 58.61066428935960460  1.03672962320942741 135.78120423477895429 -8.85493383390056543 59.57730730898558136  1.03672962320965478 135.26047986475813900 -13.86033043687374366 57.69464871307924625  1.03672962320961148 134.73972178981040315 -18.86573004659408070 55.81200668208796856  1.03672962320968032 135.18220804663309309 -22.90028677701691961 51.07967185766617035  1.03672962320932216 136.88536860296127884 -24.05469328361401438 44.24512412399556638  1.03672962321030937 139.67543294865672010 -20.90107082595878296 37.44521195056919538  1.03672962320847439 142.75062509564716606 -13.63719676509023948 33.66376294088516374  1.03672962321098150 144.81945938704780019 -4.91797810157657178 35.36293187995658371  1.03672962320833495 145.00642829839421211 1.04805205588958827 41.75741762523878720  1.03672962321055362 143.65922815128354273 2.34283793272291163 49.53430564567420191  1.03672962320907058 141.65124017842981630 -0.47917641209074624 55.77506710561365821  1.03672962320983864 139.84581061708186667 -5.52374200011291538 58.96277600321027279  1.03672962320955642 138.75756809367746314 -10.78412763902093197 59.07953528799944110  1.03672962320961215 137.66935630870798946 -16.04451889890374616 59.19627548536894324  1.03672962320952178 137.29786942143599049 -21.52208055149539234 56.24221447176381616  1.03672962320996276 138.15955512271310113 -25.21048105592827682 50.19254672750363966  1.03672962320881701 140.41870775921807990 -25.00473741390751314 42.52304883149905379  1.03672962321090312 143.59028790780493523 -19.93978598575614214 36.13489320544319128  1.03672962320800655 146.46596493715011889 -11.46419042146299994 34.37807162217044521  1.03672962321115270 147.78378826870277862 -3.66980484428096609 38.12353853665492665  1.03672962320847506 147.38766287197552174 0.44603844550419325 44.97004761252922833  1.03672962321024453 145.86739902049464490 0.26477994927414272 51.94132097385300995  1.03672962320936191 144.05321999480037221 -3.08834157690329913 56.87427933936361057  1.03672962320967121 142.60075805695629469 -7.81242309989895922 58.98211386025414527  1.03672962320961215 141.14832318038534709 -12.53651976098396581 61.08993098600410576  1.03672962320960038 140.05705821590152027 -18.63272602162988534 60.37329255931508953  1.03672962320965767 139.98359305207350189 -24.30316013080941318 56.03900366048461734  1.03672962320950446 141.40561812692857302 -27.08617188487759719 48.67693946142473749  1.03672962320979067 144.22815219331593539 -25.00078300096807382 40.66409723227366158  1.03672962320938611 147.51065504100870385 -18.06871697731489235 35.72817823655043412  1.03672962320985462 149.79615313008096678 -9.64214255058822545 36.26387326388343979  1.03672962320939832 150.44907018374260588 -3.34140373108258082 41.14712602154995125  1.03672962320975337 149.68554442181184072 -0.86386805620021789 47.79705493028147600  1.03672962320954865 148.17640160170162744 -2.02461869424665331 53.73371170385261308  1.03672962320962814 146.61843269227139785 -5.50275400653745272 57.52117337505725203  1.03672962320961215 145.06048760969642331 -8.98091247914314117 61.30862240160030296  1.03672962320968387 143.45316212756290497 -14.77722584656505056 62.94795665072767576  1.03672962320931283 142.49332097503094019 -21.57597806796270845 60.99835322104403446  1.03672962321031936 142.89934794043821853 -26.93362108746165617 55.07398807027425391  1.03672962320845752 144.98064218272676840 -28.15481291640462658 46.66577240226803269  1.03672962321099638 148.20793214749599542 -23.83120331389084967 39.31168101757502598  1.03672962320836004 151.15066677604582424 -16.06484537799549628 36.56547917372039080  1.03672962321047057 152.79085134265469037 -8.54800707000140747 38.75150394850031432  1.03672962320917028 152.93788728682608280 -3.79841456192561910 44.07714574229709825  1.03672962320977602 152.00112200088111081 -2.59963662504522031 50.12314855443962358  1.03672962320957573 150.61242202386236499 -4.31186754726699206 55.02308079141816677  1.03672962320961215 149.22374259495973092 -6.02412703783338888 59.92300795927346968  1.03672962320967521 147.38263968586085184 -10.64766598077998339 63.67818949257160455  1.03672962320934414 145.72014013886894190 -17.54924462692575560 64.41953140609899719  1.03672962321024276 145.08597493822574620 -24.67543049657102827 60.84425401229024288  1.03672962320862161 146.14668266696668297 -29.02682428029250872 53.33017008933754965  1.03672962321074391 148.86512670641056388 -27.97948412923399530 44.68697616275799334  1.03672962320861783 152.05460134696471641 -22.06523604647470904 39.08639151668378275  1.03672962321030271 154.46997596584782286 -14.48623442022759100 38.25184514907891753  1.03672962320923512 155.54277246329010609 -8.19722246906689733 41.45186787682819585  1.03672962320976292 155.35858675014941355 -4.83097510817086917 46.69621741419456384  1.03672962320957707 154.38816194945584925 -4.52618639683112090 51.97210007322227909  1.03672962320961215 153.41775537045830902 -4.22142910417894512 57.24798734224793861  1.03672962320961703 151.66074590364627284 -6.97785156871602297 62.55676985088324926  1.03672962320958151 149.58628714560074968 -12.94112507729951211 65.88565204656258345  1.03672962320971784 148.04607752250728936 -20.76048892538416268 65.21320823807903366  1.03672962320937323 147.96225822234012526 -27.58921600829120280 59.74666465266233928  1.03672962320999185 149.79564655987394417 -29.98709846363660958 51.13965432576571146  1.03672962320917228 152.78385231800430688 -26.83497772039106266 43.54679932789458263  1.03672962320998652 155.64427304865353108 -20.35712299683532223 39.82814939767762041  1.03672962320938189 157.51713238661426431 -13.49576598424845564 40.42486365202504572  1.03672962320970896 158.15112574008153956 -8.48403448201931099 44.07857991671119890  1.03672962320958972 157.78432035714592985 -6.21821316782986955 48.93667213426287788  1.03672962320961104 157.41749755172986625 -3.95236198208144796 53.79474939547122148  1.03672962320958817 156.04968679871504378 -4.43164258114494380 59.85839671703528353  1.03672962320971318 153.91661956317858539 -8.55821215630029819 65.27742806054455116  1.03672962320937501 151.74255248167921195 -15.89003948354311291 67.61972171946297294  1.03672962320999695 150.56436928350726134 -24.16583204165660703 65.04228663478619410  1.03672962320915008 151.27140282188969422 -29.65368475897608747 57.79138319948776115  1.03672962321004025 153.64079419767926993 -29.75288569094563584 49.37152186513463192  1.03672962320930395 156.54852561896069574 -25.37213589355769727 43.34445498984869971  1.03672962320977957 158.97381968008900799 -18.99241633385855721 41.25639096838055764  1.03672962320954842 160.36711691423161597 -13.10784730914422980 42.77272737119655943  1.03672962320962703 160.69733182768919733 -9.23544548056680981 46.48285186769840038  1.03672962320961215 161.02756226133971040 -5.36306806611605325 50.19299881763934934  1.03672962320960593 160.29471283233365853 -3.50169546588826108 56.09777521950330481  1.03672962320963746 158.46545373747989061 -5.17303686273967944 62.79148193548395795  1.03672962320956064 156.02601914801104499 -10.91048993172537607 67.80128132979471900  1.03672962320967788 153.97047765372718686 -19.38319341452720579 68.51488550024305368  1.03672962320956175 153.48108448499013434 -27.13490237196115018 63.73334147822409079  1.03672962320962103 154.90856036371576465 -30.48005097587586221 55.77784522166071213  1.03672962320964324 157.45846834168932560 -28.87275260800320709 48.36931439532940402  1.03672962320957107 160.10460912320064608 -23.95558114518150461 43.92385908105883630  1.03672962320963657 162.08264722495854926 -18.10354264508423938 43.08138749041551563  1.03672962320960571 163.09721699454334498 -13.22368572208005766 45.08817668667636269  1.03672962320961215 164.11180286660606953 -8.34384460698518993 47.09499471802432424  1.03672962320960993 164.16309294045964862 -4.43480096908454779 51.95141993976937300  1.03672962320961348 162.95368752787771882 -3.40595306973280554 58.91017538845802903  1.03672962320963302 160.65791809974317061 -6.68520380406744685 65.83425182901149242  1.03672962320953355 158.07545001570156273 -14.07438317540069939 69.73969993281700397  1.03672962320976358 156.50182406670680280 -22.91946467214986427 68.16489373243103955  1.03672962320942363 156.80759785795333983 -29.01079255425295500 61.89441425276611142  1.03672962320977136 158.64906997747283413 -30.43122065623568773 54.24168074172985143  1.03672962320952378 161.15082830106331357 -27.73474834748071061 48.12513494124901570  1.03672962320964168 163.45002762517395922 -22.81571012023029965 45.06151157579039790  1.03672962320960815 165.03210020776444367 -17.68087383173043747 45.06893081999134409  1.03672962320961104 166.61415359899947930 -12.54603130876543382 45.07631825004603598  1.03672962320961637 167.47939461790085147 -7.19400056051873893 48.15455797787836900  1.03672962320959283 167.11149141585480038 -3.63113130895666725 54.32829776677856870  1.03672962320968187 165.34660957861262887 -3.96253930189853687 62.12213892309486596  1.03672962320943607 162.66776385931743221 -9.15275461349197705 68.63408797059520339  1.03672962320992834 160.28730545634704185 -17.75425483383179781 70.51548008677561086  1.03672962320921025 159.46219509529109359 -25.67390080840827693 66.89383381674301177  1.03672962320997830 160.35263270728660245 -29.91541581792956705 60.17162605494790739  1.03672962320937123 162.36662777077157216 -29.85967879996120544 53.32446594397661954  1.03672962320972073 164.67460621619898120 -26.63209714691113206 48.51565548367310754  1.03672962320958506 166.62088039931495587 -22.03355844791236251 46.53196694246997822  1.03672962320961215 168.56717585971381368 -17.43501641809421443 44.54830931262678462  1.03672962320960838 170.15215896388789929 -11.46433199022123084 45.38906778508530238  1.03672962320962148 170.71946492541522389 -5.91943928565012278 49.84751993995088526  1.03672962320960749 169.79162839617575287 -3.26208520455101691 57.33380513197663930  1.03672962320958550 167.46193100854799241 -5.47273591398588266 65.47058407297805616  1.03672962320969253 164.67453422654128303 -12.53072031887648663 70.53092548269698625  1.03672962320948825 162.88185881994397164 -21.08253135376095955 70.11918672956997511  1.03672962320973872 162.72315975197383864 -27.50897009479579580 65.36012531988453134  1.03672962320952355 163.98048739434568688 -30.11200136497098612 58.83438815648316478  1.03672962320965301 165.98338399783654040 -29.07680962962728088 53.02183054269710993  1.03672962320960260 168.03519001017139090 -25.72420589929380697 49.35854066520118266  1.03672962320961104 170.08697146877281625 -22.37161332436481231 45.69522602447592874  1.03672962320973783 172.18805718983404063 -16.70080262698256846 44.18005673549850343  1.03672962320908635 173.64167916756468912 -10.02761809745937072 46.25375650862991961  1.03672962321088313 173.72991152849414220 -4.79560365951477330 52.30242723219699741  1.03672962320745254 172.14138472416021841 -3.69969898518579132 60.83448778731853679  1.03672962321236595 169.40925631170210863 -8.14921106835890718 68.31308794049304822  1.03672962320691475 166.95930912031644766 -16.04081022575910964 71.18317527094176000  1.03672962321164586 165.81335875595087259 -23.68335261545004045 69.12139265736577443  1.03672962320845508 166.16012109043498413 -28.55843265081097115 63.91991058251982594  1.03672962321007911 167.59063829936465595 -29.88277712121071872 57.99802463788000750  1.03672962320950290 169.47317797834335806 -28.29607270731784396 53.22225567599540597  1.03672962320961104 171.35567384163272209 -26.70939474126776858 48.44646617943609357  1.03672962320961637 173.69063325948008014 -22.21129338880520265 44.81546038691708134  1.03672962320959283 175.84663171202350895 -15.43546424160397734 44.19816068585849678  1.03672962320968187 176.97566604500903509 -8.43452186574182683 47.89788174410563926  1.03672962320943607 176.40668042700008300 -4.20906813105669730 55.53555527620450505  1.03672962320992834 174.18486641936900128 -5.38139936767520766 64.30363147459129891  1.03672962320921025 171.48645927546851908 -11.42195200976492941 70.02765354845460877  1.03672962320997830 169.56701145761786620 -19.12561384325024250 70.98688959325592407  1.03672962320937123 168.98661266157347427 -25.54097573850674507 67.91065278007685890  1.03672962320972073 169.66551894353338525 -29.03219378338644674 62.79068018559824083  1.03672962320958506 171.12923151802945654 -29.46284830164463742 57.63881206388364120  1.03672962320961215 171.86208313109500523 -29.67769854733707291 55.06255185151452736  1.03672962320968032 172.78989988043736048 -29.12671729301613865 52.48048850746533134  1.03672962320932949 173.85655453486282340 -27.79580341539961097 50.13800418227785372  1.03672962321025142 174.97965972707237370 -25.75255710829480904 48.29170454696754433  1.03672962320863182 176.06065354767250142 -23.16992239643113294 47.15716556718751207  1.03672962321071460 177.00207688132832118 -20.29858347361436444 46.86937368327740217  1.03672962320866890 177.72318471134178708 -17.42652463175099342 47.45926781485074741  1.03672962321022255 178.17123328138831084 -14.83730581855589747 48.84959329403432093  1.03672962320932860 178.32836323846620985 -12.76783585437867075 50.87108593933570688  1.03672962320968942 178.21295569623211463 -11.37174305242836780 53.29581901003855648  1.03672962320961615 177.52639139471750696 -10.05995379375880283 58.46091445263226660  1.03672962320957662 176.95524745154287416 -10.14430148495056372 61.20122171071191985  1.03672962320983575 176.20144286406505785 -11.03445314810793221 63.85319530967440471  1.03672962320904505 175.33693876339117423 -12.70890407196152339 66.15247311713578426  1.03672962321053941 174.45505515422442500 -15.04447983071340289 67.85237392821670710  1.03672962320850903 173.65664968357347675 -17.82693045298637102 68.76826606284240029  1.03672962321062090 173.03366443740594605 -20.78173717622147265 68.81201689672764132  1.03672962320889184 172.65455863106575407 -23.61773534588348511 68.00584644349058294  1.03672962321000917 172.55487477379199390 -26.07374551492001657 66.47256902350147811  1.03672962320945228 172.73491560450113980 -27.95599329278046241 64.40686797176820733  1.03672962320964901 173.59556201572854661 -30.34738068693073387 59.67295053891581347  1.03672962320957796 174.27618029582279746 -30.85656257504048838 57.00463558231278682  1.03672962320974893 175.17730858704828734 -30.56737136170429281 54.26655425966527702  1.03672962320925066 176.23961196356520986 -29.44964666543590326 51.72515012310279303  1.03672962321030293 177.37748759956417643 -27.57449020737011125 49.64909241151646313  1.03672962320864182 178.49086063325950136 -25.11299415176836902 48.26351739694329979  1.03672962321062512 179.48095001561753747 -22.31379286897464098 47.70988800267748076  1.03672962320881412 180.26596698418114784 -19.46366130691262697 48.02341654054690423  1.03672962321008333 180.79321535663251552 -16.83995007098089047 49.13319132871738049  1.03672962320941853 181.04456939641400481 -14.66821422532084895 50.88334386495559158  1.03672962320965301 181.02105371751952134 -11.53770525754207732 55.25023442299098519  1.03672962320958595 180.74620973334222640 -10.57897721119835666 57.86686427338432992  1.03672962320969564 180.22147462996480272 -10.37967326673716073 60.70938110377906582  1.03672962320940720 179.49103893688072731 -11.02326398356928294 63.51813433773985196  1.03672962320998407 178.63015820179049342 -12.49052970781282923 66.01251490481678275  1.03672962320912876 177.73386537612350367 -14.65967145037286024 67.93735370472445823  1.03672962321006423 176.90344032033283383 -17.32006520963927443 69.10375167125580731  1.03672962320930040 176.23169944404412490 -20.20036947322790866 69.41779762914742946  1.03672962320977202 175.78703697218190882 -23.01470501786401712 68.89498814849044095  1.03672962320955286 175.60193750984637973 -25.51620462036850157 67.65285105864111870  1.03672962320962569 175.68438747039272130 -27.51537789539553813 65.85929118588931885  1.03672962320961215 175.76566121190893455 -29.51495157282512594 64.06609509126539592  1.03672962320956819 176.11492827089671209 -31.00830819828900431 61.72478955633268782  1.03672962320977091 176.72865796130454896 -31.81567458062411191 59.01171822915098630  1.03672962320927864 177.59210057458670917 -31.79617397175361759 56.16360929053653450  1.03672962321010265 178.62927385664534086 -30.91676620217758398 53.46901634569385919  1.03672962320905460 179.76606256585415622 -29.24375824115111300 51.20246239046136338  1.03672962321011730 180.89059023914828117 -26.95077912732704206 49.59498496032449566  1.03672962320925355 181.91357256332980796 -24.27798548371457699 48.78699033786317329  1.03672962320980266 182.74889767194699175 -21.50436318952260706 48.82115169589557269  1.03672962320954487 183.34775691954158106 -18.89254282805386964 49.63471657470758203  1.03672962320962148 184.02846628848567434 -14.42937808100447050 52.54797515504765215  1.03672962320961171 184.11053906457681251 -12.57802596335697842 54.64758630411158435  1.03672962320958884 183.91353587333421160 -11.32472789827059856 57.25220548423859412  1.03672962320966722 183.44737327591298026 -10.84228511792530547 60.14834825643740857  1.03672962320954043 182.75669034346731223 -11.22353871845679585 63.06383918304604919  1.03672962320969542 181.91761565356034680 -12.45673287898141801 65.70833046149309098  1.03672962320950157 181.02601531426779502 -14.42188621730627140 67.82121309244028851  1.03672962320974338 180.18293208423449414 -16.90973604846760381 69.21270614046919434  1.03672962320949757 179.47793466004642937 -19.65980484790370753 69.78976103556416888  1.03672962320968343 178.97666105555643412 -22.40548478815785671 69.56095546827418730  1.03672962320957973 178.45591860434169007 -27.41087430215126375 67.67831767828839418  1.03672962320966500 178.43643805592398621 -29.67068025714618074 66.02444058498238633  1.03672962320933992 178.69471183030418615 -31.44931546951757895 63.75232614219967076  1.03672962321027251 179.23893262163761619 -32.53811368379722069 61.04033872010943895  1.03672962320854811 180.04214872346705079 -32.79413713363557292 58.14029017700402591  1.03672962321086137 181.04307588838395304 -32.17171303561335094 55.34223434828697918  1.03672962320850015 182.15418780307589941 -30.73592793618077579 52.92846976295881944  1.03672962321037154 183.27560219396497132 -28.65242365331165075 51.12868013498604824  1.03672962320921513 184.31162299990089082 -26.15571027080761723 50.08631061769744264  1.03672962320976891 185.18530138925757456 -23.50602858504387882 49.84439635849391692  1.03672962320956819 186.50421574487089060 -18.39927832655861195 50.87003723436646396  1.03672962320967299 186.94944670043707902 -15.94231860122584976 52.13754217402273383  1.03672962320932216 187.12908485386898860 -13.83011915590692631 54.11271673759294742  1.03672962321035356 187.01648790137960532 -12.30199101464290479 56.66006562242780120  1.03672962320828432 186.62054072669477023 -11.54376650756827694 59.55562087445289876  1.03672962321137341 185.98561482216564400 -11.65512156995245974 62.52176150484628891  1.03672962320785134 185.18666976104282185 -12.62986617144049717 65.26754822794251254  1.03672962321095086 184.31891826958997171 -14.35421296250521195 67.53021232268389440  1.03672962320884676 183.48109832313588186 -16.62711970953213125 69.11876250136141664  1.03672962320992390 182.75720858751122933 -19.20116117836888137 69.94638608627268184  1.03672962320953754 182.21356315546350402 -21.83202230412128841 70.00442209609779809  1.03672962320961215 
92.67949852901388397 0.77559264420966301 48.45737175424972065  1.03834669984750638 91.48759208825653388 -4.96986838351863902 48.49609999685664974  1.03834669984754946 91.09095758467674386 -10.90406382118264084 45.18018190970314407  1.03834669984731542 92.04654469651813997 -14.83174846164183336 38.51507219737663945  1.03834669984802419 94.51923396720766846 -14.47986943875787880 30.14439826383867782  1.03834669984653249 97.96655118152800412 -8.83063224900469201 23.24916495668309580  1.03834669984881689 101.05837545578590664 0.46518820592531718 21.46359981574869380  1.03834669984622696 102.43213682140640231 8.93652367526719615 25.66985620858259409  1.03834669984841965 101.93445071297276172 13.33106982480873626 33.20276797306432570  1.03834669984703498 100.22563504788433875 13.02959384377624374 40.80235209202871260  1.03834669984767403 98.21514416468014019 9.29189302666586769 46.12725134684236394  1.03834669984747130 96.61578300142420517 4.10093588010356314 48.34726863722563905  1.03834669984750638 95.01645745907120499 -1.09002420003285216 50.56730343822152207  1.03834669984755990 93.82743978335830093 -7.73621910292571613 49.68320080754595836  1.03834669984731076 93.76267055510689374 -13.85800009798751198 44.85793985745150536  1.03834669984790628 95.33098829834382570 -16.77801085059865827 36.77585412163105616  1.03834669984696082 98.41472854630012534 -14.36050888098212752 28.05872446423432720  1.03834669984801931 101.96862456777135719 -6.70059937828734498 22.78089274683983945  1.03834669984717820 104.40932060553132033 2.51237546620854069 23.49323755335090880  1.03834669984763184 105.05654797178794979 9.32714067501119004 28.91952162831734441  1.03834669984749550 104.16549041502240414 11.93709911122613221 36.21052642311701675  1.03834669984749084 102.47604503315034208 10.58006108984013238 42.66585408120032952  1.03834669984751304 100.75034080555778360 6.72432115016318477 46.73865206712946474  1.03834669984750638 99.02467476397465873 2.86858092476943050 50.81146505697652316  1.03834669984749728 97.26186302219569768 -3.48734437397574570 52.50322003130008852  1.03834669984755057 96.22420934219550759 -10.88079242753789799 50.26186645567202760  1.03834669984737471 96.68698466079104037 -16.63771706654560489 43.70824230441677827  1.03834669984776196 98.97522286340921482 -17.82951721605515516 34.50576225212886072  1.03834669984717842 102.48778365253147626 -12.98127024439430421 26.54862552521451846  1.03834669984781036 105.66142791559182967 -4.43876847874231206 23.66806472250249271  1.03834669984728900 107.39255951637719022 3.74915458123157030 26.17104827797554734  1.03834669984763051 107.49259533058219063 8.86365437746623286 32.05296081346000392  1.03834669984745309 106.41891657205455601 10.08431753606296155 38.66538159276889530  1.03834669984751904 104.86722061399207462 8.14124127529164454 43.98037509432352010  1.03834669984750749 103.31548408042939968 6.19816320568769541 49.29535693647136441  1.03834669984739847 101.28490985908928224 1.09058870645740669 53.31488582146067756  1.03834669984792782 99.46980091758193510 -6.45850273258078023 54.00807711065027661  1.03834669984653805 98.79441431255463613 -14.18546251620501586 49.99016314505223590  1.03834669984907624 99.97600046526363826 -18.81465972345669257 41.71267329120200884  1.03834669984559369 102.95051309021530983 -17.52576278890062866 32.29720816748351808  1.03834669984929784 106.41111194240099280 -10.96378778922020381 26.27161377233186457  1.03834669984620631 109.00051028777620843 -2.65880549515389486 25.47978088332132884  1.03834669984822425 110.11378569620580947 4.17203831907835898 29.06652246705297316  1.03834669984722239 109.85705315596987930 7.77501647115634853 34.83884345658727000  1.03834669984757255 108.75311219723660372 8.03086071300219828 40.59630172897157507  1.03834669984750638 107.64921160262144895 8.28670564302671409 46.35376732682446743  1.03834669984752948 105.69745560538024165 5.19550556426109011 52.09854215125103138  1.03834669984740757 103.41902125712559268 -1.36949847247991841 55.63025558189684006  1.03834669984771377 101.74566259029546700 -9.89971084189966888 54.76912789847682461  1.03834669984725236 101.67848348274847581 -17.27106807628885576 48.68630793989756000  1.03834669984768313 103.69955420444321703 -19.74735054107460996 39.25533787084759751  1.03834669984748196 106.95798682749034469 -16.17441932017968043 31.01154523097445193  1.03834669984741312 110.04888561939881697 -9.02631379224682107 27.05485229335628006  1.03834669984762074 112.04363045207789185 -1.52860929944895396 27.80986084484854715  1.03834669984743799 112.68043577530761468 3.89860431589987577 31.87272491074055480  1.03834669984752637 112.22994552067804364 6.30486418853503494 37.20558914616705692  1.03834669984750638 111.77949614045030557 8.71112280414030238 42.53845671003972484  1.03834669984744377 110.24133638008035518 8.09735377599360362 49.14335479136573070  1.03834669984775663 107.88395974741091266 3.50633695255330657 54.98534118900481360  1.03834669984691730 105.50509306516673291 -4.53803965488070826 57.42159448399192456  1.03834669984849359 104.23680277830247576 -13.53887322199141074 54.46888460605452309  1.03834669984625760 105.03448389537325625 -19.41292527089650122 46.46770817664376807  1.03834669984872385 107.63220131890693665 -19.38252427700280123 37.27015824076154615  1.03834669984657912 110.79160300430280017 -14.48908658123984239 30.76045196115532576  1.03834669984804950 113.40179931220814069 -7.47554400393872420 28.57822691458485309  1.03834669984727879 114.87271702335551993 -1.05988755917789490 30.32255104040920912  1.03834669984756212 115.18188926283431783 3.12089621391143446 34.42839092915301080  1.03834669984750616 115.49101943926652325 7.30168401599719274 38.53423098015517212  1.03834669984746442 114.63828917369207261 9.24922477323669767 45.00316423744724403  1.03834669984768868 112.59831044080819140 7.32159290840385069 52.27548424816502148  1.03834669984706252 109.91393762102862297 0.97814698445157156 57.64768338719827057  1.03834669984824890 107.67482611159420003 -8.29136746218034659 58.28402643270329975  1.03834669984659822 107.16573113205858192 -16.67854486267413350 52.94024109792036370  1.03834669984834860 108.74440862271065100 -20.20479607098727826 44.19859491900333381  1.03834669984690620 111.52924404862440610 -18.32060606950808790 36.13638469306586387  1.03834669984783168 114.39488156786602246 -12.86850654282499740 31.35859682776677460  1.03834669984737893 116.51370431960901897 -6.45070266693728556 30.52827380164437798  1.03834669984753680 117.57298282034294346 -1.14143010334370665 32.79146216721390772  1.03834669984750638 118.63230154422613793 4.16783441961862344 35.05464959384116241  1.03834669984752903 118.63226061177471138 8.37064981638683037 40.41222833080652066  1.03834669984738936 117.25805132052059321 9.39028918206438235 48.01718889752769570  1.03834669984785166 114.71420266364472695 5.70396583256907164 55.51692538392426002  1.03834669984682049 111.88293766322347267 -2.43258775877924371 59.65486609169644083  1.03834669984846784 110.18200990514702653 -12.06558417947399242 57.79150276762212712  1.03834669984653027 110.53904138233514232 -18.62119945763952344 50.84601685213828404  1.03834669984823758 112.56278357381314947 -20.04265807971169977 42.46816450721345149  1.03834669984710137 115.28531575905668660 -16.99160244839462663 35.83163713538704798  1.03834669984766537 117.76697553441860578 -11.55825114950165755 32.56252540812632645  1.03834669984746930 119.45272693763951111 -5.93833907831394114 32.64796261627411411  1.03834669984750638 121.13851631283858978 -0.31843889405271497 32.73339892432740328  1.03834669984751127 122.02882096621360120 5.49024979666865320 36.17342806605920202  1.03834669984748884 121.56708035937673174 9.29238285542502851 42.96269317178229130  1.03834669984757055 119.58879280339083095 8.81481109813572061 51.45766207751420751  1.03834669984733097 116.63375446128929980 3.04042086905798392 58.47665666793959360  1.03834669984781236 114.03779846921858621 -6.38146516812607079 60.38688548452748961  1.03834669984715422 113.15621756514761387 -14.97792865841531196 56.30436563184746035  1.03834669984779104 114.14846036578623512 -19.49820694163829415 48.89578780451030582  1.03834669984734274 116.35096605345270859 -19.32224276010074249 41.42031973648911247  1.03834669984757078 118.85524685938851519 -15.71007913983935822 36.21956164857783733  1.03834669984749217 120.94841866165637612 -10.64466445691426522 34.12369073330258118  1.03834669984750638 123.04162714064966622 -5.57926522105102141 32.02782048293196482  1.03834669984747263 124.72431495985271965 0.94142293731829696 33.03603416829255224  1.03834669984763939 125.28293070545771570 6.93765234575536383 37.98545051162045638  1.03834669984719397 124.20901466004983149 9.73197037084222316 46.19183121970314687  1.03834669984804284 121.61755329973533435 7.18931535563871194 55.03272216060716460  1.03834669984680228 118.55952555283766969 -0.59665972654657295 60.43521755308268695  1.03834669984821959 116.61100997534386181 -9.93476259071751855 59.84660928737413599  1.03834669984694927 116.45833930686767133 -16.87525993636898392 54.54465914914132441  1.03834669984783545 117.84308688158779432 -19.61073016951532111 47.37777040538617968  1.03834669984736938 120.02632218802081354 -18.37922934605127523 41.04658391425803643  1.03834669984753947 122.24583705459045291 -14.64903186991812589 37.09793230338588188  1.03834669984750638 124.46538721832257579 -10.91885244716628378 33.14928420480482885  1.03834669984754235 126.72186264729074878 -4.68843411848577141 31.58163843099418244  1.03834669984735073 128.25338237300587707 2.57946302934040439 33.94715300709054873  1.03834669984788164 128.28496593174105556 8.21069344978851134 40.62505983696389933  1.03834669984688488 126.48908053297670051 9.27734312481011969 49.95132239198060375  1.03834669984828265 123.47228376812415718 4.30302695027662452 58.03309286851600035  1.03834669984675942 120.79094236091151515 -4.36459858310690052 61.03742534502756456  1.03834669984805705 119.55424682637281819 -12.67825796969419727 58.65874109997749741  1.03834669984720307 119.94800094521718847 -17.91826609260048997 52.90097329551257133  1.03834669984762518 121.51540048439116504 -19.26446885095223394 46.41267383562419013  1.03834669984747840 123.56094649396268892 -17.44693368441868131 41.22183802248962792  1.03834669984750705 125.60652757172445604 -15.62941842845693685 36.03100976759441210  1.03834669984758277 128.13083552473432292 -10.64734500431268494 32.13560987980328321  1.03834669984721772 130.43970787294972524 -3.22381850519656155 31.56655106482087092  1.03834669984812322 131.60957996012658100 4.37747441090102996 35.70878199828128174  1.03834669984658712 130.92021390360636701 8.88147691435377951 44.11001980397635691  1.03834669984853845 128.44158409852778391 7.46657078060164281 53.65014778122554873  1.03834669984661931 125.47319710816131533 0.77940325050671078 59.79949359610694870  1.03834669984808192 123.37829448123436293 -7.65124864199860077 60.71563713753580060  1.03834669984723238 122.75877553688636112 -14.60765549804932384 57.25303546594899018  1.03834669984759764 123.50924496075003844 -18.33613563055053675 51.60483710445012662  1.03834669984748840 125.10702928717188342 -18.71754232338087931 45.97153649078164506  1.03834669984750572 126.70477990872464602 -19.09892869409137006 40.33822428698963591  1.03834669984753303 129.15026007334103042 -16.13326739822013778 34.71757836459472912  1.03834669984738870 131.92247152154757828 -9.69377331780974671 31.30999855697973544  1.03834669984781436 134.09029937960264078 -1.28929513466268197 32.29543991367523859  1.03834669984697214 134.64971472901228822 5.95693718112845616 38.50201418659634811  1.03834669984815275 133.12451359555316799 8.30714899757974834 48.05763759809687485  1.03834669984694283 130.35830160486662521 4.60907117489661999 56.42519320528867866  1.03834669984785699 127.76189407681914645 -2.66473297797610797 60.50618517780420547  1.03834669984735806 126.26090717475584313 -10.28798509112152182 59.87532628669600854  1.03834669984754413 126.11783870436946131 -15.84070754125042058 55.93657804683420665  1.03834669984750283 127.06217199652211036 -18.37252730742276086 50.72787536719319235  1.03834669984750572 128.00647212180169277 -20.90432885945353547 45.51915682894257742  1.03834669984746886 130.03835396804126390 -20.41609753928237936 39.03839701750598579  1.03834669984768180 132.88951262366254014 -15.95058861603077283 33.32052673547082833  1.03834669984704009 135.76283893918287049 -8.03195548645563306 31.00861574215901939  1.03834669984836370 137.52338088923428927 0.84377336968998051 34.08503902698437571  1.03834669984634576 137.22154846803749706 6.59172295012162479 42.21091971450737645  1.03834669984870609 135.11607559767551834 6.43621506662641707 51.53217764665068046  1.03834669984655070 132.45114197700621617 1.41703814759548052 58.16623416298307347  1.03834669984808214 130.33472261434894790 -5.72201764905316779 60.47256804062195812  1.03834669984726058 129.35752868642109092 -12.26320707847994562 58.85238729669983115  1.03834669984756678 129.54220690268584804 -16.56953685794302444 54.87069350367642073  1.03834669984750638 129.72691986671947006 -20.87588174253737350 50.88901841912722546  1.03834669984745442 131.07338630264101198 -22.94893464834538577 44.54419325869008617  1.03834669984774242 133.60712497353637218 -21.14684934742437150 37.39603810794173455  1.03834669984688022 136.78598735997334757 -14.92909695715897556 32.14811271439169360  1.03834669984865169 139.51731498411950838 -5.78474306451255238 31.63556800247272349  1.03834669984598582 140.52229595478556234 2.47638643621389498 37.10396443174535364  1.03834669984902117 139.43582833563232271 5.87748384085708153 45.96940911515392258  1.03834669984634953 137.14548951604396620 3.86759022851667567 54.15589206382913545  1.03834669984817829 134.77360829572091916 -1.71004637435043350 59.05784675783168325  1.03834669984722572 133.14852228919443178 -8.25336922287684693 60.01227577771162203  1.03834669984757566 132.58308732443313716 -13.68819489698704928 57.87325384806882766  1.03834669984750572 132.01761741083961965 -19.12300949408852802 55.73421090592490401  1.03834669984756878 132.51138835618610301 -23.45135053029565242 50.50077842607946366  1.03834669984724526 134.37935765257367393 -24.59651417847761934 43.01992238510312205  1.03834669984812122 137.41771245625756137 -21.03591652233078690 35.64454228477217157  1.03834669984654626 140.74115036777683940 -13.02448252843251808 31.63030054775778055  1.03834669984857997 142.93803666703666977 -3.51758017648123200 33.61838062406803829  1.03834669984660422 143.07312164711777314 2.91292728118373745 40.68756544446709711  1.03834669984808947 141.54397323221238025 4.20864206527836338 49.18977353111526440  1.03834669984721750 139.31511415471405257 1.03207997302102150 55.95040700872968387  1.03834669984760986 137.32724989447632424 -4.52681028776254024 59.34366319131714107  1.03834669984748373 136.13530810398529525 -10.27226449867587021 59.38237175433133785  1.03834669984750638 134.94340166254372093 -16.01772552629450885 59.42109999655547625  1.03834669984741645 134.54676716084227905 -21.95192096416310079 56.10518191042871905  1.03834669984785721 135.50235426903560665 -25.87960560442628122 49.44007219614909587  1.03834669984671213 137.97504354484598821 -25.52772658150895069 41.06939826530501136  1.03834669984878580 141.42236075406751183 -19.87848939217669653 34.17416495551319855  1.03834669984593941 144.51418503163029072 -10.58266893652834284 32.38859981623751594  1.03834669984898298 145.88794639635125350 -2.11133346792654031 36.59485620868735367  1.03834669984643546 145.39026028726968320 2.28321268214947892 44.12776797275658680  1.03834669984809502 143.68144462311116172 1.98173670083615683 51.72735209224835984  1.03834669984727301 141.67095373934967029 -1.75596411616698589 57.05225134675671228  1.03834669984756189 140.07159257628464388 -6.94692126275803368 59.27226863724276029  1.03834669984750638 138.47226703377003787 -12.13788134287392140 61.49230343815018074  1.03834669984748995 137.28324935850034194 -18.78407624580915680 60.60820080772219853  1.03834669984757166 137.21848012942322725 -24.90585724081402574 55.78293985714343961  1.03834669984734762 138.78679787372828969 -27.82586799348670681 47.70085412203216890  1.03834669984777328 141.87053812081072124 -25.40836602380216647 38.98372446385984347  1.03834669984716754 145.42443414248447198 -17.74845652118796835 33.70589274705532290  1.03834669984785721 147.86513018084764326 -8.53548167661202761 34.41823755334257839  1.03834669984721439 148.51235754600168093 -1.72071646786808330 39.84452162818398335  1.03834669984769024 147.62129999036739036 0.88924196837489511 47.13552642328182429  1.03834669984742600 145.93185460765033667 -0.46779605301445848 53.59085408107566195  1.03834669984752614 144.20615038054972956 -4.32353599269704159 57.66365206719667924  1.03834669984750638 142.48048315164260202 -8.17927625931265112 61.73646471610535258  1.03834669984757100 140.71767787111846815 -14.53520133360826705 63.42822154546994540  1.03834669984724104 139.68000465344235295 -21.92865006598423960 61.18686236091741648  1.03834669984812811 140.14282280454574448 -27.68557321673743488 54.63325050556146323  1.03834669984650274 142.43098708135380548 -28.87737593490663457 45.43074923212175520  1.03834669984869410 145.94365212299734935 -24.02912534081654172 37.47364243134494188  1.03834669984644345 149.11717399586390798 -15.48662782787469183 34.59304649634033524  1.03834669984823025 150.84842621974584631 -7.29870057649690374 37.09606467678494113  1.03834669984713956 150.94836212551570043 -2.18420425197290946 42.97794853340609222  1.03834669984763761 149.87475250763881718 -0.96353869074583542 49.59038915969160399  1.03834669984747818 148.32301713795649789 -2.90661632109605250 54.90537134804120711  1.03834669984750638 146.77132001628115177 -4.84969302110011835 60.22036450344600667  1.03834669984757033 144.74067665311000042 -9.95726992305537451 64.23987354120679072  1.03834669984723105 142.92566762257010282 -17.50635789015875332 64.93309350979976102  1.03834669984818229 142.25016039131108414 -25.23332186553623657 60.91514491871770787  1.03834669984637573 143.43186893581648178 -29.86251481971164523 52.63769019685612705  1.03834669984890438 146.40627731002098244 -28.57362150781403187 43.22219514876469049  1.03834669984617722 149.86695008331449230 -22.01164393944002029 37.19662197181909846  1.03834669984848382 152.45630560135239762 -13.70666313356082711 36.40477678991855726  1.03834669984696171 153.56960054398777515 -6.87581864056367742 39.99152398049697865  1.03834669984772332 153.31286154389411536 -3.27284071293485823 45.76384311595246146  1.03834669984745531 152.20892177229515596 -3.01699642985111360 51.52130172901469507  1.03834669984750638 151.10502240752919079 -2.76115152583706802 57.27876742152865575  1.03834669984747707 149.15325971217680490 -5.85235146307788412 63.02354173002679971  1.03834669984762074 146.87484562474750760 -12.41735592768574392 66.55525672175814123  1.03834669984725769 145.20144252876062296 -20.94756735927801117 65.69412561444856635  1.03834669984787653 145.13434011853357219 -28.31892621202215565 59.61131156720068702  1.03834669984709960 147.15530266265520254 -30.79520639475531496 50.18033315989838172  1.03834669984785588 150.41386229566865040 -27.22227785295311264 41.93655031025367919  1.03834669984725791 153.50463590686680959 -20.07416968439701677 37.97984772326155678  1.03834669984765404 155.49948442219925937 -12.57646737898886258 38.73486426700073082  1.03834669984743910 156.13621799508661070 -7.14925224973775109 42.79772280211301450  1.03834669984752548 155.68576863812120337 -4.74299324009817624 48.13059019008700545  1.03834669984750527 155.23527713248944337 -2.33673363852327931 53.46345459580355453  1.03834669984750083 153.69719580717003282 -2.95050485004584040 60.06835823853531764  1.03834669984753347 151.33969527139416300 -7.54151746137273982 65.91033655100497413  1.03834669984744088 148.96099811315954753 -15.58590114874008492 68.34659969968483040  1.03834669984761430 147.69250426205519489 -24.58672437422916701 65.39387967808221447  1.03834669984737715 148.49040153856071811 -30.46078951169581117 57.39271208604601782  1.03834669984763384 151.08791548003293315 -30.43037421244341445 48.19515565256962475  1.03834669984739580 154.24748655519789509 -25.53694995850622007 41.68545337454045807  1.03834669984758654 156.85755910201564234 -18.52339659665964078 39.50322628871914787  1.03834669984746686 158.32855513472998155 -12.10774746059087725 41.24755126108684067  1.03834669984751726 158.63768531946922735 -7.92695957611742941 45.35339086688464505  1.03834669984750638 158.94685631973641193 -3.74617585946209619 49.45923110593076899  1.03834669984753081 158.09405443351684539 -1.79862793477833272 55.92816403334924757  1.03834669984740691 156.05417919576623831 -3.72627015701505737 63.20048452068522238  1.03834669984775041 153.36968142142714555 -10.06970357580564901 68.57268308430948878  1.03834669984708561 151.13069669334777245 -19.33923071054395493 69.20902671374305726  1.03834669984804862 150.62149372958276672 -27.72639730417957793 63.86524088132210153  1.03834669984697414 152.20024778198586546 -31.25265617441332822 55.12359505558817574  1.03834669984790384 154.98503885601476782 -29.36846173470332033 47.06138462478263307  1.03834669984728611 157.85069660171708961 -23.91636423184118598 42.28359685304658200  1.03834669984758965 159.96951266614615861 -17.49855968693892905 41.45327379594763784  1.03834669984748840 161.02879239512057552 -12.18928724618796799 43.71646216721558176  1.03834669984750638 162.08811229629426975 -6.88002309550153690 45.97964955406376930  1.03834669984751415 162.08806495582953744 -2.67720567233940177 51.33722850755806633  1.03834669984746597 160.71387504277583957 -1.65757243474120841 58.94218841946143783  1.03834669984763250 158.16998390057898405 -5.34388234869995760 66.44192634151208665  1.03834669984723793 155.33879223025763849 -13.48045912998383855 70.57986457134546754  1.03834669984791006 153.63776105593970556 -23.11342284640460321 68.71650474182450807  1.03834669984706873 153.99491394436898872 -29.66907651932814716 61.77101472377762548  1.03834669984784456 156.01853647640979261 -31.09049730086232088 53.39316642215858622  1.03834669984732719 158.74116777183076010 -28.03947301154723348 46.75663570143816372  1.03834669984756722 161.22275895943994328 -22.60610002292208520 43.48752629169825923  1.03834669984749639 162.90854945878575677 -16.98620031523123686 43.57296217883890677  1.03834669984750527 164.59429973904957478 -11.36628776782664474 43.65839980783279373  1.03834669984750994 165.48467297486166672 -5.55762076513391534 47.09842663233577298  1.03834669984749439 165.02283326983004486 -1.75545636848983122 53.88769508635274974  1.03834669984754635 163.04466535620403533 -2.23306596010518632 62.38265994942130277  1.03834669984740668 160.08950561792750023 -8.00741780019095906 69.40165864232416482  1.03834669984769667 157.49365303651859449 -17.42933653941539163 71.31188396351319625  1.03834669984724348 156.61199879774579813 -26.02577683780910078 67.22936659021046069  1.03834669984776862 157.60428409220403978 -30.54606856039400853 59.82078732593482329  1.03834669984732342 159.80677039573794218 -30.37009824786823486 52.34531991342549162  1.03834669984759009 162.31105761141679977 -26.75793665505696950 47.14456160877817581  1.03834669984748507 164.40422823693941723 -21.69252159994983487 45.04869073329908247  1.03834669984750638 166.49743780470299725 -16.62712293318440615 42.95282058576557915  1.03834669984749550 168.18011969112635029 -10.10643167454315794 43.96103371136817373  1.03834669984754790 168.73875338518107014 -4.11021164461411814 48.91045174747900148  1.03834669984742578 167.66479797866546164 -1.31587305307626856 57.11682874410784905  1.03834669984760386 165.07340456926570482 -3.85856357268447958 65.95772609135167386  1.03834669984743044 162.01528097905045911 -11.64448857668409865 71.36021244856506485  1.03834669984754413 160.06687793167313316 -20.98265023814470709 70.77161479084057305  1.03834669984749106 159.91409635255635635 -27.92308963242345499 65.46965419729927760  1.03834669984751926 161.29893579139326221 -30.65860786517931658 58.30277411350777328  1.03834669984749506 163.48210752564156678 -29.42707382479674649 51.97158162937910930  1.03834669984751149 165.70165862855247951 -25.69689528239926801 48.02293343456442898  1.03834669984750527 167.92117360682831873 -21.96669753600563268 44.07428214181111059  1.03834669984764960 170.17770688747771146 -15.73630910323717558 42.50664115319955982  1.03834669984690819 171.70915204838414070 -8.46837399872844365 44.87215072182679876  1.03834669984895545 171.74080859074419436 -2.83717951158668313 51.55005999905745995  1.03834669984503569 169.94487612303058199 -1.77050904206647353 60.87632576824606900  1.03834669985067007 166.92808288410429896 -6.74482170057122410 68.95808578627209329  1.03834669984440131 164.24678190645497011 -15.41247464952820678 71.96243474294080045  1.03834669984984163 163.01001891583081260 -23.72609258975150937 69.58373165252507420  1.03834669984618921 163.40384356074355310 -28.96614269830988064 63.82598083865944005  1.03834669984802996 164.97118780410775685 -30.31231301047191451 57.33766900890103102  1.03834669984738626 167.01676762683615607 -28.49479753720421726 52.14684046301041320  1.03834669984750527 169.06229523200960330 -26.67725109639531311 46.95599847349318878  1.03834669984750994 171.58676550264505067 -21.69527267616663835 43.06064616238418097  1.03834669984749439 173.89524366021976221 -14.27151499893643916 42.49146388198782631  1.03834669984754635 175.06589285577135229 -6.67067834425505701 46.63394711157302197  1.03834669984740668 174.37526144730713895 -2.16593241735549391 55.03476548177234662  1.03834669984769667 171.89835565994454214 -3.58185187457016596 64.57547221634339962  1.03834669984724348 168.92798755452534465 -10.26785465674866415 70.72414761856728660  1.03834669984776862 166.83501087759049142 -18.69963906073993343 71.64094628936796028  1.03834669984732342 166.21391084702619878 -25.65511608908929730 68.17780497541495777  1.03834669984759009 166.96546818047158922 -29.38423606204887761 62.52997874350505469  1.03834669984748507 168.56263459543976069 -29.76527932123358156 56.89646647814326030  1.03834669984750638 169.36239294908529018 -29.95640673751499961 54.07921722051630553  1.03834669984755834 170.37209992025580618 -29.30841715503181888 51.26815742500772899  1.03834669984729855 171.52934304179390779 -27.81361598482974173 48.73142303837428813  1.03834669984795203 172.74432436298943117 -25.54682545049045927 46.74622356633457798  1.03834669984688555 173.90833354204556827 -22.70156930444822763 45.54690622105218267  1.03834669984809502 174.91512678949754900 -19.55504954852557375 45.27706611249318058  1.03834669984713113 175.67818519293109603 -16.42170049167101453 45.96434779170785845  1.03834669984764116 176.14135252368464535 -13.60972417596095596 47.51996810377269753  1.03834669984751460 176.28593860591010412 -11.37633061951986235 49.75708618845148834  1.03834669984746419 176.13401971322880968 -9.88542645260231723 52.42295358436584962  1.03834669984753347 175.33672479210432016 -8.52700628891773782 58.07563789679516475  1.03834669984745775 174.69139108206567812 -8.65954298624058083 61.06229386845853213  1.03834669984776373 173.84994907531819308 -9.67148500674628941 63.93966544088507220  1.03834669984686201 172.89188860153575433 -11.53520738039021154 66.41969659319190100  1.03834669984857597 171.91961583542575909 -14.11213046618378542 68.23511662996945404  1.03834669984620320 171.04320777773654072 -17.16503364823680755 69.18779233656039196  1.03834669984872474 170.36238861782015874 -20.39238128717092380 69.18594648298395100  1.03834669984662908 169.95072655382233506 -23.47627207262111426 68.25856190551644431  1.03834669984797823 169.84557635985697743 -26.13320666838300355 66.54385229933468793  1.03834669984733252 170.04581969626940463 -28.15445228399302380 64.25724275905596983  1.03834669984753614 170.99014404755482133 -30.68628082164975268 59.04848725821629785  1.03834669984749373 171.73423923479757036 -31.19692414839569139 56.12621578878999173  1.03834669984751549 172.71643831049360074 -30.83364297928086728 53.14059158787674875  1.03834669984748995 173.87077023631843531 -29.56782588919494259 50.38285557025265859  1.03834669984757566 175.10300650904360964 -27.48146633198505029 48.14501085381191103  1.03834669984734962 176.30366584964238541 -24.76511269059124487 46.66997839610856147  1.03834669984772598 177.36524800850472161 -21.69281280492875652 46.10818978710856442  1.03834669984728545 178.19932628165236110 -18.57869521950944147 46.49354042044224400  1.03834669984766892 178.74964904709287339 -15.72486445438632430 47.74420569273238613  1.03834669984742800 178.99792134787298892 -13.37532266719294149 49.68640230748285092  1.03834669984752370 178.92099517904750883 -10.01600760474042495 54.49711006664401225  1.03834669984749772 178.59582013571693437 -9.00632364065756974 57.36549869777918786  1.03834669984753547 177.99977105332470728 -8.83018981063564823 60.46820775708874152  1.03834669984741512 177.18224671728773956 -9.57534278657913873 63.52084014242652188  1.03834669984771244 176.22664548822390884 -11.21574723157915443 66.21690272027740320  1.03834669984719552 175.23725368145278480 -13.61396454090418651 68.28009237715028235  1.03834669984782835 174.32441177181704006 -16.53733353821541741 69.50827365355739573  1.03834669984726413 173.58889627625427465 -19.68808537444869700 69.80300067342139414  1.03834669984764139 173.10454389440877776 -22.75308376504358421 69.18485734678367294  1.03834669984745198 172.90521223318191346 -25.46340833155801420 67.78687192237822501  1.03834669984751993 172.99821821771419650 -27.61748318574371197 65.79580489625070072  1.03834669984750660 173.09004413424628410 -29.77103012447641461 63.80407942334513649  1.03834669984742556 173.47462161946191372 -31.36357527459817263 61.22416573538760787  1.03834669984781769 174.14695384492898711 -32.19721562254115810 58.24670425997177858  1.03834669984680739 175.08933571103912641 -32.13034276089881303 55.13910616907286055  1.03834669984861816 176.21816170069416785 -31.11940136015009273 52.20664510208229814  1.03834669984615879 177.45028456183422350 -29.25321470438701255 49.76115648002360814  1.03834669984877892 178.66468037410220404 -26.71595680768391290 48.03959688554159868  1.03834669984657402 179.76364386587368926 -23.77909169610035889 47.19867322101345053  1.03834669984802597 180.65403112701508803 -20.74346354954713689 47.27781485628494806  1.03834669984729899 181.28376485239837734 -17.89806398841711754 48.20508095878502530  1.03834669984755479 181.97651666933859360 -13.05871262618685336 51.45078167492933829  1.03834669984745864 182.03976238139654242 -11.06501493700536898 53.76925829773803400  1.03834669984770223 181.79855500555527215 -9.73305384269052887 56.62914458075574231  1.03834669984700834 181.26515418686642533 -9.24847794194213790 59.79500527119666486  1.03834669984841543 180.48971366685455564 -9.70830130494183763 62.96813018828330399  1.03834669984627759 179.55643882322291915 -11.09522236977666232 65.83195022353486081  1.03834669984874695 178.57060163487258819 -13.27374368444723096 68.10381739760202890  1.03834669984657202 177.64248203160187245 -16.01215210003635647 69.58017924162247425  1.03834669984801375 176.86927476795148095 -19.02417714914629698 70.16364158043856492  1.03834669984733097 176.32162588011769344 -22.01861414532420724 69.86776120005150403  1.03834669984752104 175.75616744610465503 -27.45347769170540886 67.72870711493997931  1.03834669984753569 175.73833949854301295 -29.89403428998860335 65.88548426040230765  1.03834669984727124 176.02443865777252086 -31.79867096159882678 63.37527572888507166  1.03834669984811900 176.62190136839473098 -32.94219667040032107 60.39613668886357800  1.03834669984649697 177.49980575464815047 -33.17239323680098551 57.22508857928706760  1.03834669984869921 178.58997282448436295 -32.44393263111926018 54.17931111933340560  1.03834669984644434 179.79597407114883367 -30.83243796615705890 51.56583898842584546  1.03834669984822892 181.00842794723462248 -28.52265922992889458 49.63276182733984143  1.03834669984713290 182.12313191599861284 -25.77327983548060075 48.53289047703665204  1.03834669984765049 183.05690142654776764 -22.86948602333560387 48.30890521436522533  1.03834669984746619 184.45147553460350309 -17.29649915155300022 49.50506776981607260  1.03834669984756145 184.91226504214017723 -14.62745577415554266 50.92518548824379820  1.03834669984724215 185.08163948723563408 -12.34645893101224878 53.11184203107843871  1.03834669984819095 184.93175484092571992 -10.71318972453234863 55.91400722692063852  1.03834669984625716 184.47398792600822048 -9.92725196463363702 59.08348749065095262  1.03834669984919237 183.75828452179456463 -10.09288091786669206 62.31573588366570249  1.03834669984579420 182.86749314394569410 -11.19864232038693430 65.29425536844661337  1.03834669984882422 181.90613761486963540 -13.11642037865674126 67.73413386606077324  1.03834669984674655 180.98217403848801155 -15.62340918673279155 69.42889400745420403  1.03834669984781591 180.18679984479808809 -18.44647657716046396 70.28774558273582329  1.03834669984743311 179.59132980927822132 -21.32016097174938096 70.30749223303173778  1.03834669984750638 
90.51668735615385231 1.15871036733175892 45.98148157790132018  0.85353433019614966 89.59354435959335206 -3.61259356256050257 45.93617230080974423  0.85353433019616820 89.34202030658533999 -8.48770115955085913 43.11427288336152230  0.85353433019605607 90.21397875727330984 -11.65082981786403593 37.55493867656437601  0.85353433019643254 92.33397836599218067 -11.23499943364259579 30.65086022856377923  0.85353433019557301 95.23305778954531320 -6.46388866558540709 25.05074656904352537  0.85353433019696778 97.80913131554393658 1.26470395886670772 23.72861349225930638  0.85353433019531944 98.94045233874363987 8.20266058581233537 27.35109919979801774  0.85353433019676705 98.52823623035322953 11.72164364817092519 33.65752031454124449  0.85353433019581426 97.12877977889840508 11.34266877243682714 39.94838402847011594  0.85353433019627745 95.50141355121922970 8.15372065055372275 44.30431995091304032  0.85353433019612113 94.23093755959649798 3.80811667620107031 46.07101455277534541  0.85353433019614966 92.96046741329038809 -0.53746931580245061 47.83775593385242075  0.85353433019622382 92.04672033890676630 -6.04032519875760077 47.01513927409354210  0.85353433019586089 92.07525148044405228 -11.04971377701392932 42.94364037101331633  0.85353433019679881 93.45785973171636840 -13.35020861053607177 36.22577386361310658  0.85353433019512692 96.07423109016366425 -11.22764670337171111 29.07184037737334492  0.85353433019734815 99.05205846395040226 -4.80193570035053874 24.83413853767346069  0.85353433019507119 101.07641988343385719 2.80597639259419651 25.58191292972855280  0.85353433019690395 101.61091362721593612 8.36213120750728223 30.18273582373420538  0.85353433019574487 100.87875599809913751 10.40087538539478373 36.26422692097740708  0.85353433019630709 99.50421760540578475 9.16695123410508828 41.59151179411196608  0.85353433019611313 98.11741678210933060 5.89906967603453580 44.91074763424643379  0.85353433019614966 96.73062871573733901 2.63122214875958704 48.23002053035173731  0.85353433019613889 95.33135110955981872 -2.67118477102222762 49.54136838079207905  0.85353433019619462 94.54971161380942135 -8.77373447971235088 47.58701454447703583  0.85353433019603164 95.02202047059454060 -13.44993205777687884 42.08752473798838167  0.85353433019635749 96.99495472736313673 -14.30852558686236264 34.47837374679707523  0.85353433019590019 99.95877675468679513 -10.17363653551855407 27.97966156732927345  0.85353433019637115 102.60559606156559198 -3.06341555235143836 25.74838822090660173  0.85353433019599434 104.04297882017962706 3.67434204235108908 27.95256996912667802  0.85353433019623837 104.12721748420139534 7.81098008493632534 32.90833898984640626  0.85353433019611058 103.25232432366843227 8.71030074303243751 38.40535526914425901  0.85353433019615954 101.99793454556763095 7.00813417223508495 42.78127990414672865  0.85353433019615055 100.74352585861615239 5.30592234228728010 47.15718354207905350  0.85353433019608160 99.10936931634751090 1.00174202591268191 50.41234750442225732  0.85353433019640790 97.67408327991462613 -5.27461837824550006 50.88204954993555873  0.85353433019557146 97.20188450029827720 -11.62394840309547384 47.44774354248767168  0.85353433019705360 98.26845231909213396 -15.34281867710461000 40.55110288027783838  0.85353433019509928 100.80483209493655750 -14.13749085280959505 32.79037066286693403  0.85353433019707858 103.70856299721344840 -8.61730639674323662 27.92902126106911354  0.85353433019551483 105.86774035929722970 -1.73297550366476827 27.41059150403330946  0.85353433019648262 106.79303975512914349 3.86200920453686969 30.49550809943442431  0.85353433019602221 106.58863914135548612 6.74825350857682693 35.33490643441967904  0.85353433019617908 105.69518415161778080 6.86130298859859522 40.11073574822047050  0.85353433019614966 104.80175337433983884 6.97439826742743207 44.88656845238880067  0.85353433019617830 103.21902565038760713 4.31401284717308187 49.59935713048413675  0.85353433019602565 101.38629013101072474 -1.18997006519371951 52.43116642409559347  0.85353433019642722 100.07894760467338813 -8.25565841483096463 51.59419799619779923  0.85353433019574654 100.11447066440041453 -14.27785649429663017 46.46961988088942519  0.85353433019656522 101.87476410022196660 -16.19548751092501604 38.63767293636699662  0.85353433019583180 104.63101278667630822 -13.11499730708912814 31.89592202243095898  0.85353433019633318 107.22078306018136118 -7.14195248006389605 28.74315551695858062  0.85353433019607017 108.88392495590498754 -0.94981171338497994 29.49709074558108668  0.85353433019617397 109.41868576072144492 3.47430556245154953 32.95152354101202263  0.85353433019614589 109.05979504422563764 5.37584998954302051 37.40965310495674601  0.85353433019614966 108.70093219410537699 7.27743501873558074 41.86776627006888418  0.85353433019612290 107.44820319676566100 6.65638033140480800 47.33019167288296813  0.85353433019624769 105.53459329697764701 2.75305335351356284 52.10237228776126983  0.85353433019592873 103.62876624322851171 -3.96276393600751398 53.99971489051369389  0.85353433019650737 102.66538644096024768 -11.38109335928844068 51.43668559707075616  0.85353433019571234 103.41921661488655104 -16.13927140139848149 44.73547001591769856  0.85353433019656000 105.64597244343511306 -15.97699015708712800 37.14898869182947294  0.85353433019584479 108.30960819989368815 -11.83417610456274360 31.85144208267061572  0.85353433019632730 110.49504274199503584 -5.99707999151478877 30.16897310584423053  0.85353433019607483 111.72509492407596099 -0.71822172414789165 31.72204447782105419  0.85353433019616831 111.99302349238121224 2.67279610020785974 35.19318169183810596  0.85353433019614944 112.26092334131949713 6.06378423870369687 38.66435268038942752  0.85353433019610636 111.56655390725646271 7.56711452698695552 44.05419287919530547  0.85353433019633262 109.90089251114525837 5.84903244552756618 50.04978559069017763  0.85353433019571667 107.72447144633608218 0.49609631770743512 54.40187559950614826  0.85353433019685010 105.94622295522761135 -7.19872974496753937 54.80024677473812744  0.85353433019532166 105.61667719974408897 -14.08241492811229989 50.25918082726204972  0.85353433019689418 107.01227093669338331 -16.87281635155677151 42.99262830210770403  0.85353433019563096 109.38205721188630548 -15.20030409717237596 36.36604215503979276  0.85353433019642755 111.79451060642502114 -10.61660373797110957 32.51292616241261157  0.85353433019604108 113.57027564237033346 -5.29612013224200240 31.93753517658970509  0.85353433019617542 114.46176986851736501 -0.94149165651001354 33.90274165970332376  0.85353433019614966 115.35329147316539888 3.41315013216197016 35.86790608915178780  0.85353433019617375 115.36048228194169951 6.80234243564147434 40.37416602219009576  0.85353433019602687 114.23408921013550810 7.52166145486111049 46.68967946407988734  0.85353433019650926 112.15582507438108451 4.33678685037322609 52.84362165216583662  0.85353433019542113 109.87120086208754799 -2.47239455570048250 56.15194044386027628  0.85353433019721436 108.54587325897540495 -10.44339590205112067 54.47206577565724217  0.85353433019500213 108.93557499930129495 -15.77102203678147596 48.64093685869744377  0.85353433019707325 110.68819767214553451 -16.83314499973098322 41.70376742263096759  0.85353433019560088 112.99807942281049122 -14.21012237472634432 36.27594417774491831  0.85353433019637670 115.08674397354890573 -9.66762501694616994 33.66920543483241346  0.85353433019609515 116.50370123733884498 -5.02186431736044536 33.83871236162718787  0.85353433019614966 117.92068124841324561 -0.37610955661915391 34.00817464578350524  0.85353433019617919 118.66597317922078503 4.37346644757852054 36.95420968438133968  0.85353433019602498 118.28785066520202918 7.41104621208856074 42.63769663313077274  0.85353433019648062 116.66182900180928073 6.86963082672275505 49.66596350813102845  0.85353433019550085 114.25610904067046647 1.97309230248524159 55.39011012319470240  0.85353433019709679 112.17448118560641035 -5.88120423493981193 56.83654922139749743  0.85353433019512115 111.53645932219478709 -12.94457328862448797 53.33808129906608286  0.85353433019698588 112.44273646423138757 -16.58916247410926914 47.15586951309632013  0.85353433019564862 114.33595971121050638 -16.33571891530325360 40.98914114954646948  0.85353433019635871 116.45713733765065001 -13.27231345045903765 36.75735179339130809  0.85353433019609948 118.22142723052496649 -9.05225276891550656 35.11480438723830844  0.85353433019614966 119.98573439244408689 -4.83221594712681934 33.47221601066243579  0.85353433019614511 121.39324934168428172 0.54510834678053932 34.41896829900716881  0.85353433019615399 121.85855414216182169 5.42894802245010055 38.61461992954885147  0.85353433019617120 120.96992382952254275 7.60385786899202287 45.45667488323864092  0.85353433019605873 118.84691193886861527 5.35586819000646486 52.73464130858211263  0.85353433019633296 116.36353023420247155 -1.19554671500279142 57.09664917582914256  0.85353433019590630 114.83246797297378805 -8.92887123791308390 56.47289257344033331  0.85353433019637637 114.79203526547718184 -14.61063217820515447 51.99627899973376088  0.85353433019600089 116.01795968834156270 -16.77490766978027281 46.03892325893360038  0.85353433019621516 117.88630948032954393 -15.66652617720851204 40.83578495000712394  0.85353433019613345 119.76692420497840885 -12.52418791173519530 37.64069630547048462  0.85353433019614966 121.64754984875274602 -9.38188824027029256 34.44557704686165778  0.85353433019619174 123.54059227008606570 -4.20502006329018752 33.25836138298139844  0.85353433019596714 124.81607696273357533 1.77200237586782983 35.33687835199231841  0.85353433019658764 124.83772575094241120 6.32256753886838396 40.96053379725402976  0.85353433019542768 123.35818599250329441 7.05581515543451943 48.69375708686166604  0.85353433019704217 120.88876022815419731 2.79510676038422723 55.31671979261754046  0.85353433019529978 118.73529808452974521 -4.44039112660132318 57.67207608319039025  0.85353433019677294 117.79191919362173735 -11.30388841543500256 55.59203944227014915  0.85353433019580360 118.20149467400904086 -15.56594714150757319 50.76045896405453561  0.85353433019628766 119.57016646591566200 -16.59088701842055968 45.38755244153643531  0.85353433019611624 121.31838882337157770 -15.01422009952205805 41.13579598340764676  0.85353433019615021 123.06661581141290185 -13.43760263808204414 36.88402447731198208  0.85353433019619929 125.19457319373833570 -9.25886887024721439 33.75303236364921133  0.85353433019596325 127.12364722648062809 -3.10819364685936872 33.40743163168357910  0.85353433019653779 128.08988241635051963 3.11574119600729382 36.96598641773741178  0.85353433019558078 127.51661381229146741 6.70895109963524305 43.98660155822317819  0.85353433019679037 125.47473228209841523 5.37817172500910701 51.87168586754941657  0.85353433019558345 123.06426178470847788 -0.26766776288661021 56.85702477746373518  0.85353433019653779 121.39916942257953281 -7.27739892390490439 57.49967574433589590  0.85353433019594926 120.96762452530876431 -12.99806780328870381 54.53889314350347917  0.85353433019622393 121.66584170219765326 -16.00975680016549418 49.82363855629841964  0.85353433019613290 123.05310883217333640 -16.24840265115367188 45.17195937246891191  0.85353433019614910 124.44037768487935125 -16.48699673989322179 40.52027677854970023  0.85353433019617109 126.51687193603312664 -13.95222607753007971 35.93162633073173851  0.85353433019604985 128.84344415324906663 -8.57368395882732415 33.22397177234743282  0.85353433019641889 130.64476595288630278 -1.63368834454138323 34.18511534491385362  0.85353433019566582 131.10259744959341788 4.26315522627724874 39.43375711413192164  0.85353433019676250 129.83675868632371930 6.05506880778960266 47.38996059336579236  0.85353433019557656 127.57379711502994724 2.84911839368855091 54.25579178115381040  0.85353433019654990 125.47810066017729014 -3.24944602544800620 57.53270330987385961  0.85353433019594427 124.30871448592517936 -9.56721071359885933 56.90295813530106983  0.85353433019622327 124.26777295779990595 -14.11679728969520298 53.57263341174380145  0.85353433019613412 125.12047300936589522 -16.14393010155722052 49.23867321105660011  0.85353433019614910 125.97317833109110552 -18.17101677451398700 44.90468980421079692  0.85353433019613800 127.71966248106339492 -17.67558028507551171 39.56644439731650209  0.85353433019621050 130.12713404857672117 -13.89766953034794383 34.91834404187289920  0.85353433019597602 132.52689412906252642 -7.30761161735552545 33.14529314738795307  0.85353433019648561 133.98370090102875452 -0.01451054388121875 35.83222563730502941  0.85353433019568159 133.72422917801722519 4.61776327306436407 42.65789159619004067  0.85353433019664593 131.99086924461363424 4.33024740062242408 50.36824862939009506  0.85353433019574165 129.82120268908008143 0.06168753229830948 55.79012762097356415  0.85353433019640468 128.12960914360715492 -5.90084305998326908 57.59663903434958598  0.85353433019603642 127.39331783451294200 -11.30530264425719977 56.16777453984474988  0.85353433019617864 127.61923167673502633 -14.82183327805661577 52.82075155284251622  0.85353433019614966 127.84514035360516004 -18.33840021359445061 49.47376732534464594  0.85353433019608160 129.03332808217234629 -19.96720809262692597 44.20799815575385594  0.85353433019644631 131.19275154050151855 -18.37475765781741899 38.33666405197052995  0.85353433019539404 133.86324167160026377 -13.14729771596932650 34.10861101061607314  0.85353433019748937 136.13475411282723826 -5.57802391633521655 33.83446390897560718  0.85353433019440983 136.95883103957763183 1.18008251119280949 38.49962234470048372  0.85353433019785063 136.05647097066474771 3.84496033475195098 45.89040363836417669  0.85353433019488090 134.18078866242814229 2.04692936965055772 52.64101577618039585  0.85353433019686364 132.26207797691694168 -2.66236294566491338 56.61840591038340165  0.85353433019586189 130.98013592629587265 -8.10835245317438513 57.31785320105690573  0.85353433019621849 130.58245079362669117 -12.58854333141470505 55.47684331760997622  0.85353433019614910 130.18477015777099837 -17.06871605571784656 53.63578346292999299  0.85353433019622671 130.67134028886297870 -20.58347193936832298 49.25374411849415424  0.85353433019582026 132.29157932379746399 -21.42829363082771721 43.06226063850843389  0.85353433019695313 134.86380929885879709 -18.36905983182360558 37.03265511435249380  0.85353433019480440 137.64180525645292619 -11.68524956107137136 33.84821887323610667  0.85353433019781877 139.46156806955039542 -3.84000035641803450 35.65252767150796132  0.85353433019455427 139.56517290498570105 1.36224754959991756 41.60758353892929051  0.85353433019733493 138.30660697018200267 2.29874457608350724 48.66901492803528129  0.85353433019547909 136.49049397418067997 -0.44980032894985555 54.22094952156868430  0.85353433019642033 134.89564017403472462 -5.11784333169251671 56.95184276773451160  0.85353433019608549 133.97249693098027024 -9.88914677553542454 56.90648157811242669  0.85353433019614966 133.04935393442889335 -14.66045070545169082 56.86117230000216693  0.85353433019610148 132.79782988141926126 -19.53555830209356969 54.03927288537936136  0.85353433019632885 133.66978833204473176 -22.69868696166308553 48.47993867303912907  0.85353433019576275 135.78978794095260696 -22.28285657486508242 41.57586023289383093  0.85353433019675407 138.68886736420992634 -17.51174581026162969 35.97574656546372296  0.85353433019541680 141.26494089048307501 -9.78315318271651257 34.65361349392044588  0.85353433019683522 142.39626191355654328 -2.84519655749516520 38.27609919986929299  0.85353433019565883 141.98404580513690121 0.67378650524300809 44.58252031381390168  0.85353433019641300 140.58458935377518628 0.29481162974828301 50.87338402902184242  0.85353433019604885 138.95722312602339343 -2.89413649238672299 55.22931995069703248  0.85353433019617253 137.68674713443078872 -7.23974046664139070 56.99601455281743512  0.85353433019614966 136.41627698810091829 -11.58532645872186428 58.76275593366958105  0.85353433019614622 135.50252991377885792 -17.08818234141867620 57.94013927455475965  0.85353433019616032 135.53106105520953406 -22.09757092027198411 53.86864037019353191  0.85353433019612290 136.91366930657207490 -24.39806575287183676 47.15077386468877307  0.85353433019619662 139.53004066508589176 -22.27550384659565097 39.99684037635210387  0.85353433019608416 142.50786803853151241 -15.84979284324329285 35.75913853830117262  0.85353433019623504 144.53222945859448600 -8.24188074984387775 36.50691292962412149  0.85353433019605951 145.06672320173996127 -2.68572593591029118 41.10773582346256205  0.85353433019621805 144.33456557313746771 -0.64698175699719407 47.18922692135782171  0.85353433019611480 142.96002718011939692 -1.88090590903781774 52.51651179381305212  0.85353433019615921 141.57322635698963609 -5.14878746668507503 55.83574763441094291  0.85353433019614966 140.18643772806348125 -8.41663630853089906 59.15501989801791893  0.85353433019620351 138.78716318362543802 -13.71903607395109503 60.46637118928170196  0.85353433019592340 138.00551442919893930 -19.82160741682899285 58.51200695001313790  0.85353433019668690 138.47784358453233722 -24.49775756562778639 53.01253994785423629  0.85353433019526703 140.45074280669996369 -25.35643295434973510 45.40334960042277856  0.85353433019721781 143.41461424147001935 -21.22142846227370683 38.90469292051689365  0.85353433019517166 146.06137554495708741 -14.11134300349707438 36.67335441951334474  0.85353433019682978 147.49881546929358933 -7.37345184151236044 38.87760038190569389  0.85353433019579539 147.58300678496462410 -3.23692442850965545 43.83331621536434142  0.85353433019628067 146.70814639122073686 -2.33752721028381671 49.33036930278529297  0.85353433019612079 145.45373793542114527 -4.03973742199306418 53.70627295626631792  0.85353433019614966 144.19934792628444598 -5.74190561071985339 58.08219757584956966  0.85353433019620339 142.56515861678795432 -10.04616248852044080 61.33732472929822421  0.85353433019591729 141.12991992945745778 -16.32241226054526706 61.80707996417442018  0.85353433019670943 140.65766398353895283 -22.67187585526318117 58.37270973933183882  0.85353433019523828 141.72428980537179655 -26.39061060486643839 51.47613423413008604  0.85353433019724001 144.26062017535397786 -25.18539821702159998 43.71534651794487303  0.85353433019514169 147.16438611002504899 -19.66513190859411253 38.85403646793873378  0.85353433019688096 149.32354317537919997 -12.78084843789842751 38.33558391250485897  0.85353433019573977 150.24885182899112124 -7.18584209960877374 41.42051090612564934  0.85353433019631542 150.04444815363316934 -4.29960494853778652 46.25990580278359943  0.85353433019611002 149.15099372658227139 -4.18655415400128916 51.03573574824559245  0.85353433019614966 148.25756377348082538 -4.07345764679597977 55.81156795432316642  0.85353433019613023 146.67483156111654807 -6.73384975757114201 60.52435934340228130  0.85353433019622493 144.84210961815540486 -12.23781243131552010 63.35616043890890836  0.85353433019597913 143.53473732114994732 -19.30354516292111100 62.51920998532057894  0.85353433019642377 143.57031177298662783 -25.32566662433891125 57.39460084436765896  0.85353433019581304 145.33053272320188398 -27.24340570881150114 49.56269765779363468  0.85353433019647240 148.08686651414527091 -24.16278862283976281 42.82089536864218360  0.85353433019590552 150.67655290864442463 -18.18986885027752365 39.66817949922496211  0.85353433019629277 152.33976427856094915 -11.99762450632350408 40.42207278683012817  0.85353433019608871 152.87447700578118770 -7.57357890728033567 43.87653460683339546  0.85353433019616565 152.51561369355133024 -5.67199362469434210 48.33464762660054248  0.85353433019614855 152.15672258586573662 -3.77045032513430911 52.79277830765391144  0.85353433019612446 150.90404631205868213 -4.39142857590786662 58.25516939537430972  0.85353433019625791 148.99035288482031092 -8.29487353016468987 63.02740795293011900  0.85353433019588543 147.08464052843453373 -15.01053418460782041 64.92466483138743172  0.85353433019660274 146.12112241739154683 -22.42904501680496310 62.36174748451349359  0.85353433019557368 146.87510012236532475 -27.18703807266206596 55.66040271328633082  0.85353433019671188 149.10171644625660292 -27.02492376382260630 48.07405271932769608  0.85353433019572333 151.76546881787783150 -22.88197630920575421 42.77638927605000418  0.85353433019639713 153.95081785355981197 -17.04497416675884480 41.09401037953890068  0.85353433019604696 155.18092430054622355 -11.76605818618375920 42.64702237617738945  0.85353433019617475 155.44882367234200160 -8.37507067230732360 46.11819238722146252  0.85353433019614977 155.71675189300964348 -4.98405345302883340 49.58933107655914796  0.85353433019617364 155.02233268405947797 -3.48077418347944789 54.97922794080098896  0.85353433019604907 153.35674321497185701 -5.19878254089868896 60.97473876755569933  0.85353433019639746 151.18023530924190823 -10.55180767858980140 65.32692764029499699  0.85353433019571434 149.40207492868373151 -18.24654343064216988 65.72519850622266802  0.85353433019673497 149.07245412621884384 -25.13030553460500371 61.18421799487821744  0.85353433019553770 150.46810107221503472 -27.92065241983904755 53.91760489620330077  0.85353433019664227 152.83785652354538342 -26.24817176016746956 47.29105383785922356  0.85353433019585212 155.25032397522929273 -21.66445699157996785 43.43792184388988886  0.85353433019627556 157.02608436353642674 -16.34397815030709822 42.86253614820708435  0.85353433019611891 157.91757944331101271 -11.98934879937575992 44.82774165975371261  0.85353433019614966 158.80910173456754819 -7.63470720748552090 46.79290469918397122  0.85353433019614122 158.81628880620792188 -4.24551383250725767 51.29917219833464515  0.85353433019617408 157.68990703560183420 -3.52619805423593835 57.61466275956382077  0.85353433019611191 155.61161812292218087 -6.71106555230401369 63.76865511210989013  0.85353433019617475 153.32703667569239769 -13.52025922492767229 67.07688731945575000  0.85353433019617231 152.00164876185181129 -21.49124327150433089 65.39713475941117338  0.85353433019607616 152.39142130720853174 -26.81888971636456986 59.56586248724627097  0.85353433019623526 154.14397419670797262 -27.88099266228918083 52.62883433761437146  0.85353433019609204 156.45391374669353013 -25.25798661674519607 47.20089406975661461  0.85353433019617164 158.54253829829252709 -20.71547778533246742 44.59423631082130868  0.85353433019614655 159.95951836221075837 -16.06972362597753090 44.76369707546586341  0.85353433019614855 161.37647557383280628 -11.42396232524089328 44.93320552027182657  0.85353433019613867 162.12180750089558501 -6.67439779298565838 47.87915958169533326  0.85353433019619440 161.74362719370213881 -3.63680145449736703 53.56276353799201928  0.85353433019605107 160.11767530549829530 -4.17823684620260138 60.59088914826953243  0.85353433019629144 157.71188454567874260 -9.07475507388684477 66.31517910043801578  0.85353433019601810 155.63031700015022807 -16.92906890009755472 67.76149609492870241  0.85353433019621916 154.99225236815055951 -23.99242569165588890 64.26311476636323050  0.85353433019614555 155.89855429177583801 -27.63702198473939831 58.08085280203674472  0.85353433019612623 157.79176623474893404 -27.38357518220943021 51.91414732849941771  0.85353433019616731 159.91294759894071831 -24.32017079037267848 47.68235040329366825  0.85353433019614444 161.67723680557406851 -20.10010991202814523 46.03980438671497666  0.85353433019614966 163.44154428424411662 -15.88007429379791624 44.39721507005127421  0.85353433019613467 164.84905750631438082 -10.50274344494788892 45.34397248271817915  0.85353433019620584 165.31436753317876764 -5.61892359661117169 49.53960860867317706  0.85353433019602709 164.42572575783938760 -3.44397027181697268 56.38169756683911515  0.85353433019633040 162.30273365660769969 -5.69203500732311696 63.65960528528122353  0.85353433019595981 159.81932403921200603 -12.24334404668065979 68.02169596040133115  0.85353433019629621 158.28829455006788862 -19.97679286857380276 67.39784213116327294  0.85353433019606151 158.24782954267470814 -25.65843129686228252 62.92132438535374206  0.85353433019619473 159.47378071824769563 -27.82280826283368569 56.96388927345758901  0.85353433019613012 161.34211199685486804 -26.71435654707860152 51.76080589085420058  0.85353433019615554 163.22273727417493205 -23.57205830910698552 48.56568593828795599  0.85353433019614855 165.10335248942169528 -20.42972009860057625 45.37059752848008998  0.85353433019622915 166.99641274827069992 -15.25291404258269701 44.18332943818688818  0.85353433019581970 168.27187273221113628 -9.27581463046142574 46.26191821846128249  0.85353433019692959 168.29354933915797687 -4.72531826250142650 51.88549440887376818  0.85353433019486569 166.81398454229920958 -3.99203906252591167 59.61878632342926920  0.85353433019772640 164.34457578556248336 -8.25272256697591722 66.24170655351603898  0.85353433019467029 162.19110665351902867 -15.48829890895492767 68.59707420457311855  0.85353433019721747 161.24772661012224262 -22.35168837556512500 66.51705022088817998  0.85353433019556602 161.65730731254419084 -26.61385259506116441 61.68544659839914601  0.85353433019637659 163.02597360080764588 -27.63871229868667356 56.31256169903604558  0.85353433019609881 164.77419976342324048 -26.06209361336825481 52.06079093368180111  0.85353433019614855 166.52242328629455415 -24.48539837153394672 47.80903272431070405  0.85353433019613867 168.65038432170919691 -20.30690562336467764 44.67802448747177380  0.85353433019619440 170.57945872839366075 -14.15563846148348048 44.33243026908969853  0.85353433019605107 171.54568280199407582 -7.93287799855215603 47.89100885656475981  0.85353433019629144 170.97244236295586006 -4.33774866574680118 54.91154971190838552  0.85353433019601810 168.93051395887707145 -5.67114931299124425 62.79676523648490161  0.85353433019621916 166.52010356448008110 -11.31397215762618202 67.78193134039111101  0.85353433019614555 164.85494882401215477 -18.32663879012232044 68.42476424191922035  0.85353433019612623 164.42345726046784193 -24.04489630700220459 65.46382478132221650  0.85353433019616731 165.12163679027048602 -27.05824518724565664 60.74868147826591525  0.85353433019614444 166.50892564051355293 -27.29594801531404258 56.09693789540300912  0.85353433019614966 167.20261622565169546 -27.41623930426768396 53.77091584502196042  0.85353433019619673 168.06849522636670713 -26.84009464825658142 51.46195924099440333  0.85353433019595371 169.05148613365236088 -25.56650948470834805 49.39403873128172506  0.85353433019658331 170.07689759936138785 -23.66331411627879788 47.79418647389970687  0.85353433019551239 171.05563388034886430 -21.29234570323942322 46.85243946917240976  0.85353433019681768 171.90007283745427458 -18.68505238651948375 46.68373080093203953  0.85353433019563840 172.53890972171836893 -16.10398969293824933 47.30660898580600815  0.85353433019642755 172.92722356776951642 -13.80342453155724769 48.64245306803335467  0.85353433019605662 173.05186897659817191 -11.99207683588224072 50.53217460158920460  0.85353433019615510 172.93202940539828205 -10.80290323678414666 52.76525723229815412  0.85353433019616387 172.28874817936991803 -9.77461890377057330 57.47150322652300503  0.85353433019611558 171.76530482965122815 -9.93558037592430132 59.94461825399569221  0.85353433019633906 171.08315649748283249 -10.82365355553575448 62.31370778650471465  0.85353433019567715 170.30910383844133094 -12.41125486805457889 64.34101265656492785  0.85353433019692238 169.52837074860730127 -14.57944834552521840 65.80779103672763597  0.85353433019523117 168.83189730951102092 -17.12876683949845003 66.55397213813661494  0.85353433019698333 168.30146485700171866 -19.80797556587444319 66.50830958082094924  0.85353433019556435 167.99673105485030078 -22.35397749065852935 65.69960516148414342  0.85353433019646086 167.94707122227026730 -24.53389920825323145 64.24653951699916377  0.85353433019603220 168.14994052640142286 -26.17823510311323076 62.33061195172805924  0.85353433019617353 169.00263951145774399 -28.20529835385087480 57.99670298663222923  0.85353433019613123 169.65247510222999949 -28.58806371286815207 55.57865717851414900  0.85353433019621117 170.49642922011358337 -28.24576215272627877 53.12169149949534130  0.85353433019598490 171.47874903387426571 -27.15901190949832156 50.86714280872084259  0.85353433019649128 172.52061433031263959 -25.40035376185335636 49.05520838902341296  0.85353433019562863 173.53115920031802943 -23.13159530090553773 47.88373293112962870  0.85353433019673075 174.42187628057314441 -20.58213249143759782 47.47277860266773075  0.85353433019566860 175.12066804536971176 -18.01261376192874764 47.84549114055701580  0.85353433019644276 175.58239538523434931 -15.67204042599875180 48.92959672505894986  0.85353433019602698 175.79335945617847869 -13.76012579997591168 50.57768621266485809  0.85353433019617608 175.74211759596994398 -11.06080209208878706 54.61884403626141449  0.85353433019613112 175.47993072580894136 -10.27333569999992591 57.01191389324943515  0.85353433019621794 174.99566869062135765 -10.18096128262275535 59.58534794684532443  0.85353433019596414 174.33186715984345483 -10.84948968000179370 62.10366303068020244  0.85353433019651459 173.55805129955427901 -12.25568572328499251 64.31345129232661861  0.85353433019563674 172.76138726577895000 -14.28103056357168121 65.98772864870099397  0.85353433019667357 172.03357461139023599 -16.72668833991684778 66.96329380769472550  0.85353433019575187 171.45662714958049833 -19.34550213274810204 67.16420605913842223  0.85353433019637326 171.08991215448381240 -21.88194243275547279 66.61196899765630519  0.85353433019606084 170.96214892675425290 -24.11078464875941663 65.41895089707085731  0.85353433019617042 171.07500771675057649 -25.86990048396602049 63.74598061256497772  0.85353433019614977 171.18807291076439014 -27.62778340668325328 62.07166654661327243  0.85353433019610425 171.54166822973826356 -28.91402882409519748 59.92023053387496390  0.85353433019631941 172.13656814364730963 -29.56097056314952098 57.44930203366973132  0.85353433019578295 172.94499716992825711 -29.46503570051101661 54.89045385430208768  0.85353433019670488 173.91129193108969275 -28.58477503888243021 52.48515550303709176  0.85353433019550318 174.95191048972819203 -27.00722636449139813 50.49950268820077781  0.85353433019675296 175.97764448975146934 -24.88128311988609553 49.11989365558028453  0.85353433019569791 176.89940863548787320 -22.44057628417478512 48.47746031349745977  0.85353433019641389 177.64688040836617233 -19.93102435303827491 48.59502574204691427  0.85353433019603775 178.17533688953909632 -17.59260683848866336 49.41183103423247047  0.85353433019617730 178.76156576594812009 -13.64262090488169399 52.18202120110489517  0.85353433019612146 178.81927965028143035 -12.03137502798373326 54.13568148097713362  0.85353433019626646 178.62546253580708822 -10.97689215243146421 56.52669331736962732  0.85353433019584879 178.19169477600101459 -10.62934013103594033 59.15746251603363248  0.85353433019670155 177.56115336755868839 -11.06431099970427567 61.77946093164470653  0.85353433019541192 176.80439747995151833 -12.26278072852494638 64.13153513419064211  0.85353433019688019 176.00927921179595614 -14.10803876111330091 65.98197878034922326  0.85353433019561109 175.26687986373519834 -16.40499299391484911 67.16603075532624700  0.85353433019643299 174.65705684926467711 -18.91479287907030482 67.60749706145384152  0.85353433019606151 174.23709934748029582 -21.39634497021260273 67.32232821939517464  0.85353433019614644 173.83943251016987119 -25.87645037165754047 65.48130629066926645  0.85353433019619263 173.86170935280387084 -27.87507798980748674 63.92543585133586248  0.85353433019586911 174.13603096159675943 -29.41941242500046982 61.82641484603342263  0.85353433019686542 174.66706841730652400 -30.32572973761838497 59.35142937947521347  0.85353433019496316 175.42760674020840383 -30.47219751882630590 56.73196347221151115  0.85353433019757341 176.35980081876007830 -29.82629433081825709 54.23103588904157135  0.85353433019485758 177.38299045737798565 -28.45546845682962100 52.10126023763917402  0.85353433019704639 178.40647867396688753 -26.51654770003655770 50.54475549113926292  0.85353433019567937 179.34443119934866218 -24.22616697305359423 49.68384745537025537  0.85353433019632918 180.12878229605428260 -21.82140246141239004 49.54959720312766080  0.85353433019610536 181.30077704077032763 -17.23178707978230761 50.63669875818631283  0.85353433019620129 181.68844527448624149 -15.04689823963578021 51.85801063328927540  0.85353433019591907 181.83325658144048020 -13.19624751452326450 53.70726106470023353  0.85353433019672420 181.71442762974010066 -11.89028580728982298 56.05456106341404166  0.85353433019513358 181.34209066910739239 -11.29294121216233471 58.69347883800153909  0.85353433019748592 180.75929016586383113 -11.48612944413567227 61.36984239991949153  0.85353433019482094 180.03655627698719854 -12.45327383126109311 63.82034602223047415  0.85353433019715841 179.26042135615932693 -14.08390566478781381 65.81285053731868118  0.85353433019557234 178.51922862169925565 -16.19294563888256278 67.18236093913726847  0.85353433019638458 177.88993228307998606 -18.55110631038644442 67.85349254631589133  0.85353433019609348 177.42830651921269691 -20.93699944171520144 67.83179414701783116  0.85353433019614966 
92.67949852901389818 0.70480088363956739 43.51758678799590285  1.03834669984750683 92.12967900636384400 -2.55009971945604086 43.52062294739247506  1.03834669984753880 92.03362158901035173 -5.88231851155971430 41.64092361099129391  1.03834669984736094 92.69728439701637512 -8.06670366212547663 37.89978742264514722  1.03834669984792094 94.21159547493796538 -7.81736489218008312 33.23516283631695245  1.03834669984670125 96.25316218301057347 -4.63295602774742576 29.44507448114456949  1.03834669984861638 98.08718678446820149 0.59648465486765012 28.54236283163053400  1.03834669984640904 98.93795296413168217 5.27695067273981699 31.00185843068015856  1.03834669984829620 98.74697725838746010 7.66809427214337092 35.28595106984472807  1.03834669984709893 97.88066416654274349 7.40586441958318531 39.57452411623005872  1.03834669984765182 96.85796217087585092 5.23754281553169321 42.55748320330086187  1.03834669984747596 96.07422931527591459 2.27651561147971826 43.78824491776050820  1.03834669984750683 95.29046532324213103 -0.68449486311097552 45.01902501017612934  1.03834669984758166 94.74644570909688923 -4.43647758803272474 44.49667743178040524  1.03834669984722483 94.83776825127675636 -7.86757965355996980 41.77137275203817524  1.03834669984811834 95.85084478345049774 -9.46004430779090555 37.23796755738137421  1.03834669984659200 97.69711552631339657 -8.07350574581148095 32.40660963837329689  1.03834669984850247 99.80131573943236845 -3.73832947036788799 29.52491351717204537  1.03834669984669659 101.25549212522787457 1.39025679591639495 30.03741501795104796  1.03834669984800021 101.70691472336486072 5.15565675636244514 33.15598359189076660  1.03834669984728434 101.29446737523545607 6.53244773855211136 37.29669070762847127  1.03834669984757766 100.44524808093564161 5.69193876661471521 40.93234114797459711  1.03834669984749306 99.58447386489172004 3.46602452471641698 43.21292599106288179  1.03834669984750683 98.72367124983065878 1.24013667663780858 45.49352425922366905  1.03834669984749439 97.85211340272073244 -2.36996844884595070 46.41750260631609137  1.03834669984756611 97.39476856691658213 -6.53497348872143924 45.13238463061613004  1.03834669984733696 97.78996046999105829 -9.73638567764938401 41.42980482698292377  1.03834669984783079 99.19749007047020939 -10.36832454070521692 36.30218965938463782  1.03834669984708428 101.28905689296155401 -7.59701499001725544 31.88962867816481150  1.03834669984790939 103.16286424078039374 -2.81056995506973983 30.38660112268281921  1.03834669984721240 104.22558434799995553 1.74619431362905075 31.87429680077386962  1.03834669984767514 104.36732675033388773 4.54292542634579988 35.24621686149411914  1.03834669984743555 103.85851132291008980 5.14857573190350060 38.99050605521060220  1.03834669984752370 103.08930552728014618 3.98712530137234644 41.98317069670606116  1.03834669984750794 102.32012580045879702 2.82564195728495093 44.97583088885558311  1.03834669984741135 101.29126270183544989 -0.10247229408418157 47.21492994265499021  1.03834669984787631 100.39255199710061106 -4.37696301862903958 47.57507961717913503  1.03834669984666927 100.14712213506979310 -8.70932152515516655 45.27647501433799704  1.03834669984883865 100.93947164192749710 -11.27332128163498837 40.64267698720183830  1.03834669984592720 102.73726410234243644 -10.49706941094180479 35.38047974337520429  1.03834669984893879 104.78330702286896781 -6.79128339763679811 32.10018292458660483  1.03834669984650230 106.33291346387562726 -2.14621013498350877 31.73998938329627606  1.03834669984804462 107.04499276544441955 1.63495965445153679 33.83920521956746086  1.03834669984729899 106.99154954588495059 3.58511693297775480 37.13156598424026100  1.03834669984755479 106.46865367368368993 3.65533378423130983 40.39014563287176429  1.03834669984750683 105.94573601293510023 3.72558508371490760 43.64872055709332699  1.03834669984753658 104.95388595933650322 1.91557263921308696 46.87149376108190779  1.03834669984737937 103.78808837034742396 -1.82704113586799721 48.83155623343098739  1.03834669984778971 102.97712470042756649 -6.64054767066351026 48.29627764477364593  1.03834669984710914 103.07115496437891977 -10.75559753636252935 44.87125982162383764  1.03834669984788630 104.33913445628041927 -12.10234863206152056 39.56993226094363791  1.03834669984726546 106.28344046435904602 -10.05076339322737944 35.02126696319472643  1.03834669984759120 108.12169427062336524 -6.03425994977177638 32.87743576313012284  1.03834669984751260 109.33321251995062084 -1.85374765875671343 33.39382917285216479  1.03834669984748484 109.78092057530467685 1.13439987517795515 35.74247020112360929  1.03834669984751571 109.62150409721181177 2.41607149922556630 38.78033094916547441  1.03834669984750683 109.46206812353462112 3.69777552985027747 41.81817578773195976  1.03834669984743000 108.69578821246858524 3.27191632514790243 45.54344988764840707  1.03834669984781480 107.47802834384451387 0.62133403567696277 48.81444880564176003  1.03834669984677941 106.26249105052859534 -3.94998571499581441 50.13347066720307765  1.03834669984872785 105.68160881876960389 -8.99923629024214122 48.44807217659167264  1.03834669984596273 106.26419107746876591 -12.27347067281310977 43.92419221221987868  1.03834669984900674 107.84842889441864600 -12.19798015539296721 38.80903888131091151  1.03834669984637640 109.73305109301364269 -9.43111442316001458 35.21747010838703318  1.03834669984815831 111.29712596285799009 -5.49721189490703122 34.08181108442803975  1.03834669984723749 112.21544634431356258 -1.93559041491941031 35.13866826905127994  1.03834669984757233 112.48135046447731611 0.35288199593444780 37.50274850006725558  1.03834669984750660 112.74727461446411780 2.64132760308198478 39.86685448032786638  1.03834669984744798 112.36078261334495210 3.65495057541239987 43.53689117302781142  1.03834669984776040 111.31410747286930985 2.49027965530855866 47.63038264725293658  1.03834669984689620 109.91650888489145643 -1.15232506407616064 50.61221065129547014  1.03834669984851846 108.78695328248210217 -6.37682658482876441 50.93265508459155910  1.03834669984627315 108.63277195084712901 -11.08939901194025879 47.88417451997990781  1.03834669984865280 109.65358464412423700 -13.01127736128234069 42.99093286579239503  1.03834669984668615 111.33507754233649223 -11.92464736854089224 38.50768158637128380  1.03834669984795513 113.05128774497055133 -8.84595048606830758 35.90244511581930453  1.03834669984732986 114.33794082429312766 -5.26254664771956371 35.51598712088241427  1.03834669984754924 115.02630962856763119 -2.32527872342602038 36.85587418929211623  1.03834669984750683 115.71465921421869893 0.61200745505946585 38.19572993347382805  1.03834669984754480 115.80445772067321286 2.90114924643831174 41.26133669104449808  1.03834669984732675 115.12570375276732193 3.39028084106654681 45.56344432667496847  1.03834669984800421 113.79649844073124143 1.22121922627821533 49.76373186030791373  1.03834669984656158 112.32776883233802323 -3.39252870717899491 52.05051727150491558  1.03834669984879913 111.49791022603258739 -8.83571766023405836 50.95114785530140011  1.03834669984620920 111.83744691433467722 -12.47178330699350290 47.03407939804142757  1.03834669984847383 113.09746248632970378 -13.24049816455281636 42.35124613130958693  1.03834669984697459 114.74206103520472766 -11.49517769600613448 38.68242156301364787  1.03834669984771355 116.23879597090956395 -8.44514344095659020 36.92098509182153521  1.03834669984745909 117.28240122381005506 -5.31578108268473137 37.04211723623922126  1.03834669984750683 118.32598595623282733 -2.18641139371089821 37.16321603134316121  1.03834669984753747 118.91596832686470009 1.02023587217449574 39.16709047994883974  1.03834669984738071 118.74610633136582294 3.07908105807684862 43.03237057681826627  1.03834669984783634 117.72514980340893942 2.70431577501223508 47.82102686968915606  1.03834669984687622 116.17858599407422560 -0.60593866081585190 51.73556134459418843  1.03834669984839389 114.83680821016605478 -5.96052423677229193 52.76202621468236487  1.03834669984659356 114.48109707571796889 -10.76684908376224570 50.42698983960045211  1.03834669984819983 115.16533609925407688 -13.28339600166705736 46.26690597811199979  1.03834669984712313 116.52555344107352653 -13.14673241110961399 42.10250283974754382  1.03834669984765426 118.04209400617219217 -11.10396037178001549 39.24369714968690204  1.03834669984747419 119.31964663465194576 -8.26847795340119696 38.13708410684098737  1.03834669984750683 120.59717583505376126 -5.43299839293879394 37.03043896697064952  1.03834669984747707 121.63512040681312953 -1.80658719380191535 37.67696166330402718  1.03834669984762029 122.03759866814085910 1.49897490529497723 40.52641024026422656  1.03834669984724948 121.51787669886327592 2.96601305032973350 45.18384715675193775  1.03834669984792938 120.16660884227050587 1.45362891123767213 50.13965118209150518  1.03834669984697814 118.55465545349029810 -3.00669225180956801 53.14510052941366780  1.03834669984801642 117.59553411319816973 -8.26113735111210445 52.75705825545261263  1.03834669984712580 117.63737482876423712 -12.15194062846221357 49.76249845285040152  1.03834669984772532 118.54372643056419179 -13.65429787283330754 45.74596124988688928  1.03834669984741690 119.88678429269087644 -12.93933846579474256 42.23446420481695895  1.03834669984752881 121.24137828175909704 -10.83896900950620612 40.07802803332207020  1.03834669984750683 122.59594535071546773 -8.73861110879131431 37.92156486271180427  1.03834669984754502 123.96143226421055772 -5.25408277183308758 37.12176084696727685  1.03834669984734118 124.91256547580643144 -1.21460178262766760 38.53102509561464473  1.03834669984790273 125.01075538640237994 1.86134900179832030 42.35763141677075794  1.03834669984686423 124.09818163179187422 2.36750251831170644 47.60970166778000134  1.03834669984828487 122.49892797948380974 -0.52903686244376935 52.14600322046936753  1.03834669984678740 121.12009778269373328 -5.44124100786481346 53.77350485561181870  1.03834669984801264 120.55071776151945073 -10.12350687649965231 52.40980331167008899  1.03834669984724193 120.90281602468444078 -13.04572284714393682 49.16206528751780525  1.03834669984760519 121.90551402463570696 -13.77697905197628359 45.54192109833022073  1.03834669984748418 123.16851451034767706 -12.74104129562657128 42.67340991169674425  1.03834669984750749 124.43148348041125928 -11.70512157199668835 39.80487962216642472  1.03834669984755590 125.95423323884448052 -8.90251927359586936 37.68996553145549910  1.03834669984733274 127.34679107481490234 -4.75365971348242233 37.45394322902437523  1.03834669984784145 128.08553657331910358 -0.54660795958604425 39.87660384431870852  1.03834669984707673 127.78820251972507549 1.89140943059731015 44.63481645896075634  1.03834669984790229 126.48268267372927198 0.99014989378985874 50.02080309063289576  1.03834669984725481 124.93163366627490518 -2.84161656360737958 53.42552255984954002  1.03834669984759564 123.87536990302959339 -7.61199774974725507 53.90975727845790288  1.03834669984751526 123.65711897613331871 -11.51879982726066665 51.93468644897401987  1.03834669984748063 124.20445776615399325 -13.59446672970513248 48.76649545778271744  1.03834669984751748 125.22113933154530230 -13.79024910034600637 45.63205544830711347  1.03834669984750616 126.23785592346834505 -13.98601208160122411 42.49762441276764235  1.03834669984755190 127.72357587677666402 -12.30160293084549750 39.39901047529334477  1.03834669984731254 129.38324426683524848 -8.68448781239236212 37.56311521087697258  1.03834669984800221 130.68749602965181111 -3.99644899149445987 38.22239661520269749  1.03834669984664774 131.08850753052286109 -0.00721662317294935 41.77189107823248548  1.03834669984857642 130.31278045594515902 1.21438427132270199 47.19694422706804460  1.03834669984651939 128.86348008242859464 -0.96307787498033370 51.87009026241543808  1.03834669984818206 127.51856483003714970 -5.10495175981769389 54.13791580761356670  1.03834669984717221 126.80087442727050018 -9.41106553734990214 53.74570066476752572  1.03834669984762051 126.84706405489903602 -12.52473471944249361 51.52120884175988635  1.03834669984748484 127.50026440426786678 -13.93196829338570453 48.60749859140033635  1.03834669984750616 128.15350196372565961 -15.33918468414196212 45.69378639610659576  1.03834669984748262 129.41364512947268395 -15.03893248728313026 42.09269423705041646  1.03834669984762562 131.12529003299658825 -12.51383206020554795 38.94582289730212210  1.03834669984718686 132.83408949700384483 -8.06802185854614962 37.75086464947754905  1.03834669984809413 133.91005362717504568 -3.14451220016480804 39.56065758602409232  1.03834669984672012 133.81967085790842020 0.00446049755497846 44.20836093741275619  1.03834669984831529 132.73049820941017174 -0.19677357493858771 49.44789303681419312  1.03834669984685957 131.33915750240046805 -3.08914270688985493 53.16354869328340271  1.03834669984790295 130.26895688657506867 -7.14853578441348159 54.42331356264109132  1.03834669984733297 129.84450245103616339 -10.83575604456424024 53.49065383015214792  1.03834669984755124 130.07240015909158615 -13.24974631181167517 51.25069725687301059  1.03834669984750683 130.30025915656949564 -15.66374932427702404 49.01075171104367456  1.03834669984746175 131.18064876977464905 -16.80289699135398607 45.46484353407342383  1.03834669984771089 132.72115461358609423 -15.76383454087051028 41.49556772067106891  1.03834669984696837 134.61208980733141516 -12.24657205341859090 38.63767645211228796  1.03834669984848005 136.23663778926149348 -7.14800410979876588 38.44178771161082153  1.03834669984624051 136.88311382480605971 -2.56049823905899743 41.61391025766823049  1.03834669984873407 136.35727652229024898 -0.76453822704613827 46.63171103588170041  1.03834669984659533 135.16913996545284249 -1.97653299915139158 51.23889165199767604  1.03834669984802574 133.94674925777133012 -5.18081738874930497 53.96835373227441579  1.03834669984729278 133.15399681439492952 -8.88976081774253934 54.47893104957289268  1.03834669984755945 132.95941119757677029 -11.95257754160710739 53.26321049421650855  1.03834669984750616 132.76486397950344553 -15.01539141495206664 52.04747261390428292  1.03834669984753813 133.16892524073389836 -17.43011038051957229 49.10607095230963637  1.03834669984737538 134.34157421265075527 -18.04477377812733252 44.92806389692211155  1.03834669984780170 136.16402035575902119 -16.00114853027059780 40.85186038230207828  1.03834669984710293 138.12786824669029784 -11.51323617095155605 38.68946801376910116  1.03834669984786654 139.44987538594983789 -6.19520062536287242 39.91263585773852185  1.03834669984729389 139.60546343735612140 -2.68498777191890081 43.95413148693556593  1.03834669984758521 138.83867080229768476 -2.04167972897288941 48.76099209920154465  1.03834669984749639 137.68799492192050593 -3.91256486519649282 52.55397810706521255  1.03834669984750061 136.68509246570587834 -7.08814921217071792 54.43957077588071058  1.03834669984750949 136.13530810369840651 -10.34305625919710003 54.44258678807681662  1.03834669984750683 135.58548858175609553 -13.59795686242905788 54.44562294708199346  1.03834669984742334 135.48943116242949714 -16.93017565400903024 52.56592361177948902  1.03834669984782857 136.15309397429476235 -19.11456080588786222 48.82478742123700499  1.03834669984678873 137.66740504677659374 -18.86522203371485062 44.16016283810172638  1.03834669984864858 139.70897176029771458 -15.68081317186086565 40.37007447958886530  1.03834669984612771 141.54299635815740999 -10.45137248731192336 39.46736283245799370  1.03834669984878847 142.39376253892007185 -5.77090647015268932 41.92685843056455752  1.03834669984658623 142.20278683370068507 -3.37976287097298389 46.21095106964320109  1.03834669984801220 141.33647374100408456 -3.64199272305487209 50.49952411641226746  1.03834669984730499 140.31377174584662271 -5.81031432741423792 53.48248320322465332  1.03834669984755545 139.53003889007840144 -8.77134153136252870 54.71324491777679100  1.03834669984750683 138.74627489818945492 -11.73235200603405914 55.94402501010691253  1.03834669984750416 138.20225528362286127 -15.48433473069383481 55.42167743195335561  1.03834669984751593 138.29357782663902299 -18.91543679680452783 52.69637275172967605  1.03834669984748507 139.30665435760323589 -20.50790145014152799 48.16296755779588779  1.03834669984754480 141.15292510173264873 -19.12136288906253156 43.33160963796140663  1.03834669984744488 143.25712531397604721 -14.78618661315746152 40.44991351745008501  1.03834669984761119 144.71130169998690462 -9.65760034668164735 40.96241501787116590  1.03834669984737515 145.16272429847953163 -5.89220038689445236 44.08098359181565229  1.03834669984761585 144.75027694974977521 -4.51540940395707313 48.22169070775799327  1.03834669984745043 143.90105765599159326 -5.35591837646162094 51.85734114786805549  1.03834669984752215 143.04028343959973313 -7.58183261803365305 54.13792599112215953  1.03834669984750683 142.17948158029145134 -9.80772143342130320 56.41852411497416142  1.03834669984756145 141.30791962075610968 -13.41782129455860684 57.34250324679212696  1.03834669984728456 140.85058721974516516 -17.58284225325898120 56.05738289897316662  1.03834669984802175 141.24575186273230543 -20.78421954302499941 52.35480829469562281  1.03834669984669326 142.65332851117267410 -21.41621863946163273 47.22718415453621077  1.03834669984844252 144.74482898601223724 -18.64482414615319072 42.81463582588435912  1.03834669984669858 146.61871422410359855 -13.85847883145603276 41.31159341675415675  1.03834669984803507 147.68135756559547644 -9.30161628269841678 42.79930373434718405  1.03834669984725148 147.82316355090824800 -6.50496657217756447 46.17121166918890651  1.03834669984759387 147.31430412129566321 -5.89925993306451879 49.91550925476082057  1.03834669984748884 146.54512340792322789 -7.06074247491173423 52.90816911264170841  1.03834669984750683 145.77591859864904222 -8.22219370747252754 55.90083408846111013  1.03834669984757944 144.74709950313697959 -11.15036429326486456 58.13992475002240212  1.03834669984719330 143.84832521330673671 -15.42477361396649549 58.50008655161794735  1.03834669984827332 143.60297211983112220 -19.75723040203914849 56.20146730707630667  1.03834669984622829 144.39524373466218776 -22.32113043880477932 51.56768413611773383  1.03834669984908801 146.19310254164381035 -21.54496350703082186 46.30547423814362418  1.03834669984599892 148.23909841801568632 -17.83911726613810345 43.02518639180176763  1.03834669984862282 149.78873211459645631 -13.19407889728807959 42.66498765248721980  1.03834669984687999 150.50079898460438699 -9.41289319221567311 44.76420585940961416  1.03834669984775774 150.44735987601839611 -7.46274117692819505 48.05656584028549361  1.03834669984744776 149.92446324839008298 -7.39252335843503339 51.31514563284874697  1.03834669984750683 149.40154499011077860 -7.32227109054663838 54.57372008028215049  1.03834669984747285 148.40969819103341365 -9.13228880942703114 57.79649588001808524  1.03834669984763761 147.24389075721884979 -12.87488662990028310 59.75655050181790529  1.03834669984722061 146.43294867628671341 -17.68842815174942373 59.22128912674921963  1.03834669984794403 146.52694167063924624 -21.80341761857579996 55.79624158959305902  1.03834669984699901 147.79497373015348671 -23.15025390505133629 50.49495593809968597  1.03834669984798023 149.73921801889170524 -21.09856864405207943 45.94624143521390636  1.03834669984714245 151.57753265546315902 -17.08216378214591913 43.80245873230418141  1.03834669984773309 152.78900052157672462 -12.90156984003001917 44.31881197286790552  1.03834669984740335 153.23674344279743309 -9.91347880983041385 46.66748079935648974  1.03834669984753503 153.07730709129373281 -8.63177497882858802 49.70532570230210467  1.03834669984750572 152.91789156404644245 -7.35010394874101358 52.74318713707642559  1.03834669984750350 152.15157366712907105 -7.77590232870350029 56.46842934944210413  1.03834669984752259 150.93387361958934889 -10.42657934053946533 59.73948080548036188  1.03834669984747441 149.71825479795705860 -14.99777184251913020 61.05842704684359745  1.03834669984754902 149.13747002011413656 -20.04717193430955291 59.37312458379899027  1.03834669984746819 149.71994930472359897 -23.32125130893675902 54.84913666901304907  1.03834669984754191 151.30428357661097039 -23.24590316791796241 49.73409059076469418  1.03834669984746752 153.18882585159394694 -20.47892164920510183 46.14242818224226994  1.03834669984754546 154.75295888283667978 -16.54510199877760712 45.00684030633694022  1.03834669984748418 155.67124257422759115 -12.98342893309646939 46.06365109219817100  1.03834669984751327 155.93716634984039615 -10.69498388753194185 48.42775676773068483  1.03834669984750683 156.20307144250583065 -8.40651188444663156 50.79183778029918273  1.03834669984751926 155.81661287530818072 -7.39293522069522524 54.46191827606268276  1.03834669984745775 154.76988942115963255 -8.55753922289132873 58.55534645245690228  1.03834669984762451 153.37234916460971590 -12.20022473515174433 61.53725087938433091  1.03834669984730299 152.24273437813229748 -17.42464428216585404 61.85761777244251647  1.03834669984777417 152.08860345533574332 -22.13728652914469563 58.80920325113460478  1.03834669984723815 153.10938040872579791 -24.05911537539456191 53.91591477252330833  1.03834669984770867 154.79089401059587772 -22.97251405996632556 49.43269061752601345  1.03834669984739669 156.50709477156581784 -19.89380409899410296 46.82744177744375236  1.03834669984754591 157.79375097247816484 -16.31040458487944989 46.44098787198773692  1.03834669984749906 158.48211920341412906 -13.37313586630131645 47.78087418932792474  1.03834669984750683 159.17046813853858112 -10.43584946651214551 49.12072890688436644  1.03834669984751393 159.26027018595993923 -8.14670887948023648 52.18634125256416922  1.03834669984746841 158.58150550983950211 -7.65757364320860034 56.48843198920905451  1.03834669984762806 157.25232367488635532 -9.82664324150680990 60.68875657285834535  1.03834669984725170 155.78355354482096118 -14.44037739592435621 62.97547803530750343  1.03834669984788253 154.95375208544717793 -19.88358578086822348 61.87619880482400703  1.03834669984711225 155.29322168308650021 -23.51962861475471556 57.95902446927052409  1.03834669984779726 156.55330337761569126 -24.28836595589701730 53.27629555295613528  1.03834669984736605 158.19784715928437890 -22.54302686497987906 49.60738455455886964  1.03834669984754702 159.69461999584933665 -19.49300549720209119 47.84600789602956183  1.03834669984750239 160.73820364463099963 -16.36363579302977200 47.96710594627175794  1.03834669984750572 161.78180998043035288 -13.23427344977108433 48.08823883442745739  1.03834669984751815 162.37175445366602844 -10.02761329707238858 50.09205347549369947  1.03834669984745775 162.20194721721037467 -7.96878673353074962 53.95741999074488859  1.03834669984764427 161.18092457888550939 -8.34352953111823581 58.74597194994504434  1.03834669984722816 159.63442784883500281 -11.65380678451425922 62.66061228869661193  1.03834669984793670 158.29259292297919615 -17.00837292214177410 63.68698697750076576  1.03834669984700523 157.93692231273513471 -21.81471155387599126 61.35201455728683584  1.03834669984794470 158.62113785326781112 -24.33125048504759036 57.19189363587812380  1.03834669984722971 159.98136590782692679 -24.19459053708608209 53.02750740336718138  1.03834669984762651 161.49790293037605693 -22.15181729344547179 50.16869612298833658  1.03834669984747729 162.77545620919289604 -19.31633509627436496 49.06208410644018869  1.03834669984750683 164.05298456390255524 -16.48085589008126917 47.95543814253233705  1.03834669984749040 165.09093374303463975 -12.85444276229832106 48.60196532984761575  1.03834669984756922 165.49339806641586392 -9.54888649610094831 51.45140031932471203  1.03834669984737871 164.97370666273664597 -8.08183556130359726 56.10886703471132364  1.03834669984768180 163.62238603907456991 -9.59424177877393092 61.06461961489046075  1.03834669984733519 162.01050707809761775 -14.05453180078196240 64.07014152643272098  1.03834669984763472 161.05129835052682097 -19.30901346382617945 63.68201405321319442  1.03834669984742956 161.09322519664507922 -23.19978070252463809 60.68753822410593557  1.03834669984754857 161.99950545857043949 -24.70216779745010172 56.67093146842534424  1.03834669984748706 163.34261268967679825 -23.98718773278466188 53.15948255531572642  1.03834669984751371 164.69717853830684362 -21.88683005147755267 51.00301894854107587  1.03834669984750572 166.05177279204335150 -19.78646090761527532 48.84658263901195596  1.03834669984764227 167.41721553860659810 -16.30195033336354626 48.04673361699423140  1.03834669984694528 168.36840435881296685 -12.26244824790719790 49.45605796611938132  1.03834669984885242 168.46654262794251622 -9.18651430907579680 53.28260103619248866  1.03834669984524330 167.55399673305288388 -8.68035735657375973 58.53472072160202089  1.03834669985036743 165.95475260310408316 -11.57688115755031966 63.07100014579603453  1.03834669984473371 164.57587661491413655 -16.48911807724731915 64.69849401639699238  1.03834669984957095 164.00656316605338247 -21.17134267215936561 63.33482102842149430  1.03834669984635219 164.35859490916152481 -24.09359759062909490 60.08704825753412848  1.03834669984796268 165.36134398271681789 -24.82482473350339092 56.46693302732630571  1.03834669984740313 166.62431357450864766 -23.78890428822010605 53.59840359707287405  1.03834669984750572 167.88733335866854190 -22.75295607704921963 50.72989724327746330  1.03834669984751815 169.40992360242569248 -19.95044368280022695 48.61492320639008824  1.03834669984745775 170.80287591500615463 -15.80136117101820581 48.37902936639656559  1.03834669984764427 171.54083577833785057 -11.59475412914780179 50.80145594598284475  1.03834669984722816 171.24478868309120116 -9.15600759428438771 55.56003100512924675  1.03834669984793670 169.93750885901306447 -10.05826482319309711 60.94553954655197714  1.03834669984700523 168.38848707714245734 -13.88888168855499927 64.35079685345570510  1.03834669984794470 167.33024950727531177 -18.66038242885505127 64.83451602104911160  1.03834669984722971 167.11362058420021981 -22.56626435980054879 62.85986449273047327  1.03834669984762651 167.65984258195430812 -24.64256486848340444 59.69138674804465694  1.03834669984747729 168.67715872240864883 -24.83798719455138837 56.55710898394346486  1.03834669984750683 169.18467706000291173 -24.93619722925406279 54.99034794959983685  1.03834669984755856 169.81131331644286320 -24.56342020225036293 53.43156083467433604  1.03834669984729699 170.51734520766839864 -23.71450962642882843 52.03482985343618594  1.03834669984796202 171.25143002573145168 -22.44082074483117850 50.95562873733427267  1.03834669984685624 171.95557510291570225 -20.84768877251809016 50.31994138522989601  1.03834669984816053 172.57041625814738950 -19.08975661116368627 50.20654999355411263  1.03834669984703742 173.04563826408752902 -17.34790047349371633 50.63153853710903718  1.03834669984773331 173.35054771218531755 -15.79573998768671927 51.54177362638888837  1.03834669984745420 173.47774524769215532 -14.57225963812910408 52.82698403437029100  1.03834669984749195 173.43854096634746043 -13.76991083631735080 54.34806256536080582  1.03834669984752681 173.08588671411627047 -13.07950617732368848 57.55665629437260122  1.03834669984746641 172.77235519581250855 -13.19152560153384002 59.24437282542730543  1.03834669984772621 172.35060355295684076 -13.79692722395086157 60.86365259905613811  1.03834669984696504 171.86587097435781857 -14.87730955644638797 62.25301091200597625  1.03834669984838346 171.37584196001202486 -16.35272107452416535 63.26390382568185800  1.03834669984647543 170.94213031670005876 -18.08869873328413291 63.78736136212651786  1.03834669984843009 170.62030944952743994 -19.91525261070221120 63.77426269669379622  1.03834669984687489 170.45110036799320596 -21.65376989306986388 63.24315361009249159  1.03834669984782746 170.45468756208310879 -23.14586512447696620 62.27382888056136778  1.03834669984739492 170.62949163146149090 -24.27625734929188539 60.98922471483373187  1.03834669984752481 171.28268094223309959 -25.68335961825664171 58.07575275449386965  1.03834669984749972 171.76106318013577834 -25.96006236355987440 56.44691044449466943  1.03834669984750527 172.37153463863529623 -25.74555142079446313 54.78940861935491569  1.03834669984751615 173.07656250984129542 -25.02562712855975846 53.26697929767019701  1.03834669984751482 173.82273659024804147 -23.84887087079365386 52.04285765530087104  1.03834669984746331 174.54837319879877100 -22.32466063425702174 51.25168769310373307  1.03834669984757455 175.19342662493406237 -20.60813305809574913 50.97545561824441052  1.03834669984743022 175.70898617629887895 -18.87560580257854781 51.23054349271648533  1.03834669984757388 176.06425429270683480 -17.29594154555600127 51.96874825966747125  1.03834669984746863 176.24951860138111215 -16.00530240029073781 53.09086381225546347  1.03834669984751793 176.29897777139382242 -14.18411965953547949 55.84348884082218234  1.03834669984749617 176.16319159799618888 -13.65333352771028608 57.47412203155067090  1.03834669984756744 175.87633557189781186 -13.59436442192907890 59.22868341118617508  1.03834669984731875 175.46758508939603871 -14.04883543456864281 60.94841436764891540  1.03834669984790051 174.98302407622998089 -15.00597400313078289 62.46172044980679061  1.03834669984693773 174.48207983456390480 -16.38600804627150609 63.61327127319867714  1.03834669984809258 174.02776583299925051 -18.05051954742607734 64.29127816250866090  1.03834669984706318 173.67495589420059332 -19.83296790692052269 64.44486024240929112  1.03834669984775463 173.46312814054687124 -21.56536226032593362 64.08866371718497135  1.03834669984740846 173.41477557380198959 -23.09093774932994592 63.29510454328224256  1.03834669984753059 173.52798226617244381 -24.29767542804991365 62.17576159663271795  1.03834669984750705 173.64252737759045431 -25.50399514364385212 61.05604616075434166  1.03834669984745731 173.91817377129657984 -26.39316122610354398 59.60933942428466992  1.03834669984769024 174.36257563470772425 -26.84916970539651615 57.94508472676977817  1.03834669984711181 174.94419476083021436 -26.80043838866605199 56.21987816764494994  1.03834669984810901 175.64146091124388249 -26.22294682067385097 54.59836693125662066  1.03834669984679895 176.38401243378160643 -25.16862537934852639 53.25371736738767936  1.03834669984816563 177.12215891956128644 -23.74194587289287028 52.32241038295374835  1.03834669984702366 177.78640477506857565 -22.09900888595701929 51.89043686481070239  1.03834669984778105 178.33547718011803340 -20.40844215507150494 51.97197902157078886  1.03834669984739181 178.73551328253788029 -18.83100754567740154 52.52909589511110511  1.03834669984753769 179.21721038757220867 -16.16579009866223515 54.41608948956880454  1.03834669984747063 179.29857302568336763 -15.07799399059051026 55.74624501575290481  1.03834669984767158 179.20932773282677886 -14.36649693606864808 57.37481087359281418  1.03834669984706740 178.95700065637512921 -14.13344097175117398 59.16774369870169181  1.03834669984832884 178.57085819387401671 -14.43077885350174228 60.95694300260483089  1.03834669984638617 178.09830133475367120 -15.24637703328370719 62.56546589437941464  1.03834669984863903 177.59897188946138158 -16.50197912276551548 63.83593053676167983  1.03834669984665662 177.13454812217787548 -18.06579967337315296 64.65567233977789385  1.03834669984796579 176.75940464081563164 -19.77606323614990558 64.97221441290913901  1.03834669984734940 176.51249464849968263 -21.46914979621846697 64.79600909173608159  1.03834669984751926 176.31796930733355566 -24.53171363681381933 63.58037199284586904  1.03834669984753503 176.37035387125783359 -25.90116962155995850 62.54095508845070839  1.03834669984728656 176.59351539979030576 -26.96447777888254294 61.13184977724998959  1.03834669984807970 176.99100903694125009 -27.59629976614734659 59.46573307159341937  1.03834669984655958 177.54456553855649759 -27.71335840875492096 57.69941509021010972  1.03834669984863326 178.21504037913771867 -27.29302001244139220 56.01137115079503559  1.03834669984649719 178.94788915779525951 -26.38034238469460746 54.57303224814943121  1.03834669984819783 179.68179212949331713 -25.08090895371709195 53.52166150310785753  1.03834669984714867 180.35855130886943698 -23.54106382609774784 52.94082138592447961  1.03834669984764516 180.93170335067065935 -21.92151430317612437 52.85266488946904673  1.03834669984746686 181.80979706718645161 -18.82763581874741732 53.59628085978538792  1.03834669984756389 182.11481062335690240 -17.35305541367408821 54.42797536844891937  1.03834669984722816 182.25501077279810147 -16.10429979845043391 55.68702370226819198  1.03834669984823091 182.21714606143436299 -15.22138025357071456 57.28393157939429159  1.03834669984618988 182.00661283624833686 -14.81865932988413448 59.08240329608310049  1.03834669984927253 181.65251712523959782 -14.95310686904968023 60.90943599851070189  1.03834669984572803 181.20359035355926380 -15.61180790020041620 62.58313572662333968  1.03834669984886840 180.71783194014864193 -16.72004674616877651 63.94733142610353838  1.03834669984672279 180.25387402206735032 -18.15592221797423633 64.89387345889488756  1.03834669984782679 179.86634013655418585 -19.76418919612203950 65.36583694083928719  1.03834669984743111 179.59090555832082714 -21.39087063754773510 65.36770610918328828  1.03834669984750683 
95.30175851872220960 0.20182602876504596 43.83496683630327340  1.03672962320961148 94.77501619378440978 -2.88070803481430815 43.92049628268512151  1.03672962320963746 94.66636732478546890 -6.08298517419172047 42.22232904856699776  1.03672962320948558 95.27278138828620513 -8.24696679697613533 38.72951425702270711  1.03672962320998630 96.69388535378587335 -8.13088892721218848 34.30075132553304940  1.03672962320885453 98.63621452067623352 -5.22129340114939744 30.62787303390421911  1.03672962321067930 100.41201537451817671 -0.30152180303803178 29.64305795027450685  1.03672962320853146 101.27250837305511766 4.17795832755526675 31.86107926269692570  1.03672962321041084 101.14458424251432689 6.54193700946409251 35.86667589076748186  1.03672962320917983 100.36104224368133941 6.39499708005125456 39.94265339039858986  1.03672962320977446 99.41062990964834967 4.41421078356298224 42.82771474521700128  1.03672962320957573 98.67138976778483084 1.64007953079109825 44.07050003719356113  1.03672962320961148 97.93211831187181815 -1.13404966599964396 45.31326869230458243  1.03672962320967610 97.40486844027523716 -4.69942762073496834 44.91296502977144200  1.03672962320936590 97.46789688793685968 -8.01701198135561555 42.41497162053404679  1.03672962321014861 98.40439426504259757 -9.63915817406319952 38.15603207555378873  1.03672962320879014 100.14482976482463528 -8.45528970932054946 33.54108208718663775  1.03672962321054452 102.15965389330673929 -4.43051881209066334 30.70045100405433303  1.03672962320879125 103.58249516704748316 0.42448394375218079 31.06139412495532426  1.03672962321017925 104.06419179278833553 4.05872168721231574 33.92667744830907850  1.03672962320930284 103.71918415837737371 5.45792070106229943 37.82184545951726307  1.03672962320973627 102.94477253156907182 4.74884611755650887 41.29285062310885479  1.03672962320958129 102.14313702831016428 2.69590313966975970 43.51312113057063868  1.03672962320961148 101.34146777221863545 0.64295944786255177 45.73337746850064889  1.03672962320958906 100.51349096568475261 -2.75228140001270649 46.70133435027365465  1.03672962320970741 100.06110837830462401 -6.72795348790932923 45.58790363988627092  1.03672962320936635 100.40801412684254501 -9.85091050055478590 42.15662410966649531  1.03672962321003626 101.71921760683356695 -10.58258962123827196 37.31164320950837521  1.03672962320909567 103.70387040600957107 -8.07506925259780850 33.05709969761714717  1.03672962321007200 105.51003608871405959 -3.59326600403228547 31.51545957456552571  1.03672962320929862 106.56566630320239142 0.74841471073628263 32.81368593411333734  1.03672962320977469 106.74922660875870406 3.47117251817353889 35.94446616982519771  1.03672962320954909 106.30636548141583830 4.13220719531794067 39.48245509094192585  1.03672962320962525 105.60193123138751048 3.10343546985023266 42.35163454303042130  1.03672962320961259 104.89753299789227015 2.07466660786408852 45.22082478526953508  1.03672962320950712 103.93240855416817681 -0.64310644823031460 47.41911062736064508  1.03672962321001472 103.07119426614282531 -4.68115375793150967 47.86923819903277888  1.03672962320869866 102.81306794306020436 -8.83903848465547348 45.79738702819917506  1.03672962321106032 103.53334330569407484 -11.38444040361439846 41.46952470300598748  1.03672962320789130 105.22286733066584929 -10.78545752119051393 36.45812094675721227  1.03672962321117557 107.17535098271795846 -7.36873358436523151 33.25815599213365914  1.03672962320851081 108.68150841055316391 -2.99015162357042819 32.80104914475857925  1.03672962321020168 109.40347051681013113 0.63210377421822805 34.70031533360418763  1.03672962320938389 109.39705356728703123 2.55304598798164584 37.77607617963053599  1.03672962320966344 108.93471987935288325 2.69551470692014483 40.86682798141282547  1.03672962320961148 108.47235020952675200 2.83798152704417816 43.95757328146385845  1.03672962320963213 107.55472806227280103 1.20188191140706913 47.06100735540935176  1.03672962320952511 106.45320032205917471 -2.29335305591132155 49.01556070859328429  1.03672962320978956 105.66712541142084092 -6.86269528604647761 48.62806945357711896  1.03672962320939854 105.72424364586086654 -10.84390688158451255 45.48559981922763029  1.03672962320975937 106.89913931357212107 -12.25415424844557855 40.48977110598086426  1.03672962320957307 108.73816254735248776 -10.43227527737520433 36.12805589894686875  1.03672962320958151 110.50326540934683806 -6.69292293438267194 33.99469702713342656  1.03672962320964812 111.69119437607557188 -2.73219250678411996 34.38271923817155340  1.03672962320959261 112.15986176492449999 0.14665931190764070 36.53746749778873948  1.03672962320961726 112.04756768164233449 1.42911978804107243 39.38869190897045769  1.03672962320961148 111.93523706677393648 2.71158021351175726 42.23991387403077624  1.03672962320957041 111.24236078158243402 2.39667170368595706 45.78546060425114206  1.03672962320977047 110.10587525458868186 -0.03318147837456031 48.95635332762785197  1.03672962320924111 108.94900726834529792 -4.32789716900895272 50.32162140181962684  1.03672962321022921 108.37200565757134996 -9.14838507008767365 48.85246709994754610  1.03672962320883855 108.89086128515971552 -12.36270039716460012 44.64216883979125328  1.03672962321034734 110.37410125284287687 -12.42260226562657977 39.79223481245871596  1.03672962320907236 112.16704200725261842 -9.90131688126720455 36.31683243016335894  1.03672962320991013 113.67760922877383223 -6.21464716740688505 35.14399721633311913  1.03672962320949513 114.58766014716221093 -2.82572695661836004 36.05913958741292902  1.03672962320963880 114.88005584666309744 -0.60807143050347001 38.24621487793174879  1.03672962320961126 115.17248914131268123 1.60958141319195569 40.43328907005782469  1.03672962320955686 114.84736708666936522 2.65425267968574019 43.89062530090134828  1.03672962320984596 113.88665677688322830 1.65013898982678420 47.80456479458852925  1.03672962320904793 112.57248355589143785 -1.72565115271445357 50.72418660651621281  1.03672962321054229 111.48713801206123719 -6.66114055333515331 51.16148428546328830  1.03672962320848172 111.30813913237058443 -11.19967414540992934 48.38711737173283467  1.03672962321065532 112.24776338686280042 -13.14184268121025845 43.79679513620624220  1.03672962320886897 113.83287664510766035 -12.23199235407758678 39.51789046508336867  1.03672962321001205 115.47389902007390106 -9.39021825075921690 36.97219978800348628  1.03672962320945583 116.72425341624871464 -6.01670956745601604 36.51786731754884840  1.03672962320964812 117.41448271525973723 -3.21103865132231192 37.71727996560044716  1.03672962320961148 118.10467606598396628 -0.40536108112972968 38.91669462568260940  1.03672962320965856 118.23452874549697356 1.83027992048862131 41.76892235190902625  1.03672962320939099 117.63325146445818348 2.39523123933371984 45.83950035626359210  1.03672962321021367 116.39964021737903010 0.44273510579060193 49.87842518722124652  1.03672962320846840 115.00859967201965617 -3.86593406323126931 52.16508210537989498  1.03672962321119511 114.19672373083815842 -9.04727740913398293 51.25842859785706196  1.03672962320797768 114.48714263650293788 -12.58560141173020241 47.63603586650667410  1.03672962321087914 115.66083395646437282 -13.43526032602323106 43.21448720689138412  1.03672962320887896 117.21995274320873648 -11.88056530769480545 39.69295430287421311  1.03672962320991036 118.65792183671661064 -9.04561682236786879 37.94776406963191562  1.03672962320953999 119.67845491873259789 -6.08862212512375134 37.98636543851154102  1.03672962320961148 120.69895415214392642 -3.13161686522991989 38.02496885876927024  1.03672962320965611 121.30154795582744498 -0.05491633170044530 39.84731623116140042  1.03672962320942141 121.18892268714760974 1.98352838065766335 43.46427190459365164  1.03672962321011686 120.26111799384747769 1.74203805337411310 48.01705265284032720  1.03672962320862738 118.81396192367760989 -1.29344631702159063 51.81441984629985598  1.03672962321103723 117.53016466449585664 -6.33830097029644435 52.92292700592657440  1.03672962320806739 117.16493252424862703 -10.94369225643646892 50.82941666090665933  1.03672962321086581 117.78601805581969586 -13.43304834533841507 46.94780318565071298  1.03672962320885964 119.06348764197760204 -13.41168061137289591 42.99600146276157631  1.03672962320992457 120.50773894370712469 -11.55644398067358658 40.23509360487916808  1.03672962320953665 121.74079986689721977 -8.90785777014350089 39.11645723760143767  1.03672962320961148 122.97382822925804646 -6.25925737629766044 37.99782144919752369  1.03672962320959727 123.99502304156044374 -2.81945602966532594 38.52230524990552141  1.03672962320965700 124.42578337666779476 0.37259142516735011 41.14443954105471590  1.03672962320952711 123.98258528842968929 1.86932515382109266 45.52739690301189768  1.03672962320972317 122.73732287010210484 0.55956785072084791 50.26683579268179614  1.03672962320949646 121.21450234364380094 -3.59028610430480999 53.23115895247270402  1.03672962320970563 120.28692192985158727 -8.57120001694676503 52.99472679848079082  1.03672962320955020 120.29838669919828931 -12.33081516431921898 50.25342662810678718  1.03672962320964079 121.13732192579155367 -13.85558637610899169 46.48243439371520225  1.03672962320960349 122.40557251836008845 -13.27206145734677989 43.13558272693360607  1.03672962320961259 123.70102880303046788 -11.34466352179828874 41.03946114424134350  1.03672962320961148 124.99645391305151065 -9.41724870656880420 38.94333735724754320  1.03672962320965611 126.31838139239364693 -6.14758406696283988 38.09956233239041978  1.03672962320942030 127.26453542452730971 -2.29745009294277658 39.33712872704501251  1.03672962321006468 127.41096698284057709 0.70009710269993519 42.89243746990848649  1.03672962320886963 126.59487095754803931 1.30588281845727572 47.86188760197121184  1.03672962321053164 125.10231432008711749 -1.32671417028494787 52.24015093040380719  1.03672962320872286 123.79130082659267487 -5.93443613169350392 53.90626945319048957  1.03672962321027473 123.22893911197729722 -10.40148680413816429 52.73205834412453896  1.03672962320923734 123.53921768722592844 -13.24982297702861445 49.72542729981162779  1.03672962320976159 124.47597917092328146 -14.03640305048403825 46.31161027351982540  1.03672962320957551 125.67419920931688182 -13.13317880064863452 43.56656925908745848  1.03672962320961215 126.87238845138082866 -12.22993573946730983 40.82152206155656415  1.03672962320965079 128.33140129756748138 -9.63774665748630710 38.74739964206496268  1.03672962320947004 129.68647840270509164 -5.72522071736165561 38.42143444996273871  1.03672962320988549 130.43782909253638991 -1.69277644321883258 40.61728249495799048  1.03672962320925310 130.21277992922847488 0.72677965248331233 45.06964703506140779  1.03672962320995565 129.01524529707822353 0.00265726410256306 50.20474228182865772  1.03672962320936812 127.55799614395678532 -3.53991454782958481 53.52920599333487672  1.03672962320973117 126.54505275573716006 -8.04393442893399069 54.11031601800060997  1.03672962320957507 126.31696048616657890 -11.79171288481899538 52.33520477922323977  1.03672962320961726 126.81726263669243338 -13.83823833352780497 49.38361372106349734  1.03672962320961148 127.77338853644381800 -14.10623311369237243 46.41700089400963236  1.03672962320961082 128.72954386044861508 -14.37424713035119339 43.45039829845268287  1.03672962320964634 130.14106374552758894 -12.86369375163952533 40.47112868237956462  1.03672962320945161 131.73644094918475389 -9.49403515524863550 38.64073519134478829  1.03672962321004181 133.01575609091605656 -5.05006608419198422 39.15222828663340238  1.03672962320882434 133.45384836935232897 -1.19476999748377999 42.41919204699846091  1.03672962321064666 132.77095489906147918 0.09039912734173505 47.53872327362299188  1.03672962320859363 131.42715773862499873 -1.85737339831053916 52.02492456950376010  1.03672962321036666 130.15527312777868474 -5.72213490027461091 54.28229893500572700  1.03672962320919426 129.46121268102220370 -9.80840357744601654 54.01842156215684554  1.03672962320977358 129.48643044310716732 -12.81283194045968088 51.98785004872656401  1.03672962320957551 130.09251710638906729 -14.22082094032893806 49.26076065981086316  1.03672962320961082 130.69863262301194595 -15.62882717412836442 46.53368579557867690  1.03672962320959394 131.88540878818474766 -15.43946574382608183 43.11229414873381671  1.03672962320970585 133.51573876690457610 -13.13519142633885828 40.06557870598442861  1.03672962320933748 135.16585665137810679 -8.96583888283966957 38.82428413694503888  1.03672962321015083 136.23805323956159441 -4.27128773347958823 40.41797288040782377  1.03672962320884543 136.21122080357079653 -1.18201753389889141 44.75192364127609324  1.03672962321043927 135.22318291084647512 -1.24805033450943625 49.72639761992637375  1.03672962320891893 133.92348365713650082 -3.89470297012353761 53.32576541672936798  1.03672962321004913 132.90676591305387433 -7.70694638045578007 54.62278535224618992  1.03672962320941675 132.49061322838201704 -11.22141827902839317 53.83179283309297603  1.03672962320966144 132.69200268533151643 -13.56461661276675734 51.76886764527676377  1.03672962320961148 132.89336190356527823 -15.90780070982689054 49.70592500025335880  1.03672962320954687 133.71236973397097358 -17.07804538811713968 46.37277332349870562  1.03672962320989726 135.16694662819202222 -16.19947065281976251 42.58296343504558479  1.03672962320887474 136.97433972005114811 -12.94909535067083084 39.78738229167079510  1.03672962321092443 138.55491594264987043 -8.13948469698136989 39.47453570273637524  1.03672962320790418 139.22590051043655990 -3.72605316709841983 42.37264671954855544  1.03672962321127859 138.78151325190464149 -1.90977009270383746 47.08741976306669130  1.03672962320837159 137.68961272002866281 -2.94502524404834176 51.49036630745199972  1.03672962321030449 136.54246065994743731 -5.91234772242307649 54.16018442861732751  1.03672962320933681 135.78599140395863287 -9.41142304849917188 54.73870370908566940  1.03672962320967588 135.58955425588749222 -12.34262915557023277 53.66342104453895701  1.03672962320961082 135.39314754128469076 -15.27384546299798274 52.58815816946187738  1.03672962320969320 135.75718764630587998 -17.63504564421607057 49.86007739266140959  1.03672962320926310 136.85232907670675218 -18.32555905390504591 45.91368822796182769  1.03672962321045969 138.57914861997619482 -16.49844497705038293 41.99872331311264873  1.03672962320820328 140.46545457042429916 -12.31569549869323232 39.83661404480456980  1.03672962321133677 141.76925547586381526 -7.25940893223153516 40.86690958756911130  1.03672962320797946 141.97415318788989680 -3.84701471812821705 44.61384876933540511  1.03672962321082229 141.29359096088097658 -3.12272241460020705 49.15936002381197056  1.03672962320891782 140.22841449810934478 -4.80299455281895593 52.80507808128831471  1.03672962320989903 139.28427949997109181 -7.76349107578154563 54.67441871093679850  1.03672962320954110 138.75756809342661313 -10.84603111406730847 54.75996683622683037  1.03672962320961148 138.23082576911409092 -13.92856517775481962 54.84549628298567114  1.03672962320953488 138.12217689831967959 -17.13084231688375780 53.14732904781258327  1.03672962320990680 138.72859096543592727 -19.29482394003643009 49.65451425833063581  1.03672962320895135 140.14969492569014164 -19.17874606994445230 45.22575132396188735  1.03672962321066731 142.09202409800619193 -16.26915054394982008 41.55287303514163710  1.03672962320831408 143.86782494809165200 -11.34937894611712750 40.56805794978258461  1.03672962321084161 144.72831794795445148 -6.86989881504490363 42.78607926256251659  1.03672962320871798 144.60039381776647360 -4.50592013356901688 46.79167589109975722  1.03672962321009754 143.81685181816149566 -4.65286006272975694 50.86765339017040333  1.03672962320942408 142.86643948461684772 -6.63364635931353419 53.75271474530103433  1.03672962320965500 142.12719934258754506 -9.40777761206386920 54.99550003717914137  1.03672962320961148 141.38792788681840307 -12.18190680887227373 56.23826869237230852  1.03672962320959994 140.86067801479526906 -15.74728476354420614 55.83796502959473429  1.03672962320965767 140.92370646331937678 -19.06486912430779057 53.33997162085050547  1.03672962320948892 141.86020383917437471 -20.68701531678249950 49.08103207515284794  1.03672962320984463 143.60063934022721810 -19.50314685232740075 44.46608208753906410  1.03672962320927753 145.61546346793215889 -15.47837595482334905 41.62545100387072239  1.03672962320999296 147.03830474167844500 -10.62337319918705170 41.98639412494942746  1.03672962320927420 147.52000136802755037 -6.98913545560150951 44.85167744843385407  1.03672962320982887 147.17499373280580244 -5.58993644181521532 48.74684545936696622  1.03672962320951623 146.40058210667010030 -6.29901102529142065 52.21785062322301485  1.03672962320963480 145.59894660299923430 -8.35195400319092229 54.43812113050761070  1.03672962320961148 144.79727840111263504 -10.40489762173015365 56.65837778448173623  1.03672962320967610 143.96929585768850757 -13.80013886842907311 57.62633294667575967  1.03672962320934525 143.51693061758535919 -17.77580975020108056 56.51290743560897312  1.03672962321023343 143.86379833591442434 -20.89876940724850840 53.08161650745223170  1.03672962320861584 145.17506745272336843 -21.63044396364941235 48.23665527864889668  1.03672962321077189 147.15962768947318295 -19.12293003191796004 43.98208402617090229  1.03672962320860029 148.96590203793931551 -14.64111922639924401 42.44047646963554143  1.03672962321027406 150.02142515577986615 -10.29944595958343356 43.73867073293986607  1.03672962320928796 150.20507416629249064 -7.57668198317208130 46.86947755304564112  1.03672962320972495 149.76215165144364505 -6.91565157523232354 50.40744807664422922  1.03672962320958750 149.05775239364177764 -7.94442086715602258 53.27663801571519286  1.03672962320961148 148.35331916765969140 -8.97319216272281750 56.14581777093445680  1.03672962320970230 147.38825611259488824 -11.69096094943923347 58.34412201072210991  1.03672962320922557 146.52695311715933713 -15.72901442852759146 58.79422299764981830  1.03672962321053896 146.26893389364954601 -19.88689170666769712 56.72240392323658398  1.03672962320809137 146.98910058935763345 -22.43230118322016153 52.39450903227758971  1.03672962321145201 148.67871717431827960 -21.83331186347596642 47.38313301441455394  1.03672962320789641 150.63113519497096604 -18.41659249106652396 44.18314839166836094  1.03672962321085871 152.13733064729780153 -14.03800788587776083 43.72605293911663438  1.03672962320891293 152.85927541003434271 -10.41575369420529640 45.62531393072278263  1.03672962320989392 152.85286419590559603 -8.49481108159322673 48.70107649537835215  1.03672962320954465 152.39052945398194083 -8.35234243595186854 51.79182798137568255  1.03672962320961148 151.92815868540978386 -8.20987562787777492 54.88257321276236667  1.03672962320960083 151.01054252219699947 -9.84597517771628894 57.98600766104807747  1.03672962320964834 149.90899668101761222 -13.34121034426264885 59.94055988139221824  1.03672962320954487 149.12296146367762617 -17.91055213726558293 59.55307111130441911  1.03672962320968320 149.18001117545253464 -21.89176448766474437 56.41059718634015496  1.03672962320957329 150.35500349170692402 -23.30201078970489803 51.41477452557195704  1.03672962320960438 152.19391325102023416 -21.48013306878355166 47.05305221198734955  1.03672962320963769 153.95912795327615186 -17.74077949380032848 44.91970034441430926  1.03672962320959239 155.14696428696365160 -13.78005008646828067 45.30771675421169675  1.03672962320961792 155.61569577939494025 -10.90119756180946275 47.46246902829773973  1.03672962320961171 155.50336515721116371 -9.61873748805871109 50.31369115126837954  1.03672962320961037 155.39107217888007995 -8.33627674294785059 53.16491538188370924  1.03672962320959372 154.69812581375501281 -8.65118550831033417 56.71045822088964172  1.03672962320968898 153.56175099781506788 -11.08103903232450982 59.88135637303205527  1.03672962320942319 152.40473152547880886 -15.37575296823094639 61.24661825901883816  1.03672962320993434 151.82791183547516312 -20.19624477446918931 59.77746965615761354  1.03672962320919448 152.34657426698416316 -23.41055389569076084 55.56716732750455634  1.03672962321003492 153.82999611848626387 -23.47046354531655510 50.71723526233228085  1.03672962320927287 155.62278544855092832 -20.94917018507786821 47.24183268973054339  1.03672962320981776 157.13346331388100907 -17.26250724030292005 46.06899670803101543  1.03672962320952267 158.04344420757283274 -13.87358227296947888 46.98414002036492576  1.03672962320963391 158.33587750846061226 -11.65592948361678438 49.17121462948260557  1.03672962320961148 158.62827430141700802 -9.43827389100608016 51.35828957190227584  1.03672962320962103 158.30321628485737051 -8.39360744724752195 54.81562448642799268  1.03672962320956974 157.34241343688483994 -9.39771416783885449 58.72956588230884734  1.03672962320972717 156.02835194173692912 -12.77351272494188805 61.64918539757329796  1.03672962320937989 154.94289303882553099 -17.70899358787455924 62.08648540673692651  1.03672962320995898 154.76399071067899627 -22.24753445165296739 59.31211650841405714  1.03672962320921158 155.70354650980667088 -24.18969783211267810 54.72179567978714232  1.03672962320996342 157.28869942360688583 -23.27985049106622739 50.44289019381596262  1.03672962320938300 158.92970371396913265 -20.43807502621001504 47.89719988825125085  1.03672962320971251 160.18006408930779116 -17.06456679295091305 47.44286729500318955  1.03672962320958684 160.87029229012424025 -14.25889579418842601 48.64227996559574763  1.03672962320961148 161.56048459193740996 -11.45321789289273795 49.84169469983484646  1.03672962320961637 161.69034298080205758 -9.21757869358602377 52.69392202242675438  1.03672962320958484 161.08904843429434095 -8.65262192430037480 56.76450124740632930  1.03672962320970030 159.85547504048736300 -10.60513000766950853 60.80342340224027708  1.03672962320941564 158.46436916018620877 -14.91377855115020523 63.09008493934015860  1.03672962320991457 157.65258535948535723 -20.09515098481452711 62.18342491794157212  1.03672962320927153 157.94289609202928659 -23.63344083836723541 58.56103983377384026  1.03672962320988593 159.11669402411763485 -24.48313340886409151 54.13948363740495040  1.03672962320945694 160.67572450744162893 -22.92841051420103682 50.61795697580914322  1.03672962320966811 162.11375471002764925 -20.09348132028251044 48.87276242260114856  1.03672962320960083 163.13425295888549726 -17.13647562661315504 48.91136625392643822  1.03672962320961037 164.15478702428947599 -14.17948136280910099 48.94996721177736276  1.03672962320961171 164.75731972416156168 -11.10276153949114430 50.77231890399720271  1.03672962320960904 164.64478274692740456 -9.06434469954840516 54.38926833520671522  1.03672962320962880 163.71687145861983481 -9.30580137652657413 58.94205662016398151  1.03672962320955375 162.26982354657505425 -12.34131989057350509 62.73941616605645066  1.03672962320972850 160.98593415210149260 -17.38614545801172184 63.84792984039806640  1.03672962320945561 160.62076735209407730 -21.99155737179994929 61.75441487547155361  1.03672962320975448 161.24181502115050080 -24.48090150703928103 57.87280407702688478  1.03672962320951867 162.51930187926518556 -24.45953922640125455 53.92100113323544974  1.03672962320965145 163.96354746958590454 -22.60430079232441258 51.16009367900713301  1.03672962320960216 165.19660944131854308 -19.95571491283496357 50.04145723761502751  1.03672962320961148 166.42963684274536718 -17.30711398727233785 48.92282138594860186  1.03672962320959683 167.45083689133593907 -13.86731553725309141 49.44730553085018698  1.03672962320966766 167.88158138482137360 -10.67525932000912370 52.06943878125822067  1.03672962320948758 167.43841803815175240 -9.17854480675194395 56.45239842495124094  1.03672962320980155 166.19309564244963440 -10.48826893775360070 61.19183337608584594  1.03672962320939077 164.67035971450530951 -14.63816968141211916 64.15616209085351329  1.03672962320980977 163.74267997177372536 -19.61902865892074033 63.91972341464826712  1.03672962320947293 163.75424264128307072 -23.37869795117694594 61.17842967287798217  1.03672962320968698 164.59309677982514586 -24.90342431613325402 57.40743211363810872  1.03672962320958040 165.86140348720141446 -24.31993043249257980 54.06058413188370793  1.03672962320962037 167.15682778632978511 -22.39251480684449902 51.96446044869301772  1.03672962320961037 168.45228395941256849 -20.46511710606179690 49.86833858117883977  1.03672962320973716 169.77416034544955892 -17.19542456485373094 49.02456085662603869  1.03672962320908568 170.72038028030954138 -13.34532596174819830 50.26212959644190903  1.03672962321087603 170.86674723040283652 -10.34774539611415634 53.81743844351873918  1.03672962320748363 170.05069307350998997 -9.74197875845298178 58.78688382174351545  1.03672962321228557 168.55813287137789303 -12.37457952671144668 63.16515749833905602  1.03672962320704309 167.24708422186282064 -16.98227529274996428 64.83126128839367652  1.03672962321150530 166.68478152707996287 -21.44936526143000677 63.65706630020271461  1.03672962320855655 166.99499828287900982 -24.29766173248901850 60.65042105391411553  1.03672962321003004 167.93180827577046443 -25.08427244892391172 57.23661423205707877  1.03672962320951512 169.12999863859781158 -24.18102961240871451 54.49156726799505890  1.03672962320961037 170.32823473754532984 -23.27781602340563438 51.74653170405016311  1.03672962320961171 171.78710554300084823 -20.68553704010261995 49.67236813808291629  1.03672962320960904 173.14252733406380003 -16.77323001605400421 49.34651072496485824  1.03672962320962880 173.89319880270173257 -12.74035350818243906 51.54213747721618688  1.03672962320955375 173.66925531971025976 -10.32150185358792704 55.99487089398862594  1.03672962320972850 172.47021445817128438 -11.04466391150170779 61.12945633344349972  1.03672962320945561 171.01469597857195026 -14.58833966357383005 64.45451117786339523  1.03672962320975448 170.00007021936440310 -19.09128609218731754 65.03504317543072943  1.03672962320951867 169.77335901248585515 -22.83994592178825656 63.26040826653409965  1.03672962320965145 170.27271091218048582 -24.88586485685896577 60.30848864997314251  1.03672962320960216 171.22937652620311155 -25.15420414638660773 57.34206272442210661  1.03672962320961148 171.70668042569138834 -25.28780328644828046 55.85928522749642156  1.03672962320969586 172.29952304449858502 -24.97748017419011646 54.37226500800068152  1.03672962320926243 172.97161846021475640 -24.21136186032280335 53.02665054222659791  1.03672962321041084 173.67420628629648149 -23.03652796344066189 51.97259630675303299  1.03672962320835893 174.35307441104470172 -21.54880651512406686 51.33092054947988458  1.03672962321105966 174.95175734135941070 -19.89171056177073282 51.17993440639399694  1.03672962320833428 175.42116817833866094 -18.23643523491957552 51.54046771321505815  1.03672962321046813 175.73082899232073828 -16.74885561270640721 52.36643954814199731  1.03672962320919204 175.87275362802037648 -15.56249883205928342 53.55554163446804949  1.03672962320974116 175.85590877273534716 -14.76850957362779937 54.97922022635422934  1.03672962320960482 175.55815811773322821 -14.04086288777720704 58.00709377578306203  1.03672962320958306 175.27715682033021949 -14.10726935961093709 59.61155041146803768  1.03672962320981732 174.89034821906915340 -14.64192395357803278 61.16339238918732946  1.03672962320906970 174.43974315596312863 -15.63138738264877503 62.50893718594350901  1.03672962321052631 173.97955500733507961 -17.00375226287137309 63.50532357215377743  1.03672962320848772 173.56826304023564944 -18.63462442925797546 64.04588818151292173  1.03672962321066819 173.25920192444147006 -20.36451456585628961 64.07979905447378144  1.03672962320884676 173.09210782733583756 -22.02405809639090961 63.62014957739581433  1.03672962321002782 173.08750879546551005 -23.46148073500197029 62.73866996229504167  1.03672962320945139 173.24530439564503581 -24.56472654651506105 61.54916713254530691  1.03672962320964324 173.85136933322604591 -25.97260309144605017 58.82234807282976163  1.03672962320958995 174.29963635085996998 -26.27721689368152624 57.28506530281728004  1.03672962320967410 174.87570942229734783 -26.11811700631444921 55.70835346359030638  1.03672962320945583 175.54512127968516211 -25.47774533731953639 54.24715663737151061  1.03672962320992057 176.25796244031997162 -24.39798660256673912 53.05754362721727091  1.03672962320915896 176.95595439543066618 -22.97895394908985622 52.26996850153965113  1.03672962321009665 177.58181246298931910 -21.36530048586181607 51.96604248595337339  1.03672962320922024 178.08830244477641713 -19.72329317274964566 52.16566345346775080  1.03672962320985063 178.44498632625382584 -18.21377000133853841 52.82731990313045145  1.03672962320950690 178.64124336550023031 -16.96798588775083516 53.86035695596096673  1.03672962320963724 178.72824466784106789 -15.18248847347996033 56.42756811601723399  1.03672962320958950 178.61901076451493964 -14.64253006629457232 57.96184936461616388  1.03672962320970652 178.36464786978257280 -14.54568018612160074 59.62548569206784776  1.03672962320935236 177.99166227898956549 -14.93508562023648878 61.26869042526843145  1.03672962321011153 177.54268013264925230 -15.80487316594336811 62.72881592257648720  1.03672962320891759 177.07350765872740794 -17.08367001599977186 63.85647703733642544  1.03672962321032025 176.64403987125882622 -18.64326259408385056 64.54177796387489252  1.03672962320906636 176.30695381506279773 -20.32706122615687505 64.73240048654267298  1.03672962320992657 176.10059904168952016 -21.97610832260045299 64.43864898050667023  1.03672962320948048 176.04752243820934154 -23.44161045285699529 63.72504918143584263  1.03672962320964435 176.14763679930808848 -24.61238981918435798 62.69376375141535362  1.03672962320961148 176.24877721885931692 -25.78366573513673643 61.66309215356716322  1.03672962320955642 176.50279006950427174 -26.66195630993600929 60.31271335540699141  1.03672962320981643 176.91720727814617931 -27.13910453150060675 58.74796864714521405  1.03672962320916073 177.46518284961894096 -27.13546769919400248 57.10868456415169447  1.03672962321031892 178.12498094652710279 -26.63508780955994837 55.56044466277535321  1.03672962320875217 178.83366662614184861 -25.67201102796690293 54.25651351374292375  1.03672962321044060 179.54174063202219713 -24.35017122701047043 53.34006823715129286  1.03672962320898487 180.18458645225126702 -22.80884608743349418 52.88967787535150222  1.03672962320996587 180.72145061683792733 -21.21140552919419875 52.92593835651482692  1.03672962320947826 181.11945201081528012 -19.70835031456495301 53.41582822866483582  1.03672962320963169 181.61560571967208944 -17.14634530103586485 55.14097265866644904  1.03672962320961015 181.71352074451658609 -16.08715395899107747 56.37635172913464032  1.03672962320956485 181.64939998115022490 -15.37641734344887823 57.90424937199843924  1.03672962320974693 181.42902080911107987 -15.11391482161020861 59.59984274089734413  1.03672962320937745 181.07875747365861230 -15.35308386511345802 61.30516734263436973  1.03672962320992723 180.64255515264784435 -16.08668779512580826 62.85197077117233277  1.03672962320925843 180.17637889814878349 -17.24479937030568166 64.08918233285652377  1.03672962320992590 179.73877200323880743 -18.70553714698848324 64.90649751011821422  1.03672962320939788 179.38185931704748555 -20.31728760128889277 65.25014541145920077  1.03672962320971851 179.14356522566984609 -21.92500863707362413 65.12598905739760369  1.03672962320957285 178.94718322668674659 -24.85595340554292321 64.05082829500770458  1.03672962320966988 178.98909963210314800 -26.17914117766162008 63.09983500075421148  1.03672962320932127 179.19233793311661884 -27.22208118613869487 61.79057435932371334  1.03672962321030049 179.56169684137302056 -27.86342282746833376 60.22675227049143132  1.03672962320852613 180.08128867629980618 -28.02051342703353498 58.55506244875579114  1.03672962321085338 180.71521822380012168 -27.66752514132108232 56.94426941008016740  1.03672962320853723 181.41258450230944277 -26.84281684948703273 55.55809376923043885  1.03672962321031958 182.11553262322260593 -25.64280359625621486 54.52930758462488114  1.03672962320925888 182.76859495855586601 -24.20376096176899949 53.94080214348161206  1.03672962320974249 183.32693333780622424 -22.67707980214228058 53.81766261989903910  1.03672962320957529 184.19421418700142112 -19.73817256753190463 54.44757656323127293  1.03672962320966411 184.50322769795945987 -18.32570457763092975 55.20053798519348476  1.03672962320935791 184.65735454510269165 -17.11614293399778219 56.36457052889089425  1.03672962321026141 184.64271282358322424 -16.24415402717133716 57.85798862002337017  1.03672962320844353 184.46295782186274437 -15.82103142578764476 59.55467280633459382  1.03672962321116580 184.14423782403105179 -15.90512006799017897 61.29203011792137801  1.03672962320805540 183.73167889615029935 -16.48893512712253795 62.89682420781030459  1.03672962321079187 183.27981075003128808 -17.50538469880818226 64.21886325293979780  1.03672962320894135 182.84424028257234340 -18.84166213763120368 65.15313812226074219  1.03672962320988127 182.47698431555656384 -20.35342790581795924 65.64244949039198218  1.03672962320954731 182.21319217149076053 -21.89385399187783321 65.68485263207338676  1.03672962320961148 

0.00000000000000000 6
6.28318530717958623 6

0.00000000000000000 12
6.55876742637323140 11
13.11753485274646280 11
19.67630227911969598 11
26.23506970549292561 11
32.79383713186615523 11
39.35260455823939196 11
45.91137198461262159 11
52.47013941098585121 11
59.02890683735908084 11
65.58767426373231046 11
72.14644169010554720 11
78.70520911647878393 11
85.26397654285202066 11
91.82274396922524318 11
98.38151139559846570 11
104.94027882197170243 11
111.49904624834493916 11
118.05781367471816168 11
124.61658110109138420 11
131.17534852746462093 11
137.73411595383785766 11
144.29288338021109439 11
150.85165080658433112 11
157.41041823295756785 11
163.96918565933080458 11
170.52795308570404131 11
177.08672051207724962 11
183.64548793845048635 11
186.92487165163709051 10
190.20425536482372308 10
193.48363907801032724 10
196.76302279119693139 11
200.04240650438356397 10
203.32179021757016812 10
206.60117393075677228 10
209.88055764394340486 12

9 1 1 1 0 6 11 6 138 2 16 182.21337766837939398 -21.86293651940441052 67.84475106219076679  1.66907846106823654 182.12181299029506931 -22.33603279185585322 67.85140079510748023  1.66907846106823077 182.06291908889528486 -22.77664650788078404 67.85908918773243670  1.66907846106825519 182.03475090435222228 -23.18496639845849927 67.86770675305487543  1.66907846106822433 182.03514288206699234 -23.56153445647446176 67.87714057479854546  1.66907846106821589 182.06158148788975382 -23.90699809572228673 67.88726066353777355  1.66907846106829139 182.11124021900599246 -24.22270649660928044 67.89793730502861990  1.66907846106817326 182.18135402648692889 -24.51123370028008708 67.90907563913657441  1.66907846106827962 182.26987815779915536 -24.77633239379684937 67.92065154291316276  1.66907846106822189 182.37614452042583935 -25.02224371088014720 67.93273072641939336  1.66907846106823188 182.62584899963331964 -25.48317579639033426 67.95817084373943828  1.66907846106825897 182.95477083769770843 -25.89323238593272691 67.98670273571742939  1.66907846106819613 183.14025678163400812 -26.08835508829444194 68.00187607004518497  1.66907846106841951 183.34871213832988701 -26.27523933364896180 68.01810198111151351  1.66907846106785418 183.58180301615496433 -26.45442532438208971 68.03548048143623816  1.66907846106876767 183.84046046986455281 -26.62560746524937016 68.05404796080759411  1.66907846106770830 184.12481728651576418 -26.78804849316745873 68.07378430552054738  1.66907846106861069 184.43438668327684127 -26.94099767329707262 68.09463367703176573  1.66907846106806024 184.76833126919001415 -27.08398413367477886 68.11652704336722763  1.66907846106827806 185.48300997630281017 -27.34972868687988878 68.16226206985508895  1.66907846106820212 186.28675212732670730 -27.57431559138832000 68.21157229615997153  1.66907846106826385 186.70975508096242379 -27.67619631793263224 68.23704296298458871  1.66907846106816571 187.15266951404274209 -27.76772130941760608 68.26324684153637179  1.66907846106834756 187.61423820724792222 -27.84909243805194379 68.29010141559997749  1.66907846106811619 188.09320478013128763 -27.92062561155688627 68.31752570600350793  1.66907846106833357 188.58833941495754516 -27.98272450368825659 68.34543977184834773  1.66907846106817392 189.09845264487287864 -28.03585886134239757 68.37376200166180240  1.66907846106826896 189.62239720639612983 -28.08054738823167895 68.40240419446551812  1.66907846106822766 190.69571870609311759 -28.15414302204773378 68.46012466706574173  1.66907846106824276 191.81548479134238505 -28.19851011467514468 68.51821740524513871  1.66907846106823299 192.38589557719777190 -28.21405589333547681 68.54700826937177283  1.66907846106825097 192.96565366907086059 -28.22290519232343797 68.57716806263768206  1.66907846106820745 193.55413492121311947 -28.22822896854387764 68.60179546364517478  1.66907846106826319 194.14933556280897164 -28.22476619924987418 68.63641276620349174  1.66907846106824831 194.75188302851245226 -28.22286422682126172 68.65460872246370627  1.66907846106817814 195.35883356044567449 -28.21161137934120688 68.68762473036495919  1.66907846106830959 195.97118214034432526 -28.20277750282676976 68.70330514583244508  1.66907846106818303 196.66339987584265714 -28.18684543613543525 68.72825076781279563  1.66907846106827473 197.36088757543507199 -28.17698763045727617 68.71496032156883871  1.66907846106821367 197.43845280949412313 -28.17597906226238891 68.71295124423993173  1.66907846106841462 197.51608925980511344 -28.17509348368069411 68.71030366487876506  1.66907846106782065 197.59380274708507841 -28.17437317114979223 68.70689150356342623  1.66907846106885627 197.67159980741894287 -28.17385998856542528 68.70257461043988201  1.66907846106757862 197.74948858328630763 -28.17360096447879414 68.69718461267163434  1.66907846106873881 197.82748109547870285 -28.17366588940464212 68.69049073929548399  1.66907846106796964 197.90559689591086112 -28.17417693324006578 68.68214562399103329  1.66907846106832269 198.02300370403057173 -28.17593695757089733 68.66634381663955367  1.66907846106818525 198.14087513972589250 -28.18000585783051193 68.64376352423271044  1.66907846106825808 198.18022322630068288 -28.18165534064637612 68.63538353950235660  1.66907846106819413 198.21963777806379881 -28.18367154855340218 68.62601532992748332  1.66907846106827717 198.25912942671502037 -28.18614247844481469 68.61549760395300268  1.66907846106822233 198.29871057491459396 -28.18916522561105609 68.60363981987178761  1.66907846106822721 198.33839648908750064 -28.19285771834382004 68.59020759877117257  1.66907846106824653 198.37820748860588083 -28.19738754327701358 68.57489651327858837  1.66907846106823521 198.41817223133406856 -28.20301786146523071 68.55729425209948147  1.66907846106823676 198.49849195976642591 -28.21732296893474512 68.51636806860844331  1.66907846106823210 198.57983048207358934 -28.24035870291744388 68.46084623351308096  1.66907846106824498 198.62080238430624490 -28.25476853521786680 68.42890200677857138  1.66907846106820035 198.66223644207434518 -28.27278711042139037 68.39007685988393348  1.66907846106829605 198.70403904365380754 -28.29680409260470952 68.34753754822683902  1.66907846106818547 198.74663208128112046 -28.32691524667125549 68.29313760847307435  1.66907846106826252 198.79015704868746184 -28.36916900392727570 68.22754802782662864  1.66907846106821700 198.83466870414414984 -28.42897477272942908 68.15276225197284532  1.66907846106826296 198.88114655304073608 -28.51116583489879019 68.05248244476540265  1.66907846106821456 198.95476177290788655 -28.72722687633793726 67.87888988017171243  1.66907846106826363 199.03033932805280415 -29.09009204763713186 67.75029912646922980  1.66907846106820856 199.05553915595262993 -29.22794781364482830 67.71686056918035490  1.66907846106840840 199.08039684294371341 -29.38019185959736390 67.69820970720158471  1.66907846106783819 199.10448783365632153 -29.54434719283486288 67.70118773124521283  1.66907846106881519 199.12708959245773599 -29.70518191311865408 67.73120042222107884  1.66907846106766566 199.14813664427595086 -29.84940060183398103 67.78198481743082482  1.66907846106861824 199.16815868885254304 -29.97471026664219096 67.84194682541371435  1.66907846106807645 199.18734388565863469 -30.08141760816308263 67.90760102968403089  1.66907846106826252 199.22463337591679533 -30.26087320462775665 68.04060940105479460  1.66907846106823188 199.26052035272431340 -30.38179928958217957 68.16757417336630454  1.66907846106821967 199.27831121187159624 -30.42999540114933410 68.22703628675763809  1.66907846106834867 199.29607192699572238 -30.46859544161415201 68.28160939380965999  1.66907846106799207 199.31387031473141747 -30.49991368127586711 68.33128529821914299  1.66907846106856317 199.33173802088722937 -30.52567043980809203 68.37642239709566638  1.66907846106793922 199.34968592759611283 -30.54704113054156522 68.41747403334744604  1.66907846106842062 199.36771572665921326 -30.56485347431026867 68.45487528228166241  1.66907846106816393 199.38582691597773078 -30.57979464703228345 68.48902431036253802  1.66907846106825120 199.44040159571264326 -30.61788108149444909 68.58283471157275812  1.66907846106821078 199.49564629381913505 -30.63914102609483692 68.65368169535823029  1.66907846106827162 199.53273337788297681 -30.64910749160518932 68.69334130168215324  1.66907846106814484 199.57002776348070938 -30.65642595317676822 68.72727812215428855  1.66907846106838065 199.60748528144185343 -30.66186267954363132 68.75677946608362845  1.66907846106808444 199.64507304986227609 -30.66589148535051379 68.78274779064311417  1.66907846106834756 199.68276839575722192 -30.66889246977278205 68.80583415415918580  1.66907846106818125 199.72055449972657470 -30.67116814384496593 68.82653196498081627  1.66907846106825541 199.75841603783163691 -30.67289570075467608 68.84523463712550040  1.66907846106823099 199.87218220839238825 -30.67661114843021863 68.89631301743580138  1.66907846106824964 199.98641161236776043 -30.67702032895287800 68.93446316770641147  1.66907846106821234 200.06268979076747883 -30.67655351999987445 68.95609362939069342  1.66907846106832292 200.13904575519364926 -30.67565090197766864 68.97497810376120242  1.66907846106805557 200.21544954767048807 -30.67443999502946639 68.99173377459914036  1.66907846106850966 200.29187969202681074 -30.67300061481328299 69.00678597581548956  1.66907846106793145 200.36831903385311193 -30.67140791204817418 69.02047337547841721  1.66907846106847235 200.44475362596128321 -30.66972560688312299 69.03306579824780442  1.66907846106812663 200.52117284820923260 -30.66798513551932004 69.04475009145204467  1.66907846106825142 200.90315336031548554 -30.65899159107944527 69.09919683444799432  1.66907846106823632 201.28436276468269739 -30.64920572906766338 69.13696225426939179  1.66907846106820612 201.58837806977518881 -30.64188223473327000 69.16358938895008635  1.66907846106834112 201.89126689477046739 -30.63505530393089415 69.18760124588331450  1.66907846106806645 202.19288276241718449 -30.62875465188184165 69.20943219613199915  1.66907846106840596 202.49306213856351633 -30.62316097017190231 69.22991519762678081  1.66907846106812707 202.79165186256250308 -30.61842537637790684 69.24964572556177700  1.66907846106827984 203.08852549974193380 -30.61457811846205601 69.26861125802561503  1.66907846106822855 203.38356146659114643 -30.61163795503016871 69.28667682323950316  1.66907846106823654 204.26271300646689610 -30.60601194706613626 69.33946192470281744  1.66907846106823965 205.12283483942053408 -30.61048822353940935 69.38785026356578101  1.66907846106823210 205.68672817637155958 -30.61860051815273920 69.41874033411380651  1.66907846106825875 206.24003261558243594 -30.63246691061727134 69.44848742002008635  1.66907846106817281 206.78166541760248265 -30.65269918217331835 69.47716858745110358  1.66907846106834135 207.31051912695045303 -30.67989156112419735 69.50481949817107363  1.66907846106813595 207.82545361076256540 -30.71461447938281708 69.53146917307140029  1.66907846106829072 208.32529019115793290 -30.75740389417782694 69.55713286841091758  1.66907846106822610 208.80880827037171343 -30.80874463695733212 69.58179378073623411  1.66907846106822899 209.74068142518487434 -30.92934786600704200 69.62901481222539246  1.66907846106826030 210.59701819068058626 -31.08699876357212943 69.67192660368282020  1.66907846106819657 211.00498409283508749 -31.17540240779346306 69.69226882673939372  1.66907846106841173 211.39144807690479411 -31.27353446742965204 69.71145617777433756  1.66907846106787772 211.75505350229877877 -31.38145112004725590 69.72944104117311781  1.66907846106872304 212.09440775270570612 -31.49904551680486264 69.74617178990270361  1.66907846106776625 212.40818649680161911 -31.62592958004735522 69.76159861085872649  1.66907846106855962 212.69530664003372067 -31.76135836403350154 69.77568218679739687  1.66907846106809177 212.95515362432306006 -31.90428876030273742 69.78840467092548749  1.66907846106826319 213.42054384270119272 -32.20303989814885171 69.81116010953707018  1.66907846106822899 213.78192693637564048 -32.52570360039733544 69.82879396453026288  1.66907846106822566 213.93782142821507364 -32.69264324875355499 69.83639736155515720  1.66907846106831359 214.07055681101786604 -32.86506393297344175 69.84287400538480028  1.66907846106807689 214.18349260481340934 -33.04446898417840117 69.84839093257295417  1.66907846106845215 214.28003867819097650 -33.23465936464956627 69.85311588906743907  1.66907846106802382 214.36170827146756324 -33.44126134084493174 69.85712532245239004  1.66907846106839086 214.42740228640846567 -33.67024778710939614 69.86037127507756850  1.66907846106815461 214.47425504957544717 -33.92614100685759126 69.86272245614507881  1.66907846106826763 214.49919494583664914 -34.21113934873736184 69.86403869014198165  1.66907846106823032 214.49919650776863023 -34.52696428571422160 69.86418185831895755  1.66907846106823654 
182.21337766837939398 -21.83198478184734626 70.00453528807658188  1.03672962320961215 182.12318863015167381 -22.29911162957916204 70.01109947352746588  1.03672962320962081 182.06545611578570742 -22.73311900325167301 70.01867407474668425  1.03672962320957418 182.03813753511178675 -23.13414749636121925 70.02714284113109500  1.03672962320972317 182.03894855096910987 -23.50272489483181459 70.03638575909415920  1.03672962320939854 182.06522330842457791 -23.83949443342585539 70.04626409276535526  1.03672962320990081 182.11395281870090912 -24.14586858716113227 70.05663940339708518  1.03672962320933304 182.18219546430398736 -24.42460254650517371 70.06741145970275397  1.03672962320980133 182.26779933261246924 -24.67974351200007277 70.07855757775016059  1.03672962320953221 182.37012183210535454 -24.91587393229515968 70.09015355540788050  1.03672962320962214 182.61023373976448170 -25.35818366054542849 70.11455443007938015  1.03672962320962214 182.92698246273630502 -25.75227506354001861 70.14196724904030589  1.03672962320958240 183.10594421396217513 -25.94028240489874193 70.15657777572610598  1.03672962320977180 183.30771497544085946 -26.12101060373657546 70.17225531711753206  1.03672962320925777 183.53421125552983995 -26.29498279662288240 70.18911322247676310  1.03672962321011908 183.78654365395698278 -26.46179415285384806 70.20719506407925792  1.03672962320910322 184.06494755204289504 -26.62056577496630894 70.22648243755706687  1.03672962320997297 184.36897902569688767 -26.77040298124381223 70.24691773465345079  1.03672962320944428 184.69780971772436828 -26.91071656573972248 70.26842883160489350  1.03672962320964857 185.40309909327376658 -27.17181469641074898 70.31345644133097039  1.03672962320958950 186.19905209753227382 -27.39277639935890818 70.36215604024832260  1.03672962320962103 186.61854089691112790 -27.49301220293743597 70.38734155380669222  1.03672962320961615 187.05829346727094276 -27.58298308913089159 70.41327561776806476  1.03672962320957929 187.51702082745296707 -27.66282486065717094 70.43987074889835753  1.03672962320967277 187.99343484575422281 -27.73279584925085572 70.46704109931599191  1.03672962320955020 188.48627638738688006 -27.79324602857895243 70.49470180527934815  1.03672962320965056 188.99433030474361317 -27.84458838322030871 70.52276572991483761  1.03672962320959838 189.51642727081198814 -27.88727253375746429 70.55113759983862565  1.03672962320961326 190.58643764005211096 -27.95624870211672786 70.60827347158735279  1.03672962320961570 191.70358162753686315 -27.99425177372875950 70.66563536382149380  1.03672962320960371 192.27283098790124427 -28.00567590351134228 70.69386838685444729  1.03672962320964390 192.85158803628291935 -28.01224246594901501 70.72438104011945370  1.03672962320957063 193.43910331192191165 -28.00571312654237843 70.74602386009546251  1.03672962320962192 194.03361327979104090 -28.00672871829500821 70.78414691588911012  1.03672962320966433 194.63529060967030659 -27.98176145887739352 70.79616839436994269  1.03672962320952000 195.24171138338820697 -27.97195493948999712 70.83260659132061221  1.03672962320969186 195.85326109319285592 -27.93564521908727016 70.84278257520274735  1.03672962320957351 196.54476466181492356 -27.90094874483323295 70.86726960100399708  1.03672962320962614 197.24052065186100435 -27.80879175920642510 70.83998423957564228  1.03672962320961037 197.31787888587632551 -27.79775426561269214 70.83623556674658062  1.03672962320960371 197.39529159700862238 -27.78577871907710772 70.83160552446369707  1.03672962320965345 197.47276200529373114 -27.77269775108306149 70.82589971171312015  1.03672962320953976 197.55029333060591057 -27.75832018257074196 70.81891030912859719  1.03672962320968742 197.62788947522818717 -27.74241305018862747 70.81039263222176317  1.03672962320955819 197.70555714497265853 -27.72466232529409069 70.80000165868077033  1.03672962320964057 197.78330940885223299 -27.70461232564028720 70.78718852968238195  1.03672962320960416 197.90010134152601040 -27.67006956689315089 70.76299127305867387  1.03672962320961481 198.01723359389526991 -27.62656170646834042 70.72811662543240629  1.03672962320961348 198.05631974870584600 -27.61093313434226459 70.71514450850476408  1.03672962320959416 198.09545656556483095 -27.59402746931289840 70.70056800571947520  1.03672962320965345 198.13465437280547121 -27.57566427224878680 70.68407961766276060  1.03672962320956397 198.17392463171532313 -27.55562353565153089 70.66532741823344566  1.03672962320963924 198.21328132549675161 -27.53363313027141501 70.64388095119305433  1.03672962320960993 198.25274434121121203 -27.50935396841741820 70.61915710206389463  1.03672962320960727 198.29234484470202915 -27.48236288404491390 70.59030594531471081  1.03672962320961437 198.37192045229753035 -27.42190357504919973 70.52180718846510388  1.03672962320960926 198.45255654153433511 -27.34588272306723766 70.42417112591854789  1.03672962320961548 198.49322232834168744 -27.30380075144786289 70.36635582476019124  1.03672962320959283 198.53432611085790427 -27.25387601507181401 70.29564931361645108  1.03672962320966233 198.57613129338753311 -27.20375868858915425 70.21125953045250867  1.03672962320952955 198.61867406580199713 -27.13999643442244647 70.10486103733929042  1.03672962320971052 198.66264457907047358 -27.06973853387245654 69.96708604300330592  1.03672962320952267 198.70865557600723150 -27.00169613936984447 69.79095331684656855  1.03672962320967010 198.75731107786893403 -26.91358660498078592 69.55210122888037461  1.03672962320958995 198.84099137936044599 -26.83542986358233406 69.01658077149291159  1.03672962320962658 198.94133834352837198 -26.97855392374898997 68.28247012544736094  1.03672962320960527 198.97669255443560132 -27.05879504262345137 68.01915886933954880  1.03672962320965190 199.01364717551695094 -27.17798142487420776 67.74678671951215847  1.03672962320950290 199.05189680043847034 -27.34501942572035205 67.47632386744861321  1.03672962320979134 199.08967973579819954 -27.55370509817616309 67.23847535107441331  1.03672962320942696 199.12549265751525240 -27.78036058792607932 67.04903377137797804  1.03672962320973339 199.15910908859285655 -28.00341720804723167 66.90018272448729419  1.03672962320956619 199.19057495817480685 -28.21738452753644921 66.78791902780797329  1.03672962320961504 199.24960745563973319 -28.61427248959371639 66.62147009461287439  1.03672962320962014 199.30194609998599731 -28.94272747946319768 66.54612555246441730  1.03672962320959394 199.32672067523498072 -29.08803311524621549 66.52478703721610032  1.03672962320969808 199.35040908426424267 -29.21563637240249278 66.51447765420466851  1.03672962320943651 199.37327638339903046 -29.32783213451983073 66.51134741427746633  1.03672962320984152 199.39551845905913297 -29.42693247092624631 66.51289982220438901  1.03672962320940165 199.41726849195225668 -29.51486379888588374 66.51763813732530650  1.03672962320975026 199.43861989756632624 -29.59317532856099930 66.52462449330995753  1.03672962320955264 199.45965010946545704 -29.66321469401701449 66.53311733474750156  1.03672962320962436 199.52198849697299465 -29.85225063252789823 66.56112321606245530  1.03672962320959505 199.58244835277932339 -29.98631681543487559 66.59404656620318974  1.03672962320963302 199.62228627756786636 -30.05890760583834265 66.61539104739796358  1.03672962320957573 199.66182808976716956 -30.11934153709810502 66.63539718373399978  1.03672962320962814 199.70115729705185004 -30.17052383173151497 66.65408371754190853  1.03672962320966766 199.74032510920562800 -30.21442796223158567 66.67156906979691655  1.03672962320948137 199.77937278458460924 -30.25251583304645564 66.68787520927521939  1.03672962320975226 199.81833318542217626 -30.28590977569398746 66.70299486253811949  1.03672962320953022 199.85722513180448345 -30.31544082130843876 66.71702854685887019  1.03672962320962925 199.97371216927047044 -30.39421150226361945 66.75653663063495458  1.03672962320959683 200.08974928113872238 -30.44820093017064622 66.78861590187788977  1.03672962320962436 200.16698292967743100 -30.47713929361458796 66.80743872243471060  1.03672962320959217 200.24412164605155340 -30.50108403693820591 66.82425568296655172  1.03672962320964435 200.32117609988401341 -30.52118889532327728 66.83947599831407160  1.03672962320957240 200.39815208986553330 -30.53824096477293892 66.85339574599650803  1.03672962320964901 200.47505514611219724 -30.55287855959486620 66.86623186419343767  1.03672962320958328 200.55188969992713055 -30.56561410295907422 66.87815124982672899  1.03672962320963191 200.62865673947260348 -30.57678982017904445 66.88929120710471921  1.03672962320960305 201.01214239070782241 -30.62581074088604183 66.94167265532637145  1.03672962320965500 201.39389542164292379 -30.64651754450117593 66.97961534935505767  1.03672962320951312 201.69815238398254564 -30.65777260284323447 67.00629588087534216  1.03672962320987705 202.00112846172984860 -30.66533027985375170 67.03042808427875343  1.03672962320917006 202.30269332848985187 -30.66995123323570738 67.05253618743488175  1.03672962321013085 202.60273171072006448 -30.67320963247718169 67.07329279310933146  1.03672962320917339 202.90112463562689982 -30.67625524926088332 67.09318088213375120  1.03672962320987372 203.19774006619863371 -30.67910620876954653 67.11227384742126389  1.03672962320951267 203.49244384937415475 -30.68156557980904253 67.13054056632289246  1.03672962320962658 204.37045650125915586 -30.69041003640826304 67.18377103369368797  1.03672962320959905 205.22897895437913007 -30.70398178179517146 67.23246770270553441  1.03672962320962481 205.79162206360197729 -30.71681174905925360 67.26350982185546457  1.03672962320958839 206.34349331417061535 -30.73449579941851795 67.29336521783008607  1.03672962320964457 206.88350171224573160 -30.75784462898924332 67.32211905758387616  1.03672962320957152 207.41052716375867249 -30.78758278676462368 67.34981211040133076  1.03672962320967099 207.92341359570446002 -30.82440013349420838 67.37647595447016613  1.03672962320954287 208.42096209225698544 -30.86892883346200733 67.40212713368703135  1.03672962320965967 208.90192616681076743 -30.92169505605304280 67.42675004737210998  1.03672962320959949 209.82809641571284942 -31.04449407189948928 67.47384666384495233  1.03672962320961926 210.67740421654698935 -31.20308226026851628 67.51653535650018512  1.03672962320961037 211.08148805198459286 -31.29163996314125384 67.53674119321902936  1.03672962320959661 211.46366784619786472 -31.38958576469769923 67.55576688497185955  1.03672962320967721 211.82254671730484574 -31.49693472942666617 67.57356387079097715  1.03672962320947382 212.15668821820901258 -31.61351908641764297 67.59007924879068696  1.03672962320980244 212.46473068427934550 -31.73885993488208612 67.60526213692847364  1.03672962320943829 212.74557687238859671 -31.87208499024590935 67.61907318236002595  1.03672962320971096 212.99864317592158613 -32.01199329623682388 67.63149659183385154  1.03672962320958706 213.44966222371235176 -32.30274235998678023 67.65361151948516749  1.03672962320962792 213.79585829734921276 -32.61306963340071974 67.67056012002042564  1.03672962320960593 213.94416152224272309 -32.77266210190099827 67.67781994134683998  1.03672962320959394 214.06955580526590666 -32.93648370243636236 67.68396422543798963  1.03672962320970563 214.17581447551273754 -33.10612114954081164 67.68917991275044699  1.03672962320941009 214.26676604524419645 -33.28567961871723924 67.69365472460376054  1.03672962320989304 214.34415960707042359 -33.48126502270265803 67.69747628760558200  1.03672962320933859 214.40688015330979965 -33.69936290149824742 67.70059583568725259  1.03672962320979933 214.45187584753347210 -33.94486811905422030 67.70287323978644167  1.03672962320952711 214.47586905744074670 -34.22012736714735581 67.70415863051670158  1.03672962320963347 214.47563273928008698 -34.52696428571422160 67.70430439391093103  1.03672962320961215 
179.59111767867108256 -21.32012164148995481 70.30737175424805230  1.03834669984750638 179.47632526521709906 -21.91452827276489046 70.31602744225075696  1.03834669984751593 179.39852587691120789 -22.48904935337558442 70.32628467453135102  1.03834669984746530 179.35774165603328356 -23.04482431143648569 70.33816989138004772  1.03834669984762074 179.35420296358000769 -23.58265884570401738 70.35171276778683591  1.03834669984729877 179.38846876795676621 -24.10325895131462914 70.36695909726262244  1.03834669984777261 179.46139358180411705 -24.60666773834878640 70.38395440824108107  1.03834669984725836 179.57377387861890838 -25.09177141891169427 70.40271130862512905  1.03834669984767136 179.72572591908036088 -25.55634290746218440 70.42317559856624598  1.03834669984743311 179.91606591842895568 -25.99769354929126308 70.44520823556820233  1.03834669984752281 180.36829905025274456 -26.82951757294803485 70.49199632551739114  1.03834669984749506 180.95177700406193821 -27.55455065578508922 70.54342310351027834  1.03834669984751282 181.27335972640824480 -27.88902830248863296 70.57009218417321961  1.03834669984749817 181.62113529905025189 -28.19520778673278372 70.59750281585512255  1.03834669984751482 181.99171560060730712 -28.47389342612745367 70.62548349790182556  1.03834669984749817 182.38240663053346680 -28.72668750481496502 70.65392278498639200  1.03834669984752015 182.79126820055995495 -28.95559903482336139 70.68276255844597245  1.03834669984749017 183.21694517615887321 -29.16264859023155154 70.71197839459068746  1.03834669984751216 183.65841347432319708 -29.34959090672456838 70.74155827094045890  1.03834669984751327 184.57115457229349431 -29.68616297162057194 70.80142343179095121  1.03834669984748507 185.54050894310827857 -29.95399142932963343 70.86269322982795416  1.03834669984754213 186.03859535810920534 -30.07214309044314504 70.89367590176274803  1.03834669984734451 186.54942832271092357 -30.17577769170783597 70.92500638178147199  1.03834669984784989 187.07237982995144421 -30.26600029643185863 70.95668472270668303  1.03834669984702233 187.60682100041182707 -30.34380542500849742 70.98870946889282152  1.03834669984799799 188.15209772663490639 -30.41009947672813496 71.02107800788790826  1.03834669984714867 188.70751750771631805 -30.46571567165722172 71.05378879985666174  1.03834669984767625 189.27234747378426505 -30.51142151267055169 71.08684548479442356  1.03834669984747263 190.41929972743932353 -30.58441602244538160 71.15368025021004428  1.03834669984751771 191.59773752811423719 -30.62309032749012871 71.22209313617344151  1.03834669984751771 192.19402694830151290 -30.63395925818256416 71.25680217504040570  1.03834669984740957 192.79672653663484994 -30.64099288821402212 71.29148098980309101  1.03834669984773753 193.40443369377732097 -30.62919332247294690 71.32846796910982334  1.03834669984715711 194.01761873917874368 -30.63512298761062169 71.36255169837860990  1.03834669984788897 194.63318246840267989 -30.59908876977235082 71.40301044367942040  1.03834669984719352 195.25290621283681958 -30.59352056902432437 71.43886209334040416  1.03834669984769334 195.87312623149475144 -30.54629404928498815 71.48275212303194337  1.03834669984743155 196.57272925206945047 -30.50815612888220940 71.53085168289044304  1.03834669984753436 197.26897973611272619 -30.38684775308816910 71.60354369250046602  1.03834669984750017 197.34629182665980807 -30.37221799879499429 71.61196763376939600  1.03834669984752859 197.42354377038094526 -30.35619988844958073 71.62078377033971321  1.03834669984747796 197.50072270987161005 -30.33851181479870718 71.63004676997226738  1.03834669984752948 197.57781421506840047 -30.31884584806978467 71.63982688297481616  1.03834669984749572 197.65480110523409962 -30.29683492210682161 71.65021423916061849  1.03834669984750505 197.73166088066062684 -30.27196923207289814 71.66132138296744358  1.03834669984751149 197.80836176409138716 -30.24346184373680302 71.67328404677010667  1.03834669984750683 197.92310514574685953 -30.19336434962485782 71.69274822013872495  1.03834669984749950 198.03723413143563903 -30.12788032063628307 71.71489176690411682  1.03834669984751837 198.07520011017675188 -30.10411402366904454 71.72260661875546361  1.03834669984743355 198.11307895998729123 -30.07807528166892652 71.73065780336069963  1.03834669984765915 198.15085865416750721 -30.04936465901032250 71.73904818977470654  1.03834669984730921 198.18852456884093272 -30.01751747089246081 71.74779413711684128  1.03834669984768468 198.22605866921995244 -29.98196363328917968 71.75691855871033908  1.03834669984738581 198.26343856502853669 -29.94194733409866416 71.76642376621236963  1.03834669984756611 198.30063643511456917 -29.89640652552516897 71.77624409371635750  1.03834669984749040 198.37459920732817409 -29.79121794980133586 71.79611250996512695  1.03834669984751993 198.44752631399310872 -29.64902842809664207 71.81473793353698909  1.03834669984749484 198.48371958351597755 -29.56691744608097849 71.82295565745280896  1.03834669984753702 198.51939467978621678 -29.46790230992732518 71.83155503279738241  1.03834669984746131 198.55505813019385641 -29.35547917428226228 71.83266930730698618  1.03834669984754302 198.58982347825036641 -29.21405401122812862 71.83468462700966484  1.03834669984750527 198.62416847894155580 -29.03850771200722392 71.82541320749879787  1.03834669984747241 198.65867302052288323 -28.82691195336295920 71.79248955733484649  1.03834669984754679 198.69187430195810862 -28.54316083341815258 71.74387889289036480  1.03834669984748640 198.74533090810285785 -27.97536471823506687 71.51920636500214812  1.03834669984751704 198.81351922934700838 -27.33792586005747083 70.96850625436900373  1.03834669984750350 198.83840971035448320 -27.12550049872161750 70.74294227350698350  1.03834669984751193 198.86588073272363886 -26.92598492864751236 70.47451073875814131  1.03834669984749617 198.89651620884461636 -26.75500910338794824 70.16071913737103216  1.03834669984750305 198.92988966570729303 -26.63896005199900685 69.82479861013298716  1.03834669984754191 198.96442579175004539 -26.57998529987937530 69.49857611781625621  1.03834669984745465 198.99870118371470085 -26.55845960420815999 69.19859828534256962  1.03834669984754124 199.03235470766367143 -26.56743007586441507 68.92794854136977278  1.03834669984749572 199.09757445212684956 -26.62451355996806868 68.44932906892908875  1.03834669984751837 199.15821356585837520 -26.73199490629573916 68.08817807751597684  1.03834669984749328 199.18727141379886802 -26.79106150431687894 67.93511827800242031  1.03834669984756101 199.21515114332592589 -26.85097774669806725 67.80541748529422819  1.03834669984738914 199.24200673997404465 -26.90928099609501345 67.69469093139159099  1.03834669984766848 199.26799259595230751 -26.96483384987002196 67.59929586049419470  1.03834669984735850 199.29323703559205683 -27.01725565586412969 67.51652411580282376  1.03834669984759254 199.31784310992622977 -27.06649866801318183 67.44434681426425016  1.03834669984747929 199.34190041583022435 -27.11259355741930577 67.38104070113688238  1.03834669984750749 199.41267425351716724 -27.24157986867557923 67.21299592671246614  1.03834669984750483 199.47980303996666862 -27.34469645637678070 67.10104754820163464  1.03834669984750749 199.52344294456185025 -27.40349404205013784 67.04236603541086481  1.03834669984750927 199.56627693823020309 -27.45421322272489206 66.99473174565547140  1.03834669984749284 199.60849714043078507 -27.49849234245012042 66.95533641778366984  1.03834669984753525 199.65023392438979499 -27.53754706424941645 66.92233173691741399  1.03834669984746619 199.69158384253694294 -27.57221402953915401 66.89431169473039063  1.03834669984754324 199.73262097865992359 -27.60311209881332317 66.87018337732443740  1.03834669984749040 199.77340007099112995 -27.63080247147893331 66.84919693908241811  1.03834669984750239 199.89507910978176142 -27.70588200527278744 66.79432268407630602  1.03834669984753170 200.01509143018671466 -27.75994097198203647 66.75935433794697360  1.03834669984745398 200.09461877757831871 -27.78956400120024739 66.74146259840703976  1.03834669984769112 200.17379955774310929 -27.81446259508946639 66.72730534850298056  1.03834669984713512 200.25270807874625234 -27.83567856124867035 66.71599374969851226  1.03834669984802019 200.33139443424522597 -27.85393928567681243 66.70693129271441535  1.03834669984699790 200.40989891092596054 -27.86981226429431047 66.69962146877105624  1.03834669984785766 200.48825348903335453 -27.88374615196328321 66.69366186958802700  1.03834669984735606 200.56647889798287565 -27.89606593251627231 66.68879864022976278  1.03834669984752548 200.95701285418988391 -27.95068533577990522 66.66938148177243306  1.03834669984749439 201.34492950823826618 -27.97584856343189230 66.66990028129873735  1.03834669984750039 201.65431453780050219 -27.98972630185368615 66.67384409575603854  1.03834669984755079 201.96273977187058790 -27.99938896120949750 66.68046137447396404  1.03834669984743133 202.27013846224232907 -28.00581528665465569 66.68938665040076330  1.03834669984757344 202.57649856819506340 -28.01058247571742399 66.69954798929502715  1.03834669984747774 202.88178101628403738 -28.01484739937683699 66.71017862667720522  1.03834669984750372 203.18587304585338416 -28.01873848419540636 66.72137985771084345  1.03834669984751193 203.48864881287221351 -28.02216347703980404 66.73340261619310354  1.03834669984750994 204.39286682637234094 -28.03354291732636483 66.77011269725389297  1.03834669984748884 205.28378545549264800 -28.04903835190605577 66.80921323911898924  1.03834669984754258 205.87104813350407539 -28.06311111487476495 66.83565265075279171  1.03834669984737737 206.45083733225837364 -28.08216971086805103 66.86215617397205335  1.03834669984776218 207.02236793015526928 -28.10718996598129493 66.88857051839727319  1.03834669984715044 207.58487585604396486 -28.13908777358018654 66.91478263355971023  1.03834669984787809 208.13762772316604810 -28.17879166573687755 66.94068355568732898  1.03834669984721528 208.67992587733760956 -28.22723997370250970 66.96617738454830260  1.03834669984766226 209.21111040872114017 -28.28536219593920720 66.99120193134818635  1.03834669984746419 210.25000894137440355 -28.42284618859130418 67.04025322686946708  1.03834669984754258 211.23963524986194784 -28.60717271743943613 67.08709520132258319  1.03834669984747618 211.72156191505851552 -28.71210663101492955 67.10992073033351346  1.03834669984760253 212.19001542975860275 -28.83101685839983475 67.13211246490870110  1.03834669984731742 212.64446293454841452 -28.96519064464660076 67.15363825261380271  1.03834669984777106 213.08440540338523306 -29.11606450080541109 67.17446979443143107  1.03834669984723704 213.50927923064054426 -29.28533731288669273 67.19457711396005095  1.03834669984769912 213.91829292875317492 -29.47504254279377633 67.21392034810234861  1.03834669984741734 214.31021249133550555 -29.68749318981152641 67.23243938125432351  1.03834669984752459 215.05600546195816491 -30.16253317272471435 67.26764430857269872  1.03834669984749572 215.71410404981824627 -30.74491590856179712 67.29863202041575221  1.03834669984750994 216.01827763628710954 -31.06461794216089345 67.31293148266217941  1.03834669984749062 216.29421426110542370 -31.41427440954277728 67.32587766713943722  1.03834669984758432 216.53692689055768028 -31.79378883465941286 67.33723590321270080  1.03834669984731565 216.74138092461373617 -32.20089431592555229 67.34677085387825457  1.03834669984779970 216.90433281218759021 -32.63159970275041388 67.35433340131567093  1.03834669984720307 217.02500592849744976 -33.08158609027353236 67.35989191037016610  1.03834669984771977 217.10429188851168192 -33.54790404870635001 67.36349344192451838  1.03834669984740779 217.14327677766172542 -34.02979845937656478 67.36519344775294371  1.03834669984753236 217.14300309490414520 -34.52696428571422160 67.36504543785731869  1.03834669984750638 
177.42830650581103669 -20.93700391838210706 67.83148157789743493  0.85353433019614966 177.29148542992498960 -21.64392297957758160 67.84197027582237638  0.85353433019615332 177.19566942441352353 -22.34267547999911940 67.85458371840793745  0.85353433019613123 177.14270668432448019 -23.03528542547951474 67.86947457153816288  0.85353433019621316 177.13505157054299843 -23.72280566352418063 67.88680492855135640  0.85353433019601599 177.17611508056154435 -24.40599922731734495 67.90678381886482384  0.85353433019634162 177.27016859911972801 -25.08369991145418254 67.92961951539719223  0.85353433019595337 177.42131456728012040 -25.75137422528343123 67.95542447303411393  0.85353433019629088 177.63167524687645482 -26.40124844259882764 67.98411668187806356  0.85353433019608349 177.89958830055326189 -27.02420604030470841 68.01536717057534531  0.85353433019616376 178.53888259117096027 -28.20079874273202591 68.08193152244433577  0.85353433019614355 179.35771845479621334 -29.21893708340387263 68.15457702931361439  0.85353433019614766 179.80516697169591112 -29.68320147264883957 68.19190214066038891  0.85353433019617342 180.28180172225467004 -30.10062077999903352 68.22968214332306047  0.85353433019610003 180.77954337794326989 -30.47225277530213461 68.26749376448250928  0.85353433019621072 181.29233335845955821 -30.80148042493337002 68.30508863764639216  0.85353433019609692 181.81630761487258496 -31.09287340069464989 68.34237373103282209  0.85353433019618552 182.34930536818362157 -31.35103840975191147 68.37935422461681867  0.85353433019612879 182.89012970222484000 -31.57981278355707033 68.41607156865703132  0.85353433019615943 183.98582411473935849 -31.98449874395806702 68.48906734440609512  0.85353433019613456 185.10802799437183808 -32.29555742077155855 68.56147552134113710  0.85353433019617009 185.67537575055925458 -32.43056179095636793 68.59759949157395909  0.85353433019606850 186.24882533992851563 -32.54742736830746708 68.63372138449776116  0.85353433019631142 186.82833400351114506 -32.64814203186559638 68.66991972012618817  0.85353433019593294 187.41385667621824496 -32.73438016372019632 68.70626879296322898  0.85353433019635994 188.00527526891309549 -32.80757486686368907 68.74284004317537722  0.85353433019600278 188.60236076321450582 -32.86897760150546333 68.77970950353511626  0.85353433019621527 189.20476811870040024 -32.91970523983943764 68.81697132213466261  0.85353433019614022 190.41935986687425952 -33.00184383871115301 68.89254339960588425  0.85353433019614477 191.65166123996888814 -33.04910321922690031 68.97099335744364623  0.85353433019616898 192.27171873284078174 -33.06471578432928737 69.01174774316299931  0.85353433019604708 192.89542919009673483 -33.07501547982446510 69.04941744969583795  0.85353433019637093 193.52100945952150823 -33.07382782378921604 69.10282668976556408  0.85353433019583813 194.15046913950246221 -33.07815883220842323 69.12915453609709004  0.85353433019647262 194.77858433697119267 -33.06210530042863383 69.20086027034979281  0.85353433019589198 195.40994878465514262 -33.05820753968158954 69.23190931010367422  0.85353433019630720 196.03832815957289881 -33.03665171648518850 69.31055295388034665  0.85353433019607872 196.74551280372739370 -33.01935617370635612 69.37870662423614476  0.85353433019618319 197.44435657339050749 -32.97786632861144085 69.55152057281674161  0.85353433019613645 197.52189184115715648 -32.97293030776998535 69.57217973674964639  0.85353433019624669 197.59929354646470756 -32.96757357070593031 69.59458801896147406  0.85353433019592484 197.67653885349466236 -32.96168486104841122 69.61909173819854857  0.85353433019647929 197.75360295979601233 -32.95515405656187369 69.64607589309514424  0.85353433019580716 197.83045664675333342 -32.94785683675561927 69.67600307056484610  0.85353433019640412 197.90706003381674805 -32.93960630585428362 69.70950739726659151  0.85353433019601921 197.98335253649869969 -32.93007157102426419 69.74754353412917851  0.85353433019619163 198.09718227395234180 -32.91295912842208082 69.81361430386020572  0.85353433019612057 198.20976705409023566 -32.88939168070869812 69.89830141223184512  0.85353433019616687 198.24713968409065501 -32.88071853254485433 69.92887395872578793  0.85353433019608660 198.28433148037757405 -32.87102649638538310 69.96216112184541203  0.85353433019626401 198.32131236091578330 -32.86007427928912250 69.99860627471981900  0.85353433019601765 198.35804737509548090 -32.84759557577298494 70.03873320257021362  0.85353433019625247 198.39449369947874402 -32.83326680797510022 70.08318620421572120  0.85353433019609681 198.43059461948911348 -32.81662788146919496 70.13280214988766659  0.85353433019616465 198.46627049705728041 -32.79695595655148566 70.18871449532818474  0.85353433019615166 198.53654295136328756 -32.74922851378688193 70.31626400906185381  0.85353433019613967 198.60399825067167967 -32.67747406932640075 70.48392914557514644  0.85353433019616753 198.63688895748566665 -32.63364074498955603 70.57925970118527914  0.85353433019607539 198.66850334332320926 -32.57988143394358360 70.69350425591157716  0.85353433019628389 198.69909790350499179 -32.50962729105793869 70.81795699268863586  0.85353433019599867 198.72751195270143398 -32.42261566822204344 70.97501345550730889  0.85353433019626501 198.75335565384966685 -32.30221934140614337 71.16282898587543571  0.85353433019608538 198.77647761581440022 -32.13356783537146555 71.37592333231688713  0.85353433019617841 198.79418420950315749 -31.90337451409608249 71.65910111574460473  0.85353433019613922 198.81001042443628535 -31.30303461836232159 72.14756866702001048  0.85353433019615899 198.82041544274170519 -30.29911123926926209 72.51231488455788110  0.85353433019614156 198.82386063539692600 -29.91800796946110452 72.60798577346699290  0.85353433019619906 198.82824325457184500 -29.49734959478518448 72.66300287281808323  0.85353433019602987 198.83473034583789740 -29.04394573527967438 72.65855894493925859  0.85353433019632774 198.84530813734806998 -28.59967074322833369 72.57979286153245368  0.85353433019597025 198.86015652094553730 -28.20107535652194031 72.44392223479884763  0.85353433019627545 198.87781918333288900 -27.85446335679688445 72.28282057323488630  0.85353433019609182 198.89777874533848490 -27.55899166579346726 72.10606968974718711  0.85353433019615987 198.94066179999617816 -27.06140663252337930 71.74789309955741601  0.85353433019614944 198.98738490287843206 -26.72472807854378729 71.40632819843060020  0.85353433019614000 199.01116203690222051 -26.59011260869357329 71.24659722538083884  0.85353433019621439 199.03501792049777919 -26.48187851769524315 71.10030597548849585  0.85353433019599123 199.05876601103099688 -26.39366368350741965 70.96747697682305045  0.85353433019639247 199.08231920368532997 -26.32073882381251551 70.84712494929978277  0.85353433019589064 199.10564747543259045 -26.25987266753018190 70.73800359573132823  0.85353433019634117 199.12874606852514603 -26.20878979091535399 70.63891683870328109  0.85353433019605973 199.15161625651478516 -26.16560114462350128 70.54877006752400348  0.85353433019616787 199.21954969433960514 -26.05455960560963646 70.30207074328386341  0.85353433019612557 199.28559736727834206 -25.98978686016865680 70.11849371120521823  0.85353433019617897 199.32890151819464108 -25.95817552314740340 70.01692148573505392  0.85353433019607527 199.37161459510241457 -25.93384990266377343 69.93107876092864217  0.85353433019627412 199.41385716998013322 -25.91470405718732550 69.85742653677077385  0.85353433019600411 199.45571878475826111 -25.89943603567368413 69.79348381676226154  0.85353433019627312 199.49726091589801058 -25.88700152186167003 69.73746072923103156  0.85353433019607339 199.53852894762721348 -25.87656949835915654 69.68800080072149683  0.85353433019618286 199.57956415301063657 -25.86765346118970399 69.64402245388981783  0.85353433019614156 199.70209173978830108 -25.84496822434233110 69.52590449907354753  0.85353433019616509 199.82310142544881160 -25.83146581060069025 69.44329751801979000  0.85353433019612535 199.90331477883211164 -25.82454396290069099 69.39866728084592751  0.85353433019622471 199.98319199100578203 -25.81887169746388366 69.36157206348330817  0.85353433019601033 200.06280858595093264 -25.81410341300222200 69.33031486585402092  0.85353433019633607 200.14221677019870071 -25.81002465345303776 69.30372610560711166  0.85353433019596647 200.22145686922263508 -25.80643378719339509 69.28087445492376162  0.85353433019627434 200.30056039149991420 -25.80316060659673028 69.26101784456635357  0.85353433019609803 200.37954969904512836 -25.80012365636626370 69.24364231968141326  0.85353433019615632 200.77399752101305808 -25.78614586998229896 69.16761288067240798  0.85353433019614477 201.16631180212738172 -25.77650269955552176 69.13704114240425724  0.85353433019615066 201.47962143154862247 -25.76909730158375211 69.12216457565008909  0.85353433019615144 201.79243095604081759 -25.76234262782326923 69.11418385900704209  0.85353433019616143 202.10470568346713094 -25.75647484381956076 69.11188631479772937  0.85353433019610603 202.41645781309398444 -25.75131506345333676 69.11296350344112227  0.85353433019621783 202.72767102621909885 -25.74676570299651246 69.11575985316665083  0.85353433019608738 203.03825553130542403 -25.74306146344049040 69.12029124733439289  0.85353433019618141 203.34810820040789281 -25.74046863134844543 69.12691019830667472  0.85353433019614511 204.27537739417755347 -25.73567704692850810 69.14943239097598848  0.85353433019614910 205.19503446381210665 -25.74128055879730326 69.18022903749448460  0.85353433019615788 205.80418088933134868 -25.75042462232230633 69.20268029998878490  0.85353433019611491 206.40880520088998651 -25.76579901116429738 69.22628254721161056  0.85353433019622049 207.00838497398740401 -25.78826471651464658 69.25067558855074878  0.85353433019604674 207.60246573135390236 -25.81873098463437799 69.27561305893888743  0.85353433019626457 208.19068282969556094 -25.85817248085105646 69.30086684984162559  0.85353433019605518 208.77277759044895333 -25.90765864542440511 69.32624669331190148  0.85353433019620017 209.34860657773458570 -25.96839946936586330 69.35165045729769417  0.85353433019613734 210.48767927442870018 -26.11522436731505437 69.40247096340577571  0.85353433019615665 211.60190935751182906 -26.31959672695902697 69.45302007158213087  0.85353433019614788 212.15293913352718391 -26.43784313549890896 69.47817841469370137  0.85353433019614522 212.69795694777704398 -26.57427964982842639 69.50318548194829305  0.85353433019616320 213.23719336195375718 -26.73129468059334712 69.52802384752847331  0.85353433019612968 213.77097783935897723 -26.91172481710577458 69.55268711347487454  0.85353433019617653 214.29945211966909824 -27.11917977955489789 69.57716389512697219  0.85353433019611868 214.82209475470176585 -27.35825036023829782 69.60141395347528714  0.85353433019617309 215.33709623453407289 -27.63434703561884831 69.62533802473222977  0.85353433019613933 216.34415203323291621 -28.27148682659665369 69.67214777004517146  0.85353433019616320 217.27867053185568125 -29.09382659278147898 69.71557958339651861  0.85353433019613301 217.72098452117111833 -29.55485743761877515 69.73611885947967437  0.85353433019621339 218.13035134367524392 -30.06864057537563184 69.75509461738198524  0.85353433019602831 218.49403628414899003 -30.63358602236721495 69.77189932737819333  0.85353433019630642 218.79916621330283988 -31.24178733823442755 69.78592350953491064  0.85353433019600200 219.03808205471304404 -31.88032010798279714 69.79680867379708786  0.85353433019625202 219.21030635608175885 -32.53530705105367105 69.80453833464174807  0.85353433019609881 219.32021818688770054 -33.19685867593856443 69.80932509911521322  0.85353433019616687 219.37276277440884087 -33.86147431453048284 69.81140599938193247  0.85353433019614677 219.37275848047519844 -34.52696428571422160 69.81101241332407881  0.85353433019614966 
179.59111767867108256 -21.39091340208867464 65.36758678799463951  1.03834669984750683 179.47317894856263365 -21.99897309839365533 65.37643813724938013  1.03834669984750461 179.39272327535820750 -22.58860398036535599 65.38695562935959060  1.03834669984751149 179.34999586944684324 -23.16105557452795338 65.39918117407543718  1.03834669984751771 179.34549876718594419 -23.71716607332180971 65.41316067910959475  1.03834669984746086 179.38013932001422290 -24.25765103001436529 65.42895994255023595  1.03834669984758854 179.45518941609174135 -24.78240878941373637 65.44664444721061614  1.03834669984741601 179.57184937069970943 -25.28991124505628107 65.46623908571832828  1.03834669984757455 179.73048053728095397 -25.77725771019477818 65.48768636694917689  1.03834669984747130 179.92984080615573816 -26.24097888623391484 65.51082417592077434  1.03834669984752037 180.40401374110783195 -27.11539533154363113 65.55998918628149852  1.03834669984748684 181.01533362940796223 -27.87694344562661897 65.61397546998811947  1.03834669984753347 181.35183826324634992 -28.22769510382158131 65.64193178513171745  1.03834669984738825 181.71490261454414394 -28.54795448811895398 65.67059662927111674  1.03834669984776862 182.10056585556591813 -28.83856494847877627 65.69976799839872683  1.03834669984712602 182.50572333664911184 -29.10135573701493072 65.72931801966257126  1.03834669984790118 182.92820021938558739 -29.33865980707994225 65.75918466484519342  1.03834669984721506 183.36654334421669432 -29.55282696315802582 65.78934755789941846  1.03834669984764716 183.81970796640757726 -29.74588259038733540 65.81980174777169168  1.03834669984747863 184.75392402393461566 -30.09308179474766121 65.88128488816072093  1.03834669984751682 185.74109346610103444 -30.36920169006975456 65.94395129237382491  1.03834669984751504 186.24721733510736499 -30.49111556300081816 65.97558615715277597  1.03834669984743599 186.76528200448794337 -30.59830466098839352 66.00753374791958095  1.03834669984767225 187.29473211192328108 -30.69202515923464603 66.03980547788921740  1.03834669984725858 187.83501139831849969 -30.77340326396506498 66.07241102696957569  1.03834669984777395 188.38553280925904687 -30.84346819549001140 66.10535904205971747  1.03834669984730521 188.94566257991803582 -30.90318299871299246 66.13866062084056807  1.03834669984760253 189.51471830342597968 -30.95347318109354973 66.17233557906742192  1.03834669984749217 190.66924366195573270 -31.03703317502292691 66.24050742365203348  1.03834669984750128 191.85367863538681377 -31.09026305231393295 66.31059187558457779  1.03834669984753236 192.45262442842405903 -31.11055887802661246 66.34657678961318084  1.03834669984736139 193.05761356935732920 -31.12281350539415570 66.38044855499680352  1.03834669984784500 193.66753007507779216 -31.13812398225896061 66.42426176644804059  1.03834669984698680 194.28229480591761558 -31.13381089244287381 66.45032725624842840  1.03834669984808836 194.89984868018129305 -31.15053081390813716 66.50490805695611130  1.03834669984702144 195.52078406957289758 -31.14165462077432167 66.53293259230933643  1.03834669984780570 196.14283123671816611 -31.15726991594925721 66.58941217056204209  1.03834669984737826 196.84406767546312267 -31.16204930981627541 66.63856061599122427  1.03834669984756212 197.54427886663660274 -31.22897281708420536 66.74326131924928518  1.03834669984748929 197.62206440063764035 -31.23728087959584343 66.75566400413302404  1.03834669984761252 197.69982807299282968 -31.24662736647405481 66.76901436241962529  1.03834669984728567 197.77756297448638634 -31.25721016326021839 66.78352332354091914  1.03834669984780659 197.85526225977963577 -31.26925434811111160 66.79941590921788475  1.03834669984721173 197.93291844616851449 -31.28303324280421194 66.81695678666633853  1.03834669984772021 198.01052119018476105 -31.29891490062905035 66.83651981212925364  1.03834669984739802 198.08805354204451987 -31.31743403109922497 66.85870156476867976  1.03834669984754191 198.20420324589056804 -31.35036702676188369 66.89736752394696850  1.03834669984748240 198.32002286652235057 -31.39369894538255323 66.94763030149223937  1.03834669984752193 198.35858792667877992 -31.40945042756501948 66.96584812179702340  1.03834669984745509 198.39710200230865667 -31.42668914927688917 66.98581153735301541  1.03834669984758854 198.43555376056104933 -31.44562963263671662 67.00785781884918890  1.03834669984743111 198.47393073063614111 -31.46653245954053801 67.03237243830407976  1.03834669984754857 198.51221781268819200 -31.48971967230319180 67.05982677041841100  1.03834669984749461 198.55039360520854075 -31.51559430708462273 67.09086053051774456  1.03834669984750660 198.58842455088006318 -31.54466406007439616 67.12640894907670486  1.03834669984751149 198.66408925094330584 -31.61047411284253172 67.20934041659033653  1.03834669984749439 198.73862293861711237 -31.69484344284743216 67.32428806769540586  1.03834669984752681 198.77551634492181165 -31.74193859187649380 67.39167723242857733  1.03834669984741934 198.81194683550415903 -31.79832108530051471 67.47319457889858541  1.03834669984768424 198.84760438285283612 -31.85545541703413264 67.57002782732435264  1.03834669984726236 198.88248469579207267 -31.92873431801153927 67.69097246833187853  1.03834669984776151 198.91581065915306681 -32.01052085282596238 67.84680106995034521  1.03834669984730188 198.94688595793601849 -32.09133506157139237 68.04567471484965324  1.03834669984762651 198.97510658563297170 -32.19708966934644678 68.31400185420429239  1.03834669984746664 199.00554267968388444 -32.30221845242262191 68.91711848333559942  1.03834669984752681 199.01707925171686497 -32.16736398403277519 69.75134285965545189  1.03834669984750350 199.01874497354711480 -32.08671288252064357 70.05153589107580103  1.03834669984748906 199.01854830002264407 -31.96280567564106789 70.36340704967714998  1.03834669984757033 199.01680062991690079 -31.78523671114872329 70.67502011268156537  1.03834669984738603 199.01545221649124073 -31.55974459071170912 70.95174262138033328  1.03834669984766115 199.01621634751168699 -31.31222319326782610 71.17495680200499919  1.03834669984737360 199.01939912139476974 -31.06713398853611352 71.35256908101577267  1.03834669984757610 199.02496470858486077 -30.83078308952105573 71.48884710408772492  1.03834669984749173 199.04045458705735427 -30.39056266805027562 71.69513618565889601  1.03834669984751704 199.06346600678014624 -30.02339096696892184 71.79670017203146415  1.03834669984750172 199.07655093696493509 -29.86035196663833702 71.82844482003326902  1.03834669984750816 199.09087304676259578 -29.71670308131256988 71.84714105011526897  1.03834669984751971 199.10613520179165903 -29.59002601427608781 71.85719091211099396  1.03834669984746841 199.12211614873956478 -29.47782993322063660 71.86148126281075577  1.03834669984757122 199.13866449478487652 -29.37801651535668057 71.86176411016749910  1.03834669984743599 199.15567350367925314 -29.28888784878442664 71.85915071651565711  1.03834669984755634 199.17305452049461678 -29.20896402721338703 71.85452456018799694  1.03834669984748973 199.22607147002665329 -28.99270377086054751 71.83698564379969298  1.03834669984753525 199.28127232530010815 -28.83781377002960511 71.81177490930882357  1.03834669984746508 199.31862060062184128 -28.75337913142728397 71.79498312729825216  1.03834669984763428 199.35631435666945777 -28.68261441778729903 71.77921062412556807  1.03834669984726391 199.39425369475148386 -28.62226583086967224 71.76455056184374826  1.03834669984783612 199.43237665647359336 -28.57011906731685613 71.75094784648990753  1.03834669984717842 199.47063357264843830 -28.52453650034280841 71.73843530193349238  1.03834669984774597 199.50898489695006788 -28.48426192494272513 71.72706515662625293  1.03834669984738936 199.54740727454094440 -28.44836110462342305 71.71675746841077626  1.03834669984753436 199.66286323916017409 -28.35177686360617244 71.68834640180573103  1.03834669984746641 199.77874103160255004 -28.28328891227353026 71.66726316354628068  1.03834669984755812 199.85608306021708813 -28.24565743208522761 71.65579296522662389  1.03834669984737604 199.93347355676502275 -28.21372598686339472 71.64636446259912361  1.03834669984771977 200.01089390727088357 -28.18618926010391590 71.63856447661206062  1.03834669984726458 200.08833182322626953 -28.16215697027085696 71.63209212880416032  1.03834669984770578 200.16577570807672259 -28.14090856469891122 71.62672932685309490  1.03834669984738892 200.24321550737744246 -28.12186643996863111 71.62230907529936985  1.03834669984755479 200.32064540044490286 -28.10464475363715664 71.61869083254313750  1.03834669984749617 200.70773685366779659 -28.02657544692534586 71.60399734599496924  1.03834669984754524 201.09441014353504329 -27.98199688767149951 71.60411068998763540  1.03834669984742423 201.40324246286587595 -27.95338239279197268 71.60793237701312819  1.03834669984771910 201.71146813541392362 -27.93014506678525066 71.61427440337641315  1.03834669984716288 202.01898347327440320 -27.91159186803944792 71.62256578461351353  1.03834669984788941 202.32566605571599894 -27.89611287886031121 71.63210134533397877  1.03834669984721195 202.63139861598801872 -27.88258088254399070 71.64237161436128076  1.03834669984765937 202.93608120692221064 -27.87115203246503370 71.65328138537492464  1.03834669984745998 203.23961673313274900 -27.86222739385683411 71.66484407199058637  1.03834669984750971 204.14643957247858452 -27.84051048014305607 71.70053552730705348  1.03834669984751415 205.04101624871668719 -27.83520306781703013 71.73893086695066756  1.03834669984748884 205.63113840502612106 -27.83848573047995245 71.76502251819816536  1.03834669984756855 206.21420554407379200 -27.84881270928285346 71.79127831831415563  1.03834669984740113 206.78945142336124263 -27.86670487898678772 71.81752644907942340  1.03834669984760786 207.35614087836088970 -27.89278006791215248 71.84364217826691856  1.03834669984747241 207.91357697998367371 -27.92769365456066666 71.86951069315837515  1.03834669984746686 208.46110836164660896 -27.97216392868119428 71.89503314846653836  1.03834669984756323 208.99813432555185955 -28.02702584201372815 71.92014460446409885  1.03834669984747818 210.05007635048940529 -28.15948770584512317 71.96948045777531888  1.03834669984754657 211.05577906769616447 -28.34167049506989500 72.01683269621547367  1.03834669984745598 211.54658466375329340 -28.44625205094293818 72.03997016341435256  1.03834669984771710 212.02483683165434059 -28.56558828146467732 72.06253163960046493  1.03834669984706940 212.49009475054992890 -28.70106046413308931 72.08448713450466983  1.03834669984811434 212.94195964258415188 -28.85424444885877904 72.10581126493261195  1.03834669984690997 213.37995328971854292 -29.02704684925894796 72.12647649929290594  1.03834669984791739 213.80331656441273935 -29.22179237225569892 72.14644305593922979  1.03834669984732209 214.21074466922758006 -29.44115504129309713 72.16564612245861099  1.03834669984754657 214.98940689204619048 -29.93449709570251471 72.20231600464396138  1.03834669984747885 215.68224071519824747 -30.54509529165969184 72.23487100715823317  1.03834669984752304 216.00377678903396372 -30.88160154494250165 72.24995628404697356  1.03834669984746020 216.29650372738373676 -31.25092554382425192 72.26366263040688409  1.03834669984762784 216.55448804655424055 -31.65278010057845393 72.27570985206708087  1.03834669984726968 216.77173763889976499 -32.08420252745254686 72.28581692504535283  1.03834669984784544 216.94446952008448193 -32.54010464326596264 72.29380916322472217  1.03834669984716577 217.07194345277471825 -33.01499499166534690 72.29965678045107325  1.03834669984774419 217.15547683767843523 -33.50507203512961496 72.30342705217476862  1.03834669984739714 217.19662695562823274 -34.00924136960480837 72.30519760167332777  1.03834669984753569 217.19689734412264670 -34.52696428571422160 72.30504365608503292  1.03834669984750683 
182.21337766837939398 -21.89388825696147478 65.68496683630493749  1.03672962320961148 182.12043735043994275 -22.37295395413238452 65.69170211668750881  1.03672962320960238 182.06038206199878005 -22.82017401251046707 65.69950430071806124  1.03672962320964435 182.03136427360712446 -23.23578530055453584 65.70827066497894009  1.03672962320955531 182.03133721314100057 -23.62034401811904871 65.71789539050247697  1.03672962320967210 182.05793966738445988 -23.97450175801642303 65.72825723431085976  1.03672962320957196 182.10852761928336463 -24.29954440605953181 65.73923520665944409  1.03672962320961859 182.18051258868871400 -24.59786485405353673 65.75073981857093486  1.03672962320962503 182.27195698297714443 -24.87292127559430099 65.76274550807586650  1.03672962320959505 182.38216720874828525 -25.12861348946503881 65.77530789743103412  1.03672962320962059 182.64146425950085018 -25.60816793223522581 65.80178725739938272  1.03672962320959972 182.98255921265970869 -26.03418970832556667 65.83143822239470921  1.03672962320962569 183.17456934930513057 -26.23642777168937812 65.84717436436365290  1.03672962320955109 183.38970930121942615 -26.42946806356304990 65.86394864510674552  1.03672962320973761 183.62939477678025924 -26.61386785213884210 65.88184774039405056  1.03672962320944406 183.89437728577112807 -26.78942077764739693 65.90090085753747928  1.03672962320976270 184.18468702098999756 -26.95553121136681796 65.92108617348304733  1.03672962320952089 184.49979434085571484 -27.11159236535119632 65.94234961941049278  1.03672962320964213 184.83885282065600109 -27.25725170160963273 65.96462525512949071  1.03672962320961082 185.56292085933162639 -27.52764267734920267 66.01106769837926436  1.03672962320960438 186.37445215712131130 -27.75585478341761103 66.06098855207159204  1.03672962320962658 186.80096926501323651 -27.85938043292817667 66.08674437216262731  1.03672962320953244 187.24704556081576357 -27.95245952970374503 66.11321806530445144  1.03672962320979267 187.71145558704125733 -28.03536001544741296 66.14033208230186744  1.03672962320934392 188.19297471450983039 -28.10845537386230575 66.16801031269076816  1.03672962320988460 188.69040244252747129 -28.17220297879794799 66.19617773841758890  1.03672962320942319 189.20257498500214410 -28.22712933946433367 66.22475827340859666  1.03672962320968520 189.72836714198035679 -28.27382224270593980 66.25367078909248164  1.03672962320961037 190.80499977213389684 -28.35203734197872194 66.31197586254400278  1.03672962320958684 191.92738795514816275 -28.40276845562156183 66.37079944666893994  1.03672962320966233 192.49896016649336161 -28.42243588315943725 66.40014815188860098  1.03672962320935391 193.07971930186062082 -28.43356791869835476 66.42995508515693359  1.03672962321019813 193.66916653050199670 -28.45074481054464499 66.45756706719303963  1.03672962320871953 194.26505784582880665 -28.44280368020541516 66.48867861652055922  1.03672962321060336 194.86847544735351789 -28.46396699476477821 66.51304905055498295  1.03672962320878592 195.47595573750359677 -28.45126781919252323 66.54264286941064199  1.03672962321011686 196.08910318749565249 -28.46990978656627291 66.56382771646180174  1.03672962320940010 196.78203508987041914 -28.47274212743762689 66.58923193462167944  1.03672962320969209 197.48125449900919648 -28.54518350170814145 66.58993640356203514  1.03672962320959483 197.55902673311186390 -28.55420385891195778 66.58966692173311230  1.03672962320969630 197.63688692260174662 -28.56440824828461089 66.58900180529417412  1.03672962320942563 197.71484348887636884 -28.57604859121603269 66.58788329541326334  1.03672962320989392 197.79290628423203202 -28.58939979456064151 66.58623891175162157  1.03672962320929440 197.87108769134439967 -28.60478887876855225 66.58397659312119288  1.03672962320986928 197.94940504598474718 -28.62266945351543512 66.58097981991039660  1.03672962320946893 198.02788438296946083 -28.64374154083975554 66.57710271829961357  1.03672962320965789 198.14590606653510463 -28.68180434824872194 66.56969636022054715  1.03672962320958328 198.26451668555654351 -28.73345000919262660 66.55941042303294353  1.03672962320962414 198.30412670389557661 -28.75237754695077541 66.55562257050033281  1.03672962320958795 198.34381899056259613 -28.77331562779329488 66.55146265413468143  1.03672962320962037 198.38360448062488217 -28.79662068464170588 66.54691559024446690  1.03672962320965412 198.42349651811358058 -28.82270691556972153 66.54195222150887901  1.03672962320951356 198.46351165267850547 -28.85208230641685745 66.53653424635020031  1.03672962320971762 198.50367063600046436 -28.88542111813629987 66.53063592449287000  1.03672962320954776 198.54399961796607954 -28.92367283888562923 66.52428255888433739  1.03672962320962947 198.62506346723526462 -29.01274236282024432 66.51092894875175432  1.03672962320959461 198.70710442261284356 -29.13483468276767852 66.49752134110757140  1.03672962320962769 198.74838244027122869 -29.20573631898784939 66.49144818879724994  1.03672962320956596 198.79014677328987659 -29.29169820577100936 66.48450440615076218  1.03672962320967321 198.83194679392042303 -29.38984949662021151 66.48381556600233466  1.03672962320956552 198.87459009676098276 -29.51383405892011780 66.48141417960553667  1.03672962320963347 198.91766951830359744 -29.66859947398207709 66.48801001265101718  1.03672962320959505 198.96068183228138082 -29.85625340608899592 66.51457118709856786  1.03672962320963147 199.00498202821253813 -30.10874506481682999 66.55286366065058701  1.03672962320959505 199.06853216645532711 -30.61902388909349426 66.74119898885042801  1.03672962320963102 199.11934031257720790 -31.20163017152534479 67.21812812749112709  1.03672962320959128 199.13438575746960169 -31.39710058466575404 67.41456226902110416  1.03672962320973161 199.14714651037084536 -31.58240229432149704 67.64963269489109621  1.03672962320933437 199.15707886687397377 -31.74367495994798105 67.92605159504172718  1.03672962321001472 199.16449944911661873 -31.85665872806259458 68.22392549336787226  1.03672962320920869 199.17078063103764407 -31.91844061574078495 68.51493586348352949  1.03672962320988948 199.17720828911171793 -31.94600332523768316 68.78371092634016293  1.03672962320948669 199.18411281314249095 -31.94545068878960237 69.02728303156011691  1.03672962320963524 199.19965929619380063 -31.90747391966182533 69.45974870749667218  1.03672962320960282 199.21909460546277160 -31.82087109970119343 69.78902279426826283  1.03672962320960549 199.22990174850789913 -31.77195768705213652 69.92928553629883481  1.03672962320967343 199.24173476972791264 -31.72155451082652533 70.04874113341541886  1.03672962320945938 199.25446424606272444 -31.67199522803088030 70.15122318215971120  1.03672962320983220 199.26795758271632053 -31.62440840869093250 70.23994497198805220  1.03672962320939366 199.28210336323923002 -31.57921846219653617 70.31730992936878977  1.03672962320976203 199.29681155575241291 -31.53653162005983646 70.38512607125370835  1.03672962320954420 199.31200372249003294 -31.49637460004750267 70.44493128597753184  1.03672962320962592 199.35881469445220660 -31.38351153046103903 70.60454620708314621  1.03672962320958795 199.40884423485920252 -31.29196523675476271 70.71331682451319978  1.03672962320964324 199.44318047819717776 -31.23930737737202890 70.77129155596657029  1.03672962320953443 199.47822743719612504 -31.19351036925558418 70.81915906057415100  1.03672962320971562 199.51381326582912834 -31.15320152735529646 70.85947521462595944  1.03672962320953266 199.54982099052170952 -31.11735500847011338 70.89392651148868651  1.03672962320962903 199.58616400692767456 -31.08526910649849384 70.92379309904364959  1.03672962320963880 199.62277581403196791 -31.05642651199628190 70.95006906742331410  1.03672962320958217 199.65960694385864826 -31.03035058020081394 70.97344072739213061  1.03672962320962125 199.77065224751444816 -30.95901079459695637 71.03608940423667661  1.03672962320959572 199.88307394359671321 -30.90583972773488597 71.08031043353480527  1.03672962320963324 199.95839665185755507 -30.87596774638580754 71.10474853634694625  1.03672962320955531 200.03396986433560301 -30.85021776701589502 71.12570052455541258  1.03672962320969897 200.10972299545733222 -30.82769109473732172 71.14399155088462123  1.03672962320952022 200.18560729418754818 -30.80776026485195018 71.16017620563421531  1.03672962320968276 200.26158292159462349 -30.78993726450267232 71.17471488676351044  1.03672962320956663 200.33761755199506638 -30.77383711080660689 71.18798034666883723  1.03672962320963524 200.41368895694589014 -30.75918045085968444 71.20020897579935593  1.03672962320960371 200.79416432992297814 -30.69217244127269950 71.25672101356964561  1.03672962320964057 201.17483010772269836 -30.65189391363434268 71.29430915918361222  1.03672962320954798 201.47860375556740564 -30.62599186662290052 71.32088289702522843  1.03672962320977891 201.78140532781168304 -30.60478032800864412 71.34477440748733557  1.03672962320932860 202.08307219634400553 -30.58755807052722631 71.36632820482974182  1.03672962320995055 202.38339256640708186 -30.57311230786729084 71.38653760214356225  1.03672962320931883 202.68217908949822004 -30.56059550349450760 71.40611056899017228  1.03672962320978934 202.97931093328506336 -30.55005002815473247 71.42494866862986669  1.03672962320954043 203.27467908380822337 -30.54171033025125936 71.44281308015609966  1.03672962320962636 204.15496951167455109 -30.52161385772401658 71.49515281571198955  1.03672962320958528 205.01669072446208020 -30.51699466528362947 71.54323282442589971  1.03672962320965145 205.58183428914111346 -30.52038928724624256 71.57397084637260321  1.03672962320949313 206.13657191699363125 -30.53043802181596433 71.60360962220924819  1.03672962320983131 206.67982912296122322 -30.54755373535747864 71.63221811731943944  1.03672962320931217 207.21051109013924929 -30.57220033548363958 71.65982688593976491  1.03672962320992301 207.72749362582354138 -30.60482882527153947 71.68646239167334500  1.03672962320936901 208.22961829005720347 -30.64587895489359326 71.71213860313446276  1.03672962320973738 208.71569037393300050 -30.69579421786158591 71.73683751410040088  1.03672962320958106 209.65326643465695611 -30.81420166011470130 71.78418296060580417  1.03672962320963191 210.51663216481370000 -30.97091526687553298 71.82731785086542686  1.03672962320960105 210.92848013368885063 -31.05916485244667768 71.84779646025994282  1.03672962320962281 211.31922830760339593 -31.15748317015932045 71.86714547057644609  1.03672962320961348 211.68756028730635421 -31.26596751067121360 71.88531821155568480  1.03672962320958151 212.03212728718676772 -31.38457194718848342 71.90226433101440762  1.03672962320967144 212.35164230933634144 -31.51299922521533503 71.91793508478914987  1.03672962320954309 212.64503640767244974 -31.65063173781980765 71.93229119123471094  1.03672962320965611 212.91166407272604033 -31.79658422436884990 71.94531275001712345  1.03672962320959927 213.39142546168903891 -32.10333743631093739 71.96870869958893024  1.03672962320962014 213.76799557540249452 -32.43833756739368113 71.98702780904014276  1.03672962320960638 213.93148133418753787 -32.61262439560777437 71.99497478176321863  1.03672962320960993 214.07155781676800643 -32.79364416350661315 72.00178378533209411  1.03672962320965056 214.19117073411840124 -32.98281681882208716 72.00760195239459449  1.03672962320950335 214.29331131113164588 -33.18363911057481630 72.01257705353211236  1.03672962320978423 214.37925693587055775 -33.40125765899335164 72.01677435729835963  1.03672962320942719 214.44792441950306738 -33.64113267271658003 72.02014671446842442  1.03672962320974560 214.49663425161929808 -33.90741389466272437 72.02257167250347436  1.03672962320954820 214.52252083423212525 -34.20215133032693444 72.02391874976731856  1.03672962320962769 214.52276027625720189 -34.52696428571422160 72.02405932272698408  1.03672962320961148 

0.00000000000000000 6
6.28318530717958623 6

0.00000000000000000 12
0.12500000000000000 9
0.25000000000000000 9
0.37500000000000000 9
0.50000000000000000 9
0.51562500000000000 9
0.52343750000000000 9
0.53125000000000000 9
0.53515625000000000 9
0.53906250000000000 9
0.54687500000000000 9
0.56250000000000000 9
0.62500000000000000 9
0.75000000000000000 9
0.87500000000000000 9
1.00000000000000000 12

10 0.00000000000000000 6.28318530717958623 0.00000000000000000 11.13750000000000284
2 215.79911914965722985 -34.52696428571422160 69.85000000000002274 0.00000000000000000 -1.00000000000000000 0.00000000000000000 1.00000000000000000 0.00000000000000000 0.00000000000000000 0.00000000000000000 0.00000000000000000 1.00000000000000000 1.30000000000000004
9 1 1 1 0 6 10 6 27 2 4 217.09911914965724122 -45.66446428571422445 69.85000000000002274  1.66907846106823654 217.09911914965724122 -46.46646428571426668 69.87999999999999545  1.66907846106826763 217.06270547444361796 -47.19490873015855925 69.85755897435912232  1.66907846106811020 216.99284584054916536 -47.85618967192421280 69.78414521692700134  1.66907846106849989 216.89156113868608600 -48.45636901188682089 69.65964853994545081  1.66907846106785063 216.76241399523414088 -48.99893794449960183 69.48658639134653470  1.66907846106865576 216.60379687727723308 -49.48927272963194923 69.25910607013069864  1.66907846106790547 216.42320027720430176 -49.91418577796010680 68.98479271195932938  1.66907846106841529 216.22788384943902429 -50.28051411981918761 68.67653311809807803  1.66907846106817970 215.91682168933181174 -50.75404489377748973 68.17651204906313467  1.66907846106827207 215.57435563705652726 -51.13306909093251562 67.63607339929703244  1.66907846106822166 215.45643288627439915 -51.25002031698787874 67.45233058785062497  1.66907846106827895 215.33429467126356371 -51.35850961586275787 67.26567410177169393  1.66907846106816282 215.20706627695651036 -51.45947954969422966 67.07666833680784180  1.66907846106832092 215.07346281506320906 -51.55352315516642392 66.88571687111125641  1.66907846106817281 214.93207832487738074 -51.64033950685520580 66.69295500417459266  1.66907846106826496 214.78194697744277164 -51.71838856084288949 66.49814705574034690  1.66907846106823299 214.46480474911260217 -51.85186174668506709 66.10316964945420182  1.66907846106823210 214.12463889973673759 -51.93065607551572782 65.69380097008580321  1.66907846106824942 213.95146192177901412 -51.95416821532999307 65.48463170105492281  1.66907846106818480 213.77947408940829632 -51.95928066405268453 65.26982049443486744  1.66907846106831781 213.61623686427157054 -51.94606581139724710 65.04829914258841939  1.66907846106816238 213.46882428520854091 -51.91782018886291894 64.81974188082259047  1.66907846106827673 213.34088908687084540 -51.87973198867884150 64.58472389844881434  1.66907846106822433 213.23308204427456758 -51.83658143212142733 64.34423477259264246  1.66907846106823854 213.14561298097936515 -51.79119905929675838 64.09903700850308894  1.66907846106823698 213.07800889456441951 -51.74612966835341865 63.85000000000002274  1.66907846106823654 
217.09911914965721280 -45.66446428571422445 72.01000599824240567  1.03672962320961215 217.04927285739006493 -46.59606464560883410 72.04000599824233575  1.03672962320963369 216.95554872716988370 -47.47127872839514851 72.00764683855052795  1.03672962320952422 216.81816358703937908 -48.29767681984008476 71.91013737005276596  1.03672962320979889 216.63408267779914240 -49.08123364888487572 71.73917239308534022  1.03672962320933437 216.40593160803814499 -49.81801310256125248 71.49554192562371213  1.03672962320991990 216.11826899581151906 -50.51027772038120389 71.15085783219471693  1.03672962320936390 215.78846926395493711 -51.09277511819209394 70.72329036053616846  1.03672962320974826 215.43379658108827357 -51.56966749708081466 70.24958057793597277  1.03672962320957218 214.87088264934584458 -52.12875701984756915 69.50229203022871616  1.03672962320962947 214.26063908808927749 -52.45958659765084064 68.73373149869229337  1.03672962320961370 214.05179017733814817 -52.54477853114691044 68.47704068366954289  1.03672962320957462 213.83739013312668931 -52.60512295014708428 68.22105390063794061  1.03672962320968787 213.61669001319228300 -52.64032722470508219 67.96643145755699322  1.03672962320952999 213.38890572528737266 -52.64908910918931895 67.71323539871602293  1.03672962320966899 213.15444373114354448 -52.62896590577070555 67.46084831887206690  1.03672962320958573 212.91609601234793558 -52.57693251607771856 67.20798539523686088  1.03672962320961859 212.44299379799969074 -52.40500387981086305 66.69786154991601279  1.03672962320960660 212.00799003748562654 -52.10510710084496822 66.17257565164209154  1.03672962320961681 211.80748271340166866 -51.92520452641998929 65.90460464958239584  1.03672962320960527 211.63354014555466165 -51.71962825192154867 65.62967184712287860  1.03672962320960460 211.49473490876266624 -51.50039521123093778 65.34732055022195141  1.03672962320965723 211.39378268301646813 -51.28164508526710819 65.05819062258399299  1.03672962320953244 211.32683040751112458 -51.07353379838993845 64.76332856243934089  1.03672962320968809 211.28777772284971093 -50.88076100222932752 64.46349564596330595  1.03672962320956996 211.27349461992827173 -50.70537040988707389 64.15894479605672984  1.03672962320962436 211.28077526795536301 -50.54797391728070011 63.85000000000002274  1.03672962320961215 
214.42820650194465770 -45.66446428571422445 72.32014609821931117  1.03834669984750638 214.37120313044727027 -46.50783654569890757 72.28850965250290983  1.03834669984752126 214.27557890509729077 -47.27719882911386406 72.19810517665601424  1.03834669984744532 214.14361897399510326 -47.97785858707035800 72.04893372067112978  1.03834669984763317 213.97597127276526408 -48.61402433645300647 71.83816026980052527  1.03834669984731609 213.77636790005956868 -49.18422147393399513 71.56757505747894754  1.03834669984772665 213.53924453996575039 -49.68992044861336410 71.22399936272093157  1.03834669984731565 213.27656581938788349 -50.09618856750574167 70.81795971155499103  1.03834669984762029 213.00067769251691630 -50.40345773526385642 70.36956614676573452  1.03834669984746775 212.57842098798275288 -50.70819118392205382 69.65102211569494273  1.03834669984752681 212.17106879892310189 -50.76701440381401653 68.88142661430812552  1.03834669984750172 212.03842137621813890 -50.75851271557779398 68.62018586661510255  1.03834669984750727 211.91083206945043571 -50.72146990785781639 68.35491906654132777  1.03834669984749950 211.79043721663663291 -50.65481705529016665 68.08594327303248406  1.03834669984753347 211.68023457340692062 -50.55709895599253656 67.81324487905251885  1.03834669984746553 211.58484952572206339 -50.42752125233154459 67.53662298232769956  1.03834669984753702 211.51066803212168566 -50.26734730831437759 67.25592889539147734  1.03834669984749661 211.41849870308524828 -49.89504956568332972 66.68685050481069254  1.03834669984751216 211.45474952639406752 -49.45379784567776227 66.10638510209433605  1.03834669984750483 211.50874145283779626 -49.22447108195616750 65.81429988788255514  1.03834669984750749 211.60119925624857729 -48.99820366743695388 65.52183964877781364  1.03834669984749661 211.72637537992696366 -48.78991643758489971 65.23163273563781672  1.03834669984753369 211.87289584119179153 -48.60987067868165212 64.94592951711977946  1.03834669984746464 212.02939523256662824 -48.45961380240149197 64.66546496711903558  1.03834669984754702 212.18853687520154949 -48.33535029344429290 64.38973700567656522  1.03834669984748107 212.34735020143097017 -48.23453300537294552 64.11816134244625687  1.03834669984751460 212.50427887627020596 -48.15360548828627429 63.85000000000002274  1.03834669984750638 
212.22526715234621975 -45.66446428571422445 69.85000000000002274  0.85353433019614966 212.22526715234621975 -46.27151020582181218 69.76752649236972559  0.85353433019616609 212.20040203899858966 -46.76834253825718690 69.64176364963401511  0.85353433019608360 212.15813453306918746 -47.15691543292817300 69.48039095070103599  0.85353433019628822 212.10853029021487259 -47.44009066619161530 69.29542730498683056  0.85353433019594682 212.05741655446587401 -47.62779718693395381 69.09166794414915103  0.85353433019636771 212.02483394227837721 -47.72478167880707645 68.89691861793340877  0.85353433019597746 212.00581153477716612 -47.78682501739574917 68.70204289190803593  0.85353433019624469 211.99601301364990036 -47.81465805754993426 68.48332943304450282  0.85353433019611935 212.00760795425935612 -47.80162553583937068 68.10054725806628539  0.85353433019616654 212.10553586621330169 -47.69692293222107082 67.61798991137588644  0.85353433019614411 212.15048819174771211 -47.65122427789184201 67.44505744030125527  0.85353433019615788 212.21093465144960533 -47.59461681215601203 67.25963201829961235  0.85353433019614089 212.29123260437376075 -47.52695015282196067 67.06162655426800256  0.85353433019615954 212.39686702372506488 -47.44903480403554141 66.85139606347705410  0.85353433019613911 212.53365572493243008 -47.36413887630099140 66.63003309059871526  0.85353433019615776 212.70620654978682751 -47.27893696174008653 66.39965004701466000  0.85353433019614611 213.12504932143374958 -47.12679672497334593 65.92726239775772967  0.85353433019615399 213.66967200129715820 -47.04686845671703566 65.44757407933359161  0.85353433019614477 213.96806324099460994 -47.03348829320960078 65.20980802369678031  0.85353433019616609 214.28271203106731946 -47.05604604384834033 64.97876532137115646  0.85353433019611780 214.59478369441734458 -47.11678353218233184 64.75884709884144286  0.85353433019619462 214.88678353623359385 -47.20907903900602065 64.55241342013950145  0.85353433019610170 215.15062242694034467 -47.32111044861108695 64.35934752138803105  0.85353433019618741 215.38646397499172735 -47.44217720512169478 64.17839343816891073  0.85353433019612890 215.59568401595291220 -47.56693865416992395 64.00891945319378351  0.85353433019615610 215.78153555384557194 -47.69083967943171132 63.85000000000002274  0.85353433019614966 
214.42820650194465770 -45.66446428571422445 67.37985390178073430  1.03834669984750683 214.48520987344201671 -46.21141901391254692 67.34821745606427612  1.03834669984752459 214.52066417003774745 -46.64509477628766376 67.28049739882375491  1.03834669984743622 214.54314627835182705 -46.96810420978997058 67.18643683301196745  1.03834669984764916 214.56486724439832869 -47.18485520798635235 67.08194409617307485  1.03834669984730499 214.59170228203183228 -47.31086065226816828 66.97276034073296103  1.03834669984772177 214.64972738395363194 -47.35471258695646668 66.89724912437567639  1.03834669984733763 214.72830098778263164 -47.40055914560014827 66.84172706508064721  1.03834669984759831 214.81688706337840244 -47.45495001126669621 66.77174554034708365  1.03834669984747952 214.97065715834418143 -47.56399640191685307 66.61874326995256013  1.03834669984751993 215.17575657315916260 -47.73304871473153810 66.37090037168999856  1.03834669984750549 215.25107236857084558 -47.79718579940756484 66.27650381475731933  1.03834669984749572 215.33450117712430938 -47.87025832217081955 66.16980690999416481  1.03834669984752015 215.42789167355317659 -47.95402244694902549 66.05090734920065643  1.03834669984751460 215.53309620983247896 -48.05135779705672405 65.92057266996553722  1.03834669984747729 215.65059486100702202 -48.16636860380693719 65.78032353066687676  1.03834669984753458 215.77817884925664771 -48.30371479720206906 65.63241080692269236  1.03834669984749706 216.04271589164139300 -48.62992170676706394 65.32669143232320152  1.03834669984751282 216.29587675719284334 -49.05479939854561877 65.01134794707286346  1.03834669984750483 216.41237772102007852 -49.29071584535891049 64.85375205513830110  1.03834669984750882 216.50930632887724414 -49.54632850712397385 64.69879988360692380  1.03834669984750061 216.57860244043402531 -49.80923906445467253 64.54772115025161838  1.03834669984752059 216.61886036302024650 -50.06490872136353687 64.40055767133236486  1.03834669984748529 216.63588168904249187 -50.30352286168527343 64.25696645902300475  1.03834669984753147 216.63777070448415429 -50.52147024627554828 64.11696759553011304  1.03834669984748862 216.62919559326601870 -50.71800333263730920 63.98114228990751684  1.03834669984751327 216.61485045243188097 -50.89398653906071956 63.85000000000002274  1.03834669984750683 
217.09911914965724122 -45.66446428571422445 67.68999400175765402  1.03672962320961148 217.14896544192441752 -46.33686392581969926 67.71999400175765516  1.03672962320962281 217.16986222171709642 -46.91853873192197710 67.70747111016773090  1.03672962320956685 217.16752809406003166 -47.41470252400836216 67.65815306380119409  1.03672962320970097 217.14903959957118218 -47.83150437488866658 67.58012468680570350  1.03672962320947537 217.11889638243155787 -48.17986278643807196 67.47763085706922936  1.03672962320977735 217.08932475874243551 -48.46826773888264484 67.36735430806658087  1.03672962320946049 217.05793129045363798 -48.73559643772811256 67.24629506338268925  1.03672962320970363 217.02197111778977501 -48.99136074255756768 67.10348565826016909  1.03672962320958062 216.96276072931783574 -49.37933276770738900 66.85073206789756739  1.03672962320962747 216.88807218602383386 -49.80655158421418349 66.53841529990172887  1.03672962320960904 216.86107559521065014 -49.95526210282887547 66.42762049203179231  1.03672962320960149 216.83119920940038128 -50.11189628157833198 66.31029430290537618  1.03672962320963769 216.79744254072068088 -50.27863187468348372 66.18690521605876143  1.03672962320958018 216.75801990483913073 -50.45795720114346494 66.05819834350644726  1.03672962320963569 216.70971291861124541 -50.65171310793972026 65.92506168947709000  1.03672962320959816 216.64779794253760770 -50.85984460560806752 65.78830871624386134  1.03672962320961526 216.48661570022545675 -51.29871961355920007 65.50847774899233400  1.03672962320960815 216.24128776198782020 -51.75620505018657980 65.21502628852962857  1.03672962320961437 216.09544113015633116 -51.98313190423950658 65.06465875252710873  1.03672962320960416 215.92540803326207310 -52.19893307618485068 64.90996914174750998  1.03672962320961637 215.73773881978044642 -52.39173641156215666 64.74927773495413419  1.03672962320962636 215.54386588740058528 -52.55399529246006551 64.58129313906172797  1.03672962320957329 215.35494776623056623 -52.68593017896677111 64.40611923445800358  1.03672962320965190 215.17838636569939581 -52.79240186201397478 64.22497389922207844  1.03672962320958773 215.01773134203048699 -52.87702770870631497 64.03912922094941962  1.03672962320961859 214.87524252117350443 -52.94428541942613720 63.85000000000002274  1.03672962320961148 

0.00000000000000000 6
6.28318530717958623 6

0.00000000000000000 11
0.50000000000000000 8
0.75000000000000000 8
1.00000000000000000 11

1 213.79900490903779087 -50.66463564664320529 63.85000000000003695 0.00000000000000965 -0.00000000000003386 -1.00000000000000000 0.00000000000000000 -1.00000000000000000 0.00000000000003386 -1.00000000000000000 -0.00000000000000000 -0.00000000000000965 
Triangulations 0

TShapes 50
Ve
0.000000100000000
49.212500000000091 7.050000000000005 12.210958193360590
0 0

0101101
*
Ve
0.000000100000014
49.212500000000091 14.100000000000003 -0.000000000000009
0 0

0101101
*
Ed
 0.000000100000000 1 1 0
1  1 0 0.000000000000000 5.235987755982988
3  1 2G1 1 0 0.000000000000000 5.235987755982988
0

0101000
+50 3 -49 3 *
Ed
 0.000000100000000 1 1 0
1  2 0 1.570796326794897 7.853981633974483
2  3 1 0 1.570796326794897 7.853981633974483
0

0101000
-50 3 +50 3 *
Ed
 0.000000100000012 1 1 0
1  3 0 1.570796326794897 7.853981633974483
2  4 1 0 1.570796326794897 7.853981633974483
2  5 2 0 1.570796326794897 7.853981633974483
0

0101000
+49 3 -49 3 *
Wi

0101100
+48 0 -47 0 -48 0 +46 0 *
Fa
0  0.000000100000000 1 0

0101000
+45 0 *
Wi

0101100
-47 0 *
Fa
0  0.000000100000000 3 0

0101000
+43 0 *
Ve
0.000049973703832
49.212500000000091 14.100000000000000 13.999999999999993
0 0

0101101
*
Ed
 0.000000100000000 1 1 0
1  4 0 0.000000000000000 14.000000000000000
3  6 7G1 2 0 0.000000000000000 14.000000000000000
0

0101000
+49 3 -41 3 *
Ed
 0.000008708832353 1 1 0
1  5 0 0.000000000000000 6.283185307179586
2  8 2 0 0.000000000000000 6.283185307179586
2  9 4 0 0.000000000000000 6.283185307179586
0

0101000
+41 3 -41 3 *
Wi

0101100
+40 0 -46 0 -40 0 -39 0 *
Fa
0  0.000000100000000 2 0

0101000
+38 0 *
Ve
0.000049973703832
92.785380361223176 0.715299348006381 45.680130164648162
0 0

0101101
*
Ed
 0.000000100000000 1 1 0
1  6 0 0.000000000000000 1.000000000000000
3  10 11G1 4 0 0.000000000000000 1.000000000000000
0

0101000
+41 3 -36 3 *
Ve
0.000022522240626
95.301758518722195 0.232777766309606 45.994751062189287
0 0

0101101
*
Ed
 0.000000171478193 1 1 0
1  7 0 0.000000000000000 2.902653071376731
2  12 4 0 0.000000000000000 2.902653071376731
2  13 5 0 0.000000000000000 2.902653071376731
0

0101000
+36 3 -34 3 *
Ed
 0.000000100510059 1 1 0
1  8 0 2.902653071376731 6.283185307179586
2  12 4 0 2.902653071376731 6.283185307179586
2  14 5 0 2.902653071376731 6.283185307179586
0

0101000
+34 3 -36 3 *
Wi

0101100
+39 0 -35 0 -33 0 -32 0 +35 0 *
Fa
0  0.000000100000000 4 0

0101000
+31 0 *
Ve
0.000022522240626
182.213377663477104 -21.862938147999557 67.844637364085585
0 0

0101101
*
Ed
 0.000000100000000 1 1 0
1  9 0 0.000000000000000 209.880557643943405
3  15 16G1 5 0 0.000000000000000 209.880557643943405
0

0101000
+34 3 -29 3 *
Ve
0.000047972606077
182.213377668379394 -21.862936519404411 67.844751062190767
0 0

0101101
*
Ed
 0.000000100140900 1 1 0
1  10 0 0.000000000000000 0.000088752755069
2  17 5 0 0.000000000000000 0.000088752755069
2  18 6 0 0.000000000000000 0.000088752755069
0

0101000
+29 3 -27 3 *
Ed
 0.000002117674818 1 1 0
1  11 0 0.000088752755069 6.283185307179586
2  17 5 0 0.000088752755069 6.283185307179586
2  19 6 0 0.000088752755069 6.283185307179586
0

0101000
+27 3 -29 3 *
Wi

0101100
+33 0 +32 0 -28 0 -26 0 -25 0 +28 0 *
Fa
0  0.000000100000000 5 0

0101000
+24 0 *
Ve
0.000047972606077
214.499196507768630 -34.526964285714222 69.864181858318958
0 0

0101101
*
Ed
 0.000000100000000 1 1 0
1  12 0 0.000000000000000 1.000000000000000
3  20 21G1 6 0 0.000000000000000 1.000000000000000
0

0101000
+27 3 -22 3 *
Ve
0.000005739794451
217.099119149657241 -34.526964285714222 69.850000000000023
0 0

0101101
*
Ed
 0.000005739794451 1 1 0
1  13 0 0.000000000000000 3.152501991765658
2  22 6 0 0.000000000000000 3.152501991765658
2  23 7 0 0.000000000000000 3.152501991765658
0

0101000
+22 3 -20 3 *
Ed
 0.000003597067388 1 1 0
1  14 0 3.152501991765658 6.283185307179586
2  22 6 0 3.152501991765658 6.283185307179586
2  24 7 0 3.152501991765658 6.283185307179586
0

0101000
+20 3 -22 3 *
Wi

0101100
+26 0 +25 0 -21 0 -19 0 -18 0 +21 0 *
Fa
0  0.000000100000000 6 0

0101000
+17 0 *
Ve
0.000036690988754
217.099119149657241 -45.664464285714224 69.850000000000023
0 0

0101101
*
Ed
 0.000000100000000 1 1 0
1  15 0 0.000000000000000 11.137500000000003
3  25 26G1 7 0 0.000000000000000 11.137500000000003
0

0101000
+20 3 -15 3 *
Ed
 0.000008627491210 1 1 0
1  16 0 0.000000000000000 6.283185307179586
2  27 7 0 0.000000000000000 6.283185307179586
2  28 8 0 0.000000000000000 6.283185307179586
0

0101000
+15 3 -15 3 *
Wi

0101100
+19 0 +18 0 -14 0 -13 0 +14 0 *
Fa
0  0.000000100000000 7 0

0101000
+12 0 *
Ve
0.000036690988754
213.078008894564420 -51.746129668353419 63.850000000000023
0 0

0101101
*
Ed
 0.000000100000000 1 1 0
1  17 0 0.000000000000000 1.000000000000000
3  29 30G1 8 0 0.000000000000000 1.000000000000000
0

0101000
+15 3 -10 3 *
Ed
 0.000000100000000 1 1 0
1  18 0 0.000000000000000 6.283185307179586
2  31 8 0 0.000000000000000 6.283185307179586
0

0101000
+10 3 -10 3 *
Wi

0101100
+9 0 +13 0 -9 0 -8 0 *
Fa
0  0.000000100000000 8 0

0101000
+7 0 *
Wi

0101100
+8 0 *
Fa
0  0.000000100000000 9 0

0101000
+5 0 *
Sh

0101100
+44 0 -42 0 +37 0 +30 0 +23 0 +16 0 +11 0 +6 0 +4 0 *
So

0100000
+3 0 *
Co

1100000
+2 0 *

+1 1 