ISO-10303-21;
HEADER;
FILE_DESCRIPTION(('FreeCAD Model'),'2;1');
FILE_NAME('Open CASCADE Shape Model','2026-09-21T09:08:56',('FreeCAD'),(
    'FreeCAD'),'Open CASCADE STEP processor 7.8','FreeCAD','Unknown');
FILE_SCHEMA(('AUTOMOTIVE_DESIGN { 1 0 10303 214 1 1 1 1 }'));
ENDSEC;
DATA;
#1 = APPLICATION_PROTOCOL_DEFINITION('international standard',
  'automotive_design',2000,#2);
#2 = APPLICATION_CONTEXT(
  'core data for automotive mechanical design processes');
#3 = SHAPE_DEFINITION_REPRESENTATION(#4,#10);
#4 = PRODUCT_DEFINITION_SHAPE('','',#5);
#5 = PRODUCT_DEFINITION('design','',#6,#9);
#6 = PRODUCT_DEFINITION_FORMATION('','',#7);
#7 = PRODUCT('Open CASCADE STEP translator 7.8 2',
  'Open CASCADE STEP translator 7.8 2','',(#8));
#8 = PRODUCT_CONTEXT('',#2,'mechanical');
#9 = PRODUCT_DEFINITION_CONTEXT('part definition',#2,'design');
#10 = SHAPE_REPRESENTATION('',(#11,#15,#249,#3567,#4231,#4381,#4751),
  #5855);
#11 = AXIS2_PLACEMENT_3D('',#12,#13,#14);
#12 = CARTESIAN_POINT('',(0.,0.,0.));
#13 = DIRECTION('',(0.,0.,1.));
#14 = DIRECTION('',(1.,0.,-0.));
#15 = MANIFOLD_SOLID_BREP('',#16);
#16 = CLOSED_SHELL('',(#17,#45,#71,#96,#121,#141,#167,#192,#212,#232));
#17 = ADVANCED_FACE('',(#18,#29),#40,.F.);
#18 = FACE_BOUND('',#19,.F.);
#19 = EDGE_LOOP('',(#20));
#20 = ORIENTED_EDGE('',*,*,#21,.T.);
#21 = EDGE_CURVE('',#22,#22,#24,.T.);
#22 = VERTEX_POINT('',#23);
#23 = CARTESIAN_POINT('',(969.95,0.,64.));
#24 = CIRCLE('',#25,64.);
#25 = AXIS2_PLACEMENT_3D('',#26,#27,#28);
#26 = CARTESIAN_POINT('',(969.95,0.,0.));
#27 = DIRECTION('',(1.,0.,-0.));
#28 = DIRECTION('',(0.,0.,1.));
#29 = FACE_BOUND('',#30,.F.);
#30 = EDGE_LOOP('',(#31));
#31 = ORIENTED_EDGE('',*,*,#32,.F.);
#32 = EDGE_CURVE('',#33,#33,#35,.T.);
#33 = VERTEX_POINT('',#34);
#34 = CARTESIAN_POINT('',(969.95,1.2E-14,50.8254));
#35 = CIRCLE('',#36,50.8254);
#36 = AXIS2_PLACEMENT_3D('',#37,#38,#39);
#37 = CARTESIAN_POINT('',(969.95,0.,0.));
#38 = DIRECTION('',(1.,0.,-0.));
#39 = DIRECTION('',(0.,0.,1.));
#40 = PLANE('',#41);
#41 = AXIS2_PLACEMENT_3D('',#42,#43,#44);
#42 = CARTESIAN_POINT('',(969.95,0.,0.));
#43 = DIRECTION('',(1.,0.,0.));
#44 = DIRECTION('',(0.,0.,1.));
#45 = ADVANCED_FACE('',(#46),#66,.F.);
#46 = FACE_BOUND('',#47,.T.);
#47 = EDGE_LOOP('',(#48,#57,#58,#59));
#48 = ORIENTED_EDGE('',*,*,#49,.F.);
#49 = EDGE_CURVE('',#22,#50,#52,.T.);
#50 = VERTEX_POINT('',#51);
#51 = CARTESIAN_POINT('',(964.95,0.,69.));
#52 = CIRCLE('',#53,5.);
#53 = AXIS2_PLACEMENT_3D('',#54,#55,#56);
#54 = CARTESIAN_POINT('',(964.95,0.,64.));
#55 = DIRECTION('',(0.,-1.,0.));
#56 = DIRECTION('',(0.,0.,1.));
#57 = ORIENTED_EDGE('',*,*,#21,.F.);
#58 = ORIENTED_EDGE('',*,*,#49,.T.);
#59 = ORIENTED_EDGE('',*,*,#60,.T.);
#60 = EDGE_CURVE('',#50,#50,#61,.T.);
#61 = CIRCLE('',#62,69.);
#62 = AXIS2_PLACEMENT_3D('',#63,#64,#65);
#63 = CARTESIAN_POINT('',(964.95,0.,0.));
#64 = DIRECTION('',(1.,0.,-0.));
#65 = DIRECTION('',(0.,0.,1.));
#66 = TOROIDAL_SURFACE('',#67,64.,5.);
#67 = AXIS2_PLACEMENT_3D('',#68,#69,#70);
#68 = CARTESIAN_POINT('',(964.95,0.,0.));
#69 = DIRECTION('',(-1.,-0.,-0.));
#70 = DIRECTION('',(0.,0.,1.));
#71 = ADVANCED_FACE('',(#72),#91,.F.);
#72 = FACE_BOUND('',#73,.F.);
#73 = EDGE_LOOP('',(#74,#75,#83,#90));
#74 = ORIENTED_EDGE('',*,*,#32,.T.);
#75 = ORIENTED_EDGE('',*,*,#76,.T.);
#76 = EDGE_CURVE('',#33,#77,#79,.T.);
#77 = VERTEX_POINT('',#78);
#78 = CARTESIAN_POINT('',(994.95,1.2E-14,50.8254));
#79 = LINE('',#80,#81);
#80 = CARTESIAN_POINT('',(852.15,1.245E-14,50.8254));
#81 = VECTOR('',#82,1.);
#82 = DIRECTION('',(1.,0.,0.));
#83 = ORIENTED_EDGE('',*,*,#84,.F.);
#84 = EDGE_CURVE('',#77,#77,#85,.T.);
#85 = CIRCLE('',#86,50.8254);
#86 = AXIS2_PLACEMENT_3D('',#87,#88,#89);
#87 = CARTESIAN_POINT('',(994.95,0.,0.));
#88 = DIRECTION('',(1.,0.,-0.));
#89 = DIRECTION('',(0.,0.,1.));
#90 = ORIENTED_EDGE('',*,*,#76,.F.);
#91 = CYLINDRICAL_SURFACE('',#92,50.8254);
#92 = AXIS2_PLACEMENT_3D('',#93,#94,#95);
#93 = CARTESIAN_POINT('',(852.15,0.,0.));
#94 = DIRECTION('',(1.,0.,0.));
#95 = DIRECTION('',(0.,0.,1.));
#96 = ADVANCED_FACE('',(#97),#116,.F.);
#97 = FACE_BOUND('',#98,.F.);
#98 = EDGE_LOOP('',(#99,#107,#108,#109));
#99 = ORIENTED_EDGE('',*,*,#100,.T.);
#100 = EDGE_CURVE('',#101,#50,#103,.T.);
#101 = VERTEX_POINT('',#102);
#102 = CARTESIAN_POINT('',(898.15,0.,69.));
#103 = LINE('',#104,#105);
#104 = CARTESIAN_POINT('',(893.15,1.69E-14,69.));
#105 = VECTOR('',#106,1.);
#106 = DIRECTION('',(1.,0.,0.));
#107 = ORIENTED_EDGE('',*,*,#60,.F.);
#108 = ORIENTED_EDGE('',*,*,#100,.F.);
#109 = ORIENTED_EDGE('',*,*,#110,.T.);
#110 = EDGE_CURVE('',#101,#101,#111,.T.);
#111 = CIRCLE('',#112,69.);
#112 = AXIS2_PLACEMENT_3D('',#113,#114,#115);
#113 = CARTESIAN_POINT('',(898.15,0.,0.));
#114 = DIRECTION('',(1.,0.,-0.));
#115 = DIRECTION('',(0.,0.,1.));
#116 = CYLINDRICAL_SURFACE('',#117,69.);
#117 = AXIS2_PLACEMENT_3D('',#118,#119,#120);
#118 = CARTESIAN_POINT('',(893.15,0.,0.));
#119 = DIRECTION('',(1.,0.,0.));
#120 = DIRECTION('',(0.,0.,1.));
#121 = ADVANCED_FACE('',(#122,#133),#136,.T.);
#122 = FACE_BOUND('',#123,.T.);
#123 = EDGE_LOOP('',(#124));
#124 = ORIENTED_EDGE('',*,*,#125,.T.);
#125 = EDGE_CURVE('',#126,#126,#128,.T.);
#126 = VERTEX_POINT('',#127);
#127 = CARTESIAN_POINT('',(994.95,1.9E-14,76.));
#128 = CIRCLE('',#129,76.);
#129 = AXIS2_PLACEMENT_3D('',#130,#131,#132);
#130 = CARTESIAN_POINT('',(994.95,0.,0.));
#131 = DIRECTION('',(1.,0.,-0.));
#132 = DIRECTION('',(0.,0.,1.));
#133 = FACE_BOUND('',#134,.T.);
#134 = EDGE_LOOP('',(#135));
#135 = ORIENTED_EDGE('',*,*,#84,.F.);
#136 = PLANE('',#137);
#137 = AXIS2_PLACEMENT_3D('',#138,#139,#140);
#138 = CARTESIAN_POINT('',(994.95,0.,0.));
#139 = DIRECTION('',(1.,0.,0.));
#140 = DIRECTION('',(0.,0.,1.));
#141 = ADVANCED_FACE('',(#142),#162,.F.);
#142 = FACE_BOUND('',#143,.F.);
#143 = EDGE_LOOP('',(#144,#153,#160,#161));
#144 = ORIENTED_EDGE('',*,*,#145,.F.);
#145 = EDGE_CURVE('',#146,#101,#148,.T.);
#146 = VERTEX_POINT('',#147);
#147 = CARTESIAN_POINT('',(893.15,0.,64.));
#148 = CIRCLE('',#149,5.);
#149 = AXIS2_PLACEMENT_3D('',#150,#151,#152);
#150 = CARTESIAN_POINT('',(898.15,0.,64.));
#151 = DIRECTION('',(0.,1.,0.));
#152 = DIRECTION('',(0.,0.,1.));
#153 = ORIENTED_EDGE('',*,*,#154,.T.);
#154 = EDGE_CURVE('',#146,#146,#155,.T.);
#155 = CIRCLE('',#156,64.);
#156 = AXIS2_PLACEMENT_3D('',#157,#158,#159);
#157 = CARTESIAN_POINT('',(893.15,0.,0.));
#158 = DIRECTION('',(1.,0.,-0.));
#159 = DIRECTION('',(0.,0.,1.));
#160 = ORIENTED_EDGE('',*,*,#145,.T.);
#161 = ORIENTED_EDGE('',*,*,#110,.F.);
#162 = TOROIDAL_SURFACE('',#163,64.,5.);
#163 = AXIS2_PLACEMENT_3D('',#164,#165,#166);
#164 = CARTESIAN_POINT('',(898.15,0.,0.));
#165 = DIRECTION('',(1.,0.,0.));
#166 = DIRECTION('',(0.,0.,1.));
#167 = ADVANCED_FACE('',(#168),#187,.T.);
#168 = FACE_BOUND('',#169,.T.);
#169 = EDGE_LOOP('',(#170,#171,#179,#186));
#170 = ORIENTED_EDGE('',*,*,#125,.F.);
#171 = ORIENTED_EDGE('',*,*,#172,.F.);
#172 = EDGE_CURVE('',#173,#126,#175,.T.);
#173 = VERTEX_POINT('',#174);
#174 = CARTESIAN_POINT('',(853.15,1.9E-14,76.));
#175 = LINE('',#176,#177);
#176 = CARTESIAN_POINT('',(853.15,1.861E-14,76.));
#177 = VECTOR('',#178,1.);
#178 = DIRECTION('',(1.,0.,0.));
#179 = ORIENTED_EDGE('',*,*,#180,.T.);
#180 = EDGE_CURVE('',#173,#173,#181,.T.);
#181 = CIRCLE('',#182,76.);
#182 = AXIS2_PLACEMENT_3D('',#183,#184,#185);
#183 = CARTESIAN_POINT('',(853.15,0.,0.));
#184 = DIRECTION('',(1.,0.,-0.));
#185 = DIRECTION('',(0.,0.,1.));
#186 = ORIENTED_EDGE('',*,*,#172,.T.);
#187 = CYLINDRICAL_SURFACE('',#188,76.);
#188 = AXIS2_PLACEMENT_3D('',#189,#190,#191);
#189 = CARTESIAN_POINT('',(853.15,0.,0.));
#190 = DIRECTION('',(1.,0.,0.));
#191 = DIRECTION('',(0.,0.,1.));
#192 = ADVANCED_FACE('',(#193,#196),#207,.T.);
#193 = FACE_BOUND('',#194,.T.);
#194 = EDGE_LOOP('',(#195));
#195 = ORIENTED_EDGE('',*,*,#154,.T.);
#196 = FACE_BOUND('',#197,.T.);
#197 = EDGE_LOOP('',(#198));
#198 = ORIENTED_EDGE('',*,*,#199,.F.);
#199 = EDGE_CURVE('',#200,#200,#202,.T.);
#200 = VERTEX_POINT('',#201);
#201 = CARTESIAN_POINT('',(893.15,1.4E-14,57.3));
#202 = CIRCLE('',#203,57.3);
#203 = AXIS2_PLACEMENT_3D('',#204,#205,#206);
#204 = CARTESIAN_POINT('',(893.15,0.,0.));
#205 = DIRECTION('',(1.,0.,-0.));
#206 = DIRECTION('',(0.,0.,1.));
#207 = PLANE('',#208);
#208 = AXIS2_PLACEMENT_3D('',#209,#210,#211);
#209 = CARTESIAN_POINT('',(893.15,0.,0.));
#210 = DIRECTION('',(1.,0.,0.));
#211 = DIRECTION('',(0.,0.,1.));
#212 = ADVANCED_FACE('',(#213,#216),#227,.F.);
#213 = FACE_BOUND('',#214,.F.);
#214 = EDGE_LOOP('',(#215));
#215 = ORIENTED_EDGE('',*,*,#180,.T.);
#216 = FACE_BOUND('',#217,.F.);
#217 = EDGE_LOOP('',(#218));
#218 = ORIENTED_EDGE('',*,*,#219,.F.);
#219 = EDGE_CURVE('',#220,#220,#222,.T.);
#220 = VERTEX_POINT('',#221);
#221 = CARTESIAN_POINT('',(853.15,1.4E-14,57.3));
#222 = CIRCLE('',#223,57.3);
#223 = AXIS2_PLACEMENT_3D('',#224,#225,#226);
#224 = CARTESIAN_POINT('',(853.15,0.,0.));
#225 = DIRECTION('',(1.,0.,-0.));
#226 = DIRECTION('',(0.,0.,1.));
#227 = PLANE('',#228);
#228 = AXIS2_PLACEMENT_3D('',#229,#230,#231);
#229 = CARTESIAN_POINT('',(853.15,0.,0.));
#230 = DIRECTION('',(1.,0.,0.));
#231 = DIRECTION('',(0.,0.,1.));
#232 = ADVANCED_FACE('',(#233),#244,.F.);
#233 = FACE_BOUND('',#234,.F.);
#234 = EDGE_LOOP('',(#235,#241,#242,#243));
#235 = ORIENTED_EDGE('',*,*,#236,.T.);
#236 = EDGE_CURVE('',#220,#200,#237,.T.);
#237 = LINE('',#238,#239);
#238 = CARTESIAN_POINT('',(852.15,1.403E-14,57.3));
#239 = VECTOR('',#240,1.);
#240 = DIRECTION('',(1.,0.,0.));
#241 = ORIENTED_EDGE('',*,*,#199,.F.);
#242 = ORIENTED_EDGE('',*,*,#236,.F.);
#243 = ORIENTED_EDGE('',*,*,#219,.T.);
#244 = CYLINDRICAL_SURFACE('',#245,57.3);
#245 = AXIS2_PLACEMENT_3D('',#246,#247,#248);
#246 = CARTESIAN_POINT('',(852.15,0.,0.));
#247 = DIRECTION('',(1.,0.,0.));
#248 = DIRECTION('',(0.,0.,1.));
#249 = MANIFOLD_SOLID_BREP('',#250);
#250 = CLOSED_SHELL('',(#251,#284,#304,#1107,#1132,#1164,#1188,#1212,
    #1236,#1261,#1285,#1309,#1333,#1358,#1382,#1406,#1430,#1455,#1479,
    #1503,#1527,#1552,#1576,#1600,#1624,#1649,#1673,#1697,#1721,#1746,
    #1770,#1794,#1818,#1843,#1867,#1891,#1915,#1940,#1964,#1988,#2012,
    #2037,#2061,#2085,#2109,#2134,#2158,#2182,#2206,#2231,#2255,#2279,
    #2303,#2328,#2352,#2376,#2400,#2425,#2449,#2473,#2497,#2522,#2546,
    #2570,#2594,#2619,#2643,#2667,#2691,#2716,#2740,#2764,#2788,#2813,
    #2837,#2861,#2885,#2910,#2934,#2958,#2982,#3007,#3031,#3055,#3079,
    #3104,#3128,#3152,#3176,#3201,#3225,#3249,#3273,#3298,#3322,#3346,
    #3370,#3395,#3419,#3443,#3460));
#251 = ADVANCED_FACE('',(#252),#279,.T.);
#252 = FACE_BOUND('',#253,.T.);
#253 = EDGE_LOOP('',(#254,#264,#271,#272));
#254 = ORIENTED_EDGE('',*,*,#255,.T.);
#255 = EDGE_CURVE('',#256,#258,#260,.T.);
#256 = VERTEX_POINT('',#257);
#257 = CARTESIAN_POINT('',(853.15,1.4E-14,57.15));
#258 = VERTEX_POINT('',#259);
#259 = CARTESIAN_POINT('',(911.1998,1.4E-14,57.15));
#260 = LINE('',#261,#262);
#261 = CARTESIAN_POINT('',(842.95,1.4E-14,57.15));
#262 = VECTOR('',#263,1.);
#263 = DIRECTION('',(1.,0.,0.));
#264 = ORIENTED_EDGE('',*,*,#265,.F.);
#265 = EDGE_CURVE('',#258,#258,#266,.T.);
#266 = CIRCLE('',#267,57.15);
#267 = AXIS2_PLACEMENT_3D('',#268,#269,#270);
#268 = CARTESIAN_POINT('',(911.1998,0.,0.));
#269 = DIRECTION('',(1.,0.,-0.));
#270 = DIRECTION('',(0.,0.,1.));
#271 = ORIENTED_EDGE('',*,*,#255,.F.);
#272 = ORIENTED_EDGE('',*,*,#273,.T.);
#273 = EDGE_CURVE('',#256,#256,#274,.T.);
#274 = CIRCLE('',#275,57.15);
#275 = AXIS2_PLACEMENT_3D('',#276,#277,#278);
#276 = CARTESIAN_POINT('',(853.15,0.,0.));
#277 = DIRECTION('',(1.,0.,-0.));
#278 = DIRECTION('',(0.,0.,1.));
#279 = CYLINDRICAL_SURFACE('',#280,57.15);
#280 = AXIS2_PLACEMENT_3D('',#281,#282,#283);
#281 = CARTESIAN_POINT('',(842.95,0.,0.));
#282 = DIRECTION('',(1.,0.,0.));
#283 = DIRECTION('',(0.,0.,1.));
#284 = ADVANCED_FACE('',(#285,#296),#299,.T.);
#285 = FACE_BOUND('',#286,.T.);
#286 = EDGE_LOOP('',(#287));
#287 = ORIENTED_EDGE('',*,*,#288,.T.);
#288 = EDGE_CURVE('',#289,#289,#291,.T.);
#289 = VERTEX_POINT('',#290);
#290 = CARTESIAN_POINT('',(853.15,1.9E-14,76.));
#291 = CIRCLE('',#292,76.);
#292 = AXIS2_PLACEMENT_3D('',#293,#294,#295);
#293 = CARTESIAN_POINT('',(853.15,0.,0.));
#294 = DIRECTION('',(1.,0.,-0.));
#295 = DIRECTION('',(0.,0.,1.));
#296 = FACE_BOUND('',#297,.T.);
#297 = EDGE_LOOP('',(#298));
#298 = ORIENTED_EDGE('',*,*,#273,.F.);
#299 = PLANE('',#300);
#300 = AXIS2_PLACEMENT_3D('',#301,#302,#303);
#301 = CARTESIAN_POINT('',(853.15,0.,0.));
#302 = DIRECTION('',(1.,0.,0.));
#303 = DIRECTION('',(0.,0.,1.));
#304 = ADVANCED_FACE('',(#305,#308),#1102,.T.);
#305 = FACE_BOUND('',#306,.T.);
#306 = EDGE_LOOP('',(#307));
#307 = ORIENTED_EDGE('',*,*,#265,.T.);
#308 = FACE_BOUND('',#309,.T.);
#309 = EDGE_LOOP('',(#310,#321,#329,#337,#345,#354,#362,#370,#378,#387,
    #395,#403,#411,#420,#428,#436,#444,#453,#461,#469,#477,#486,#494,
    #502,#510,#519,#527,#535,#543,#552,#560,#568,#576,#585,#593,#601,
    #609,#618,#626,#634,#642,#651,#659,#667,#675,#684,#692,#700,#708,
    #717,#725,#733,#741,#750,#758,#766,#774,#783,#791,#799,#807,#816,
    #824,#832,#840,#849,#857,#865,#873,#882,#890,#898,#906,#915,#923,
    #931,#939,#948,#956,#964,#972,#981,#989,#997,#1005,#1014,#1022,#1030
    ,#1038,#1047,#1055,#1063,#1071,#1080,#1088,#1096));
#310 = ORIENTED_EDGE('',*,*,#311,.F.);
#311 = EDGE_CURVE('',#312,#314,#316,.T.);
#312 = VERTEX_POINT('',#313);
#313 = CARTESIAN_POINT('',(911.1998,-14.00316795227,42.601276001905));
#314 = VERTEX_POINT('',#315);
#315 = CARTESIAN_POINT('',(911.1998,-20.221916131,40.025386165292));
#316 = CIRCLE('',#317,44.8437);
#317 = AXIS2_PLACEMENT_3D('',#318,#319,#320);
#318 = CARTESIAN_POINT('',(911.1998,1.0116E-13,0.));
#319 = DIRECTION('',(1.,1.1E-16,-0.));
#320 = DIRECTION('',(0.,0.,1.));
#321 = ORIENTED_EDGE('',*,*,#322,.F.);
#322 = EDGE_CURVE('',#323,#312,#325,.T.);
#323 = VERTEX_POINT('',#324);
#324 = CARTESIAN_POINT('',(911.1998,-15.49164681952,48.156354760499));
#325 = LINE('',#326,#327);
#326 = CARTESIAN_POINT('',(911.1998,-7.959197327052,20.044870549134));
#327 = VECTOR('',#328,1.);
#328 = DIRECTION('',(0.,0.258819045103,-0.965925826289));
#329 = ORIENTED_EDGE('',*,*,#330,.F.);
#330 = EDGE_CURVE('',#331,#323,#333,.T.);
#331 = VERTEX_POINT('',#332);
#332 = CARTESIAN_POINT('',(911.1998,-10.66201768808,49.450449986011));
#333 = LINE('',#334,#335);
#334 = CARTESIAN_POINT('',(911.1998,-11.86942497094,49.126926179633));
#335 = VECTOR('',#336,1.);
#336 = DIRECTION('',(0.,-0.965925826289,-0.258819045103));
#337 = ORIENTED_EDGE('',*,*,#338,.T.);
#338 = EDGE_CURVE('',#331,#339,#341,.T.);
#339 = VERTEX_POINT('',#340);
#340 = CARTESIAN_POINT('',(911.1998,-9.173538820826,43.895371227418));
#341 = LINE('',#342,#343);
#342 = CARTESIAN_POINT('',(911.1998,-3.129568195607,21.338965774647));
#343 = VECTOR('',#344,1.);
#344 = DIRECTION('',(0.,0.258819045103,-0.965925826289));
#345 = ORIENTED_EDGE('',*,*,#346,.F.);
#346 = EDGE_CURVE('',#347,#339,#349,.T.);
#347 = VERTEX_POINT('',#348);
#348 = CARTESIAN_POINT('',(911.1998,-2.5,44.773959280926));
#349 = CIRCLE('',#350,44.8437);
#350 = AXIS2_PLACEMENT_3D('',#351,#352,#353);
#351 = CARTESIAN_POINT('',(911.1998,1.0116E-13,0.));
#352 = DIRECTION('',(1.,1.1E-16,-0.));
#353 = DIRECTION('',(0.,0.,1.));
#354 = ORIENTED_EDGE('',*,*,#355,.F.);
#355 = EDGE_CURVE('',#356,#347,#358,.T.);
#356 = VERTEX_POINT('',#357);
#357 = CARTESIAN_POINT('',(911.1998,-2.5,50.525));
#358 = LINE('',#359,#360);
#359 = CARTESIAN_POINT('',(911.1998,-2.5,21.42185));
#360 = VECTOR('',#361,1.);
#361 = DIRECTION('',(0.,0.,-1.));
#362 = ORIENTED_EDGE('',*,*,#363,.F.);
#363 = EDGE_CURVE('',#364,#356,#366,.T.);
#364 = VERTEX_POINT('',#365);
#365 = CARTESIAN_POINT('',(911.1998,2.5,50.525));
#366 = LINE('',#367,#368);
#367 = CARTESIAN_POINT('',(911.1998,1.25,50.525));
#368 = VECTOR('',#369,1.);
#369 = DIRECTION('',(0.,-1.,0.));
#370 = ORIENTED_EDGE('',*,*,#371,.T.);
#371 = EDGE_CURVE('',#364,#372,#374,.T.);
#372 = VERTEX_POINT('',#373);
#373 = CARTESIAN_POINT('',(911.1998,2.5,44.773959280926));
#374 = LINE('',#375,#376);
#375 = CARTESIAN_POINT('',(911.1998,2.5,21.42185));
#376 = VECTOR('',#377,1.);
#377 = DIRECTION('',(0.,0.,-1.));
#378 = ORIENTED_EDGE('',*,*,#379,.F.);
#379 = EDGE_CURVE('',#380,#372,#382,.T.);
#380 = VERTEX_POINT('',#381);
#381 = CARTESIAN_POINT('',(911.1998,9.173538820826,43.895371227418));
#382 = CIRCLE('',#383,44.8437);
#383 = AXIS2_PLACEMENT_3D('',#384,#385,#386);
#384 = CARTESIAN_POINT('',(911.1998,1.0116E-13,0.));
#385 = DIRECTION('',(1.,1.1E-16,-0.));
#386 = DIRECTION('',(0.,0.,1.));
#387 = ORIENTED_EDGE('',*,*,#388,.F.);
#388 = EDGE_CURVE('',#389,#380,#391,.T.);
#389 = VERTEX_POINT('',#390);
#390 = CARTESIAN_POINT('',(911.1998,10.662017688082,49.450449986011));
#391 = LINE('',#392,#393);
#392 = CARTESIAN_POINT('',(911.1998,3.129568195607,21.338965774647));
#393 = VECTOR('',#394,1.);
#394 = DIRECTION('',(0.,-0.258819045103,-0.965925826289));
#395 = ORIENTED_EDGE('',*,*,#396,.F.);
#396 = EDGE_CURVE('',#397,#389,#399,.T.);
#397 = VERTEX_POINT('',#398);
#398 = CARTESIAN_POINT('',(911.1998,15.491646819528,48.156354760499));
#399 = LINE('',#400,#401);
#400 = CARTESIAN_POINT('',(911.1998,14.284239536666,48.479878566877));
#401 = VECTOR('',#402,1.);
#402 = DIRECTION('',(0.,-0.965925826289,0.258819045103));
#403 = ORIENTED_EDGE('',*,*,#404,.T.);
#404 = EDGE_CURVE('',#397,#405,#407,.T.);
#405 = VERTEX_POINT('',#406);
#406 = CARTESIAN_POINT('',(911.1998,14.003167952271,42.601276001905));
#407 = LINE('',#408,#409);
#408 = CARTESIAN_POINT('',(911.1998,7.959197327052,20.044870549134));
#409 = VECTOR('',#410,1.);
#410 = DIRECTION('',(0.,-0.258819045103,-0.965925826289));
#411 = ORIENTED_EDGE('',*,*,#412,.F.);
#412 = EDGE_CURVE('',#413,#405,#415,.T.);
#413 = VERTEX_POINT('',#414);
#414 = CARTESIAN_POINT('',(911.1998,20.221916131002,40.025386165292));
#415 = CIRCLE('',#416,44.8437);
#416 = AXIS2_PLACEMENT_3D('',#417,#418,#419);
#417 = CARTESIAN_POINT('',(911.1998,1.0116E-13,0.));
#418 = DIRECTION('',(1.,1.1E-16,-0.));
#419 = DIRECTION('',(0.,0.,1.));
#420 = ORIENTED_EDGE('',*,*,#421,.F.);
#421 = EDGE_CURVE('',#422,#413,#424,.T.);
#422 = VERTEX_POINT('',#423);
#423 = CARTESIAN_POINT('',(911.1998,23.097436490539,45.005933526209));
#424 = LINE('',#425,#426);
#425 = CARTESIAN_POINT('',(911.1998,8.545861490539,19.80186629606));
#426 = VECTOR('',#427,1.);
#427 = DIRECTION('',(0.,-0.5,-0.866025403784));
#428 = ORIENTED_EDGE('',*,*,#429,.F.);
#429 = EDGE_CURVE('',#430,#422,#432,.T.);
#430 = VERTEX_POINT('',#431);
#431 = CARTESIAN_POINT('',(911.1998,27.427563509461,42.505933526209));
#432 = LINE('',#433,#434);
#433 = CARTESIAN_POINT('',(911.1998,26.345031754731,43.130933526209));
#434 = VECTOR('',#435,1.);
#435 = DIRECTION('',(0.,-0.866025403784,0.5));
#436 = ORIENTED_EDGE('',*,*,#437,.T.);
#437 = EDGE_CURVE('',#430,#438,#440,.T.);
#438 = VERTEX_POINT('',#439);
#439 = CARTESIAN_POINT('',(911.1998,24.552043149924,37.525386165292));
#440 = LINE('',#441,#442);
#441 = CARTESIAN_POINT('',(911.1998,12.875988509461,17.30186629606));
#442 = VECTOR('',#443,1.);
#443 = DIRECTION('',(0.,-0.5,-0.866025403784));
#444 = ORIENTED_EDGE('',*,*,#445,.F.);
#445 = EDGE_CURVE('',#446,#438,#448,.T.);
#446 = VERTEX_POINT('',#447);
#447 = CARTESIAN_POINT('',(911.1998,29.892203275147,33.427737181079));
#448 = CIRCLE('',#449,44.8437);
#449 = AXIS2_PLACEMENT_3D('',#450,#451,#452);
#450 = CARTESIAN_POINT('',(911.1998,1.0116E-13,0.));
#451 = DIRECTION('',(1.,1.1E-16,-0.));
#452 = DIRECTION('',(0.,0.,1.));
#453 = ORIENTED_EDGE('',*,*,#454,.F.);
#454 = EDGE_CURVE('',#455,#446,#457,.T.);
#455 = VERTEX_POINT('',#456);
#456 = CARTESIAN_POINT('',(911.1998,33.958803166484,37.494337072417));
#457 = LINE('',#458,#459);
#458 = CARTESIAN_POINT('',(911.1998,13.379768447595,16.915302353527));
#459 = VECTOR('',#460,1.);
#460 = DIRECTION('',(0.,-0.707106781187,-0.707106781187));
#461 = ORIENTED_EDGE('',*,*,#462,.F.);
#462 = EDGE_CURVE('',#463,#455,#465,.T.);
#463 = VERTEX_POINT('',#464);
#464 = CARTESIAN_POINT('',(911.1998,37.494337072417,33.958803166484));
#465 = LINE('',#466,#467);
#466 = CARTESIAN_POINT('',(911.1998,36.610453595934,34.842686642967));
#467 = VECTOR('',#468,1.);
#468 = DIRECTION('',(0.,-0.707106781187,0.707106781187));
#469 = ORIENTED_EDGE('',*,*,#470,.T.);
#470 = EDGE_CURVE('',#463,#471,#473,.T.);
#471 = VERTEX_POINT('',#472);
#472 = CARTESIAN_POINT('',(911.1998,33.427737181079,29.892203275147));
#473 = LINE('',#474,#475);
#474 = CARTESIAN_POINT('',(911.1998,16.915302353527,13.379768447595));
#475 = VECTOR('',#476,1.);
#476 = DIRECTION('',(0.,-0.707106781187,-0.707106781187));
#477 = ORIENTED_EDGE('',*,*,#478,.F.);
#478 = EDGE_CURVE('',#479,#471,#481,.T.);
#479 = VERTEX_POINT('',#480);
#480 = CARTESIAN_POINT('',(911.1998,37.525386165292,24.552043149924));
#481 = CIRCLE('',#482,44.8437);
#482 = AXIS2_PLACEMENT_3D('',#483,#484,#485);
#483 = CARTESIAN_POINT('',(911.1998,1.0116E-13,0.));
#484 = DIRECTION('',(1.,1.1E-16,-0.));
#485 = DIRECTION('',(0.,0.,1.));
#486 = ORIENTED_EDGE('',*,*,#487,.F.);
#487 = EDGE_CURVE('',#488,#479,#490,.T.);
#488 = VERTEX_POINT('',#489);
#489 = CARTESIAN_POINT('',(911.1998,42.505933526209,27.427563509461));
#490 = LINE('',#491,#492);
#491 = CARTESIAN_POINT('',(911.1998,17.30186629606,12.875988509461));
#492 = VECTOR('',#493,1.);
#493 = DIRECTION('',(0.,-0.866025403784,-0.5));
#494 = ORIENTED_EDGE('',*,*,#495,.F.);
#495 = EDGE_CURVE('',#496,#488,#498,.T.);
#496 = VERTEX_POINT('',#497);
#497 = CARTESIAN_POINT('',(911.1998,45.005933526209,23.097436490539));
#498 = LINE('',#499,#500);
#499 = CARTESIAN_POINT('',(911.1998,44.380933526209,24.179968245269));
#500 = VECTOR('',#501,1.);
#501 = DIRECTION('',(0.,-0.5,0.866025403784));
#502 = ORIENTED_EDGE('',*,*,#503,.T.);
#503 = EDGE_CURVE('',#496,#504,#506,.T.);
#504 = VERTEX_POINT('',#505);
#505 = CARTESIAN_POINT('',(911.1998,40.025386165292,20.221916131002));
#506 = LINE('',#507,#508);
#507 = CARTESIAN_POINT('',(911.1998,19.80186629606,8.545861490539));
#508 = VECTOR('',#509,1.);
#509 = DIRECTION('',(0.,-0.866025403784,-0.5));
#510 = ORIENTED_EDGE('',*,*,#511,.F.);
#511 = EDGE_CURVE('',#512,#504,#514,.T.);
#512 = VERTEX_POINT('',#513);
#513 = CARTESIAN_POINT('',(911.1998,42.601276001905,14.003167952271));
#514 = CIRCLE('',#515,44.8437);
#515 = AXIS2_PLACEMENT_3D('',#516,#517,#518);
#516 = CARTESIAN_POINT('',(911.1998,1.0116E-13,0.));
#517 = DIRECTION('',(1.,1.1E-16,-0.));
#518 = DIRECTION('',(0.,0.,1.));
#519 = ORIENTED_EDGE('',*,*,#520,.F.);
#520 = EDGE_CURVE('',#521,#512,#523,.T.);
#521 = VERTEX_POINT('',#522);
#522 = CARTESIAN_POINT('',(911.1998,48.156354760499,15.491646819528));
#523 = LINE('',#524,#525);
#524 = CARTESIAN_POINT('',(911.1998,20.044870549134,7.959197327052));
#525 = VECTOR('',#526,1.);
#526 = DIRECTION('',(0.,-0.965925826289,-0.258819045103));
#527 = ORIENTED_EDGE('',*,*,#528,.F.);
#528 = EDGE_CURVE('',#529,#521,#531,.T.);
#529 = VERTEX_POINT('',#530);
#530 = CARTESIAN_POINT('',(911.1998,49.450449986012,10.662017688082));
#531 = LINE('',#532,#533);
#532 = CARTESIAN_POINT('',(911.1998,49.126926179633,11.869424970944));
#533 = VECTOR('',#534,1.);
#534 = DIRECTION('',(0.,-0.258819045103,0.965925826289));
#535 = ORIENTED_EDGE('',*,*,#536,.T.);
#536 = EDGE_CURVE('',#529,#537,#539,.T.);
#537 = VERTEX_POINT('',#538);
#538 = CARTESIAN_POINT('',(911.1998,43.895371227418,9.173538820826));
#539 = LINE('',#540,#541);
#540 = CARTESIAN_POINT('',(911.1998,21.338965774647,3.129568195607));
#541 = VECTOR('',#542,1.);
#542 = DIRECTION('',(0.,-0.965925826289,-0.258819045103));
#543 = ORIENTED_EDGE('',*,*,#544,.F.);
#544 = EDGE_CURVE('',#545,#537,#547,.T.);
#545 = VERTEX_POINT('',#546);
#546 = CARTESIAN_POINT('',(911.1998,44.773959280926,2.5));
#547 = CIRCLE('',#548,44.8437);
#548 = AXIS2_PLACEMENT_3D('',#549,#550,#551);
#549 = CARTESIAN_POINT('',(911.1998,1.0116E-13,0.));
#550 = DIRECTION('',(1.,1.1E-16,-0.));
#551 = DIRECTION('',(0.,0.,1.));
#552 = ORIENTED_EDGE('',*,*,#553,.F.);
#553 = EDGE_CURVE('',#554,#545,#556,.T.);
#554 = VERTEX_POINT('',#555);
#555 = CARTESIAN_POINT('',(911.1998,50.525,2.5));
#556 = LINE('',#557,#558);
#557 = CARTESIAN_POINT('',(911.1998,21.42185,2.5));
#558 = VECTOR('',#559,1.);
#559 = DIRECTION('',(0.,-1.,2.2E-16));
#560 = ORIENTED_EDGE('',*,*,#561,.F.);
#561 = EDGE_CURVE('',#562,#554,#564,.T.);
#562 = VERTEX_POINT('',#563);
#563 = CARTESIAN_POINT('',(911.1998,50.525,-2.5));
#564 = LINE('',#565,#566);
#565 = CARTESIAN_POINT('',(911.1998,50.525,-1.25));
#566 = VECTOR('',#567,1.);
#567 = DIRECTION('',(0.,2.2E-16,1.));
#568 = ORIENTED_EDGE('',*,*,#569,.T.);
#569 = EDGE_CURVE('',#562,#570,#572,.T.);
#570 = VERTEX_POINT('',#571);
#571 = CARTESIAN_POINT('',(911.1998,44.773959280926,-2.5));
#572 = LINE('',#573,#574);
#573 = CARTESIAN_POINT('',(911.1998,21.42185,-2.5));
#574 = VECTOR('',#575,1.);
#575 = DIRECTION('',(0.,-1.,2.2E-16));
#576 = ORIENTED_EDGE('',*,*,#577,.F.);
#577 = EDGE_CURVE('',#578,#570,#580,.T.);
#578 = VERTEX_POINT('',#579);
#579 = CARTESIAN_POINT('',(911.1998,43.895371227418,-9.173538820826));
#580 = CIRCLE('',#581,44.8437);
#581 = AXIS2_PLACEMENT_3D('',#582,#583,#584);
#582 = CARTESIAN_POINT('',(911.1998,1.0116E-13,0.));
#583 = DIRECTION('',(1.,1.1E-16,-0.));
#584 = DIRECTION('',(0.,0.,1.));
#585 = ORIENTED_EDGE('',*,*,#586,.F.);
#586 = EDGE_CURVE('',#587,#578,#589,.T.);
#587 = VERTEX_POINT('',#588);
#588 = CARTESIAN_POINT('',(911.1998,49.450449986012,-10.66201768808));
#589 = LINE('',#590,#591);
#590 = CARTESIAN_POINT('',(911.1998,21.338965774647,-3.129568195607));
#591 = VECTOR('',#592,1.);
#592 = DIRECTION('',(0.,-0.965925826289,0.258819045103));
#593 = ORIENTED_EDGE('',*,*,#594,.F.);
#594 = EDGE_CURVE('',#595,#587,#597,.T.);
#595 = VERTEX_POINT('',#596);
#596 = CARTESIAN_POINT('',(911.1998,48.156354760499,-15.49164681952));
#597 = LINE('',#598,#599);
#598 = CARTESIAN_POINT('',(911.1998,48.479878566877,-14.28423953666));
#599 = VECTOR('',#600,1.);
#600 = DIRECTION('',(0.,0.258819045103,0.965925826289));
#601 = ORIENTED_EDGE('',*,*,#602,.T.);
#602 = EDGE_CURVE('',#595,#603,#605,.T.);
#603 = VERTEX_POINT('',#604);
#604 = CARTESIAN_POINT('',(911.1998,42.601276001905,-14.00316795227));
#605 = LINE('',#606,#607);
#606 = CARTESIAN_POINT('',(911.1998,20.044870549134,-7.959197327052));
#607 = VECTOR('',#608,1.);
#608 = DIRECTION('',(0.,-0.965925826289,0.258819045103));
#609 = ORIENTED_EDGE('',*,*,#610,.F.);
#610 = EDGE_CURVE('',#611,#603,#613,.T.);
#611 = VERTEX_POINT('',#612);
#612 = CARTESIAN_POINT('',(911.1998,40.025386165292,-20.221916131));
#613 = CIRCLE('',#614,44.8437);
#614 = AXIS2_PLACEMENT_3D('',#615,#616,#617);
#615 = CARTESIAN_POINT('',(911.1998,1.0116E-13,0.));
#616 = DIRECTION('',(1.,1.1E-16,-0.));
#617 = DIRECTION('',(0.,0.,1.));
#618 = ORIENTED_EDGE('',*,*,#619,.F.);
#619 = EDGE_CURVE('',#620,#611,#622,.T.);
#620 = VERTEX_POINT('',#621);
#621 = CARTESIAN_POINT('',(911.1998,45.005933526209,-23.09743649053));
#622 = LINE('',#623,#624);
#623 = CARTESIAN_POINT('',(911.1998,19.80186629606,-8.545861490539));
#624 = VECTOR('',#625,1.);
#625 = DIRECTION('',(0.,-0.866025403784,0.5));
#626 = ORIENTED_EDGE('',*,*,#627,.F.);
#627 = EDGE_CURVE('',#628,#620,#630,.T.);
#628 = VERTEX_POINT('',#629);
#629 = CARTESIAN_POINT('',(911.1998,42.505933526209,-27.42756350946));
#630 = LINE('',#631,#632);
#631 = CARTESIAN_POINT('',(911.1998,43.130933526209,-26.34503175473));
#632 = VECTOR('',#633,1.);
#633 = DIRECTION('',(0.,0.5,0.866025403784));
#634 = ORIENTED_EDGE('',*,*,#635,.T.);
#635 = EDGE_CURVE('',#628,#636,#638,.T.);
#636 = VERTEX_POINT('',#637);
#637 = CARTESIAN_POINT('',(911.1998,37.525386165292,-24.55204314992));
#638 = LINE('',#639,#640);
#639 = CARTESIAN_POINT('',(911.1998,17.30186629606,-12.87598850946));
#640 = VECTOR('',#641,1.);
#641 = DIRECTION('',(0.,-0.866025403784,0.5));
#642 = ORIENTED_EDGE('',*,*,#643,.F.);
#643 = EDGE_CURVE('',#644,#636,#646,.T.);
#644 = VERTEX_POINT('',#645);
#645 = CARTESIAN_POINT('',(911.1998,33.427737181079,-29.89220327514));
#646 = CIRCLE('',#647,44.8437);
#647 = AXIS2_PLACEMENT_3D('',#648,#649,#650);
#648 = CARTESIAN_POINT('',(911.1998,1.0116E-13,0.));
#649 = DIRECTION('',(1.,1.1E-16,-0.));
#650 = DIRECTION('',(0.,0.,1.));
#651 = ORIENTED_EDGE('',*,*,#652,.F.);
#652 = EDGE_CURVE('',#653,#644,#655,.T.);
#653 = VERTEX_POINT('',#654);
#654 = CARTESIAN_POINT('',(911.1998,37.494337072417,-33.95880316648));
#655 = LINE('',#656,#657);
#656 = CARTESIAN_POINT('',(911.1998,16.915302353527,-13.37976844759));
#657 = VECTOR('',#658,1.);
#658 = DIRECTION('',(0.,-0.707106781187,0.707106781187));
#659 = ORIENTED_EDGE('',*,*,#660,.F.);
#660 = EDGE_CURVE('',#661,#653,#663,.T.);
#661 = VERTEX_POINT('',#662);
#662 = CARTESIAN_POINT('',(911.1998,33.958803166484,-37.49433707241));
#663 = LINE('',#664,#665);
#664 = CARTESIAN_POINT('',(911.1998,34.842686642967,-36.61045359593));
#665 = VECTOR('',#666,1.);
#666 = DIRECTION('',(0.,0.707106781187,0.707106781187));
#667 = ORIENTED_EDGE('',*,*,#668,.T.);
#668 = EDGE_CURVE('',#661,#669,#671,.T.);
#669 = VERTEX_POINT('',#670);
#670 = CARTESIAN_POINT('',(911.1998,29.892203275147,-33.42773718107));
#671 = LINE('',#672,#673);
#672 = CARTESIAN_POINT('',(911.1998,13.379768447595,-16.91530235352));
#673 = VECTOR('',#674,1.);
#674 = DIRECTION('',(0.,-0.707106781187,0.707106781187));
#675 = ORIENTED_EDGE('',*,*,#676,.F.);
#676 = EDGE_CURVE('',#677,#669,#679,.T.);
#677 = VERTEX_POINT('',#678);
#678 = CARTESIAN_POINT('',(911.1998,24.552043149924,-37.52538616529));
#679 = CIRCLE('',#680,44.8437);
#680 = AXIS2_PLACEMENT_3D('',#681,#682,#683);
#681 = CARTESIAN_POINT('',(911.1998,1.0116E-13,0.));
#682 = DIRECTION('',(1.,1.1E-16,-0.));
#683 = DIRECTION('',(0.,0.,1.));
#684 = ORIENTED_EDGE('',*,*,#685,.F.);
#685 = EDGE_CURVE('',#686,#677,#688,.T.);
#686 = VERTEX_POINT('',#687);
#687 = CARTESIAN_POINT('',(911.1998,27.427563509461,-42.5059335262));
#688 = LINE('',#689,#690);
#689 = CARTESIAN_POINT('',(911.1998,12.875988509461,-17.30186629606));
#690 = VECTOR('',#691,1.);
#691 = DIRECTION('',(0.,-0.5,0.866025403784));
#692 = ORIENTED_EDGE('',*,*,#693,.F.);
#693 = EDGE_CURVE('',#694,#686,#696,.T.);
#694 = VERTEX_POINT('',#695);
#695 = CARTESIAN_POINT('',(911.1998,23.097436490539,-45.0059335262));
#696 = LINE('',#697,#698);
#697 = CARTESIAN_POINT('',(911.1998,24.17996824527,-44.3809335262));
#698 = VECTOR('',#699,1.);
#699 = DIRECTION('',(0.,0.866025403784,0.5));
#700 = ORIENTED_EDGE('',*,*,#701,.T.);
#701 = EDGE_CURVE('',#694,#702,#704,.T.);
#702 = VERTEX_POINT('',#703);
#703 = CARTESIAN_POINT('',(911.1998,20.221916131002,-40.02538616529));
#704 = LINE('',#705,#706);
#705 = CARTESIAN_POINT('',(911.1998,8.545861490539,-19.80186629606));
#706 = VECTOR('',#707,1.);
#707 = DIRECTION('',(0.,-0.5,0.866025403784));
#708 = ORIENTED_EDGE('',*,*,#709,.F.);
#709 = EDGE_CURVE('',#710,#702,#712,.T.);
#710 = VERTEX_POINT('',#711);
#711 = CARTESIAN_POINT('',(911.1998,14.003167952271,-42.6012760019));
#712 = CIRCLE('',#713,44.8437);
#713 = AXIS2_PLACEMENT_3D('',#714,#715,#716);
#714 = CARTESIAN_POINT('',(911.1998,1.0116E-13,0.));
#715 = DIRECTION('',(1.,1.1E-16,-0.));
#716 = DIRECTION('',(0.,0.,1.));
#717 = ORIENTED_EDGE('',*,*,#718,.F.);
#718 = EDGE_CURVE('',#719,#710,#721,.T.);
#719 = VERTEX_POINT('',#720);
#720 = CARTESIAN_POINT('',(911.1998,15.491646819528,-48.15635476049));
#721 = LINE('',#722,#723);
#722 = CARTESIAN_POINT('',(911.1998,7.959197327052,-20.04487054913));
#723 = VECTOR('',#724,1.);
#724 = DIRECTION('',(0.,-0.258819045103,0.965925826289));
#725 = ORIENTED_EDGE('',*,*,#726,.F.);
#726 = EDGE_CURVE('',#727,#719,#729,.T.);
#727 = VERTEX_POINT('',#728);
#728 = CARTESIAN_POINT('',(911.1998,10.662017688082,-49.45044998601));
#729 = LINE('',#730,#731);
#730 = CARTESIAN_POINT('',(911.1998,11.869424970944,-49.12692617963));
#731 = VECTOR('',#732,1.);
#732 = DIRECTION('',(0.,0.965925826289,0.258819045103));
#733 = ORIENTED_EDGE('',*,*,#734,.T.);
#734 = EDGE_CURVE('',#727,#735,#737,.T.);
#735 = VERTEX_POINT('',#736);
#736 = CARTESIAN_POINT('',(911.1998,9.173538820826,-43.89537122741));
#737 = LINE('',#738,#739);
#738 = CARTESIAN_POINT('',(911.1998,3.129568195607,-21.33896577464));
#739 = VECTOR('',#740,1.);
#740 = DIRECTION('',(0.,-0.258819045103,0.965925826289));
#741 = ORIENTED_EDGE('',*,*,#742,.F.);
#742 = EDGE_CURVE('',#743,#735,#745,.T.);
#743 = VERTEX_POINT('',#744);
#744 = CARTESIAN_POINT('',(911.1998,2.5,-44.77395928092));
#745 = CIRCLE('',#746,44.8437);
#746 = AXIS2_PLACEMENT_3D('',#747,#748,#749);
#747 = CARTESIAN_POINT('',(911.1998,1.0116E-13,0.));
#748 = DIRECTION('',(1.,1.1E-16,-0.));
#749 = DIRECTION('',(0.,0.,1.));
#750 = ORIENTED_EDGE('',*,*,#751,.F.);
#751 = EDGE_CURVE('',#752,#743,#754,.T.);
#752 = VERTEX_POINT('',#753);
#753 = CARTESIAN_POINT('',(911.1998,2.5,-50.525));
#754 = LINE('',#755,#756);
#755 = CARTESIAN_POINT('',(911.1998,2.5,-21.42185));
#756 = VECTOR('',#757,1.);
#757 = DIRECTION('',(0.,1.2E-16,1.));
#758 = ORIENTED_EDGE('',*,*,#759,.F.);
#759 = EDGE_CURVE('',#760,#752,#762,.T.);
#760 = VERTEX_POINT('',#761);
#761 = CARTESIAN_POINT('',(911.1998,-2.5,-50.525));
#762 = LINE('',#763,#764);
#763 = CARTESIAN_POINT('',(911.1998,-1.25,-50.525));
#764 = VECTOR('',#765,1.);
#765 = DIRECTION('',(0.,1.,-1.2E-16));
#766 = ORIENTED_EDGE('',*,*,#767,.T.);
#767 = EDGE_CURVE('',#760,#768,#770,.T.);
#768 = VERTEX_POINT('',#769);
#769 = CARTESIAN_POINT('',(911.1998,-2.5,-44.77395928092));
#770 = LINE('',#771,#772);
#771 = CARTESIAN_POINT('',(911.1998,-2.5,-21.42185));
#772 = VECTOR('',#773,1.);
#773 = DIRECTION('',(0.,1.2E-16,1.));
#774 = ORIENTED_EDGE('',*,*,#775,.F.);
#775 = EDGE_CURVE('',#776,#768,#778,.T.);
#776 = VERTEX_POINT('',#777);
#777 = CARTESIAN_POINT('',(911.1998,-9.173538820826,-43.89537122741));
#778 = CIRCLE('',#779,44.8437);
#779 = AXIS2_PLACEMENT_3D('',#780,#781,#782);
#780 = CARTESIAN_POINT('',(911.1998,1.0116E-13,0.));
#781 = DIRECTION('',(1.,1.1E-16,-0.));
#782 = DIRECTION('',(0.,0.,1.));
#783 = ORIENTED_EDGE('',*,*,#784,.F.);
#784 = EDGE_CURVE('',#785,#776,#787,.T.);
#785 = VERTEX_POINT('',#786);
#786 = CARTESIAN_POINT('',(911.1998,-10.66201768808,-49.45044998601));
#787 = LINE('',#788,#789);
#788 = CARTESIAN_POINT('',(911.1998,-3.129568195607,-21.33896577464));
#789 = VECTOR('',#790,1.);
#790 = DIRECTION('',(0.,0.258819045103,0.965925826289));
#791 = ORIENTED_EDGE('',*,*,#792,.F.);
#792 = EDGE_CURVE('',#793,#785,#795,.T.);
#793 = VERTEX_POINT('',#794);
#794 = CARTESIAN_POINT('',(911.1998,-15.49164681952,-48.15635476049));
#795 = LINE('',#796,#797);
#796 = CARTESIAN_POINT('',(911.1998,-14.28423953666,-48.47987856687));
#797 = VECTOR('',#798,1.);
#798 = DIRECTION('',(0.,0.965925826289,-0.258819045103));
#799 = ORIENTED_EDGE('',*,*,#800,.T.);
#800 = EDGE_CURVE('',#793,#801,#803,.T.);
#801 = VERTEX_POINT('',#802);
#802 = CARTESIAN_POINT('',(911.1998,-14.00316795227,-42.6012760019));
#803 = LINE('',#804,#805);
#804 = CARTESIAN_POINT('',(911.1998,-7.959197327052,-20.04487054913));
#805 = VECTOR('',#806,1.);
#806 = DIRECTION('',(0.,0.258819045103,0.965925826289));
#807 = ORIENTED_EDGE('',*,*,#808,.F.);
#808 = EDGE_CURVE('',#809,#801,#811,.T.);
#809 = VERTEX_POINT('',#810);
#810 = CARTESIAN_POINT('',(911.1998,-20.221916131,-40.02538616529));
#811 = CIRCLE('',#812,44.8437);
#812 = AXIS2_PLACEMENT_3D('',#813,#814,#815);
#813 = CARTESIAN_POINT('',(911.1998,1.0116E-13,0.));
#814 = DIRECTION('',(1.,1.1E-16,-0.));
#815 = DIRECTION('',(0.,0.,1.));
#816 = ORIENTED_EDGE('',*,*,#817,.F.);
#817 = EDGE_CURVE('',#818,#809,#820,.T.);
#818 = VERTEX_POINT('',#819);
#819 = CARTESIAN_POINT('',(911.1998,-23.09743649053,-45.0059335262));
#820 = LINE('',#821,#822);
#821 = CARTESIAN_POINT('',(911.1998,-8.545861490539,-19.80186629606));
#822 = VECTOR('',#823,1.);
#823 = DIRECTION('',(0.,0.5,0.866025403784));
#824 = ORIENTED_EDGE('',*,*,#825,.F.);
#825 = EDGE_CURVE('',#826,#818,#828,.T.);
#826 = VERTEX_POINT('',#827);
#827 = CARTESIAN_POINT('',(911.1998,-27.42756350946,-42.5059335262));
#828 = LINE('',#829,#830);
#829 = CARTESIAN_POINT('',(911.1998,-26.34503175473,-43.1309335262));
#830 = VECTOR('',#831,1.);
#831 = DIRECTION('',(0.,0.866025403784,-0.5));
#832 = ORIENTED_EDGE('',*,*,#833,.T.);
#833 = EDGE_CURVE('',#826,#834,#836,.T.);
#834 = VERTEX_POINT('',#835);
#835 = CARTESIAN_POINT('',(911.1998,-24.55204314992,-37.52538616529));
#836 = LINE('',#837,#838);
#837 = CARTESIAN_POINT('',(911.1998,-12.87598850946,-17.30186629606));
#838 = VECTOR('',#839,1.);
#839 = DIRECTION('',(0.,0.5,0.866025403784));
#840 = ORIENTED_EDGE('',*,*,#841,.F.);
#841 = EDGE_CURVE('',#842,#834,#844,.T.);
#842 = VERTEX_POINT('',#843);
#843 = CARTESIAN_POINT('',(911.1998,-29.89220327514,-33.42773718107));
#844 = CIRCLE('',#845,44.8437);
#845 = AXIS2_PLACEMENT_3D('',#846,#847,#848);
#846 = CARTESIAN_POINT('',(911.1998,1.0116E-13,0.));
#847 = DIRECTION('',(1.,1.1E-16,-0.));
#848 = DIRECTION('',(0.,0.,1.));
#849 = ORIENTED_EDGE('',*,*,#850,.F.);
#850 = EDGE_CURVE('',#851,#842,#853,.T.);
#851 = VERTEX_POINT('',#852);
#852 = CARTESIAN_POINT('',(911.1998,-33.95880316648,-37.49433707241));
#853 = LINE('',#854,#855);
#854 = CARTESIAN_POINT('',(911.1998,-13.37976844759,-16.91530235352));
#855 = VECTOR('',#856,1.);
#856 = DIRECTION('',(0.,0.707106781187,0.707106781187));
#857 = ORIENTED_EDGE('',*,*,#858,.F.);
#858 = EDGE_CURVE('',#859,#851,#861,.T.);
#859 = VERTEX_POINT('',#860);
#860 = CARTESIAN_POINT('',(911.1998,-37.49433707241,-33.95880316648));
#861 = LINE('',#862,#863);
#862 = CARTESIAN_POINT('',(911.1998,-36.61045359593,-34.84268664296));
#863 = VECTOR('',#864,1.);
#864 = DIRECTION('',(0.,0.707106781187,-0.707106781187));
#865 = ORIENTED_EDGE('',*,*,#866,.T.);
#866 = EDGE_CURVE('',#859,#867,#869,.T.);
#867 = VERTEX_POINT('',#868);
#868 = CARTESIAN_POINT('',(911.1998,-33.42773718107,-29.89220327514));
#869 = LINE('',#870,#871);
#870 = CARTESIAN_POINT('',(911.1998,-16.91530235352,-13.37976844759));
#871 = VECTOR('',#872,1.);
#872 = DIRECTION('',(0.,0.707106781187,0.707106781187));
#873 = ORIENTED_EDGE('',*,*,#874,.F.);
#874 = EDGE_CURVE('',#875,#867,#877,.T.);
#875 = VERTEX_POINT('',#876);
#876 = CARTESIAN_POINT('',(911.1998,-37.52538616529,-24.55204314992));
#877 = CIRCLE('',#878,44.8437);
#878 = AXIS2_PLACEMENT_3D('',#879,#880,#881);
#879 = CARTESIAN_POINT('',(911.1998,1.0116E-13,0.));
#880 = DIRECTION('',(1.,1.1E-16,-0.));
#881 = DIRECTION('',(0.,0.,1.));
#882 = ORIENTED_EDGE('',*,*,#883,.F.);
#883 = EDGE_CURVE('',#884,#875,#886,.T.);
#884 = VERTEX_POINT('',#885);
#885 = CARTESIAN_POINT('',(911.1998,-42.5059335262,-27.42756350946));
#886 = LINE('',#887,#888);
#887 = CARTESIAN_POINT('',(911.1998,-17.30186629606,-12.87598850946));
#888 = VECTOR('',#889,1.);
#889 = DIRECTION('',(0.,0.866025403784,0.5));
#890 = ORIENTED_EDGE('',*,*,#891,.F.);
#891 = EDGE_CURVE('',#892,#884,#894,.T.);
#892 = VERTEX_POINT('',#893);
#893 = CARTESIAN_POINT('',(911.1998,-45.0059335262,-23.09743649053));
#894 = LINE('',#895,#896);
#895 = CARTESIAN_POINT('',(911.1998,-44.3809335262,-24.17996824526));
#896 = VECTOR('',#897,1.);
#897 = DIRECTION('',(0.,0.5,-0.866025403784));
#898 = ORIENTED_EDGE('',*,*,#899,.T.);
#899 = EDGE_CURVE('',#892,#900,#902,.T.);
#900 = VERTEX_POINT('',#901);
#901 = CARTESIAN_POINT('',(911.1998,-40.02538616529,-20.221916131));
#902 = LINE('',#903,#904);
#903 = CARTESIAN_POINT('',(911.1998,-19.80186629606,-8.545861490539));
#904 = VECTOR('',#905,1.);
#905 = DIRECTION('',(0.,0.866025403784,0.5));
#906 = ORIENTED_EDGE('',*,*,#907,.F.);
#907 = EDGE_CURVE('',#908,#900,#910,.T.);
#908 = VERTEX_POINT('',#909);
#909 = CARTESIAN_POINT('',(911.1998,-42.6012760019,-14.00316795227));
#910 = CIRCLE('',#911,44.8437);
#911 = AXIS2_PLACEMENT_3D('',#912,#913,#914);
#912 = CARTESIAN_POINT('',(911.1998,1.0116E-13,0.));
#913 = DIRECTION('',(1.,1.1E-16,-0.));
#914 = DIRECTION('',(0.,0.,1.));
#915 = ORIENTED_EDGE('',*,*,#916,.F.);
#916 = EDGE_CURVE('',#917,#908,#919,.T.);
#917 = VERTEX_POINT('',#918);
#918 = CARTESIAN_POINT('',(911.1998,-48.15635476049,-15.49164681952));
#919 = LINE('',#920,#921);
#920 = CARTESIAN_POINT('',(911.1998,-20.04487054913,-7.959197327052));
#921 = VECTOR('',#922,1.);
#922 = DIRECTION('',(0.,0.965925826289,0.258819045103));
#923 = ORIENTED_EDGE('',*,*,#924,.F.);
#924 = EDGE_CURVE('',#925,#917,#927,.T.);
#925 = VERTEX_POINT('',#926);
#926 = CARTESIAN_POINT('',(911.1998,-49.45044998601,-10.66201768808));
#927 = LINE('',#928,#929);
#928 = CARTESIAN_POINT('',(911.1998,-49.12692617963,-11.86942497094));
#929 = VECTOR('',#930,1.);
#930 = DIRECTION('',(0.,0.258819045103,-0.965925826289));
#931 = ORIENTED_EDGE('',*,*,#932,.T.);
#932 = EDGE_CURVE('',#925,#933,#935,.T.);
#933 = VERTEX_POINT('',#934);
#934 = CARTESIAN_POINT('',(911.1998,-43.89537122741,-9.173538820826));
#935 = LINE('',#936,#937);
#936 = CARTESIAN_POINT('',(911.1998,-21.33896577464,-3.129568195607));
#937 = VECTOR('',#938,1.);
#938 = DIRECTION('',(0.,0.965925826289,0.258819045103));
#939 = ORIENTED_EDGE('',*,*,#940,.F.);
#940 = EDGE_CURVE('',#941,#933,#943,.T.);
#941 = VERTEX_POINT('',#942);
#942 = CARTESIAN_POINT('',(911.1998,-44.77395928092,-2.5));
#943 = CIRCLE('',#944,44.8437);
#944 = AXIS2_PLACEMENT_3D('',#945,#946,#947);
#945 = CARTESIAN_POINT('',(911.1998,1.0116E-13,0.));
#946 = DIRECTION('',(1.,1.1E-16,-0.));
#947 = DIRECTION('',(0.,0.,1.));
#948 = ORIENTED_EDGE('',*,*,#949,.F.);
#949 = EDGE_CURVE('',#950,#941,#952,.T.);
#950 = VERTEX_POINT('',#951);
#951 = CARTESIAN_POINT('',(911.1998,-50.525,-2.5));
#952 = LINE('',#953,#954);
#953 = CARTESIAN_POINT('',(911.1998,-21.42185,-2.5));
#954 = VECTOR('',#955,1.);
#955 = DIRECTION('',(0.,1.,-1.1E-16));
#956 = ORIENTED_EDGE('',*,*,#957,.F.);
#957 = EDGE_CURVE('',#958,#950,#960,.T.);
#958 = VERTEX_POINT('',#959);
#959 = CARTESIAN_POINT('',(911.1998,-50.525,2.5));
#960 = LINE('',#961,#962);
#961 = CARTESIAN_POINT('',(911.1998,-50.525,1.25));
#962 = VECTOR('',#963,1.);
#963 = DIRECTION('',(0.,-1.1E-16,-1.));
#964 = ORIENTED_EDGE('',*,*,#965,.T.);
#965 = EDGE_CURVE('',#958,#966,#968,.T.);
#966 = VERTEX_POINT('',#967);
#967 = CARTESIAN_POINT('',(911.1998,-44.77395928092,2.5));
#968 = LINE('',#969,#970);
#969 = CARTESIAN_POINT('',(911.1998,-21.42185,2.5));
#970 = VECTOR('',#971,1.);
#971 = DIRECTION('',(0.,1.,-1.1E-16));
#972 = ORIENTED_EDGE('',*,*,#973,.F.);
#973 = EDGE_CURVE('',#974,#966,#976,.T.);
#974 = VERTEX_POINT('',#975);
#975 = CARTESIAN_POINT('',(911.1998,-43.89537122741,9.173538820826));
#976 = CIRCLE('',#977,44.8437);
#977 = AXIS2_PLACEMENT_3D('',#978,#979,#980);
#978 = CARTESIAN_POINT('',(911.1998,1.0116E-13,0.));
#979 = DIRECTION('',(1.,1.1E-16,-0.));
#980 = DIRECTION('',(0.,0.,1.));
#981 = ORIENTED_EDGE('',*,*,#982,.F.);
#982 = EDGE_CURVE('',#983,#974,#985,.T.);
#983 = VERTEX_POINT('',#984);
#984 = CARTESIAN_POINT('',(911.1998,-49.45044998601,10.662017688082));
#985 = LINE('',#986,#987);
#986 = CARTESIAN_POINT('',(911.1998,-21.33896577464,3.129568195607));
#987 = VECTOR('',#988,1.);
#988 = DIRECTION('',(0.,0.965925826289,-0.258819045103));
#989 = ORIENTED_EDGE('',*,*,#990,.F.);
#990 = EDGE_CURVE('',#991,#983,#993,.T.);
#991 = VERTEX_POINT('',#992);
#992 = CARTESIAN_POINT('',(911.1998,-48.15635476049,15.491646819528));
#993 = LINE('',#994,#995);
#994 = CARTESIAN_POINT('',(911.1998,-48.47987856687,14.284239536666));
#995 = VECTOR('',#996,1.);
#996 = DIRECTION('',(0.,-0.258819045103,-0.965925826289));
#997 = ORIENTED_EDGE('',*,*,#998,.T.);
#998 = EDGE_CURVE('',#991,#999,#1001,.T.);
#999 = VERTEX_POINT('',#1000);
#1000 = CARTESIAN_POINT('',(911.1998,-42.6012760019,14.003167952271));
#1001 = LINE('',#1002,#1003);
#1002 = CARTESIAN_POINT('',(911.1998,-20.04487054913,7.959197327052));
#1003 = VECTOR('',#1004,1.);
#1004 = DIRECTION('',(0.,0.965925826289,-0.258819045103));
#1005 = ORIENTED_EDGE('',*,*,#1006,.F.);
#1006 = EDGE_CURVE('',#1007,#999,#1009,.T.);
#1007 = VERTEX_POINT('',#1008);
#1008 = CARTESIAN_POINT('',(911.1998,-40.02538616529,20.221916131002));
#1009 = CIRCLE('',#1010,44.8437);
#1010 = AXIS2_PLACEMENT_3D('',#1011,#1012,#1013);
#1011 = CARTESIAN_POINT('',(911.1998,1.0116E-13,0.));
#1012 = DIRECTION('',(1.,1.1E-16,-0.));
#1013 = DIRECTION('',(0.,0.,1.));
#1014 = ORIENTED_EDGE('',*,*,#1015,.F.);
#1015 = EDGE_CURVE('',#1016,#1007,#1018,.T.);
#1016 = VERTEX_POINT('',#1017);
#1017 = CARTESIAN_POINT('',(911.1998,-45.0059335262,23.097436490539));
#1018 = LINE('',#1019,#1020);
#1019 = CARTESIAN_POINT('',(911.1998,-19.80186629606,8.545861490539));
#1020 = VECTOR('',#1021,1.);
#1021 = DIRECTION('',(0.,0.866025403784,-0.5));
#1022 = ORIENTED_EDGE('',*,*,#1023,.F.);
#1023 = EDGE_CURVE('',#1024,#1016,#1026,.T.);
#1024 = VERTEX_POINT('',#1025);
#1025 = CARTESIAN_POINT('',(911.1998,-42.5059335262,27.427563509461));
#1026 = LINE('',#1027,#1028);
#1027 = CARTESIAN_POINT('',(911.1998,-43.1309335262,26.345031754731));
#1028 = VECTOR('',#1029,1.);
#1029 = DIRECTION('',(0.,-0.5,-0.866025403784));
#1030 = ORIENTED_EDGE('',*,*,#1031,.T.);
#1031 = EDGE_CURVE('',#1024,#1032,#1034,.T.);
#1032 = VERTEX_POINT('',#1033);
#1033 = CARTESIAN_POINT('',(911.1998,-37.52538616529,24.552043149924));
#1034 = LINE('',#1035,#1036);
#1035 = CARTESIAN_POINT('',(911.1998,-17.30186629606,12.875988509461));
#1036 = VECTOR('',#1037,1.);
#1037 = DIRECTION('',(0.,0.866025403784,-0.5));
#1038 = ORIENTED_EDGE('',*,*,#1039,.F.);
#1039 = EDGE_CURVE('',#1040,#1032,#1042,.T.);
#1040 = VERTEX_POINT('',#1041);
#1041 = CARTESIAN_POINT('',(911.1998,-33.42773718107,29.892203275147));
#1042 = CIRCLE('',#1043,44.8437);
#1043 = AXIS2_PLACEMENT_3D('',#1044,#1045,#1046);
#1044 = CARTESIAN_POINT('',(911.1998,1.0116E-13,0.));
#1045 = DIRECTION('',(1.,1.1E-16,-0.));
#1046 = DIRECTION('',(0.,0.,1.));
#1047 = ORIENTED_EDGE('',*,*,#1048,.F.);
#1048 = EDGE_CURVE('',#1049,#1040,#1051,.T.);
#1049 = VERTEX_POINT('',#1050);
#1050 = CARTESIAN_POINT('',(911.1998,-37.49433707241,33.958803166484));
#1051 = LINE('',#1052,#1053);
#1052 = CARTESIAN_POINT('',(911.1998,-16.91530235352,13.379768447595));
#1053 = VECTOR('',#1054,1.);
#1054 = DIRECTION('',(0.,0.707106781187,-0.707106781187));
#1055 = ORIENTED_EDGE('',*,*,#1056,.F.);
#1056 = EDGE_CURVE('',#1057,#1049,#1059,.T.);
#1057 = VERTEX_POINT('',#1058);
#1058 = CARTESIAN_POINT('',(911.1998,-33.95880316648,37.494337072417));
#1059 = LINE('',#1060,#1061);
#1060 = CARTESIAN_POINT('',(911.1998,-34.84268664296,36.610453595933));
#1061 = VECTOR('',#1062,1.);
#1062 = DIRECTION('',(0.,-0.707106781187,-0.707106781187));
#1063 = ORIENTED_EDGE('',*,*,#1064,.T.);
#1064 = EDGE_CURVE('',#1057,#1065,#1067,.T.);
#1065 = VERTEX_POINT('',#1066);
#1066 = CARTESIAN_POINT('',(911.1998,-29.89220327514,33.427737181079));
#1067 = LINE('',#1068,#1069);
#1068 = CARTESIAN_POINT('',(911.1998,-13.37976844759,16.915302353527));
#1069 = VECTOR('',#1070,1.);
#1070 = DIRECTION('',(0.,0.707106781187,-0.707106781187));
#1071 = ORIENTED_EDGE('',*,*,#1072,.F.);
#1072 = EDGE_CURVE('',#1073,#1065,#1075,.T.);
#1073 = VERTEX_POINT('',#1074);
#1074 = CARTESIAN_POINT('',(911.1998,-24.55204314992,37.525386165292));
#1075 = CIRCLE('',#1076,44.8437);
#1076 = AXIS2_PLACEMENT_3D('',#1077,#1078,#1079);
#1077 = CARTESIAN_POINT('',(911.1998,1.0116E-13,0.));
#1078 = DIRECTION('',(1.,1.1E-16,-0.));
#1079 = DIRECTION('',(0.,0.,1.));
#1080 = ORIENTED_EDGE('',*,*,#1081,.F.);
#1081 = EDGE_CURVE('',#1082,#1073,#1084,.T.);
#1082 = VERTEX_POINT('',#1083);
#1083 = CARTESIAN_POINT('',(911.1998,-27.42756350946,42.505933526209));
#1084 = LINE('',#1085,#1086);
#1085 = CARTESIAN_POINT('',(911.1998,-12.87598850946,17.30186629606));
#1086 = VECTOR('',#1087,1.);
#1087 = DIRECTION('',(0.,0.5,-0.866025403784));
#1088 = ORIENTED_EDGE('',*,*,#1089,.F.);
#1089 = EDGE_CURVE('',#1090,#1082,#1092,.T.);
#1090 = VERTEX_POINT('',#1091);
#1091 = CARTESIAN_POINT('',(911.1998,-23.09743649053,45.005933526209));
#1092 = LINE('',#1093,#1094);
#1093 = CARTESIAN_POINT('',(911.1998,-24.17996824526,44.380933526209));
#1094 = VECTOR('',#1095,1.);
#1095 = DIRECTION('',(0.,-0.866025403784,-0.5));
#1096 = ORIENTED_EDGE('',*,*,#1097,.T.);
#1097 = EDGE_CURVE('',#1090,#314,#1098,.T.);
#1098 = LINE('',#1099,#1100);
#1099 = CARTESIAN_POINT('',(911.1998,-8.545861490539,19.80186629606));
#1100 = VECTOR('',#1101,1.);
#1101 = DIRECTION('',(0.,0.5,-0.866025403784));
#1102 = PLANE('',#1103);
#1103 = AXIS2_PLACEMENT_3D('',#1104,#1105,#1106);
#1104 = CARTESIAN_POINT('',(911.1998,0.,0.));
#1105 = DIRECTION('',(1.,0.,0.));
#1106 = DIRECTION('',(0.,0.,1.));
#1107 = ADVANCED_FACE('',(#1108),#1127,.T.);
#1108 = FACE_BOUND('',#1109,.T.);
#1109 = EDGE_LOOP('',(#1110,#1111,#1119,#1126));
#1110 = ORIENTED_EDGE('',*,*,#288,.F.);
#1111 = ORIENTED_EDGE('',*,*,#1112,.F.);
#1112 = EDGE_CURVE('',#1113,#289,#1115,.T.);
#1113 = VERTEX_POINT('',#1114);
#1114 = CARTESIAN_POINT('',(842.95,1.9E-14,76.));
#1115 = LINE('',#1116,#1117);
#1116 = CARTESIAN_POINT('',(842.95,1.861E-14,76.));
#1117 = VECTOR('',#1118,1.);
#1118 = DIRECTION('',(1.,0.,0.));
#1119 = ORIENTED_EDGE('',*,*,#1120,.T.);
#1120 = EDGE_CURVE('',#1113,#1113,#1121,.T.);
#1121 = CIRCLE('',#1122,76.);
#1122 = AXIS2_PLACEMENT_3D('',#1123,#1124,#1125);
#1123 = CARTESIAN_POINT('',(842.95,0.,0.));
#1124 = DIRECTION('',(1.,0.,-0.));
#1125 = DIRECTION('',(0.,0.,1.));
#1126 = ORIENTED_EDGE('',*,*,#1112,.T.);
#1127 = CYLINDRICAL_SURFACE('',#1128,76.);
#1128 = AXIS2_PLACEMENT_3D('',#1129,#1130,#1131);
#1129 = CARTESIAN_POINT('',(842.95,0.,0.));
#1130 = DIRECTION('',(1.,0.,0.));
#1131 = DIRECTION('',(0.,0.,1.));
#1132 = ADVANCED_FACE('',(#1133),#1159,.F.);
#1133 = FACE_BOUND('',#1134,.F.);
#1134 = EDGE_LOOP('',(#1135,#1136,#1144,#1153));
#1135 = ORIENTED_EDGE('',*,*,#311,.F.);
#1136 = ORIENTED_EDGE('',*,*,#1137,.F.);
#1137 = EDGE_CURVE('',#1138,#312,#1140,.T.);
#1138 = VERTEX_POINT('',#1139);
#1139 = CARTESIAN_POINT('',(842.95,-14.00316795227,42.601276001905));
#1140 = LINE('',#1141,#1142);
#1141 = CARTESIAN_POINT('',(841.95,-14.00316795227,42.601276001905));
#1142 = VECTOR('',#1143,1.);
#1143 = DIRECTION('',(1.,0.,0.));
#1144 = ORIENTED_EDGE('',*,*,#1145,.T.);
#1145 = EDGE_CURVE('',#1138,#1146,#1148,.T.);
#1146 = VERTEX_POINT('',#1147);
#1147 = CARTESIAN_POINT('',(842.95,-20.221916131,40.025386165292));
#1148 = CIRCLE('',#1149,44.8437);
#1149 = AXIS2_PLACEMENT_3D('',#1150,#1151,#1152);
#1150 = CARTESIAN_POINT('',(842.95,9.359E-14,0.));
#1151 = DIRECTION('',(1.,1.1E-16,-0.));
#1152 = DIRECTION('',(0.,0.,1.));
#1153 = ORIENTED_EDGE('',*,*,#1154,.T.);
#1154 = EDGE_CURVE('',#1146,#314,#1155,.T.);
#1155 = LINE('',#1156,#1157);
#1156 = CARTESIAN_POINT('',(841.95,-20.221916131,40.025386165292));
#1157 = VECTOR('',#1158,1.);
#1158 = DIRECTION('',(1.,0.,0.));
#1159 = CYLINDRICAL_SURFACE('',#1160,44.8437);
#1160 = AXIS2_PLACEMENT_3D('',#1161,#1162,#1163);
#1161 = CARTESIAN_POINT('',(841.95,0.,0.));
#1162 = DIRECTION('',(1.,0.,0.));
#1163 = DIRECTION('',(0.,0.,1.));
#1164 = ADVANCED_FACE('',(#1165),#1183,.T.);
#1165 = FACE_BOUND('',#1166,.T.);
#1166 = EDGE_LOOP('',(#1167,#1175,#1176,#1177));
#1167 = ORIENTED_EDGE('',*,*,#1168,.T.);
#1168 = EDGE_CURVE('',#1169,#1146,#1171,.T.);
#1169 = VERTEX_POINT('',#1170);
#1170 = CARTESIAN_POINT('',(842.95,-23.09743649053,45.005933526209));
#1171 = LINE('',#1172,#1173);
#1172 = CARTESIAN_POINT('',(842.95,-8.545861490539,19.80186629606));
#1173 = VECTOR('',#1174,1.);
#1174 = DIRECTION('',(0.,0.5,-0.866025403784));
#1175 = ORIENTED_EDGE('',*,*,#1154,.T.);
#1176 = ORIENTED_EDGE('',*,*,#1097,.F.);
#1177 = ORIENTED_EDGE('',*,*,#1178,.F.);
#1178 = EDGE_CURVE('',#1169,#1090,#1179,.T.);
#1179 = LINE('',#1180,#1181);
#1180 = CARTESIAN_POINT('',(841.95,-23.09743649053,45.005933526209));
#1181 = VECTOR('',#1182,1.);
#1182 = DIRECTION('',(1.,0.,0.));
#1183 = PLANE('',#1184);
#1184 = AXIS2_PLACEMENT_3D('',#1185,#1186,#1187);
#1185 = CARTESIAN_POINT('',(841.95,-19.25678649053,38.353732592119));
#1186 = DIRECTION('',(0.,-0.866025403784,-0.5));
#1187 = DIRECTION('',(0.,-0.5,0.866025403784));
#1188 = ADVANCED_FACE('',(#1189),#1207,.F.);
#1189 = FACE_BOUND('',#1190,.F.);
#1190 = EDGE_LOOP('',(#1191,#1192,#1200,#1206));
#1191 = ORIENTED_EDGE('',*,*,#1178,.F.);
#1192 = ORIENTED_EDGE('',*,*,#1193,.T.);
#1193 = EDGE_CURVE('',#1169,#1194,#1196,.T.);
#1194 = VERTEX_POINT('',#1195);
#1195 = CARTESIAN_POINT('',(842.95,-27.42756350946,42.505933526209));
#1196 = LINE('',#1197,#1198);
#1197 = CARTESIAN_POINT('',(842.95,-24.17996824526,44.380933526209));
#1198 = VECTOR('',#1199,1.);
#1199 = DIRECTION('',(0.,-0.866025403784,-0.5));
#1200 = ORIENTED_EDGE('',*,*,#1201,.T.);
#1201 = EDGE_CURVE('',#1194,#1082,#1202,.T.);
#1202 = LINE('',#1203,#1204);
#1203 = CARTESIAN_POINT('',(841.95,-27.42756350946,42.505933526209));
#1204 = VECTOR('',#1205,1.);
#1205 = DIRECTION('',(1.,0.,0.));
#1206 = ORIENTED_EDGE('',*,*,#1089,.F.);
#1207 = PLANE('',#1208);
#1208 = AXIS2_PLACEMENT_3D('',#1209,#1210,#1211);
#1209 = CARTESIAN_POINT('',(841.95,-23.09743649053,45.005933526209));
#1210 = DIRECTION('',(0.,-0.5,0.866025403784));
#1211 = DIRECTION('',(0.,-0.866025403784,-0.5));
#1212 = ADVANCED_FACE('',(#1213),#1231,.F.);
#1213 = FACE_BOUND('',#1214,.F.);
#1214 = EDGE_LOOP('',(#1215,#1223,#1229,#1230));
#1215 = ORIENTED_EDGE('',*,*,#1216,.T.);
#1216 = EDGE_CURVE('',#1194,#1217,#1219,.T.);
#1217 = VERTEX_POINT('',#1218);
#1218 = CARTESIAN_POINT('',(842.95,-24.55204314992,37.525386165292));
#1219 = LINE('',#1220,#1221);
#1220 = CARTESIAN_POINT('',(842.95,-12.87598850946,17.30186629606));
#1221 = VECTOR('',#1222,1.);
#1222 = DIRECTION('',(0.,0.5,-0.866025403784));
#1223 = ORIENTED_EDGE('',*,*,#1224,.T.);
#1224 = EDGE_CURVE('',#1217,#1073,#1225,.T.);
#1225 = LINE('',#1226,#1227);
#1226 = CARTESIAN_POINT('',(841.95,-24.55204314992,37.525386165292));
#1227 = VECTOR('',#1228,1.);
#1228 = DIRECTION('',(1.,0.,0.));
#1229 = ORIENTED_EDGE('',*,*,#1081,.F.);
#1230 = ORIENTED_EDGE('',*,*,#1201,.F.);
#1231 = PLANE('',#1232);
#1232 = AXIS2_PLACEMENT_3D('',#1233,#1234,#1235);
#1233 = CARTESIAN_POINT('',(841.95,-23.58691350946,35.853732592119));
#1234 = DIRECTION('',(0.,-0.866025403784,-0.5));
#1235 = DIRECTION('',(0.,-0.5,0.866025403784));
#1236 = ADVANCED_FACE('',(#1237),#1256,.F.);
#1237 = FACE_BOUND('',#1238,.F.);
#1238 = EDGE_LOOP('',(#1239,#1240,#1241,#1250));
#1239 = ORIENTED_EDGE('',*,*,#1072,.F.);
#1240 = ORIENTED_EDGE('',*,*,#1224,.F.);
#1241 = ORIENTED_EDGE('',*,*,#1242,.T.);
#1242 = EDGE_CURVE('',#1217,#1243,#1245,.T.);
#1243 = VERTEX_POINT('',#1244);
#1244 = CARTESIAN_POINT('',(842.95,-29.89220327514,33.427737181079));
#1245 = CIRCLE('',#1246,44.8437);
#1246 = AXIS2_PLACEMENT_3D('',#1247,#1248,#1249);
#1247 = CARTESIAN_POINT('',(842.95,9.359E-14,0.));
#1248 = DIRECTION('',(1.,1.1E-16,-0.));
#1249 = DIRECTION('',(0.,0.,1.));
#1250 = ORIENTED_EDGE('',*,*,#1251,.T.);
#1251 = EDGE_CURVE('',#1243,#1065,#1252,.T.);
#1252 = LINE('',#1253,#1254);
#1253 = CARTESIAN_POINT('',(841.95,-29.89220327514,33.427737181079));
#1254 = VECTOR('',#1255,1.);
#1255 = DIRECTION('',(1.,0.,0.));
#1256 = CYLINDRICAL_SURFACE('',#1257,44.8437);
#1257 = AXIS2_PLACEMENT_3D('',#1258,#1259,#1260);
#1258 = CARTESIAN_POINT('',(841.95,0.,0.));
#1259 = DIRECTION('',(1.,0.,0.));
#1260 = DIRECTION('',(0.,0.,1.));
#1261 = ADVANCED_FACE('',(#1262),#1280,.T.);
#1262 = FACE_BOUND('',#1263,.T.);
#1263 = EDGE_LOOP('',(#1264,#1272,#1273,#1274));
#1264 = ORIENTED_EDGE('',*,*,#1265,.T.);
#1265 = EDGE_CURVE('',#1266,#1243,#1268,.T.);
#1266 = VERTEX_POINT('',#1267);
#1267 = CARTESIAN_POINT('',(842.95,-33.95880316648,37.494337072417));
#1268 = LINE('',#1269,#1270);
#1269 = CARTESIAN_POINT('',(842.95,-13.37976844759,16.915302353527));
#1270 = VECTOR('',#1271,1.);
#1271 = DIRECTION('',(0.,0.707106781187,-0.707106781187));
#1272 = ORIENTED_EDGE('',*,*,#1251,.T.);
#1273 = ORIENTED_EDGE('',*,*,#1064,.F.);
#1274 = ORIENTED_EDGE('',*,*,#1275,.F.);
#1275 = EDGE_CURVE('',#1266,#1057,#1276,.T.);
#1276 = LINE('',#1277,#1278);
#1277 = CARTESIAN_POINT('',(841.95,-33.95880316648,37.494337072417));
#1278 = VECTOR('',#1279,1.);
#1279 = DIRECTION('',(1.,0.,0.));
#1280 = PLANE('',#1281);
#1281 = AXIS2_PLACEMENT_3D('',#1282,#1283,#1284);
#1282 = CARTESIAN_POINT('',(841.95,-28.52730384815,32.062837754088));
#1283 = DIRECTION('',(0.,-0.707106781187,-0.707106781187));
#1284 = DIRECTION('',(0.,-0.707106781187,0.707106781187));
#1285 = ADVANCED_FACE('',(#1286),#1304,.F.);
#1286 = FACE_BOUND('',#1287,.F.);
#1287 = EDGE_LOOP('',(#1288,#1289,#1297,#1303));
#1288 = ORIENTED_EDGE('',*,*,#1275,.F.);
#1289 = ORIENTED_EDGE('',*,*,#1290,.T.);
#1290 = EDGE_CURVE('',#1266,#1291,#1293,.T.);
#1291 = VERTEX_POINT('',#1292);
#1292 = CARTESIAN_POINT('',(842.95,-37.49433707241,33.958803166484));
#1293 = LINE('',#1294,#1295);
#1294 = CARTESIAN_POINT('',(842.95,-34.84268664296,36.610453595933));
#1295 = VECTOR('',#1296,1.);
#1296 = DIRECTION('',(0.,-0.707106781187,-0.707106781187));
#1297 = ORIENTED_EDGE('',*,*,#1298,.T.);
#1298 = EDGE_CURVE('',#1291,#1049,#1299,.T.);
#1299 = LINE('',#1300,#1301);
#1300 = CARTESIAN_POINT('',(841.95,-37.49433707241,33.958803166484));
#1301 = VECTOR('',#1302,1.);
#1302 = DIRECTION('',(1.,0.,0.));
#1303 = ORIENTED_EDGE('',*,*,#1056,.F.);
#1304 = PLANE('',#1305);
#1305 = AXIS2_PLACEMENT_3D('',#1306,#1307,#1308);
#1306 = CARTESIAN_POINT('',(841.95,-33.95880316648,37.494337072417));
#1307 = DIRECTION('',(0.,-0.707106781187,0.707106781187));
#1308 = DIRECTION('',(0.,-0.707106781187,-0.707106781187));
#1309 = ADVANCED_FACE('',(#1310),#1328,.F.);
#1310 = FACE_BOUND('',#1311,.F.);
#1311 = EDGE_LOOP('',(#1312,#1320,#1326,#1327));
#1312 = ORIENTED_EDGE('',*,*,#1313,.T.);
#1313 = EDGE_CURVE('',#1291,#1314,#1316,.T.);
#1314 = VERTEX_POINT('',#1315);
#1315 = CARTESIAN_POINT('',(842.95,-33.42773718107,29.892203275147));
#1316 = LINE('',#1317,#1318);
#1317 = CARTESIAN_POINT('',(842.95,-16.91530235352,13.379768447595));
#1318 = VECTOR('',#1319,1.);
#1319 = DIRECTION('',(0.,0.707106781187,-0.707106781187));
#1320 = ORIENTED_EDGE('',*,*,#1321,.T.);
#1321 = EDGE_CURVE('',#1314,#1040,#1322,.T.);
#1322 = LINE('',#1323,#1324);
#1323 = CARTESIAN_POINT('',(841.95,-33.42773718107,29.892203275147));
#1324 = VECTOR('',#1325,1.);
#1325 = DIRECTION('',(1.,0.,0.));
#1326 = ORIENTED_EDGE('',*,*,#1048,.F.);
#1327 = ORIENTED_EDGE('',*,*,#1298,.F.);
#1328 = PLANE('',#1329);
#1329 = AXIS2_PLACEMENT_3D('',#1330,#1331,#1332);
#1330 = CARTESIAN_POINT('',(841.95,-32.06283775408,28.527303848156));
#1331 = DIRECTION('',(0.,-0.707106781187,-0.707106781187));
#1332 = DIRECTION('',(0.,-0.707106781187,0.707106781187));
#1333 = ADVANCED_FACE('',(#1334),#1353,.F.);
#1334 = FACE_BOUND('',#1335,.F.);
#1335 = EDGE_LOOP('',(#1336,#1337,#1338,#1347));
#1336 = ORIENTED_EDGE('',*,*,#1039,.F.);
#1337 = ORIENTED_EDGE('',*,*,#1321,.F.);
#1338 = ORIENTED_EDGE('',*,*,#1339,.T.);
#1339 = EDGE_CURVE('',#1314,#1340,#1342,.T.);
#1340 = VERTEX_POINT('',#1341);
#1341 = CARTESIAN_POINT('',(842.95,-37.52538616529,24.552043149924));
#1342 = CIRCLE('',#1343,44.8437);
#1343 = AXIS2_PLACEMENT_3D('',#1344,#1345,#1346);
#1344 = CARTESIAN_POINT('',(842.95,9.359E-14,0.));
#1345 = DIRECTION('',(1.,1.1E-16,-0.));
#1346 = DIRECTION('',(0.,0.,1.));
#1347 = ORIENTED_EDGE('',*,*,#1348,.T.);
#1348 = EDGE_CURVE('',#1340,#1032,#1349,.T.);
#1349 = LINE('',#1350,#1351);
#1350 = CARTESIAN_POINT('',(841.95,-37.52538616529,24.552043149924));
#1351 = VECTOR('',#1352,1.);
#1352 = DIRECTION('',(1.,0.,0.));
#1353 = CYLINDRICAL_SURFACE('',#1354,44.8437);
#1354 = AXIS2_PLACEMENT_3D('',#1355,#1356,#1357);
#1355 = CARTESIAN_POINT('',(841.95,0.,0.));
#1356 = DIRECTION('',(1.,0.,0.));
#1357 = DIRECTION('',(0.,0.,1.));
#1358 = ADVANCED_FACE('',(#1359),#1377,.T.);
#1359 = FACE_BOUND('',#1360,.T.);
#1360 = EDGE_LOOP('',(#1361,#1369,#1370,#1371));
#1361 = ORIENTED_EDGE('',*,*,#1362,.T.);
#1362 = EDGE_CURVE('',#1363,#1340,#1365,.T.);
#1363 = VERTEX_POINT('',#1364);
#1364 = CARTESIAN_POINT('',(842.95,-42.5059335262,27.427563509461));
#1365 = LINE('',#1366,#1367);
#1366 = CARTESIAN_POINT('',(842.95,-17.30186629606,12.875988509461));
#1367 = VECTOR('',#1368,1.);
#1368 = DIRECTION('',(0.,0.866025403784,-0.5));
#1369 = ORIENTED_EDGE('',*,*,#1348,.T.);
#1370 = ORIENTED_EDGE('',*,*,#1031,.F.);
#1371 = ORIENTED_EDGE('',*,*,#1372,.F.);
#1372 = EDGE_CURVE('',#1363,#1024,#1373,.T.);
#1373 = LINE('',#1374,#1375);
#1374 = CARTESIAN_POINT('',(841.95,-42.5059335262,27.427563509461));
#1375 = VECTOR('',#1376,1.);
#1376 = DIRECTION('',(1.,0.,0.));
#1377 = PLANE('',#1378);
#1378 = AXIS2_PLACEMENT_3D('',#1379,#1380,#1381);
#1379 = CARTESIAN_POINT('',(841.95,-35.85373259211,23.586913509461));
#1380 = DIRECTION('',(0.,-0.5,-0.866025403784));
#1381 = DIRECTION('',(0.,-0.866025403784,0.5));
#1382 = ADVANCED_FACE('',(#1383),#1401,.F.);
#1383 = FACE_BOUND('',#1384,.F.);
#1384 = EDGE_LOOP('',(#1385,#1386,#1394,#1400));
#1385 = ORIENTED_EDGE('',*,*,#1372,.F.);
#1386 = ORIENTED_EDGE('',*,*,#1387,.T.);
#1387 = EDGE_CURVE('',#1363,#1388,#1390,.T.);
#1388 = VERTEX_POINT('',#1389);
#1389 = CARTESIAN_POINT('',(842.95,-45.0059335262,23.097436490539));
#1390 = LINE('',#1391,#1392);
#1391 = CARTESIAN_POINT('',(842.95,-43.1309335262,26.345031754731));
#1392 = VECTOR('',#1393,1.);
#1393 = DIRECTION('',(0.,-0.5,-0.866025403784));
#1394 = ORIENTED_EDGE('',*,*,#1395,.T.);
#1395 = EDGE_CURVE('',#1388,#1016,#1396,.T.);
#1396 = LINE('',#1397,#1398);
#1397 = CARTESIAN_POINT('',(841.95,-45.0059335262,23.097436490539));
#1398 = VECTOR('',#1399,1.);
#1399 = DIRECTION('',(1.,0.,0.));
#1400 = ORIENTED_EDGE('',*,*,#1023,.F.);
#1401 = PLANE('',#1402);
#1402 = AXIS2_PLACEMENT_3D('',#1403,#1404,#1405);
#1403 = CARTESIAN_POINT('',(841.95,-42.5059335262,27.427563509461));
#1404 = DIRECTION('',(0.,-0.866025403784,0.5));
#1405 = DIRECTION('',(0.,-0.5,-0.866025403784));
#1406 = ADVANCED_FACE('',(#1407),#1425,.F.);
#1407 = FACE_BOUND('',#1408,.F.);
#1408 = EDGE_LOOP('',(#1409,#1417,#1423,#1424));
#1409 = ORIENTED_EDGE('',*,*,#1410,.T.);
#1410 = EDGE_CURVE('',#1388,#1411,#1413,.T.);
#1411 = VERTEX_POINT('',#1412);
#1412 = CARTESIAN_POINT('',(842.95,-40.02538616529,20.221916131002));
#1413 = LINE('',#1414,#1415);
#1414 = CARTESIAN_POINT('',(842.95,-19.80186629606,8.545861490539));
#1415 = VECTOR('',#1416,1.);
#1416 = DIRECTION('',(0.,0.866025403784,-0.5));
#1417 = ORIENTED_EDGE('',*,*,#1418,.T.);
#1418 = EDGE_CURVE('',#1411,#1007,#1419,.T.);
#1419 = LINE('',#1420,#1421);
#1420 = CARTESIAN_POINT('',(841.95,-40.02538616529,20.221916131002));
#1421 = VECTOR('',#1422,1.);
#1422 = DIRECTION('',(1.,0.,0.));
#1423 = ORIENTED_EDGE('',*,*,#1015,.F.);
#1424 = ORIENTED_EDGE('',*,*,#1395,.F.);
#1425 = PLANE('',#1426);
#1426 = AXIS2_PLACEMENT_3D('',#1427,#1428,#1429);
#1427 = CARTESIAN_POINT('',(841.95,-38.35373259211,19.256786490539));
#1428 = DIRECTION('',(0.,-0.5,-0.866025403784));
#1429 = DIRECTION('',(0.,-0.866025403784,0.5));
#1430 = ADVANCED_FACE('',(#1431),#1450,.F.);
#1431 = FACE_BOUND('',#1432,.F.);
#1432 = EDGE_LOOP('',(#1433,#1434,#1435,#1444));
#1433 = ORIENTED_EDGE('',*,*,#1006,.F.);
#1434 = ORIENTED_EDGE('',*,*,#1418,.F.);
#1435 = ORIENTED_EDGE('',*,*,#1436,.T.);
#1436 = EDGE_CURVE('',#1411,#1437,#1439,.T.);
#1437 = VERTEX_POINT('',#1438);
#1438 = CARTESIAN_POINT('',(842.95,-42.6012760019,14.003167952271));
#1439 = CIRCLE('',#1440,44.8437);
#1440 = AXIS2_PLACEMENT_3D('',#1441,#1442,#1443);
#1441 = CARTESIAN_POINT('',(842.95,9.359E-14,0.));
#1442 = DIRECTION('',(1.,1.1E-16,-0.));
#1443 = DIRECTION('',(0.,0.,1.));
#1444 = ORIENTED_EDGE('',*,*,#1445,.T.);
#1445 = EDGE_CURVE('',#1437,#999,#1446,.T.);
#1446 = LINE('',#1447,#1448);
#1447 = CARTESIAN_POINT('',(841.95,-42.6012760019,14.003167952271));
#1448 = VECTOR('',#1449,1.);
#1449 = DIRECTION('',(1.,0.,0.));
#1450 = CYLINDRICAL_SURFACE('',#1451,44.8437);
#1451 = AXIS2_PLACEMENT_3D('',#1452,#1453,#1454);
#1452 = CARTESIAN_POINT('',(841.95,0.,0.));
#1453 = DIRECTION('',(1.,0.,0.));
#1454 = DIRECTION('',(0.,0.,1.));
#1455 = ADVANCED_FACE('',(#1456),#1474,.T.);
#1456 = FACE_BOUND('',#1457,.T.);
#1457 = EDGE_LOOP('',(#1458,#1466,#1467,#1468));
#1458 = ORIENTED_EDGE('',*,*,#1459,.T.);
#1459 = EDGE_CURVE('',#1460,#1437,#1462,.T.);
#1460 = VERTEX_POINT('',#1461);
#1461 = CARTESIAN_POINT('',(842.95,-48.15635476049,15.491646819528));
#1462 = LINE('',#1463,#1464);
#1463 = CARTESIAN_POINT('',(842.95,-20.04487054913,7.959197327052));
#1464 = VECTOR('',#1465,1.);
#1465 = DIRECTION('',(0.,0.965925826289,-0.258819045103));
#1466 = ORIENTED_EDGE('',*,*,#1445,.T.);
#1467 = ORIENTED_EDGE('',*,*,#998,.F.);
#1468 = ORIENTED_EDGE('',*,*,#1469,.F.);
#1469 = EDGE_CURVE('',#1460,#991,#1470,.T.);
#1470 = LINE('',#1471,#1472);
#1471 = CARTESIAN_POINT('',(841.95,-48.15635476049,15.491646819528));
#1472 = VECTOR('',#1473,1.);
#1473 = DIRECTION('',(1.,0.,0.));
#1474 = PLANE('',#1475);
#1475 = AXIS2_PLACEMENT_3D('',#1476,#1477,#1478);
#1476 = CARTESIAN_POINT('',(841.95,-40.73678871102,13.503580088382));
#1477 = DIRECTION('',(0.,-0.258819045103,-0.965925826289));
#1478 = DIRECTION('',(0.,-0.965925826289,0.258819045103));
#1479 = ADVANCED_FACE('',(#1480),#1498,.F.);
#1480 = FACE_BOUND('',#1481,.F.);
#1481 = EDGE_LOOP('',(#1482,#1483,#1491,#1497));
#1482 = ORIENTED_EDGE('',*,*,#1469,.F.);
#1483 = ORIENTED_EDGE('',*,*,#1484,.T.);
#1484 = EDGE_CURVE('',#1460,#1485,#1487,.T.);
#1485 = VERTEX_POINT('',#1486);
#1486 = CARTESIAN_POINT('',(842.95,-49.45044998601,10.662017688082));
#1487 = LINE('',#1488,#1489);
#1488 = CARTESIAN_POINT('',(842.95,-48.47987856687,14.284239536666));
#1489 = VECTOR('',#1490,1.);
#1490 = DIRECTION('',(0.,-0.258819045103,-0.965925826289));
#1491 = ORIENTED_EDGE('',*,*,#1492,.T.);
#1492 = EDGE_CURVE('',#1485,#983,#1493,.T.);
#1493 = LINE('',#1494,#1495);
#1494 = CARTESIAN_POINT('',(841.95,-49.45044998601,10.662017688082));
#1495 = VECTOR('',#1496,1.);
#1496 = DIRECTION('',(1.,0.,0.));
#1497 = ORIENTED_EDGE('',*,*,#990,.F.);
#1498 = PLANE('',#1499);
#1499 = AXIS2_PLACEMENT_3D('',#1500,#1501,#1502);
#1500 = CARTESIAN_POINT('',(841.95,-48.15635476049,15.491646819528));
#1501 = DIRECTION('',(0.,-0.965925826289,0.258819045103));
#1502 = DIRECTION('',(0.,-0.258819045103,-0.965925826289));
#1503 = ADVANCED_FACE('',(#1504),#1522,.F.);
#1504 = FACE_BOUND('',#1505,.F.);
#1505 = EDGE_LOOP('',(#1506,#1514,#1520,#1521));
#1506 = ORIENTED_EDGE('',*,*,#1507,.T.);
#1507 = EDGE_CURVE('',#1485,#1508,#1510,.T.);
#1508 = VERTEX_POINT('',#1509);
#1509 = CARTESIAN_POINT('',(842.95,-43.89537122741,9.173538820826));
#1510 = LINE('',#1511,#1512);
#1511 = CARTESIAN_POINT('',(842.95,-21.33896577464,3.129568195607));
#1512 = VECTOR('',#1513,1.);
#1513 = DIRECTION('',(0.,0.965925826289,-0.258819045103));
#1514 = ORIENTED_EDGE('',*,*,#1515,.T.);
#1515 = EDGE_CURVE('',#1508,#974,#1516,.T.);
#1516 = LINE('',#1517,#1518);
#1517 = CARTESIAN_POINT('',(841.95,-43.89537122741,9.173538820826));
#1518 = VECTOR('',#1519,1.);
#1519 = DIRECTION('',(1.,0.,0.));
#1520 = ORIENTED_EDGE('',*,*,#982,.F.);
#1521 = ORIENTED_EDGE('',*,*,#1492,.F.);
#1522 = PLANE('',#1523);
#1523 = AXIS2_PLACEMENT_3D('',#1524,#1525,#1526);
#1524 = CARTESIAN_POINT('',(841.95,-42.03088393653,8.673950956936));
#1525 = DIRECTION('',(0.,-0.258819045103,-0.965925826289));
#1526 = DIRECTION('',(0.,-0.965925826289,0.258819045103));
#1527 = ADVANCED_FACE('',(#1528),#1547,.F.);
#1528 = FACE_BOUND('',#1529,.F.);
#1529 = EDGE_LOOP('',(#1530,#1531,#1532,#1541));
#1530 = ORIENTED_EDGE('',*,*,#973,.F.);
#1531 = ORIENTED_EDGE('',*,*,#1515,.F.);
#1532 = ORIENTED_EDGE('',*,*,#1533,.T.);
#1533 = EDGE_CURVE('',#1508,#1534,#1536,.T.);
#1534 = VERTEX_POINT('',#1535);
#1535 = CARTESIAN_POINT('',(842.95,-44.77395928092,2.5));
#1536 = CIRCLE('',#1537,44.8437);
#1537 = AXIS2_PLACEMENT_3D('',#1538,#1539,#1540);
#1538 = CARTESIAN_POINT('',(842.95,9.359E-14,0.));
#1539 = DIRECTION('',(1.,1.1E-16,-0.));
#1540 = DIRECTION('',(0.,0.,1.));
#1541 = ORIENTED_EDGE('',*,*,#1542,.T.);
#1542 = EDGE_CURVE('',#1534,#966,#1543,.T.);
#1543 = LINE('',#1544,#1545);
#1544 = CARTESIAN_POINT('',(841.95,-44.77395928092,2.5));
#1545 = VECTOR('',#1546,1.);
#1546 = DIRECTION('',(1.,0.,0.));
#1547 = CYLINDRICAL_SURFACE('',#1548,44.8437);
#1548 = AXIS2_PLACEMENT_3D('',#1549,#1550,#1551);
#1549 = CARTESIAN_POINT('',(841.95,0.,0.));
#1550 = DIRECTION('',(1.,0.,0.));
#1551 = DIRECTION('',(0.,0.,1.));
#1552 = ADVANCED_FACE('',(#1553),#1571,.T.);
#1553 = FACE_BOUND('',#1554,.T.);
#1554 = EDGE_LOOP('',(#1555,#1563,#1564,#1565));
#1555 = ORIENTED_EDGE('',*,*,#1556,.T.);
#1556 = EDGE_CURVE('',#1557,#1534,#1559,.T.);
#1557 = VERTEX_POINT('',#1558);
#1558 = CARTESIAN_POINT('',(842.95,-50.525,2.5));
#1559 = LINE('',#1560,#1561);
#1560 = CARTESIAN_POINT('',(842.95,-21.42185,2.5));
#1561 = VECTOR('',#1562,1.);
#1562 = DIRECTION('',(0.,1.,-1.1E-16));
#1563 = ORIENTED_EDGE('',*,*,#1542,.T.);
#1564 = ORIENTED_EDGE('',*,*,#965,.F.);
#1565 = ORIENTED_EDGE('',*,*,#1566,.F.);
#1566 = EDGE_CURVE('',#1557,#958,#1567,.T.);
#1567 = LINE('',#1568,#1569);
#1568 = CARTESIAN_POINT('',(841.95,-50.525,2.5));
#1569 = VECTOR('',#1570,1.);
#1570 = DIRECTION('',(1.,0.,0.));
#1571 = PLANE('',#1572);
#1572 = AXIS2_PLACEMENT_3D('',#1573,#1574,#1575);
#1573 = CARTESIAN_POINT('',(841.95,-42.8437,2.5));
#1574 = DIRECTION('',(0.,0.,-1.));
#1575 = DIRECTION('',(0.,-1.,0.));
#1576 = ADVANCED_FACE('',(#1577),#1595,.F.);
#1577 = FACE_BOUND('',#1578,.F.);
#1578 = EDGE_LOOP('',(#1579,#1580,#1588,#1594));
#1579 = ORIENTED_EDGE('',*,*,#1566,.F.);
#1580 = ORIENTED_EDGE('',*,*,#1581,.T.);
#1581 = EDGE_CURVE('',#1557,#1582,#1584,.T.);
#1582 = VERTEX_POINT('',#1583);
#1583 = CARTESIAN_POINT('',(842.95,-50.525,-2.5));
#1584 = LINE('',#1585,#1586);
#1585 = CARTESIAN_POINT('',(842.95,-50.525,1.25));
#1586 = VECTOR('',#1587,1.);
#1587 = DIRECTION('',(0.,-1.1E-16,-1.));
#1588 = ORIENTED_EDGE('',*,*,#1589,.T.);
#1589 = EDGE_CURVE('',#1582,#950,#1590,.T.);
#1590 = LINE('',#1591,#1592);
#1591 = CARTESIAN_POINT('',(841.95,-50.525,-2.5));
#1592 = VECTOR('',#1593,1.);
#1593 = DIRECTION('',(1.,0.,0.));
#1594 = ORIENTED_EDGE('',*,*,#957,.F.);
#1595 = PLANE('',#1596);
#1596 = AXIS2_PLACEMENT_3D('',#1597,#1598,#1599);
#1597 = CARTESIAN_POINT('',(841.95,-50.525,2.5));
#1598 = DIRECTION('',(0.,-1.,0.));
#1599 = DIRECTION('',(0.,0.,-1.));
#1600 = ADVANCED_FACE('',(#1601),#1619,.F.);
#1601 = FACE_BOUND('',#1602,.F.);
#1602 = EDGE_LOOP('',(#1603,#1611,#1617,#1618));
#1603 = ORIENTED_EDGE('',*,*,#1604,.T.);
#1604 = EDGE_CURVE('',#1582,#1605,#1607,.T.);
#1605 = VERTEX_POINT('',#1606);
#1606 = CARTESIAN_POINT('',(842.95,-44.77395928092,-2.5));
#1607 = LINE('',#1608,#1609);
#1608 = CARTESIAN_POINT('',(842.95,-21.42185,-2.5));
#1609 = VECTOR('',#1610,1.);
#1610 = DIRECTION('',(0.,1.,-1.1E-16));
#1611 = ORIENTED_EDGE('',*,*,#1612,.T.);
#1612 = EDGE_CURVE('',#1605,#941,#1613,.T.);
#1613 = LINE('',#1614,#1615);
#1614 = CARTESIAN_POINT('',(841.95,-44.77395928092,-2.5));
#1615 = VECTOR('',#1616,1.);
#1616 = DIRECTION('',(1.,0.,0.));
#1617 = ORIENTED_EDGE('',*,*,#949,.F.);
#1618 = ORIENTED_EDGE('',*,*,#1589,.F.);
#1619 = PLANE('',#1620);
#1620 = AXIS2_PLACEMENT_3D('',#1621,#1622,#1623);
#1621 = CARTESIAN_POINT('',(841.95,-42.8437,-2.5));
#1622 = DIRECTION('',(0.,0.,-1.));
#1623 = DIRECTION('',(0.,-1.,0.));
#1624 = ADVANCED_FACE('',(#1625),#1644,.F.);
#1625 = FACE_BOUND('',#1626,.F.);
#1626 = EDGE_LOOP('',(#1627,#1628,#1629,#1638));
#1627 = ORIENTED_EDGE('',*,*,#940,.F.);
#1628 = ORIENTED_EDGE('',*,*,#1612,.F.);
#1629 = ORIENTED_EDGE('',*,*,#1630,.T.);
#1630 = EDGE_CURVE('',#1605,#1631,#1633,.T.);
#1631 = VERTEX_POINT('',#1632);
#1632 = CARTESIAN_POINT('',(842.95,-43.89537122741,-9.173538820826));
#1633 = CIRCLE('',#1634,44.8437);
#1634 = AXIS2_PLACEMENT_3D('',#1635,#1636,#1637);
#1635 = CARTESIAN_POINT('',(842.95,9.359E-14,0.));
#1636 = DIRECTION('',(1.,1.1E-16,-0.));
#1637 = DIRECTION('',(0.,0.,1.));
#1638 = ORIENTED_EDGE('',*,*,#1639,.T.);
#1639 = EDGE_CURVE('',#1631,#933,#1640,.T.);
#1640 = LINE('',#1641,#1642);
#1641 = CARTESIAN_POINT('',(841.95,-43.89537122741,-9.173538820826));
#1642 = VECTOR('',#1643,1.);
#1643 = DIRECTION('',(1.,0.,0.));
#1644 = CYLINDRICAL_SURFACE('',#1645,44.8437);
#1645 = AXIS2_PLACEMENT_3D('',#1646,#1647,#1648);
#1646 = CARTESIAN_POINT('',(841.95,0.,0.));
#1647 = DIRECTION('',(1.,0.,0.));
#1648 = DIRECTION('',(0.,0.,1.));
#1649 = ADVANCED_FACE('',(#1650),#1668,.T.);
#1650 = FACE_BOUND('',#1651,.T.);
#1651 = EDGE_LOOP('',(#1652,#1660,#1661,#1662));
#1652 = ORIENTED_EDGE('',*,*,#1653,.T.);
#1653 = EDGE_CURVE('',#1654,#1631,#1656,.T.);
#1654 = VERTEX_POINT('',#1655);
#1655 = CARTESIAN_POINT('',(842.95,-49.45044998601,-10.66201768808));
#1656 = LINE('',#1657,#1658);
#1657 = CARTESIAN_POINT('',(842.95,-21.33896577464,-3.129568195607));
#1658 = VECTOR('',#1659,1.);
#1659 = DIRECTION('',(0.,0.965925826289,0.258819045103));
#1660 = ORIENTED_EDGE('',*,*,#1639,.T.);
#1661 = ORIENTED_EDGE('',*,*,#932,.F.);
#1662 = ORIENTED_EDGE('',*,*,#1663,.F.);
#1663 = EDGE_CURVE('',#1654,#925,#1664,.T.);
#1664 = LINE('',#1665,#1666);
#1665 = CARTESIAN_POINT('',(841.95,-49.45044998601,-10.66201768808));
#1666 = VECTOR('',#1667,1.);
#1667 = DIRECTION('',(1.,0.,0.));
#1668 = PLANE('',#1669);
#1669 = AXIS2_PLACEMENT_3D('',#1670,#1671,#1672);
#1670 = CARTESIAN_POINT('',(841.95,-42.03088393653,-8.673950956936));
#1671 = DIRECTION('',(0.,0.258819045103,-0.965925826289));
#1672 = DIRECTION('',(0.,-0.965925826289,-0.258819045103));
#1673 = ADVANCED_FACE('',(#1674),#1692,.F.);
#1674 = FACE_BOUND('',#1675,.F.);
#1675 = EDGE_LOOP('',(#1676,#1677,#1685,#1691));
#1676 = ORIENTED_EDGE('',*,*,#1663,.F.);
#1677 = ORIENTED_EDGE('',*,*,#1678,.T.);
#1678 = EDGE_CURVE('',#1654,#1679,#1681,.T.);
#1679 = VERTEX_POINT('',#1680);
#1680 = CARTESIAN_POINT('',(842.95,-48.15635476049,-15.49164681952));
#1681 = LINE('',#1682,#1683);
#1682 = CARTESIAN_POINT('',(842.95,-49.12692617963,-11.86942497094));
#1683 = VECTOR('',#1684,1.);
#1684 = DIRECTION('',(0.,0.258819045103,-0.965925826289));
#1685 = ORIENTED_EDGE('',*,*,#1686,.T.);
#1686 = EDGE_CURVE('',#1679,#917,#1687,.T.);
#1687 = LINE('',#1688,#1689);
#1688 = CARTESIAN_POINT('',(841.95,-48.15635476049,-15.49164681952));
#1689 = VECTOR('',#1690,1.);
#1690 = DIRECTION('',(1.,0.,0.));
#1691 = ORIENTED_EDGE('',*,*,#924,.F.);
#1692 = PLANE('',#1693);
#1693 = AXIS2_PLACEMENT_3D('',#1694,#1695,#1696);
#1694 = CARTESIAN_POINT('',(841.95,-49.45044998601,-10.66201768808));
#1695 = DIRECTION('',(0.,-0.965925826289,-0.258819045103));
#1696 = DIRECTION('',(0.,0.258819045103,-0.965925826289));
#1697 = ADVANCED_FACE('',(#1698),#1716,.F.);
#1698 = FACE_BOUND('',#1699,.F.);
#1699 = EDGE_LOOP('',(#1700,#1708,#1714,#1715));
#1700 = ORIENTED_EDGE('',*,*,#1701,.T.);
#1701 = EDGE_CURVE('',#1679,#1702,#1704,.T.);
#1702 = VERTEX_POINT('',#1703);
#1703 = CARTESIAN_POINT('',(842.95,-42.6012760019,-14.00316795227));
#1704 = LINE('',#1705,#1706);
#1705 = CARTESIAN_POINT('',(842.95,-20.04487054913,-7.959197327052));
#1706 = VECTOR('',#1707,1.);
#1707 = DIRECTION('',(0.,0.965925826289,0.258819045103));
#1708 = ORIENTED_EDGE('',*,*,#1709,.T.);
#1709 = EDGE_CURVE('',#1702,#908,#1710,.T.);
#1710 = LINE('',#1711,#1712);
#1711 = CARTESIAN_POINT('',(841.95,-42.6012760019,-14.00316795227));
#1712 = VECTOR('',#1713,1.);
#1713 = DIRECTION('',(1.,0.,0.));
#1714 = ORIENTED_EDGE('',*,*,#916,.F.);
#1715 = ORIENTED_EDGE('',*,*,#1686,.F.);
#1716 = PLANE('',#1717);
#1717 = AXIS2_PLACEMENT_3D('',#1718,#1719,#1720);
#1718 = CARTESIAN_POINT('',(841.95,-40.73678871102,-13.50358008838));
#1719 = DIRECTION('',(0.,0.258819045103,-0.965925826289));
#1720 = DIRECTION('',(0.,-0.965925826289,-0.258819045103));
#1721 = ADVANCED_FACE('',(#1722),#1741,.F.);
#1722 = FACE_BOUND('',#1723,.F.);
#1723 = EDGE_LOOP('',(#1724,#1725,#1726,#1735));
#1724 = ORIENTED_EDGE('',*,*,#907,.F.);
#1725 = ORIENTED_EDGE('',*,*,#1709,.F.);
#1726 = ORIENTED_EDGE('',*,*,#1727,.T.);
#1727 = EDGE_CURVE('',#1702,#1728,#1730,.T.);
#1728 = VERTEX_POINT('',#1729);
#1729 = CARTESIAN_POINT('',(842.95,-40.02538616529,-20.221916131));
#1730 = CIRCLE('',#1731,44.8437);
#1731 = AXIS2_PLACEMENT_3D('',#1732,#1733,#1734);
#1732 = CARTESIAN_POINT('',(842.95,9.359E-14,0.));
#1733 = DIRECTION('',(1.,1.1E-16,-0.));
#1734 = DIRECTION('',(0.,0.,1.));
#1735 = ORIENTED_EDGE('',*,*,#1736,.T.);
#1736 = EDGE_CURVE('',#1728,#900,#1737,.T.);
#1737 = LINE('',#1738,#1739);
#1738 = CARTESIAN_POINT('',(841.95,-40.02538616529,-20.221916131));
#1739 = VECTOR('',#1740,1.);
#1740 = DIRECTION('',(1.,0.,0.));
#1741 = CYLINDRICAL_SURFACE('',#1742,44.8437);
#1742 = AXIS2_PLACEMENT_3D('',#1743,#1744,#1745);
#1743 = CARTESIAN_POINT('',(841.95,0.,0.));
#1744 = DIRECTION('',(1.,0.,0.));
#1745 = DIRECTION('',(0.,0.,1.));
#1746 = ADVANCED_FACE('',(#1747),#1765,.T.);
#1747 = FACE_BOUND('',#1748,.T.);
#1748 = EDGE_LOOP('',(#1749,#1757,#1758,#1759));
#1749 = ORIENTED_EDGE('',*,*,#1750,.T.);
#1750 = EDGE_CURVE('',#1751,#1728,#1753,.T.);
#1751 = VERTEX_POINT('',#1752);
#1752 = CARTESIAN_POINT('',(842.95,-45.0059335262,-23.09743649053));
#1753 = LINE('',#1754,#1755);
#1754 = CARTESIAN_POINT('',(842.95,-19.80186629606,-8.545861490539));
#1755 = VECTOR('',#1756,1.);
#1756 = DIRECTION('',(0.,0.866025403784,0.5));
#1757 = ORIENTED_EDGE('',*,*,#1736,.T.);
#1758 = ORIENTED_EDGE('',*,*,#899,.F.);
#1759 = ORIENTED_EDGE('',*,*,#1760,.F.);
#1760 = EDGE_CURVE('',#1751,#892,#1761,.T.);
#1761 = LINE('',#1762,#1763);
#1762 = CARTESIAN_POINT('',(841.95,-45.0059335262,-23.09743649053));
#1763 = VECTOR('',#1764,1.);
#1764 = DIRECTION('',(1.,0.,0.));
#1765 = PLANE('',#1766);
#1766 = AXIS2_PLACEMENT_3D('',#1767,#1768,#1769);
#1767 = CARTESIAN_POINT('',(841.95,-38.35373259211,-19.25678649053));
#1768 = DIRECTION('',(0.,0.5,-0.866025403784));
#1769 = DIRECTION('',(0.,-0.866025403784,-0.5));
#1770 = ADVANCED_FACE('',(#1771),#1789,.F.);
#1771 = FACE_BOUND('',#1772,.F.);
#1772 = EDGE_LOOP('',(#1773,#1774,#1782,#1788));
#1773 = ORIENTED_EDGE('',*,*,#1760,.F.);
#1774 = ORIENTED_EDGE('',*,*,#1775,.T.);
#1775 = EDGE_CURVE('',#1751,#1776,#1778,.T.);
#1776 = VERTEX_POINT('',#1777);
#1777 = CARTESIAN_POINT('',(842.95,-42.5059335262,-27.42756350946));
#1778 = LINE('',#1779,#1780);
#1779 = CARTESIAN_POINT('',(842.95,-44.3809335262,-24.17996824526));
#1780 = VECTOR('',#1781,1.);
#1781 = DIRECTION('',(0.,0.5,-0.866025403784));
#1782 = ORIENTED_EDGE('',*,*,#1783,.T.);
#1783 = EDGE_CURVE('',#1776,#884,#1784,.T.);
#1784 = LINE('',#1785,#1786);
#1785 = CARTESIAN_POINT('',(841.95,-42.5059335262,-27.42756350946));
#1786 = VECTOR('',#1787,1.);
#1787 = DIRECTION('',(1.,0.,0.));
#1788 = ORIENTED_EDGE('',*,*,#891,.F.);
#1789 = PLANE('',#1790);
#1790 = AXIS2_PLACEMENT_3D('',#1791,#1792,#1793);
#1791 = CARTESIAN_POINT('',(841.95,-45.0059335262,-23.09743649053));
#1792 = DIRECTION('',(0.,-0.866025403784,-0.5));
#1793 = DIRECTION('',(0.,0.5,-0.866025403784));
#1794 = ADVANCED_FACE('',(#1795),#1813,.F.);
#1795 = FACE_BOUND('',#1796,.F.);
#1796 = EDGE_LOOP('',(#1797,#1805,#1811,#1812));
#1797 = ORIENTED_EDGE('',*,*,#1798,.T.);
#1798 = EDGE_CURVE('',#1776,#1799,#1801,.T.);
#1799 = VERTEX_POINT('',#1800);
#1800 = CARTESIAN_POINT('',(842.95,-37.52538616529,-24.55204314992));
#1801 = LINE('',#1802,#1803);
#1802 = CARTESIAN_POINT('',(842.95,-17.30186629606,-12.87598850946));
#1803 = VECTOR('',#1804,1.);
#1804 = DIRECTION('',(0.,0.866025403784,0.5));
#1805 = ORIENTED_EDGE('',*,*,#1806,.T.);
#1806 = EDGE_CURVE('',#1799,#875,#1807,.T.);
#1807 = LINE('',#1808,#1809);
#1808 = CARTESIAN_POINT('',(841.95,-37.52538616529,-24.55204314992));
#1809 = VECTOR('',#1810,1.);
#1810 = DIRECTION('',(1.,0.,0.));
#1811 = ORIENTED_EDGE('',*,*,#883,.F.);
#1812 = ORIENTED_EDGE('',*,*,#1783,.F.);
#1813 = PLANE('',#1814);
#1814 = AXIS2_PLACEMENT_3D('',#1815,#1816,#1817);
#1815 = CARTESIAN_POINT('',(841.95,-35.85373259211,-23.58691350946));
#1816 = DIRECTION('',(0.,0.5,-0.866025403784));
#1817 = DIRECTION('',(0.,-0.866025403784,-0.5));
#1818 = ADVANCED_FACE('',(#1819),#1838,.F.);
#1819 = FACE_BOUND('',#1820,.F.);
#1820 = EDGE_LOOP('',(#1821,#1822,#1823,#1832));
#1821 = ORIENTED_EDGE('',*,*,#874,.F.);
#1822 = ORIENTED_EDGE('',*,*,#1806,.F.);
#1823 = ORIENTED_EDGE('',*,*,#1824,.T.);
#1824 = EDGE_CURVE('',#1799,#1825,#1827,.T.);
#1825 = VERTEX_POINT('',#1826);
#1826 = CARTESIAN_POINT('',(842.95,-33.42773718107,-29.89220327514));
#1827 = CIRCLE('',#1828,44.8437);
#1828 = AXIS2_PLACEMENT_3D('',#1829,#1830,#1831);
#1829 = CARTESIAN_POINT('',(842.95,9.359E-14,0.));
#1830 = DIRECTION('',(1.,1.1E-16,-0.));
#1831 = DIRECTION('',(0.,0.,1.));
#1832 = ORIENTED_EDGE('',*,*,#1833,.T.);
#1833 = EDGE_CURVE('',#1825,#867,#1834,.T.);
#1834 = LINE('',#1835,#1836);
#1835 = CARTESIAN_POINT('',(841.95,-33.42773718107,-29.89220327514));
#1836 = VECTOR('',#1837,1.);
#1837 = DIRECTION('',(1.,0.,0.));
#1838 = CYLINDRICAL_SURFACE('',#1839,44.8437);
#1839 = AXIS2_PLACEMENT_3D('',#1840,#1841,#1842);
#1840 = CARTESIAN_POINT('',(841.95,0.,0.));
#1841 = DIRECTION('',(1.,0.,0.));
#1842 = DIRECTION('',(0.,0.,1.));
#1843 = ADVANCED_FACE('',(#1844),#1862,.T.);
#1844 = FACE_BOUND('',#1845,.T.);
#1845 = EDGE_LOOP('',(#1846,#1854,#1855,#1856));
#1846 = ORIENTED_EDGE('',*,*,#1847,.T.);
#1847 = EDGE_CURVE('',#1848,#1825,#1850,.T.);
#1848 = VERTEX_POINT('',#1849);
#1849 = CARTESIAN_POINT('',(842.95,-37.49433707241,-33.95880316648));
#1850 = LINE('',#1851,#1852);
#1851 = CARTESIAN_POINT('',(842.95,-16.91530235352,-13.37976844759));
#1852 = VECTOR('',#1853,1.);
#1853 = DIRECTION('',(0.,0.707106781187,0.707106781187));
#1854 = ORIENTED_EDGE('',*,*,#1833,.T.);
#1855 = ORIENTED_EDGE('',*,*,#866,.F.);
#1856 = ORIENTED_EDGE('',*,*,#1857,.F.);
#1857 = EDGE_CURVE('',#1848,#859,#1858,.T.);
#1858 = LINE('',#1859,#1860);
#1859 = CARTESIAN_POINT('',(841.95,-37.49433707241,-33.95880316648));
#1860 = VECTOR('',#1861,1.);
#1861 = DIRECTION('',(1.,0.,0.));
#1862 = PLANE('',#1863);
#1863 = AXIS2_PLACEMENT_3D('',#1864,#1865,#1866);
#1864 = CARTESIAN_POINT('',(841.95,-32.06283775408,-28.52730384815));
#1865 = DIRECTION('',(0.,0.707106781187,-0.707106781187));
#1866 = DIRECTION('',(0.,-0.707106781187,-0.707106781187));
#1867 = ADVANCED_FACE('',(#1868),#1886,.F.);
#1868 = FACE_BOUND('',#1869,.F.);
#1869 = EDGE_LOOP('',(#1870,#1871,#1879,#1885));
#1870 = ORIENTED_EDGE('',*,*,#1857,.F.);
#1871 = ORIENTED_EDGE('',*,*,#1872,.T.);
#1872 = EDGE_CURVE('',#1848,#1873,#1875,.T.);
#1873 = VERTEX_POINT('',#1874);
#1874 = CARTESIAN_POINT('',(842.95,-33.95880316648,-37.49433707241));
#1875 = LINE('',#1876,#1877);
#1876 = CARTESIAN_POINT('',(842.95,-36.61045359593,-34.84268664296));
#1877 = VECTOR('',#1878,1.);
#1878 = DIRECTION('',(0.,0.707106781187,-0.707106781187));
#1879 = ORIENTED_EDGE('',*,*,#1880,.T.);
#1880 = EDGE_CURVE('',#1873,#851,#1881,.T.);
#1881 = LINE('',#1882,#1883);
#1882 = CARTESIAN_POINT('',(841.95,-33.95880316648,-37.49433707241));
#1883 = VECTOR('',#1884,1.);
#1884 = DIRECTION('',(1.,0.,0.));
#1885 = ORIENTED_EDGE('',*,*,#858,.F.);
#1886 = PLANE('',#1887);
#1887 = AXIS2_PLACEMENT_3D('',#1888,#1889,#1890);
#1888 = CARTESIAN_POINT('',(841.95,-37.49433707241,-33.95880316648));
#1889 = DIRECTION('',(0.,-0.707106781187,-0.707106781187));
#1890 = DIRECTION('',(0.,0.707106781187,-0.707106781187));
#1891 = ADVANCED_FACE('',(#1892),#1910,.F.);
#1892 = FACE_BOUND('',#1893,.F.);
#1893 = EDGE_LOOP('',(#1894,#1902,#1908,#1909));
#1894 = ORIENTED_EDGE('',*,*,#1895,.T.);
#1895 = EDGE_CURVE('',#1873,#1896,#1898,.T.);
#1896 = VERTEX_POINT('',#1897);
#1897 = CARTESIAN_POINT('',(842.95,-29.89220327514,-33.42773718107));
#1898 = LINE('',#1899,#1900);
#1899 = CARTESIAN_POINT('',(842.95,-13.37976844759,-16.91530235352));
#1900 = VECTOR('',#1901,1.);
#1901 = DIRECTION('',(0.,0.707106781187,0.707106781187));
#1902 = ORIENTED_EDGE('',*,*,#1903,.T.);
#1903 = EDGE_CURVE('',#1896,#842,#1904,.T.);
#1904 = LINE('',#1905,#1906);
#1905 = CARTESIAN_POINT('',(841.95,-29.89220327514,-33.42773718107));
#1906 = VECTOR('',#1907,1.);
#1907 = DIRECTION('',(1.,0.,0.));
#1908 = ORIENTED_EDGE('',*,*,#850,.F.);
#1909 = ORIENTED_EDGE('',*,*,#1880,.F.);
#1910 = PLANE('',#1911);
#1911 = AXIS2_PLACEMENT_3D('',#1912,#1913,#1914);
#1912 = CARTESIAN_POINT('',(841.95,-28.52730384815,-32.06283775408));
#1913 = DIRECTION('',(0.,0.707106781187,-0.707106781187));
#1914 = DIRECTION('',(0.,-0.707106781187,-0.707106781187));
#1915 = ADVANCED_FACE('',(#1916),#1935,.F.);
#1916 = FACE_BOUND('',#1917,.F.);
#1917 = EDGE_LOOP('',(#1918,#1919,#1920,#1929));
#1918 = ORIENTED_EDGE('',*,*,#841,.F.);
#1919 = ORIENTED_EDGE('',*,*,#1903,.F.);
#1920 = ORIENTED_EDGE('',*,*,#1921,.T.);
#1921 = EDGE_CURVE('',#1896,#1922,#1924,.T.);
#1922 = VERTEX_POINT('',#1923);
#1923 = CARTESIAN_POINT('',(842.95,-24.55204314992,-37.52538616529));
#1924 = CIRCLE('',#1925,44.8437);
#1925 = AXIS2_PLACEMENT_3D('',#1926,#1927,#1928);
#1926 = CARTESIAN_POINT('',(842.95,9.359E-14,0.));
#1927 = DIRECTION('',(1.,1.1E-16,-0.));
#1928 = DIRECTION('',(0.,0.,1.));
#1929 = ORIENTED_EDGE('',*,*,#1930,.T.);
#1930 = EDGE_CURVE('',#1922,#834,#1931,.T.);
#1931 = LINE('',#1932,#1933);
#1932 = CARTESIAN_POINT('',(841.95,-24.55204314992,-37.52538616529));
#1933 = VECTOR('',#1934,1.);
#1934 = DIRECTION('',(1.,0.,0.));
#1935 = CYLINDRICAL_SURFACE('',#1936,44.8437);
#1936 = AXIS2_PLACEMENT_3D('',#1937,#1938,#1939);
#1937 = CARTESIAN_POINT('',(841.95,0.,0.));
#1938 = DIRECTION('',(1.,0.,0.));
#1939 = DIRECTION('',(0.,0.,1.));
#1940 = ADVANCED_FACE('',(#1941),#1959,.T.);
#1941 = FACE_BOUND('',#1942,.T.);
#1942 = EDGE_LOOP('',(#1943,#1951,#1952,#1953));
#1943 = ORIENTED_EDGE('',*,*,#1944,.T.);
#1944 = EDGE_CURVE('',#1945,#1922,#1947,.T.);
#1945 = VERTEX_POINT('',#1946);
#1946 = CARTESIAN_POINT('',(842.95,-27.42756350946,-42.5059335262));
#1947 = LINE('',#1948,#1949);
#1948 = CARTESIAN_POINT('',(842.95,-12.87598850946,-17.30186629606));
#1949 = VECTOR('',#1950,1.);
#1950 = DIRECTION('',(0.,0.5,0.866025403784));
#1951 = ORIENTED_EDGE('',*,*,#1930,.T.);
#1952 = ORIENTED_EDGE('',*,*,#833,.F.);
#1953 = ORIENTED_EDGE('',*,*,#1954,.F.);
#1954 = EDGE_CURVE('',#1945,#826,#1955,.T.);
#1955 = LINE('',#1956,#1957);
#1956 = CARTESIAN_POINT('',(841.95,-27.42756350946,-42.5059335262));
#1957 = VECTOR('',#1958,1.);
#1958 = DIRECTION('',(1.,0.,0.));
#1959 = PLANE('',#1960);
#1960 = AXIS2_PLACEMENT_3D('',#1961,#1962,#1963);
#1961 = CARTESIAN_POINT('',(841.95,-23.58691350946,-35.85373259211));
#1962 = DIRECTION('',(0.,0.866025403784,-0.5));
#1963 = DIRECTION('',(0.,-0.5,-0.866025403784));
#1964 = ADVANCED_FACE('',(#1965),#1983,.F.);
#1965 = FACE_BOUND('',#1966,.F.);
#1966 = EDGE_LOOP('',(#1967,#1968,#1976,#1982));
#1967 = ORIENTED_EDGE('',*,*,#1954,.F.);
#1968 = ORIENTED_EDGE('',*,*,#1969,.T.);
#1969 = EDGE_CURVE('',#1945,#1970,#1972,.T.);
#1970 = VERTEX_POINT('',#1971);
#1971 = CARTESIAN_POINT('',(842.95,-23.09743649053,-45.0059335262));
#1972 = LINE('',#1973,#1974);
#1973 = CARTESIAN_POINT('',(842.95,-26.34503175473,-43.1309335262));
#1974 = VECTOR('',#1975,1.);
#1975 = DIRECTION('',(0.,0.866025403784,-0.5));
#1976 = ORIENTED_EDGE('',*,*,#1977,.T.);
#1977 = EDGE_CURVE('',#1970,#818,#1978,.T.);
#1978 = LINE('',#1979,#1980);
#1979 = CARTESIAN_POINT('',(841.95,-23.09743649053,-45.0059335262));
#1980 = VECTOR('',#1981,1.);
#1981 = DIRECTION('',(1.,0.,0.));
#1982 = ORIENTED_EDGE('',*,*,#825,.F.);
#1983 = PLANE('',#1984);
#1984 = AXIS2_PLACEMENT_3D('',#1985,#1986,#1987);
#1985 = CARTESIAN_POINT('',(841.95,-27.42756350946,-42.5059335262));
#1986 = DIRECTION('',(0.,-0.5,-0.866025403784));
#1987 = DIRECTION('',(0.,0.866025403784,-0.5));
#1988 = ADVANCED_FACE('',(#1989),#2007,.F.);
#1989 = FACE_BOUND('',#1990,.F.);
#1990 = EDGE_LOOP('',(#1991,#1999,#2005,#2006));
#1991 = ORIENTED_EDGE('',*,*,#1992,.T.);
#1992 = EDGE_CURVE('',#1970,#1993,#1995,.T.);
#1993 = VERTEX_POINT('',#1994);
#1994 = CARTESIAN_POINT('',(842.95,-20.221916131,-40.02538616529));
#1995 = LINE('',#1996,#1997);
#1996 = CARTESIAN_POINT('',(842.95,-8.545861490539,-19.80186629606));
#1997 = VECTOR('',#1998,1.);
#1998 = DIRECTION('',(0.,0.5,0.866025403784));
#1999 = ORIENTED_EDGE('',*,*,#2000,.T.);
#2000 = EDGE_CURVE('',#1993,#809,#2001,.T.);
#2001 = LINE('',#2002,#2003);
#2002 = CARTESIAN_POINT('',(841.95,-20.221916131,-40.02538616529));
#2003 = VECTOR('',#2004,1.);
#2004 = DIRECTION('',(1.,0.,0.));
#2005 = ORIENTED_EDGE('',*,*,#817,.F.);
#2006 = ORIENTED_EDGE('',*,*,#1977,.F.);
#2007 = PLANE('',#2008);
#2008 = AXIS2_PLACEMENT_3D('',#2009,#2010,#2011);
#2009 = CARTESIAN_POINT('',(841.95,-19.25678649053,-38.35373259211));
#2010 = DIRECTION('',(0.,0.866025403784,-0.5));
#2011 = DIRECTION('',(0.,-0.5,-0.866025403784));
#2012 = ADVANCED_FACE('',(#2013),#2032,.F.);
#2013 = FACE_BOUND('',#2014,.F.);
#2014 = EDGE_LOOP('',(#2015,#2016,#2017,#2026));
#2015 = ORIENTED_EDGE('',*,*,#808,.F.);
#2016 = ORIENTED_EDGE('',*,*,#2000,.F.);
#2017 = ORIENTED_EDGE('',*,*,#2018,.T.);
#2018 = EDGE_CURVE('',#1993,#2019,#2021,.T.);
#2019 = VERTEX_POINT('',#2020);
#2020 = CARTESIAN_POINT('',(842.95,-14.00316795227,-42.6012760019));
#2021 = CIRCLE('',#2022,44.8437);
#2022 = AXIS2_PLACEMENT_3D('',#2023,#2024,#2025);
#2023 = CARTESIAN_POINT('',(842.95,9.359E-14,0.));
#2024 = DIRECTION('',(1.,1.1E-16,-0.));
#2025 = DIRECTION('',(0.,0.,1.));
#2026 = ORIENTED_EDGE('',*,*,#2027,.T.);
#2027 = EDGE_CURVE('',#2019,#801,#2028,.T.);
#2028 = LINE('',#2029,#2030);
#2029 = CARTESIAN_POINT('',(841.95,-14.00316795227,-42.6012760019));
#2030 = VECTOR('',#2031,1.);
#2031 = DIRECTION('',(1.,0.,0.));
#2032 = CYLINDRICAL_SURFACE('',#2033,44.8437);
#2033 = AXIS2_PLACEMENT_3D('',#2034,#2035,#2036);
#2034 = CARTESIAN_POINT('',(841.95,0.,0.));
#2035 = DIRECTION('',(1.,0.,0.));
#2036 = DIRECTION('',(0.,0.,1.));
#2037 = ADVANCED_FACE('',(#2038),#2056,.T.);
#2038 = FACE_BOUND('',#2039,.T.);
#2039 = EDGE_LOOP('',(#2040,#2048,#2049,#2050));
#2040 = ORIENTED_EDGE('',*,*,#2041,.T.);
#2041 = EDGE_CURVE('',#2042,#2019,#2044,.T.);
#2042 = VERTEX_POINT('',#2043);
#2043 = CARTESIAN_POINT('',(842.95,-15.49164681952,-48.15635476049));
#2044 = LINE('',#2045,#2046);
#2045 = CARTESIAN_POINT('',(842.95,-7.959197327052,-20.04487054913));
#2046 = VECTOR('',#2047,1.);
#2047 = DIRECTION('',(0.,0.258819045103,0.965925826289));
#2048 = ORIENTED_EDGE('',*,*,#2027,.T.);
#2049 = ORIENTED_EDGE('',*,*,#800,.F.);
#2050 = ORIENTED_EDGE('',*,*,#2051,.F.);
#2051 = EDGE_CURVE('',#2042,#793,#2052,.T.);
#2052 = LINE('',#2053,#2054);
#2053 = CARTESIAN_POINT('',(841.95,-15.49164681952,-48.15635476049));
#2054 = VECTOR('',#2055,1.);
#2055 = DIRECTION('',(1.,0.,0.));
#2056 = PLANE('',#2057);
#2057 = AXIS2_PLACEMENT_3D('',#2058,#2059,#2060);
#2058 = CARTESIAN_POINT('',(841.95,-13.50358008838,-40.73678871102));
#2059 = DIRECTION('',(0.,0.965925826289,-0.258819045103));
#2060 = DIRECTION('',(0.,-0.258819045103,-0.965925826289));
#2061 = ADVANCED_FACE('',(#2062),#2080,.F.);
#2062 = FACE_BOUND('',#2063,.F.);
#2063 = EDGE_LOOP('',(#2064,#2065,#2073,#2079));
#2064 = ORIENTED_EDGE('',*,*,#2051,.F.);
#2065 = ORIENTED_EDGE('',*,*,#2066,.T.);
#2066 = EDGE_CURVE('',#2042,#2067,#2069,.T.);
#2067 = VERTEX_POINT('',#2068);
#2068 = CARTESIAN_POINT('',(842.95,-10.66201768808,-49.45044998601));
#2069 = LINE('',#2070,#2071);
#2070 = CARTESIAN_POINT('',(842.95,-14.28423953666,-48.47987856687));
#2071 = VECTOR('',#2072,1.);
#2072 = DIRECTION('',(0.,0.965925826289,-0.258819045103));
#2073 = ORIENTED_EDGE('',*,*,#2074,.T.);
#2074 = EDGE_CURVE('',#2067,#785,#2075,.T.);
#2075 = LINE('',#2076,#2077);
#2076 = CARTESIAN_POINT('',(841.95,-10.66201768808,-49.45044998601));
#2077 = VECTOR('',#2078,1.);
#2078 = DIRECTION('',(1.,0.,0.));
#2079 = ORIENTED_EDGE('',*,*,#792,.F.);
#2080 = PLANE('',#2081);
#2081 = AXIS2_PLACEMENT_3D('',#2082,#2083,#2084);
#2082 = CARTESIAN_POINT('',(841.95,-15.49164681952,-48.15635476049));
#2083 = DIRECTION('',(0.,-0.258819045103,-0.965925826289));
#2084 = DIRECTION('',(0.,0.965925826289,-0.258819045103));
#2085 = ADVANCED_FACE('',(#2086),#2104,.F.);
#2086 = FACE_BOUND('',#2087,.F.);
#2087 = EDGE_LOOP('',(#2088,#2096,#2102,#2103));
#2088 = ORIENTED_EDGE('',*,*,#2089,.T.);
#2089 = EDGE_CURVE('',#2067,#2090,#2092,.T.);
#2090 = VERTEX_POINT('',#2091);
#2091 = CARTESIAN_POINT('',(842.95,-9.173538820826,-43.89537122741));
#2092 = LINE('',#2093,#2094);
#2093 = CARTESIAN_POINT('',(842.95,-3.129568195607,-21.33896577464));
#2094 = VECTOR('',#2095,1.);
#2095 = DIRECTION('',(0.,0.258819045103,0.965925826289));
#2096 = ORIENTED_EDGE('',*,*,#2097,.T.);
#2097 = EDGE_CURVE('',#2090,#776,#2098,.T.);
#2098 = LINE('',#2099,#2100);
#2099 = CARTESIAN_POINT('',(841.95,-9.173538820826,-43.89537122741));
#2100 = VECTOR('',#2101,1.);
#2101 = DIRECTION('',(1.,0.,0.));
#2102 = ORIENTED_EDGE('',*,*,#784,.F.);
#2103 = ORIENTED_EDGE('',*,*,#2074,.F.);
#2104 = PLANE('',#2105);
#2105 = AXIS2_PLACEMENT_3D('',#2106,#2107,#2108);
#2106 = CARTESIAN_POINT('',(841.95,-8.673950956936,-42.03088393653));
#2107 = DIRECTION('',(0.,0.965925826289,-0.258819045103));
#2108 = DIRECTION('',(0.,-0.258819045103,-0.965925826289));
#2109 = ADVANCED_FACE('',(#2110),#2129,.F.);
#2110 = FACE_BOUND('',#2111,.F.);
#2111 = EDGE_LOOP('',(#2112,#2113,#2114,#2123));
#2112 = ORIENTED_EDGE('',*,*,#775,.F.);
#2113 = ORIENTED_EDGE('',*,*,#2097,.F.);
#2114 = ORIENTED_EDGE('',*,*,#2115,.T.);
#2115 = EDGE_CURVE('',#2090,#2116,#2118,.T.);
#2116 = VERTEX_POINT('',#2117);
#2117 = CARTESIAN_POINT('',(842.95,-2.5,-44.77395928092));
#2118 = CIRCLE('',#2119,44.8437);
#2119 = AXIS2_PLACEMENT_3D('',#2120,#2121,#2122);
#2120 = CARTESIAN_POINT('',(842.95,9.359E-14,0.));
#2121 = DIRECTION('',(1.,1.1E-16,-0.));
#2122 = DIRECTION('',(0.,0.,1.));
#2123 = ORIENTED_EDGE('',*,*,#2124,.T.);
#2124 = EDGE_CURVE('',#2116,#768,#2125,.T.);
#2125 = LINE('',#2126,#2127);
#2126 = CARTESIAN_POINT('',(841.95,-2.5,-44.77395928092));
#2127 = VECTOR('',#2128,1.);
#2128 = DIRECTION('',(1.,0.,0.));
#2129 = CYLINDRICAL_SURFACE('',#2130,44.8437);
#2130 = AXIS2_PLACEMENT_3D('',#2131,#2132,#2133);
#2131 = CARTESIAN_POINT('',(841.95,0.,0.));
#2132 = DIRECTION('',(1.,0.,0.));
#2133 = DIRECTION('',(0.,0.,1.));
#2134 = ADVANCED_FACE('',(#2135),#2153,.T.);
#2135 = FACE_BOUND('',#2136,.T.);
#2136 = EDGE_LOOP('',(#2137,#2145,#2146,#2147));
#2137 = ORIENTED_EDGE('',*,*,#2138,.T.);
#2138 = EDGE_CURVE('',#2139,#2116,#2141,.T.);
#2139 = VERTEX_POINT('',#2140);
#2140 = CARTESIAN_POINT('',(842.95,-2.5,-50.525));
#2141 = LINE('',#2142,#2143);
#2142 = CARTESIAN_POINT('',(842.95,-2.5,-21.42185));
#2143 = VECTOR('',#2144,1.);
#2144 = DIRECTION('',(0.,1.2E-16,1.));
#2145 = ORIENTED_EDGE('',*,*,#2124,.T.);
#2146 = ORIENTED_EDGE('',*,*,#767,.F.);
#2147 = ORIENTED_EDGE('',*,*,#2148,.F.);
#2148 = EDGE_CURVE('',#2139,#760,#2149,.T.);
#2149 = LINE('',#2150,#2151);
#2150 = CARTESIAN_POINT('',(841.95,-2.5,-50.525));
#2151 = VECTOR('',#2152,1.);
#2152 = DIRECTION('',(1.,0.,0.));
#2153 = PLANE('',#2154);
#2154 = AXIS2_PLACEMENT_3D('',#2155,#2156,#2157);
#2155 = CARTESIAN_POINT('',(841.95,-2.5,-42.8437));
#2156 = DIRECTION('',(0.,1.,0.));
#2157 = DIRECTION('',(0.,0.,-1.));
#2158 = ADVANCED_FACE('',(#2159),#2177,.F.);
#2159 = FACE_BOUND('',#2160,.F.);
#2160 = EDGE_LOOP('',(#2161,#2162,#2170,#2176));
#2161 = ORIENTED_EDGE('',*,*,#2148,.F.);
#2162 = ORIENTED_EDGE('',*,*,#2163,.T.);
#2163 = EDGE_CURVE('',#2139,#2164,#2166,.T.);
#2164 = VERTEX_POINT('',#2165);
#2165 = CARTESIAN_POINT('',(842.95,2.5,-50.525));
#2166 = LINE('',#2167,#2168);
#2167 = CARTESIAN_POINT('',(842.95,-1.25,-50.525));
#2168 = VECTOR('',#2169,1.);
#2169 = DIRECTION('',(0.,1.,-1.2E-16));
#2170 = ORIENTED_EDGE('',*,*,#2171,.T.);
#2171 = EDGE_CURVE('',#2164,#752,#2172,.T.);
#2172 = LINE('',#2173,#2174);
#2173 = CARTESIAN_POINT('',(841.95,2.5,-50.525));
#2174 = VECTOR('',#2175,1.);
#2175 = DIRECTION('',(1.,0.,0.));
#2176 = ORIENTED_EDGE('',*,*,#759,.F.);
#2177 = PLANE('',#2178);
#2178 = AXIS2_PLACEMENT_3D('',#2179,#2180,#2181);
#2179 = CARTESIAN_POINT('',(841.95,-2.5,-50.525));
#2180 = DIRECTION('',(0.,0.,-1.));
#2181 = DIRECTION('',(0.,1.,0.));
#2182 = ADVANCED_FACE('',(#2183),#2201,.F.);
#2183 = FACE_BOUND('',#2184,.F.);
#2184 = EDGE_LOOP('',(#2185,#2193,#2199,#2200));
#2185 = ORIENTED_EDGE('',*,*,#2186,.T.);
#2186 = EDGE_CURVE('',#2164,#2187,#2189,.T.);
#2187 = VERTEX_POINT('',#2188);
#2188 = CARTESIAN_POINT('',(842.95,2.5,-44.77395928092));
#2189 = LINE('',#2190,#2191);
#2190 = CARTESIAN_POINT('',(842.95,2.5,-21.42185));
#2191 = VECTOR('',#2192,1.);
#2192 = DIRECTION('',(0.,1.2E-16,1.));
#2193 = ORIENTED_EDGE('',*,*,#2194,.T.);
#2194 = EDGE_CURVE('',#2187,#743,#2195,.T.);
#2195 = LINE('',#2196,#2197);
#2196 = CARTESIAN_POINT('',(841.95,2.5,-44.77395928092));
#2197 = VECTOR('',#2198,1.);
#2198 = DIRECTION('',(1.,0.,0.));
#2199 = ORIENTED_EDGE('',*,*,#751,.F.);
#2200 = ORIENTED_EDGE('',*,*,#2171,.F.);
#2201 = PLANE('',#2202);
#2202 = AXIS2_PLACEMENT_3D('',#2203,#2204,#2205);
#2203 = CARTESIAN_POINT('',(841.95,2.5,-42.8437));
#2204 = DIRECTION('',(0.,1.,0.));
#2205 = DIRECTION('',(0.,0.,-1.));
#2206 = ADVANCED_FACE('',(#2207),#2226,.F.);
#2207 = FACE_BOUND('',#2208,.F.);
#2208 = EDGE_LOOP('',(#2209,#2218,#2224,#2225));
#2209 = ORIENTED_EDGE('',*,*,#2210,.T.);
#2210 = EDGE_CURVE('',#2187,#2211,#2213,.T.);
#2211 = VERTEX_POINT('',#2212);
#2212 = CARTESIAN_POINT('',(842.95,9.173538820826,-43.89537122741));
#2213 = CIRCLE('',#2214,44.8437);
#2214 = AXIS2_PLACEMENT_3D('',#2215,#2216,#2217);
#2215 = CARTESIAN_POINT('',(842.95,9.359E-14,0.));
#2216 = DIRECTION('',(1.,1.1E-16,-0.));
#2217 = DIRECTION('',(0.,0.,1.));
#2218 = ORIENTED_EDGE('',*,*,#2219,.T.);
#2219 = EDGE_CURVE('',#2211,#735,#2220,.T.);
#2220 = LINE('',#2221,#2222);
#2221 = CARTESIAN_POINT('',(841.95,9.173538820826,-43.89537122741));
#2222 = VECTOR('',#2223,1.);
#2223 = DIRECTION('',(1.,0.,0.));
#2224 = ORIENTED_EDGE('',*,*,#742,.F.);
#2225 = ORIENTED_EDGE('',*,*,#2194,.F.);
#2226 = CYLINDRICAL_SURFACE('',#2227,44.8437);
#2227 = AXIS2_PLACEMENT_3D('',#2228,#2229,#2230);
#2228 = CARTESIAN_POINT('',(841.95,0.,0.));
#2229 = DIRECTION('',(1.,0.,0.));
#2230 = DIRECTION('',(0.,0.,1.));
#2231 = ADVANCED_FACE('',(#2232),#2250,.T.);
#2232 = FACE_BOUND('',#2233,.T.);
#2233 = EDGE_LOOP('',(#2234,#2242,#2243,#2244));
#2234 = ORIENTED_EDGE('',*,*,#2235,.T.);
#2235 = EDGE_CURVE('',#2236,#2211,#2238,.T.);
#2236 = VERTEX_POINT('',#2237);
#2237 = CARTESIAN_POINT('',(842.95,10.662017688082,-49.45044998601));
#2238 = LINE('',#2239,#2240);
#2239 = CARTESIAN_POINT('',(842.95,3.129568195607,-21.33896577464));
#2240 = VECTOR('',#2241,1.);
#2241 = DIRECTION('',(0.,-0.258819045103,0.965925826289));
#2242 = ORIENTED_EDGE('',*,*,#2219,.T.);
#2243 = ORIENTED_EDGE('',*,*,#734,.F.);
#2244 = ORIENTED_EDGE('',*,*,#2245,.F.);
#2245 = EDGE_CURVE('',#2236,#727,#2246,.T.);
#2246 = LINE('',#2247,#2248);
#2247 = CARTESIAN_POINT('',(841.95,10.662017688082,-49.45044998601));
#2248 = VECTOR('',#2249,1.);
#2249 = DIRECTION('',(1.,0.,0.));
#2250 = PLANE('',#2251);
#2251 = AXIS2_PLACEMENT_3D('',#2252,#2253,#2254);
#2252 = CARTESIAN_POINT('',(841.95,8.673950956936,-42.03088393653));
#2253 = DIRECTION('',(0.,0.965925826289,0.258819045103));
#2254 = DIRECTION('',(0.,0.258819045103,-0.965925826289));
#2255 = ADVANCED_FACE('',(#2256),#2274,.F.);
#2256 = FACE_BOUND('',#2257,.F.);
#2257 = EDGE_LOOP('',(#2258,#2259,#2267,#2273));
#2258 = ORIENTED_EDGE('',*,*,#2245,.F.);
#2259 = ORIENTED_EDGE('',*,*,#2260,.T.);
#2260 = EDGE_CURVE('',#2236,#2261,#2263,.T.);
#2261 = VERTEX_POINT('',#2262);
#2262 = CARTESIAN_POINT('',(842.95,15.491646819528,-48.15635476049));
#2263 = LINE('',#2264,#2265);
#2264 = CARTESIAN_POINT('',(842.95,11.869424970944,-49.12692617963));
#2265 = VECTOR('',#2266,1.);
#2266 = DIRECTION('',(0.,0.965925826289,0.258819045103));
#2267 = ORIENTED_EDGE('',*,*,#2268,.T.);
#2268 = EDGE_CURVE('',#2261,#719,#2269,.T.);
#2269 = LINE('',#2270,#2271);
#2270 = CARTESIAN_POINT('',(841.95,15.491646819528,-48.15635476049));
#2271 = VECTOR('',#2272,1.);
#2272 = DIRECTION('',(1.,0.,0.));
#2273 = ORIENTED_EDGE('',*,*,#726,.F.);
#2274 = PLANE('',#2275);
#2275 = AXIS2_PLACEMENT_3D('',#2276,#2277,#2278);
#2276 = CARTESIAN_POINT('',(841.95,10.662017688082,-49.45044998601));
#2277 = DIRECTION('',(0.,0.258819045103,-0.965925826289));
#2278 = DIRECTION('',(0.,0.965925826289,0.258819045103));
#2279 = ADVANCED_FACE('',(#2280),#2298,.F.);
#2280 = FACE_BOUND('',#2281,.F.);
#2281 = EDGE_LOOP('',(#2282,#2290,#2296,#2297));
#2282 = ORIENTED_EDGE('',*,*,#2283,.T.);
#2283 = EDGE_CURVE('',#2261,#2284,#2286,.T.);
#2284 = VERTEX_POINT('',#2285);
#2285 = CARTESIAN_POINT('',(842.95,14.003167952271,-42.6012760019));
#2286 = LINE('',#2287,#2288);
#2287 = CARTESIAN_POINT('',(842.95,7.959197327052,-20.04487054913));
#2288 = VECTOR('',#2289,1.);
#2289 = DIRECTION('',(0.,-0.258819045103,0.965925826289));
#2290 = ORIENTED_EDGE('',*,*,#2291,.T.);
#2291 = EDGE_CURVE('',#2284,#710,#2292,.T.);
#2292 = LINE('',#2293,#2294);
#2293 = CARTESIAN_POINT('',(841.95,14.003167952271,-42.6012760019));
#2294 = VECTOR('',#2295,1.);
#2295 = DIRECTION('',(1.,0.,0.));
#2296 = ORIENTED_EDGE('',*,*,#718,.F.);
#2297 = ORIENTED_EDGE('',*,*,#2268,.F.);
#2298 = PLANE('',#2299);
#2299 = AXIS2_PLACEMENT_3D('',#2300,#2301,#2302);
#2300 = CARTESIAN_POINT('',(841.95,13.503580088382,-40.73678871102));
#2301 = DIRECTION('',(0.,0.965925826289,0.258819045103));
#2302 = DIRECTION('',(0.,0.258819045103,-0.965925826289));
#2303 = ADVANCED_FACE('',(#2304),#2323,.F.);
#2304 = FACE_BOUND('',#2305,.F.);
#2305 = EDGE_LOOP('',(#2306,#2315,#2321,#2322));
#2306 = ORIENTED_EDGE('',*,*,#2307,.T.);
#2307 = EDGE_CURVE('',#2284,#2308,#2310,.T.);
#2308 = VERTEX_POINT('',#2309);
#2309 = CARTESIAN_POINT('',(842.95,20.221916131002,-40.02538616529));
#2310 = CIRCLE('',#2311,44.8437);
#2311 = AXIS2_PLACEMENT_3D('',#2312,#2313,#2314);
#2312 = CARTESIAN_POINT('',(842.95,9.359E-14,0.));
#2313 = DIRECTION('',(1.,1.1E-16,-0.));
#2314 = DIRECTION('',(0.,0.,1.));
#2315 = ORIENTED_EDGE('',*,*,#2316,.T.);
#2316 = EDGE_CURVE('',#2308,#702,#2317,.T.);
#2317 = LINE('',#2318,#2319);
#2318 = CARTESIAN_POINT('',(841.95,20.221916131002,-40.02538616529));
#2319 = VECTOR('',#2320,1.);
#2320 = DIRECTION('',(1.,0.,0.));
#2321 = ORIENTED_EDGE('',*,*,#709,.F.);
#2322 = ORIENTED_EDGE('',*,*,#2291,.F.);
#2323 = CYLINDRICAL_SURFACE('',#2324,44.8437);
#2324 = AXIS2_PLACEMENT_3D('',#2325,#2326,#2327);
#2325 = CARTESIAN_POINT('',(841.95,0.,0.));
#2326 = DIRECTION('',(1.,0.,0.));
#2327 = DIRECTION('',(0.,0.,1.));
#2328 = ADVANCED_FACE('',(#2329),#2347,.T.);
#2329 = FACE_BOUND('',#2330,.T.);
#2330 = EDGE_LOOP('',(#2331,#2339,#2340,#2341));
#2331 = ORIENTED_EDGE('',*,*,#2332,.T.);
#2332 = EDGE_CURVE('',#2333,#2308,#2335,.T.);
#2333 = VERTEX_POINT('',#2334);
#2334 = CARTESIAN_POINT('',(842.95,23.097436490539,-45.0059335262));
#2335 = LINE('',#2336,#2337);
#2336 = CARTESIAN_POINT('',(842.95,8.545861490539,-19.80186629606));
#2337 = VECTOR('',#2338,1.);
#2338 = DIRECTION('',(0.,-0.5,0.866025403784));
#2339 = ORIENTED_EDGE('',*,*,#2316,.T.);
#2340 = ORIENTED_EDGE('',*,*,#701,.F.);
#2341 = ORIENTED_EDGE('',*,*,#2342,.F.);
#2342 = EDGE_CURVE('',#2333,#694,#2343,.T.);
#2343 = LINE('',#2344,#2345);
#2344 = CARTESIAN_POINT('',(841.95,23.097436490539,-45.0059335262));
#2345 = VECTOR('',#2346,1.);
#2346 = DIRECTION('',(1.,0.,0.));
#2347 = PLANE('',#2348);
#2348 = AXIS2_PLACEMENT_3D('',#2349,#2350,#2351);
#2349 = CARTESIAN_POINT('',(841.95,19.256786490539,-38.35373259211));
#2350 = DIRECTION('',(0.,0.866025403784,0.5));
#2351 = DIRECTION('',(0.,0.5,-0.866025403784));
#2352 = ADVANCED_FACE('',(#2353),#2371,.F.);
#2353 = FACE_BOUND('',#2354,.F.);
#2354 = EDGE_LOOP('',(#2355,#2356,#2364,#2370));
#2355 = ORIENTED_EDGE('',*,*,#2342,.F.);
#2356 = ORIENTED_EDGE('',*,*,#2357,.T.);
#2357 = EDGE_CURVE('',#2333,#2358,#2360,.T.);
#2358 = VERTEX_POINT('',#2359);
#2359 = CARTESIAN_POINT('',(842.95,27.427563509461,-42.5059335262));
#2360 = LINE('',#2361,#2362);
#2361 = CARTESIAN_POINT('',(842.95,24.17996824527,-44.3809335262));
#2362 = VECTOR('',#2363,1.);
#2363 = DIRECTION('',(0.,0.866025403784,0.5));
#2364 = ORIENTED_EDGE('',*,*,#2365,.T.);
#2365 = EDGE_CURVE('',#2358,#686,#2366,.T.);
#2366 = LINE('',#2367,#2368);
#2367 = CARTESIAN_POINT('',(841.95,27.427563509461,-42.5059335262));
#2368 = VECTOR('',#2369,1.);
#2369 = DIRECTION('',(1.,0.,0.));
#2370 = ORIENTED_EDGE('',*,*,#693,.F.);
#2371 = PLANE('',#2372);
#2372 = AXIS2_PLACEMENT_3D('',#2373,#2374,#2375);
#2373 = CARTESIAN_POINT('',(841.95,23.097436490539,-45.0059335262));
#2374 = DIRECTION('',(0.,0.5,-0.866025403784));
#2375 = DIRECTION('',(0.,0.866025403784,0.5));
#2376 = ADVANCED_FACE('',(#2377),#2395,.F.);
#2377 = FACE_BOUND('',#2378,.F.);
#2378 = EDGE_LOOP('',(#2379,#2387,#2393,#2394));
#2379 = ORIENTED_EDGE('',*,*,#2380,.T.);
#2380 = EDGE_CURVE('',#2358,#2381,#2383,.T.);
#2381 = VERTEX_POINT('',#2382);
#2382 = CARTESIAN_POINT('',(842.95,24.552043149924,-37.52538616529));
#2383 = LINE('',#2384,#2385);
#2384 = CARTESIAN_POINT('',(842.95,12.875988509461,-17.30186629606));
#2385 = VECTOR('',#2386,1.);
#2386 = DIRECTION('',(0.,-0.5,0.866025403784));
#2387 = ORIENTED_EDGE('',*,*,#2388,.T.);
#2388 = EDGE_CURVE('',#2381,#677,#2389,.T.);
#2389 = LINE('',#2390,#2391);
#2390 = CARTESIAN_POINT('',(841.95,24.552043149924,-37.52538616529));
#2391 = VECTOR('',#2392,1.);
#2392 = DIRECTION('',(1.,0.,0.));
#2393 = ORIENTED_EDGE('',*,*,#685,.F.);
#2394 = ORIENTED_EDGE('',*,*,#2365,.F.);
#2395 = PLANE('',#2396);
#2396 = AXIS2_PLACEMENT_3D('',#2397,#2398,#2399);
#2397 = CARTESIAN_POINT('',(841.95,23.586913509461,-35.85373259211));
#2398 = DIRECTION('',(0.,0.866025403784,0.5));
#2399 = DIRECTION('',(0.,0.5,-0.866025403784));
#2400 = ADVANCED_FACE('',(#2401),#2420,.F.);
#2401 = FACE_BOUND('',#2402,.F.);
#2402 = EDGE_LOOP('',(#2403,#2412,#2418,#2419));
#2403 = ORIENTED_EDGE('',*,*,#2404,.T.);
#2404 = EDGE_CURVE('',#2381,#2405,#2407,.T.);
#2405 = VERTEX_POINT('',#2406);
#2406 = CARTESIAN_POINT('',(842.95,29.892203275147,-33.42773718107));
#2407 = CIRCLE('',#2408,44.8437);
#2408 = AXIS2_PLACEMENT_3D('',#2409,#2410,#2411);
#2409 = CARTESIAN_POINT('',(842.95,9.359E-14,0.));
#2410 = DIRECTION('',(1.,1.1E-16,-0.));
#2411 = DIRECTION('',(0.,0.,1.));
#2412 = ORIENTED_EDGE('',*,*,#2413,.T.);
#2413 = EDGE_CURVE('',#2405,#669,#2414,.T.);
#2414 = LINE('',#2415,#2416);
#2415 = CARTESIAN_POINT('',(841.95,29.892203275147,-33.42773718107));
#2416 = VECTOR('',#2417,1.);
#2417 = DIRECTION('',(1.,0.,0.));
#2418 = ORIENTED_EDGE('',*,*,#676,.F.);
#2419 = ORIENTED_EDGE('',*,*,#2388,.F.);
#2420 = CYLINDRICAL_SURFACE('',#2421,44.8437);
#2421 = AXIS2_PLACEMENT_3D('',#2422,#2423,#2424);
#2422 = CARTESIAN_POINT('',(841.95,0.,0.));
#2423 = DIRECTION('',(1.,0.,0.));
#2424 = DIRECTION('',(0.,0.,1.));
#2425 = ADVANCED_FACE('',(#2426),#2444,.T.);
#2426 = FACE_BOUND('',#2427,.T.);
#2427 = EDGE_LOOP('',(#2428,#2436,#2437,#2438));
#2428 = ORIENTED_EDGE('',*,*,#2429,.T.);
#2429 = EDGE_CURVE('',#2430,#2405,#2432,.T.);
#2430 = VERTEX_POINT('',#2431);
#2431 = CARTESIAN_POINT('',(842.95,33.958803166484,-37.49433707241));
#2432 = LINE('',#2433,#2434);
#2433 = CARTESIAN_POINT('',(842.95,13.379768447595,-16.91530235352));
#2434 = VECTOR('',#2435,1.);
#2435 = DIRECTION('',(0.,-0.707106781187,0.707106781187));
#2436 = ORIENTED_EDGE('',*,*,#2413,.T.);
#2437 = ORIENTED_EDGE('',*,*,#668,.F.);
#2438 = ORIENTED_EDGE('',*,*,#2439,.F.);
#2439 = EDGE_CURVE('',#2430,#661,#2440,.T.);
#2440 = LINE('',#2441,#2442);
#2441 = CARTESIAN_POINT('',(841.95,33.958803166484,-37.49433707241));
#2442 = VECTOR('',#2443,1.);
#2443 = DIRECTION('',(1.,0.,0.));
#2444 = PLANE('',#2445);
#2445 = AXIS2_PLACEMENT_3D('',#2446,#2447,#2448);
#2446 = CARTESIAN_POINT('',(841.95,28.527303848156,-32.06283775408));
#2447 = DIRECTION('',(0.,0.707106781187,0.707106781187));
#2448 = DIRECTION('',(0.,0.707106781187,-0.707106781187));
#2449 = ADVANCED_FACE('',(#2450),#2468,.F.);
#2450 = FACE_BOUND('',#2451,.F.);
#2451 = EDGE_LOOP('',(#2452,#2453,#2461,#2467));
#2452 = ORIENTED_EDGE('',*,*,#2439,.F.);
#2453 = ORIENTED_EDGE('',*,*,#2454,.T.);
#2454 = EDGE_CURVE('',#2430,#2455,#2457,.T.);
#2455 = VERTEX_POINT('',#2456);
#2456 = CARTESIAN_POINT('',(842.95,37.494337072417,-33.95880316648));
#2457 = LINE('',#2458,#2459);
#2458 = CARTESIAN_POINT('',(842.95,34.842686642967,-36.61045359593));
#2459 = VECTOR('',#2460,1.);
#2460 = DIRECTION('',(0.,0.707106781187,0.707106781187));
#2461 = ORIENTED_EDGE('',*,*,#2462,.T.);
#2462 = EDGE_CURVE('',#2455,#653,#2463,.T.);
#2463 = LINE('',#2464,#2465);
#2464 = CARTESIAN_POINT('',(841.95,37.494337072417,-33.95880316648));
#2465 = VECTOR('',#2466,1.);
#2466 = DIRECTION('',(1.,0.,0.));
#2467 = ORIENTED_EDGE('',*,*,#660,.F.);
#2468 = PLANE('',#2469);
#2469 = AXIS2_PLACEMENT_3D('',#2470,#2471,#2472);
#2470 = CARTESIAN_POINT('',(841.95,33.958803166484,-37.49433707241));
#2471 = DIRECTION('',(0.,0.707106781187,-0.707106781187));
#2472 = DIRECTION('',(0.,0.707106781187,0.707106781187));
#2473 = ADVANCED_FACE('',(#2474),#2492,.F.);
#2474 = FACE_BOUND('',#2475,.F.);
#2475 = EDGE_LOOP('',(#2476,#2484,#2490,#2491));
#2476 = ORIENTED_EDGE('',*,*,#2477,.T.);
#2477 = EDGE_CURVE('',#2455,#2478,#2480,.T.);
#2478 = VERTEX_POINT('',#2479);
#2479 = CARTESIAN_POINT('',(842.95,33.427737181079,-29.89220327514));
#2480 = LINE('',#2481,#2482);
#2481 = CARTESIAN_POINT('',(842.95,16.915302353527,-13.37976844759));
#2482 = VECTOR('',#2483,1.);
#2483 = DIRECTION('',(0.,-0.707106781187,0.707106781187));
#2484 = ORIENTED_EDGE('',*,*,#2485,.T.);
#2485 = EDGE_CURVE('',#2478,#644,#2486,.T.);
#2486 = LINE('',#2487,#2488);
#2487 = CARTESIAN_POINT('',(841.95,33.427737181079,-29.89220327514));
#2488 = VECTOR('',#2489,1.);
#2489 = DIRECTION('',(1.,0.,0.));
#2490 = ORIENTED_EDGE('',*,*,#652,.F.);
#2491 = ORIENTED_EDGE('',*,*,#2462,.F.);
#2492 = PLANE('',#2493);
#2493 = AXIS2_PLACEMENT_3D('',#2494,#2495,#2496);
#2494 = CARTESIAN_POINT('',(841.95,32.062837754088,-28.52730384815));
#2495 = DIRECTION('',(0.,0.707106781187,0.707106781187));
#2496 = DIRECTION('',(0.,0.707106781187,-0.707106781187));
#2497 = ADVANCED_FACE('',(#2498),#2517,.F.);
#2498 = FACE_BOUND('',#2499,.F.);
#2499 = EDGE_LOOP('',(#2500,#2509,#2515,#2516));
#2500 = ORIENTED_EDGE('',*,*,#2501,.T.);
#2501 = EDGE_CURVE('',#2478,#2502,#2504,.T.);
#2502 = VERTEX_POINT('',#2503);
#2503 = CARTESIAN_POINT('',(842.95,37.525386165292,-24.55204314992));
#2504 = CIRCLE('',#2505,44.8437);
#2505 = AXIS2_PLACEMENT_3D('',#2506,#2507,#2508);
#2506 = CARTESIAN_POINT('',(842.95,9.359E-14,0.));
#2507 = DIRECTION('',(1.,1.1E-16,-0.));
#2508 = DIRECTION('',(0.,0.,1.));
#2509 = ORIENTED_EDGE('',*,*,#2510,.T.);
#2510 = EDGE_CURVE('',#2502,#636,#2511,.T.);
#2511 = LINE('',#2512,#2513);
#2512 = CARTESIAN_POINT('',(841.95,37.525386165292,-24.55204314992));
#2513 = VECTOR('',#2514,1.);
#2514 = DIRECTION('',(1.,0.,0.));
#2515 = ORIENTED_EDGE('',*,*,#643,.F.);
#2516 = ORIENTED_EDGE('',*,*,#2485,.F.);
#2517 = CYLINDRICAL_SURFACE('',#2518,44.8437);
#2518 = AXIS2_PLACEMENT_3D('',#2519,#2520,#2521);
#2519 = CARTESIAN_POINT('',(841.95,0.,0.));
#2520 = DIRECTION('',(1.,0.,0.));
#2521 = DIRECTION('',(0.,0.,1.));
#2522 = ADVANCED_FACE('',(#2523),#2541,.T.);
#2523 = FACE_BOUND('',#2524,.T.);
#2524 = EDGE_LOOP('',(#2525,#2533,#2534,#2535));
#2525 = ORIENTED_EDGE('',*,*,#2526,.T.);
#2526 = EDGE_CURVE('',#2527,#2502,#2529,.T.);
#2527 = VERTEX_POINT('',#2528);
#2528 = CARTESIAN_POINT('',(842.95,42.505933526209,-27.42756350946));
#2529 = LINE('',#2530,#2531);
#2530 = CARTESIAN_POINT('',(842.95,17.30186629606,-12.87598850946));
#2531 = VECTOR('',#2532,1.);
#2532 = DIRECTION('',(0.,-0.866025403784,0.5));
#2533 = ORIENTED_EDGE('',*,*,#2510,.T.);
#2534 = ORIENTED_EDGE('',*,*,#635,.F.);
#2535 = ORIENTED_EDGE('',*,*,#2536,.F.);
#2536 = EDGE_CURVE('',#2527,#628,#2537,.T.);
#2537 = LINE('',#2538,#2539);
#2538 = CARTESIAN_POINT('',(841.95,42.505933526209,-27.42756350946));
#2539 = VECTOR('',#2540,1.);
#2540 = DIRECTION('',(1.,0.,0.));
#2541 = PLANE('',#2542);
#2542 = AXIS2_PLACEMENT_3D('',#2543,#2544,#2545);
#2543 = CARTESIAN_POINT('',(841.95,35.853732592119,-23.58691350946));
#2544 = DIRECTION('',(0.,0.5,0.866025403784));
#2545 = DIRECTION('',(0.,0.866025403784,-0.5));
#2546 = ADVANCED_FACE('',(#2547),#2565,.F.);
#2547 = FACE_BOUND('',#2548,.F.);
#2548 = EDGE_LOOP('',(#2549,#2550,#2558,#2564));
#2549 = ORIENTED_EDGE('',*,*,#2536,.F.);
#2550 = ORIENTED_EDGE('',*,*,#2551,.T.);
#2551 = EDGE_CURVE('',#2527,#2552,#2554,.T.);
#2552 = VERTEX_POINT('',#2553);
#2553 = CARTESIAN_POINT('',(842.95,45.005933526209,-23.09743649053));
#2554 = LINE('',#2555,#2556);
#2555 = CARTESIAN_POINT('',(842.95,43.130933526209,-26.34503175473));
#2556 = VECTOR('',#2557,1.);
#2557 = DIRECTION('',(0.,0.5,0.866025403784));
#2558 = ORIENTED_EDGE('',*,*,#2559,.T.);
#2559 = EDGE_CURVE('',#2552,#620,#2560,.T.);
#2560 = LINE('',#2561,#2562);
#2561 = CARTESIAN_POINT('',(841.95,45.005933526209,-23.09743649053));
#2562 = VECTOR('',#2563,1.);
#2563 = DIRECTION('',(1.,0.,0.));
#2564 = ORIENTED_EDGE('',*,*,#627,.F.);
#2565 = PLANE('',#2566);
#2566 = AXIS2_PLACEMENT_3D('',#2567,#2568,#2569);
#2567 = CARTESIAN_POINT('',(841.95,42.505933526209,-27.42756350946));
#2568 = DIRECTION('',(0.,0.866025403784,-0.5));
#2569 = DIRECTION('',(0.,0.5,0.866025403784));
#2570 = ADVANCED_FACE('',(#2571),#2589,.F.);
#2571 = FACE_BOUND('',#2572,.F.);
#2572 = EDGE_LOOP('',(#2573,#2581,#2587,#2588));
#2573 = ORIENTED_EDGE('',*,*,#2574,.T.);
#2574 = EDGE_CURVE('',#2552,#2575,#2577,.T.);
#2575 = VERTEX_POINT('',#2576);
#2576 = CARTESIAN_POINT('',(842.95,40.025386165292,-20.221916131));
#2577 = LINE('',#2578,#2579);
#2578 = CARTESIAN_POINT('',(842.95,19.80186629606,-8.545861490539));
#2579 = VECTOR('',#2580,1.);
#2580 = DIRECTION('',(0.,-0.866025403784,0.5));
#2581 = ORIENTED_EDGE('',*,*,#2582,.T.);
#2582 = EDGE_CURVE('',#2575,#611,#2583,.T.);
#2583 = LINE('',#2584,#2585);
#2584 = CARTESIAN_POINT('',(841.95,40.025386165292,-20.221916131));
#2585 = VECTOR('',#2586,1.);
#2586 = DIRECTION('',(1.,0.,0.));
#2587 = ORIENTED_EDGE('',*,*,#619,.F.);
#2588 = ORIENTED_EDGE('',*,*,#2559,.F.);
#2589 = PLANE('',#2590);
#2590 = AXIS2_PLACEMENT_3D('',#2591,#2592,#2593);
#2591 = CARTESIAN_POINT('',(841.95,38.353732592119,-19.25678649053));
#2592 = DIRECTION('',(0.,0.5,0.866025403784));
#2593 = DIRECTION('',(0.,0.866025403784,-0.5));
#2594 = ADVANCED_FACE('',(#2595),#2614,.F.);
#2595 = FACE_BOUND('',#2596,.F.);
#2596 = EDGE_LOOP('',(#2597,#2606,#2612,#2613));
#2597 = ORIENTED_EDGE('',*,*,#2598,.T.);
#2598 = EDGE_CURVE('',#2575,#2599,#2601,.T.);
#2599 = VERTEX_POINT('',#2600);
#2600 = CARTESIAN_POINT('',(842.95,42.601276001905,-14.00316795227));
#2601 = CIRCLE('',#2602,44.8437);
#2602 = AXIS2_PLACEMENT_3D('',#2603,#2604,#2605);
#2603 = CARTESIAN_POINT('',(842.95,9.359E-14,0.));
#2604 = DIRECTION('',(1.,1.1E-16,-0.));
#2605 = DIRECTION('',(0.,0.,1.));
#2606 = ORIENTED_EDGE('',*,*,#2607,.T.);
#2607 = EDGE_CURVE('',#2599,#603,#2608,.T.);
#2608 = LINE('',#2609,#2610);
#2609 = CARTESIAN_POINT('',(841.95,42.601276001905,-14.00316795227));
#2610 = VECTOR('',#2611,1.);
#2611 = DIRECTION('',(1.,0.,0.));
#2612 = ORIENTED_EDGE('',*,*,#610,.F.);
#2613 = ORIENTED_EDGE('',*,*,#2582,.F.);
#2614 = CYLINDRICAL_SURFACE('',#2615,44.8437);
#2615 = AXIS2_PLACEMENT_3D('',#2616,#2617,#2618);
#2616 = CARTESIAN_POINT('',(841.95,0.,0.));
#2617 = DIRECTION('',(1.,0.,0.));
#2618 = DIRECTION('',(0.,0.,1.));
#2619 = ADVANCED_FACE('',(#2620),#2638,.T.);
#2620 = FACE_BOUND('',#2621,.T.);
#2621 = EDGE_LOOP('',(#2622,#2630,#2631,#2632));
#2622 = ORIENTED_EDGE('',*,*,#2623,.T.);
#2623 = EDGE_CURVE('',#2624,#2599,#2626,.T.);
#2624 = VERTEX_POINT('',#2625);
#2625 = CARTESIAN_POINT('',(842.95,48.156354760499,-15.49164681952));
#2626 = LINE('',#2627,#2628);
#2627 = CARTESIAN_POINT('',(842.95,20.044870549134,-7.959197327052));
#2628 = VECTOR('',#2629,1.);
#2629 = DIRECTION('',(0.,-0.965925826289,0.258819045103));
#2630 = ORIENTED_EDGE('',*,*,#2607,.T.);
#2631 = ORIENTED_EDGE('',*,*,#602,.F.);
#2632 = ORIENTED_EDGE('',*,*,#2633,.F.);
#2633 = EDGE_CURVE('',#2624,#595,#2634,.T.);
#2634 = LINE('',#2635,#2636);
#2635 = CARTESIAN_POINT('',(841.95,48.156354760499,-15.49164681952));
#2636 = VECTOR('',#2637,1.);
#2637 = DIRECTION('',(1.,0.,0.));
#2638 = PLANE('',#2639);
#2639 = AXIS2_PLACEMENT_3D('',#2640,#2641,#2642);
#2640 = CARTESIAN_POINT('',(841.95,40.736788711025,-13.50358008838));
#2641 = DIRECTION('',(0.,0.258819045103,0.965925826289));
#2642 = DIRECTION('',(0.,0.965925826289,-0.258819045103));
#2643 = ADVANCED_FACE('',(#2644),#2662,.F.);
#2644 = FACE_BOUND('',#2645,.F.);
#2645 = EDGE_LOOP('',(#2646,#2647,#2655,#2661));
#2646 = ORIENTED_EDGE('',*,*,#2633,.F.);
#2647 = ORIENTED_EDGE('',*,*,#2648,.T.);
#2648 = EDGE_CURVE('',#2624,#2649,#2651,.T.);
#2649 = VERTEX_POINT('',#2650);
#2650 = CARTESIAN_POINT('',(842.95,49.450449986012,-10.66201768808));
#2651 = LINE('',#2652,#2653);
#2652 = CARTESIAN_POINT('',(842.95,48.479878566877,-14.28423953666));
#2653 = VECTOR('',#2654,1.);
#2654 = DIRECTION('',(0.,0.258819045103,0.965925826289));
#2655 = ORIENTED_EDGE('',*,*,#2656,.T.);
#2656 = EDGE_CURVE('',#2649,#587,#2657,.T.);
#2657 = LINE('',#2658,#2659);
#2658 = CARTESIAN_POINT('',(841.95,49.450449986011,-10.66201768808));
#2659 = VECTOR('',#2660,1.);
#2660 = DIRECTION('',(1.,0.,0.));
#2661 = ORIENTED_EDGE('',*,*,#594,.F.);
#2662 = PLANE('',#2663);
#2663 = AXIS2_PLACEMENT_3D('',#2664,#2665,#2666);
#2664 = CARTESIAN_POINT('',(841.95,48.156354760499,-15.49164681952));
#2665 = DIRECTION('',(0.,0.965925826289,-0.258819045103));
#2666 = DIRECTION('',(0.,0.258819045103,0.965925826289));
#2667 = ADVANCED_FACE('',(#2668),#2686,.F.);
#2668 = FACE_BOUND('',#2669,.F.);
#2669 = EDGE_LOOP('',(#2670,#2678,#2684,#2685));
#2670 = ORIENTED_EDGE('',*,*,#2671,.T.);
#2671 = EDGE_CURVE('',#2649,#2672,#2674,.T.);
#2672 = VERTEX_POINT('',#2673);
#2673 = CARTESIAN_POINT('',(842.95,43.895371227418,-9.173538820826));
#2674 = LINE('',#2675,#2676);
#2675 = CARTESIAN_POINT('',(842.95,21.338965774647,-3.129568195607));
#2676 = VECTOR('',#2677,1.);
#2677 = DIRECTION('',(0.,-0.965925826289,0.258819045103));
#2678 = ORIENTED_EDGE('',*,*,#2679,.T.);
#2679 = EDGE_CURVE('',#2672,#578,#2680,.T.);
#2680 = LINE('',#2681,#2682);
#2681 = CARTESIAN_POINT('',(841.95,43.895371227418,-9.173538820826));
#2682 = VECTOR('',#2683,1.);
#2683 = DIRECTION('',(1.,0.,0.));
#2684 = ORIENTED_EDGE('',*,*,#586,.F.);
#2685 = ORIENTED_EDGE('',*,*,#2656,.F.);
#2686 = PLANE('',#2687);
#2687 = AXIS2_PLACEMENT_3D('',#2688,#2689,#2690);
#2688 = CARTESIAN_POINT('',(841.95,42.030883936537,-8.673950956936));
#2689 = DIRECTION('',(0.,0.258819045103,0.965925826289));
#2690 = DIRECTION('',(0.,0.965925826289,-0.258819045103));
#2691 = ADVANCED_FACE('',(#2692),#2711,.F.);
#2692 = FACE_BOUND('',#2693,.F.);
#2693 = EDGE_LOOP('',(#2694,#2703,#2709,#2710));
#2694 = ORIENTED_EDGE('',*,*,#2695,.T.);
#2695 = EDGE_CURVE('',#2672,#2696,#2698,.T.);
#2696 = VERTEX_POINT('',#2697);
#2697 = CARTESIAN_POINT('',(842.95,44.773959280926,-2.5));
#2698 = CIRCLE('',#2699,44.8437);
#2699 = AXIS2_PLACEMENT_3D('',#2700,#2701,#2702);
#2700 = CARTESIAN_POINT('',(842.95,9.359E-14,0.));
#2701 = DIRECTION('',(1.,1.1E-16,-0.));
#2702 = DIRECTION('',(0.,0.,1.));
#2703 = ORIENTED_EDGE('',*,*,#2704,.T.);
#2704 = EDGE_CURVE('',#2696,#570,#2705,.T.);
#2705 = LINE('',#2706,#2707);
#2706 = CARTESIAN_POINT('',(841.95,44.773959280926,-2.5));
#2707 = VECTOR('',#2708,1.);
#2708 = DIRECTION('',(1.,0.,0.));
#2709 = ORIENTED_EDGE('',*,*,#577,.F.);
#2710 = ORIENTED_EDGE('',*,*,#2679,.F.);
#2711 = CYLINDRICAL_SURFACE('',#2712,44.8437);
#2712 = AXIS2_PLACEMENT_3D('',#2713,#2714,#2715);
#2713 = CARTESIAN_POINT('',(841.95,0.,0.));
#2714 = DIRECTION('',(1.,0.,0.));
#2715 = DIRECTION('',(0.,0.,1.));
#2716 = ADVANCED_FACE('',(#2717),#2735,.T.);
#2717 = FACE_BOUND('',#2718,.T.);
#2718 = EDGE_LOOP('',(#2719,#2727,#2728,#2729));
#2719 = ORIENTED_EDGE('',*,*,#2720,.T.);
#2720 = EDGE_CURVE('',#2721,#2696,#2723,.T.);
#2721 = VERTEX_POINT('',#2722);
#2722 = CARTESIAN_POINT('',(842.95,50.525,-2.5));
#2723 = LINE('',#2724,#2725);
#2724 = CARTESIAN_POINT('',(842.95,21.42185,-2.5));
#2725 = VECTOR('',#2726,1.);
#2726 = DIRECTION('',(0.,-1.,2.2E-16));
#2727 = ORIENTED_EDGE('',*,*,#2704,.T.);
#2728 = ORIENTED_EDGE('',*,*,#569,.F.);
#2729 = ORIENTED_EDGE('',*,*,#2730,.F.);
#2730 = EDGE_CURVE('',#2721,#562,#2731,.T.);
#2731 = LINE('',#2732,#2733);
#2732 = CARTESIAN_POINT('',(841.95,50.525,-2.5));
#2733 = VECTOR('',#2734,1.);
#2734 = DIRECTION('',(1.,0.,0.));
#2735 = PLANE('',#2736);
#2736 = AXIS2_PLACEMENT_3D('',#2737,#2738,#2739);
#2737 = CARTESIAN_POINT('',(841.95,42.8437,-2.5));
#2738 = DIRECTION('',(0.,0.,1.));
#2739 = DIRECTION('',(0.,1.,0.));
#2740 = ADVANCED_FACE('',(#2741),#2759,.F.);
#2741 = FACE_BOUND('',#2742,.F.);
#2742 = EDGE_LOOP('',(#2743,#2744,#2752,#2758));
#2743 = ORIENTED_EDGE('',*,*,#2730,.F.);
#2744 = ORIENTED_EDGE('',*,*,#2745,.T.);
#2745 = EDGE_CURVE('',#2721,#2746,#2748,.T.);
#2746 = VERTEX_POINT('',#2747);
#2747 = CARTESIAN_POINT('',(842.95,50.525,2.5));
#2748 = LINE('',#2749,#2750);
#2749 = CARTESIAN_POINT('',(842.95,50.525,-1.25));
#2750 = VECTOR('',#2751,1.);
#2751 = DIRECTION('',(0.,2.2E-16,1.));
#2752 = ORIENTED_EDGE('',*,*,#2753,.T.);
#2753 = EDGE_CURVE('',#2746,#554,#2754,.T.);
#2754 = LINE('',#2755,#2756);
#2755 = CARTESIAN_POINT('',(841.95,50.525,2.5));
#2756 = VECTOR('',#2757,1.);
#2757 = DIRECTION('',(1.,0.,0.));
#2758 = ORIENTED_EDGE('',*,*,#561,.F.);
#2759 = PLANE('',#2760);
#2760 = AXIS2_PLACEMENT_3D('',#2761,#2762,#2763);
#2761 = CARTESIAN_POINT('',(841.95,50.525,-2.5));
#2762 = DIRECTION('',(0.,1.,0.));
#2763 = DIRECTION('',(0.,0.,1.));
#2764 = ADVANCED_FACE('',(#2765),#2783,.F.);
#2765 = FACE_BOUND('',#2766,.F.);
#2766 = EDGE_LOOP('',(#2767,#2775,#2781,#2782));
#2767 = ORIENTED_EDGE('',*,*,#2768,.T.);
#2768 = EDGE_CURVE('',#2746,#2769,#2771,.T.);
#2769 = VERTEX_POINT('',#2770);
#2770 = CARTESIAN_POINT('',(842.95,44.773959280926,2.5));
#2771 = LINE('',#2772,#2773);
#2772 = CARTESIAN_POINT('',(842.95,21.42185,2.5));
#2773 = VECTOR('',#2774,1.);
#2774 = DIRECTION('',(0.,-1.,2.2E-16));
#2775 = ORIENTED_EDGE('',*,*,#2776,.T.);
#2776 = EDGE_CURVE('',#2769,#545,#2777,.T.);
#2777 = LINE('',#2778,#2779);
#2778 = CARTESIAN_POINT('',(841.95,44.773959280926,2.5));
#2779 = VECTOR('',#2780,1.);
#2780 = DIRECTION('',(1.,0.,0.));
#2781 = ORIENTED_EDGE('',*,*,#553,.F.);
#2782 = ORIENTED_EDGE('',*,*,#2753,.F.);
#2783 = PLANE('',#2784);
#2784 = AXIS2_PLACEMENT_3D('',#2785,#2786,#2787);
#2785 = CARTESIAN_POINT('',(841.95,42.8437,2.5));
#2786 = DIRECTION('',(0.,0.,1.));
#2787 = DIRECTION('',(0.,1.,0.));
#2788 = ADVANCED_FACE('',(#2789),#2808,.F.);
#2789 = FACE_BOUND('',#2790,.F.);
#2790 = EDGE_LOOP('',(#2791,#2800,#2806,#2807));
#2791 = ORIENTED_EDGE('',*,*,#2792,.T.);
#2792 = EDGE_CURVE('',#2769,#2793,#2795,.T.);
#2793 = VERTEX_POINT('',#2794);
#2794 = CARTESIAN_POINT('',(842.95,43.895371227418,9.173538820826));
#2795 = CIRCLE('',#2796,44.8437);
#2796 = AXIS2_PLACEMENT_3D('',#2797,#2798,#2799);
#2797 = CARTESIAN_POINT('',(842.95,9.359E-14,0.));
#2798 = DIRECTION('',(1.,1.1E-16,-0.));
#2799 = DIRECTION('',(0.,0.,1.));
#2800 = ORIENTED_EDGE('',*,*,#2801,.T.);
#2801 = EDGE_CURVE('',#2793,#537,#2802,.T.);
#2802 = LINE('',#2803,#2804);
#2803 = CARTESIAN_POINT('',(841.95,43.895371227418,9.173538820826));
#2804 = VECTOR('',#2805,1.);
#2805 = DIRECTION('',(1.,0.,0.));
#2806 = ORIENTED_EDGE('',*,*,#544,.F.);
#2807 = ORIENTED_EDGE('',*,*,#2776,.F.);
#2808 = CYLINDRICAL_SURFACE('',#2809,44.8437);
#2809 = AXIS2_PLACEMENT_3D('',#2810,#2811,#2812);
#2810 = CARTESIAN_POINT('',(841.95,0.,0.));
#2811 = DIRECTION('',(1.,0.,0.));
#2812 = DIRECTION('',(0.,0.,1.));
#2813 = ADVANCED_FACE('',(#2814),#2832,.T.);
#2814 = FACE_BOUND('',#2815,.T.);
#2815 = EDGE_LOOP('',(#2816,#2824,#2825,#2826));
#2816 = ORIENTED_EDGE('',*,*,#2817,.T.);
#2817 = EDGE_CURVE('',#2818,#2793,#2820,.T.);
#2818 = VERTEX_POINT('',#2819);
#2819 = CARTESIAN_POINT('',(842.95,49.450449986012,10.662017688082));
#2820 = LINE('',#2821,#2822);
#2821 = CARTESIAN_POINT('',(842.95,21.338965774647,3.129568195607));
#2822 = VECTOR('',#2823,1.);
#2823 = DIRECTION('',(0.,-0.965925826289,-0.258819045103));
#2824 = ORIENTED_EDGE('',*,*,#2801,.T.);
#2825 = ORIENTED_EDGE('',*,*,#536,.F.);
#2826 = ORIENTED_EDGE('',*,*,#2827,.F.);
#2827 = EDGE_CURVE('',#2818,#529,#2828,.T.);
#2828 = LINE('',#2829,#2830);
#2829 = CARTESIAN_POINT('',(841.95,49.450449986011,10.662017688082));
#2830 = VECTOR('',#2831,1.);
#2831 = DIRECTION('',(1.,0.,0.));
#2832 = PLANE('',#2833);
#2833 = AXIS2_PLACEMENT_3D('',#2834,#2835,#2836);
#2834 = CARTESIAN_POINT('',(841.95,42.030883936537,8.673950956936));
#2835 = DIRECTION('',(0.,-0.258819045103,0.965925826289));
#2836 = DIRECTION('',(0.,0.965925826289,0.258819045103));
#2837 = ADVANCED_FACE('',(#2838),#2856,.F.);
#2838 = FACE_BOUND('',#2839,.F.);
#2839 = EDGE_LOOP('',(#2840,#2841,#2849,#2855));
#2840 = ORIENTED_EDGE('',*,*,#2827,.F.);
#2841 = ORIENTED_EDGE('',*,*,#2842,.T.);
#2842 = EDGE_CURVE('',#2818,#2843,#2845,.T.);
#2843 = VERTEX_POINT('',#2844);
#2844 = CARTESIAN_POINT('',(842.95,48.156354760499,15.491646819528));
#2845 = LINE('',#2846,#2847);
#2846 = CARTESIAN_POINT('',(842.95,49.126926179633,11.869424970944));
#2847 = VECTOR('',#2848,1.);
#2848 = DIRECTION('',(0.,-0.258819045103,0.965925826289));
#2849 = ORIENTED_EDGE('',*,*,#2850,.T.);
#2850 = EDGE_CURVE('',#2843,#521,#2851,.T.);
#2851 = LINE('',#2852,#2853);
#2852 = CARTESIAN_POINT('',(841.95,48.156354760499,15.491646819527));
#2853 = VECTOR('',#2854,1.);
#2854 = DIRECTION('',(1.,0.,0.));
#2855 = ORIENTED_EDGE('',*,*,#528,.F.);
#2856 = PLANE('',#2857);
#2857 = AXIS2_PLACEMENT_3D('',#2858,#2859,#2860);
#2858 = CARTESIAN_POINT('',(841.95,49.450449986011,10.662017688082));
#2859 = DIRECTION('',(0.,0.965925826289,0.258819045103));
#2860 = DIRECTION('',(0.,-0.258819045103,0.965925826289));
#2861 = ADVANCED_FACE('',(#2862),#2880,.F.);
#2862 = FACE_BOUND('',#2863,.F.);
#2863 = EDGE_LOOP('',(#2864,#2872,#2878,#2879));
#2864 = ORIENTED_EDGE('',*,*,#2865,.T.);
#2865 = EDGE_CURVE('',#2843,#2866,#2868,.T.);
#2866 = VERTEX_POINT('',#2867);
#2867 = CARTESIAN_POINT('',(842.95,42.601276001905,14.003167952271));
#2868 = LINE('',#2869,#2870);
#2869 = CARTESIAN_POINT('',(842.95,20.044870549134,7.959197327052));
#2870 = VECTOR('',#2871,1.);
#2871 = DIRECTION('',(0.,-0.965925826289,-0.258819045103));
#2872 = ORIENTED_EDGE('',*,*,#2873,.T.);
#2873 = EDGE_CURVE('',#2866,#512,#2874,.T.);
#2874 = LINE('',#2875,#2876);
#2875 = CARTESIAN_POINT('',(841.95,42.601276001905,14.003167952271));
#2876 = VECTOR('',#2877,1.);
#2877 = DIRECTION('',(1.,0.,0.));
#2878 = ORIENTED_EDGE('',*,*,#520,.F.);
#2879 = ORIENTED_EDGE('',*,*,#2850,.F.);
#2880 = PLANE('',#2881);
#2881 = AXIS2_PLACEMENT_3D('',#2882,#2883,#2884);
#2882 = CARTESIAN_POINT('',(841.95,40.736788711025,13.503580088382));
#2883 = DIRECTION('',(0.,-0.258819045103,0.965925826289));
#2884 = DIRECTION('',(0.,0.965925826289,0.258819045103));
#2885 = ADVANCED_FACE('',(#2886),#2905,.F.);
#2886 = FACE_BOUND('',#2887,.F.);
#2887 = EDGE_LOOP('',(#2888,#2897,#2903,#2904));
#2888 = ORIENTED_EDGE('',*,*,#2889,.T.);
#2889 = EDGE_CURVE('',#2866,#2890,#2892,.T.);
#2890 = VERTEX_POINT('',#2891);
#2891 = CARTESIAN_POINT('',(842.95,40.025386165292,20.221916131002));
#2892 = CIRCLE('',#2893,44.8437);
#2893 = AXIS2_PLACEMENT_3D('',#2894,#2895,#2896);
#2894 = CARTESIAN_POINT('',(842.95,9.359E-14,0.));
#2895 = DIRECTION('',(1.,1.1E-16,-0.));
#2896 = DIRECTION('',(0.,0.,1.));
#2897 = ORIENTED_EDGE('',*,*,#2898,.T.);
#2898 = EDGE_CURVE('',#2890,#504,#2899,.T.);
#2899 = LINE('',#2900,#2901);
#2900 = CARTESIAN_POINT('',(841.95,40.025386165292,20.221916131002));
#2901 = VECTOR('',#2902,1.);
#2902 = DIRECTION('',(1.,0.,0.));
#2903 = ORIENTED_EDGE('',*,*,#511,.F.);
#2904 = ORIENTED_EDGE('',*,*,#2873,.F.);
#2905 = CYLINDRICAL_SURFACE('',#2906,44.8437);
#2906 = AXIS2_PLACEMENT_3D('',#2907,#2908,#2909);
#2907 = CARTESIAN_POINT('',(841.95,0.,0.));
#2908 = DIRECTION('',(1.,0.,0.));
#2909 = DIRECTION('',(0.,0.,1.));
#2910 = ADVANCED_FACE('',(#2911),#2929,.T.);
#2911 = FACE_BOUND('',#2912,.T.);
#2912 = EDGE_LOOP('',(#2913,#2921,#2922,#2923));
#2913 = ORIENTED_EDGE('',*,*,#2914,.T.);
#2914 = EDGE_CURVE('',#2915,#2890,#2917,.T.);
#2915 = VERTEX_POINT('',#2916);
#2916 = CARTESIAN_POINT('',(842.95,45.005933526209,23.097436490539));
#2917 = LINE('',#2918,#2919);
#2918 = CARTESIAN_POINT('',(842.95,19.80186629606,8.545861490539));
#2919 = VECTOR('',#2920,1.);
#2920 = DIRECTION('',(0.,-0.866025403784,-0.5));
#2921 = ORIENTED_EDGE('',*,*,#2898,.T.);
#2922 = ORIENTED_EDGE('',*,*,#503,.F.);
#2923 = ORIENTED_EDGE('',*,*,#2924,.F.);
#2924 = EDGE_CURVE('',#2915,#496,#2925,.T.);
#2925 = LINE('',#2926,#2927);
#2926 = CARTESIAN_POINT('',(841.95,45.005933526209,23.097436490539));
#2927 = VECTOR('',#2928,1.);
#2928 = DIRECTION('',(1.,0.,0.));
#2929 = PLANE('',#2930);
#2930 = AXIS2_PLACEMENT_3D('',#2931,#2932,#2933);
#2931 = CARTESIAN_POINT('',(841.95,38.353732592119,19.256786490539));
#2932 = DIRECTION('',(0.,-0.5,0.866025403784));
#2933 = DIRECTION('',(0.,0.866025403784,0.5));
#2934 = ADVANCED_FACE('',(#2935),#2953,.F.);
#2935 = FACE_BOUND('',#2936,.F.);
#2936 = EDGE_LOOP('',(#2937,#2938,#2946,#2952));
#2937 = ORIENTED_EDGE('',*,*,#2924,.F.);
#2938 = ORIENTED_EDGE('',*,*,#2939,.T.);
#2939 = EDGE_CURVE('',#2915,#2940,#2942,.T.);
#2940 = VERTEX_POINT('',#2941);
#2941 = CARTESIAN_POINT('',(842.95,42.505933526209,27.427563509461));
#2942 = LINE('',#2943,#2944);
#2943 = CARTESIAN_POINT('',(842.95,44.380933526209,24.179968245269));
#2944 = VECTOR('',#2945,1.);
#2945 = DIRECTION('',(0.,-0.5,0.866025403784));
#2946 = ORIENTED_EDGE('',*,*,#2947,.T.);
#2947 = EDGE_CURVE('',#2940,#488,#2948,.T.);
#2948 = LINE('',#2949,#2950);
#2949 = CARTESIAN_POINT('',(841.95,42.505933526209,27.427563509461));
#2950 = VECTOR('',#2951,1.);
#2951 = DIRECTION('',(1.,0.,0.));
#2952 = ORIENTED_EDGE('',*,*,#495,.F.);
#2953 = PLANE('',#2954);
#2954 = AXIS2_PLACEMENT_3D('',#2955,#2956,#2957);
#2955 = CARTESIAN_POINT('',(841.95,45.005933526209,23.097436490539));
#2956 = DIRECTION('',(0.,0.866025403784,0.5));
#2957 = DIRECTION('',(0.,-0.5,0.866025403784));
#2958 = ADVANCED_FACE('',(#2959),#2977,.F.);
#2959 = FACE_BOUND('',#2960,.F.);
#2960 = EDGE_LOOP('',(#2961,#2969,#2975,#2976));
#2961 = ORIENTED_EDGE('',*,*,#2962,.T.);
#2962 = EDGE_CURVE('',#2940,#2963,#2965,.T.);
#2963 = VERTEX_POINT('',#2964);
#2964 = CARTESIAN_POINT('',(842.95,37.525386165292,24.552043149924));
#2965 = LINE('',#2966,#2967);
#2966 = CARTESIAN_POINT('',(842.95,17.30186629606,12.875988509461));
#2967 = VECTOR('',#2968,1.);
#2968 = DIRECTION('',(0.,-0.866025403784,-0.5));
#2969 = ORIENTED_EDGE('',*,*,#2970,.T.);
#2970 = EDGE_CURVE('',#2963,#479,#2971,.T.);
#2971 = LINE('',#2972,#2973);
#2972 = CARTESIAN_POINT('',(841.95,37.525386165292,24.552043149924));
#2973 = VECTOR('',#2974,1.);
#2974 = DIRECTION('',(1.,0.,0.));
#2975 = ORIENTED_EDGE('',*,*,#487,.F.);
#2976 = ORIENTED_EDGE('',*,*,#2947,.F.);
#2977 = PLANE('',#2978);
#2978 = AXIS2_PLACEMENT_3D('',#2979,#2980,#2981);
#2979 = CARTESIAN_POINT('',(841.95,35.853732592119,23.586913509461));
#2980 = DIRECTION('',(0.,-0.5,0.866025403784));
#2981 = DIRECTION('',(0.,0.866025403784,0.5));
#2982 = ADVANCED_FACE('',(#2983),#3002,.F.);
#2983 = FACE_BOUND('',#2984,.F.);
#2984 = EDGE_LOOP('',(#2985,#2994,#3000,#3001));
#2985 = ORIENTED_EDGE('',*,*,#2986,.T.);
#2986 = EDGE_CURVE('',#2963,#2987,#2989,.T.);
#2987 = VERTEX_POINT('',#2988);
#2988 = CARTESIAN_POINT('',(842.95,33.427737181079,29.892203275147));
#2989 = CIRCLE('',#2990,44.8437);
#2990 = AXIS2_PLACEMENT_3D('',#2991,#2992,#2993);
#2991 = CARTESIAN_POINT('',(842.95,9.359E-14,0.));
#2992 = DIRECTION('',(1.,1.1E-16,-0.));
#2993 = DIRECTION('',(0.,0.,1.));
#2994 = ORIENTED_EDGE('',*,*,#2995,.T.);
#2995 = EDGE_CURVE('',#2987,#471,#2996,.T.);
#2996 = LINE('',#2997,#2998);
#2997 = CARTESIAN_POINT('',(841.95,33.427737181079,29.892203275147));
#2998 = VECTOR('',#2999,1.);
#2999 = DIRECTION('',(1.,0.,0.));
#3000 = ORIENTED_EDGE('',*,*,#478,.F.);
#3001 = ORIENTED_EDGE('',*,*,#2970,.F.);
#3002 = CYLINDRICAL_SURFACE('',#3003,44.8437);
#3003 = AXIS2_PLACEMENT_3D('',#3004,#3005,#3006);
#3004 = CARTESIAN_POINT('',(841.95,0.,0.));
#3005 = DIRECTION('',(1.,0.,0.));
#3006 = DIRECTION('',(0.,0.,1.));
#3007 = ADVANCED_FACE('',(#3008),#3026,.T.);
#3008 = FACE_BOUND('',#3009,.T.);
#3009 = EDGE_LOOP('',(#3010,#3018,#3019,#3020));
#3010 = ORIENTED_EDGE('',*,*,#3011,.T.);
#3011 = EDGE_CURVE('',#3012,#2987,#3014,.T.);
#3012 = VERTEX_POINT('',#3013);
#3013 = CARTESIAN_POINT('',(842.95,37.494337072417,33.958803166484));
#3014 = LINE('',#3015,#3016);
#3015 = CARTESIAN_POINT('',(842.95,16.915302353527,13.379768447595));
#3016 = VECTOR('',#3017,1.);
#3017 = DIRECTION('',(0.,-0.707106781187,-0.707106781187));
#3018 = ORIENTED_EDGE('',*,*,#2995,.T.);
#3019 = ORIENTED_EDGE('',*,*,#470,.F.);
#3020 = ORIENTED_EDGE('',*,*,#3021,.F.);
#3021 = EDGE_CURVE('',#3012,#463,#3022,.T.);
#3022 = LINE('',#3023,#3024);
#3023 = CARTESIAN_POINT('',(841.95,37.494337072417,33.958803166484));
#3024 = VECTOR('',#3025,1.);
#3025 = DIRECTION('',(1.,0.,0.));
#3026 = PLANE('',#3027);
#3027 = AXIS2_PLACEMENT_3D('',#3028,#3029,#3030);
#3028 = CARTESIAN_POINT('',(841.95,32.062837754088,28.527303848156));
#3029 = DIRECTION('',(0.,-0.707106781187,0.707106781187));
#3030 = DIRECTION('',(0.,0.707106781187,0.707106781187));
#3031 = ADVANCED_FACE('',(#3032),#3050,.F.);
#3032 = FACE_BOUND('',#3033,.F.);
#3033 = EDGE_LOOP('',(#3034,#3035,#3043,#3049));
#3034 = ORIENTED_EDGE('',*,*,#3021,.F.);
#3035 = ORIENTED_EDGE('',*,*,#3036,.T.);
#3036 = EDGE_CURVE('',#3012,#3037,#3039,.T.);
#3037 = VERTEX_POINT('',#3038);
#3038 = CARTESIAN_POINT('',(842.95,33.958803166484,37.494337072417));
#3039 = LINE('',#3040,#3041);
#3040 = CARTESIAN_POINT('',(842.95,36.610453595934,34.842686642967));
#3041 = VECTOR('',#3042,1.);
#3042 = DIRECTION('',(0.,-0.707106781187,0.707106781187));
#3043 = ORIENTED_EDGE('',*,*,#3044,.T.);
#3044 = EDGE_CURVE('',#3037,#455,#3045,.T.);
#3045 = LINE('',#3046,#3047);
#3046 = CARTESIAN_POINT('',(841.95,33.958803166484,37.494337072417));
#3047 = VECTOR('',#3048,1.);
#3048 = DIRECTION('',(1.,0.,0.));
#3049 = ORIENTED_EDGE('',*,*,#462,.F.);
#3050 = PLANE('',#3051);
#3051 = AXIS2_PLACEMENT_3D('',#3052,#3053,#3054);
#3052 = CARTESIAN_POINT('',(841.95,37.494337072417,33.958803166484));
#3053 = DIRECTION('',(0.,0.707106781187,0.707106781187));
#3054 = DIRECTION('',(0.,-0.707106781187,0.707106781187));
#3055 = ADVANCED_FACE('',(#3056),#3074,.F.);
#3056 = FACE_BOUND('',#3057,.F.);
#3057 = EDGE_LOOP('',(#3058,#3066,#3072,#3073));
#3058 = ORIENTED_EDGE('',*,*,#3059,.T.);
#3059 = EDGE_CURVE('',#3037,#3060,#3062,.T.);
#3060 = VERTEX_POINT('',#3061);
#3061 = CARTESIAN_POINT('',(842.95,29.892203275147,33.427737181079));
#3062 = LINE('',#3063,#3064);
#3063 = CARTESIAN_POINT('',(842.95,13.379768447595,16.915302353527));
#3064 = VECTOR('',#3065,1.);
#3065 = DIRECTION('',(0.,-0.707106781187,-0.707106781187));
#3066 = ORIENTED_EDGE('',*,*,#3067,.T.);
#3067 = EDGE_CURVE('',#3060,#446,#3068,.T.);
#3068 = LINE('',#3069,#3070);
#3069 = CARTESIAN_POINT('',(841.95,29.892203275147,33.427737181079));
#3070 = VECTOR('',#3071,1.);
#3071 = DIRECTION('',(1.,0.,0.));
#3072 = ORIENTED_EDGE('',*,*,#454,.F.);
#3073 = ORIENTED_EDGE('',*,*,#3044,.F.);
#3074 = PLANE('',#3075);
#3075 = AXIS2_PLACEMENT_3D('',#3076,#3077,#3078);
#3076 = CARTESIAN_POINT('',(841.95,28.527303848156,32.062837754088));
#3077 = DIRECTION('',(0.,-0.707106781187,0.707106781187));
#3078 = DIRECTION('',(0.,0.707106781187,0.707106781187));
#3079 = ADVANCED_FACE('',(#3080),#3099,.F.);
#3080 = FACE_BOUND('',#3081,.F.);
#3081 = EDGE_LOOP('',(#3082,#3091,#3097,#3098));
#3082 = ORIENTED_EDGE('',*,*,#3083,.T.);
#3083 = EDGE_CURVE('',#3060,#3084,#3086,.T.);
#3084 = VERTEX_POINT('',#3085);
#3085 = CARTESIAN_POINT('',(842.95,24.552043149924,37.525386165292));
#3086 = CIRCLE('',#3087,44.8437);
#3087 = AXIS2_PLACEMENT_3D('',#3088,#3089,#3090);
#3088 = CARTESIAN_POINT('',(842.95,9.359E-14,0.));
#3089 = DIRECTION('',(1.,1.1E-16,-0.));
#3090 = DIRECTION('',(0.,0.,1.));
#3091 = ORIENTED_EDGE('',*,*,#3092,.T.);
#3092 = EDGE_CURVE('',#3084,#438,#3093,.T.);
#3093 = LINE('',#3094,#3095);
#3094 = CARTESIAN_POINT('',(841.95,24.552043149924,37.525386165292));
#3095 = VECTOR('',#3096,1.);
#3096 = DIRECTION('',(1.,0.,0.));
#3097 = ORIENTED_EDGE('',*,*,#445,.F.);
#3098 = ORIENTED_EDGE('',*,*,#3067,.F.);
#3099 = CYLINDRICAL_SURFACE('',#3100,44.8437);
#3100 = AXIS2_PLACEMENT_3D('',#3101,#3102,#3103);
#3101 = CARTESIAN_POINT('',(841.95,0.,0.));
#3102 = DIRECTION('',(1.,0.,0.));
#3103 = DIRECTION('',(0.,0.,1.));
#3104 = ADVANCED_FACE('',(#3105),#3123,.T.);
#3105 = FACE_BOUND('',#3106,.T.);
#3106 = EDGE_LOOP('',(#3107,#3115,#3116,#3117));
#3107 = ORIENTED_EDGE('',*,*,#3108,.T.);
#3108 = EDGE_CURVE('',#3109,#3084,#3111,.T.);
#3109 = VERTEX_POINT('',#3110);
#3110 = CARTESIAN_POINT('',(842.95,27.427563509461,42.505933526209));
#3111 = LINE('',#3112,#3113);
#3112 = CARTESIAN_POINT('',(842.95,12.875988509461,17.30186629606));
#3113 = VECTOR('',#3114,1.);
#3114 = DIRECTION('',(0.,-0.5,-0.866025403784));
#3115 = ORIENTED_EDGE('',*,*,#3092,.T.);
#3116 = ORIENTED_EDGE('',*,*,#437,.F.);
#3117 = ORIENTED_EDGE('',*,*,#3118,.F.);
#3118 = EDGE_CURVE('',#3109,#430,#3119,.T.);
#3119 = LINE('',#3120,#3121);
#3120 = CARTESIAN_POINT('',(841.95,27.427563509461,42.505933526209));
#3121 = VECTOR('',#3122,1.);
#3122 = DIRECTION('',(1.,0.,0.));
#3123 = PLANE('',#3124);
#3124 = AXIS2_PLACEMENT_3D('',#3125,#3126,#3127);
#3125 = CARTESIAN_POINT('',(841.95,23.586913509461,35.853732592119));
#3126 = DIRECTION('',(0.,-0.866025403784,0.5));
#3127 = DIRECTION('',(0.,0.5,0.866025403784));
#3128 = ADVANCED_FACE('',(#3129),#3147,.F.);
#3129 = FACE_BOUND('',#3130,.F.);
#3130 = EDGE_LOOP('',(#3131,#3132,#3140,#3146));
#3131 = ORIENTED_EDGE('',*,*,#3118,.F.);
#3132 = ORIENTED_EDGE('',*,*,#3133,.T.);
#3133 = EDGE_CURVE('',#3109,#3134,#3136,.T.);
#3134 = VERTEX_POINT('',#3135);
#3135 = CARTESIAN_POINT('',(842.95,23.097436490539,45.005933526209));
#3136 = LINE('',#3137,#3138);
#3137 = CARTESIAN_POINT('',(842.95,26.345031754731,43.130933526209));
#3138 = VECTOR('',#3139,1.);
#3139 = DIRECTION('',(0.,-0.866025403784,0.5));
#3140 = ORIENTED_EDGE('',*,*,#3141,.T.);
#3141 = EDGE_CURVE('',#3134,#422,#3142,.T.);
#3142 = LINE('',#3143,#3144);
#3143 = CARTESIAN_POINT('',(841.95,23.097436490539,45.005933526209));
#3144 = VECTOR('',#3145,1.);
#3145 = DIRECTION('',(1.,0.,0.));
#3146 = ORIENTED_EDGE('',*,*,#429,.F.);
#3147 = PLANE('',#3148);
#3148 = AXIS2_PLACEMENT_3D('',#3149,#3150,#3151);
#3149 = CARTESIAN_POINT('',(841.95,27.427563509461,42.505933526209));
#3150 = DIRECTION('',(0.,0.5,0.866025403784));
#3151 = DIRECTION('',(0.,-0.866025403784,0.5));
#3152 = ADVANCED_FACE('',(#3153),#3171,.F.);
#3153 = FACE_BOUND('',#3154,.F.);
#3154 = EDGE_LOOP('',(#3155,#3163,#3169,#3170));
#3155 = ORIENTED_EDGE('',*,*,#3156,.T.);
#3156 = EDGE_CURVE('',#3134,#3157,#3159,.T.);
#3157 = VERTEX_POINT('',#3158);
#3158 = CARTESIAN_POINT('',(842.95,20.221916131002,40.025386165292));
#3159 = LINE('',#3160,#3161);
#3160 = CARTESIAN_POINT('',(842.95,8.545861490539,19.80186629606));
#3161 = VECTOR('',#3162,1.);
#3162 = DIRECTION('',(0.,-0.5,-0.866025403784));
#3163 = ORIENTED_EDGE('',*,*,#3164,.T.);
#3164 = EDGE_CURVE('',#3157,#413,#3165,.T.);
#3165 = LINE('',#3166,#3167);
#3166 = CARTESIAN_POINT('',(841.95,20.221916131002,40.025386165292));
#3167 = VECTOR('',#3168,1.);
#3168 = DIRECTION('',(1.,0.,0.));
#3169 = ORIENTED_EDGE('',*,*,#421,.F.);
#3170 = ORIENTED_EDGE('',*,*,#3141,.F.);
#3171 = PLANE('',#3172);
#3172 = AXIS2_PLACEMENT_3D('',#3173,#3174,#3175);
#3173 = CARTESIAN_POINT('',(841.95,19.256786490539,38.353732592119));
#3174 = DIRECTION('',(0.,-0.866025403784,0.5));
#3175 = DIRECTION('',(0.,0.5,0.866025403784));
#3176 = ADVANCED_FACE('',(#3177),#3196,.F.);
#3177 = FACE_BOUND('',#3178,.F.);
#3178 = EDGE_LOOP('',(#3179,#3188,#3194,#3195));
#3179 = ORIENTED_EDGE('',*,*,#3180,.T.);
#3180 = EDGE_CURVE('',#3157,#3181,#3183,.T.);
#3181 = VERTEX_POINT('',#3182);
#3182 = CARTESIAN_POINT('',(842.95,14.003167952271,42.601276001905));
#3183 = CIRCLE('',#3184,44.8437);
#3184 = AXIS2_PLACEMENT_3D('',#3185,#3186,#3187);
#3185 = CARTESIAN_POINT('',(842.95,9.359E-14,0.));
#3186 = DIRECTION('',(1.,1.1E-16,-0.));
#3187 = DIRECTION('',(0.,0.,1.));
#3188 = ORIENTED_EDGE('',*,*,#3189,.T.);
#3189 = EDGE_CURVE('',#3181,#405,#3190,.T.);
#3190 = LINE('',#3191,#3192);
#3191 = CARTESIAN_POINT('',(841.95,14.003167952271,42.601276001905));
#3192 = VECTOR('',#3193,1.);
#3193 = DIRECTION('',(1.,0.,0.));
#3194 = ORIENTED_EDGE('',*,*,#412,.F.);
#3195 = ORIENTED_EDGE('',*,*,#3164,.F.);
#3196 = CYLINDRICAL_SURFACE('',#3197,44.8437);
#3197 = AXIS2_PLACEMENT_3D('',#3198,#3199,#3200);
#3198 = CARTESIAN_POINT('',(841.95,0.,0.));
#3199 = DIRECTION('',(1.,0.,0.));
#3200 = DIRECTION('',(0.,0.,1.));
#3201 = ADVANCED_FACE('',(#3202),#3220,.T.);
#3202 = FACE_BOUND('',#3203,.T.);
#3203 = EDGE_LOOP('',(#3204,#3212,#3213,#3214));
#3204 = ORIENTED_EDGE('',*,*,#3205,.T.);
#3205 = EDGE_CURVE('',#3206,#3181,#3208,.T.);
#3206 = VERTEX_POINT('',#3207);
#3207 = CARTESIAN_POINT('',(842.95,15.491646819528,48.156354760499));
#3208 = LINE('',#3209,#3210);
#3209 = CARTESIAN_POINT('',(842.95,7.959197327052,20.044870549134));
#3210 = VECTOR('',#3211,1.);
#3211 = DIRECTION('',(0.,-0.258819045103,-0.965925826289));
#3212 = ORIENTED_EDGE('',*,*,#3189,.T.);
#3213 = ORIENTED_EDGE('',*,*,#404,.F.);
#3214 = ORIENTED_EDGE('',*,*,#3215,.F.);
#3215 = EDGE_CURVE('',#3206,#397,#3216,.T.);
#3216 = LINE('',#3217,#3218);
#3217 = CARTESIAN_POINT('',(841.95,15.491646819528,48.156354760499));
#3218 = VECTOR('',#3219,1.);
#3219 = DIRECTION('',(1.,0.,0.));
#3220 = PLANE('',#3221);
#3221 = AXIS2_PLACEMENT_3D('',#3222,#3223,#3224);
#3222 = CARTESIAN_POINT('',(841.95,13.503580088382,40.736788711025));
#3223 = DIRECTION('',(0.,-0.965925826289,0.258819045103));
#3224 = DIRECTION('',(0.,0.258819045103,0.965925826289));
#3225 = ADVANCED_FACE('',(#3226),#3244,.F.);
#3226 = FACE_BOUND('',#3227,.F.);
#3227 = EDGE_LOOP('',(#3228,#3229,#3237,#3243));
#3228 = ORIENTED_EDGE('',*,*,#3215,.F.);
#3229 = ORIENTED_EDGE('',*,*,#3230,.T.);
#3230 = EDGE_CURVE('',#3206,#3231,#3233,.T.);
#3231 = VERTEX_POINT('',#3232);
#3232 = CARTESIAN_POINT('',(842.95,10.662017688082,49.450449986011));
#3233 = LINE('',#3234,#3235);
#3234 = CARTESIAN_POINT('',(842.95,14.284239536666,48.479878566877));
#3235 = VECTOR('',#3236,1.);
#3236 = DIRECTION('',(0.,-0.965925826289,0.258819045103));
#3237 = ORIENTED_EDGE('',*,*,#3238,.T.);
#3238 = EDGE_CURVE('',#3231,#389,#3239,.T.);
#3239 = LINE('',#3240,#3241);
#3240 = CARTESIAN_POINT('',(841.95,10.662017688082,49.450449986011));
#3241 = VECTOR('',#3242,1.);
#3242 = DIRECTION('',(1.,0.,0.));
#3243 = ORIENTED_EDGE('',*,*,#396,.F.);
#3244 = PLANE('',#3245);
#3245 = AXIS2_PLACEMENT_3D('',#3246,#3247,#3248);
#3246 = CARTESIAN_POINT('',(841.95,15.491646819528,48.156354760499));
#3247 = DIRECTION('',(0.,0.258819045103,0.965925826289));
#3248 = DIRECTION('',(0.,-0.965925826289,0.258819045103));
#3249 = ADVANCED_FACE('',(#3250),#3268,.F.);
#3250 = FACE_BOUND('',#3251,.F.);
#3251 = EDGE_LOOP('',(#3252,#3260,#3266,#3267));
#3252 = ORIENTED_EDGE('',*,*,#3253,.T.);
#3253 = EDGE_CURVE('',#3231,#3254,#3256,.T.);
#3254 = VERTEX_POINT('',#3255);
#3255 = CARTESIAN_POINT('',(842.95,9.173538820826,43.895371227418));
#3256 = LINE('',#3257,#3258);
#3257 = CARTESIAN_POINT('',(842.95,3.129568195607,21.338965774647));
#3258 = VECTOR('',#3259,1.);
#3259 = DIRECTION('',(0.,-0.258819045103,-0.965925826289));
#3260 = ORIENTED_EDGE('',*,*,#3261,.T.);
#3261 = EDGE_CURVE('',#3254,#380,#3262,.T.);
#3262 = LINE('',#3263,#3264);
#3263 = CARTESIAN_POINT('',(841.95,9.173538820826,43.895371227418));
#3264 = VECTOR('',#3265,1.);
#3265 = DIRECTION('',(1.,0.,0.));
#3266 = ORIENTED_EDGE('',*,*,#388,.F.);
#3267 = ORIENTED_EDGE('',*,*,#3238,.F.);
#3268 = PLANE('',#3269);
#3269 = AXIS2_PLACEMENT_3D('',#3270,#3271,#3272);
#3270 = CARTESIAN_POINT('',(841.95,8.673950956936,42.030883936537));
#3271 = DIRECTION('',(0.,-0.965925826289,0.258819045103));
#3272 = DIRECTION('',(0.,0.258819045103,0.965925826289));
#3273 = ADVANCED_FACE('',(#3274),#3293,.F.);
#3274 = FACE_BOUND('',#3275,.F.);
#3275 = EDGE_LOOP('',(#3276,#3285,#3291,#3292));
#3276 = ORIENTED_EDGE('',*,*,#3277,.T.);
#3277 = EDGE_CURVE('',#3254,#3278,#3280,.T.);
#3278 = VERTEX_POINT('',#3279);
#3279 = CARTESIAN_POINT('',(842.95,2.5,44.773959280926));
#3280 = CIRCLE('',#3281,44.8437);
#3281 = AXIS2_PLACEMENT_3D('',#3282,#3283,#3284);
#3282 = CARTESIAN_POINT('',(842.95,9.359E-14,0.));
#3283 = DIRECTION('',(1.,1.1E-16,-0.));
#3284 = DIRECTION('',(0.,0.,1.));
#3285 = ORIENTED_EDGE('',*,*,#3286,.T.);
#3286 = EDGE_CURVE('',#3278,#372,#3287,.T.);
#3287 = LINE('',#3288,#3289);
#3288 = CARTESIAN_POINT('',(841.95,2.5,44.773959280926));
#3289 = VECTOR('',#3290,1.);
#3290 = DIRECTION('',(1.,0.,0.));
#3291 = ORIENTED_EDGE('',*,*,#379,.F.);
#3292 = ORIENTED_EDGE('',*,*,#3261,.F.);
#3293 = CYLINDRICAL_SURFACE('',#3294,44.8437);
#3294 = AXIS2_PLACEMENT_3D('',#3295,#3296,#3297);
#3295 = CARTESIAN_POINT('',(841.95,0.,0.));
#3296 = DIRECTION('',(1.,0.,0.));
#3297 = DIRECTION('',(0.,0.,1.));
#3298 = ADVANCED_FACE('',(#3299),#3317,.T.);
#3299 = FACE_BOUND('',#3300,.T.);
#3300 = EDGE_LOOP('',(#3301,#3309,#3310,#3311));
#3301 = ORIENTED_EDGE('',*,*,#3302,.T.);
#3302 = EDGE_CURVE('',#3303,#3278,#3305,.T.);
#3303 = VERTEX_POINT('',#3304);
#3304 = CARTESIAN_POINT('',(842.95,2.5,50.525));
#3305 = LINE('',#3306,#3307);
#3306 = CARTESIAN_POINT('',(842.95,2.5,21.42185));
#3307 = VECTOR('',#3308,1.);
#3308 = DIRECTION('',(0.,0.,-1.));
#3309 = ORIENTED_EDGE('',*,*,#3286,.T.);
#3310 = ORIENTED_EDGE('',*,*,#371,.F.);
#3311 = ORIENTED_EDGE('',*,*,#3312,.F.);
#3312 = EDGE_CURVE('',#3303,#364,#3313,.T.);
#3313 = LINE('',#3314,#3315);
#3314 = CARTESIAN_POINT('',(841.95,2.5,50.525));
#3315 = VECTOR('',#3316,1.);
#3316 = DIRECTION('',(1.,0.,0.));
#3317 = PLANE('',#3318);
#3318 = AXIS2_PLACEMENT_3D('',#3319,#3320,#3321);
#3319 = CARTESIAN_POINT('',(841.95,2.5,42.8437));
#3320 = DIRECTION('',(0.,-1.,0.));
#3321 = DIRECTION('',(0.,0.,1.));
#3322 = ADVANCED_FACE('',(#3323),#3341,.F.);
#3323 = FACE_BOUND('',#3324,.F.);
#3324 = EDGE_LOOP('',(#3325,#3326,#3334,#3340));
#3325 = ORIENTED_EDGE('',*,*,#3312,.F.);
#3326 = ORIENTED_EDGE('',*,*,#3327,.T.);
#3327 = EDGE_CURVE('',#3303,#3328,#3330,.T.);
#3328 = VERTEX_POINT('',#3329);
#3329 = CARTESIAN_POINT('',(842.95,-2.5,50.525));
#3330 = LINE('',#3331,#3332);
#3331 = CARTESIAN_POINT('',(842.95,1.25,50.525));
#3332 = VECTOR('',#3333,1.);
#3333 = DIRECTION('',(0.,-1.,0.));
#3334 = ORIENTED_EDGE('',*,*,#3335,.T.);
#3335 = EDGE_CURVE('',#3328,#356,#3336,.T.);
#3336 = LINE('',#3337,#3338);
#3337 = CARTESIAN_POINT('',(841.95,-2.5,50.525));
#3338 = VECTOR('',#3339,1.);
#3339 = DIRECTION('',(1.,0.,0.));
#3340 = ORIENTED_EDGE('',*,*,#363,.F.);
#3341 = PLANE('',#3342);
#3342 = AXIS2_PLACEMENT_3D('',#3343,#3344,#3345);
#3343 = CARTESIAN_POINT('',(841.95,2.5,50.525));
#3344 = DIRECTION('',(0.,0.,1.));
#3345 = DIRECTION('',(0.,-1.,0.));
#3346 = ADVANCED_FACE('',(#3347),#3365,.F.);
#3347 = FACE_BOUND('',#3348,.F.);
#3348 = EDGE_LOOP('',(#3349,#3357,#3363,#3364));
#3349 = ORIENTED_EDGE('',*,*,#3350,.T.);
#3350 = EDGE_CURVE('',#3328,#3351,#3353,.T.);
#3351 = VERTEX_POINT('',#3352);
#3352 = CARTESIAN_POINT('',(842.95,-2.5,44.773959280926));
#3353 = LINE('',#3354,#3355);
#3354 = CARTESIAN_POINT('',(842.95,-2.5,21.42185));
#3355 = VECTOR('',#3356,1.);
#3356 = DIRECTION('',(0.,0.,-1.));
#3357 = ORIENTED_EDGE('',*,*,#3358,.T.);
#3358 = EDGE_CURVE('',#3351,#347,#3359,.T.);
#3359 = LINE('',#3360,#3361);
#3360 = CARTESIAN_POINT('',(841.95,-2.5,44.773959280926));
#3361 = VECTOR('',#3362,1.);
#3362 = DIRECTION('',(1.,0.,0.));
#3363 = ORIENTED_EDGE('',*,*,#355,.F.);
#3364 = ORIENTED_EDGE('',*,*,#3335,.F.);
#3365 = PLANE('',#3366);
#3366 = AXIS2_PLACEMENT_3D('',#3367,#3368,#3369);
#3367 = CARTESIAN_POINT('',(841.95,-2.5,42.8437));
#3368 = DIRECTION('',(0.,-1.,0.));
#3369 = DIRECTION('',(0.,0.,1.));
#3370 = ADVANCED_FACE('',(#3371),#3390,.F.);
#3371 = FACE_BOUND('',#3372,.F.);
#3372 = EDGE_LOOP('',(#3373,#3374,#3375,#3384));
#3373 = ORIENTED_EDGE('',*,*,#346,.F.);
#3374 = ORIENTED_EDGE('',*,*,#3358,.F.);
#3375 = ORIENTED_EDGE('',*,*,#3376,.T.);
#3376 = EDGE_CURVE('',#3351,#3377,#3379,.T.);
#3377 = VERTEX_POINT('',#3378);
#3378 = CARTESIAN_POINT('',(842.95,-9.173538820826,43.895371227418));
#3379 = CIRCLE('',#3380,44.8437);
#3380 = AXIS2_PLACEMENT_3D('',#3381,#3382,#3383);
#3381 = CARTESIAN_POINT('',(842.95,9.359E-14,0.));
#3382 = DIRECTION('',(1.,1.1E-16,-0.));
#3383 = DIRECTION('',(0.,0.,1.));
#3384 = ORIENTED_EDGE('',*,*,#3385,.T.);
#3385 = EDGE_CURVE('',#3377,#339,#3386,.T.);
#3386 = LINE('',#3387,#3388);
#3387 = CARTESIAN_POINT('',(841.95,-9.173538820826,43.895371227418));
#3388 = VECTOR('',#3389,1.);
#3389 = DIRECTION('',(1.,0.,0.));
#3390 = CYLINDRICAL_SURFACE('',#3391,44.8437);
#3391 = AXIS2_PLACEMENT_3D('',#3392,#3393,#3394);
#3392 = CARTESIAN_POINT('',(841.95,0.,0.));
#3393 = DIRECTION('',(1.,0.,0.));
#3394 = DIRECTION('',(0.,0.,1.));
#3395 = ADVANCED_FACE('',(#3396),#3414,.T.);
#3396 = FACE_BOUND('',#3397,.T.);
#3397 = EDGE_LOOP('',(#3398,#3406,#3407,#3408));
#3398 = ORIENTED_EDGE('',*,*,#3399,.T.);
#3399 = EDGE_CURVE('',#3400,#3377,#3402,.T.);
#3400 = VERTEX_POINT('',#3401);
#3401 = CARTESIAN_POINT('',(842.95,-10.66201768808,49.450449986011));
#3402 = LINE('',#3403,#3404);
#3403 = CARTESIAN_POINT('',(842.95,-3.129568195607,21.338965774647));
#3404 = VECTOR('',#3405,1.);
#3405 = DIRECTION('',(0.,0.258819045103,-0.965925826289));
#3406 = ORIENTED_EDGE('',*,*,#3385,.T.);
#3407 = ORIENTED_EDGE('',*,*,#338,.F.);
#3408 = ORIENTED_EDGE('',*,*,#3409,.F.);
#3409 = EDGE_CURVE('',#3400,#331,#3410,.T.);
#3410 = LINE('',#3411,#3412);
#3411 = CARTESIAN_POINT('',(841.95,-10.66201768808,49.450449986011));
#3412 = VECTOR('',#3413,1.);
#3413 = DIRECTION('',(1.,0.,0.));
#3414 = PLANE('',#3415);
#3415 = AXIS2_PLACEMENT_3D('',#3416,#3417,#3418);
#3416 = CARTESIAN_POINT('',(841.95,-8.673950956936,42.030883936537));
#3417 = DIRECTION('',(0.,-0.965925826289,-0.258819045103));
#3418 = DIRECTION('',(0.,-0.258819045103,0.965925826289));
#3419 = ADVANCED_FACE('',(#3420),#3438,.F.);
#3420 = FACE_BOUND('',#3421,.F.);
#3421 = EDGE_LOOP('',(#3422,#3423,#3431,#3437));
#3422 = ORIENTED_EDGE('',*,*,#3409,.F.);
#3423 = ORIENTED_EDGE('',*,*,#3424,.T.);
#3424 = EDGE_CURVE('',#3400,#3425,#3427,.T.);
#3425 = VERTEX_POINT('',#3426);
#3426 = CARTESIAN_POINT('',(842.95,-15.49164681952,48.156354760499));
#3427 = LINE('',#3428,#3429);
#3428 = CARTESIAN_POINT('',(842.95,-11.86942497094,49.126926179633));
#3429 = VECTOR('',#3430,1.);
#3430 = DIRECTION('',(0.,-0.965925826289,-0.258819045103));
#3431 = ORIENTED_EDGE('',*,*,#3432,.T.);
#3432 = EDGE_CURVE('',#3425,#323,#3433,.T.);
#3433 = LINE('',#3434,#3435);
#3434 = CARTESIAN_POINT('',(841.95,-15.49164681952,48.156354760499));
#3435 = VECTOR('',#3436,1.);
#3436 = DIRECTION('',(1.,0.,0.));
#3437 = ORIENTED_EDGE('',*,*,#330,.F.);
#3438 = PLANE('',#3439);
#3439 = AXIS2_PLACEMENT_3D('',#3440,#3441,#3442);
#3440 = CARTESIAN_POINT('',(841.95,-10.66201768808,49.450449986011));
#3441 = DIRECTION('',(0.,-0.258819045103,0.965925826289));
#3442 = DIRECTION('',(0.,-0.965925826289,-0.258819045103));
#3443 = ADVANCED_FACE('',(#3444),#3455,.F.);
#3444 = FACE_BOUND('',#3445,.F.);
#3445 = EDGE_LOOP('',(#3446,#3452,#3453,#3454));
#3446 = ORIENTED_EDGE('',*,*,#3447,.T.);
#3447 = EDGE_CURVE('',#3425,#1138,#3448,.T.);
#3448 = LINE('',#3449,#3450);
#3449 = CARTESIAN_POINT('',(842.95,-7.959197327052,20.044870549134));
#3450 = VECTOR('',#3451,1.);
#3451 = DIRECTION('',(0.,0.258819045103,-0.965925826289));
#3452 = ORIENTED_EDGE('',*,*,#1137,.T.);
#3453 = ORIENTED_EDGE('',*,*,#322,.F.);
#3454 = ORIENTED_EDGE('',*,*,#3432,.F.);
#3455 = PLANE('',#3456);
#3456 = AXIS2_PLACEMENT_3D('',#3457,#3458,#3459);
#3457 = CARTESIAN_POINT('',(841.95,-13.50358008838,40.736788711025));
#3458 = DIRECTION('',(0.,-0.965925826289,-0.258819045103));
#3459 = DIRECTION('',(0.,-0.258819045103,0.965925826289));
#3460 = ADVANCED_FACE('',(#3461,#3464),#3562,.F.);
#3461 = FACE_BOUND('',#3462,.F.);
#3462 = EDGE_LOOP('',(#3463));
#3463 = ORIENTED_EDGE('',*,*,#1120,.T.);
#3464 = FACE_BOUND('',#3465,.F.);
#3465 = EDGE_LOOP('',(#3466,#3467,#3468,#3469,#3470,#3471,#3472,#3473,
    #3474,#3475,#3476,#3477,#3478,#3479,#3480,#3481,#3482,#3483,#3484,
    #3485,#3486,#3487,#3488,#3489,#3490,#3491,#3492,#3493,#3494,#3495,
    #3496,#3497,#3498,#3499,#3500,#3501,#3502,#3503,#3504,#3505,#3506,
    #3507,#3508,#3509,#3510,#3511,#3512,#3513,#3514,#3515,#3516,#3517,
    #3518,#3519,#3520,#3521,#3522,#3523,#3524,#3525,#3526,#3527,#3528,
    #3529,#3530,#3531,#3532,#3533,#3534,#3535,#3536,#3537,#3538,#3539,
    #3540,#3541,#3542,#3543,#3544,#3545,#3546,#3547,#3548,#3549,#3550,
    #3551,#3552,#3553,#3554,#3555,#3556,#3557,#3558,#3559,#3560,#3561));
#3466 = ORIENTED_EDGE('',*,*,#1145,.F.);
#3467 = ORIENTED_EDGE('',*,*,#3447,.F.);
#3468 = ORIENTED_EDGE('',*,*,#3424,.F.);
#3469 = ORIENTED_EDGE('',*,*,#3399,.T.);
#3470 = ORIENTED_EDGE('',*,*,#3376,.F.);
#3471 = ORIENTED_EDGE('',*,*,#3350,.F.);
#3472 = ORIENTED_EDGE('',*,*,#3327,.F.);
#3473 = ORIENTED_EDGE('',*,*,#3302,.T.);
#3474 = ORIENTED_EDGE('',*,*,#3277,.F.);
#3475 = ORIENTED_EDGE('',*,*,#3253,.F.);
#3476 = ORIENTED_EDGE('',*,*,#3230,.F.);
#3477 = ORIENTED_EDGE('',*,*,#3205,.T.);
#3478 = ORIENTED_EDGE('',*,*,#3180,.F.);
#3479 = ORIENTED_EDGE('',*,*,#3156,.F.);
#3480 = ORIENTED_EDGE('',*,*,#3133,.F.);
#3481 = ORIENTED_EDGE('',*,*,#3108,.T.);
#3482 = ORIENTED_EDGE('',*,*,#3083,.F.);
#3483 = ORIENTED_EDGE('',*,*,#3059,.F.);
#3484 = ORIENTED_EDGE('',*,*,#3036,.F.);
#3485 = ORIENTED_EDGE('',*,*,#3011,.T.);
#3486 = ORIENTED_EDGE('',*,*,#2986,.F.);
#3487 = ORIENTED_EDGE('',*,*,#2962,.F.);
#3488 = ORIENTED_EDGE('',*,*,#2939,.F.);
#3489 = ORIENTED_EDGE('',*,*,#2914,.T.);
#3490 = ORIENTED_EDGE('',*,*,#2889,.F.);
#3491 = ORIENTED_EDGE('',*,*,#2865,.F.);
#3492 = ORIENTED_EDGE('',*,*,#2842,.F.);
#3493 = ORIENTED_EDGE('',*,*,#2817,.T.);
#3494 = ORIENTED_EDGE('',*,*,#2792,.F.);
#3495 = ORIENTED_EDGE('',*,*,#2768,.F.);
#3496 = ORIENTED_EDGE('',*,*,#2745,.F.);
#3497 = ORIENTED_EDGE('',*,*,#2720,.T.);
#3498 = ORIENTED_EDGE('',*,*,#2695,.F.);
#3499 = ORIENTED_EDGE('',*,*,#2671,.F.);
#3500 = ORIENTED_EDGE('',*,*,#2648,.F.);
#3501 = ORIENTED_EDGE('',*,*,#2623,.T.);
#3502 = ORIENTED_EDGE('',*,*,#2598,.F.);
#3503 = ORIENTED_EDGE('',*,*,#2574,.F.);
#3504 = ORIENTED_EDGE('',*,*,#2551,.F.);
#3505 = ORIENTED_EDGE('',*,*,#2526,.T.);
#3506 = ORIENTED_EDGE('',*,*,#2501,.F.);
#3507 = ORIENTED_EDGE('',*,*,#2477,.F.);
#3508 = ORIENTED_EDGE('',*,*,#2454,.F.);
#3509 = ORIENTED_EDGE('',*,*,#2429,.T.);
#3510 = ORIENTED_EDGE('',*,*,#2404,.F.);
#3511 = ORIENTED_EDGE('',*,*,#2380,.F.);
#3512 = ORIENTED_EDGE('',*,*,#2357,.F.);
#3513 = ORIENTED_EDGE('',*,*,#2332,.T.);
#3514 = ORIENTED_EDGE('',*,*,#2307,.F.);
#3515 = ORIENTED_EDGE('',*,*,#2283,.F.);
#3516 = ORIENTED_EDGE('',*,*,#2260,.F.);
#3517 = ORIENTED_EDGE('',*,*,#2235,.T.);
#3518 = ORIENTED_EDGE('',*,*,#2210,.F.);
#3519 = ORIENTED_EDGE('',*,*,#2186,.F.);
#3520 = ORIENTED_EDGE('',*,*,#2163,.F.);
#3521 = ORIENTED_EDGE('',*,*,#2138,.T.);
#3522 = ORIENTED_EDGE('',*,*,#2115,.F.);
#3523 = ORIENTED_EDGE('',*,*,#2089,.F.);
#3524 = ORIENTED_EDGE('',*,*,#2066,.F.);
#3525 = ORIENTED_EDGE('',*,*,#2041,.T.);
#3526 = ORIENTED_EDGE('',*,*,#2018,.F.);
#3527 = ORIENTED_EDGE('',*,*,#1992,.F.);
#3528 = ORIENTED_EDGE('',*,*,#1969,.F.);
#3529 = ORIENTED_EDGE('',*,*,#1944,.T.);
#3530 = ORIENTED_EDGE('',*,*,#1921,.F.);
#3531 = ORIENTED_EDGE('',*,*,#1895,.F.);
#3532 = ORIENTED_EDGE('',*,*,#1872,.F.);
#3533 = ORIENTED_EDGE('',*,*,#1847,.T.);
#3534 = ORIENTED_EDGE('',*,*,#1824,.F.);
#3535 = ORIENTED_EDGE('',*,*,#1798,.F.);
#3536 = ORIENTED_EDGE('',*,*,#1775,.F.);
#3537 = ORIENTED_EDGE('',*,*,#1750,.T.);
#3538 = ORIENTED_EDGE('',*,*,#1727,.F.);
#3539 = ORIENTED_EDGE('',*,*,#1701,.F.);
#3540 = ORIENTED_EDGE('',*,*,#1678,.F.);
#3541 = ORIENTED_EDGE('',*,*,#1653,.T.);
#3542 = ORIENTED_EDGE('',*,*,#1630,.F.);
#3543 = ORIENTED_EDGE('',*,*,#1604,.F.);
#3544 = ORIENTED_EDGE('',*,*,#1581,.F.);
#3545 = ORIENTED_EDGE('',*,*,#1556,.T.);
#3546 = ORIENTED_EDGE('',*,*,#1533,.F.);
#3547 = ORIENTED_EDGE('',*,*,#1507,.F.);
#3548 = ORIENTED_EDGE('',*,*,#1484,.F.);
#3549 = ORIENTED_EDGE('',*,*,#1459,.T.);
#3550 = ORIENTED_EDGE('',*,*,#1436,.F.);
#3551 = ORIENTED_EDGE('',*,*,#1410,.F.);
#3552 = ORIENTED_EDGE('',*,*,#1387,.F.);
#3553 = ORIENTED_EDGE('',*,*,#1362,.T.);
#3554 = ORIENTED_EDGE('',*,*,#1339,.F.);
#3555 = ORIENTED_EDGE('',*,*,#1313,.F.);
#3556 = ORIENTED_EDGE('',*,*,#1290,.F.);
#3557 = ORIENTED_EDGE('',*,*,#1265,.T.);
#3558 = ORIENTED_EDGE('',*,*,#1242,.F.);
#3559 = ORIENTED_EDGE('',*,*,#1216,.F.);
#3560 = ORIENTED_EDGE('',*,*,#1193,.F.);
#3561 = ORIENTED_EDGE('',*,*,#1168,.T.);
#3562 = PLANE('',#3563);
#3563 = AXIS2_PLACEMENT_3D('',#3564,#3565,#3566);
#3564 = CARTESIAN_POINT('',(842.95,0.,0.));
#3565 = DIRECTION('',(1.,0.,0.));
#3566 = DIRECTION('',(0.,0.,1.));
#3567 = MANIFOLD_SOLID_BREP('',#3568);
#3568 = CLOSED_SHELL('',(#3569,#3597,#3623,#3648,#3673,#3816,#3959,#3981
    ,#3998,#4015,#4032,#4049,#4066,#4083,#4100,#4117,#4134,#4151,#4168,
    #4185,#4202,#4219));
#3569 = ADVANCED_FACE('',(#3570,#3581),#3592,.F.);
#3570 = FACE_BOUND('',#3571,.F.);
#3571 = EDGE_LOOP('',(#3572));
#3572 = ORIENTED_EDGE('',*,*,#3573,.F.);
#3573 = EDGE_CURVE('',#3574,#3574,#3576,.T.);
#3574 = VERTEX_POINT('',#3575);
#3575 = CARTESIAN_POINT('',(975.95,0.,105.));
#3576 = CIRCLE('',#3577,105.);
#3577 = AXIS2_PLACEMENT_3D('',#3578,#3579,#3580);
#3578 = CARTESIAN_POINT('',(975.95,0.,0.));
#3579 = DIRECTION('',(1.,0.,-0.));
#3580 = DIRECTION('',(0.,0.,1.));
#3581 = FACE_BOUND('',#3582,.F.);
#3582 = EDGE_LOOP('',(#3583));
#3583 = ORIENTED_EDGE('',*,*,#3584,.T.);
#3584 = EDGE_CURVE('',#3585,#3585,#3587,.T.);
#3585 = VERTEX_POINT('',#3586);
#3586 = CARTESIAN_POINT('',(975.95,2.7E-14,111.));
#3587 = CIRCLE('',#3588,111.);
#3588 = AXIS2_PLACEMENT_3D('',#3589,#3590,#3591);
#3589 = CARTESIAN_POINT('',(975.95,0.,0.));
#3590 = DIRECTION('',(1.,0.,-0.));
#3591 = DIRECTION('',(0.,0.,1.));
#3592 = PLANE('',#3593);
#3593 = AXIS2_PLACEMENT_3D('',#3594,#3595,#3596);
#3594 = CARTESIAN_POINT('',(975.95,0.,0.));
#3595 = DIRECTION('',(1.,0.,0.));
#3596 = DIRECTION('',(0.,0.,1.));
#3597 = ADVANCED_FACE('',(#3598),#3618,.F.);
#3598 = FACE_BOUND('',#3599,.F.);
#3599 = EDGE_LOOP('',(#3600,#3609,#3610,#3611));
#3600 = ORIENTED_EDGE('',*,*,#3601,.F.);
#3601 = EDGE_CURVE('',#3574,#3602,#3604,.T.);
#3602 = VERTEX_POINT('',#3603);
#3603 = CARTESIAN_POINT('',(973.95,0.,103.));
#3604 = CIRCLE('',#3605,2.);
#3605 = AXIS2_PLACEMENT_3D('',#3606,#3607,#3608);
#3606 = CARTESIAN_POINT('',(973.95,0.,105.));
#3607 = DIRECTION('',(0.,1.,0.));
#3608 = DIRECTION('',(0.,0.,1.));
#3609 = ORIENTED_EDGE('',*,*,#3573,.T.);
#3610 = ORIENTED_EDGE('',*,*,#3601,.T.);
#3611 = ORIENTED_EDGE('',*,*,#3612,.F.);
#3612 = EDGE_CURVE('',#3602,#3602,#3613,.T.);
#3613 = CIRCLE('',#3614,103.);
#3614 = AXIS2_PLACEMENT_3D('',#3615,#3616,#3617);
#3615 = CARTESIAN_POINT('',(973.95,0.,0.));
#3616 = DIRECTION('',(1.,0.,-0.));
#3617 = DIRECTION('',(0.,0.,1.));
#3618 = TOROIDAL_SURFACE('',#3619,105.,2.);
#3619 = AXIS2_PLACEMENT_3D('',#3620,#3621,#3622);
#3620 = CARTESIAN_POINT('',(973.95,0.,0.));
#3621 = DIRECTION('',(1.,0.,0.));
#3622 = DIRECTION('',(0.,0.,1.));
#3623 = ADVANCED_FACE('',(#3624),#3643,.T.);
#3624 = FACE_BOUND('',#3625,.T.);
#3625 = EDGE_LOOP('',(#3626,#3635,#3641,#3642));
#3626 = ORIENTED_EDGE('',*,*,#3627,.F.);
#3627 = EDGE_CURVE('',#3628,#3628,#3630,.T.);
#3628 = VERTEX_POINT('',#3629);
#3629 = CARTESIAN_POINT('',(980.95,2.7E-14,111.));
#3630 = CIRCLE('',#3631,111.);
#3631 = AXIS2_PLACEMENT_3D('',#3632,#3633,#3634);
#3632 = CARTESIAN_POINT('',(980.95,0.,0.));
#3633 = DIRECTION('',(1.,0.,-0.));
#3634 = DIRECTION('',(0.,0.,1.));
#3635 = ORIENTED_EDGE('',*,*,#3636,.F.);
#3636 = EDGE_CURVE('',#3585,#3628,#3637,.T.);
#3637 = LINE('',#3638,#3639);
#3638 = CARTESIAN_POINT('',(975.95,2.719E-14,111.));
#3639 = VECTOR('',#3640,1.);
#3640 = DIRECTION('',(1.,0.,0.));
#3641 = ORIENTED_EDGE('',*,*,#3584,.T.);
#3642 = ORIENTED_EDGE('',*,*,#3636,.T.);
#3643 = CYLINDRICAL_SURFACE('',#3644,111.);
#3644 = AXIS2_PLACEMENT_3D('',#3645,#3646,#3647);
#3645 = CARTESIAN_POINT('',(975.95,0.,0.));
#3646 = DIRECTION('',(1.,0.,0.));
#3647 = DIRECTION('',(0.,0.,1.));
#3648 = ADVANCED_FACE('',(#3649),#3668,.T.);
#3649 = FACE_BOUND('',#3650,.T.);
#3650 = EDGE_LOOP('',(#3651,#3659,#3660,#3661));
#3651 = ORIENTED_EDGE('',*,*,#3652,.T.);
#3652 = EDGE_CURVE('',#3653,#3602,#3655,.T.);
#3653 = VERTEX_POINT('',#3654);
#3654 = CARTESIAN_POINT('',(865.95,2.5E-14,103.));
#3655 = LINE('',#3656,#3657);
#3656 = CARTESIAN_POINT('',(865.95,2.523E-14,103.));
#3657 = VECTOR('',#3658,1.);
#3658 = DIRECTION('',(1.,0.,0.));
#3659 = ORIENTED_EDGE('',*,*,#3612,.F.);
#3660 = ORIENTED_EDGE('',*,*,#3652,.F.);
#3661 = ORIENTED_EDGE('',*,*,#3662,.T.);
#3662 = EDGE_CURVE('',#3653,#3653,#3663,.T.);
#3663 = CIRCLE('',#3664,103.);
#3664 = AXIS2_PLACEMENT_3D('',#3665,#3666,#3667);
#3665 = CARTESIAN_POINT('',(865.95,0.,0.));
#3666 = DIRECTION('',(1.,0.,-0.));
#3667 = DIRECTION('',(0.,0.,1.));
#3668 = CYLINDRICAL_SURFACE('',#3669,103.);
#3669 = AXIS2_PLACEMENT_3D('',#3670,#3671,#3672);
#3670 = CARTESIAN_POINT('',(865.95,0.,0.));
#3671 = DIRECTION('',(1.,0.,0.));
#3672 = DIRECTION('',(0.,0.,1.));
#3673 = ADVANCED_FACE('',(#3674,#3677),#3811,.T.);
#3674 = FACE_BOUND('',#3675,.T.);
#3675 = EDGE_LOOP('',(#3676));
#3676 = ORIENTED_EDGE('',*,*,#3627,.T.);
#3677 = FACE_BOUND('',#3678,.T.);
#3678 = EDGE_LOOP('',(#3679,#3690,#3698,#3706,#3714,#3723,#3731,#3739,
    #3747,#3756,#3764,#3772,#3780,#3789,#3797,#3805));
#3679 = ORIENTED_EDGE('',*,*,#3680,.F.);
#3680 = EDGE_CURVE('',#3681,#3683,#3685,.T.);
#3681 = VERTEX_POINT('',#3682);
#3682 = CARTESIAN_POINT('',(980.95,-4.8625,88.015786048583));
#3683 = VERTEX_POINT('',#3684);
#3684 = CARTESIAN_POINT('',(980.95,-88.01578604858,4.8625));
#3685 = CIRCLE('',#3686,88.15);
#3686 = AXIS2_PLACEMENT_3D('',#3687,#3688,#3689);
#3687 = CARTESIAN_POINT('',(980.95,0.,0.));
#3688 = DIRECTION('',(1.,0.,-0.));
#3689 = DIRECTION('',(0.,0.,1.));
#3690 = ORIENTED_EDGE('',*,*,#3691,.F.);
#3691 = EDGE_CURVE('',#3692,#3681,#3694,.T.);
#3692 = VERTEX_POINT('',#3693);
#3693 = CARTESIAN_POINT('',(980.95,-4.8625,97.625));
#3694 = LINE('',#3695,#3696);
#3695 = CARTESIAN_POINT('',(980.95,-4.8625,5.4E-16));
#3696 = VECTOR('',#3697,1.);
#3697 = DIRECTION('',(0.,-1.1E-16,-1.));
#3698 = ORIENTED_EDGE('',*,*,#3699,.F.);
#3699 = EDGE_CURVE('',#3700,#3692,#3702,.T.);
#3700 = VERTEX_POINT('',#3701);
#3701 = CARTESIAN_POINT('',(980.95,4.8625,97.625));
#3702 = LINE('',#3703,#3704);
#3703 = CARTESIAN_POINT('',(980.95,2.43125,97.625));
#3704 = VECTOR('',#3705,1.);
#3705 = DIRECTION('',(0.,-1.,1.1E-16));
#3706 = ORIENTED_EDGE('',*,*,#3707,.T.);
#3707 = EDGE_CURVE('',#3700,#3708,#3710,.T.);
#3708 = VERTEX_POINT('',#3709);
#3709 = CARTESIAN_POINT('',(980.95,4.8625,88.015786048583));
#3710 = LINE('',#3711,#3712);
#3711 = CARTESIAN_POINT('',(980.95,4.8625,-5.4E-16));
#3712 = VECTOR('',#3713,1.);
#3713 = DIRECTION('',(0.,-1.1E-16,-1.));
#3714 = ORIENTED_EDGE('',*,*,#3715,.F.);
#3715 = EDGE_CURVE('',#3716,#3708,#3718,.T.);
#3716 = VERTEX_POINT('',#3717);
#3717 = CARTESIAN_POINT('',(980.95,88.015786048583,4.8625));
#3718 = CIRCLE('',#3719,88.15);
#3719 = AXIS2_PLACEMENT_3D('',#3720,#3721,#3722);
#3720 = CARTESIAN_POINT('',(980.95,0.,0.));
#3721 = DIRECTION('',(1.,0.,-0.));
#3722 = DIRECTION('',(0.,0.,1.));
#3723 = ORIENTED_EDGE('',*,*,#3724,.F.);
#3724 = EDGE_CURVE('',#3725,#3716,#3727,.T.);
#3725 = VERTEX_POINT('',#3726);
#3726 = CARTESIAN_POINT('',(980.95,97.625,4.8625));
#3727 = LINE('',#3728,#3729);
#3728 = CARTESIAN_POINT('',(980.95,0.,4.8625));
#3729 = VECTOR('',#3730,1.);
#3730 = DIRECTION('',(0.,-1.,0.));
#3731 = ORIENTED_EDGE('',*,*,#3732,.F.);
#3732 = EDGE_CURVE('',#3733,#3725,#3735,.T.);
#3733 = VERTEX_POINT('',#3734);
#3734 = CARTESIAN_POINT('',(980.95,97.625,-4.8625));
#3735 = LINE('',#3736,#3737);
#3736 = CARTESIAN_POINT('',(980.95,97.625,-2.43125));
#3737 = VECTOR('',#3738,1.);
#3738 = DIRECTION('',(0.,0.,1.));
#3739 = ORIENTED_EDGE('',*,*,#3740,.T.);
#3740 = EDGE_CURVE('',#3733,#3741,#3743,.T.);
#3741 = VERTEX_POINT('',#3742);
#3742 = CARTESIAN_POINT('',(980.95,88.015786048583,-4.8625));
#3743 = LINE('',#3744,#3745);
#3744 = CARTESIAN_POINT('',(980.95,0.,-4.8625));
#3745 = VECTOR('',#3746,1.);
#3746 = DIRECTION('',(0.,-1.,0.));
#3747 = ORIENTED_EDGE('',*,*,#3748,.F.);
#3748 = EDGE_CURVE('',#3749,#3741,#3751,.T.);
#3749 = VERTEX_POINT('',#3750);
#3750 = CARTESIAN_POINT('',(980.95,4.8625,-88.01578604858));
#3751 = CIRCLE('',#3752,88.15);
#3752 = AXIS2_PLACEMENT_3D('',#3753,#3754,#3755);
#3753 = CARTESIAN_POINT('',(980.95,0.,0.));
#3754 = DIRECTION('',(1.,0.,-0.));
#3755 = DIRECTION('',(0.,0.,1.));
#3756 = ORIENTED_EDGE('',*,*,#3757,.F.);
#3757 = EDGE_CURVE('',#3758,#3749,#3760,.T.);
#3758 = VERTEX_POINT('',#3759);
#3759 = CARTESIAN_POINT('',(980.95,4.8625,-97.625));
#3760 = LINE('',#3761,#3762);
#3761 = CARTESIAN_POINT('',(980.95,4.8625,-1.08E-15));
#3762 = VECTOR('',#3763,1.);
#3763 = DIRECTION('',(0.,2.2E-16,1.));
#3764 = ORIENTED_EDGE('',*,*,#3765,.F.);
#3765 = EDGE_CURVE('',#3766,#3758,#3768,.T.);
#3766 = VERTEX_POINT('',#3767);
#3767 = CARTESIAN_POINT('',(980.95,-4.8625,-97.625));
#3768 = LINE('',#3769,#3770);
#3769 = CARTESIAN_POINT('',(980.95,-2.43125,-97.625));
#3770 = VECTOR('',#3771,1.);
#3771 = DIRECTION('',(0.,1.,-2.2E-16));
#3772 = ORIENTED_EDGE('',*,*,#3773,.T.);
#3773 = EDGE_CURVE('',#3766,#3774,#3776,.T.);
#3774 = VERTEX_POINT('',#3775);
#3775 = CARTESIAN_POINT('',(980.95,-4.8625,-88.01578604858));
#3776 = LINE('',#3777,#3778);
#3777 = CARTESIAN_POINT('',(980.95,-4.8625,1.08E-15));
#3778 = VECTOR('',#3779,1.);
#3779 = DIRECTION('',(0.,2.2E-16,1.));
#3780 = ORIENTED_EDGE('',*,*,#3781,.F.);
#3781 = EDGE_CURVE('',#3782,#3774,#3784,.T.);
#3782 = VERTEX_POINT('',#3783);
#3783 = CARTESIAN_POINT('',(980.95,-88.01578604858,-4.8625));
#3784 = CIRCLE('',#3785,88.15);
#3785 = AXIS2_PLACEMENT_3D('',#3786,#3787,#3788);
#3786 = CARTESIAN_POINT('',(980.95,0.,0.));
#3787 = DIRECTION('',(1.,0.,-0.));
#3788 = DIRECTION('',(0.,0.,1.));
#3789 = ORIENTED_EDGE('',*,*,#3790,.F.);
#3790 = EDGE_CURVE('',#3791,#3782,#3793,.T.);
#3791 = VERTEX_POINT('',#3792);
#3792 = CARTESIAN_POINT('',(980.95,-97.625,-4.8625));
#3793 = LINE('',#3794,#3795);
#3794 = CARTESIAN_POINT('',(980.95,-6.E-16,-4.8625));
#3795 = VECTOR('',#3796,1.);
#3796 = DIRECTION('',(0.,1.,-1.2E-16));
#3797 = ORIENTED_EDGE('',*,*,#3798,.F.);
#3798 = EDGE_CURVE('',#3799,#3791,#3801,.T.);
#3799 = VERTEX_POINT('',#3800);
#3800 = CARTESIAN_POINT('',(980.95,-97.625,4.8625));
#3801 = LINE('',#3802,#3803);
#3802 = CARTESIAN_POINT('',(980.95,-97.625,2.43125));
#3803 = VECTOR('',#3804,1.);
#3804 = DIRECTION('',(0.,-1.2E-16,-1.));
#3805 = ORIENTED_EDGE('',*,*,#3806,.T.);
#3806 = EDGE_CURVE('',#3799,#3683,#3807,.T.);
#3807 = LINE('',#3808,#3809);
#3808 = CARTESIAN_POINT('',(980.95,6.E-16,4.8625));
#3809 = VECTOR('',#3810,1.);
#3810 = DIRECTION('',(0.,1.,-1.2E-16));
#3811 = PLANE('',#3812);
#3812 = AXIS2_PLACEMENT_3D('',#3813,#3814,#3815);
#3813 = CARTESIAN_POINT('',(980.95,0.,0.));
#3814 = DIRECTION('',(1.,0.,0.));
#3815 = DIRECTION('',(0.,0.,1.));
#3816 = ADVANCED_FACE('',(#3817,#3820),#3954,.F.);
#3817 = FACE_BOUND('',#3818,.F.);
#3818 = EDGE_LOOP('',(#3819));
#3819 = ORIENTED_EDGE('',*,*,#3662,.T.);
#3820 = FACE_BOUND('',#3821,.F.);
#3821 = EDGE_LOOP('',(#3822,#3833,#3841,#3849,#3857,#3866,#3874,#3882,
    #3890,#3899,#3907,#3915,#3923,#3932,#3940,#3948));
#3822 = ORIENTED_EDGE('',*,*,#3823,.F.);
#3823 = EDGE_CURVE('',#3824,#3826,#3828,.T.);
#3824 = VERTEX_POINT('',#3825);
#3825 = CARTESIAN_POINT('',(865.95,-4.8625,88.015786048583));
#3826 = VERTEX_POINT('',#3827);
#3827 = CARTESIAN_POINT('',(865.95,-88.01578604858,4.8625));
#3828 = CIRCLE('',#3829,88.15);
#3829 = AXIS2_PLACEMENT_3D('',#3830,#3831,#3832);
#3830 = CARTESIAN_POINT('',(865.95,0.,0.));
#3831 = DIRECTION('',(1.,0.,-0.));
#3832 = DIRECTION('',(0.,0.,1.));
#3833 = ORIENTED_EDGE('',*,*,#3834,.F.);
#3834 = EDGE_CURVE('',#3835,#3824,#3837,.T.);
#3835 = VERTEX_POINT('',#3836);
#3836 = CARTESIAN_POINT('',(865.95,-4.8625,97.625));
#3837 = LINE('',#3838,#3839);
#3838 = CARTESIAN_POINT('',(865.95,-4.8625,5.4E-16));
#3839 = VECTOR('',#3840,1.);
#3840 = DIRECTION('',(0.,-1.1E-16,-1.));
#3841 = ORIENTED_EDGE('',*,*,#3842,.F.);
#3842 = EDGE_CURVE('',#3843,#3835,#3845,.T.);
#3843 = VERTEX_POINT('',#3844);
#3844 = CARTESIAN_POINT('',(865.95,4.8625,97.625));
#3845 = LINE('',#3846,#3847);
#3846 = CARTESIAN_POINT('',(865.95,2.43125,97.625));
#3847 = VECTOR('',#3848,1.);
#3848 = DIRECTION('',(0.,-1.,1.1E-16));
#3849 = ORIENTED_EDGE('',*,*,#3850,.T.);
#3850 = EDGE_CURVE('',#3843,#3851,#3853,.T.);
#3851 = VERTEX_POINT('',#3852);
#3852 = CARTESIAN_POINT('',(865.95,4.8625,88.015786048583));
#3853 = LINE('',#3854,#3855);
#3854 = CARTESIAN_POINT('',(865.95,4.8625,-5.4E-16));
#3855 = VECTOR('',#3856,1.);
#3856 = DIRECTION('',(0.,-1.1E-16,-1.));
#3857 = ORIENTED_EDGE('',*,*,#3858,.F.);
#3858 = EDGE_CURVE('',#3859,#3851,#3861,.T.);
#3859 = VERTEX_POINT('',#3860);
#3860 = CARTESIAN_POINT('',(865.95,88.015786048583,4.8625));
#3861 = CIRCLE('',#3862,88.15);
#3862 = AXIS2_PLACEMENT_3D('',#3863,#3864,#3865);
#3863 = CARTESIAN_POINT('',(865.95,0.,0.));
#3864 = DIRECTION('',(1.,0.,-0.));
#3865 = DIRECTION('',(0.,0.,1.));
#3866 = ORIENTED_EDGE('',*,*,#3867,.F.);
#3867 = EDGE_CURVE('',#3868,#3859,#3870,.T.);
#3868 = VERTEX_POINT('',#3869);
#3869 = CARTESIAN_POINT('',(865.95,97.625,4.8625));
#3870 = LINE('',#3871,#3872);
#3871 = CARTESIAN_POINT('',(865.95,0.,4.8625));
#3872 = VECTOR('',#3873,1.);
#3873 = DIRECTION('',(0.,-1.,0.));
#3874 = ORIENTED_EDGE('',*,*,#3875,.F.);
#3875 = EDGE_CURVE('',#3876,#3868,#3878,.T.);
#3876 = VERTEX_POINT('',#3877);
#3877 = CARTESIAN_POINT('',(865.95,97.625,-4.8625));
#3878 = LINE('',#3879,#3880);
#3879 = CARTESIAN_POINT('',(865.95,97.625,-2.43125));
#3880 = VECTOR('',#3881,1.);
#3881 = DIRECTION('',(0.,0.,1.));
#3882 = ORIENTED_EDGE('',*,*,#3883,.T.);
#3883 = EDGE_CURVE('',#3876,#3884,#3886,.T.);
#3884 = VERTEX_POINT('',#3885);
#3885 = CARTESIAN_POINT('',(865.95,88.015786048583,-4.8625));
#3886 = LINE('',#3887,#3888);
#3887 = CARTESIAN_POINT('',(865.95,0.,-4.8625));
#3888 = VECTOR('',#3889,1.);
#3889 = DIRECTION('',(0.,-1.,0.));
#3890 = ORIENTED_EDGE('',*,*,#3891,.F.);
#3891 = EDGE_CURVE('',#3892,#3884,#3894,.T.);
#3892 = VERTEX_POINT('',#3893);
#3893 = CARTESIAN_POINT('',(865.95,4.8625,-88.01578604858));
#3894 = CIRCLE('',#3895,88.15);
#3895 = AXIS2_PLACEMENT_3D('',#3896,#3897,#3898);
#3896 = CARTESIAN_POINT('',(865.95,0.,0.));
#3897 = DIRECTION('',(1.,0.,-0.));
#3898 = DIRECTION('',(0.,0.,1.));
#3899 = ORIENTED_EDGE('',*,*,#3900,.F.);
#3900 = EDGE_CURVE('',#3901,#3892,#3903,.T.);
#3901 = VERTEX_POINT('',#3902);
#3902 = CARTESIAN_POINT('',(865.95,4.8625,-97.625));
#3903 = LINE('',#3904,#3905);
#3904 = CARTESIAN_POINT('',(865.95,4.8625,-1.08E-15));
#3905 = VECTOR('',#3906,1.);
#3906 = DIRECTION('',(0.,2.2E-16,1.));
#3907 = ORIENTED_EDGE('',*,*,#3908,.F.);
#3908 = EDGE_CURVE('',#3909,#3901,#3911,.T.);
#3909 = VERTEX_POINT('',#3910);
#3910 = CARTESIAN_POINT('',(865.95,-4.8625,-97.625));
#3911 = LINE('',#3912,#3913);
#3912 = CARTESIAN_POINT('',(865.95,-2.43125,-97.625));
#3913 = VECTOR('',#3914,1.);
#3914 = DIRECTION('',(0.,1.,-2.2E-16));
#3915 = ORIENTED_EDGE('',*,*,#3916,.T.);
#3916 = EDGE_CURVE('',#3909,#3917,#3919,.T.);
#3917 = VERTEX_POINT('',#3918);
#3918 = CARTESIAN_POINT('',(865.95,-4.8625,-88.01578604858));
#3919 = LINE('',#3920,#3921);
#3920 = CARTESIAN_POINT('',(865.95,-4.8625,1.08E-15));
#3921 = VECTOR('',#3922,1.);
#3922 = DIRECTION('',(0.,2.2E-16,1.));
#3923 = ORIENTED_EDGE('',*,*,#3924,.F.);
#3924 = EDGE_CURVE('',#3925,#3917,#3927,.T.);
#3925 = VERTEX_POINT('',#3926);
#3926 = CARTESIAN_POINT('',(865.95,-88.01578604858,-4.8625));
#3927 = CIRCLE('',#3928,88.15);
#3928 = AXIS2_PLACEMENT_3D('',#3929,#3930,#3931);
#3929 = CARTESIAN_POINT('',(865.95,0.,0.));
#3930 = DIRECTION('',(1.,0.,-0.));
#3931 = DIRECTION('',(0.,0.,1.));
#3932 = ORIENTED_EDGE('',*,*,#3933,.F.);
#3933 = EDGE_CURVE('',#3934,#3925,#3936,.T.);
#3934 = VERTEX_POINT('',#3935);
#3935 = CARTESIAN_POINT('',(865.95,-97.625,-4.8625));
#3936 = LINE('',#3937,#3938);
#3937 = CARTESIAN_POINT('',(865.95,-6.E-16,-4.8625));
#3938 = VECTOR('',#3939,1.);
#3939 = DIRECTION('',(0.,1.,-1.2E-16));
#3940 = ORIENTED_EDGE('',*,*,#3941,.F.);
#3941 = EDGE_CURVE('',#3942,#3934,#3944,.T.);
#3942 = VERTEX_POINT('',#3943);
#3943 = CARTESIAN_POINT('',(865.95,-97.625,4.8625));
#3944 = LINE('',#3945,#3946);
#3945 = CARTESIAN_POINT('',(865.95,-97.625,2.43125));
#3946 = VECTOR('',#3947,1.);
#3947 = DIRECTION('',(0.,-1.2E-16,-1.));
#3948 = ORIENTED_EDGE('',*,*,#3949,.T.);
#3949 = EDGE_CURVE('',#3942,#3826,#3950,.T.);
#3950 = LINE('',#3951,#3952);
#3951 = CARTESIAN_POINT('',(865.95,6.E-16,4.8625));
#3952 = VECTOR('',#3953,1.);
#3953 = DIRECTION('',(0.,1.,-1.2E-16));
#3954 = PLANE('',#3955);
#3955 = AXIS2_PLACEMENT_3D('',#3956,#3957,#3958);
#3956 = CARTESIAN_POINT('',(865.95,0.,0.));
#3957 = DIRECTION('',(1.,0.,0.));
#3958 = DIRECTION('',(0.,0.,1.));
#3959 = ADVANCED_FACE('',(#3960),#3976,.F.);
#3960 = FACE_BOUND('',#3961,.F.);
#3961 = EDGE_LOOP('',(#3962,#3963,#3969,#3970));
#3962 = ORIENTED_EDGE('',*,*,#3680,.F.);
#3963 = ORIENTED_EDGE('',*,*,#3964,.F.);
#3964 = EDGE_CURVE('',#3824,#3681,#3965,.T.);
#3965 = LINE('',#3966,#3967);
#3966 = CARTESIAN_POINT('',(864.95,-4.8625,88.015786048583));
#3967 = VECTOR('',#3968,1.);
#3968 = DIRECTION('',(1.,0.,0.));
#3969 = ORIENTED_EDGE('',*,*,#3823,.T.);
#3970 = ORIENTED_EDGE('',*,*,#3971,.T.);
#3971 = EDGE_CURVE('',#3826,#3683,#3972,.T.);
#3972 = LINE('',#3973,#3974);
#3973 = CARTESIAN_POINT('',(864.95,-88.01578604858,4.8625));
#3974 = VECTOR('',#3975,1.);
#3975 = DIRECTION('',(1.,0.,0.));
#3976 = CYLINDRICAL_SURFACE('',#3977,88.15);
#3977 = AXIS2_PLACEMENT_3D('',#3978,#3979,#3980);
#3978 = CARTESIAN_POINT('',(864.95,0.,0.));
#3979 = DIRECTION('',(1.,0.,0.));
#3980 = DIRECTION('',(0.,0.,1.));
#3981 = ADVANCED_FACE('',(#3982),#3993,.T.);
#3982 = FACE_BOUND('',#3983,.T.);
#3983 = EDGE_LOOP('',(#3984,#3990,#3991,#3992));
#3984 = ORIENTED_EDGE('',*,*,#3985,.F.);
#3985 = EDGE_CURVE('',#3942,#3799,#3986,.T.);
#3986 = LINE('',#3987,#3988);
#3987 = CARTESIAN_POINT('',(864.95,-97.625,4.8625));
#3988 = VECTOR('',#3989,1.);
#3989 = DIRECTION('',(1.,0.,0.));
#3990 = ORIENTED_EDGE('',*,*,#3949,.T.);
#3991 = ORIENTED_EDGE('',*,*,#3971,.T.);
#3992 = ORIENTED_EDGE('',*,*,#3806,.F.);
#3993 = PLANE('',#3994);
#3994 = AXIS2_PLACEMENT_3D('',#3995,#3996,#3997);
#3995 = CARTESIAN_POINT('',(864.95,0.,4.8625));
#3996 = DIRECTION('',(0.,0.,-1.));
#3997 = DIRECTION('',(1.,0.,0.));
#3998 = ADVANCED_FACE('',(#3999),#4010,.F.);
#3999 = FACE_BOUND('',#4000,.F.);
#4000 = EDGE_LOOP('',(#4001,#4002,#4003,#4009));
#4001 = ORIENTED_EDGE('',*,*,#3985,.F.);
#4002 = ORIENTED_EDGE('',*,*,#3941,.T.);
#4003 = ORIENTED_EDGE('',*,*,#4004,.T.);
#4004 = EDGE_CURVE('',#3934,#3791,#4005,.T.);
#4005 = LINE('',#4006,#4007);
#4006 = CARTESIAN_POINT('',(864.95,-97.625,-4.8625));
#4007 = VECTOR('',#4008,1.);
#4008 = DIRECTION('',(1.,0.,0.));
#4009 = ORIENTED_EDGE('',*,*,#3798,.F.);
#4010 = PLANE('',#4011);
#4011 = AXIS2_PLACEMENT_3D('',#4012,#4013,#4014);
#4012 = CARTESIAN_POINT('',(864.95,-97.625,4.8625));
#4013 = DIRECTION('',(0.,-1.,0.));
#4014 = DIRECTION('',(0.,0.,-1.));
#4015 = ADVANCED_FACE('',(#4016),#4027,.F.);
#4016 = FACE_BOUND('',#4017,.F.);
#4017 = EDGE_LOOP('',(#4018,#4019,#4020,#4026));
#4018 = ORIENTED_EDGE('',*,*,#4004,.F.);
#4019 = ORIENTED_EDGE('',*,*,#3933,.T.);
#4020 = ORIENTED_EDGE('',*,*,#4021,.T.);
#4021 = EDGE_CURVE('',#3925,#3782,#4022,.T.);
#4022 = LINE('',#4023,#4024);
#4023 = CARTESIAN_POINT('',(864.95,-88.01578604858,-4.8625));
#4024 = VECTOR('',#4025,1.);
#4025 = DIRECTION('',(1.,0.,0.));
#4026 = ORIENTED_EDGE('',*,*,#3790,.F.);
#4027 = PLANE('',#4028);
#4028 = AXIS2_PLACEMENT_3D('',#4029,#4030,#4031);
#4029 = CARTESIAN_POINT('',(864.95,0.,-4.8625));
#4030 = DIRECTION('',(0.,0.,-1.));
#4031 = DIRECTION('',(1.,0.,0.));
#4032 = ADVANCED_FACE('',(#4033),#4044,.F.);
#4033 = FACE_BOUND('',#4034,.F.);
#4034 = EDGE_LOOP('',(#4035,#4036,#4037,#4038));
#4035 = ORIENTED_EDGE('',*,*,#3781,.F.);
#4036 = ORIENTED_EDGE('',*,*,#4021,.F.);
#4037 = ORIENTED_EDGE('',*,*,#3924,.T.);
#4038 = ORIENTED_EDGE('',*,*,#4039,.T.);
#4039 = EDGE_CURVE('',#3917,#3774,#4040,.T.);
#4040 = LINE('',#4041,#4042);
#4041 = CARTESIAN_POINT('',(864.95,-4.8625,-88.01578604858));
#4042 = VECTOR('',#4043,1.);
#4043 = DIRECTION('',(1.,0.,0.));
#4044 = CYLINDRICAL_SURFACE('',#4045,88.15);
#4045 = AXIS2_PLACEMENT_3D('',#4046,#4047,#4048);
#4046 = CARTESIAN_POINT('',(864.95,0.,0.));
#4047 = DIRECTION('',(1.,0.,0.));
#4048 = DIRECTION('',(0.,0.,1.));
#4049 = ADVANCED_FACE('',(#4050),#4061,.T.);
#4050 = FACE_BOUND('',#4051,.T.);
#4051 = EDGE_LOOP('',(#4052,#4058,#4059,#4060));
#4052 = ORIENTED_EDGE('',*,*,#4053,.F.);
#4053 = EDGE_CURVE('',#3909,#3766,#4054,.T.);
#4054 = LINE('',#4055,#4056);
#4055 = CARTESIAN_POINT('',(864.95,-4.8625,-97.625));
#4056 = VECTOR('',#4057,1.);
#4057 = DIRECTION('',(1.,0.,0.));
#4058 = ORIENTED_EDGE('',*,*,#3916,.T.);
#4059 = ORIENTED_EDGE('',*,*,#4039,.T.);
#4060 = ORIENTED_EDGE('',*,*,#3773,.F.);
#4061 = PLANE('',#4062);
#4062 = AXIS2_PLACEMENT_3D('',#4063,#4064,#4065);
#4063 = CARTESIAN_POINT('',(864.95,-4.8625,0.));
#4064 = DIRECTION('',(0.,1.,0.));
#4065 = DIRECTION('',(1.,0.,0.));
#4066 = ADVANCED_FACE('',(#4067),#4078,.F.);
#4067 = FACE_BOUND('',#4068,.F.);
#4068 = EDGE_LOOP('',(#4069,#4070,#4071,#4077));
#4069 = ORIENTED_EDGE('',*,*,#4053,.F.);
#4070 = ORIENTED_EDGE('',*,*,#3908,.T.);
#4071 = ORIENTED_EDGE('',*,*,#4072,.T.);
#4072 = EDGE_CURVE('',#3901,#3758,#4073,.T.);
#4073 = LINE('',#4074,#4075);
#4074 = CARTESIAN_POINT('',(864.95,4.8625,-97.625));
#4075 = VECTOR('',#4076,1.);
#4076 = DIRECTION('',(1.,0.,0.));
#4077 = ORIENTED_EDGE('',*,*,#3765,.F.);
#4078 = PLANE('',#4079);
#4079 = AXIS2_PLACEMENT_3D('',#4080,#4081,#4082);
#4080 = CARTESIAN_POINT('',(864.95,-4.8625,-97.625));
#4081 = DIRECTION('',(0.,0.,-1.));
#4082 = DIRECTION('',(0.,1.,0.));
#4083 = ADVANCED_FACE('',(#4084),#4095,.F.);
#4084 = FACE_BOUND('',#4085,.F.);
#4085 = EDGE_LOOP('',(#4086,#4087,#4088,#4094));
#4086 = ORIENTED_EDGE('',*,*,#4072,.F.);
#4087 = ORIENTED_EDGE('',*,*,#3900,.T.);
#4088 = ORIENTED_EDGE('',*,*,#4089,.T.);
#4089 = EDGE_CURVE('',#3892,#3749,#4090,.T.);
#4090 = LINE('',#4091,#4092);
#4091 = CARTESIAN_POINT('',(864.95,4.8625,-88.01578604858));
#4092 = VECTOR('',#4093,1.);
#4093 = DIRECTION('',(1.,0.,0.));
#4094 = ORIENTED_EDGE('',*,*,#3757,.F.);
#4095 = PLANE('',#4096);
#4096 = AXIS2_PLACEMENT_3D('',#4097,#4098,#4099);
#4097 = CARTESIAN_POINT('',(864.95,4.8625,0.));
#4098 = DIRECTION('',(0.,1.,0.));
#4099 = DIRECTION('',(1.,0.,0.));
#4100 = ADVANCED_FACE('',(#4101),#4112,.F.);
#4101 = FACE_BOUND('',#4102,.F.);
#4102 = EDGE_LOOP('',(#4103,#4104,#4105,#4106));
#4103 = ORIENTED_EDGE('',*,*,#3748,.F.);
#4104 = ORIENTED_EDGE('',*,*,#4089,.F.);
#4105 = ORIENTED_EDGE('',*,*,#3891,.T.);
#4106 = ORIENTED_EDGE('',*,*,#4107,.T.);
#4107 = EDGE_CURVE('',#3884,#3741,#4108,.T.);
#4108 = LINE('',#4109,#4110);
#4109 = CARTESIAN_POINT('',(864.95,88.015786048583,-4.8625));
#4110 = VECTOR('',#4111,1.);
#4111 = DIRECTION('',(1.,0.,0.));
#4112 = CYLINDRICAL_SURFACE('',#4113,88.15);
#4113 = AXIS2_PLACEMENT_3D('',#4114,#4115,#4116);
#4114 = CARTESIAN_POINT('',(864.95,0.,0.));
#4115 = DIRECTION('',(1.,0.,0.));
#4116 = DIRECTION('',(0.,0.,1.));
#4117 = ADVANCED_FACE('',(#4118),#4129,.T.);
#4118 = FACE_BOUND('',#4119,.T.);
#4119 = EDGE_LOOP('',(#4120,#4126,#4127,#4128));
#4120 = ORIENTED_EDGE('',*,*,#4121,.F.);
#4121 = EDGE_CURVE('',#3876,#3733,#4122,.T.);
#4122 = LINE('',#4123,#4124);
#4123 = CARTESIAN_POINT('',(864.95,97.625,-4.8625));
#4124 = VECTOR('',#4125,1.);
#4125 = DIRECTION('',(1.,0.,0.));
#4126 = ORIENTED_EDGE('',*,*,#3883,.T.);
#4127 = ORIENTED_EDGE('',*,*,#4107,.T.);
#4128 = ORIENTED_EDGE('',*,*,#3740,.F.);
#4129 = PLANE('',#4130);
#4130 = AXIS2_PLACEMENT_3D('',#4131,#4132,#4133);
#4131 = CARTESIAN_POINT('',(864.95,0.,-4.8625));
#4132 = DIRECTION('',(0.,0.,1.));
#4133 = DIRECTION('',(1.,0.,0.));
#4134 = ADVANCED_FACE('',(#4135),#4146,.F.);
#4135 = FACE_BOUND('',#4136,.F.);
#4136 = EDGE_LOOP('',(#4137,#4138,#4139,#4145));
#4137 = ORIENTED_EDGE('',*,*,#4121,.F.);
#4138 = ORIENTED_EDGE('',*,*,#3875,.T.);
#4139 = ORIENTED_EDGE('',*,*,#4140,.T.);
#4140 = EDGE_CURVE('',#3868,#3725,#4141,.T.);
#4141 = LINE('',#4142,#4143);
#4142 = CARTESIAN_POINT('',(864.95,97.625,4.8625));
#4143 = VECTOR('',#4144,1.);
#4144 = DIRECTION('',(1.,0.,0.));
#4145 = ORIENTED_EDGE('',*,*,#3732,.F.);
#4146 = PLANE('',#4147);
#4147 = AXIS2_PLACEMENT_3D('',#4148,#4149,#4150);
#4148 = CARTESIAN_POINT('',(864.95,97.625,-4.8625));
#4149 = DIRECTION('',(0.,1.,0.));
#4150 = DIRECTION('',(0.,0.,1.));
#4151 = ADVANCED_FACE('',(#4152),#4163,.F.);
#4152 = FACE_BOUND('',#4153,.F.);
#4153 = EDGE_LOOP('',(#4154,#4155,#4156,#4162));
#4154 = ORIENTED_EDGE('',*,*,#4140,.F.);
#4155 = ORIENTED_EDGE('',*,*,#3867,.T.);
#4156 = ORIENTED_EDGE('',*,*,#4157,.T.);
#4157 = EDGE_CURVE('',#3859,#3716,#4158,.T.);
#4158 = LINE('',#4159,#4160);
#4159 = CARTESIAN_POINT('',(864.95,88.015786048583,4.8625));
#4160 = VECTOR('',#4161,1.);
#4161 = DIRECTION('',(1.,0.,0.));
#4162 = ORIENTED_EDGE('',*,*,#3724,.F.);
#4163 = PLANE('',#4164);
#4164 = AXIS2_PLACEMENT_3D('',#4165,#4166,#4167);
#4165 = CARTESIAN_POINT('',(864.95,0.,4.8625));
#4166 = DIRECTION('',(0.,0.,1.));
#4167 = DIRECTION('',(1.,0.,0.));
#4168 = ADVANCED_FACE('',(#4169),#4180,.F.);
#4169 = FACE_BOUND('',#4170,.F.);
#4170 = EDGE_LOOP('',(#4171,#4172,#4178,#4179));
#4171 = ORIENTED_EDGE('',*,*,#3858,.T.);
#4172 = ORIENTED_EDGE('',*,*,#4173,.T.);
#4173 = EDGE_CURVE('',#3851,#3708,#4174,.T.);
#4174 = LINE('',#4175,#4176);
#4175 = CARTESIAN_POINT('',(864.95,4.8625,88.015786048583));
#4176 = VECTOR('',#4177,1.);
#4177 = DIRECTION('',(1.,0.,0.));
#4178 = ORIENTED_EDGE('',*,*,#3715,.F.);
#4179 = ORIENTED_EDGE('',*,*,#4157,.F.);
#4180 = CYLINDRICAL_SURFACE('',#4181,88.15);
#4181 = AXIS2_PLACEMENT_3D('',#4182,#4183,#4184);
#4182 = CARTESIAN_POINT('',(864.95,0.,0.));
#4183 = DIRECTION('',(1.,0.,0.));
#4184 = DIRECTION('',(0.,0.,1.));
#4185 = ADVANCED_FACE('',(#4186),#4197,.T.);
#4186 = FACE_BOUND('',#4187,.T.);
#4187 = EDGE_LOOP('',(#4188,#4194,#4195,#4196));
#4188 = ORIENTED_EDGE('',*,*,#4189,.F.);
#4189 = EDGE_CURVE('',#3843,#3700,#4190,.T.);
#4190 = LINE('',#4191,#4192);
#4191 = CARTESIAN_POINT('',(864.95,4.8625,97.625));
#4192 = VECTOR('',#4193,1.);
#4193 = DIRECTION('',(1.,0.,0.));
#4194 = ORIENTED_EDGE('',*,*,#3850,.T.);
#4195 = ORIENTED_EDGE('',*,*,#4173,.T.);
#4196 = ORIENTED_EDGE('',*,*,#3707,.F.);
#4197 = PLANE('',#4198);
#4198 = AXIS2_PLACEMENT_3D('',#4199,#4200,#4201);
#4199 = CARTESIAN_POINT('',(864.95,4.8625,0.));
#4200 = DIRECTION('',(0.,-1.,0.));
#4201 = DIRECTION('',(1.,0.,0.));
#4202 = ADVANCED_FACE('',(#4203),#4214,.F.);
#4203 = FACE_BOUND('',#4204,.F.);
#4204 = EDGE_LOOP('',(#4205,#4206,#4207,#4213));
#4205 = ORIENTED_EDGE('',*,*,#4189,.F.);
#4206 = ORIENTED_EDGE('',*,*,#3842,.T.);
#4207 = ORIENTED_EDGE('',*,*,#4208,.T.);
#4208 = EDGE_CURVE('',#3835,#3692,#4209,.T.);
#4209 = LINE('',#4210,#4211);
#4210 = CARTESIAN_POINT('',(864.95,-4.8625,97.625));
#4211 = VECTOR('',#4212,1.);
#4212 = DIRECTION('',(1.,0.,0.));
#4213 = ORIENTED_EDGE('',*,*,#3699,.F.);
#4214 = PLANE('',#4215);
#4215 = AXIS2_PLACEMENT_3D('',#4216,#4217,#4218);
#4216 = CARTESIAN_POINT('',(864.95,4.8625,97.625));
#4217 = DIRECTION('',(0.,0.,1.));
#4218 = DIRECTION('',(0.,-1.,0.));
#4219 = ADVANCED_FACE('',(#4220),#4226,.F.);
#4220 = FACE_BOUND('',#4221,.F.);
#4221 = EDGE_LOOP('',(#4222,#4223,#4224,#4225));
#4222 = ORIENTED_EDGE('',*,*,#4208,.F.);
#4223 = ORIENTED_EDGE('',*,*,#3834,.T.);
#4224 = ORIENTED_EDGE('',*,*,#3964,.T.);
#4225 = ORIENTED_EDGE('',*,*,#3691,.F.);
#4226 = PLANE('',#4227);
#4227 = AXIS2_PLACEMENT_3D('',#4228,#4229,#4230);
#4228 = CARTESIAN_POINT('',(864.95,-4.8625,0.));
#4229 = DIRECTION('',(0.,-1.,0.));
#4230 = DIRECTION('',(1.,0.,0.));
#4231 = MANIFOLD_SOLID_BREP('',#4232);
#4232 = CLOSED_SHELL('',(#4233,#4273,#4313,#4335,#4357,#4369));
#4233 = ADVANCED_FACE('',(#4234),#4268,.F.);
#4234 = FACE_BOUND('',#4235,.F.);
#4235 = EDGE_LOOP('',(#4236,#4246,#4254,#4262));
#4236 = ORIENTED_EDGE('',*,*,#4237,.F.);
#4237 = EDGE_CURVE('',#4238,#4240,#4242,.T.);
#4238 = VERTEX_POINT('',#4239);
#4239 = CARTESIAN_POINT('',(0.,0.,-4.7625));
#4240 = VERTEX_POINT('',#4241);
#4241 = CARTESIAN_POINT('',(0.,0.,4.7625));
#4242 = LINE('',#4243,#4244);
#4243 = CARTESIAN_POINT('',(0.,0.,-4.7625));
#4244 = VECTOR('',#4245,1.);
#4245 = DIRECTION('',(0.,0.,1.));
#4246 = ORIENTED_EDGE('',*,*,#4247,.T.);
#4247 = EDGE_CURVE('',#4238,#4248,#4250,.T.);
#4248 = VERTEX_POINT('',#4249);
#4249 = CARTESIAN_POINT('',(0.,19.05,-4.7625));
#4250 = LINE('',#4251,#4252);
#4251 = CARTESIAN_POINT('',(0.,0.,-4.7625));
#4252 = VECTOR('',#4253,1.);
#4253 = DIRECTION('',(0.,1.,0.));
#4254 = ORIENTED_EDGE('',*,*,#4255,.T.);
#4255 = EDGE_CURVE('',#4248,#4256,#4258,.T.);
#4256 = VERTEX_POINT('',#4257);
#4257 = CARTESIAN_POINT('',(0.,19.05,4.7625));
#4258 = LINE('',#4259,#4260);
#4259 = CARTESIAN_POINT('',(0.,19.05,-4.7625));
#4260 = VECTOR('',#4261,1.);
#4261 = DIRECTION('',(0.,0.,1.));
#4262 = ORIENTED_EDGE('',*,*,#4263,.F.);
#4263 = EDGE_CURVE('',#4240,#4256,#4264,.T.);
#4264 = LINE('',#4265,#4266);
#4265 = CARTESIAN_POINT('',(0.,0.,4.7625));
#4266 = VECTOR('',#4267,1.);
#4267 = DIRECTION('',(0.,1.,0.));
#4268 = PLANE('',#4269);
#4269 = AXIS2_PLACEMENT_3D('',#4270,#4271,#4272);
#4270 = CARTESIAN_POINT('',(0.,0.,-4.7625));
#4271 = DIRECTION('',(1.,0.,0.));
#4272 = DIRECTION('',(0.,0.,1.));
#4273 = ADVANCED_FACE('',(#4274),#4308,.T.);
#4274 = FACE_BOUND('',#4275,.T.);
#4275 = EDGE_LOOP('',(#4276,#4286,#4294,#4302));
#4276 = ORIENTED_EDGE('',*,*,#4277,.F.);
#4277 = EDGE_CURVE('',#4278,#4280,#4282,.T.);
#4278 = VERTEX_POINT('',#4279);
#4279 = CARTESIAN_POINT('',(107.95,0.,-4.7625));
#4280 = VERTEX_POINT('',#4281);
#4281 = CARTESIAN_POINT('',(107.95,0.,4.7625));
#4282 = LINE('',#4283,#4284);
#4283 = CARTESIAN_POINT('',(107.95,0.,-4.7625));
#4284 = VECTOR('',#4285,1.);
#4285 = DIRECTION('',(0.,0.,1.));
#4286 = ORIENTED_EDGE('',*,*,#4287,.T.);
#4287 = EDGE_CURVE('',#4278,#4288,#4290,.T.);
#4288 = VERTEX_POINT('',#4289);
#4289 = CARTESIAN_POINT('',(107.95,19.05,-4.7625));
#4290 = LINE('',#4291,#4292);
#4291 = CARTESIAN_POINT('',(107.95,0.,-4.7625));
#4292 = VECTOR('',#4293,1.);
#4293 = DIRECTION('',(0.,1.,0.));
#4294 = ORIENTED_EDGE('',*,*,#4295,.T.);
#4295 = EDGE_CURVE('',#4288,#4296,#4298,.T.);
#4296 = VERTEX_POINT('',#4297);
#4297 = CARTESIAN_POINT('',(107.95,19.05,4.7625));
#4298 = LINE('',#4299,#4300);
#4299 = CARTESIAN_POINT('',(107.95,19.05,-4.7625));
#4300 = VECTOR('',#4301,1.);
#4301 = DIRECTION('',(0.,0.,1.));
#4302 = ORIENTED_EDGE('',*,*,#4303,.F.);
#4303 = EDGE_CURVE('',#4280,#4296,#4304,.T.);
#4304 = LINE('',#4305,#4306);
#4305 = CARTESIAN_POINT('',(107.95,0.,4.7625));
#4306 = VECTOR('',#4307,1.);
#4307 = DIRECTION('',(0.,1.,0.));
#4308 = PLANE('',#4309);
#4309 = AXIS2_PLACEMENT_3D('',#4310,#4311,#4312);
#4310 = CARTESIAN_POINT('',(107.95,0.,-4.7625));
#4311 = DIRECTION('',(1.,0.,0.));
#4312 = DIRECTION('',(0.,0.,1.));
#4313 = ADVANCED_FACE('',(#4314),#4330,.F.);
#4314 = FACE_BOUND('',#4315,.F.);
#4315 = EDGE_LOOP('',(#4316,#4322,#4323,#4329));
#4316 = ORIENTED_EDGE('',*,*,#4317,.F.);
#4317 = EDGE_CURVE('',#4238,#4278,#4318,.T.);
#4318 = LINE('',#4319,#4320);
#4319 = CARTESIAN_POINT('',(0.,0.,-4.7625));
#4320 = VECTOR('',#4321,1.);
#4321 = DIRECTION('',(1.,0.,0.));
#4322 = ORIENTED_EDGE('',*,*,#4237,.T.);
#4323 = ORIENTED_EDGE('',*,*,#4324,.T.);
#4324 = EDGE_CURVE('',#4240,#4280,#4325,.T.);
#4325 = LINE('',#4326,#4327);
#4326 = CARTESIAN_POINT('',(0.,0.,4.7625));
#4327 = VECTOR('',#4328,1.);
#4328 = DIRECTION('',(1.,0.,0.));
#4329 = ORIENTED_EDGE('',*,*,#4277,.F.);
#4330 = PLANE('',#4331);
#4331 = AXIS2_PLACEMENT_3D('',#4332,#4333,#4334);
#4332 = CARTESIAN_POINT('',(0.,0.,-4.7625));
#4333 = DIRECTION('',(0.,1.,0.));
#4334 = DIRECTION('',(0.,0.,1.));
#4335 = ADVANCED_FACE('',(#4336),#4352,.T.);
#4336 = FACE_BOUND('',#4337,.T.);
#4337 = EDGE_LOOP('',(#4338,#4344,#4345,#4351));
#4338 = ORIENTED_EDGE('',*,*,#4339,.F.);
#4339 = EDGE_CURVE('',#4248,#4288,#4340,.T.);
#4340 = LINE('',#4341,#4342);
#4341 = CARTESIAN_POINT('',(0.,19.05,-4.7625));
#4342 = VECTOR('',#4343,1.);
#4343 = DIRECTION('',(1.,0.,0.));
#4344 = ORIENTED_EDGE('',*,*,#4255,.T.);
#4345 = ORIENTED_EDGE('',*,*,#4346,.T.);
#4346 = EDGE_CURVE('',#4256,#4296,#4347,.T.);
#4347 = LINE('',#4348,#4349);
#4348 = CARTESIAN_POINT('',(0.,19.05,4.7625));
#4349 = VECTOR('',#4350,1.);
#4350 = DIRECTION('',(1.,0.,0.));
#4351 = ORIENTED_EDGE('',*,*,#4295,.F.);
#4352 = PLANE('',#4353);
#4353 = AXIS2_PLACEMENT_3D('',#4354,#4355,#4356);
#4354 = CARTESIAN_POINT('',(0.,19.05,-4.7625));
#4355 = DIRECTION('',(0.,1.,0.));
#4356 = DIRECTION('',(0.,0.,1.));
#4357 = ADVANCED_FACE('',(#4358),#4364,.F.);
#4358 = FACE_BOUND('',#4359,.F.);
#4359 = EDGE_LOOP('',(#4360,#4361,#4362,#4363));
#4360 = ORIENTED_EDGE('',*,*,#4247,.F.);
#4361 = ORIENTED_EDGE('',*,*,#4317,.T.);
#4362 = ORIENTED_EDGE('',*,*,#4287,.T.);
#4363 = ORIENTED_EDGE('',*,*,#4339,.F.);
#4364 = PLANE('',#4365);
#4365 = AXIS2_PLACEMENT_3D('',#4366,#4367,#4368);
#4366 = CARTESIAN_POINT('',(0.,0.,-4.7625));
#4367 = DIRECTION('',(0.,0.,1.));
#4368 = DIRECTION('',(1.,0.,0.));
#4369 = ADVANCED_FACE('',(#4370),#4376,.T.);
#4370 = FACE_BOUND('',#4371,.T.);
#4371 = EDGE_LOOP('',(#4372,#4373,#4374,#4375));
#4372 = ORIENTED_EDGE('',*,*,#4263,.F.);
#4373 = ORIENTED_EDGE('',*,*,#4324,.T.);
#4374 = ORIENTED_EDGE('',*,*,#4303,.T.);
#4375 = ORIENTED_EDGE('',*,*,#4346,.F.);
#4376 = PLANE('',#4377);
#4377 = AXIS2_PLACEMENT_3D('',#4378,#4379,#4380);
#4378 = CARTESIAN_POINT('',(0.,0.,4.7625));
#4379 = DIRECTION('',(0.,0.,1.));
#4380 = DIRECTION('',(1.,0.,0.));
#4381 = MANIFOLD_SOLID_BREP('',#4382);
#4382 = CLOSED_SHELL('',(#4383,#4443,#4506,#4557,#4611,#4653,#4695,#4709
    ,#4723,#4737));
#4383 = ADVANCED_FACE('',(#4384),#4438,.T.);
#4384 = FACE_BOUND('',#4385,.T.);
#4385 = EDGE_LOOP('',(#4386,#4397,#4406,#4414,#4423,#4432));
#4386 = ORIENTED_EDGE('',*,*,#4387,.T.);
#4387 = EDGE_CURVE('',#4388,#4390,#4392,.T.);
#4388 = VERTEX_POINT('',#4389);
#4389 = CARTESIAN_POINT('',(1.00095E+03,55.149853393889,56.564066956262)
  );
#4390 = VERTEX_POINT('',#4391);
#4391 = CARTESIAN_POINT('',(1.00095E+03,1.9E-14,79.));
#4392 = CIRCLE('',#4393,79.);
#4393 = AXIS2_PLACEMENT_3D('',#4394,#4395,#4396);
#4394 = CARTESIAN_POINT('',(1.00095E+03,0.,0.));
#4395 = DIRECTION('',(1.,0.,-0.));
#4396 = DIRECTION('',(0.,0.,1.));
#4397 = ORIENTED_EDGE('',*,*,#4398,.T.);
#4398 = EDGE_CURVE('',#4390,#4399,#4401,.T.);
#4399 = VERTEX_POINT('',#4400);
#4400 = CARTESIAN_POINT('',(1.00095E+03,56.564066956262,55.149853393889)
  );
#4401 = CIRCLE('',#4402,79.);
#4402 = AXIS2_PLACEMENT_3D('',#4403,#4404,#4405);
#4403 = CARTESIAN_POINT('',(1.00095E+03,0.,0.));
#4404 = DIRECTION('',(1.,0.,-0.));
#4405 = DIRECTION('',(0.,0.,1.));
#4406 = ORIENTED_EDGE('',*,*,#4407,.T.);
#4407 = EDGE_CURVE('',#4399,#4408,#4410,.T.);
#4408 = VERTEX_POINT('',#4409);
#4409 = CARTESIAN_POINT('',(1.00095E+03,54.442569931698,53.028356369325)
  );
#4410 = LINE('',#4411,#4412);
#4411 = CARTESIAN_POINT('',(1.00095E+03,0.707106781187,-0.707106781187)
  );
#4412 = VECTOR('',#4413,1.);
#4413 = DIRECTION('',(0.,-0.707106781187,-0.707106781187));
#4414 = ORIENTED_EDGE('',*,*,#4415,.F.);
#4415 = EDGE_CURVE('',#4416,#4408,#4418,.T.);
#4416 = VERTEX_POINT('',#4417);
#4417 = CARTESIAN_POINT('',(1.00095E+03,1.9E-14,76.));
#4418 = CIRCLE('',#4419,76.);
#4419 = AXIS2_PLACEMENT_3D('',#4420,#4421,#4422);
#4420 = CARTESIAN_POINT('',(1.00095E+03,0.,0.));
#4421 = DIRECTION('',(1.,0.,-0.));
#4422 = DIRECTION('',(0.,0.,1.));
#4423 = ORIENTED_EDGE('',*,*,#4424,.F.);
#4424 = EDGE_CURVE('',#4425,#4416,#4427,.T.);
#4425 = VERTEX_POINT('',#4426);
#4426 = CARTESIAN_POINT('',(1.00095E+03,53.028356369325,54.442569931698)
  );
#4427 = CIRCLE('',#4428,76.);
#4428 = AXIS2_PLACEMENT_3D('',#4429,#4430,#4431);
#4429 = CARTESIAN_POINT('',(1.00095E+03,0.,0.));
#4430 = DIRECTION('',(1.,0.,-0.));
#4431 = DIRECTION('',(0.,0.,1.));
#4432 = ORIENTED_EDGE('',*,*,#4433,.F.);
#4433 = EDGE_CURVE('',#4388,#4425,#4434,.T.);
#4434 = LINE('',#4435,#4436);
#4435 = CARTESIAN_POINT('',(1.00095E+03,-0.707106781187,0.707106781187)
  );
#4436 = VECTOR('',#4437,1.);
#4437 = DIRECTION('',(0.,-0.707106781187,-0.707106781187));
#4438 = PLANE('',#4439);
#4439 = AXIS2_PLACEMENT_3D('',#4440,#4441,#4442);
#4440 = CARTESIAN_POINT('',(1.00095E+03,0.,0.));
#4441 = DIRECTION('',(1.,0.,0.));
#4442 = DIRECTION('',(0.,0.,1.));
#4443 = ADVANCED_FACE('',(#4444),#4501,.F.);
#4444 = FACE_BOUND('',#4445,.F.);
#4445 = EDGE_LOOP('',(#4446,#4454,#4455,#4463,#4471,#4479,#4487,#4495));
#4446 = ORIENTED_EDGE('',*,*,#4447,.F.);
#4447 = EDGE_CURVE('',#4425,#4448,#4450,.T.);
#4448 = VERTEX_POINT('',#4449);
#4449 = CARTESIAN_POINT('',(1.00495E+03,53.028356369325,54.442569931698)
  );
#4450 = LINE('',#4451,#4452);
#4451 = CARTESIAN_POINT('',(994.95,53.028356369325,54.442569931698));
#4452 = VECTOR('',#4453,1.);
#4453 = DIRECTION('',(1.,0.,0.));
#4454 = ORIENTED_EDGE('',*,*,#4433,.F.);
#4455 = ORIENTED_EDGE('',*,*,#4456,.F.);
#4456 = EDGE_CURVE('',#4457,#4388,#4459,.T.);
#4457 = VERTEX_POINT('',#4458);
#4458 = CARTESIAN_POINT('',(997.95,55.149853393889,56.564066956262));
#4459 = LINE('',#4460,#4461);
#4460 = CARTESIAN_POINT('',(997.95,55.149853393889,56.564066956262));
#4461 = VECTOR('',#4462,1.);
#4462 = DIRECTION('',(1.,0.,0.));
#4463 = ORIENTED_EDGE('',*,*,#4464,.T.);
#4464 = EDGE_CURVE('',#4457,#4465,#4467,.T.);
#4465 = VERTEX_POINT('',#4466);
#4466 = CARTESIAN_POINT('',(997.95,53.028356369325,54.442569931698));
#4467 = LINE('',#4468,#4469);
#4468 = CARTESIAN_POINT('',(997.95,-0.707106781187,0.707106781187));
#4469 = VECTOR('',#4470,1.);
#4470 = DIRECTION('',(0.,-0.707106781187,-0.707106781187));
#4471 = ORIENTED_EDGE('',*,*,#4472,.F.);
#4472 = EDGE_CURVE('',#4473,#4465,#4475,.T.);
#4473 = VERTEX_POINT('',#4474);
#4474 = CARTESIAN_POINT('',(994.95,53.028356369325,54.442569931698));
#4475 = LINE('',#4476,#4477);
#4476 = CARTESIAN_POINT('',(994.95,53.028356369325,54.442569931698));
#4477 = VECTOR('',#4478,1.);
#4478 = DIRECTION('',(1.,0.,0.));
#4479 = ORIENTED_EDGE('',*,*,#4480,.T.);
#4480 = EDGE_CURVE('',#4473,#4481,#4483,.T.);
#4481 = VERTEX_POINT('',#4482);
#4482 = CARTESIAN_POINT('',(994.95,35.224921307693,36.639134870066));
#4483 = LINE('',#4484,#4485);
#4484 = CARTESIAN_POINT('',(994.95,-0.707106781187,0.707106781187));
#4485 = VECTOR('',#4486,1.);
#4486 = DIRECTION('',(0.,-0.707106781187,-0.707106781187));
#4487 = ORIENTED_EDGE('',*,*,#4488,.T.);
#4488 = EDGE_CURVE('',#4481,#4489,#4491,.T.);
#4489 = VERTEX_POINT('',#4490);
#4490 = CARTESIAN_POINT('',(1.00495E+03,35.224921307693,36.639134870066)
  );
#4491 = LINE('',#4492,#4493);
#4492 = CARTESIAN_POINT('',(993.95,35.224921307693,36.639134870066));
#4493 = VECTOR('',#4494,1.);
#4494 = DIRECTION('',(1.,0.,0.));
#4495 = ORIENTED_EDGE('',*,*,#4496,.F.);
#4496 = EDGE_CURVE('',#4448,#4489,#4497,.T.);
#4497 = LINE('',#4498,#4499);
#4498 = CARTESIAN_POINT('',(1.00495E+03,-0.707106781187,0.707106781187)
  );
#4499 = VECTOR('',#4500,1.);
#4500 = DIRECTION('',(0.,-0.707106781187,-0.707106781187));
#4501 = PLANE('',#4502);
#4502 = AXIS2_PLACEMENT_3D('',#4503,#4504,#4505);
#4503 = CARTESIAN_POINT('',(993.95,-0.707106781187,0.707106781187));
#4504 = DIRECTION('',(0.,-0.707106781187,0.707106781187));
#4505 = DIRECTION('',(1.,0.,0.));
#4506 = ADVANCED_FACE('',(#4507),#4552,.T.);
#4507 = FACE_BOUND('',#4508,.T.);
#4508 = EDGE_LOOP('',(#4509,#4518,#4527,#4535,#4544,#4551));
#4509 = ORIENTED_EDGE('',*,*,#4510,.T.);
#4510 = EDGE_CURVE('',#4448,#4511,#4513,.T.);
#4511 = VERTEX_POINT('',#4512);
#4512 = CARTESIAN_POINT('',(1.00495E+03,1.9E-14,76.));
#4513 = CIRCLE('',#4514,76.);
#4514 = AXIS2_PLACEMENT_3D('',#4515,#4516,#4517);
#4515 = CARTESIAN_POINT('',(1.00495E+03,0.,0.));
#4516 = DIRECTION('',(1.,0.,-0.));
#4517 = DIRECTION('',(0.,0.,1.));
#4518 = ORIENTED_EDGE('',*,*,#4519,.T.);
#4519 = EDGE_CURVE('',#4511,#4520,#4522,.T.);
#4520 = VERTEX_POINT('',#4521);
#4521 = CARTESIAN_POINT('',(1.00495E+03,54.442569931698,53.028356369325)
  );
#4522 = CIRCLE('',#4523,76.);
#4523 = AXIS2_PLACEMENT_3D('',#4524,#4525,#4526);
#4524 = CARTESIAN_POINT('',(1.00495E+03,0.,0.));
#4525 = DIRECTION('',(1.,0.,-0.));
#4526 = DIRECTION('',(0.,0.,1.));
#4527 = ORIENTED_EDGE('',*,*,#4528,.T.);
#4528 = EDGE_CURVE('',#4520,#4529,#4531,.T.);
#4529 = VERTEX_POINT('',#4530);
#4530 = CARTESIAN_POINT('',(1.00495E+03,36.639134870066,35.224921307693)
  );
#4531 = LINE('',#4532,#4533);
#4532 = CARTESIAN_POINT('',(1.00495E+03,0.707106781187,-0.707106781187)
  );
#4533 = VECTOR('',#4534,1.);
#4534 = DIRECTION('',(0.,-0.707106781187,-0.707106781187));
#4535 = ORIENTED_EDGE('',*,*,#4536,.F.);
#4536 = EDGE_CURVE('',#4537,#4529,#4539,.T.);
#4537 = VERTEX_POINT('',#4538);
#4538 = CARTESIAN_POINT('',(1.00495E+03,1.2E-14,50.8254));
#4539 = CIRCLE('',#4540,50.8254);
#4540 = AXIS2_PLACEMENT_3D('',#4541,#4542,#4543);
#4541 = CARTESIAN_POINT('',(1.00495E+03,0.,0.));
#4542 = DIRECTION('',(1.,0.,-0.));
#4543 = DIRECTION('',(0.,0.,1.));
#4544 = ORIENTED_EDGE('',*,*,#4545,.F.);
#4545 = EDGE_CURVE('',#4489,#4537,#4546,.T.);
#4546 = CIRCLE('',#4547,50.8254);
#4547 = AXIS2_PLACEMENT_3D('',#4548,#4549,#4550);
#4548 = CARTESIAN_POINT('',(1.00495E+03,0.,0.));
#4549 = DIRECTION('',(1.,0.,-0.));
#4550 = DIRECTION('',(0.,0.,1.));
#4551 = ORIENTED_EDGE('',*,*,#4496,.F.);
#4552 = PLANE('',#4553);
#4553 = AXIS2_PLACEMENT_3D('',#4554,#4555,#4556);
#4554 = CARTESIAN_POINT('',(1.00495E+03,0.,0.));
#4555 = DIRECTION('',(1.,0.,0.));
#4556 = DIRECTION('',(0.,0.,1.));
#4557 = ADVANCED_FACE('',(#4558),#4606,.T.);
#4558 = FACE_BOUND('',#4559,.T.);
#4559 = EDGE_LOOP('',(#4560,#4566,#4567,#4575,#4583,#4591,#4599,#4605));
#4560 = ORIENTED_EDGE('',*,*,#4561,.F.);
#4561 = EDGE_CURVE('',#4408,#4520,#4562,.T.);
#4562 = LINE('',#4563,#4564);
#4563 = CARTESIAN_POINT('',(994.95,54.442569931698,53.028356369325));
#4564 = VECTOR('',#4565,1.);
#4565 = DIRECTION('',(1.,0.,0.));
#4566 = ORIENTED_EDGE('',*,*,#4407,.F.);
#4567 = ORIENTED_EDGE('',*,*,#4568,.F.);
#4568 = EDGE_CURVE('',#4569,#4399,#4571,.T.);
#4569 = VERTEX_POINT('',#4570);
#4570 = CARTESIAN_POINT('',(997.95,56.564066956262,55.149853393889));
#4571 = LINE('',#4572,#4573);
#4572 = CARTESIAN_POINT('',(997.95,56.564066956262,55.149853393889));
#4573 = VECTOR('',#4574,1.);
#4574 = DIRECTION('',(1.,0.,0.));
#4575 = ORIENTED_EDGE('',*,*,#4576,.T.);
#4576 = EDGE_CURVE('',#4569,#4577,#4579,.T.);
#4577 = VERTEX_POINT('',#4578);
#4578 = CARTESIAN_POINT('',(997.95,54.442569931698,53.028356369325));
#4579 = LINE('',#4580,#4581);
#4580 = CARTESIAN_POINT('',(997.95,0.707106781187,-0.707106781187));
#4581 = VECTOR('',#4582,1.);
#4582 = DIRECTION('',(0.,-0.707106781187,-0.707106781187));
#4583 = ORIENTED_EDGE('',*,*,#4584,.F.);
#4584 = EDGE_CURVE('',#4585,#4577,#4587,.T.);
#4585 = VERTEX_POINT('',#4586);
#4586 = CARTESIAN_POINT('',(994.95,54.442569931698,53.028356369325));
#4587 = LINE('',#4588,#4589);
#4588 = CARTESIAN_POINT('',(994.95,54.442569931698,53.028356369325));
#4589 = VECTOR('',#4590,1.);
#4590 = DIRECTION('',(1.,0.,0.));
#4591 = ORIENTED_EDGE('',*,*,#4592,.T.);
#4592 = EDGE_CURVE('',#4585,#4593,#4595,.T.);
#4593 = VERTEX_POINT('',#4594);
#4594 = CARTESIAN_POINT('',(994.95,36.639134870066,35.224921307693));
#4595 = LINE('',#4596,#4597);
#4596 = CARTESIAN_POINT('',(994.95,0.707106781187,-0.707106781187));
#4597 = VECTOR('',#4598,1.);
#4598 = DIRECTION('',(0.,-0.707106781187,-0.707106781187));
#4599 = ORIENTED_EDGE('',*,*,#4600,.T.);
#4600 = EDGE_CURVE('',#4593,#4529,#4601,.T.);
#4601 = LINE('',#4602,#4603);
#4602 = CARTESIAN_POINT('',(993.95,36.639134870066,35.224921307693));
#4603 = VECTOR('',#4604,1.);
#4604 = DIRECTION('',(1.,0.,0.));
#4605 = ORIENTED_EDGE('',*,*,#4528,.F.);
#4606 = PLANE('',#4607);
#4607 = AXIS2_PLACEMENT_3D('',#4608,#4609,#4610);
#4608 = CARTESIAN_POINT('',(993.95,0.707106781187,-0.707106781187));
#4609 = DIRECTION('',(0.,-0.707106781187,0.707106781187));
#4610 = DIRECTION('',(1.,0.,0.));
#4611 = ADVANCED_FACE('',(#4612),#4648,.F.);
#4612 = FACE_BOUND('',#4613,.F.);
#4613 = EDGE_LOOP('',(#4614,#4623,#4630,#4631,#4640,#4647));
#4614 = ORIENTED_EDGE('',*,*,#4615,.T.);
#4615 = EDGE_CURVE('',#4473,#4616,#4618,.T.);
#4616 = VERTEX_POINT('',#4617);
#4617 = CARTESIAN_POINT('',(994.95,1.9E-14,76.));
#4618 = CIRCLE('',#4619,76.);
#4619 = AXIS2_PLACEMENT_3D('',#4620,#4621,#4622);
#4620 = CARTESIAN_POINT('',(994.95,0.,0.));
#4621 = DIRECTION('',(1.,0.,-0.));
#4622 = DIRECTION('',(0.,0.,1.));
#4623 = ORIENTED_EDGE('',*,*,#4624,.T.);
#4624 = EDGE_CURVE('',#4616,#4585,#4625,.T.);
#4625 = CIRCLE('',#4626,76.);
#4626 = AXIS2_PLACEMENT_3D('',#4627,#4628,#4629);
#4627 = CARTESIAN_POINT('',(994.95,0.,0.));
#4628 = DIRECTION('',(1.,0.,-0.));
#4629 = DIRECTION('',(0.,0.,1.));
#4630 = ORIENTED_EDGE('',*,*,#4592,.T.);
#4631 = ORIENTED_EDGE('',*,*,#4632,.F.);
#4632 = EDGE_CURVE('',#4633,#4593,#4635,.T.);
#4633 = VERTEX_POINT('',#4634);
#4634 = CARTESIAN_POINT('',(994.95,1.2E-14,50.8254));
#4635 = CIRCLE('',#4636,50.8254);
#4636 = AXIS2_PLACEMENT_3D('',#4637,#4638,#4639);
#4637 = CARTESIAN_POINT('',(994.95,0.,0.));
#4638 = DIRECTION('',(1.,0.,-0.));
#4639 = DIRECTION('',(0.,0.,1.));
#4640 = ORIENTED_EDGE('',*,*,#4641,.F.);
#4641 = EDGE_CURVE('',#4481,#4633,#4642,.T.);
#4642 = CIRCLE('',#4643,50.8254);
#4643 = AXIS2_PLACEMENT_3D('',#4644,#4645,#4646);
#4644 = CARTESIAN_POINT('',(994.95,0.,0.));
#4645 = DIRECTION('',(1.,0.,-0.));
#4646 = DIRECTION('',(0.,0.,1.));
#4647 = ORIENTED_EDGE('',*,*,#4480,.F.);
#4648 = PLANE('',#4649);
#4649 = AXIS2_PLACEMENT_3D('',#4650,#4651,#4652);
#4650 = CARTESIAN_POINT('',(994.95,0.,0.));
#4651 = DIRECTION('',(1.,0.,0.));
#4652 = DIRECTION('',(0.,0.,1.));
#4653 = ADVANCED_FACE('',(#4654),#4690,.F.);
#4654 = FACE_BOUND('',#4655,.F.);
#4655 = EDGE_LOOP('',(#4656,#4665,#4672,#4673,#4682,#4689));
#4656 = ORIENTED_EDGE('',*,*,#4657,.T.);
#4657 = EDGE_CURVE('',#4457,#4658,#4660,.T.);
#4658 = VERTEX_POINT('',#4659);
#4659 = CARTESIAN_POINT('',(997.95,1.9E-14,79.));
#4660 = CIRCLE('',#4661,79.);
#4661 = AXIS2_PLACEMENT_3D('',#4662,#4663,#4664);
#4662 = CARTESIAN_POINT('',(997.95,0.,0.));
#4663 = DIRECTION('',(1.,0.,-0.));
#4664 = DIRECTION('',(0.,0.,1.));
#4665 = ORIENTED_EDGE('',*,*,#4666,.T.);
#4666 = EDGE_CURVE('',#4658,#4569,#4667,.T.);
#4667 = CIRCLE('',#4668,79.);
#4668 = AXIS2_PLACEMENT_3D('',#4669,#4670,#4671);
#4669 = CARTESIAN_POINT('',(997.95,0.,0.));
#4670 = DIRECTION('',(1.,0.,-0.));
#4671 = DIRECTION('',(0.,0.,1.));
#4672 = ORIENTED_EDGE('',*,*,#4576,.T.);
#4673 = ORIENTED_EDGE('',*,*,#4674,.F.);
#4674 = EDGE_CURVE('',#4675,#4577,#4677,.T.);
#4675 = VERTEX_POINT('',#4676);
#4676 = CARTESIAN_POINT('',(997.95,1.9E-14,76.));
#4677 = CIRCLE('',#4678,76.);
#4678 = AXIS2_PLACEMENT_3D('',#4679,#4680,#4681);
#4679 = CARTESIAN_POINT('',(997.95,0.,0.));
#4680 = DIRECTION('',(1.,0.,-0.));
#4681 = DIRECTION('',(0.,0.,1.));
#4682 = ORIENTED_EDGE('',*,*,#4683,.F.);
#4683 = EDGE_CURVE('',#4465,#4675,#4684,.T.);
#4684 = CIRCLE('',#4685,76.);
#4685 = AXIS2_PLACEMENT_3D('',#4686,#4687,#4688);
#4686 = CARTESIAN_POINT('',(997.95,0.,0.));
#4687 = DIRECTION('',(1.,0.,-0.));
#4688 = DIRECTION('',(0.,0.,1.));
#4689 = ORIENTED_EDGE('',*,*,#4464,.F.);
#4690 = PLANE('',#4691);
#4691 = AXIS2_PLACEMENT_3D('',#4692,#4693,#4694);
#4692 = CARTESIAN_POINT('',(997.95,0.,0.));
#4693 = DIRECTION('',(1.,0.,0.));
#4694 = DIRECTION('',(0.,0.,1.));
#4695 = ADVANCED_FACE('',(#4696),#4704,.T.);
#4696 = FACE_BOUND('',#4697,.T.);
#4697 = EDGE_LOOP('',(#4698,#4699,#4700,#4701,#4702,#4703));
#4698 = ORIENTED_EDGE('',*,*,#4415,.T.);
#4699 = ORIENTED_EDGE('',*,*,#4561,.T.);
#4700 = ORIENTED_EDGE('',*,*,#4519,.F.);
#4701 = ORIENTED_EDGE('',*,*,#4510,.F.);
#4702 = ORIENTED_EDGE('',*,*,#4447,.F.);
#4703 = ORIENTED_EDGE('',*,*,#4424,.T.);
#4704 = CYLINDRICAL_SURFACE('',#4705,76.);
#4705 = AXIS2_PLACEMENT_3D('',#4706,#4707,#4708);
#4706 = CARTESIAN_POINT('',(994.95,0.,0.));
#4707 = DIRECTION('',(1.,0.,0.));
#4708 = DIRECTION('',(0.,0.,1.));
#4709 = ADVANCED_FACE('',(#4710),#4718,.T.);
#4710 = FACE_BOUND('',#4711,.T.);
#4711 = EDGE_LOOP('',(#4712,#4713,#4714,#4715,#4716,#4717));
#4712 = ORIENTED_EDGE('',*,*,#4624,.T.);
#4713 = ORIENTED_EDGE('',*,*,#4584,.T.);
#4714 = ORIENTED_EDGE('',*,*,#4674,.F.);
#4715 = ORIENTED_EDGE('',*,*,#4683,.F.);
#4716 = ORIENTED_EDGE('',*,*,#4472,.F.);
#4717 = ORIENTED_EDGE('',*,*,#4615,.T.);
#4718 = CYLINDRICAL_SURFACE('',#4719,76.);
#4719 = AXIS2_PLACEMENT_3D('',#4720,#4721,#4722);
#4720 = CARTESIAN_POINT('',(994.95,0.,0.));
#4721 = DIRECTION('',(1.,0.,0.));
#4722 = DIRECTION('',(0.,0.,1.));
#4723 = ADVANCED_FACE('',(#4724),#4732,.T.);
#4724 = FACE_BOUND('',#4725,.T.);
#4725 = EDGE_LOOP('',(#4726,#4727,#4728,#4729,#4730,#4731));
#4726 = ORIENTED_EDGE('',*,*,#4666,.T.);
#4727 = ORIENTED_EDGE('',*,*,#4568,.T.);
#4728 = ORIENTED_EDGE('',*,*,#4398,.F.);
#4729 = ORIENTED_EDGE('',*,*,#4387,.F.);
#4730 = ORIENTED_EDGE('',*,*,#4456,.F.);
#4731 = ORIENTED_EDGE('',*,*,#4657,.T.);
#4732 = CYLINDRICAL_SURFACE('',#4733,79.);
#4733 = AXIS2_PLACEMENT_3D('',#4734,#4735,#4736);
#4734 = CARTESIAN_POINT('',(997.95,0.,0.));
#4735 = DIRECTION('',(1.,0.,0.));
#4736 = DIRECTION('',(0.,0.,1.));
#4737 = ADVANCED_FACE('',(#4738),#4746,.F.);
#4738 = FACE_BOUND('',#4739,.F.);
#4739 = EDGE_LOOP('',(#4740,#4741,#4742,#4743,#4744,#4745));
#4740 = ORIENTED_EDGE('',*,*,#4600,.T.);
#4741 = ORIENTED_EDGE('',*,*,#4536,.F.);
#4742 = ORIENTED_EDGE('',*,*,#4545,.F.);
#4743 = ORIENTED_EDGE('',*,*,#4488,.F.);
#4744 = ORIENTED_EDGE('',*,*,#4641,.T.);
#4745 = ORIENTED_EDGE('',*,*,#4632,.T.);
#4746 = CYLINDRICAL_SURFACE('',#4747,50.8254);
#4747 = AXIS2_PLACEMENT_3D('',#4748,#4749,#4750);
#4748 = CARTESIAN_POINT('',(993.95,0.,0.));
#4749 = DIRECTION('',(1.,0.,0.));
#4750 = DIRECTION('',(0.,0.,1.));
#4751 = MANIFOLD_SOLID_BREP('',#4752);
#4752 = CLOSED_SHELL('',(#4753,#4781,#4971,#4996,#5082,#5114,#5138,#5163
    ,#5180,#5211,#5235,#5259,#5276,#5307,#5331,#5355,#5372,#5403,#5427,
    #5451,#5468,#5488,#5513,#5538,#5563,#5588,#5613,#5638,#5663,#5675,
    #5687,#5699,#5711,#5736,#5774,#5794,#5818,#5843));
#4753 = ADVANCED_FACE('',(#4754,#4765),#4776,.T.);
#4754 = FACE_BOUND('',#4755,.T.);
#4755 = EDGE_LOOP('',(#4756));
#4756 = ORIENTED_EDGE('',*,*,#4757,.T.);
#4757 = EDGE_CURVE('',#4758,#4758,#4760,.T.);
#4758 = VERTEX_POINT('',#4759);
#4759 = CARTESIAN_POINT('',(1.00295E+03,2.2E-14,88.));
#4760 = CIRCLE('',#4761,88.);
#4761 = AXIS2_PLACEMENT_3D('',#4762,#4763,#4764);
#4762 = CARTESIAN_POINT('',(1.00295E+03,0.,0.));
#4763 = DIRECTION('',(1.,0.,-0.));
#4764 = DIRECTION('',(0.,0.,1.));
#4765 = FACE_BOUND('',#4766,.T.);
#4766 = EDGE_LOOP('',(#4767));
#4767 = ORIENTED_EDGE('',*,*,#4768,.F.);
#4768 = EDGE_CURVE('',#4769,#4769,#4771,.T.);
#4769 = VERTEX_POINT('',#4770);
#4770 = CARTESIAN_POINT('',(1.00295E+03,1.9E-14,76.));
#4771 = CIRCLE('',#4772,76.);
#4772 = AXIS2_PLACEMENT_3D('',#4773,#4774,#4775);
#4773 = CARTESIAN_POINT('',(1.00295E+03,0.,0.));
#4774 = DIRECTION('',(1.,0.,-0.));
#4775 = DIRECTION('',(0.,0.,1.));
#4776 = PLANE('',#4777);
#4777 = AXIS2_PLACEMENT_3D('',#4778,#4779,#4780);
#4778 = CARTESIAN_POINT('',(1.00295E+03,0.,0.));
#4779 = DIRECTION('',(1.,0.,0.));
#4780 = DIRECTION('',(0.,0.,1.));
#4781 = ADVANCED_FACE('',(#4782,#4858,#4894,#4930),#4966,.T.);
#4782 = FACE_BOUND('',#4783,.T.);
#4783 = EDGE_LOOP('',(#4784,#4793,#4800,#4809,#4817,#4826,#4831,#4832,
    #4833,#4842,#4850,#4857));
#4784 = ORIENTED_EDGE('',*,*,#4785,.T.);
#4785 = EDGE_CURVE('',#4786,#4786,#4788,.T.);
#4786 = VERTEX_POINT('',#4787);
#4787 = CARTESIAN_POINT('',(841.3,2.2E-14,88.));
#4788 = CIRCLE('',#4789,88.);
#4789 = AXIS2_PLACEMENT_3D('',#4790,#4791,#4792);
#4790 = CARTESIAN_POINT('',(841.3,0.,0.));
#4791 = DIRECTION('',(1.,0.,-0.));
#4792 = DIRECTION('',(0.,0.,1.));
#4793 = ORIENTED_EDGE('',*,*,#4794,.T.);
#4794 = EDGE_CURVE('',#4786,#4795,#4797,.T.);
#4795 = VERTEX_POINT('',#4796);
#4796 = CARTESIAN_POINT('',(865.95,2.2E-14,88.));
#4797 = B_SPLINE_CURVE_WITH_KNOTS('',1,(#4798,#4799),.UNSPECIFIED.,.F.,
  .F.,(2,2),(-153.7,7.95),.PIECEWISE_BEZIER_KNOTS.);
#4798 = CARTESIAN_POINT('',(841.3,2.155E-14,88.));
#4799 = CARTESIAN_POINT('',(1.00295E+03,2.155E-14,88.));
#4800 = ORIENTED_EDGE('',*,*,#4801,.F.);
#4801 = EDGE_CURVE('',#4802,#4795,#4804,.T.);
#4802 = VERTEX_POINT('',#4803);
#4803 = CARTESIAN_POINT('',(865.95,4.8625,87.865556925055));
#4804 = CIRCLE('',#4805,88.);
#4805 = AXIS2_PLACEMENT_3D('',#4806,#4807,#4808);
#4806 = CARTESIAN_POINT('',(865.95,0.,0.));
#4807 = DIRECTION('',(1.,0.,-0.));
#4808 = DIRECTION('',(0.,0.,1.));
#4809 = ORIENTED_EDGE('',*,*,#4810,.T.);
#4810 = EDGE_CURVE('',#4802,#4811,#4813,.T.);
#4811 = VERTEX_POINT('',#4812);
#4812 = CARTESIAN_POINT('',(975.9,4.8625,87.865556925055));
#4813 = LINE('',#4814,#4815);
#4814 = CARTESIAN_POINT('',(995.,4.8625,87.865556925055));
#4815 = VECTOR('',#4816,1.);
#4816 = DIRECTION('',(1.,0.,0.));
#4817 = ORIENTED_EDGE('',*,*,#4818,.T.);
#4818 = EDGE_CURVE('',#4811,#4819,#4821,.T.);
#4819 = VERTEX_POINT('',#4820);
#4820 = CARTESIAN_POINT('',(975.9,2.2E-14,88.));
#4821 = CIRCLE('',#4822,88.);
#4822 = AXIS2_PLACEMENT_3D('',#4823,#4824,#4825);
#4823 = CARTESIAN_POINT('',(975.9,0.,0.));
#4824 = DIRECTION('',(1.,0.,-0.));
#4825 = DIRECTION('',(0.,0.,1.));
#4826 = ORIENTED_EDGE('',*,*,#4827,.T.);
#4827 = EDGE_CURVE('',#4819,#4758,#4828,.T.);
#4828 = B_SPLINE_CURVE_WITH_KNOTS('',1,(#4829,#4830),.UNSPECIFIED.,.F.,
  .F.,(2,2),(-153.7,7.95),.PIECEWISE_BEZIER_KNOTS.);
#4829 = CARTESIAN_POINT('',(841.3,2.155E-14,88.));
#4830 = CARTESIAN_POINT('',(1.00295E+03,2.155E-14,88.));
#4831 = ORIENTED_EDGE('',*,*,#4757,.F.);
#4832 = ORIENTED_EDGE('',*,*,#4827,.F.);
#4833 = ORIENTED_EDGE('',*,*,#4834,.T.);
#4834 = EDGE_CURVE('',#4819,#4835,#4837,.T.);
#4835 = VERTEX_POINT('',#4836);
#4836 = CARTESIAN_POINT('',(975.9,-4.8625,87.865556925055));
#4837 = CIRCLE('',#4838,88.);
#4838 = AXIS2_PLACEMENT_3D('',#4839,#4840,#4841);
#4839 = CARTESIAN_POINT('',(975.9,0.,0.));
#4840 = DIRECTION('',(1.,0.,-0.));
#4841 = DIRECTION('',(0.,0.,1.));
#4842 = ORIENTED_EDGE('',*,*,#4843,.F.);
#4843 = EDGE_CURVE('',#4844,#4835,#4846,.T.);
#4844 = VERTEX_POINT('',#4845);
#4845 = CARTESIAN_POINT('',(865.95,-4.8625,87.865556925055));
#4846 = LINE('',#4847,#4848);
#4847 = CARTESIAN_POINT('',(995.,-4.8625,87.865556925055));
#4848 = VECTOR('',#4849,1.);
#4849 = DIRECTION('',(1.,0.,0.));
#4850 = ORIENTED_EDGE('',*,*,#4851,.F.);
#4851 = EDGE_CURVE('',#4795,#4844,#4852,.T.);
#4852 = CIRCLE('',#4853,88.);
#4853 = AXIS2_PLACEMENT_3D('',#4854,#4855,#4856);
#4854 = CARTESIAN_POINT('',(865.95,0.,0.));
#4855 = DIRECTION('',(1.,0.,-0.));
#4856 = DIRECTION('',(0.,0.,1.));
#4857 = ORIENTED_EDGE('',*,*,#4794,.F.);
#4858 = FACE_BOUND('',#4859,.T.);
#4859 = EDGE_LOOP('',(#4860,#4871,#4879,#4888));
#4860 = ORIENTED_EDGE('',*,*,#4861,.F.);
#4861 = EDGE_CURVE('',#4862,#4864,#4866,.T.);
#4862 = VERTEX_POINT('',#4863);
#4863 = CARTESIAN_POINT('',(865.95,-87.86555692505,4.8625));
#4864 = VERTEX_POINT('',#4865);
#4865 = CARTESIAN_POINT('',(865.95,-87.86555692505,-4.8625));
#4866 = CIRCLE('',#4867,88.);
#4867 = AXIS2_PLACEMENT_3D('',#4868,#4869,#4870);
#4868 = CARTESIAN_POINT('',(865.95,0.,0.));
#4869 = DIRECTION('',(1.,0.,-0.));
#4870 = DIRECTION('',(0.,0.,1.));
#4871 = ORIENTED_EDGE('',*,*,#4872,.T.);
#4872 = EDGE_CURVE('',#4862,#4873,#4875,.T.);
#4873 = VERTEX_POINT('',#4874);
#4874 = CARTESIAN_POINT('',(975.9,-87.86555692505,4.8625));
#4875 = LINE('',#4876,#4877);
#4876 = CARTESIAN_POINT('',(995.,-87.86555692505,4.8625));
#4877 = VECTOR('',#4878,1.);
#4878 = DIRECTION('',(1.,0.,0.));
#4879 = ORIENTED_EDGE('',*,*,#4880,.T.);
#4880 = EDGE_CURVE('',#4873,#4881,#4883,.T.);
#4881 = VERTEX_POINT('',#4882);
#4882 = CARTESIAN_POINT('',(975.9,-87.86555692505,-4.8625));
#4883 = CIRCLE('',#4884,88.);
#4884 = AXIS2_PLACEMENT_3D('',#4885,#4886,#4887);
#4885 = CARTESIAN_POINT('',(975.9,0.,0.));
#4886 = DIRECTION('',(1.,0.,-0.));
#4887 = DIRECTION('',(0.,0.,1.));
#4888 = ORIENTED_EDGE('',*,*,#4889,.F.);
#4889 = EDGE_CURVE('',#4864,#4881,#4890,.T.);
#4890 = LINE('',#4891,#4892);
#4891 = CARTESIAN_POINT('',(995.,-87.86555692505,-4.8625));
#4892 = VECTOR('',#4893,1.);
#4893 = DIRECTION('',(1.,0.,0.));
#4894 = FACE_BOUND('',#4895,.T.);
#4895 = EDGE_LOOP('',(#4896,#4907,#4915,#4924));
#4896 = ORIENTED_EDGE('',*,*,#4897,.F.);
#4897 = EDGE_CURVE('',#4898,#4900,#4902,.T.);
#4898 = VERTEX_POINT('',#4899);
#4899 = CARTESIAN_POINT('',(865.95,-4.8625,-87.86555692505));
#4900 = VERTEX_POINT('',#4901);
#4901 = CARTESIAN_POINT('',(865.95,4.8625,-87.86555692505));
#4902 = CIRCLE('',#4903,88.);
#4903 = AXIS2_PLACEMENT_3D('',#4904,#4905,#4906);
#4904 = CARTESIAN_POINT('',(865.95,0.,0.));
#4905 = DIRECTION('',(1.,0.,-0.));
#4906 = DIRECTION('',(0.,0.,1.));
#4907 = ORIENTED_EDGE('',*,*,#4908,.T.);
#4908 = EDGE_CURVE('',#4898,#4909,#4911,.T.);
#4909 = VERTEX_POINT('',#4910);
#4910 = CARTESIAN_POINT('',(975.9,-4.8625,-87.86555692505));
#4911 = LINE('',#4912,#4913);
#4912 = CARTESIAN_POINT('',(995.,-4.8625,-87.86555692505));
#4913 = VECTOR('',#4914,1.);
#4914 = DIRECTION('',(1.,0.,0.));
#4915 = ORIENTED_EDGE('',*,*,#4916,.T.);
#4916 = EDGE_CURVE('',#4909,#4917,#4919,.T.);
#4917 = VERTEX_POINT('',#4918);
#4918 = CARTESIAN_POINT('',(975.9,4.8625,-87.86555692505));
#4919 = CIRCLE('',#4920,88.);
#4920 = AXIS2_PLACEMENT_3D('',#4921,#4922,#4923);
#4921 = CARTESIAN_POINT('',(975.9,0.,0.));
#4922 = DIRECTION('',(1.,0.,-0.));
#4923 = DIRECTION('',(0.,0.,1.));
#4924 = ORIENTED_EDGE('',*,*,#4925,.F.);
#4925 = EDGE_CURVE('',#4900,#4917,#4926,.T.);
#4926 = LINE('',#4927,#4928);
#4927 = CARTESIAN_POINT('',(995.,4.8625,-87.86555692505));
#4928 = VECTOR('',#4929,1.);
#4929 = DIRECTION('',(1.,0.,0.));
#4930 = FACE_BOUND('',#4931,.T.);
#4931 = EDGE_LOOP('',(#4932,#4943,#4951,#4960));
#4932 = ORIENTED_EDGE('',*,*,#4933,.F.);
#4933 = EDGE_CURVE('',#4934,#4936,#4938,.T.);
#4934 = VERTEX_POINT('',#4935);
#4935 = CARTESIAN_POINT('',(865.95,87.865556925055,-4.8625));
#4936 = VERTEX_POINT('',#4937);
#4937 = CARTESIAN_POINT('',(865.95,87.865556925055,4.8625));
#4938 = CIRCLE('',#4939,88.);
#4939 = AXIS2_PLACEMENT_3D('',#4940,#4941,#4942);
#4940 = CARTESIAN_POINT('',(865.95,0.,0.));
#4941 = DIRECTION('',(1.,0.,-0.));
#4942 = DIRECTION('',(0.,0.,1.));
#4943 = ORIENTED_EDGE('',*,*,#4944,.T.);
#4944 = EDGE_CURVE('',#4934,#4945,#4947,.T.);
#4945 = VERTEX_POINT('',#4946);
#4946 = CARTESIAN_POINT('',(975.9,87.865556925055,-4.8625));
#4947 = LINE('',#4948,#4949);
#4948 = CARTESIAN_POINT('',(995.,87.865556925055,-4.8625));
#4949 = VECTOR('',#4950,1.);
#4950 = DIRECTION('',(1.,0.,0.));
#4951 = ORIENTED_EDGE('',*,*,#4952,.T.);
#4952 = EDGE_CURVE('',#4945,#4953,#4955,.T.);
#4953 = VERTEX_POINT('',#4954);
#4954 = CARTESIAN_POINT('',(975.9,87.865556925055,4.8625));
#4955 = CIRCLE('',#4956,88.);
#4956 = AXIS2_PLACEMENT_3D('',#4957,#4958,#4959);
#4957 = CARTESIAN_POINT('',(975.9,0.,0.));
#4958 = DIRECTION('',(1.,0.,-0.));
#4959 = DIRECTION('',(0.,0.,1.));
#4960 = ORIENTED_EDGE('',*,*,#4961,.F.);
#4961 = EDGE_CURVE('',#4936,#4953,#4962,.T.);
#4962 = LINE('',#4963,#4964);
#4963 = CARTESIAN_POINT('',(995.,87.865556925055,4.8625));
#4964 = VECTOR('',#4965,1.);
#4965 = DIRECTION('',(1.,0.,0.));
#4966 = CYLINDRICAL_SURFACE('',#4967,88.);
#4967 = AXIS2_PLACEMENT_3D('',#4968,#4969,#4970);
#4968 = CARTESIAN_POINT('',(995.,0.,0.));
#4969 = DIRECTION('',(1.,0.,0.));
#4970 = DIRECTION('',(0.,0.,1.));
#4971 = ADVANCED_FACE('',(#4972),#4991,.F.);
#4972 = FACE_BOUND('',#4973,.F.);
#4973 = EDGE_LOOP('',(#4974,#4982,#4983,#4984));
#4974 = ORIENTED_EDGE('',*,*,#4975,.T.);
#4975 = EDGE_CURVE('',#4976,#4769,#4978,.T.);
#4976 = VERTEX_POINT('',#4977);
#4977 = CARTESIAN_POINT('',(1.00095E+03,1.9E-14,76.));
#4978 = LINE('',#4979,#4980);
#4979 = CARTESIAN_POINT('',(842.95,1.861E-14,76.));
#4980 = VECTOR('',#4981,1.);
#4981 = DIRECTION('',(1.,0.,0.));
#4982 = ORIENTED_EDGE('',*,*,#4768,.F.);
#4983 = ORIENTED_EDGE('',*,*,#4975,.F.);
#4984 = ORIENTED_EDGE('',*,*,#4985,.T.);
#4985 = EDGE_CURVE('',#4976,#4976,#4986,.T.);
#4986 = CIRCLE('',#4987,76.);
#4987 = AXIS2_PLACEMENT_3D('',#4988,#4989,#4990);
#4988 = CARTESIAN_POINT('',(1.00095E+03,0.,0.));
#4989 = DIRECTION('',(1.,0.,-0.));
#4990 = DIRECTION('',(0.,0.,1.));
#4991 = CYLINDRICAL_SURFACE('',#4992,76.);
#4992 = AXIS2_PLACEMENT_3D('',#4993,#4994,#4995);
#4993 = CARTESIAN_POINT('',(842.95,0.,0.));
#4994 = DIRECTION('',(1.,0.,0.));
#4995 = DIRECTION('',(0.,0.,1.));
#4996 = ADVANCED_FACE('',(#4997,#5008,#5019,#5030,#5041,#5052,#5055,
    #5066),#5077,.T.);
#4997 = FACE_BOUND('',#4998,.T.);
#4998 = EDGE_LOOP('',(#4999));
#4999 = ORIENTED_EDGE('',*,*,#5000,.T.);
#5000 = EDGE_CURVE('',#5001,#5001,#5003,.T.);
#5001 = VERTEX_POINT('',#5002);
#5002 = CARTESIAN_POINT('',(841.3,2.8E-14,114.3));
#5003 = CIRCLE('',#5004,114.3);
#5004 = AXIS2_PLACEMENT_3D('',#5005,#5006,#5007);
#5005 = CARTESIAN_POINT('',(841.3,0.,0.));
#5006 = DIRECTION('',(1.,0.,-0.));
#5007 = DIRECTION('',(0.,0.,1.));
#5008 = FACE_BOUND('',#5009,.T.);
#5009 = EDGE_LOOP('',(#5010));
#5010 = ORIENTED_EDGE('',*,*,#5011,.F.);
#5011 = EDGE_CURVE('',#5012,#5012,#5014,.T.);
#5012 = VERTEX_POINT('',#5013);
#5013 = CARTESIAN_POINT('',(841.3,100.,4.9125));
#5014 = CIRCLE('',#5015,4.9125);
#5015 = AXIS2_PLACEMENT_3D('',#5016,#5017,#5018);
#5016 = CARTESIAN_POINT('',(841.3,100.,0.));
#5017 = DIRECTION('',(1.,0.,-0.));
#5018 = DIRECTION('',(0.,0.,1.));
#5019 = FACE_BOUND('',#5020,.T.);
#5020 = EDGE_LOOP('',(#5021));
#5021 = ORIENTED_EDGE('',*,*,#5022,.F.);
#5022 = EDGE_CURVE('',#5023,#5023,#5025,.T.);
#5023 = VERTEX_POINT('',#5024);
#5024 = CARTESIAN_POINT('',(841.3,50.,-81.69004037844));
#5025 = CIRCLE('',#5026,4.9125);
#5026 = AXIS2_PLACEMENT_3D('',#5027,#5028,#5029);
#5027 = CARTESIAN_POINT('',(841.3,50.,-86.60254037844));
#5028 = DIRECTION('',(1.,0.,-0.));
#5029 = DIRECTION('',(0.,0.,1.));
#5030 = FACE_BOUND('',#5031,.T.);
#5031 = EDGE_LOOP('',(#5032));
#5032 = ORIENTED_EDGE('',*,*,#5033,.F.);
#5033 = EDGE_CURVE('',#5034,#5034,#5036,.T.);
#5034 = VERTEX_POINT('',#5035);
#5035 = CARTESIAN_POINT('',(841.3,50.,91.515040378444));
#5036 = CIRCLE('',#5037,4.9125);
#5037 = AXIS2_PLACEMENT_3D('',#5038,#5039,#5040);
#5038 = CARTESIAN_POINT('',(841.3,50.,86.602540378444));
#5039 = DIRECTION('',(1.,0.,-0.));
#5040 = DIRECTION('',(0.,0.,1.));
#5041 = FACE_BOUND('',#5042,.T.);
#5042 = EDGE_LOOP('',(#5043));
#5043 = ORIENTED_EDGE('',*,*,#5044,.F.);
#5044 = EDGE_CURVE('',#5045,#5045,#5047,.T.);
#5045 = VERTEX_POINT('',#5046);
#5046 = CARTESIAN_POINT('',(841.3,-50.,-81.69004037844));
#5047 = CIRCLE('',#5048,4.9125);
#5048 = AXIS2_PLACEMENT_3D('',#5049,#5050,#5051);
#5049 = CARTESIAN_POINT('',(841.3,-50.,-86.60254037844));
#5050 = DIRECTION('',(1.,0.,-0.));
#5051 = DIRECTION('',(0.,0.,1.));
#5052 = FACE_BOUND('',#5053,.T.);
#5053 = EDGE_LOOP('',(#5054));
#5054 = ORIENTED_EDGE('',*,*,#4785,.F.);
#5055 = FACE_BOUND('',#5056,.T.);
#5056 = EDGE_LOOP('',(#5057));
#5057 = ORIENTED_EDGE('',*,*,#5058,.F.);
#5058 = EDGE_CURVE('',#5059,#5059,#5061,.T.);
#5059 = VERTEX_POINT('',#5060);
#5060 = CARTESIAN_POINT('',(841.3,-50.,91.515040378444));
#5061 = CIRCLE('',#5062,4.9125);
#5062 = AXIS2_PLACEMENT_3D('',#5063,#5064,#5065);
#5063 = CARTESIAN_POINT('',(841.3,-50.,86.602540378444));
#5064 = DIRECTION('',(1.,0.,-0.));
#5065 = DIRECTION('',(0.,0.,1.));
#5066 = FACE_BOUND('',#5067,.T.);
#5067 = EDGE_LOOP('',(#5068));
#5068 = ORIENTED_EDGE('',*,*,#5069,.F.);
#5069 = EDGE_CURVE('',#5070,#5070,#5072,.T.);
#5070 = VERTEX_POINT('',#5071);
#5071 = CARTESIAN_POINT('',(841.3,-100.,4.9125));
#5072 = CIRCLE('',#5073,4.9125);
#5073 = AXIS2_PLACEMENT_3D('',#5074,#5075,#5076);
#5074 = CARTESIAN_POINT('',(841.3,-100.,1.225E-14));
#5075 = DIRECTION('',(1.,0.,-0.));
#5076 = DIRECTION('',(0.,0.,1.));
#5077 = PLANE('',#5078);
#5078 = AXIS2_PLACEMENT_3D('',#5079,#5080,#5081);
#5079 = CARTESIAN_POINT('',(841.3,0.,0.));
#5080 = DIRECTION('',(1.,0.,0.));
#5081 = DIRECTION('',(0.,0.,1.));
#5082 = ADVANCED_FACE('',(#5083),#5109,.T.);
#5083 = FACE_BOUND('',#5084,.T.);
#5084 = EDGE_LOOP('',(#5085,#5093,#5101,#5107,#5108));
#5085 = ORIENTED_EDGE('',*,*,#5086,.F.);
#5086 = EDGE_CURVE('',#5087,#4844,#5089,.T.);
#5087 = VERTEX_POINT('',#5088);
#5088 = CARTESIAN_POINT('',(865.95,-4.8625,78.475));
#5089 = LINE('',#5090,#5091);
#5090 = CARTESIAN_POINT('',(865.95,-4.8625,78.475));
#5091 = VECTOR('',#5092,1.);
#5092 = DIRECTION('',(0.,0.,1.));
#5093 = ORIENTED_EDGE('',*,*,#5094,.F.);
#5094 = EDGE_CURVE('',#5095,#5087,#5097,.T.);
#5095 = VERTEX_POINT('',#5096);
#5096 = CARTESIAN_POINT('',(865.95,4.8625,78.475));
#5097 = LINE('',#5098,#5099);
#5098 = CARTESIAN_POINT('',(865.95,4.8625,78.475));
#5099 = VECTOR('',#5100,1.);
#5100 = DIRECTION('',(0.,-1.,0.));
#5101 = ORIENTED_EDGE('',*,*,#5102,.T.);
#5102 = EDGE_CURVE('',#5095,#4802,#5103,.T.);
#5103 = LINE('',#5104,#5105);
#5104 = CARTESIAN_POINT('',(865.95,4.8625,78.475));
#5105 = VECTOR('',#5106,1.);
#5106 = DIRECTION('',(0.,0.,1.));
#5107 = ORIENTED_EDGE('',*,*,#4801,.T.);
#5108 = ORIENTED_EDGE('',*,*,#4851,.T.);
#5109 = PLANE('',#5110);
#5110 = AXIS2_PLACEMENT_3D('',#5111,#5112,#5113);
#5111 = CARTESIAN_POINT('',(865.95,4.8625,78.475));
#5112 = DIRECTION('',(1.,0.,0.));
#5113 = DIRECTION('',(0.,-1.,0.));
#5114 = ADVANCED_FACE('',(#5115),#5133,.F.);
#5115 = FACE_BOUND('',#5116,.F.);
#5116 = EDGE_LOOP('',(#5117,#5118,#5126,#5132));
#5117 = ORIENTED_EDGE('',*,*,#5086,.F.);
#5118 = ORIENTED_EDGE('',*,*,#5119,.T.);
#5119 = EDGE_CURVE('',#5087,#5120,#5122,.T.);
#5120 = VERTEX_POINT('',#5121);
#5121 = CARTESIAN_POINT('',(975.9,-4.8625,78.475));
#5122 = LINE('',#5123,#5124);
#5123 = CARTESIAN_POINT('',(865.95,-4.8625,78.475));
#5124 = VECTOR('',#5125,1.);
#5125 = DIRECTION('',(1.,0.,0.));
#5126 = ORIENTED_EDGE('',*,*,#5127,.T.);
#5127 = EDGE_CURVE('',#5120,#4835,#5128,.T.);
#5128 = LINE('',#5129,#5130);
#5129 = CARTESIAN_POINT('',(975.9,-4.8625,78.475));
#5130 = VECTOR('',#5131,1.);
#5131 = DIRECTION('',(0.,0.,1.));
#5132 = ORIENTED_EDGE('',*,*,#4843,.F.);
#5133 = PLANE('',#5134);
#5134 = AXIS2_PLACEMENT_3D('',#5135,#5136,#5137);
#5135 = CARTESIAN_POINT('',(865.95,-4.8625,78.475));
#5136 = DIRECTION('',(0.,-1.,0.));
#5137 = DIRECTION('',(1.,0.,0.));
#5138 = ADVANCED_FACE('',(#5139),#5158,.F.);
#5139 = FACE_BOUND('',#5140,.F.);
#5140 = EDGE_LOOP('',(#5141,#5142,#5150,#5156,#5157));
#5141 = ORIENTED_EDGE('',*,*,#5127,.F.);
#5142 = ORIENTED_EDGE('',*,*,#5143,.F.);
#5143 = EDGE_CURVE('',#5144,#5120,#5146,.T.);
#5144 = VERTEX_POINT('',#5145);
#5145 = CARTESIAN_POINT('',(975.9,4.8625,78.475));
#5146 = LINE('',#5147,#5148);
#5147 = CARTESIAN_POINT('',(975.9,4.8625,78.475));
#5148 = VECTOR('',#5149,1.);
#5149 = DIRECTION('',(0.,-1.,0.));
#5150 = ORIENTED_EDGE('',*,*,#5151,.T.);
#5151 = EDGE_CURVE('',#5144,#4811,#5152,.T.);
#5152 = LINE('',#5153,#5154);
#5153 = CARTESIAN_POINT('',(975.9,4.8625,78.475));
#5154 = VECTOR('',#5155,1.);
#5155 = DIRECTION('',(0.,0.,1.));
#5156 = ORIENTED_EDGE('',*,*,#4818,.T.);
#5157 = ORIENTED_EDGE('',*,*,#4834,.T.);
#5158 = PLANE('',#5159);
#5159 = AXIS2_PLACEMENT_3D('',#5160,#5161,#5162);
#5160 = CARTESIAN_POINT('',(975.9,4.8625,78.475));
#5161 = DIRECTION('',(1.,0.,0.));
#5162 = DIRECTION('',(0.,-1.,0.));
#5163 = ADVANCED_FACE('',(#5164),#5175,.T.);
#5164 = FACE_BOUND('',#5165,.T.);
#5165 = EDGE_LOOP('',(#5166,#5167,#5173,#5174));
#5166 = ORIENTED_EDGE('',*,*,#5102,.F.);
#5167 = ORIENTED_EDGE('',*,*,#5168,.T.);
#5168 = EDGE_CURVE('',#5095,#5144,#5169,.T.);
#5169 = LINE('',#5170,#5171);
#5170 = CARTESIAN_POINT('',(865.95,4.8625,78.475));
#5171 = VECTOR('',#5172,1.);
#5172 = DIRECTION('',(1.,0.,0.));
#5173 = ORIENTED_EDGE('',*,*,#5151,.T.);
#5174 = ORIENTED_EDGE('',*,*,#4810,.F.);
#5175 = PLANE('',#5176);
#5176 = AXIS2_PLACEMENT_3D('',#5177,#5178,#5179);
#5177 = CARTESIAN_POINT('',(865.95,4.8625,78.475));
#5178 = DIRECTION('',(0.,-1.,0.));
#5179 = DIRECTION('',(1.,0.,0.));
#5180 = ADVANCED_FACE('',(#5181),#5206,.T.);
#5181 = FACE_BOUND('',#5182,.T.);
#5182 = EDGE_LOOP('',(#5183,#5191,#5199,#5205));
#5183 = ORIENTED_EDGE('',*,*,#5184,.F.);
#5184 = EDGE_CURVE('',#5185,#4864,#5187,.T.);
#5185 = VERTEX_POINT('',#5186);
#5186 = CARTESIAN_POINT('',(865.95,-78.475,-4.8625));
#5187 = LINE('',#5188,#5189);
#5188 = CARTESIAN_POINT('',(865.95,-78.475,-4.8625));
#5189 = VECTOR('',#5190,1.);
#5190 = DIRECTION('',(0.,-1.,0.));
#5191 = ORIENTED_EDGE('',*,*,#5192,.F.);
#5192 = EDGE_CURVE('',#5193,#5185,#5195,.T.);
#5193 = VERTEX_POINT('',#5194);
#5194 = CARTESIAN_POINT('',(865.95,-78.475,4.8625));
#5195 = LINE('',#5196,#5197);
#5196 = CARTESIAN_POINT('',(865.95,-78.475,4.8625));
#5197 = VECTOR('',#5198,1.);
#5198 = DIRECTION('',(0.,0.,-1.));
#5199 = ORIENTED_EDGE('',*,*,#5200,.T.);
#5200 = EDGE_CURVE('',#5193,#4862,#5201,.T.);
#5201 = LINE('',#5202,#5203);
#5202 = CARTESIAN_POINT('',(865.95,-78.475,4.8625));
#5203 = VECTOR('',#5204,1.);
#5204 = DIRECTION('',(0.,-1.,0.));
#5205 = ORIENTED_EDGE('',*,*,#4861,.T.);
#5206 = PLANE('',#5207);
#5207 = AXIS2_PLACEMENT_3D('',#5208,#5209,#5210);
#5208 = CARTESIAN_POINT('',(865.95,-78.475,4.8625));
#5209 = DIRECTION('',(1.,0.,0.));
#5210 = DIRECTION('',(0.,0.,-1.));
#5211 = ADVANCED_FACE('',(#5212),#5230,.T.);
#5212 = FACE_BOUND('',#5213,.T.);
#5213 = EDGE_LOOP('',(#5214,#5215,#5223,#5229));
#5214 = ORIENTED_EDGE('',*,*,#5200,.F.);
#5215 = ORIENTED_EDGE('',*,*,#5216,.T.);
#5216 = EDGE_CURVE('',#5193,#5217,#5219,.T.);
#5217 = VERTEX_POINT('',#5218);
#5218 = CARTESIAN_POINT('',(975.9,-78.475,4.8625));
#5219 = LINE('',#5220,#5221);
#5220 = CARTESIAN_POINT('',(865.95,-78.475,4.8625));
#5221 = VECTOR('',#5222,1.);
#5222 = DIRECTION('',(1.,0.,0.));
#5223 = ORIENTED_EDGE('',*,*,#5224,.T.);
#5224 = EDGE_CURVE('',#5217,#4873,#5225,.T.);
#5225 = LINE('',#5226,#5227);
#5226 = CARTESIAN_POINT('',(975.9,-78.475,4.8625));
#5227 = VECTOR('',#5228,1.);
#5228 = DIRECTION('',(0.,-1.,0.));
#5229 = ORIENTED_EDGE('',*,*,#4872,.F.);
#5230 = PLANE('',#5231);
#5231 = AXIS2_PLACEMENT_3D('',#5232,#5233,#5234);
#5232 = CARTESIAN_POINT('',(865.95,-78.475,4.8625));
#5233 = DIRECTION('',(0.,0.,-1.));
#5234 = DIRECTION('',(1.,0.,0.));
#5235 = ADVANCED_FACE('',(#5236),#5254,.F.);
#5236 = FACE_BOUND('',#5237,.F.);
#5237 = EDGE_LOOP('',(#5238,#5239,#5247,#5253));
#5238 = ORIENTED_EDGE('',*,*,#5184,.F.);
#5239 = ORIENTED_EDGE('',*,*,#5240,.T.);
#5240 = EDGE_CURVE('',#5185,#5241,#5243,.T.);
#5241 = VERTEX_POINT('',#5242);
#5242 = CARTESIAN_POINT('',(975.9,-78.475,-4.8625));
#5243 = LINE('',#5244,#5245);
#5244 = CARTESIAN_POINT('',(865.95,-78.475,-4.8625));
#5245 = VECTOR('',#5246,1.);
#5246 = DIRECTION('',(1.,0.,0.));
#5247 = ORIENTED_EDGE('',*,*,#5248,.T.);
#5248 = EDGE_CURVE('',#5241,#4881,#5249,.T.);
#5249 = LINE('',#5250,#5251);
#5250 = CARTESIAN_POINT('',(975.9,-78.475,-4.8625));
#5251 = VECTOR('',#5252,1.);
#5252 = DIRECTION('',(0.,-1.,0.));
#5253 = ORIENTED_EDGE('',*,*,#4889,.F.);
#5254 = PLANE('',#5255);
#5255 = AXIS2_PLACEMENT_3D('',#5256,#5257,#5258);
#5256 = CARTESIAN_POINT('',(865.95,-78.475,-4.8625));
#5257 = DIRECTION('',(0.,0.,-1.));
#5258 = DIRECTION('',(1.,0.,0.));
#5259 = ADVANCED_FACE('',(#5260),#5271,.F.);
#5260 = FACE_BOUND('',#5261,.F.);
#5261 = EDGE_LOOP('',(#5262,#5263,#5269,#5270));
#5262 = ORIENTED_EDGE('',*,*,#5248,.F.);
#5263 = ORIENTED_EDGE('',*,*,#5264,.F.);
#5264 = EDGE_CURVE('',#5217,#5241,#5265,.T.);
#5265 = LINE('',#5266,#5267);
#5266 = CARTESIAN_POINT('',(975.9,-78.475,4.8625));
#5267 = VECTOR('',#5268,1.);
#5268 = DIRECTION('',(0.,0.,-1.));
#5269 = ORIENTED_EDGE('',*,*,#5224,.T.);
#5270 = ORIENTED_EDGE('',*,*,#4880,.T.);
#5271 = PLANE('',#5272);
#5272 = AXIS2_PLACEMENT_3D('',#5273,#5274,#5275);
#5273 = CARTESIAN_POINT('',(975.9,-78.475,4.8625));
#5274 = DIRECTION('',(1.,0.,0.));
#5275 = DIRECTION('',(0.,0.,-1.));
#5276 = ADVANCED_FACE('',(#5277),#5302,.T.);
#5277 = FACE_BOUND('',#5278,.T.);
#5278 = EDGE_LOOP('',(#5279,#5287,#5295,#5301));
#5279 = ORIENTED_EDGE('',*,*,#5280,.F.);
#5280 = EDGE_CURVE('',#5281,#4900,#5283,.T.);
#5281 = VERTEX_POINT('',#5282);
#5282 = CARTESIAN_POINT('',(865.95,4.8625,-78.475));
#5283 = LINE('',#5284,#5285);
#5284 = CARTESIAN_POINT('',(865.95,4.8625,-78.475));
#5285 = VECTOR('',#5286,1.);
#5286 = DIRECTION('',(0.,0.,-1.));
#5287 = ORIENTED_EDGE('',*,*,#5288,.F.);
#5288 = EDGE_CURVE('',#5289,#5281,#5291,.T.);
#5289 = VERTEX_POINT('',#5290);
#5290 = CARTESIAN_POINT('',(865.95,-4.8625,-78.475));
#5291 = LINE('',#5292,#5293);
#5292 = CARTESIAN_POINT('',(865.95,-4.8625,-78.475));
#5293 = VECTOR('',#5294,1.);
#5294 = DIRECTION('',(0.,1.,0.));
#5295 = ORIENTED_EDGE('',*,*,#5296,.T.);
#5296 = EDGE_CURVE('',#5289,#4898,#5297,.T.);
#5297 = LINE('',#5298,#5299);
#5298 = CARTESIAN_POINT('',(865.95,-4.8625,-78.475));
#5299 = VECTOR('',#5300,1.);
#5300 = DIRECTION('',(0.,0.,-1.));
#5301 = ORIENTED_EDGE('',*,*,#4897,.T.);
#5302 = PLANE('',#5303);
#5303 = AXIS2_PLACEMENT_3D('',#5304,#5305,#5306);
#5304 = CARTESIAN_POINT('',(865.95,-4.8625,-78.475));
#5305 = DIRECTION('',(1.,0.,0.));
#5306 = DIRECTION('',(0.,1.,0.));
#5307 = ADVANCED_FACE('',(#5308),#5326,.F.);
#5308 = FACE_BOUND('',#5309,.F.);
#5309 = EDGE_LOOP('',(#5310,#5311,#5319,#5325));
#5310 = ORIENTED_EDGE('',*,*,#5280,.F.);
#5311 = ORIENTED_EDGE('',*,*,#5312,.T.);
#5312 = EDGE_CURVE('',#5281,#5313,#5315,.T.);
#5313 = VERTEX_POINT('',#5314);
#5314 = CARTESIAN_POINT('',(975.9,4.8625,-78.475));
#5315 = LINE('',#5316,#5317);
#5316 = CARTESIAN_POINT('',(865.95,4.8625,-78.475));
#5317 = VECTOR('',#5318,1.);
#5318 = DIRECTION('',(1.,0.,0.));
#5319 = ORIENTED_EDGE('',*,*,#5320,.T.);
#5320 = EDGE_CURVE('',#5313,#4917,#5321,.T.);
#5321 = LINE('',#5322,#5323);
#5322 = CARTESIAN_POINT('',(975.9,4.8625,-78.475));
#5323 = VECTOR('',#5324,1.);
#5324 = DIRECTION('',(0.,0.,-1.));
#5325 = ORIENTED_EDGE('',*,*,#4925,.F.);
#5326 = PLANE('',#5327);
#5327 = AXIS2_PLACEMENT_3D('',#5328,#5329,#5330);
#5328 = CARTESIAN_POINT('',(865.95,4.8625,-78.475));
#5329 = DIRECTION('',(0.,1.,0.));
#5330 = DIRECTION('',(1.,0.,0.));
#5331 = ADVANCED_FACE('',(#5332),#5350,.F.);
#5332 = FACE_BOUND('',#5333,.F.);
#5333 = EDGE_LOOP('',(#5334,#5335,#5343,#5349));
#5334 = ORIENTED_EDGE('',*,*,#5320,.F.);
#5335 = ORIENTED_EDGE('',*,*,#5336,.F.);
#5336 = EDGE_CURVE('',#5337,#5313,#5339,.T.);
#5337 = VERTEX_POINT('',#5338);
#5338 = CARTESIAN_POINT('',(975.9,-4.8625,-78.475));
#5339 = LINE('',#5340,#5341);
#5340 = CARTESIAN_POINT('',(975.9,-4.8625,-78.475));
#5341 = VECTOR('',#5342,1.);
#5342 = DIRECTION('',(0.,1.,0.));
#5343 = ORIENTED_EDGE('',*,*,#5344,.T.);
#5344 = EDGE_CURVE('',#5337,#4909,#5345,.T.);
#5345 = LINE('',#5346,#5347);
#5346 = CARTESIAN_POINT('',(975.9,-4.8625,-78.475));
#5347 = VECTOR('',#5348,1.);
#5348 = DIRECTION('',(0.,0.,-1.));
#5349 = ORIENTED_EDGE('',*,*,#4916,.T.);
#5350 = PLANE('',#5351);
#5351 = AXIS2_PLACEMENT_3D('',#5352,#5353,#5354);
#5352 = CARTESIAN_POINT('',(975.9,-4.8625,-78.475));
#5353 = DIRECTION('',(1.,0.,0.));
#5354 = DIRECTION('',(0.,1.,0.));
#5355 = ADVANCED_FACE('',(#5356),#5367,.T.);
#5356 = FACE_BOUND('',#5357,.T.);
#5357 = EDGE_LOOP('',(#5358,#5359,#5365,#5366));
#5358 = ORIENTED_EDGE('',*,*,#5296,.F.);
#5359 = ORIENTED_EDGE('',*,*,#5360,.T.);
#5360 = EDGE_CURVE('',#5289,#5337,#5361,.T.);
#5361 = LINE('',#5362,#5363);
#5362 = CARTESIAN_POINT('',(865.95,-4.8625,-78.475));
#5363 = VECTOR('',#5364,1.);
#5364 = DIRECTION('',(1.,0.,0.));
#5365 = ORIENTED_EDGE('',*,*,#5344,.T.);
#5366 = ORIENTED_EDGE('',*,*,#4908,.F.);
#5367 = PLANE('',#5368);
#5368 = AXIS2_PLACEMENT_3D('',#5369,#5370,#5371);
#5369 = CARTESIAN_POINT('',(865.95,-4.8625,-78.475));
#5370 = DIRECTION('',(0.,1.,0.));
#5371 = DIRECTION('',(1.,0.,0.));
#5372 = ADVANCED_FACE('',(#5373),#5398,.T.);
#5373 = FACE_BOUND('',#5374,.T.);
#5374 = EDGE_LOOP('',(#5375,#5383,#5391,#5397));
#5375 = ORIENTED_EDGE('',*,*,#5376,.F.);
#5376 = EDGE_CURVE('',#5377,#4936,#5379,.T.);
#5377 = VERTEX_POINT('',#5378);
#5378 = CARTESIAN_POINT('',(865.95,78.475,4.8625));
#5379 = LINE('',#5380,#5381);
#5380 = CARTESIAN_POINT('',(865.95,78.475,4.8625));
#5381 = VECTOR('',#5382,1.);
#5382 = DIRECTION('',(0.,1.,0.));
#5383 = ORIENTED_EDGE('',*,*,#5384,.F.);
#5384 = EDGE_CURVE('',#5385,#5377,#5387,.T.);
#5385 = VERTEX_POINT('',#5386);
#5386 = CARTESIAN_POINT('',(865.95,78.475,-4.8625));
#5387 = LINE('',#5388,#5389);
#5388 = CARTESIAN_POINT('',(865.95,78.475,-4.8625));
#5389 = VECTOR('',#5390,1.);
#5390 = DIRECTION('',(0.,0.,1.));
#5391 = ORIENTED_EDGE('',*,*,#5392,.T.);
#5392 = EDGE_CURVE('',#5385,#4934,#5393,.T.);
#5393 = LINE('',#5394,#5395);
#5394 = CARTESIAN_POINT('',(865.95,78.475,-4.8625));
#5395 = VECTOR('',#5396,1.);
#5396 = DIRECTION('',(0.,1.,0.));
#5397 = ORIENTED_EDGE('',*,*,#4933,.T.);
#5398 = PLANE('',#5399);
#5399 = AXIS2_PLACEMENT_3D('',#5400,#5401,#5402);
#5400 = CARTESIAN_POINT('',(865.95,78.475,-4.8625));
#5401 = DIRECTION('',(1.,0.,0.));
#5402 = DIRECTION('',(0.,0.,1.));
#5403 = ADVANCED_FACE('',(#5404),#5422,.T.);
#5404 = FACE_BOUND('',#5405,.T.);
#5405 = EDGE_LOOP('',(#5406,#5407,#5415,#5421));
#5406 = ORIENTED_EDGE('',*,*,#5392,.F.);
#5407 = ORIENTED_EDGE('',*,*,#5408,.T.);
#5408 = EDGE_CURVE('',#5385,#5409,#5411,.T.);
#5409 = VERTEX_POINT('',#5410);
#5410 = CARTESIAN_POINT('',(975.9,78.475,-4.8625));
#5411 = LINE('',#5412,#5413);
#5412 = CARTESIAN_POINT('',(865.95,78.475,-4.8625));
#5413 = VECTOR('',#5414,1.);
#5414 = DIRECTION('',(1.,0.,0.));
#5415 = ORIENTED_EDGE('',*,*,#5416,.T.);
#5416 = EDGE_CURVE('',#5409,#4945,#5417,.T.);
#5417 = LINE('',#5418,#5419);
#5418 = CARTESIAN_POINT('',(975.9,78.475,-4.8625));
#5419 = VECTOR('',#5420,1.);
#5420 = DIRECTION('',(0.,1.,0.));
#5421 = ORIENTED_EDGE('',*,*,#4944,.F.);
#5422 = PLANE('',#5423);
#5423 = AXIS2_PLACEMENT_3D('',#5424,#5425,#5426);
#5424 = CARTESIAN_POINT('',(865.95,78.475,-4.8625));
#5425 = DIRECTION('',(0.,0.,1.));
#5426 = DIRECTION('',(1.,0.,0.));
#5427 = ADVANCED_FACE('',(#5428),#5446,.F.);
#5428 = FACE_BOUND('',#5429,.F.);
#5429 = EDGE_LOOP('',(#5430,#5431,#5439,#5445));
#5430 = ORIENTED_EDGE('',*,*,#5376,.F.);
#5431 = ORIENTED_EDGE('',*,*,#5432,.T.);
#5432 = EDGE_CURVE('',#5377,#5433,#5435,.T.);
#5433 = VERTEX_POINT('',#5434);
#5434 = CARTESIAN_POINT('',(975.9,78.475,4.8625));
#5435 = LINE('',#5436,#5437);
#5436 = CARTESIAN_POINT('',(865.95,78.475,4.8625));
#5437 = VECTOR('',#5438,1.);
#5438 = DIRECTION('',(1.,0.,0.));
#5439 = ORIENTED_EDGE('',*,*,#5440,.T.);
#5440 = EDGE_CURVE('',#5433,#4953,#5441,.T.);
#5441 = LINE('',#5442,#5443);
#5442 = CARTESIAN_POINT('',(975.9,78.475,4.8625));
#5443 = VECTOR('',#5444,1.);
#5444 = DIRECTION('',(0.,1.,0.));
#5445 = ORIENTED_EDGE('',*,*,#4961,.F.);
#5446 = PLANE('',#5447);
#5447 = AXIS2_PLACEMENT_3D('',#5448,#5449,#5450);
#5448 = CARTESIAN_POINT('',(865.95,78.475,4.8625));
#5449 = DIRECTION('',(0.,0.,1.));
#5450 = DIRECTION('',(1.,0.,0.));
#5451 = ADVANCED_FACE('',(#5452),#5463,.F.);
#5452 = FACE_BOUND('',#5453,.F.);
#5453 = EDGE_LOOP('',(#5454,#5455,#5461,#5462));
#5454 = ORIENTED_EDGE('',*,*,#5440,.F.);
#5455 = ORIENTED_EDGE('',*,*,#5456,.F.);
#5456 = EDGE_CURVE('',#5409,#5433,#5457,.T.);
#5457 = LINE('',#5458,#5459);
#5458 = CARTESIAN_POINT('',(975.9,78.475,-4.8625));
#5459 = VECTOR('',#5460,1.);
#5460 = DIRECTION('',(0.,0.,1.));
#5461 = ORIENTED_EDGE('',*,*,#5416,.T.);
#5462 = ORIENTED_EDGE('',*,*,#4952,.T.);
#5463 = PLANE('',#5464);
#5464 = AXIS2_PLACEMENT_3D('',#5465,#5466,#5467);
#5465 = CARTESIAN_POINT('',(975.9,78.475,-4.8625));
#5466 = DIRECTION('',(1.,0.,0.));
#5467 = DIRECTION('',(0.,0.,1.));
#5468 = ADVANCED_FACE('',(#5469,#5480),#5483,.F.);
#5469 = FACE_BOUND('',#5470,.F.);
#5470 = EDGE_LOOP('',(#5471));
#5471 = ORIENTED_EDGE('',*,*,#5472,.T.);
#5472 = EDGE_CURVE('',#5473,#5473,#5475,.T.);
#5473 = VERTEX_POINT('',#5474);
#5474 = CARTESIAN_POINT('',(1.00095E+03,1.9E-14,79.));
#5475 = CIRCLE('',#5476,79.);
#5476 = AXIS2_PLACEMENT_3D('',#5477,#5478,#5479);
#5477 = CARTESIAN_POINT('',(1.00095E+03,0.,0.));
#5478 = DIRECTION('',(1.,0.,-0.));
#5479 = DIRECTION('',(0.,0.,1.));
#5480 = FACE_BOUND('',#5481,.F.);
#5481 = EDGE_LOOP('',(#5482));
#5482 = ORIENTED_EDGE('',*,*,#4985,.F.);
#5483 = PLANE('',#5484);
#5484 = AXIS2_PLACEMENT_3D('',#5485,#5486,#5487);
#5485 = CARTESIAN_POINT('',(1.00095E+03,0.,0.));
#5486 = DIRECTION('',(1.,0.,0.));
#5487 = DIRECTION('',(0.,0.,1.));
#5488 = ADVANCED_FACE('',(#5489),#5508,.T.);
#5489 = FACE_BOUND('',#5490,.T.);
#5490 = EDGE_LOOP('',(#5491,#5492,#5500,#5507));
#5491 = ORIENTED_EDGE('',*,*,#5000,.F.);
#5492 = ORIENTED_EDGE('',*,*,#5493,.F.);
#5493 = EDGE_CURVE('',#5494,#5001,#5496,.T.);
#5494 = VERTEX_POINT('',#5495);
#5495 = CARTESIAN_POINT('',(834.95,2.8E-14,114.3));
#5496 = LINE('',#5497,#5498);
#5497 = CARTESIAN_POINT('',(834.95,2.8E-14,114.3));
#5498 = VECTOR('',#5499,1.);
#5499 = DIRECTION('',(1.,0.,0.));
#5500 = ORIENTED_EDGE('',*,*,#5501,.T.);
#5501 = EDGE_CURVE('',#5494,#5494,#5502,.T.);
#5502 = CIRCLE('',#5503,114.3);
#5503 = AXIS2_PLACEMENT_3D('',#5504,#5505,#5506);
#5504 = CARTESIAN_POINT('',(834.95,0.,0.));
#5505 = DIRECTION('',(1.,0.,-0.));
#5506 = DIRECTION('',(0.,0.,1.));
#5507 = ORIENTED_EDGE('',*,*,#5493,.T.);
#5508 = CYLINDRICAL_SURFACE('',#5509,114.3);
#5509 = AXIS2_PLACEMENT_3D('',#5510,#5511,#5512);
#5510 = CARTESIAN_POINT('',(834.95,0.,0.));
#5511 = DIRECTION('',(1.,0.,0.));
#5512 = DIRECTION('',(0.,0.,1.));
#5513 = ADVANCED_FACE('',(#5514),#5533,.F.);
#5514 = FACE_BOUND('',#5515,.F.);
#5515 = EDGE_LOOP('',(#5516,#5517,#5525,#5532));
#5516 = ORIENTED_EDGE('',*,*,#5011,.F.);
#5517 = ORIENTED_EDGE('',*,*,#5518,.F.);
#5518 = EDGE_CURVE('',#5519,#5012,#5521,.T.);
#5519 = VERTEX_POINT('',#5520);
#5520 = CARTESIAN_POINT('',(834.95,100.,4.9125));
#5521 = LINE('',#5522,#5523);
#5522 = CARTESIAN_POINT('',(833.95,100.,4.9125));
#5523 = VECTOR('',#5524,1.);
#5524 = DIRECTION('',(1.,0.,0.));
#5525 = ORIENTED_EDGE('',*,*,#5526,.T.);
#5526 = EDGE_CURVE('',#5519,#5519,#5527,.T.);
#5527 = CIRCLE('',#5528,4.9125);
#5528 = AXIS2_PLACEMENT_3D('',#5529,#5530,#5531);
#5529 = CARTESIAN_POINT('',(834.95,100.,0.));
#5530 = DIRECTION('',(1.,0.,-0.));
#5531 = DIRECTION('',(0.,0.,1.));
#5532 = ORIENTED_EDGE('',*,*,#5518,.T.);
#5533 = CYLINDRICAL_SURFACE('',#5534,4.9125);
#5534 = AXIS2_PLACEMENT_3D('',#5535,#5536,#5537);
#5535 = CARTESIAN_POINT('',(833.95,100.,0.));
#5536 = DIRECTION('',(1.,0.,0.));
#5537 = DIRECTION('',(0.,0.,1.));
#5538 = ADVANCED_FACE('',(#5539),#5558,.F.);
#5539 = FACE_BOUND('',#5540,.F.);
#5540 = EDGE_LOOP('',(#5541,#5542,#5550,#5557));
#5541 = ORIENTED_EDGE('',*,*,#5022,.F.);
#5542 = ORIENTED_EDGE('',*,*,#5543,.F.);
#5543 = EDGE_CURVE('',#5544,#5023,#5546,.T.);
#5544 = VERTEX_POINT('',#5545);
#5545 = CARTESIAN_POINT('',(834.95,50.,-81.69004037844));
#5546 = LINE('',#5547,#5548);
#5547 = CARTESIAN_POINT('',(833.95,50.,-81.69004037844));
#5548 = VECTOR('',#5549,1.);
#5549 = DIRECTION('',(1.,0.,0.));
#5550 = ORIENTED_EDGE('',*,*,#5551,.T.);
#5551 = EDGE_CURVE('',#5544,#5544,#5552,.T.);
#5552 = CIRCLE('',#5553,4.9125);
#5553 = AXIS2_PLACEMENT_3D('',#5554,#5555,#5556);
#5554 = CARTESIAN_POINT('',(834.95,50.,-86.60254037844));
#5555 = DIRECTION('',(1.,0.,-0.));
#5556 = DIRECTION('',(0.,0.,1.));
#5557 = ORIENTED_EDGE('',*,*,#5543,.T.);
#5558 = CYLINDRICAL_SURFACE('',#5559,4.9125);
#5559 = AXIS2_PLACEMENT_3D('',#5560,#5561,#5562);
#5560 = CARTESIAN_POINT('',(833.95,50.,-86.60254037844));
#5561 = DIRECTION('',(1.,0.,0.));
#5562 = DIRECTION('',(0.,0.,1.));
#5563 = ADVANCED_FACE('',(#5564),#5583,.F.);
#5564 = FACE_BOUND('',#5565,.F.);
#5565 = EDGE_LOOP('',(#5566,#5567,#5575,#5582));
#5566 = ORIENTED_EDGE('',*,*,#5033,.F.);
#5567 = ORIENTED_EDGE('',*,*,#5568,.F.);
#5568 = EDGE_CURVE('',#5569,#5034,#5571,.T.);
#5569 = VERTEX_POINT('',#5570);
#5570 = CARTESIAN_POINT('',(834.95,50.,91.515040378444));
#5571 = LINE('',#5572,#5573);
#5572 = CARTESIAN_POINT('',(833.95,50.,91.515040378444));
#5573 = VECTOR('',#5574,1.);
#5574 = DIRECTION('',(1.,0.,0.));
#5575 = ORIENTED_EDGE('',*,*,#5576,.T.);
#5576 = EDGE_CURVE('',#5569,#5569,#5577,.T.);
#5577 = CIRCLE('',#5578,4.9125);
#5578 = AXIS2_PLACEMENT_3D('',#5579,#5580,#5581);
#5579 = CARTESIAN_POINT('',(834.95,50.,86.602540378444));
#5580 = DIRECTION('',(1.,0.,-0.));
#5581 = DIRECTION('',(0.,0.,1.));
#5582 = ORIENTED_EDGE('',*,*,#5568,.T.);
#5583 = CYLINDRICAL_SURFACE('',#5584,4.9125);
#5584 = AXIS2_PLACEMENT_3D('',#5585,#5586,#5587);
#5585 = CARTESIAN_POINT('',(833.95,50.,86.602540378444));
#5586 = DIRECTION('',(1.,0.,0.));
#5587 = DIRECTION('',(0.,0.,1.));
#5588 = ADVANCED_FACE('',(#5589),#5608,.F.);
#5589 = FACE_BOUND('',#5590,.F.);
#5590 = EDGE_LOOP('',(#5591,#5592,#5600,#5607));
#5591 = ORIENTED_EDGE('',*,*,#5044,.F.);
#5592 = ORIENTED_EDGE('',*,*,#5593,.F.);
#5593 = EDGE_CURVE('',#5594,#5045,#5596,.T.);
#5594 = VERTEX_POINT('',#5595);
#5595 = CARTESIAN_POINT('',(834.95,-50.,-81.69004037844));
#5596 = LINE('',#5597,#5598);
#5597 = CARTESIAN_POINT('',(833.95,-50.,-81.69004037844));
#5598 = VECTOR('',#5599,1.);
#5599 = DIRECTION('',(1.,0.,0.));
#5600 = ORIENTED_EDGE('',*,*,#5601,.T.);
#5601 = EDGE_CURVE('',#5594,#5594,#5602,.T.);
#5602 = CIRCLE('',#5603,4.9125);
#5603 = AXIS2_PLACEMENT_3D('',#5604,#5605,#5606);
#5604 = CARTESIAN_POINT('',(834.95,-50.,-86.60254037844));
#5605 = DIRECTION('',(1.,0.,-0.));
#5606 = DIRECTION('',(0.,0.,1.));
#5607 = ORIENTED_EDGE('',*,*,#5593,.T.);
#5608 = CYLINDRICAL_SURFACE('',#5609,4.9125);
#5609 = AXIS2_PLACEMENT_3D('',#5610,#5611,#5612);
#5610 = CARTESIAN_POINT('',(833.95,-50.,-86.60254037844));
#5611 = DIRECTION('',(1.,0.,0.));
#5612 = DIRECTION('',(0.,0.,1.));
#5613 = ADVANCED_FACE('',(#5614),#5633,.F.);
#5614 = FACE_BOUND('',#5615,.F.);
#5615 = EDGE_LOOP('',(#5616,#5617,#5625,#5632));
#5616 = ORIENTED_EDGE('',*,*,#5058,.F.);
#5617 = ORIENTED_EDGE('',*,*,#5618,.F.);
#5618 = EDGE_CURVE('',#5619,#5059,#5621,.T.);
#5619 = VERTEX_POINT('',#5620);
#5620 = CARTESIAN_POINT('',(834.95,-50.,91.515040378444));
#5621 = LINE('',#5622,#5623);
#5622 = CARTESIAN_POINT('',(833.95,-50.,91.515040378444));
#5623 = VECTOR('',#5624,1.);
#5624 = DIRECTION('',(1.,0.,0.));
#5625 = ORIENTED_EDGE('',*,*,#5626,.T.);
#5626 = EDGE_CURVE('',#5619,#5619,#5627,.T.);
#5627 = CIRCLE('',#5628,4.9125);
#5628 = AXIS2_PLACEMENT_3D('',#5629,#5630,#5631);
#5629 = CARTESIAN_POINT('',(834.95,-50.,86.602540378444));
#5630 = DIRECTION('',(1.,0.,-0.));
#5631 = DIRECTION('',(0.,0.,1.));
#5632 = ORIENTED_EDGE('',*,*,#5618,.T.);
#5633 = CYLINDRICAL_SURFACE('',#5634,4.9125);
#5634 = AXIS2_PLACEMENT_3D('',#5635,#5636,#5637);
#5635 = CARTESIAN_POINT('',(833.95,-50.,86.602540378444));
#5636 = DIRECTION('',(1.,0.,0.));
#5637 = DIRECTION('',(0.,0.,1.));
#5638 = ADVANCED_FACE('',(#5639),#5658,.F.);
#5639 = FACE_BOUND('',#5640,.F.);
#5640 = EDGE_LOOP('',(#5641,#5642,#5650,#5657));
#5641 = ORIENTED_EDGE('',*,*,#5069,.F.);
#5642 = ORIENTED_EDGE('',*,*,#5643,.F.);
#5643 = EDGE_CURVE('',#5644,#5070,#5646,.T.);
#5644 = VERTEX_POINT('',#5645);
#5645 = CARTESIAN_POINT('',(834.95,-100.,4.9125));
#5646 = LINE('',#5647,#5648);
#5647 = CARTESIAN_POINT('',(833.95,-100.,4.9125));
#5648 = VECTOR('',#5649,1.);
#5649 = DIRECTION('',(1.,0.,0.));
#5650 = ORIENTED_EDGE('',*,*,#5651,.T.);
#5651 = EDGE_CURVE('',#5644,#5644,#5652,.T.);
#5652 = CIRCLE('',#5653,4.9125);
#5653 = AXIS2_PLACEMENT_3D('',#5654,#5655,#5656);
#5654 = CARTESIAN_POINT('',(834.95,-100.,1.225E-14));
#5655 = DIRECTION('',(1.,0.,-0.));
#5656 = DIRECTION('',(0.,0.,1.));
#5657 = ORIENTED_EDGE('',*,*,#5643,.T.);
#5658 = CYLINDRICAL_SURFACE('',#5659,4.9125);
#5659 = AXIS2_PLACEMENT_3D('',#5660,#5661,#5662);
#5660 = CARTESIAN_POINT('',(833.95,-100.,1.225E-14));
#5661 = DIRECTION('',(1.,0.,0.));
#5662 = DIRECTION('',(0.,0.,1.));
#5663 = ADVANCED_FACE('',(#5664),#5670,.T.);
#5664 = FACE_BOUND('',#5665,.T.);
#5665 = EDGE_LOOP('',(#5666,#5667,#5668,#5669));
#5666 = ORIENTED_EDGE('',*,*,#5168,.F.);
#5667 = ORIENTED_EDGE('',*,*,#5094,.T.);
#5668 = ORIENTED_EDGE('',*,*,#5119,.T.);
#5669 = ORIENTED_EDGE('',*,*,#5143,.F.);
#5670 = PLANE('',#5671);
#5671 = AXIS2_PLACEMENT_3D('',#5672,#5673,#5674);
#5672 = CARTESIAN_POINT('',(865.95,4.8625,78.475));
#5673 = DIRECTION('',(0.,0.,1.));
#5674 = DIRECTION('',(0.,-1.,0.));
#5675 = ADVANCED_FACE('',(#5676),#5682,.T.);
#5676 = FACE_BOUND('',#5677,.T.);
#5677 = EDGE_LOOP('',(#5678,#5679,#5680,#5681));
#5678 = ORIENTED_EDGE('',*,*,#5216,.F.);
#5679 = ORIENTED_EDGE('',*,*,#5192,.T.);
#5680 = ORIENTED_EDGE('',*,*,#5240,.T.);
#5681 = ORIENTED_EDGE('',*,*,#5264,.F.);
#5682 = PLANE('',#5683);
#5683 = AXIS2_PLACEMENT_3D('',#5684,#5685,#5686);
#5684 = CARTESIAN_POINT('',(865.95,-78.475,4.8625));
#5685 = DIRECTION('',(0.,-1.,0.));
#5686 = DIRECTION('',(0.,0.,-1.));
#5687 = ADVANCED_FACE('',(#5688),#5694,.T.);
#5688 = FACE_BOUND('',#5689,.T.);
#5689 = EDGE_LOOP('',(#5690,#5691,#5692,#5693));
#5690 = ORIENTED_EDGE('',*,*,#5360,.F.);
#5691 = ORIENTED_EDGE('',*,*,#5288,.T.);
#5692 = ORIENTED_EDGE('',*,*,#5312,.T.);
#5693 = ORIENTED_EDGE('',*,*,#5336,.F.);
#5694 = PLANE('',#5695);
#5695 = AXIS2_PLACEMENT_3D('',#5696,#5697,#5698);
#5696 = CARTESIAN_POINT('',(865.95,-4.8625,-78.475));
#5697 = DIRECTION('',(0.,0.,-1.));
#5698 = DIRECTION('',(0.,1.,0.));
#5699 = ADVANCED_FACE('',(#5700),#5706,.T.);
#5700 = FACE_BOUND('',#5701,.T.);
#5701 = EDGE_LOOP('',(#5702,#5703,#5704,#5705));
#5702 = ORIENTED_EDGE('',*,*,#5408,.F.);
#5703 = ORIENTED_EDGE('',*,*,#5384,.T.);
#5704 = ORIENTED_EDGE('',*,*,#5432,.T.);
#5705 = ORIENTED_EDGE('',*,*,#5456,.F.);
#5706 = PLANE('',#5707);
#5707 = AXIS2_PLACEMENT_3D('',#5708,#5709,#5710);
#5708 = CARTESIAN_POINT('',(865.95,78.475,-4.8625));
#5709 = DIRECTION('',(0.,1.,0.));
#5710 = DIRECTION('',(0.,0.,1.));
#5711 = ADVANCED_FACE('',(#5712),#5731,.F.);
#5712 = FACE_BOUND('',#5713,.F.);
#5713 = EDGE_LOOP('',(#5714,#5715,#5723,#5730));
#5714 = ORIENTED_EDGE('',*,*,#5472,.F.);
#5715 = ORIENTED_EDGE('',*,*,#5716,.F.);
#5716 = EDGE_CURVE('',#5717,#5473,#5719,.T.);
#5717 = VERTEX_POINT('',#5718);
#5718 = CARTESIAN_POINT('',(997.95,1.9E-14,79.));
#5719 = LINE('',#5720,#5721);
#5720 = CARTESIAN_POINT('',(997.95,1.935E-14,79.));
#5721 = VECTOR('',#5722,1.);
#5722 = DIRECTION('',(1.,0.,0.));
#5723 = ORIENTED_EDGE('',*,*,#5724,.T.);
#5724 = EDGE_CURVE('',#5717,#5717,#5725,.T.);
#5725 = CIRCLE('',#5726,79.);
#5726 = AXIS2_PLACEMENT_3D('',#5727,#5728,#5729);
#5727 = CARTESIAN_POINT('',(997.95,0.,0.));
#5728 = DIRECTION('',(1.,0.,-0.));
#5729 = DIRECTION('',(0.,0.,1.));
#5730 = ORIENTED_EDGE('',*,*,#5716,.T.);
#5731 = CYLINDRICAL_SURFACE('',#5732,79.);
#5732 = AXIS2_PLACEMENT_3D('',#5733,#5734,#5735);
#5733 = CARTESIAN_POINT('',(997.95,0.,0.));
#5734 = DIRECTION('',(1.,0.,0.));
#5735 = DIRECTION('',(0.,0.,1.));
#5736 = ADVANCED_FACE('',(#5737,#5740,#5743,#5746,#5749,#5752,#5763,
    #5766),#5769,.F.);
#5737 = FACE_BOUND('',#5738,.F.);
#5738 = EDGE_LOOP('',(#5739));
#5739 = ORIENTED_EDGE('',*,*,#5501,.T.);
#5740 = FACE_BOUND('',#5741,.F.);
#5741 = EDGE_LOOP('',(#5742));
#5742 = ORIENTED_EDGE('',*,*,#5526,.F.);
#5743 = FACE_BOUND('',#5744,.F.);
#5744 = EDGE_LOOP('',(#5745));
#5745 = ORIENTED_EDGE('',*,*,#5551,.F.);
#5746 = FACE_BOUND('',#5747,.F.);
#5747 = EDGE_LOOP('',(#5748));
#5748 = ORIENTED_EDGE('',*,*,#5576,.F.);
#5749 = FACE_BOUND('',#5750,.F.);
#5750 = EDGE_LOOP('',(#5751));
#5751 = ORIENTED_EDGE('',*,*,#5601,.F.);
#5752 = FACE_BOUND('',#5753,.F.);
#5753 = EDGE_LOOP('',(#5754));
#5754 = ORIENTED_EDGE('',*,*,#5755,.F.);
#5755 = EDGE_CURVE('',#5756,#5756,#5758,.T.);
#5756 = VERTEX_POINT('',#5757);
#5757 = CARTESIAN_POINT('',(834.95,1.3E-14,52.65));
#5758 = CIRCLE('',#5759,52.65);
#5759 = AXIS2_PLACEMENT_3D('',#5760,#5761,#5762);
#5760 = CARTESIAN_POINT('',(834.95,0.,0.));
#5761 = DIRECTION('',(1.,0.,-0.));
#5762 = DIRECTION('',(0.,0.,1.));
#5763 = FACE_BOUND('',#5764,.F.);
#5764 = EDGE_LOOP('',(#5765));
#5765 = ORIENTED_EDGE('',*,*,#5626,.F.);
#5766 = FACE_BOUND('',#5767,.F.);
#5767 = EDGE_LOOP('',(#5768));
#5768 = ORIENTED_EDGE('',*,*,#5651,.F.);
#5769 = PLANE('',#5770);
#5770 = AXIS2_PLACEMENT_3D('',#5771,#5772,#5773);
#5771 = CARTESIAN_POINT('',(834.95,0.,0.));
#5772 = DIRECTION('',(1.,0.,0.));
#5773 = DIRECTION('',(0.,0.,1.));
#5774 = ADVANCED_FACE('',(#5775,#5778),#5789,.T.);
#5775 = FACE_BOUND('',#5776,.T.);
#5776 = EDGE_LOOP('',(#5777));
#5777 = ORIENTED_EDGE('',*,*,#5724,.T.);
#5778 = FACE_BOUND('',#5779,.T.);
#5779 = EDGE_LOOP('',(#5780));
#5780 = ORIENTED_EDGE('',*,*,#5781,.F.);
#5781 = EDGE_CURVE('',#5782,#5782,#5784,.T.);
#5782 = VERTEX_POINT('',#5783);
#5783 = CARTESIAN_POINT('',(997.95,1.9E-14,76.));
#5784 = CIRCLE('',#5785,76.);
#5785 = AXIS2_PLACEMENT_3D('',#5786,#5787,#5788);
#5786 = CARTESIAN_POINT('',(997.95,0.,0.));
#5787 = DIRECTION('',(1.,0.,-0.));
#5788 = DIRECTION('',(0.,0.,1.));
#5789 = PLANE('',#5790);
#5790 = AXIS2_PLACEMENT_3D('',#5791,#5792,#5793);
#5791 = CARTESIAN_POINT('',(997.95,0.,0.));
#5792 = DIRECTION('',(1.,0.,0.));
#5793 = DIRECTION('',(0.,0.,1.));
#5794 = ADVANCED_FACE('',(#5795),#5813,.F.);
#5795 = FACE_BOUND('',#5796,.F.);
#5796 = EDGE_LOOP('',(#5797,#5798,#5805,#5812));
#5797 = ORIENTED_EDGE('',*,*,#5755,.T.);
#5798 = ORIENTED_EDGE('',*,*,#5799,.T.);
#5799 = EDGE_CURVE('',#5756,#5800,#5802,.T.);
#5800 = VERTEX_POINT('',#5801);
#5801 = CARTESIAN_POINT('',(842.95,1.3E-14,52.65));
#5802 = B_SPLINE_CURVE_WITH_KNOTS('',1,(#5803,#5804),.UNSPECIFIED.,.F.,
  .F.,(2,2),(1.,9.),.PIECEWISE_BEZIER_KNOTS.);
#5803 = CARTESIAN_POINT('',(834.95,0.,52.65));
#5804 = CARTESIAN_POINT('',(842.95,0.,52.65));
#5805 = ORIENTED_EDGE('',*,*,#5806,.F.);
#5806 = EDGE_CURVE('',#5800,#5800,#5807,.T.);
#5807 = CIRCLE('',#5808,52.65);
#5808 = AXIS2_PLACEMENT_3D('',#5809,#5810,#5811);
#5809 = CARTESIAN_POINT('',(842.95,0.,0.));
#5810 = DIRECTION('',(1.,0.,-0.));
#5811 = DIRECTION('',(0.,0.,1.));
#5812 = ORIENTED_EDGE('',*,*,#5799,.F.);
#5813 = CYLINDRICAL_SURFACE('',#5814,52.65);
#5814 = AXIS2_PLACEMENT_3D('',#5815,#5816,#5817);
#5815 = CARTESIAN_POINT('',(833.95,0.,0.));
#5816 = DIRECTION('',(1.,0.,0.));
#5817 = DIRECTION('',(0.,0.,1.));
#5818 = ADVANCED_FACE('',(#5819),#5838,.F.);
#5819 = FACE_BOUND('',#5820,.F.);
#5820 = EDGE_LOOP('',(#5821,#5822,#5830,#5837));
#5821 = ORIENTED_EDGE('',*,*,#5781,.F.);
#5822 = ORIENTED_EDGE('',*,*,#5823,.F.);
#5823 = EDGE_CURVE('',#5824,#5782,#5826,.T.);
#5824 = VERTEX_POINT('',#5825);
#5825 = CARTESIAN_POINT('',(842.95,1.9E-14,76.));
#5826 = LINE('',#5827,#5828);
#5827 = CARTESIAN_POINT('',(842.95,1.861E-14,76.));
#5828 = VECTOR('',#5829,1.);
#5829 = DIRECTION('',(1.,0.,0.));
#5830 = ORIENTED_EDGE('',*,*,#5831,.T.);
#5831 = EDGE_CURVE('',#5824,#5824,#5832,.T.);
#5832 = CIRCLE('',#5833,76.);
#5833 = AXIS2_PLACEMENT_3D('',#5834,#5835,#5836);
#5834 = CARTESIAN_POINT('',(842.95,0.,0.));
#5835 = DIRECTION('',(1.,0.,-0.));
#5836 = DIRECTION('',(0.,0.,1.));
#5837 = ORIENTED_EDGE('',*,*,#5823,.T.);
#5838 = CYLINDRICAL_SURFACE('',#5839,76.);
#5839 = AXIS2_PLACEMENT_3D('',#5840,#5841,#5842);
#5840 = CARTESIAN_POINT('',(842.95,0.,0.));
#5841 = DIRECTION('',(1.,0.,0.));
#5842 = DIRECTION('',(0.,0.,1.));
#5843 = ADVANCED_FACE('',(#5844,#5847),#5850,.T.);
#5844 = FACE_BOUND('',#5845,.T.);
#5845 = EDGE_LOOP('',(#5846));
#5846 = ORIENTED_EDGE('',*,*,#5831,.T.);
#5847 = FACE_BOUND('',#5848,.T.);
#5848 = EDGE_LOOP('',(#5849));
#5849 = ORIENTED_EDGE('',*,*,#5806,.F.);
#5850 = PLANE('',#5851);
#5851 = AXIS2_PLACEMENT_3D('',#5852,#5853,#5854);
#5852 = CARTESIAN_POINT('',(842.95,0.,0.));
#5853 = DIRECTION('',(1.,0.,0.));
#5854 = DIRECTION('',(0.,0.,1.));
#5855 = ( GEOMETRIC_REPRESENTATION_CONTEXT(3) 
GLOBAL_UNCERTAINTY_ASSIGNED_CONTEXT((#5859)) 
GLOBAL_UNIT_ASSIGNED_CONTEXT((#5856,#5857,#5858)) REPRESENTATION_CONTEXT
('Context #1','3D Context with UNIT and UNCERTAINTY') );
#5856 = ( LENGTH_UNIT() NAMED_UNIT(*) SI_UNIT(.MILLI.,.METRE.) );
#5857 = ( NAMED_UNIT(*) PLANE_ANGLE_UNIT() SI_UNIT($,.RADIAN.) );
#5858 = ( NAMED_UNIT(*) SI_UNIT($,.STERADIAN.) SOLID_ANGLE_UNIT() );
#5859 = UNCERTAINTY_MEASURE_WITH_UNIT(LENGTH_MEASURE(2.E-07),#5856,
  'distance_accuracy_value','confusion accuracy');
#5860 = PRODUCT_RELATED_PRODUCT_CATEGORY('part',$,(#7));
ENDSEC;
END-ISO-10303-21;
