DBRep_DrawableShape

CASCADE Topology V1, (c) Matra-Datavision
Locations 52
1
              1               0               0               0 
              0               1               0          47.625 
              0               0               1               0 
2  1 -1 0
1
0.457702872990363               0 0.889105213153296 169.374543105703 
              0               1               0         11.1125 
-0.889105213153296               0 0.457702872990363 87.1923973046642 
1
0.858730399172289               0 0.512427654930333 97.6174682642284 
              0               1               0         11.1125 
-0.512427654930333               0 0.858730399172289 163.588141042321 
1
0.999812453749879              -0 -0.0193663968421304 -3.68929859842617 
              0               1               0         11.1125 
0.0193663968421304               0 0.999812453749879 190.464272439352 
1
0.759734126996951              -0 -0.650233847378142 -123.869547925536 
              0               1               0         11.1125 
0.650233847378142               0 0.759734126996951 144.729351192919 
1
0.30079588695269              -0 -0.953688541606926 -181.677667176119 
              0               1               0         11.1125 
0.953688541606926               0 0.30079588695269 57.3016164644874 
1
-0.249195993169911               0 -0.968453074231303 -184.490310641063 
              0               1               0         11.1125 
0.968453074231303               0 -0.249195993169911 -47.471836698868 
1
0.195454935683395               0 0.980712683774917 186.825766259122 
              0               1               0        -11.1125 
-0.980712683774917               0 0.195454935683395 37.2341652476867 
1
0.68463175191589               0 0.728889130299375 138.853379322031 
              0               1               0        -11.1125 
-0.728889130299375               0 0.68463175191589 130.422348739977 
1
0.966564334336914               0 0.256424233620456 48.8488165046969 
              0               1               0        -11.1125 
-0.256424233620456               0 0.966564334336914 184.130505691182 
1
0.909297426825681              -0 -0.416146836547143 -79.2759723622307 
              0               1               0        -11.1125 
0.416146836547143               0 0.909297426825681 173.221159810292 
1
0.551545252435717              -0 -0.834144972121526 -158.904617189151 
              0               1               0        -11.1125 
0.834144972121526               0 0.551545252435717 105.069370589004 
1
0.0268353333406272              -0 -0.999639867594574 -190.431394776766 
              0               1               0        -11.1125 
0.999639867594574               0 0.0268353333406272 5.11213100138957 
1
              1               0               0               0 
              0               1               0          47.625 
              0               0               1               0 
2  15 -1 0
2  3 -1 0
2  4 -1 0
2  5 -1 0
2  6 -1 0
2  7 -1 0
2  8 -1 0
2  9 -1 0
2  10 -1 0
2  11 -1 0
2  12 -1 0
2  13 -1 0
2  14 -1 0
1
-0.475067625730445               0 -0.879949288870011 -186.136773011285 
              0               1               0            12.7 
0.879949288870011               0 -0.475067625730445 -100.491648705293 
1
-0.550377903576327               0 -0.834915662360533 -176.610753703701 
              0               1               0            12.7 
0.834915662360533               0 -0.550377903576327 -116.42212591588 
1
-0.621450455684893               0 -0.783453464558706 -165.724890674934 
              0               1               0            12.7 
0.783453464558706               0 -0.621450455684893 -131.456191704095 
1
-0.475067625730445               0 -0.879949288870011 -186.136773011285 
              0               1               0           -12.7 
0.879949288870011               0 -0.475067625730445 -100.491648705293 
1
-0.550377903576327               0 -0.834915662360533 -176.610753703701 
              0               1               0           -12.7 
0.834915662360533               0 -0.550377903576327 -116.42212591588 
1
-0.621450455684893               0 -0.783453464558706 -165.724890674934 
              0               1               0           -12.7 
0.783453464558706               0 -0.621450455684893 -131.456191704095 
1
-0.612675485968828               0 -0.790334580347375 -167.180461699106 
              0               1               0            12.7 
0.790334580347375              -0 -0.612675485968828 -129.600011391344 
2  35 -1 0
2  29 -1 0
1
-0.679600080559334               0 -0.733582804122171 -155.175687534468 
              0               1               0            12.7 
0.733582804122171              -0 -0.679600080559334 -143.756654540817 
2  38 -1 0
2  30 -1 0
1
-0.741291981878989               0 -0.671182685713749 -141.976112487386 
              0               1               0            12.7 
0.671182685713749              -0 -0.741291981878989 -156.80641954184 
2  41 -1 0
2  31 -1 0
1
-0.612675485968828               0 -0.790334580347375 -167.180461699106 
              0               1               0           -12.7 
0.790334580347375              -0 -0.612675485968828 -129.600011391344 
2  44 -1 0
2  32 -1 0
1
-0.679600080559334               0 -0.733582804122171 -155.175687534468 
              0               1               0           -12.7 
0.733582804122171              -0 -0.679600080559334 -143.756654540817 
2  47 -1 0
2  33 -1 0
1
-0.741291981878989               0 -0.671182685713749 -141.976112487386 
              0               1               0           -12.7 
0.671182685713749              -0 -0.741291981878989 -156.80641954184 
2  50 -1 0
2  34 -1 0
Curve2ds 125
1 0 0 1 0 
1 0 -47.625 1 0 
8 -47.6250006 5.999999999062311e-07
1 3.6004905124564348 0 0 1 
8 -47.6250006 5.999999999062311e-07
1 0.099999999999967198 0 -0 1 
1 0 0 0 -1 
7 0 0  7 62 11  0.46904649035082713 -34.924999999999997  0.46904649035082713 -35.231104834451486  0.4692115311390373 -35.536947064383689  0.46954112296544931 -35.840613027273093  0.47003877348129086 -36.140008830124522  0.47071120650165288 -36.43248573694558  0.47156744615310603 -36.714382484147805  0.47349999227171718 -37.20393766160602  0.47452717048781656 -37.418234664012793  0.47570257244551611 -37.618043601424446  0.47702547266819195 -37.797821136436987  0.47849087232930382 -37.951713873261028  0.48008864058629891 -38.073472590786892  0.48322413662554659 -38.225019279660401  0.48471165545200651 -38.266216431547818  0.48623202988790704 -38.275978580742994  0.48774932899607554 -38.252981117889284  0.48922743636643629 -38.198422208533735  0.49063318325353178 -38.115988198115659  0.49358581297109944 -37.880490507441849  0.49507953483243861 -37.714161726105957  0.49641354364422968 -37.520720742075653  0.49758752941799744 -37.306520388863582  0.49860467439162659 -37.076806626532132  0.49947011810122099 -36.835939705113589  0.50096211779478972 -36.321136247410621  0.50157042187980472 -36.044863999304461  0.50202255094142101 -35.762089637595459  0.50232432510253855 -35.475277632235233  0.5024793965705856 -35.186342265519684  0.502488830108476 -34.896979452287901  0.50221629110240829 -34.328420546608669  0.50194208350915848 -34.049492359421684  0.50152693961592498 -33.77366426624959  0.50096686059935136 -33.50273885459184  0.50025567788866399 -33.239060203994264  0.49938584119101564 -32.985834867261204  0.49747560385187245 -32.5466582561126  0.49647648863780208 -32.354825679105105  0.49535052522900463 -32.176550361148749  0.49409956993212173 -32.016444245365683  0.4927289760375943 -31.879262508840178  0.49124805317953174 -31.769947677903449  0.48824869155314238 -31.624980719717581  0.48676117276878816 -31.583783568822444  0.4852407982877795 -31.574021419955745  0.48372349917736385 -31.597018881763795  0.48224539185156673 -31.651577790567206  0.4808396449280174 -31.734011802682641  0.47826934132328269 -31.939015687742852  0.47705318385918355 -32.063836334244186  0.47589900202858365 -32.211537107727594  0.47481970453986777 -32.380627884988563  0.47382705426411181 -32.569268654919604  0.47293140736734751 -32.775306499600582  0.47123438011014712 -33.250058849082784  0.47049305292391058 -33.516143197324894  0.46990950602466036 -33.790615424683686  0.46947685819892504 -34.070665174766383  0.4691900540374962 -34.354199597113315  0.46904649035082713 -34.639506330080906  0.46904649035082713 -34.925000000000004 
 0 8 0.12185338748971786 6 0.22426624539389928 6 0.30929500234852736 6 0.41650078045800165 6 0.53144107691119924 6 0.64337950741319794 6 0.73778483049322663 6 0.82293142779068651 6 0.90535948035212088 6 1 8
7 0 0  7 62 11  0 10.703502357670601  0.09206160434631229 10.703502357670601  0.18404411951998248 10.704051115966516  0.27664715419608732 10.705147020747443  0.37050339198076643 10.706767495255999  0.46627179922125284 10.70886720945084  0.56462562104650371 10.711361359786887  0.75193439296252274 10.716412313612301  0.84063983998681735 10.71891603119815  0.93242957228525281 10.721519003875272  1.0273378442006431 10.724082745533606  1.1254988509135342 10.726430170786752  1.22716984354723 10.728364890735833  1.4204942299269869 10.730822801254119  1.5100333717313439 10.731518696216764  1.6003599108625932 10.731692311847402  1.6905939838366226 10.731297104782387  1.7798936618971084 10.730371917482744  1.8673045288369619 10.729031291972763  2.0578709206161512 10.72538249811457  2.1595516348153936 10.722906366797501  2.2573370308924625 10.720208144688995  2.3517029585150402 10.717484915057247  2.443054528632874 10.714884544396529  2.5317161452848924 10.712512970773835  2.7104962444635707 10.708216706230578  2.8006768805991507 10.706326551825123  2.8891617200413373 10.704853398996539  2.9764950290940635 10.703844284727621  3.0631902410471179 10.703322892757997  3.149769573826672 10.7032960807178  3.3215425346961172 10.704198169604551  3.4066123711176117 10.705101576675156  3.4925513676761994 10.706451567933049  3.5798691392084372 10.708220860727849  3.6690958810836909 10.71036280519383  3.7607802455023651 10.712798178766826  3.9355513546171119 10.717598351777939  4.0183553013808408 10.719931499566979  4.1038886468124423 10.72231423530121  4.1921374466212855 10.724628995492205  4.2831716179810559 10.726732631260777  4.3771560986563767 10.728471606302534  4.5620868843102622 10.730822801264152  4.6516260235120512 10.731518696210818  4.7419525654501546 10.731692311836317  4.8321866385407946 10.731297104787814  4.9214863138230012 10.73037191749685  5.0088971830727491 10.729031291960395  5.1747877723386608 10.725854968173213  5.2563892329547697 10.723980557022145  5.337987705476392 10.72186203651394  5.4195854104181294 10.719588060419081  5.5011859285042979 10.71725934944455  5.5827891434627093 10.714978591962984  5.7580737944998699 10.710382252963967  5.8490244986137379 10.708183152089262  5.9378857161871537 10.7063460875126  6.0252103840538496 10.704933258047708  6.1115152655670597 10.703979736462454  6.1973225493091828 10.703502357670601  6.2831853071795862 10.703502357670601 
 0 8 0.12185338748971786 6 0.22426624539389928 6 0.30929500234852736 6 0.41650078045800165 6 0.53144107691119924 6 0.64337950741319794 6 0.73778483049322663 6 0.82293142779068651 6 0.90535948035212088 6 1 8
7 0 0  7 62 11  1.0264235395311543 -34.924999999999997  1.0264235395311543 -35.231104834451685  1.0265885803193651 -35.536947064383163  1.0269181721457763 -35.840613027273776  1.0274158226616181 -36.140008830123826  1.028088255681981 -36.432485736945992  1.0289444953334326 -36.714382484147663  1.0308770414310531 -37.203937656288552  1.0319042197350756 -37.418234674490016  1.0330796215713116 -37.618043597085276  1.0344025218097488 -37.797821129699933  1.0358679215957729 -37.951713880834909  1.0374656897244583 -38.073472588748807  1.040601185805875 -38.225019279660437  1.0420887046323313 -38.266216431547775  1.0436090790682355 -38.275978580742972  1.0451263781764051 -38.252981117889313  1.046604485546762 -38.198422208533749  1.0480102324338594 -38.115988198115645  1.0509628621514284 -37.880490507441735  1.0524565840127666 -37.714161726105928  1.0537905928245501 -37.520720742076321  1.0549645785983355 -37.306520388862438  1.0559817235719462 -37.076806626533184  1.05684716728155 -36.835939705113105  1.058339166983475 -36.321136244526947  1.0589474710477338 -36.044864006191602  1.0593996001229733 -35.762089633368554  1.0597013742912769 -35.475277628104912  1.0598564457472222 -35.186342272520228  1.059865879287353 -34.896979449261536  1.059593340279865 -34.328420540619057  1.0593191326895823 -34.04949237375007  1.0589039888228986 -33.773664256179998  1.0583439097185858 -33.502738849177703  1.0576327271267338 -33.239060215510364  1.0567628903490147 -32.985834862127817  1.0548526530321995 -32.546658256112607  1.0538535378181295 -32.354825679105126  1.0527275744093316 -32.176550361148678  1.0514766191124498 -32.016444245365683  1.0501060252179228 -31.879262508840288  1.0486251023598578 -31.769947677903382  1.0456257407344134 -31.624980719763194  1.0441382219481647 -31.583783568737122  1.0426178474673642 -31.574021420014216  1.0411005483584372 -31.597018881800739  1.0396224410328092 -31.651577790454777  1.0382166941074433 -31.734011802754569  1.0356463905034108 -31.939015687758761  1.0344302330397335 -32.063836334234665  1.0332760512090118 -32.211537107699506  1.0321967537200365 -32.380627885001211  1.0312041034443371 -32.569268654961036  1.0303084565477993 -32.775306499565716  1.0286114293044526 -33.250058845172283  1.0278701020816983 -33.516143206804507  1.0272865552096584 -33.790615418751671  1.0268539073941709 -34.07066516909682  1.0265671032077042 -34.354199606905787  1.0264235395311543 -34.639506325796638  1.0264235395311543 -34.925000000000004 
 0 8 0.12185338901868967 6 0.22426624577194218 6 0.30929499967812923 6 0.41650077394420204 6 0.53144106752128528 6 0.64337949878849576 6 0.73778482454797634 6 0.82293142420565957 6 0.9053594791218853 6 1 8
7 0 0  7 62 11  0 10.703502357670601  0.092061604346371756 10.703502357670601  0.18404411951979618 10.704051115966719  0.27664715419637231 10.705147020747125  0.37050339198046001 10.706767495256221  0.46627179922142931 10.708867209450744  0.5646256210464512 10.711361359786887  0.75193439092800773 10.716412313557438  0.84063984530391467 10.718916031319376  0.93242956868212823 10.721519003813606  1.0273378410229823 10.72408274545626  1.1254988567512594 10.726430170889108  1.2271698409472782 10.728364890702748  1.4204942299270304 10.730822801254092  1.510033371731309 10.731518696217007  1.6003599108625655 10.731692311847212  1.6905939838366195 10.731297104782211  1.7798936618971031 10.730371917483009  1.8673045288369718 10.729031291972735  2.0578709206162435 10.72538249811454  2.1595516348152937 10.72290636679711  2.2573370308923586 10.720208144690218  2.3517029585153351 10.717484915055692  2.4430545286325533 10.714884544397467  2.5317161452850616 10.712512970773773  2.7104962454650123 10.708216706206455  2.8006768783261071 10.706326551860965  2.8891617213469241 10.704853398993292  2.9764950304655717 10.703844284703134  3.0631902388549044 10.703322892768073  3.1497695747409971 10.7032960807226  3.3215425365056985 10.704198169614054  3.4066123669919115 10.705101576666738  3.4925513698994077 10.706451567875728  3.5798691422769977 10.708220860877878  3.6690958763393113 10.710362805048119  3.7607802475452061 10.712798178822963  3.9355513546171079 10.717598351777967  4.0183553013808275 10.719931499567007  4.1038886468125115 10.722314235301136  4.1921374466212784 10.724628995492154  4.2831716179809476 10.726732631260845  4.3771560986564619 10.728471606302564  4.5620868842520768 10.730822801263438  4.6516260235693236 10.731518696211952  4.7419525654976429 10.731692311835536  4.83218663849508 10.731297104787378  4.9214863137637339 10.730371917498427  5.0088971831309532 10.729031291959279  5.1747877723515332 10.725854968172968  5.256389232942035 10.723980557022511  5.3379877054660838 10.721862036514151  5.419585410428331 10.71958806041884  5.501185928517164 10.717259349444349  5.5827891434498351 10.714978591963293  5.758073793056063 10.710382253001796  5.8490245018711509 10.708183152027145  5.9378857143349473 10.706346087526077  6.0252103820849188 10.704933258089016  6.1115152686816998 10.703979736434109  6.1973225480206811 10.703502357670601  6.2831853071795862 10.703502357670601 
 0 8 0.12185338901868967 6 0.22426624577194218 6 0.30929499967812923 6 0.41650077394420204 6 0.53144106752128528 6 0.64337949878849576 6 0.73778482454797634 6 0.82293142420565957 6 0.9053594791218853 6 1 8
7 0 0  7 62 11  1.5838005887114781 -34.924999999999997  1.5838005887114781 -35.231104834451457  1.5839656294996896 -35.53694706438386  1.5842952213260986 -35.840613027272667  1.5847928718419444 -36.140008830124891  1.5854653048623031 -36.432485736945416  1.5863215445137571 -36.714382484147819  1.5882540906027403 -37.203937654100592  1.589281268942591 -37.41823467875453  1.5904566707295607 -37.618043595340509  1.591779570974424 -37.797821126968813  1.5932449708111101 -37.951713883906045  1.5948427388874791 -38.073472587912498  1.5979782349861986 -38.225019279660437  1.5994657538126549 -38.266216431547768  1.6009861282485591 -38.275978580743008  1.6025034273567289 -38.252981117889306  1.603981534727086 -38.1984222085337  1.6053872816141825 -38.115988198115708  1.608339911331752 -37.880490507441749  1.6098336331930898 -37.71416172610612  1.6111676420048762 -37.520720742075788  1.6123416277786577 -37.306520388862864  1.6133587727522694 -37.076806626533219  1.6142242164618743 -36.835939705112949  1.6157162161637986 -36.321136244527047  1.6163245202280569 -36.04486400619129  1.6167766493032976 -35.762089633368944  1.6170784234716007 -35.475277628105026  1.6172334949275455 -35.186342272519553  1.6172429284676773 -34.89697944926197  1.6169703894601888 -34.328420540619248  1.6166961818699053 -34.049492373749473  1.6162810380032253 -33.77366425618105  1.6157209588989054 -33.502738849176552  1.6150097763070608 -33.239060215511124  1.6141399395293374 -32.985834862127561  1.6122297021921457 -32.546658251427665  1.6112305870597972 -32.354825688188342  1.6101046235414873 -32.176550357441975  1.6088536682573302 -32.016444239566049  1.6074830744750706 -31.879262515391822  1.6060021515026226 -31.769947676088066  1.6030027899138084 -31.624980719718298  1.6015152711294254 -31.583783568821151  1.5999948966484188 -31.574021419956601  1.5984775975380257 -31.597018881764345  1.5969994902122322 -31.651577790565511  1.5955937432886553 -31.734011802683717  1.5930234396704674 -31.939015688816927  1.5918072822471212 -32.063836330947602  1.5906531003765687 -32.21153711036758  1.5895738028834867 -32.380627886880823  1.5885811526467746 -32.569268650714605  1.5876855057205372 -32.775306501688007  1.5859884784707976 -33.250058849082983  1.5852471512845627 -33.516143197324539  1.5846636043853113 -33.7906154246837  1.5842309565595758 -34.070665174766603  1.5839441523981477 -34.354199597113244  1.5838005887114781 -34.639506330080899  1.5838005887114781 -34.925000000000004 
 0 8 0.12185338872543762 6 0.22426624422996783 6 0.30929499624058571 6 0.41650076811662246 6 0.53144105913128004 6 0.64337948790273924 6 0.73778481375867366 6 0.82293141558685912 6 0.90535947341319556 6 1 8
7 0 0  7 62 11  0 10.703502357670601  0.092061604346302742 10.703502357670601  0.18404411952003127 10.70405111596664  0.27664715419596875 10.70514702074709  0.37050339198086479 10.706767495256448  0.46627179922120821 10.708867209450494  0.5646256210465106 10.711361359786917  0.75193439009087093 10.716412313534894  0.84063984746611298 10.718916031368579  0.93242956722490256 10.721519003788822  1.0273378397377779 10.724082745424965  1.1254988591235908 10.726430170930461  1.2271698398804349 10.728364890689212  1.4204942299270269 10.730822801254121  1.5100333717313059 10.731518696216837  1.6003599108625619 10.731692311847349  1.6905939838366391 10.731297104782339  1.7798936618971239 10.730371917482826  1.867304528836925 10.729031291972763  2.0578709206162347 10.725382498114568  2.1595516348151964 10.72290636679706  2.2573370308926237 10.720208144690213  2.3517029585151263 10.717484915055797  2.4430545286325547 10.714884544397338  2.5317161452851162 10.712512970773801  2.7104962454649768 10.708216706206485  2.8006768783262097 10.706326551860936  2.8891617213467993 10.704853398993331  2.97649503046553 10.703844284703182  3.0631902388551144 10.703322892768073  3.1497695747408656 10.703296080722629  3.3215425365056395 10.704198169614083  3.4066123669921806 10.705101576666792  3.4925513698988429 10.70645156787562  3.5798691422776239 10.70822086087807  3.6690958763389374 10.710362805048034  3.7607802475453092 10.712798178822966  3.9355513564814859 10.717598351829171  4.018355296633656 10.719931499457838  4.1038886499714353 10.722314235354601  4.192137449442404 10.724628995561373  4.2831716128212367 10.726732631170671  4.3771561009722131 10.728471606331979  4.5620868843093501 10.730822801264139  4.6516260235129199 10.731518696210825  4.7419525654509034 10.731692311836339  4.8321866385401018 10.731297104787837  4.9214863138220641 10.730371917496848  5.0088971830736222 10.729031291960348  5.1747877732078056 10.725854968156543  5.2563892309897957 10.723980557065403  5.3379877065981756 10.721862036485245  5.4195854116093205 10.719588060393091  5.5011859266221874 10.717259349491117  5.5827891442334145 10.714978591942719  5.7580737944999481 10.71038225296391  5.8490244986135895 10.708183152089333  5.9378857161871839 10.706346087512525  6.025210384053949 10.704933258047626  6.1115152655669984 10.70397973646253  6.1973225493091793 10.703502357670601  6.2831853071795862 10.703502357670601 
 0 8 0.12185338872543762 6 0.22426624422996783 6 0.30929499624058571 6 0.41650076811662246 6 0.53144105913128004 6 0.64337948790273924 6 0.73778481375867366 6 0.82293141558685912 6 0.90535947341319556 6 1 8
7 0 0  7 62 11  2.2723251788754171 -34.924999999999997  2.2723251788754171 -35.231104834451401  2.2724902196636276 -35.536947064384186  2.2728198114900371 -35.84061302727185  2.2733174620058856 -36.140008830126  2.2739898950262387 -36.432485736944514  2.2748461346776976 -36.714382484148146  2.2767786807965553 -37.203937661668746  2.2778058590124708 -37.418234664003286  2.2789812609698599 -37.618043601375852  2.2803041611924932 -37.797821136415955  2.2817695608539328 -37.951713873282692  2.2833673291112713 -38.073472590805338  2.2865028251620632 -38.225019280236822  2.28799034394831 -38.266216431262876  2.2895107184291112 -38.275978579985789  2.2910280175380398 -38.252981118199251  2.2925061248636678 -38.1984222095452  2.2939118717890321 -38.115988197245485  2.2968645014956919 -37.88049050744165  2.2983582233570252 -37.714161726106404  2.2996922321688209 -37.520720742075461  2.3008662179425889 -37.30652038886344  2.301883362916215 -37.076806626532353  2.3027488066258113 -36.835939705113496  2.3042408063193798 -36.3211362474105  2.3048491104043949 -36.04486399930466  2.3053012394660102 -35.76208963759543  2.3056030136271275 -35.475277632235162  2.3057580850951758 -35.186342265519819  2.3057675186330662 -34.896979452287816  2.3054949796241275 -34.328420540618794  2.3052207720338438 -34.049492373751086  2.3048056281671645 -33.773664256178179  2.3042455490628466 -33.502738849179636  2.3035343664709944 -33.239060215509099  2.3026645296932791 -32.9858348621282  2.300754292356086 -32.546658251427971  2.2997551772237337 -32.354825688187894  2.2986292137054272 -32.176550357442004  2.2973782584212707 -32.016444239566304  2.2960076646390091 -31.87926251539167  2.2945267416665613 -31.769947676088062  2.2915273800777425 -31.624980719718053  2.2900398612933697 -31.583783568821534  2.2885194868123606 -31.574021419956374  2.2870021877019608 -31.597018881764196  2.2855240803761676 -31.651577790566002  2.2841183334525978 -31.734011802683398  2.281548029847674 -31.939015687758666  2.2803318723839956 -32.063836334234878  2.2791776905532757 -32.211537107699371  2.2780983930642997 -32.380627885001061  2.2771057427885992 -32.569268654961235  2.2762100958920626 -32.77530649956563  2.2745130686347368 -33.250058849082741  2.2737717414485004 -33.5161431973251  2.2731881945492516 -33.790615424683367  2.2727555467235159 -34.07066517476629  2.2724687425620855 -34.354199597113826  2.2723251788754166 -34.639506330080607  2.2723251788754166 -34.925000000000004 
 0 8 0.12185338201150439 6 0.224266235340358 6 0.30929498922818566 6 0.41650076436674888 6 0.5314410576348001 6 0.64337948742508577 6 0.73778481413987229 6 0.82293141674299586 6 0.90535947445426568 6 1 8
7 0 0  7 62 11  0 10.703502357670658  0.092061604346286879 10.703502357670658  0.18404411952010907 10.704051115966744  0.27664715419576058 10.705147020747157  0.37050339198118609 10.706767495256432  0.46627179922090556 10.708867209450682  0.56462562104663616 10.711361359786947  0.75193439298652454 10.716412313613006  0.84063983998691572 10.718916031198351  0.93242957226560308 10.721519003874619  1.0273378441833887 10.724082745533227  1.1254988509174655 10.726430170787292  1.2271698435707539 10.72836489073616  1.4204942306622947 10.730822801263495  1.5100333699794715 10.73151869621211  1.6003599119078618 10.731692311835607  1.6905939849053357 10.731297104787432  1.7798936601739275 10.73037191749855  1.8673045295411197 10.729031291959336  2.0578709206163119 10.725382498114623  2.1595516348150374 10.722906366797305  2.2573370308927152 10.72020814468936  2.3517029585149949 10.717484915057195  2.4430545286328242 10.714884544396588  2.5317161452849253 10.712512970773918  2.7104962444636169 10.708216706230663  2.8006768805990845 10.706326551824983  2.8891617200413435 10.704853398996741  2.9764950290940875 10.703844284727856  3.0631902410470744 10.7033228927579  3.1497695738267004 10.703296080717829  3.3215425365057785 10.704198169614083  3.4066123669915989 10.705101576667181  3.492551369899993 10.70645156787498  3.5798691422763325 10.708220860878805  3.6690958763397763 10.710362805047815  3.7607802475450551 10.712798178823016  3.9355513564813629 10.717598351829224  4.0183552966337972 10.719931499457923  4.1038886499714602 10.722314235354682  4.1921374494423294 10.72462899556135  4.2831716128212571 10.726732631170597  4.3771561009722246 10.728471606332093  4.5620868843096574 10.730822801264255  4.6516260235126463 10.731518696210625  4.7419525654506689 10.73169231183658  4.8321866385403194 10.731297104788114  4.9214863138223546 10.730371917496708  5.0088971830733628 10.729031291960467  5.1747877723514657 10.725854968173053  5.2563892329421646 10.723980557022548  5.3379877054660252 10.72186203651418  5.4195854104282457 10.719588060418848  5.50118592851726 10.71725934944436  5.582789143449804 10.714978591963382  5.7580737944998548 10.710382252964024  5.8490244986138062 10.70818315208936  5.9378857161870604 10.706346087512609  6.0252103840538194 10.704933258047737  6.1115152655672054 10.703979736462589  6.1973225493090922 10.703502357670658  6.2831853071795862 10.703502357670658 
 0 8 0.12185338201150439 6 0.224266235340358 6 0.30929498922818566 6 0.41650076436674888 6 0.5314410576348001 6 0.64337948742508577 6 0.73778481413987229 6 0.82293141674299586 6 0.90535947445426568 6 1 8
7 0 0  7 62 11  2.8297022280557447 -34.924999999999997  2.8297022280557447 -35.231104826764415  2.8298672688349114 -35.536947082799031  2.8301968607127255 -35.840613014506246  2.8306945111072221 -36.140008822662992  2.8313669442771356 -36.432485752258145  2.8322231838312097 -36.714382477355279  2.8341557299556435 -37.203937656288488  2.8351829082596667 -37.41823467449008  2.8363583100959024 -37.618043597085304  2.8376812103343383 -37.797821129699912  2.8391466101203631 -37.951713880834909  2.8407443782490489 -38.073472588748814  2.8438798743304652 -38.225019279660451  2.8453673931569212 -38.266216431547754  2.8468877675928264 -38.275978580742994  2.8484050667009955 -38.252981117889327  2.8498831740713517 -38.198422208533721  2.8512889209584498 -38.115988198115652  2.8542415506758689 -37.880490507453686  2.8557352725373462 -37.714161726115385  2.8570692813492533 -37.520720742063844  2.8582432671230129 -37.306520388840156  2.8592604120965053 -37.076806626530256  2.8601258558060585 -36.835939705141413  2.8616178554997092 -36.321136247410216  2.8622261595847207 -36.044863999305115  2.8626782886463387 -35.762089637595246  2.8629800628074569 -35.475277632234928  2.8631351342755025 -35.186342265520203  2.8631445678133938 -34.896979452287589  2.8628720288073262 -34.328420546608811  2.862597821214075 -34.04949235942199  2.8621826773208414 -33.773664266248431  2.8616225983042742 -33.50273885459297  2.860911415593578 -33.239060203993596  2.8600415788959346 -32.985834867261481  2.8581313415430833 -32.546658252961372  2.8571322263834462 -32.354825685146643  2.8560062629020733 -32.176550358714735  2.8547553076136696 -32.016444241524731  2.8533847137935395 -31.879262513181207  2.8519037908592479 -31.769947676685394  2.8489044292699885 -31.624980720294108  2.8474169104454199 -31.583783568537246  2.8458965360093091 -31.57402141919874  2.8443792368996559 -31.597018882073879  2.8429011295291295 -31.651577791578312  2.8414953826438434 -31.734011801812642  2.8389250790145359 -31.939015688832708  2.8377089215916094 -32.063836330938365  2.8365547397209356 -32.211537110339385  2.8354754422275952 -32.380627886893343  2.8344827919909386 -32.569268650756271  2.833587145064929 -32.775306501652992  2.8318901178150644 -33.250058849082976  2.8311487906288306 -33.516143197324354  2.8305652437295774 -33.790615424683978  2.8301325959038417 -34.070665174766681  2.8298457917424149 -34.35419959711281  2.8297022280557447 -34.639506330081154  2.8297022280557447 -34.925000000000004 
 0 8 0.12185339402519342 6 0.2242662523709838 6 0.30929500759940426 6 0.41650078352280906 6 0.53144107761953197 6 0.64337950582666736 6 0.73778482845175841 6 0.82293142598550018 6 0.90535947897809899 6 1 8
7 0 0  7 62 11  0 10.703502357670629  0.092061602034412271 10.703502357670629  0.18404412481737664 10.704051115945974  0.27664715129479522 10.705147020854222  0.37050338812182149 10.706767495049318  0.46627180524813011 10.708867209637145  0.56462561844761705 10.711361359716863  0.7519343909279792 10.716412313557495  0.84063984530393743 10.718916031319351  0.93242956868215277 10.721519003813638  1.0273378410229745 10.72408274545629  1.1254988567512443 10.726430170889078  1.227169840947298 10.728364890702805  1.4204942299270427 10.730822801254149  1.5100333717312664 10.73151869621695  1.6003599108625794 10.731692311847372  1.6905939838366526 10.731297104782334  1.779893661897088 10.730371917482895  1.8673045288369681 10.729031291972792  2.0578709206065717 10.725382498114781  2.1595516348137478 10.722906366797105  2.2573370308993597 10.720208144690075  2.3517029585235605 10.717484915055588  2.4430545286323313 10.714884544397471  2.5317161452752313 10.712512970774037  2.7104962444637146 10.708216706230548  2.8006768805989379 10.706326551825059  2.8891617200414013 10.704853398996706  2.9764950290941647 10.703844284727767  3.0631902410469527 10.703322892757916  3.1497695738267706 10.703296080717829  3.3215425346960732 10.704198169604579  3.4066123711174554 10.705101576675441  3.492551367676719 10.706451567932818  3.5798691392079212 10.708220860727856  3.6690958810839849 10.710362805193776  3.7607802455022568 10.71279817876691  3.9355513558711448 10.717598351812466  4.0183552982264255 10.719931499494407  4.1038886488993418 10.722314235336373  4.1921374484849769 10.724628995537978  4.2831716145545675 10.726732631200989  4.3771561002102262 10.728471606322374  4.5620868835747954 10.730822801254885  4.651626025264016 10.731518696215653  4.741952564405052 10.731692311848189  4.8321866374719828 10.731297104782888  4.9214863155459403 10.73037191748127  5.0088971823687398 10.729031291973872  5.1747877732205794 10.725854968156328  5.256389230977204 10.723980557065614  5.3379877065878372 10.721862036485618  5.4195854116194511 10.719588060392914  5.5011859266351451 10.717259349490627  5.5827891442204844 10.714978591943142  5.7580737944999401 10.710382252963996  5.8490244986135327 10.708183152089475  5.9378857161872576 10.706346087512449  6.0252103840539704 10.704933258047587  6.1115152655668821 10.703979736462724  6.1973225493092583 10.703502357670629  6.2831853071795862 10.703502357670629 
 0 8 0.12185339402519342 6 0.2242662523709838 6 0.30929500759940426 6 0.41650078352280906 6 0.53144107761953197 6 0.64337950582666736 6 0.73778482845175841 6 0.82293142598550018 6 0.90535947897809899 6 1 8
7 0 0  7 62 11  3.3870792772360732 -34.924999999999997  3.3870792772360732 -35.231104834451656  3.3872443180242828 -35.536947064383462  3.3875739098506958 -35.840613027272809  3.3880715603665372 -36.140008830125062  3.3887439933868984 -36.432485736945317  3.3896002330383523 -36.714382484147812  3.3915327791273353 -37.203937654100699  3.3925599574671845 -37.418234678754423  3.3937353592541553 -37.618043595340495  3.3950582594990197 -37.79782112696887  3.396523659335704 -37.951713883906031  3.3981214274120739 -38.073472587912512  3.4012569235117218 -38.225019279705336  3.4027444423363131 -38.266216431463768  3.404264816772423 -38.275978580800547  3.405782115882058 -38.252981117925685  3.4072602232525808 -38.198422208423054  3.4086659701378901 -38.115988198186479  3.4116185998561006 -37.880490507461381  3.4131123217176653 -37.714161726121858  3.4144463305296595 -37.520720742055424  3.4156203163033902 -37.3065203888262  3.4166374612768187 -37.076806626527478  3.4175029049863315 -36.835939705160385  3.4189949046883936 -36.321136244527146  3.4196032087526516 -36.044864006191261  3.4200553378278928 -35.762089633368682  3.420357111996196 -35.475277628105111  3.4205121834521401 -35.18634227251998  3.4205216169922719 -34.896979449261607  3.4202490779876551 -34.328420546609124  3.4199748703944048 -34.049492359421151  3.4195597265011655 -33.773664266250151  3.4189996474846036 -33.502738854590717  3.4182884647739087 -33.23906020399523  3.4174186280762608 -32.985834867260991  3.4155083907235748 -32.546658252998938  3.4145092755638182 -32.354825685141826  3.4133833120822374 -32.176550358685198  3.4121323567938129 -32.016444241511259  3.4107617629738995 -31.879262513194469  3.4092808400398136 -31.76994767669688  3.4062814784503317 -31.624980720294861  3.4047939596257328 -31.583783568535832  3.4032735851896234 -31.57402141919971  3.401756286079995 -31.597018882074472  3.4002781787094745 -31.651577791576425  3.3988724318241559 -31.734011801813882  3.396302128194864 -31.939015688832711  3.3950859707719383 -32.063836330938372  3.393931788901265 -32.211537110339343  3.3928524914079228 -32.380627886893301  3.391859841171267 -32.569268650756307  3.3909641942452571 -32.775306501652992  3.3892671670093719 -33.250058845172212  3.3885258397866154 -33.516143206804877  3.3879422929145773 -33.790615418751273  3.3875096450990907 -34.07066516909655  3.3872228409126217 -34.354199606906299  3.3870792772360727 -34.639506325796447  3.3870792772360727 -34.925000000000004 
 0 8 0.1218533921217913 6 0.2242662504808634 6 0.30929500491702133 6 0.41650077976235622 6 0.53144107393854623 6 0.64337950339890049 6 0.73778482706344639 6 0.82293142552094989 6 0.90535947940880035 6 1 8
7 0 0  7 62 11  0 10.703502357670629  0.092061604346362513 10.703502357670629  0.1840441195199006 10.704051115966621  0.27664715419603836 10.705147020747312  0.37050339198088966 10.706767495256228  0.46627179922118822 10.708867209450665  0.56462562104650815 10.711361359786915  0.75193439009091223 10.716412313534894  0.84063984746606835 10.718916031368703  0.93242956722489212 10.721519003788744  1.0273378397377948 10.724082745424893  1.1254988591235795 10.726430170930593  1.2271698398804405 10.728364890689212  1.420494229984308 10.730822801254845  1.5100333716749006 10.731518696215653  1.6003599108158328 10.731692311848175  1.6905939838816355 10.731297104782829  1.7798936619554122 10.730371917481209  1.8673045287796577 10.729031291973859  2.0578709206003434 10.725382498114872  2.1595516348123516 10.722906366797421  2.257337030904536 10.720208144689513  2.3517029585282767 10.717484915055708  2.4430545286326537 10.714884544397281  2.5317161452686414 10.712512970774252  2.7104962454649417 10.708216706206542  2.8006768783262301 10.706326551860972  2.8891617213468779 10.704853398993199  2.9764950304654945 10.703844284703139  3.0631902388549928 10.703322892768222  3.1497695747409753 10.703296080722572  3.321542534695979 10.704198169604522  3.4066123711178071 10.70510157667553  3.492551367675917 10.706451567932657  3.5798691392089435 10.708220860727968  3.6690958810832863 10.710362805193871  3.7607802455024517 10.712798178766887  3.9355513558561932 10.717598351812029  4.0183552982258108 10.719931499494374  4.1038886489119886 10.722314235336809  4.1921374484962133 10.724628995538238  4.2831716145517031 10.726732631200738  4.3771561001955686 10.728471606322159  4.5620868835738442 10.730822801254844  4.6516260252649682 10.731518696215653  4.7419525644058336 10.731692311848144  4.8321866374712101 10.73129710478284  4.9214863155449526 10.730371917481278  5.0088971823697381 10.729031291973856  5.1747877732205838 10.725854968156328  5.2563892309772609 10.72398055706554  5.3379877065877741 10.721862036485607  5.4195854116193924 10.719588060392969  5.5011859266352063 10.717259349490657  5.5827891442204862 10.714978591943114  5.7580737930560391 10.710382253001827  5.8490245018712423 10.70818315202701  5.9378857143348522 10.706346087526191  6.0252103820848495 10.704933258089167  6.1115152686818268 10.703979736434038  6.1973225480206224 10.703502357670629  6.2831853071795862 10.703502357670629 
 0 8 0.1218533921217913 6 0.2242662504808634 6 0.30929500491702133 6 0.41650077976235622 6 0.53144107393854623 6 0.64337950339890049 6 0.73778482706344639 6 0.82293142552094989 6 0.90535947940880035 6 1 8
7 0 0  7 62 11  0.19035796576066311 -12.699999999999999  0.19035796576066311 -13.006104834451381  0.19052300654887386 -13.311947064384142  0.19085259837528318 -13.615613027272078  0.19135024889112981 -13.915008830125693  0.19202268191148675 -14.207485736944909  0.1928789215629427 -14.489382484147976  0.19481146768180077 -14.978937661668732  0.19583864589771802 -15.19323466400335  0.19701404785510485 -15.393043601375833  0.1983369480777383 -15.572821136415911  0.19980234773917949 -15.726713873282723  0.20140011599651672 -15.848472590805354  0.20453561203538279 -16.000019279660417  0.20602313086184029 -16.041216431547799  0.20754350529774382 -16.050978580742967  0.20906080440591307 -16.027981117889279  0.21053891177627107 -15.973422208533753  0.2119446586633677 -15.890988198115673  0.2148972883809365 -15.655490507441762  0.21639101024227342 -15.489161726106097  0.21772501905406497 -15.295720742075439  0.21889900482783592 -15.081520388863762  0.21991614980145888 -14.851806626532246  0.22078159351105767 -14.610939705113356  0.22227359320462647 -14.09613624741041  0.22288189728964009 -13.81986399930452  0.22333402635125718 -13.537089637595516  0.22363580051237428 -13.250277632235342  0.2237908719804203 -12.961342265519816  0.22380030551831184 -12.671979452287692  0.22352776650937317 -12.103420540619124  0.22325355891908785 -11.824492373749525  0.22283841505241672 -11.548664256180851  0.22227833594808499 -11.277738849177581  0.22156715335624416 -11.014060215509787  0.22069731657852404 -10.76083486212814  0.21878707926142482 -10.321658256047602  0.21778796404757403 -10.129825679114774  0.2166620006391132 -9.9515503611986187  0.21541104534226824 -9.7914442453877371  0.21404045144738681 -9.6542625088185172  0.21255952858895638 -9.5449476778835685  0.2095601669629874 -9.3999807197180179  0.20807264817861565 -9.3587835688216128  0.20655227369760779 -9.3490214199563244  0.20503497458720629 -9.372018881764161  0.20355686726141187 -9.4265777905661015  0.20215112033784474 -9.5090118026833341  0.19958081671945518 -9.7140156888326352  0.19836465929652783 -9.8388363309384079  0.19721047742585446 -9.9865371103394605  0.19613117993251361 -10.155627886893297  0.19513852969585696 -10.344268650756176  0.19424288276984675 -10.550306501653077  0.19254585551998313 -11.02505884908277  0.19180452833374631 -11.291143197325038  0.19122098143449648 -11.565615424683513  0.19078833360876118 -11.845665174766324  0.19050152944733204 -12.129199597113606  0.19035796576066311 -12.414506330080741  0.19035796576066311 -12.700000000000001 
 0 8 0.12185338492035371 6 0.22426624069389844 6 0.30929499589852466 6 0.41650077180163403 6 0.53144106588948803 6 0.64337949647807846 6 0.73778482169565585 6 0.82293142094268568 6 0.90535947628280922 6 1 8
7 0 0  7 62 11  0 10.703502357670629  0.092061604346280634 10.703502357670629  0.18404411952012897 10.704051115966644  0.27664715419574815 10.705147020747095  0.37050339198116078 10.706767495256519  0.46627179922101569 10.708867209450581  0.56462562104657066 10.711361359786945  0.75193439298651776 10.716412313613006  0.84063983998692393 10.718916031198134  0.93242957226561374 10.721519003874764  1.0273378441833845 10.724082745533389  1.1254988509174575 10.726430170787097  1.2271698435707739 10.72836489073616  1.420494229927004 10.730822801254147  1.5100333717312899 10.731518696216904  1.6003599108626017 10.731692311847363  1.6905939838366557 10.731297104782334  1.7798936618970873 10.730371917482858  1.8673045288369539 10.729031291972792  2.0578709206162209 10.725382498114596  2.1595516348152772 10.722906366797321  2.2573370308926335 10.720208144689506  2.3517029585148954 10.717484915056785  2.4430545286328682 10.714884544396901  2.531716145284975 10.71251297077386  2.7104962444636493 10.708216706230607  2.8006768805991178 10.706326551824997  2.8891617200413195 10.704853398996676  2.97649502909404 10.703844284727827  3.0631902410470699 10.703322892757994  3.1497695738267359 10.703296080717829  3.3215425365056781 10.704198169614083  3.4066123669922383 10.705101576667291  3.4925513698987931 10.706451567874625  3.5798691422773192 10.708220860879088  3.6690958763394321 10.710362805047563  3.7607802475450787 10.712798178823045  3.9355513546429757 10.717598351778763  4.0183553013811446 10.719931499567066  4.1038886467913356 10.722314235300477  4.1921374466025636 10.724628995491772  4.2831716179851655 10.726732631261212  4.3771560986817395 10.728471606302914  4.5620868843097089 10.730822801264198  4.6516260235125504 10.73151869621071  4.7419525654506618 10.731692311836436  4.8321866385403922 10.731297104787965  4.9214863138223555 10.730371917496782  5.0088971830733087 10.729031291960412  5.1747877732205216 10.725854968156357  5.2563892309772848 10.723980557065607  5.3379877065878345 10.721862036485614  5.4195854116193845 10.719588060392919  5.5011859266351468 10.717259349490623  5.5827891442205138 10.71497859194314  5.7580737944998637 10.710382252963996  5.8490244986137787 10.70818315208928  5.937885716187111 10.70634608751261  6.0252103840538354 10.704933258047729  6.1115152655671308 10.703979736462495  6.1973225493091331 10.703502357670629  6.2831853071795862 10.703502357670629 
 0 8 0.12185338492035371 6 0.22426624069389844 6 0.30929499589852466 6 0.41650077180163403 6 0.53144106588948803 6 0.64337949647807846 6 0.73778482169565585 6 0.82293142094268568 6 0.90535947628280922 6 1 8
7 0 0  7 62 11  0.74773501494099115 -12.699999999999999  0.74773501494099115 -13.00610482676473  0.74790005572015461 -13.311947082798419  0.74822964759797705 -13.615613014506405  0.74872729799246562 -13.915008822663392  0.7493997311623819 -14.207485752257945  0.75025597071645611 -14.489382477355267  0.75218851683225274 -14.978937654100477  0.75321569517210563 -15.193234678754749  0.75439109695907269 -15.393043595340425  0.75571399720393639 -15.572821126968687  0.7571793970406252 -15.726713883906216  0.75877716511699156 -15.848472587912442  0.76191266121666579 -16.000019279706528  0.76340018004120513 -16.041216431461631  0.76492055447732421 -16.050978580801967  0.76643785358699634 -16.027981117926622  0.76791596095751979 -15.973422208420288  0.76932170784278742 -15.890988198188191  0.77227433756126551 -15.65549050744176  0.77376805942260085 -15.489161726106282  0.77510206823439498 -15.295720742074806  0.77627605400816413 -15.081520388864433  0.77729319898178706 -14.851806626531898  0.77815864269138646 -14.610939705113417  0.77965064239331106 -14.096136244527358  0.78025894645757032 -13.81986400619088  0.78071107553281038 -13.53708963336895  0.78101284970111373 -13.250277628105193  0.78116792115705869 -12.96134227251936  0.78117735469719052 -12.671979449262102  0.78090481568970205 -12.103420540619096  0.78063060809941887 -11.824492373750491  0.78021546423273458 -11.548664256179446  0.77965538512842347 -11.277738849178064  0.77894420253656971 -11.014060215509819  0.77807436575885325 -10.760834862128208  0.77616412842153093 -10.321658251398256  0.77516501328928145 -10.12982568819271  0.77403904977112359 -9.9515503574645283  0.77278809448698371 -9.7914442395760268  0.77141750070456505 -9.6542625153820385  0.76993657773194957 -9.5449476760790706  0.76693721614330868 -9.3999807197176892  0.76544969735895074 -9.3587835688222558  0.76392932287794169 -9.3490214199558643  0.76241202376752937 -9.3720188817638803  0.7609339164417338 -9.4265777905669648  0.75952816951818058 -9.5090118026827781  0.75695786591324776 -9.7140156877587867  0.75574170844956867 -9.8388363342348217  0.75458752661884965 -9.9865371076993164  0.75350822912987492 -10.155627885001058  0.75251557885417353 -10.344268654961253  0.75161993195763621 -10.550306499565689  0.7499229047142898 -11.025058845172184  0.74918157749153347 -11.291143206804872  0.74859803061949592 -11.565615418751221  0.74816538280400879 -11.845665169096646  0.74787857861753981 -12.129199606906488  0.74773501494099115 -12.414506325796234  0.74773501494099115 -12.700000000000001 
 0 8 0.12185339195828103 6 0.2242662475645914 6 0.30929499971665481 6 0.41650077169640154 6 0.53144106282190251 6 0.64337949170132458 6 0.73778481766187598 6 0.8229314195952403 6 0.90535947665769811 6 1 8
7 0 0  7 62 11  0 10.703502357670544  0.092061602034505502 10.703502357670544  0.18404412481724572 10.704051115946045  0.27664715129470296 10.705147020853705  0.37050338812208583 10.706767495049599  0.46627180524801065 10.708867209636988  0.56462561844761128 10.711361359716749  0.7519343900908263 10.716412313534807  0.84063984746621789 10.718916031368618  0.93242956722482151 10.72151900378857  1.027337839737724 10.724082745424806  1.1254988591237309 10.726430170930623  1.227169839880361 10.728364890689011  1.4204942299858228 10.730822801254666  1.5100333716734611 10.731518696215741  1.6003599108147033 10.731692311848247  1.6905939838828121 10.731297104782824  1.7798936619568491 10.730371917481174  1.8673045287782701 10.729031291973715  2.0578709206162231 10.725382498114397  2.1595516348152959 10.722906366797908  2.2573370308926535 10.720208144688286  2.3517029585148794 10.717484915057423  2.4430545286328966 10.714884544396579  2.5317161452849546 10.712512970773691  2.7104962454648711 10.708216706206375  2.8006768783263309 10.706326551861043  2.8891617213468126 10.704853398993141  2.9764950304654869 10.703844284703012  3.0631902388551637 10.703322892768185  3.149769574740827 10.70329608072243  3.3215425365056865 10.704198169613884  3.4066123669918049 10.70510157666725  3.4925513698995418 10.706451567874817  3.5798691422769027 10.708220860878777  3.6690958763395134 10.710362805047339  3.7607802475450516 10.712798178822903  3.9355513564931903 10.717598351829437  4.0183552966337626 10.719931499457646  4.1038886499619194 10.722314235354265  4.1921374494339583 10.724628995561176  4.2831716128230513 10.726732631170654  4.3771561009836946 10.728471606332095  4.5620868843101281 10.730822801264122  4.6516260235121178 10.731518696210902  4.7419525654502692 10.731692311836458  4.8321866385407164 10.731297104787762  4.9214863138228315 10.730371917496578  5.008897183072861 10.729031291960251  5.1747877723515545 10.725854968172825  5.2563892329420492 10.723980557022518  5.3379877054660341 10.721862036514233  5.4195854104283061 10.719588060418683  5.5011859285172102 10.717259349444001  5.5827891434498236 10.714978591963293  5.7580737930560257 10.710382253001798  5.8490245018712885 10.708183152027058  5.9378857143348096 10.706346087526011  6.0252103820848442 10.704933258089014  6.1115152686819139 10.703979736434112  6.1973225480205585 10.703502357670544  6.2831853071795862 10.703502357670544 
 0 8 0.12185339195828103 6 0.2242662475645914 6 0.30929499971665481 6 0.41650077169640154 6 0.53144106282190251 6 0.64337949170132458 6 0.73778481766187598 6 0.8229314195952403 6 0.90535947665769811 6 1 8
7 0 0  7 62 11  1.3051120641213183 -12.699999999999999  1.3051120641213183 -13.006104834451522  1.3052771049095298 -13.311947064383979  1.305606696735937 -13.615613027272296  1.3061043472517861 -13.915008830125174  1.3067767802721433 -14.207485736945468  1.3076330199235968 -14.489382484147708  1.3095655660424559 -14.978937661668727  1.3105927442583742 -15.193234664003409  1.3117681462157589 -15.393043601375735  1.3130910464383934 -15.572821136415902  1.3145564460998371 -15.726713873282895  1.3161542143571705 -15.84847259080526  1.3192897103969756 -16.000019279705704  1.3207772292215503 -16.041216431463106  1.322297603657663 -16.050978580801004  1.3238149027673098 -16.027981117925972  1.3252930101378333 -15.973422208422175  1.3266987570231288 -15.89098819818703  1.3296513867415918 -15.655490507441783  1.3311451086029307 -15.489161726106129  1.3324791174147164 -15.295720742075497  1.3336531031884966 -15.081520388863375  1.3346702481621109 -14.851806626532822  1.3355356918717141 -14.61093970511309  1.3370276915652821 -14.096136247410428  1.3376359956502955 -13.819863999304799  1.3380881247119121 -13.537089637595448  1.3383898988730298 -13.250277632235013  1.338544970341077 -12.961342265519743  1.3385544038789678 -12.671979452287966  1.3382818648729 -12.103420546608893  1.3380076572796487 -11.824492359422081  1.3375925133864144 -11.548664266248331  1.337032434369847 -11.277738854592776  1.3363212516591529 -11.014060203993694  1.3354514149615082 -10.760834867261549  1.3335411776222261 -10.321658256080994  1.3325420624082636 -10.129825679109919  1.3314160989996271 -9.9515503611728526  1.3301651437027633 -9.7914442453763026  1.3287945498080667 -9.6542625088298077  1.3273136269498222 -9.544947677893747  1.3243142653365019 -9.3999807203395473  1.3228267465100469 -9.3587835684522371  1.3213063720741416 -9.3490214192570118  1.3197890729659716 -9.3720188821106856  1.3183109655956156 -9.4265777914662738  1.3169052187085182 -9.5090118018843413  1.314334915093879 -9.7140156877345021  1.3131187576292815 -9.838836334309109  1.3119645757994618 -9.9865371076398652  1.3108852783105844 -10.155627884958504  1.3098926280340033 -10.344268655056064  1.3089969811381323 -10.550306499518488  1.3072999538806371 -11.025058849083196  1.3065586266944036 -11.291143197324308  1.3059750797951521 -11.565615424683624  1.3055424319694156 -11.84566517476679  1.3052556278079877 -12.129199597113338  1.3051120641213185 -12.414506330080764  1.3051120641213185 -12.700000000000001 
 0 8 0.12185338788357458 6 0.22426624614749271 6 0.30929500347568029 6 0.41650078198276724 6 0.53144107886259162 6 0.64337950977996194 6 0.73778483322501764 6 0.82293143009218506 6 0.90535948159853097 6 1 8
7 0 0  7 62 11  0 10.703502357670601  0.092061604346322573 10.703502357670601  0.18404411952005734 10.704051115966436  0.2766471541958716 10.7051470207475  0.37050339198093574 10.706767495255962  0.46627179922123402 10.708867209450753  0.56462562104646863 10.711361359786887  0.75193439298651599 10.716412313612949  0.84063983998698943 10.718916031198086  0.93242957226550438 10.721519003874702  1.0273378441833718 10.724082745533323  1.1254988509176449 10.726430170787044  1.2271698435706553 10.728364890736103  1.4204942299847751 10.730822801254826  1.5100333716744927 10.731518696215556  1.6003599108154474 10.731692311848153  1.690593983881975 10.731297104782815  1.7798936619559069 10.730371917481122  1.86730452877921 10.72903129197384  2.0578709206162054 10.72538249811454  2.1595516348153083 10.72290636679714  2.2573370308925185 10.72020814468981  2.3517029585151237 10.717484915056216  2.4430545286326302 10.714884544397149  2.5317161452850674 10.712512970773801  2.7104962444636445 10.70821670623055  2.800676880599049 10.706326551824962  2.8891617200413267 10.704853398996605  2.9764950290941274 10.703844284727726  3.063190241047109 10.703322892757908  3.1497695738266542 10.703296080717772  3.3215425346960492 10.704198169604522  3.4066123711175678 10.705101576675396  3.4925513676764011 10.706451567932787  3.5798691392083217 10.708220860727698  3.6690958810838303 10.710362805193911  3.7607802455022297 10.712798178766851  3.9355513546296872 10.717598351778312  4.0183553013809306 10.719931499567071  4.1038886468022779 10.72231423530072  4.1921374466122305 10.724628995491866  4.2831716179829318 10.726732631261047  4.3771560986687543 10.728471606302691  4.5620868835168356 10.730822801254064  4.6516260253210984 10.731518696217085  4.7419525644523608 10.731692311847143  4.83218663742643 10.731297104782106  4.9214863154869102 10.73037191748303  5.0088971824267583 10.729031291972706  5.1747877723319036 10.725854968173284  5.2563892329863702 10.723980557021649  5.3379877054407654 10.721862036514731  5.4195854104014742 10.719588060419301  5.5011859285596669 10.71725934944333  5.5827891434323975 10.714978591963723  5.7580737945000209 10.710382252963909  5.8490244986134554 10.708183152089287  5.937885716187199 10.706346087512568  6.0252103840540547 10.704933258047648  6.1115152655669771 10.703979736462454  6.1973225493091393 10.703502357670601  6.2831853071795862 10.703502357670601 
 0 8 0.12185338788357458 6 0.22426624614749271 6 0.30929500347568029 6 0.41650078198276724 6 0.53144107886259162 6 0.64337950977996194 6 0.73778483322501764 6 0.82293143009218506 6 0.90535948159853097 6 1 8
7 0 0  7 62 11  1.9936366542852535 -12.699999999999999  1.9936366542852535 -13.006104826764746  1.9938016950644177 -13.31194708279849  1.9941312869422376 -13.615613014506337  1.9946289373367285 -13.915008822663104  1.995301370506646 -14.207485752258409  1.9961576100607175 -14.489382477355033  1.99809015620639 -14.978937661668557  1.9991173344223103 -15.193234664003585  2.0002927363796941 -15.39304360137576  2.0016156366023274 -15.572821136415781  2.0030810362637714 -15.726713873282895  2.0046788045211064 -15.848472590805281  2.0078143005609133 -16.00001927970586  2.0093018193854815 -16.04121643146285  2.0108221938215971 -16.050978580801154  2.0123394929312477 -16.0279811179261  2.0138176003017696 -15.973422208421889  2.0152233471870615 -15.890988198187186  2.0181759769060408 -15.655490507400827  2.0196696987668994 -15.489161726074048  2.0210037075782714 -15.295720742116416  2.0221776933521323 -15.081520388941694  2.0231948383261487 -14.851806626543027  2.0240602820359332 -14.610939705015083  2.0255522817292171 -14.096136247410451  2.02616058581423 -13.819863999304866  2.026612714875847 -13.537089637595242  2.0269144890369653 -13.250277632235029  2.0270695605050117 -12.961342265520093  2.027078994042903 -12.671979452287717  2.0268064550339639 -12.103420540619078  2.0265322474436798 -11.824492373750694  2.0261171035770014 -11.548664256178762  2.0255570244726826 -11.277738849178753  2.0248458418808326 -11.014060215509708  2.0239760051031146 -10.760834862128096  2.0220657677658163 -10.321658251403772  2.0210666526335488 -10.129825688191659  2.0199406891153635 -9.9515503574604622  2.0186897338312209 -9.7914442395743784  2.01731914004883 -9.6542625153837172  2.015838217076245 -9.5449476760806853  2.0128388554995214 -9.3999807202953072  2.0113513366749047 -9.3587835685349798  2.0098309622387971 -9.3490214192003176  2.0083136631291838 -9.3720188820748493  2.0068355557586641 -9.4265777915752853  2.0054298088733273 -9.5090118018146175  2.0028595052442433 -9.7140156888168967  2.0016433478208948 -9.8388363309475775  2.0004891659503441 -9.9865371103677063  1.9994098684572621 -10.155627886880868  1.9984172182205493 -10.34426865071447  1.9975215712943122 -10.550306501688075  1.9958245440445739 -11.0250588490828  1.9950832168583372 -11.291143197324692  1.9944996699590873 -11.565615424683786  1.9940670221333519 -11.84566517476658  1.9937802179719222 -12.129199597113265  1.9936366542852537 -12.414506330080858  1.9936366542852537 -12.700000000000001 
 0 8 0.12185338628382367 6 0.22426624058784184 6 0.30929499462850585 6 0.4165007690238976 6 0.53144106154071036 6 0.64337949059929911 6 0.7377848167084009 6 0.82293141805852232 6 0.90535947473427991 6 1 8
7 0 0  7 62 11  0 10.703502357670573  0.092061602034510387 10.703502357670573  0.18404412481724738 10.704051115945711  0.27664715129474027 10.705147020854314  0.37050338812192218 10.706767495049343  0.46627180524820599 10.708867209636917  0.56462561844752268 10.711361359716832  0.75193439298645071 10.716412313612974  0.84063983998704506 10.718916031198081  0.93242957226553569 10.72151900387467  1.027337844183327 10.72408274553332  1.1254988509176056 10.726430170787081  1.2271698435706853 10.728364890736103  1.4204942299849659 10.730822801254826  1.5100333716742986 10.731518696215646  1.6003599108153228 10.731692311848004  1.6905939838821067 10.731297104782739  1.7798936619560362 10.730371917481317  1.8673045287790857 10.729031291973786  2.0578709206493464 10.725382498113849  2.1595516348208132 10.722906366797105  2.2573370308685341 10.720208144690035  2.3517029584868094 10.717484915057369  2.4430545286331236 10.714884544397002  2.5317161453191037 10.712512970772956  2.7104962444636369 10.708216706230521  2.8006768805990103 10.706326551824981  2.8891617200414044 10.704853398996631  2.9764950290941377 10.703844284727738  3.063190241046986 10.703322892757912  3.1497695738267288 10.703296080717772  3.3215425365056914 10.704198169614026  3.406612366991717 10.705101576667076  3.4925513698998181 10.706451567875053  3.5798691422766131 10.708220860878338  3.6690958763395733 10.710362805047888  3.7607802475450964 10.71279817882299  3.935551356490997 10.717598351829464  4.0183552966338434 10.719931499457649  4.1038886499636478 10.722314235354395  4.1921374494354264 10.724628995561298  4.2831716128227466 10.726732631170639  4.3771561009816358 10.728471606332096  4.5620868835732749 10.73082280125478  4.6516260252655428 10.731518696215542  4.7419525644063523 10.731692311848136  4.8321866374707687 10.731297104782826  4.9214863155443132 10.730371917481161  5.008897182370335 10.729031291973815  5.1747877732077843 10.725854968156543  5.2563892309898224 10.723980557065412  5.3379877065981969 10.721862036485204  5.4195854116093045 10.719588060393034  5.5011859266221723 10.717259349491101  5.5827891442334359 10.714978591942719  5.7580737944998743 10.71038225296391  5.8490244986136606 10.708183152089353  5.9378857161872007 10.706346087512484  6.0252103840539224 10.704933258047598  6.1115152655670224 10.703979736462566  6.1973225493091677 10.703502357670573  6.2831853071795862 10.703502357670573 
 0 8 0.12185338628382367 6 0.22426624058784184 6 0.30929499462850585 6 0.4165007690238976 6 0.53144106154071036 6 0.64337949059929911 6 0.7377848167084009 6 0.82293141805852232 6 0.90535947473427991 6 1 8
7 0 0  7 62 11  2.5510137034655811 -12.699999999999999  2.5510137034655811 -13.006104834451312  2.5511787442537912 -13.311947064384679  2.5515083360802016 -13.615613027271001  2.5520059865960487 -13.915008830126645  2.5526784196164041 -14.2074857369445  2.5535346592678607 -14.48938248414801  2.5554672053867202 -14.978937661669098  2.5564943836026335 -15.193234664002976  2.557669785560023 -15.393043601375734  2.5589926857826581 -15.572821136416122  2.5604580854440973 -15.726713873282725  2.562055853701434 -15.84847259080531  2.5651913497522263 -16.000019280236803  2.5666788685384749 -16.041216431262875  2.5681992430192753 -16.050978579985795  2.5697165421282024 -16.027981118199246  2.5711946494538318 -15.973422209545195  2.5726003963791961 -15.890988197245486  2.5755530260858546 -15.655490507441776  2.5770467479471932 -15.48916172610595  2.5783807567589787 -15.295720742076096  2.5795547425327605 -15.081520388862732  2.5805718875063728 -14.851806626533113  2.5814373312159766 -14.610939705113074  2.5829293309179007 -14.096136244527298  2.5835376349821613 -13.81986400619085  2.5839897640573999 -13.537089633369176  2.5842915382257026 -13.250277628105277  2.584446609681649 -12.961342272519145  2.5844560432217798 -12.671979449262182  2.5841835042142911 -12.103420540618812  2.5839092966240114 -11.824492373750342  2.5834941527573236 -11.548664256180579  2.5829340736530111 -11.277738849176604  2.582222891061162 -11.014060215510973  2.5813530542834404 -10.760834862127686  2.5794428169461274 -10.321658251399858  2.5784437018138724 -10.129825688192467  2.5773177382957075 -9.9515503574633453  2.5760667830115658 -9.791444239575485  2.574696189229154 -9.6542625153825039  2.5732152662565504 -9.5449476760795982  2.5702159046688413 -9.399980719763235  2.5687283858825904 -9.3587835687370706  2.5672080114017901 -9.3490214200142301  2.5656907122928638 -9.3720188818007752  2.5642126049672358 -9.4265777904547434  2.5628068580418697 -9.5090118027545678  2.5602365544245713 -9.7140156888167741  2.5590203970012224 -9.8388363309477338  2.5578662151306704 -9.9865371103676779  2.5567869176375893 -10.155627886880788  2.5557942674008771 -10.344268650714559  2.5548986204746393 -10.550306501688022  2.5532015932249017 -11.025058849082674  2.5524602660386635 -11.291143197325363  2.5518767191394152 -11.565615424683212  2.5514440713136799 -11.845665174766101  2.5511572671522496 -12.129199597114043  2.5510137034655815 -12.414506330080588  2.5510137034655815 -12.700000000000001 
 0 8 0.12185338030141528 6 0.22426623219312197 6 0.30929498488771701 6 0.41650075852172563 6 0.53144105142102238 6 0.64337948202799566 6 0.73778480944497116 6 0.82293141263491654 6 0.90535947183548848 6 1 8
7 0 0  7 62 11  0 10.703502357670658  0.092061604346259485 10.703502357670658  0.18404411952025232 10.704051115966706  0.27664715419551189 10.705147020747024  0.37050339198137183 10.706767495256452  0.46627179922091405 10.708867209450593  0.56462562104658454 10.711361359787004  0.75193439298665943 10.716412313613066  0.84063983998679981 10.718916031197949  0.93242957226553946 10.721519003874791  1.0273378441834586 10.724082745533499  1.1254988509175159 10.726430170787017  1.2271698435707192 10.728364890736103  1.4204942306622794 10.730822801263438  1.5100333699794739 10.731518696212152  1.600359911907862 10.731692311835417  1.6905939849053346 10.731297104787293  1.779893660173931 10.730371917498681  1.8673045295411157 10.729031291959279  2.0578709206162116 10.725382498114568  2.1595516348153412 10.722906366797297  2.257337030892355 10.720208144689817  2.3517029585153102 10.717484915056158  2.4430545286325409 10.714884544397341  2.5317161452850732 10.712512970773773  2.7104962454648933 10.708216706206461  2.8006768783263416 10.706326551860895  2.8891617213467393 10.704853398993354  2.976495030465458 10.703844284703255  3.0631902388552348 10.703322892768099  3.1497695747408048 10.703296080722572  3.3215425365057722 10.704198169614026  3.406612366991971 10.705101576667435  3.4925513698988846 10.70645156787465  3.5798691422776834 10.708220860878708  3.6690958763389756 10.710362805047707  3.7607802475452594 10.712798178823022  3.9355513564925535 10.717598351829533  4.0183552966337688 10.719931499457688  4.1038886499623937 10.722314235354512  4.1921374494344175 10.724628995561362  4.2831716128230211 10.726732631170593  4.3771561009830204 10.728471606332173  4.5620868842520244 10.730822801263466  4.6516260235693121 10.731518696211978  4.7419525654976766 10.731692311835484  4.8321866384950924 10.731297104787391  4.9214863137637055 10.73037191749855  5.0088971831309506 10.729031291959279  5.1747877732076875 10.725854968156574  5.2563892309899627 10.723980557065465  5.337987706598164 10.721862036485295  5.4195854116092175 10.719588060393095  5.5011859266222425 10.717259349491114  5.5827891442334154 10.714978591942776  5.7580737944998273 10.710382252963967  5.8490244986139075 10.708183152089417  5.937885716187 10.706346087512475  6.0252103840537448 10.7049332580476  6.1115152655672906 10.703979736462653  6.197322549309086 10.703502357670658  6.2831853071795862 10.703502357670658 
 0 8 0.12185338030141528 6 0.22426623219312197 6 0.30929498488771701 6 0.41650075852172563 6 0.53144105142102238 6 0.64337948202799566 6 0.73778480944497116 6 0.82293141263491654 6 0.90535947183548848 6 1 8
7 0 0  8 65 10  3.1083907526459096 -12.700000000000001  3.1083907526459096 -12.986802124460393  3.1085326807673836 -13.273397847945619  3.1088161783899855 -13.558321503840833  3.1092435875602087 -13.840004326150854  3.1098194107957964 -14.116521141927162  3.1105498694461748 -14.385391167362229  3.111442311080594 -14.643326149484803  3.1132718365062355 -15.0611101196268  3.1141333172392134 -15.229544534652623  3.115089647528797 -15.388313517104423  3.1161400143889701 -15.534539171009381  3.1172818284760337 -15.665278269109388  3.1185106232819457 -15.777513109525769  3.1198198279384202 -15.86812948776377  3.1224471957810103 -15.993261502159941  3.1237421067576037 -16.031882912175096  3.1250649218474686 -16.047359013425172  3.1263936406419934 -16.038581019417439  3.1277057745437618 -16.005703050852087  3.1289795567134537 -15.950128003804188  3.1301950744579519 -15.87449459307938  3.1326610801676815 -15.675896941244263  3.133889644604285 -15.546866933338912  3.135017456203868 -15.399413395729942  3.1360433055579904 -15.236851169005051  3.1369676379393718 -15.06206933625247  3.1377920323259989 -14.87760332250083  3.1385188565253146 -14.685681842983147  3.1398204902478852 -14.279214559702138  3.140386244082924 -14.063256554299079  3.1408520780473355 -13.842132002518305  3.1412212339292456 -13.617230009779837  3.1414963135128589 -13.389671248333599  3.1416791336620373 -13.160395953069786  3.1417706001358137 -12.930240133227274  3.1417706001358137 -12.432158269854831  3.1416468195446559 -12.164513493099493  3.1413995644560964 -11.898261708810269  3.1410271422632707 -11.634689071301347  3.1405261546227141 -11.375312329817859  3.1398918240721234 -11.122040076253546  3.1391183900231625 -10.877367997722777  3.1374274121878885 -10.449007222136212  3.1365467145079693 -10.260339580065803  3.1355552937841575 -10.081884748865313  3.1344530679762621 -9.9170676365844361  3.1332420929373517 -9.7694690886212214  3.1319267760391063 -9.6428464422003497  3.130514306515674 -9.5411773017709862  3.1266271970252073 -9.3533031774871738  3.1241513592830379 -9.3184127742376504  3.1216848930727608 -9.3675477074405968  3.1193285133707693 -9.4970680307740736  3.1171724524061233 -9.6967229746737882  3.1152898804614702 -9.9499452277737319  3.1137203805852298 -10.234547949064124  3.1114153512875462 -10.764489927901611  3.1105309622436499 -11.021587401702392  3.1098069909488575 -11.289457612351553  3.1092362125682205 -11.564867304373077  3.1088125118181646 -11.845373327597116  3.1085314602290941 -12.129077691192869  3.1083907526459096 -12.414433738309544  3.1083907526459096 -12.700000000000001 
 0 9 0.12559883590150731 7 0.21639054328929991 7 0.29838290393260453 7 0.3937145512979805 7 0.49464780238870526 7 0.6120649365015961 7 0.7107492999884949 7 0.86796614058657562 7 1 9
7 0 0  8 65 10  0 10.703502357670629  0.086256278033200573 10.703502357670629  0.17245043418918138 10.703974265442458  0.25911990640256444 10.704916911232978  0.34676398309833145 10.706315545717418  0.43587549779412027 10.708140566063825  0.52696027212929086 10.710340791397121  0.62056682212723269 10.71283360350076  0.78730972080310302 10.717417585198751  0.85941420277836744 10.719441937973484  0.93358525622043687 10.721512305683811  1.0097968804563953 10.723558581323836  1.0880676714302771 10.725497426243706  1.1684612644749608 10.7272367561732  1.2510936547688283 10.728682859141431  1.4129579014459224 10.730713992251138  1.4911218814676355 10.73136115918971  1.5699850966926709 10.731627987556799  1.6489790160445645 10.73147941331111  1.7275700326596988 10.730919498800285  1.8052050711334993 10.729992414121925  1.8812535855731753 10.728773867967018  2.0406272765324673 10.725700945827761  2.1234185850751706 10.723769747703216  2.2036449125751245 10.721666875165475  2.2815582278822366 10.719491380515501  2.3573622149350069 10.717328586264363  2.4312296735554058 10.71524751218656  2.5033125363099256 10.713301029924118  2.6483149868677147 10.709652322464319  2.7213016846321132 10.707964388192163  2.7930091461703337 10.706509853893916  2.8637118019918701 10.705319668127137  2.9336672613159114 10.704414344275781  3.0031274377118087 10.703806492767511  3.0723475007394865 10.703502357670629  3.2221465573928514 10.703502357670629  3.3026411443163699 10.703913926392651  3.3835136697823107 10.70473605645442  3.465167926678161 10.705957258001719  3.54800919828573 10.707554888079214  3.6324529082674166 10.709490747034719  3.7189398772142881 10.711704409536027  3.882835050846603 10.71612399408488  3.9600561352957926 10.718290101878663  4.0396010760132617 10.72054288912851  4.1214763584545242 10.722800874635363  4.2057408755169989 10.724963029993679  4.2925092563842462 10.726913850842227  4.3819658748227024 10.728532757405414  4.6216322777232524 10.731579856551054  4.7682754331600625 10.732222106820929  4.9132768484553226 10.731391627192297  5.0557391695086462 10.729129123124009  5.1945787680346012 10.725836495491581  5.3282907372078636 10.72213709672601  5.4545609054029267 10.718550462009434  5.66545225311304 10.712758229181693  5.7585878183873236 10.710283813680858  5.8492359603190751 10.708101194721268  5.9379368594139841 10.706291410311554  6.0251892291713283 10.704904719088901  6.1114793934330383 10.703970207289522  6.1973007171974936 10.703502357670629  6.2831853071795862 10.703502357670629 
 0 9 0.12559883590150731 7 0.21639054328929991 7 0.29838290393260453 7 0.3937145512979805 7 0.49464780238870526 7 0.6120649365015961 7 0.7107492999884949 7 0.86796614058657562 7 1 9
1 0 0 1 0 
1 0 -47.625 1 0 
1 0 0 1 0 
1 0 -47.625 1 0 
1 0 0 0 -1 
1 3.8586549632115656 0 0 -1 
1 6.2831853071795862 -0 0 1 
1 0 -0 0 1 
7 0 0  7 62 11  3.3898103861894171 -34.924999999999997  3.3898103861894171 -35.23110495400924  3.3896433482432311 -35.536947304336948  3.3893097680253534 -35.840613354002222  3.3888060956100192 -36.140009179646299  3.3881255261345773 -36.432486030960689  3.387258926690448 -36.71438265202562  3.3853029995267478 -37.203937672765335  3.3842633939110138 -37.418234651731957  3.3830737721324597 -37.618043512880945  3.3817348679801809 -37.79782101631416  3.3802517406989034 -37.951713790016257  3.3786346439608108 -38.073472546951038  3.3754612171275831 -38.225019274434807  3.3739557038736163 -38.266216440130449  3.3724169375782389 -38.275978590998299  3.3708812838107707 -38.252981110376801  3.3693852958616444 -38.198422170856894  3.3679625437863256 -38.115988142950599  3.3649741958551687 -37.880490490154855  3.363462403701067 -37.714161705418924  3.3621122563300823 -37.520720749933325  3.3609240674233609 -37.30652044806336  3.3598946162982033 -37.076806732044645  3.359018701352706 -36.835939808736548  3.3575086495294726 -36.32113638289583  3.356892985161855 -36.04486421862174  3.3564353851623254 -35.762089877340657  3.3561299592725766 -35.475277835624624  3.3559730112778676 -35.186342397441187  3.3559634635814981 -34.89697950736484  3.3562393004514228 -34.328420407440575  3.3565168261820162 -34.049492128978997  3.3569369935810935 -33.773663944700402  3.3575038498129408 -33.502738532337183  3.358223637494429 -33.239059958455258  3.3591039983663373 -32.985834718845972  3.361037346496385 -32.546658258182774  3.36204854927065 -32.354825723920129  3.3631881344218924 -32.176550449449991  3.3644542231837851 -32.016444351384187  3.3658413976007742 -31.879262595247155  3.3673402356266235 -31.769947716163156  3.3703758811040023 -31.624980725564608  3.3718813943579464 -31.583783559870596  3.3734201606533247 -31.57402140900097  3.3749558144208116 -31.597018889622763  3.3764518023699415 -31.651577829144507  3.3778745544452353 -31.73401185704844  3.3804759509652702 -31.939015688119042  3.3817068208709062 -32.063836334715567  3.3828749657327712 -32.211537107577144  3.3839673206870304 -32.380627884422054  3.3849719805069722 -32.569268654644723  3.3858784636384476 -32.775306499818278  3.3875960227794897 -33.250058701290534  3.3883463195096541 -33.516142944349426  3.3889369273625412 -33.790615128809399  3.3893748104968 -34.070664901129042  3.389665085251484 -34.354199397392783  3.3898103861894171 -34.63950623086869  3.3898103861894171 -34.925000000000004 
 0 8 0.12185335210145522 6 0.22426625001107159 6 0.30929498870175109 6 0.41650081467048328 6 0.53144105603071268 6 0.64337946700844351 6 0.73778483145925633 6 0.82293141608822984 6 0.90535949971411511 6 1 8
7 0 0  7 62 11  0 8.3219166531004305  0.092061640303532463 8.3219166531004305  0.18404419168723429 8.322472051918675  0.27664725395037459 8.3235812182443336  0.37050350310374602 8.3252213015295489  0.46627189972073058 8.3273464220628828  0.56462568527825696 8.3298707491588164  0.7519343972321908 8.3349828123042098  0.84063983827420785 8.3375168211608788  0.93242953267441986 8.3401512841059411  1.0273377825294676 8.3427460407212912  1.1254987923703543 8.3451218640106486  1.2271697876269008 8.3470799890978622  1.4204942232608224 8.34956763350716  1.5100333770656478 8.3502719467282169  1.6003599349909443 8.350447662518798  1.6905940259917414 8.350047674483621  1.7798937143780651 8.3491112949784299  1.867304573476918 8.34775445175441  2.0578709346049062 8.3440615181256277  2.1595516428935948 8.3415554318095566  2.2573370221609146 8.3388245674551627  2.3517029303986483 8.3360683919635381  2.4430544878094143 8.3334365604146683  2.5317161092988818 8.3310362925964974  2.7104961974124939 8.3266880463236586  2.8006768103007351 8.3247750218512362  2.889161646789598 8.3232840433696076  2.9764949682176942 8.3222627179389921  3.0631902015113992 8.3217350165795416  3.149769557186834 8.321707880075861  3.3215425767415674 8.322620884707769  3.4066124417029178 8.3235352237375491  3.4925514675043958 8.3249015507705764  3.5798692465488919 8.326692252666744  3.6690959677062533 8.3288601134236462  3.760780304564471 8.3313249522620918  3.9355513537932771 8.3361831996247435  4.0183552834296252 8.3385445743756961  4.1038886064562377 8.3409561359797539  4.1921373878598667 8.343298899010108  4.2831715533601082 8.345427983350282  4.3771560498494093 8.3471879956906161  4.5620868768513434 8.3495676335071671  4.651626030654751 8.3502719467282365  4.7419525885800704 8.350447662518766  4.8321866795820716 8.3500476744835961  4.9214863679686749 8.3491112949784689  5.0088972270659378 8.347754451754426  5.174787772643076 8.3445397040369773  5.2563892331635289 8.3426426173154624  5.337987705346281 8.3404984675945606  5.4195854101598684 8.3381969808453693  5.5011859284247917 8.335840096152527  5.5827891435430841 8.333531744325466  5.758073739933077 8.3288797954368476  5.8490244137050675 8.3266540872457444  5.9378856228517183 8.3247947942341991  6.0252103006783946 8.3233648686849282  6.1115152055011999 8.3223998086082105  6.1973225194709238 8.3219166531004305  6.2831853071795862 8.3219166531004305 
 0 8 0.12185335210145522 6 0.22426625001107159 6 0.30929498870175109 6 0.41650081467048328 6 0.53144105603071268 6 0.64337946700844351 6 0.73778483145925633 6 0.82293141608822984 6 0.90535949971411511 6 1 8
1 6.2831853071795862 -0 0 1 
1 0 -0 0 1 
7 0 0  7 62 11  2.8324333370090891 -34.924999999999997  2.8324333370090891 -35.23110495400887  2.8322662990629035 -35.536947304338071  2.831932718845025 -35.840613354000538  2.8314290464296912 -36.140009179647791  2.8307484769542501 -36.432486030959787  2.8298818775101191 -36.714382652025904  2.8279259503161933 -37.203937680330988  2.8268863448258501 -37.418234636985666  2.8256967228748744 -37.618043518914206  2.8243578187450877 -37.797821025758061  2.8228746916411152 -37.951713779396428  2.8212575947199254 -38.073472549842926  2.8180841679351754 -38.22501927501169  2.8165786547219236 -38.266216439844484  2.8150398883811056 -38.275978590241891  2.8135042346128536 -38.252981110687195  2.8120082467089929 -38.198422171866902  2.8105854945949673 -38.115988142081356  2.8075971466750969 -37.880490490175049  2.806085354520758 -37.714161705434691  2.8047352071495597 -37.520720749912698  2.8035470182428877 -37.30652044802558  2.8025175671179272 -37.076806732039451  2.8016416521725187 -36.835939808784531  2.8001316003491454 -36.321136382896007  2.7995159359815278 -36.044864218621754  2.7990583359819965 -35.762089877340372  2.7987529100922477 -35.475277835624595  2.7985959620975405 -35.186342397441507  2.7985864144011705 -34.896979507364698  2.7988622512681887 -34.328420413430422  2.7991397770017863 -34.049492114650967  2.7995599444277395 -33.773663954768637  2.8001268005707733 -33.502738537752684  2.8008465883725466 -33.239059946937893  2.8017269491634087 -32.985834723980084  2.8036602973230949 -32.546658256584287  2.80467150006996 -32.354825726916054  2.8058110852573526 -32.176550448275215  2.8070771740149771 -32.016444349496318  2.8084643483949137 -31.879262597382535  2.8099631864591652 -31.769947715548572  2.8129988319347881 -31.62498072503389  2.8145043451499583 -31.583783560070234  2.8160431114905613 -31.574021409816535  2.8175787652573092 -31.597018889349751  2.8190747531610016 -31.65157782802077  2.8204975052768617 -31.734011857990463  2.8230989017852415 -31.93901568814265  2.8243297716899707 -32.063836334643042  2.8254979165527243 -32.211537107635152  2.8265902715070821 -32.380627884463721  2.8275949313261544 -32.569268654552346  2.8285014144582852 -32.775306499864051  2.8302189735991603 -33.250058701290136  2.8309692703293274 -33.516142944350229  2.8315598781822144 -33.790615128809101  2.8319977613164715 -34.070664901128545  2.832288036071156 -34.354199397393302  2.8324333370090891 -34.639506230868498  2.8324333370090891 -34.925000000000004 
 0 8 0.12185334481281045 6 0.22426624006255436 6 0.30929498022811652 6 0.41650080893456898 6 0.53144105320777324 6 0.64337946463225593 6 0.73778482817648239 6 0.82293141333167519 6 0.90535949823172357 6 1 8
7 0 0  7 62 11  0 8.3219166531004021  0.092061640303421219 8.3219166531004021  0.18404419168756087 8.3224720519189663  0.27664725394988854 8.323581218243902  0.37050350310419733 8.3252213015297336  0.46627189972042321 8.3273464220629236  0.56462568527836599 8.3298707491587916  0.75193440012688673 8.3349828123831848  0.84063983079751003 8.3375168209885562  0.93242953771343706 8.3401512841929328  1.0273377869735589 8.3427460408309013  1.1254987841669217 8.3451218638655256  1.22716979131602 8.3470799891453336  1.4204942239967344 8.3495676335166262  1.5100333753132211 8.3502719467231987  1.6003599360355651 8.3504476625068982  1.6905940270609201 8.3500476744888044  1.7798937126557297 8.3491112949941968  1.8673045741803147 8.3477544517408084  2.0578709345885704 8.3440615181259723  2.1595516428909525 8.3415554318096738  2.257337022172885 8.3388245674550134  2.3517029304122374 8.3360683919629217  2.4430544878092855 8.3334365604147305  2.5317161092822178 8.3310362925969308  2.7104961974124326 8.3266880463236905  2.8006768103007706 8.3247750218511634  2.8891616467896588 8.323284043369565  2.976494968217672 8.322262717939017  3.0631902015113304 8.3217350165795683  3.1497695571868749 8.3217078800758326  3.321542574931915 8.3226208846981233  3.4066124458283871 8.3235352237461235  3.4925514652819016 8.3249015508289919  3.5798692434795987 8.3266922525139169  3.6690959724512155 8.3288601135717215  3.7607803025213422 8.3313249522052697  3.9355513544294025 8.3361831996424005  4.0183552818686366 8.3385445743394353  4.1038886074763541 8.340956135996894  4.1921373887710915 8.3432988990327512  4.2831715516669266 8.3454279833206684  4.3771560506334186 8.3471879957007058  4.5620868775283787 8.3495676335158802  4.651626028960254 8.3502719467245665  4.7419525896727963 8.3504476625059585  4.8321866806050489 8.3500476744881755  4.9214863661863495 8.3491112949959412  5.0088972278282302 8.3477544517396556  5.1747877726621789 8.3445397040366061  5.256389233120359 8.3426426173163613  5.3379877053708871 8.3404984675940081  5.4195854101860403 8.3381969808448826  5.5011859283835021 8.3358400961535164  5.5827891435599852 8.3335317443250183  5.7580737399329323 8.3288797954368494  5.8490244137053073 8.3266540872458368  5.9378856228516677 8.3247947942341067  6.0252103006782551 8.32336486868485  6.1115152055013224 8.3223998086083153  6.1973225194708652 8.3219166531004021  6.2831853071795862 8.3219166531004021 
 0 8 0.12185334481281045 6 0.22426624006255436 6 0.30929498022811652 6 0.41650080893456898 6 0.53144105320777324 6 0.64337946463225593 6 0.73778482817648239 6 0.82293141333167519 6 0.90535949823172357 6 1 8
1 6.2831853071795862 -0 0 1 
1 0 -0 0 1 
7 0 0  7 62 11  2.275056287828761 -34.924999999999997  2.275056287828761 -35.231104946321977  2.2748892498917317 -35.536947322752525  2.2745556696218179 -35.840613341235873  2.2740519973293161 -36.14000917218344  2.2733714277024966 -36.432486046274377  2.272504828356932 -36.714382645232739  2.2705489011660918 -37.203937672765392  2.2695092955503595 -37.41823465173173  2.2683196737718019 -37.618043512881073  2.2669807696195248 -37.79782101631428  2.26549764233825 -37.951713790016015  2.2638805456001529 -38.073472546951116  2.2607071187669225 -38.22501927443502  2.2592016055129642 -38.266216440129973  2.2576628392175881 -38.275978590998669  2.2561271854501115 -38.252981110377007  2.2546311975009821 -38.198422170856226  2.2532084454256753 -38.115988142951075  2.2502200974947684 -37.880490490174957  2.2487083053404295 -37.714161705434762  2.2473581579692343 -37.520720749912797  2.2461699690625578 -37.306520448025523  2.2451405179375996 -37.076806732039387  2.2442646029921907 -36.835939808784595  2.2427545511603588 -36.321136380012533  2.2421388868137475 -36.044864225508462  2.2416812868004277 -35.762089873113808  2.2413758609034069 -35.475277831494431  2.2412189129209481 -35.18634240444139  2.2412093652223102 -34.896979504338745  2.2414852020907667 -34.328420407440383  2.2417627278213601 -34.049492128979878  2.2421828952204379 -33.773663944699202  2.2427497514522869 -33.502738532337673  2.2434695391337711 -33.239059958455165  2.2443499000056817 -32.985834718846021  2.2462832481562387 -32.546658253523937  2.2472944508478867 -32.354825732998464  2.2484340361100905 -32.176550445724139  2.2497001248591237 -32.016444345576545  2.2510872991623567 -31.879262601806364  2.2525861373038119 -31.769947714355943  2.2556217827423923 -31.624980725610193  2.2571272959982518 -31.58378355978537  2.2586660622934196 -31.574021409059355  2.2602017160594015 -31.597018889659662  2.2616977040083612 -31.651577829032227  2.2631204560854923 -31.73401185712029  2.2657218526187433 -31.939015689232487  2.2669527224817996 -32.06383633133715  2.2681208673851154 -32.211537110247178  2.269213222344153 -32.38062788636848  2.2702178821236498 -32.569268650388643  2.2711243652853836 -32.775306501916759  2.2728419244046862 -33.250058697379821  2.2735922211718118 -33.516142953829807  2.2741828289971595 -33.790615122876709  2.2746207121210449 -34.070664895459018  2.2749109869010704 -34.35419940718625  2.275056287828761 -34.63950622658394  2.275056287828761 -34.925000000000004 
 0 8 0.12185335156228441 6 0.22426624640341439 6 0.30929498254683624 6 0.41650080528705791 6 0.53144104440783002 6 0.64337945438066535 6 0.73778482017287339 6 0.82293140797405295 6 0.90535949563787299 6 1 8
7 0 0  7 62 11  0 8.3219166531004021  0.092061637991573991 8.3219166531004021  0.18404419698471813 8.322472051897611  0.27664725104919796 8.3235812183527997  0.37050349924440595 8.3252213013198499  0.4662719057479825 8.3273464222516687  0.56462568267923452 8.3298707490878563  0.75193439723221456 8.3349828123041814  0.84063983827406852 8.3375168211609747  0.93242953267454709 8.3401512841060192  1.0273377825295313 8.3427460407212433  1.1254987923701341 8.3451218640105562  1.2271697876269987 8.3470799890978942  1.4204942232611004 8.3495676335071902  1.5100333770653773 8.3502719467282116  1.600359934990623 8.350447662518695  1.6905940259919465 8.3500476744835783  1.7798937143784517 8.349111294978524  1.8673045734765352 8.3477544517544189  2.0578709345886419 8.3440615181259421  2.1595516428908939 8.3415554318097787  2.2573370221727922 8.3388245674547647  2.3517029304123591 8.3360683919629217  2.4430544878092597 8.3334365604148424  2.5317161092821974 8.3310362925969024  2.7104961984137992 8.3266880462993065  2.8006768080278337 8.3247750218876231  2.8891616480951705 8.3232840433661739  2.9764949695891549 8.3222627179140751  3.0631901993192896 8.3217350165898534  3.1497695581010752 8.3217078800806927  3.3215425767416265 8.3226208847077423  3.4066124417026815 8.3235352237373217  3.492551467504649 8.3249015507711839  3.5798692465488839 8.3266922526662519  3.6690959677062245 8.3288601134237776  3.7607803045644519 8.33132495226209  3.9355513556472723 8.3361831996762845  4.0183552786829129 8.3385445742649669  4.1038886096230556 8.3409561360342259  4.192137390688047 8.3432988990804375  4.2831715481994728 8.3454279832586931  4.3771560521548283 8.3471879957203097  4.5620868767931935 8.3495676335064477  4.6516260307119897 8.3502719467294249  4.7419525886275329 8.3504476625178956  4.8321866795364183 8.3500476744831129  4.9214863679094849 8.3491112949801671  5.0088972271240788 8.3477544517532998  5.1747877735440824 8.3445397040195157  5.25638923114282 8.342642617360065  5.3379877064823757 8.3404984675653591  5.4195854113873088 8.3381969808184717  5.5011859265142524 8.3358400961999415  5.5827891443178732 8.333531744304933  5.7580737384891947 8.3288797954751974  5.8490244169627754 8.3266540871826447  5.9378856209992721 8.3247947942479534  6.0252102987092711 8.3233648687269213  6.1115152086161926 8.3223998085793855  6.1973225181822755 8.3219166531004021  6.2831853071795862 8.3219166531004021 
 0 8 0.12185335156228441 6 0.22426624640341439 6 0.30929498254683624 6 0.41650080528705791 6 0.53144104440783002 6 0.64337945438066535 6 0.73778482017287339 6 0.82293140797405295 6 0.90535949563787299 6 1 8
1 6.2831853071795862 -0 0 1 
1 0 -0 0 1 
7 0 0  7 62 11  1.5865316976648645 -34.924999999999997  1.5865316976648645 -35.231104954009098  1.5863646597186774 -35.53694730433773  1.5860310795008037 -35.840613354000752  1.5855274070854626 -36.140009179647897  1.584846837610028 -36.432486030959495  1.5839802381658938 -36.714382652026103  1.5820243109934642 -37.203937674950744  1.580984705413951 -37.418234647472261  1.5797950835855903 -37.61804351462375  1.5784561794398084 -37.797821019042154  1.5769730522097485 -37.951713786948531  1.5753559554187651 -38.073472547786416  1.5721825285919053 -38.225019274966101  1.570677015376736 -38.266216439929757  1.5691382490361305 -38.275978590183456  1.5676025952693835 -38.252981110650275  1.5661066073656931 -38.198422171979253  1.5646838552498303 -38.115988142009478  1.5616955073308731 -37.88049049017512  1.560183715176533 -37.71416170543452  1.5588335678053336 -37.520720749912776  1.5576453788986659 -37.306520448025751  1.5566159277736991 -37.076806732038918  1.5557400128282954 -36.835939808784978  1.5542299610049193 -36.321136382895638  1.5536142966373039 -36.044864218622344  1.5531566966377723 -35.762089877340344  1.5528512707480229 -35.475277835624205  1.552694322753315 -35.186342397441649  1.5526847750569455 -34.896979507364748  1.55296061192687 -34.328420407440618  1.5532381376574651 -34.049492128979452  1.553658305056538 -33.773663944699109  1.5542251612883915 -33.502738532338824  1.5549449489698768 -33.239059958453772  1.5558253098417825 -32.985834718846647  1.5577586579718854 -32.546658258170787  1.5587698607461042 -32.354825723922296  1.559909445897292 -32.17655044945888  1.5611755346591789 -32.016444351387918  1.5625627090762262 -31.879262595243496  1.5640615471021471 -31.769947716159525  1.5670971925915076 -31.624980724988799  1.5686027058047805 -31.583783560154561  1.5701414721455951 -31.574021409758782  1.5716771259138314 -31.597018889313201  1.5731731138176903 -31.65157782813181  1.5745958659317363 -31.734011857919459  1.5771972624548474 -31.939015689232559  1.578428132317901 -32.063836331336951  1.57959627722122 -32.21153711024737  1.5806886321802573 -32.380627886368565  1.5816932919597508 -32.56926865038831  1.5825997751214875 -32.775306501916944  1.5843173342407884 -33.250058697379544  1.5850676310079161 -33.516142953830141  1.5856582388332623 -33.790615122876666  1.5860961219571477 -34.070664895458869  1.5863863967371741 -34.354199407186471  1.5865316976648647 -34.639506226583798  1.5865316976648647 -34.925000000000004 
 0 8 0.1218533480152735 6 0.22426624349194885 6 0.30929498167766822 6 0.41650080796182004 6 0.53144104963792393 6 0.64337946092329934 6 0.737784825638925 6 0.82293141122399882 6 0.90535949737493371 6 1 8
7 0 0  7 62 11  0 8.3219166531067685  0.09206164030348972 8.3219166531067685  0.18404419168747524 8.3224720519249438  0.27664725394990175 8.3235812182502507  0.37050350310429159 8.3252213015365086  0.46627189972029437 8.3273464220687199  0.56462568527844237 8.3298707491652131  0.75193439806835016 8.3349828123334309  0.84063983611444038 8.3375168211173172  0.93242953413002361 8.3401512841373915  1.0273377838131987 8.3427460407593408  1.1254987900006352 8.3451218639750557  1.2271697886925668 8.3470799891179919  1.420494223938584 8.349567633522307  1.510033375370448 8.3502719467308744  1.6003599360830134 8.3504476625122965  1.6905940270152517 8.3500476744946877  1.7798937125965331 8.3491112950025386  1.8673045742384782 8.34775445174607  2.0578709345885127 8.3440615181323743  2.1595516428911248 8.3415554318171061  2.2573370221726896 8.3388245674599926  2.3517029304123289 8.3360683919705263  2.4430544878094125 8.3334365604209157  2.5317161092820633 8.3310362926034394  2.7104961974125596 8.3266880463301991  2.8006768103005442 8.3247750218578407  2.8891616467896948 8.3232840433761428  2.9764949682178248 8.3222627179454953  3.0631902015112531 8.3217350165860875  3.1497695571868616 8.3217078800823696  3.3215425767415563 8.3226208847142775  3.4066124417027335 8.3235352237446847  3.4925514675048941 8.3249015507755484  3.5798692465482764 8.326692252675258  3.6690959677068204 8.328860113429144  3.7607803045642019 8.3313249522687105  3.935551353798048 8.3361831996314972  4.0183552834294858 8.3385445743818849  4.1038886064525197 8.3409561359861915  4.1921373878566 8.3432988990167605  4.2831715533606749 8.3454279833567604  4.3771560498540394 8.3471879956971353  4.5620868775859025 8.3495676335230655  4.6516260289036442 8.3502719467296593  4.7419525896259049 8.3504476625132593  4.8321866806502074 8.3500476744951868  4.9214863662448263 8.3491112950006734  5.0088972277707695 8.3477544517471962  5.1747877735441481 8.3445397040259337  5.2563892311427178 8.3426426173664137  5.3379877064824468 8.3404984675716509  5.4195854113873612 8.3381969808248062  5.5011859265141236 8.3358400962063417  5.5827891443179398 8.3335317443112711  5.7580737384890899 8.3288797954815319  5.8490244169628864 8.3266540871888601  5.9378856209992614 8.3247947942544176  6.0252102987092195 8.3233648687332913  6.1115152086162556 8.3223998085854571  6.197322518182232 8.3219166531067685  6.2831853071795862 8.3219166531067685 
 0 8 0.1218533480152735 6 0.22426624349194885 6 0.30929498167766822 6 0.41650080796182004 6 0.53144104963792393 6 0.64337946092329934 6 0.737784825638925 6 0.82293141122399882 6 0.90535949737493371 6 1 8
1 6.2831853071795862 -0 0 1 
1 0 -0 0 1 
7 0 0  7 62 11  1.0291546484844991 -34.924999999999997  1.0291546484844991 -35.231104954009297  1.0289876105383142 -35.53694730433655  1.0286540303204321 -35.840613354003054  1.0281503579051043 -36.140009179645737  1.0274697884296586 -36.432486030960547  1.0266031889855294 -36.714382652025868  1.0246472617916027 -37.203937680331123  1.0236076563012613 -37.418234636985417  1.0224180343502842 -37.618043518914256  1.0210791302204965 -37.79782102575826  1.0195960031165254 -37.951713779396378  1.0179789061953364 -38.073472549842897  1.0148054794115389 -38.225019274966144  1.0132999661963715 -38.266216439929728  1.0117611998557652 -38.275978590183456  1.0102255460890175 -38.252981110650289  1.0087295581853277 -38.198422171979253  1.0073068060694652 -38.115988142009492  1.0043184581505058 -37.880490490174964  1.0028066659961705 -37.714161705434961  1.0014565186249667 -37.520720749912364  1.0002683297183013 -37.306520448025971  0.99923887859333382 -37.076806732038982  0.99836296364792965 -36.835939808784843  0.99685291181609703 -36.321136380012561  0.99623724746948528 -36.044864225508292  0.99577964745616687 -35.762089873114135  0.99547422155914567 -35.475277831494481  0.99531727357668498 -35.186342404440886  0.99530772587804806 -34.896979504339122  0.99558356274650461 -34.328420407440753  0.99586108847709964 -34.049492128979423  0.99628125587617322 -33.773663944698768  0.99684811210802549 -33.502738532339237  0.99756789978951155 -33.239059958453616  0.99844826066141723 -32.985834718846611  1.0003816087981388 -32.546658256667357  1.0013928115452833 -32.354825726903918  1.0025323967331174 -32.17655044821128  1.003798485490792 -32.016444349467932  1.0051856598702658 -31.879262597410435  1.006684497934043 -31.769947715573995  1.0097201433990872 -31.624980725564495  1.0112256566530253 -31.583783559870845  1.0127644229484061 -31.574021409000817  1.0143000767158956 -31.597018889622614  1.0157960646650244 -31.65157782914477  1.0172188167403171 -31.734011857048333  1.0198202132742809 -31.939015689216671  1.0210510831377615 -32.063836331346273  1.022219228040957 -32.211537110275636  1.0233115829997319 -32.380627886356073  1.0243162427792825 -32.56926865034665  1.0252227259412485 -32.775306501951881  1.0269402850604228 -33.250058697379544  1.0276905818275506 -33.516142953830162  1.0282811896528969 -33.790615122876694  1.0287190727767823 -34.070664895458741  1.0290093475568087 -34.354199407186286  1.0291546484844991 -34.639506226584054  1.0291546484844991 -34.925000000000004 
 0 8 0.12185334160190983 6 0.22426623415307981 6 0.30929497202175615 6 0.41650079790628541 6 0.53144104039807682 6 0.64337945365359972 6 0.73778482073717377 6 0.8229314083989977 6 0.90535949585804576 6 1 8
7 0 0  7 62 11  0 8.3219166531003452  0.092061640303549533 8.3219166531003452  0.18404419168713551 8.3224720519191084  0.27664725395056344 8.3235812182434685  0.37050350310365365 8.3252213015302416  0.46627189972063077 8.3273464220625879  0.56462568527835388 8.3298707491587916  0.75193440012693535 8.3349828123831866  0.840639830797419 8.3375168209884105  0.93242953771343573 8.3401512841929506  1.02733778697364 8.3427460408309688  1.1254987841669368 8.3451218638654474  1.227169791315976 8.3470799891453051  1.4204942239386324 8.3495676335158517  1.5100333753703825 8.3502719467244724  1.6003599360830294 8.350447662505923  1.6905940270152915 8.350047674488188  1.7798937125964891 8.3491112949959412  1.8673045742384706 8.3477544517396556  2.0578709345886392 8.3440615181259439  2.1595516428908099 8.3415554318096952  2.257337022172953 8.3388245674549548  2.3517029304122241 8.3360683919626855  2.4430544878093845 8.3334365604149436  2.5317161092821112 8.3310362925968757  2.7104961984137885 8.3266880462992781  2.8006768080279003 8.3247750218877083  2.8891616480950622 8.3232840433660353  2.9764949695891287 8.322262717913981  3.0631901993194584 8.3217350165900097  3.1497695581009633 8.3217078800806643  3.3215425767415141 8.3226208847077121  3.4066124417027686 8.323535223737295  3.4925514675049421 8.3249015507712638  3.5798692465481876 8.3266922526660494  3.6690959677068582 8.3288601134238913  3.7607803045642165 8.3313249522620563  3.9355513543963445 8.3361831996414804  4.018355281868125 8.3385445743392523  4.1038886075034675 8.340956135997784  4.192137388795147 8.3432988990333339  4.2831715516615283 8.3454279833201372  4.377156050600993 8.3471879957002599  4.5620868768514899 8.3495676335071387  4.6516260306545876 8.3502719467281317  4.7419525885800073 8.3504476625187376  4.8321866795821888 8.3500476744835748  4.9214863679687353 8.3491112949783854  5.0088972270658507 8.3477544517544278  5.1747877735312864 8.3445397040197626  5.2563892311553397 8.3426426173598536  5.3379877064928509 8.3404984675650429  5.4195854113772501 8.3381969808186351  5.5011859265011394 8.3358400962003252  5.5827891443308388 8.3335317443045316  5.7580737384890899 8.3288797954751406  5.8490244169628829 8.3266540871827406  5.9378856209992819 8.3247947942478682  6.0252102987091893 8.3233648687268253  6.1115152086161917 8.3223998085794655  6.1973225181823102 8.3219166531003452  6.2831853071795862 8.3219166531003452 
 0 8 0.12185334160190983 6 0.22426623415307981 6 0.30929497202175615 6 0.41650079790628541 6 0.53144104039807682 6 0.64337945365359972 6 0.73778482073717377 6 0.8229314083989977 6 0.90535949585804576 6 1 8
1 6.2831853071795862 -0 0 1 
1 0 -0 0 1 
7 0 0  7 62 11  0.47177759930417107 -34.924999999999997  0.47177759930417107 -35.231104946322013  0.47161056136714086 -35.536947322752859  0.47127698109722987 -35.840613341234963  0.47077330880472334 -36.140009172184349  0.47009273917790795 -36.432486046273873  0.46922613983234135 -36.714382645232924  0.46727021261150631 -37.203937680273086  0.46623060712099196 -37.418234636994519  0.46504098516972631 -37.618043518958999  0.46370208103990052 -37.797821025777367  0.46221895393623402 -37.951713779376462  0.46060185701536305 -38.073472549825958  0.45742843024328 -38.225019274389787  0.45592291698741916 -38.266216440214627  0.45438415069225208 -38.275978590940653  0.45284849692627088 -38.252981110340336  0.45135250897731055 -38.19842217096776  0.44992975690018 -38.115988142879722  0.446941408969732 -37.880490490139827  0.44542961681581056 -37.714161705407335  0.44407946944497467 -37.520720749947927  0.44289128053822718 -37.306520448092364  0.44186182941291896 -37.076806732048468  0.44098591446735425 -36.835939808700516  0.43947586263576921 -36.321136380012611  0.43886019828915673 -36.044864225508086  0.43840259827583833 -35.762089873114199  0.43809717237881751 -35.475277831494658  0.43794022439635716 -35.186342404440822  0.43793067669772007 -34.896979504339036  0.4382065135661769 -34.328420407440092  0.4384840392967676 -34.049492128980233  0.43890420669585167 -33.773663944699095  0.4394710629276925 -33.502738532337773  0.44019085060918289 -33.239059958455172  0.44107121148109119 -32.985834718845943  0.44300455961102642 -32.546658258208232  0.44401576238537627 -32.354825723916655  0.44515534753675634 -32.176550449430238  0.44642143629866482 -32.016444351375263  0.4478086107155092 -31.879262595255845  0.44930744874121326 -31.769947716171014  0.4523430942187428 -31.624980725565269  0.45384860747271444 -31.583783559869435  0.45538737376808874 -31.574021409001752  0.45692302753555408 -31.597018889623229  0.45841901548468311 -31.651577829142958  0.45984176756000222 -31.734011857049456  0.46244316409415404 -31.939015689232608  0.46367403395720791 -32.06383633133688  0.46484217886052637 -32.211537110247392  0.46593453381956351 -32.380627886368565  0.46693919359905717 -32.569268650388224  0.46784567676079464 -32.775306501917036  0.46956323588009513 -33.250058697379629  0.47031353264722231 -33.516142953830006  0.47090414047256818 -33.790615122876666  0.47134202359645394 -34.070664895458997  0.47163229837648107 -34.354199407186464  0.47177759930417107 -34.639506226583727  0.47177759930417107 -34.925000000000004 
 0 8 0.12185334641249072 6 0.22426624036477913 6 0.30929497866647115 6 0.41650080422998226 6 0.53144104641659717 6 0.64337945937520891 6 0.73778482548467328 6 0.82293141160002403 6 0.90535949757588163 6 1 8
7 0 0  7 62 11  0 8.3219166531003737  0.092061637991583539 8.3219166531003737  0.18404419698483149 8.3224720518978348  0.27664725104888443 8.3235812183522189  0.37050349924473391 8.3252213013205214  0.46627190574778971 8.3273464222511802  0.56462568267930491 8.3298707490879149  0.75193440010473034 8.3349828123826342  0.84063983079746218 8.3375168209882595  0.93242953773153903 8.3401512841935883  1.0273377869894103 8.3427460408313667  1.1254987841632922 8.345121863864998  1.2271697912943704 8.3470799891450547  1.4204942232033839 8.3495676335064193  1.5100333771221668 8.3502719467295492  1.6003599350377387 8.3504476625178743  1.6905940259466326 8.3500476744830117  1.779893714319676 8.3491112949801671  1.8673045735342704 8.3477544517532998  2.0578709346170672 8.3440615181253932  2.1595516428956816 8.3415554318092422  2.257337022151972 8.3388245674557346  2.3517029303884289 8.3360683919634582  2.4430544878094738 8.3334365604147056  2.5317161093113962 8.3310362925961918  2.710496198413773 8.3266880462993065  2.8006768080279598 8.3247750218876142  2.8891616480950444 8.3232840433660993  2.9764949695890754 8.3222627179140698  3.0631901993194739 8.3217350165899528  3.1497695581009881 8.3217078800806643  3.321542576741713 8.3226208847077139  3.4066124417025252 8.3235352237377125  3.4925514675048284 8.3249015507702158  3.5798692465486841 8.3266922526671507  3.6690959677062853 8.3288601134234419  3.7607803045644812 8.3313249522620918  3.9355513537831461 8.3361831996244611  4.018355283429349 8.3385445743756179  4.1038886064646132 8.3409561359800382  4.1921373878673673 8.3432988990102963  4.2831715533584092 8.3454279833501008  4.3771560498393844 8.3471879956904882  4.5620868768505121 8.3495676335071547  4.6516260306555299 8.3502719467281903  4.7419525885807774 8.3504476625187447  4.8321866795814419 8.350047674483621  4.9214863679677752 8.3491112949784867  5.0088972270667558 8.3477544517543816  5.1747877735441845 8.3445397040194855  5.2563892311426486 8.3426426173600809  5.3379877064824743 8.3404984675653413  5.4195854113873958 8.338196980818422  5.5011859265140624 8.3358400961999202  5.5827891443179709 8.3335317443049295  5.7580737384891219 8.3288797954751974  5.8490244169628491 8.3266540871826393  5.9378856209992605 8.3247947942478682  6.0252102987092524 8.3233648687268804  6.1115152086162539 8.3223998085794442  6.1973225181822125 8.3219166531003737  6.2831853071795862 8.3219166531003737 
 0 8 0.12185334641249072 6 0.22426624036477913 6 0.30929497866647115 6 0.41650080422998226 6 0.53144104641659717 6 0.64337945937520891 6 0.73778482548467328 6 0.82293141160002403 6 0.90535949757588163 6 1 8
1 6.2831853071795862 -0 0 1 
1 0 -0 0 1 
7 0 0  7 62 11  3.6684989107795802 -12.699999999999999  3.6684989107795802 -13.006104954009333  3.6683318728333938 -13.311947304337156  3.667998292615517 -13.615613354001512  3.6674946202001819 -13.915009179646937  3.6668140507247404 -14.207486030960373  3.6659474512806112 -14.489382652025746  3.663991524086684 -14.978937680330962  3.6629519185963413 -15.193234636985654  3.6617622966453651 -15.393043518914244  3.6604233925155785 -15.572821025758097  3.6589402654116063 -15.72671377939643  3.6573231684904175 -15.848472549842926  3.6541497417186899 -16.000019274389761  3.6526442284628273 -16.041216440214672  3.6511054621676604 -16.050978590940613  3.6495698084016803 -16.027981110340317  3.6480738204527206 -15.973422170967838  3.6466510683755886 -15.890988142879667  3.6436627204457324 -15.6554904901864  3.6421509282912559 -15.489161705443273  3.6408007809199496 -15.295720749902184  3.6396125920132918 -15.08152044800296  3.6385831408884468 -14.851806732036975  3.6377072259430894 -14.610939808811702  3.6361971741111785 -14.096136380012583  3.6355815097645667 -13.81986422550834  3.6351239097512478 -13.537089873113809  3.6348184838542266 -13.250277831494515  3.6346615358717669 -12.961342404441394  3.6346519881731294 -12.671979504338733  3.6349278250386798 -12.103420413430658  3.6352053507722775 -11.824492114650518  3.635625518198232 -11.548663954768518  3.6361923743412619 -11.277738537753509  3.63691216214304 -11.014059946937326  3.637792522933899 -10.760834723980162  3.639725871093336 -10.321658256640736  3.6407370738403952 -10.129825726907514  3.6418766590280827 -9.9515504482320125  3.6431427477857405 -9.7914443494773327  3.6445299221653675 -9.6542625974012832  3.6460287602292962 -9.5449477155657814  3.6490644057062291 -9.3999807249885396  3.6505699189194911 -9.3587835601550573  3.652108685260306 -9.3490214097584321  3.6536443390285518 -9.3720188893129919  3.6551403269324112 -9.426577828132471  3.6565630790464465 -9.5090118579190381  3.6591644755559334 -9.7140156881584723  3.6603953454602363 -9.8388363346336298  3.6615634903231142 -9.9865371076071732  3.6626558452777331 -10.155627884476266  3.6636605050967468 -10.34426865459363  3.6645669882286507 -10.550306499829313  3.6662845473555055 -11.02505869737981  3.6670348441226297 -11.291142953829734  3.6676254519479778 -11.565615122876709  3.6680633350718637 -11.845664895459118  3.6683536098518892 -12.129199407186311  3.6684989107795798 -12.414506226583828  3.6684989107795798 -12.700000000000001 
 0 8 0.12185334514802511 6 0.22426624067943951 6 0.30929498030959357 6 0.41650080751008689 6 0.5314410514003558 6 0.64337946362776421 6 0.73778482782259547 6 0.82293141360152056 6 0.90535949906180035 6 1 8
7 0 0  7 62 11  0 8.3219166531003737  0.092061640303558748 8.3219166531003737  0.18404419168730943 8.3224720519187763  0.27664725395012013 8.3235812182439464  0.37050350310398372 8.3252213015297283  0.46627189972060279 8.327346422062794  0.56462568527830681 8.3298707491588182  0.75193440012687596 8.3349828123832133  0.84063983079749494 8.3375168209883466  0.93242953771345005 8.3401512841929168  1.0273377869735807 8.3427460408309848  1.1254987841669222 8.3451218638654634  1.227169791316014 8.3470799891453051  1.4204942232033537 8.3495676335063909  1.5100333771221854 8.3502719467295332  1.6003599350377991 8.350447662517821  1.690594025946631 8.3500476744829921  1.7798937143196176 8.3491112949802151  1.8673045735343188 8.3477544517532998  2.0578709345793809 8.3440615181261233  2.1595516428896824 8.3415554318098284  2.2573370221788878 8.3388245674545356  2.3517029304207693 8.3360683919629075  2.44305448780888 8.3334365604146399  2.531716109272784 8.3310362925971315  2.710496198413785 8.3266880462993065  2.8006768080278879 8.3247750218874668  2.8891616480951599 8.3232840433661774  2.9764949695891167 8.3222627179141622  3.0631901993193069 8.3217350165898321  3.1497695581010814 8.3217078800806643  3.3215425749318443 8.3226208846980931  3.4066124458285629 8.3235352237465179  3.492551465281867 8.3249015508277839  3.5798692434793891 8.3266922525154463  3.6690959724513919 8.3288601135707854  3.7607803025213107 8.3313249522053248  3.9355513544069365 8.3361831996418339  4.0183552818684163 8.3385445743391138  4.1038886074946825 8.3409561359975815  4.1921373887872866 8.3432988990332522  4.2831715516633242 8.3454279833201372  4.3771560506114664 8.3471879957004216  4.5620868775862284 8.3495676335166262  4.6516260289033022 8.3502719467230726  4.7419525896256349 8.3504476625069106  4.8321866806504845 8.3500476744888097  4.9214863662451744 8.34911129499406  5.0088972277704311 8.3477544517408031  5.1747877726749865 8.344539704036384  5.2563892331076811 8.3426426173165318  5.337987705360641 8.3404984675942853  5.4195854101962047 8.3381969808446268  5.5011859283962909 8.3358400961529941  5.5827891435471573 8.333531744325386  5.7580737384891876 8.3288797954751974  5.8490244169627257 8.3266540871826198  5.9378856209992916 8.3247947942479108  6.0252102987093199 8.3233648687268662  6.1115152086161819 8.3223998085793323  6.1973225181822418 8.3219166531003737  6.2831853071795862 8.3219166531003737 
 0 8 0.12185334514802511 6 0.22426624067943951 6 0.30929498030959357 6 0.41650080751008689 6 0.5314410514003558 6 0.64337946362776421 6 0.73778482782259547 6 0.82293141360152056 6 0.90535949906180035 6 1 8
1 6.2831853071795862 -0 0 1 
1 0 -0 0 1 
7 0 0  7 62 11  3.1111218615992526 -12.699999999999999  3.1111218615992526 -13.006104946322322  3.1109548236622229 -13.311947322752268  3.1106212433923139 -13.615613341234997  3.1101175710998001 -13.915009172184808  3.1094370014729926 -14.207486046274058  3.1085704021274241 -14.489382645232565  3.1066144749063556 -14.978937680331173  3.1055748694160159 -15.193234636985428  3.1043852474650371 -15.393043518914286  3.10304634333525 -15.572821025758232  3.101563216231281 -15.726713779396308  3.0999461193100886 -15.848472549842983  3.0967726925253496 -16.000019275011162  3.0952671793120765 -16.041216439845503  3.0937284129712621 -16.050978590241215  3.0921927592030256 -16.027981110686742  3.0906967712991658 -15.97342217186819  3.0892740191851211 -15.890988142080557  3.08628567126526 -15.655490490174966  3.0847738791109225 -15.489161705434817  3.083423731739722 -15.295720749912846  3.0822355428330535 -15.081520448025366  3.0812060917080886 -14.851806732039382  3.0803301767626832 -14.610939808784714  3.0788201249308496 -14.096136380012126  3.0782044605842409 -13.819864225509235  3.0777468605709211 -13.537089873113519  3.0774414346738985 -13.250277831494001  3.0772844866914397 -12.961342404441991  3.0772749389928022 -12.671979504338511  3.0775507758612588 -12.103420407439916  3.0778283015918504 -11.824492128980776  3.0782484689909326 -11.548663944698347  3.0788153252227759 -11.277738532338162  3.0795351129042636 -11.014059958455377  3.0804154737761742 -10.760834718845729  3.0823488219128903 -10.321658256667746  3.0833600246600414 -10.129825726903359  3.0844996098478683 -9.9515504482113464  3.0857656986055422 -9.7914443494682892  3.0871528729850226 -9.6542625974102378  3.0886517110487972 -9.5449477155740023  3.091687356512884 -9.3999807256102184  3.0931928697687447 -9.3587835597854312  3.0947316360639117 -9.3490214090593042  3.0962672898298931 -9.3720188896596177  3.0977632777788524 -9.4265778290322828  3.099186029855983 -9.5090118571202602  3.1017874263890337 -9.7140156892166374  3.1030182962525168 -9.8388363313464033  3.1041864411557101 -9.9865371102755116  3.1052787961144852 -10.155627886356017  3.1062834558940389 -10.344268650346848  3.1071899390560014 -10.550306501951765  3.1089074981893248 -11.025058701290515  3.1096577949194915 -11.291142944349806  3.1102484027723771 -11.565615128808741  3.1106862859066347 -11.845664901128847  3.1109765606613213 -12.129199397393746  3.1111218615992522 -12.414506230868129  3.1111218615992522 -12.700000000000001 
 0 8 0.12185334415824818 6 0.22426623624241582 6 0.3092949737791042 6 0.41650079917190408 6 0.53144104113673984 6 0.64337945387964168 6 0.73778482053105565 6 0.82293140774647577 6 0.90535949483027212 6 1 8
7 0 0  7 62 11  0 8.3219166531003452  0.092061637991676062 8.3219166531003452  0.18404419698466634 8.3224720518979414  0.27664725104885712 8.3235812183522206  0.37050349924489268 8.3252213013199565  0.46627190574786986 8.3273464222518125  0.56462568267916702 8.3298707490877977  0.75193440012695778 8.3349828123831298  0.84063983079738569 8.337516820988526  0.93242953771350712 8.3401512841929151  1.0273377869736406 8.3427460408308658  1.1254987841668136 8.3451218638654652  1.2271697913160833 8.3470799891452767  1.4204942239960563 8.3495676335165623  1.5100333753139172 8.3502719467232911  1.600359936036108 8.3504476625069248  1.6905940270603921 8.3500476744887457  1.7798937126550831 8.3491112949941613  1.8673045741809642 8.347754451740796  2.0578709345886343 8.3440615181259723  2.1595516428908144 8.3415554318098089  2.257337022172917 8.3388245674543633  2.3517029304122916 8.3360683919633587  2.4430544878093046 8.3334365604145475  2.5317161092821565 8.3310362925969041  2.7104961984139426 8.3266880462992994  2.8006768080275961 8.3247750218875218  2.8891616480952407 8.3232840433662112  2.9764949695892833 8.3222627179141178  3.0631901993191244 8.3217350165897646  3.1497695581011484 8.3217078800806927  3.3215425767417672 8.3226208847077423  3.4066124417023227 8.3235352237374833  3.4925514675051339 8.3249015507707043  3.5798692465485296 8.326692252666593  3.6690959677062081 8.3288601134237581  3.7607803045645678 8.3313249522620367  3.9355513543961882 8.3361831996414484  4.0183552818683648 8.3385445743392275  4.1038886075034293 8.3409561359977378  4.1921373887949915 8.3432988990333072  4.2831715516616224 8.3454279833201586  4.3771560506009779 8.3471879957002884  4.562086876793173 8.3495676335064193  4.6516260307119577 8.3502719467295332  4.7419525886275364 8.3504476625178761  4.8321866795364317 8.3500476744830348  4.9214863679094663 8.3491112949801813  5.0088972271240539 8.3477544517532714  5.174787773531258 8.3445397040197378  5.2563892311554756 8.3426426173598411  5.3379877064927497 8.3404984675650233  5.419585411377156 8.3381969808186707  5.5011859265012806 8.3358400962003909  5.5827891443307935 8.3335317443044747  5.7580737399330681 8.3288797954367624  5.8490244137051883 8.326654087246018  5.9378856228515167 8.3247947942339557  6.0252103006783289 8.3233648686846742  6.1115152055014921 8.3223998086084698  6.1973225194707524 8.3219166531003452  6.2831853071795862 8.3219166531003452 
 0 8 0.12185334415824818 6 0.22426623624241582 6 0.3092949737791042 6 0.41650079917190408 6 0.53144104113673984 6 0.64337945387964168 6 0.73778482053105565 6 0.82293140774647577 6 0.90535949483027212 6 1 8
1 6.2831853071795862 -0 0 1 
1 0 -0 0 1 
7 0 0  7 62 11  2.553744812418925 -12.699999999999999  2.553744812418925 -13.006104954009587  2.5535777744727417 -13.311947304336467  2.5532441942548556 -13.615613354002187  2.552740521839532 -13.915009179646859  2.5520599523640848 -14.207486030960059  2.5511933529199551 -14.489382652025906  2.5492374257475245 -14.978937674950734  2.5481978201680104 -15.193234647472403  2.5470081983396526 -15.393043514623672  2.5456692941938708 -15.572821019042062  2.5441861669638079 -15.726713786948636  2.5425690701728265 -15.848472547786391  2.5393956433570932 -16.000019274434695  2.537890130103122 -16.041216440130633  2.536351363807746 -16.050978590998195  2.5348157100402817 -16.027981110376714  2.5333197220911545 -15.973422170857116  2.5318969700158327 -15.8909881429505  2.5289086220851211 -15.655490490189855  2.5273968299306095 -15.489161705446769  2.5260466825592522 -15.295720749897303  2.5248584936526166 -15.081520447997503  2.5238290425277987 -14.851806732035314  2.5229531275824604 -14.610939808820488  2.5214430757589801 -14.096136382895596  2.5208274113913638 -13.819864218622437  2.5203698113918329 -13.537089877340183  2.5200643855020841 -13.250277835624209  2.5199074375073764 -12.961342397441951  2.519897889811006 -12.671979507364506  2.5201737266809308 -12.103420407440613  2.5204512524115259 -11.824492128979482  2.5208714198106015 -11.548663944699161  2.5214382760424483 -11.277738532338475  2.5221580637239387 -11.014059958454343  2.5230384245958444 -10.760834718846334  2.5249717727464023 -10.321658253523882  2.5259829754380512 -10.129825732998494  2.5271225607002537 -9.9515504457241502  2.5283886494492873 -9.7914443455765454  2.5297758237525207 -9.6542626018063853  2.5312746618939763 -9.5449477143559172  2.5343103073325564 -9.3999807256101828  2.5358158205884158 -9.3587835597853815  2.5373545868835841 -9.3490214090593735  2.5388902406495655 -9.372018889659655  2.5403862285985248 -9.42657782903221  2.5418089806756563 -9.5090118571203117  2.5444103772087061 -9.7140156892166551  2.5456412470721896 -9.8388363313465028  2.5468093919753829 -9.9865371102753659  2.5479017469341572 -10.155627886355932  2.5489064067137099 -10.344268650347034  2.5498128898756742 -10.550306501951736  2.5515304489948498 -11.02505869737981  2.5522807457619758 -11.291142953829896  2.5528713535873231 -11.565615122876503  2.5533092367112089 -11.845664895459032  2.5535995114912353 -12.129199407186613  2.5537448124189246 -12.414506226583635  2.5537448124189246 -12.700000000000001 
 0 8 0.12185334822077219 6 0.22426624387008129 6 0.3092949815418391 6 0.41650080619744823 6 0.53144104611109577 6 0.64337945568013921 6 0.73778482113170507 6 0.82293140862569669 6 0.90535949597920173 6 1 8
7 0 0  7 62 11  0 8.3219166531004021  0.092061640303635284 8.3219166531004021  0.18404419168710293 8.3224720519187727  0.27664725395031764 8.3235812182440867  0.37050350310398172 8.3252213015296679  0.46627189972048039 8.3273464220628099  0.56462568527836865 8.32987074915882  0.75193439806834672 8.3349828123270306  0.84063983611450133 8.3375168211109987  0.93242953412997664 8.3401512841311689  1.0273377838131617 8.3427460407530099  1.1254987900007067 8.3451218639685596  1.227169788692547 8.3470799891116041  1.4204942232606779 8.3495676335071831  1.5100333770658174 8.3502719467280269  1.6003599349910158 8.3504476625187927  1.6905940259916126 8.3500476744836849  1.7798937143779774 8.3491112949783588  1.8673045734770017 8.3477544517544366  2.0578709345765871 8.344061518126205  2.1595516428886912 8.3415554318097431  2.2573370221818698 8.3388245674548269  2.3517029304224151 8.3360683919623728  2.4430544878092193 8.3334365604149809  2.5317161092697327 8.3310362925972061  2.7104961974125765 8.326688046323655  2.800676810300518 8.3247750218512522  2.8891616467897347 8.3232840433695205  2.9764949682178217 8.3222627179389299  3.0631902015111714 8.3217350165796002  3.1497695571869357 8.321707880075861  3.3215425767415572 8.322620884707769  3.4066124417027637 8.3235352237373181  3.4925514675047804 8.3249015507708268  3.5798692465484905 8.3266922526666765  3.6690959677065744 8.3288601134235805  3.7607803045643267 8.3313249522621167  3.9355513556472941 8.3361831996763129  4.0183552786828542 8.338544574264926  4.103888609623092 8.3409561360342526  4.1921373906880737 8.3432988990804695  4.2831715481994026 8.3454279832586611  4.3771560521548603 8.3471879957203114  4.5620868767932139 8.3495676335064477  4.6516260307119257 8.3502719467295226  4.7419525886275764 8.3504476625178619  4.8321866795364672 8.3500476744830614  4.9214863679094254 8.3491112949802275  5.0088972271240948 8.3477544517532714  5.1747877735312731 8.3445397040197342  5.2563892311554481 8.3426426173599513  5.3379877064927461 8.340498467565034  5.41958541137718 8.3381969808185694  5.501185926501293 8.3358400962003536  5.5827891443307829 8.333531744304592  5.7580737384891876 8.3288797954751974  5.849024416962779 8.3266540871826198  5.9378856209992259 8.3247947942479712  6.025210298709295 8.3233648687269159  6.1115152086162814 8.3223998085793234  6.1973225181821832 8.3219166531004021  6.2831853071795862 8.3219166531004021 
 0 8 0.12185334822077219 6 0.22426624387008129 6 0.3092949815418391 6 0.41650080619744823 6 0.53144104611109577 6 0.64337945568013921 6 0.73778482113170507 6 0.82293140862569669 6 0.90535949597920173 6 1 8
1 6.2831853071795862 -0 0 1 
1 0 -0 0 1 
7 0 0  7 62 11  1.8652202222549898 -12.699999999999999  1.8652202222549898 -13.006104954009212  1.865053184308805 -13.311947304337572  1.8647196040909244 -13.615613354000638  1.8642159316755929 -13.915009179648008  1.8635353622001507 -14.207486030959824  1.8626687627560203 -14.489382652025791  1.8607128355835894 -14.978937674950686  1.8596732300040766 -15.193234647472348  1.8584836081757155 -15.393043514623796  1.8571447040299345 -15.572821019042111  1.8556615767998743 -15.726713786948496  1.85404448000889 -15.848472547786439  1.8508710531810546 -16.000019275012697  1.8493655399678453 -16.041216439842639  1.8478267736270237 -16.050978590243151  1.8462911198587377 -16.027981110688  1.8447951319548737 -15.973422171864472  1.8433723798408881 -15.890988142082909  1.8403840319209968 -15.655490490174962  1.8388722397666599 -15.489161705434807  1.8375220923954605 -15.29572074991291  1.8363339034887882 -15.081520448025252  1.8353044523638273 -14.85180673203948  1.8344285374184202 -14.610939808784673  1.8329184855865872 -14.096136380012195  1.8323028212399775 -13.819864225509102  1.8318452212266574 -13.537089873113541  1.8315397953296351 -13.250277831494122  1.8313828473471767 -12.961342404441982  1.8313732996485392 -12.671979504338436  1.8316491365169956 -12.103420407440364  1.8319266622475889 -11.824492128980083  1.8323468296466674 -11.548663944698966  1.832913685878514 -11.277738532337757  1.8336334735600008 -11.014059958455171  1.8345138344319103 -10.760834718846009  1.8364471825686282 -10.321658256667579  1.8374583853157773 -10.129825726903524  1.8385979705036062 -9.9515504482113801  1.8398640592612805 -9.7914443494681755  1.8412512336407598 -9.6542625974102254  1.8427500717045331 -9.5449477155740379  1.8457857171806893 -9.3999807250338741  1.8472912303958577 -9.3587835600701847  1.848829996736463 -9.3490214098166007  1.8503656505032104 -9.3720188893497696  1.8518616384069009 -9.4265778280206707  1.8532843905227636 -9.5090118579905383  1.855885787031142 -9.714015688142597  1.8571166569358719 -9.8388363346431191  1.8582848017986255 -9.9865371076351952  1.8593771567529824 -10.155627884463659  1.8603818165720558 -10.344268654552295  1.8612882997041862 -10.55030649986411  1.8630058588309144 -11.025058697379865  1.8637561555980413 -11.291142953829864  1.8643467634233868 -11.565615122876549  1.8647846465472731 -11.845664895458984  1.8650749213272999 -12.129199407186473  1.8652202222549901 -12.414506226583836  1.8652202222549901 -12.700000000000001 
 0 8 0.12185334641674862 6 0.22426624054978472 6 0.30929497767761466 6 0.41650080255249339 6 0.53144104396204217 6 0.64337945616400982 6 0.73778482235919796 6 0.82293140987693825 6 0.90535949706411933 6 1 8
7 0 0  7 62 11  0 8.3219166531003452  0.092061640303522471 8.3219166531003452  0.18404419168744535 8.3224720519189486  0.2766472539498257 8.3235812182437829  0.37050350310435043 8.3252213015298331  0.46627189972041078 8.327346422062778  0.56462568527832468 8.3298707491587916  0.75193439806832729 8.3349828123270022  0.84063983611445303 8.3375168211109862  0.93242953413006968 8.3401512841311831  1.0273377838131938 8.3427460407530116  1.1254987900005824 8.3451218639685241  1.2271697886926041 8.3470799891115757  1.4204942239980194 8.349567633516644  1.5100333753119866 8.35027194672303  1.6003599360345244 8.3504476625068609  1.6905940270619051 8.3500476744888523  1.7798937126570242 8.3491112949941506  1.8673045741790588 8.3477544517407747  2.0578709345886388 8.3440615181259137  2.1595516428908699 8.3415554318098657  2.2573370221727531 8.3388245674545658  2.3517029304124764 8.3360683919632379  2.4430544878092122 8.3334365604146203  2.5317161092821703 8.3310362925969024  2.7104961984139209 8.3266880462993011  2.8006768080276339 8.3247750218874668  2.8891616480952438 8.3232840433661543  2.9764949695892495 8.3222627179141409  3.0631901993191191 8.3217350165898321  3.1497695581011711 8.3217078800806643  3.3215425767416318 8.3226208847077139  3.4066124417026646 8.3235352237376876  3.4925514675046383 8.3249015507701749  3.5798692465489275 8.3266922526671685  3.6690959677062014 8.3288601134233353  3.7607803045644559 8.3313249522621202  3.9355513543962539 8.3361831996415372  4.0183552818683177 8.3385445743391866  4.103888607503376 8.3409561359978124  4.1921373887950306 8.3432988990333694  4.2831715516616926 8.3454279833200626  4.3771560506009379 8.3471879957002582  4.5620868775284 8.3495676335158517  4.6516260289602513 8.3502719467243658  4.7419525896728194 8.3504476625060455  4.8321866806050409 8.3500476744882768  4.921486366186306 8.3491112949957706  5.0088972278282871 8.347754451739652  5.1747877726621363 8.3445397040366061  5.2563892331203927 8.3426426173162529  5.3379877053709208 8.3404984675939851  5.4195854101860235 8.338196980844863  5.5011859283834683 8.3358400961534098  5.5827891435600057 8.3335317443250165  5.7580737384892071 8.328879795475169  5.8490244169627514 8.3266540871826908  5.9378856209992579 8.3247947942478486  6.025210298709295 8.3233648687268449  6.1115152086162112 8.3223998085794744  6.1973225181822427 8.3219166531003452  6.2831853071795862 8.3219166531003452 
 0 8 0.12185334641674862 6 0.22426624054978472 6 0.30929497767761466 6 0.41650080255249339 6 0.53144104396204217 6 0.64337945616400982 6 0.73778482235919796 6 0.82293140987693825 6 0.90535949706411933 6 1 8
1 6.2831853071795862 -0 0 1 
1 0 -0 0 1 
7 0 0  7 62 11  1.3078431730746631 -12.699999999999999  1.3078431730746631 -13.006104954009194  1.3076761351284774 -13.311947304336986  1.3073425549105988 -13.615613354002249  1.3068388824952653 -13.915009179646397  1.3061583130198242 -14.207486030960252  1.3052917135756932 -14.489382652025929  1.3033357864121349 -14.978937672730089  1.3022961807962974 -15.193234651737187  1.3011065590175648 -15.393043512908337  1.299767654865263 -15.572821016325992  1.2982845275841737 -15.726713790003872  1.296667430846272 -15.848472546940751  1.2934940040128104 -16.000019274435704  1.2919884907588808 -16.041216440128746  1.2904497244635003 -16.050978590999478  1.2889140706960027 -16.027981110377539  1.2874180827468724 -15.973422170854658  1.2859953306715899 -15.890988142952065  1.2830069827406705 -15.655490490175008  1.2814951905863325 -15.489161705434775  1.2801450432151336 -15.295720749912707  1.2789568543084631 -15.081520448025628  1.2779274031834988 -14.851806732039185  1.2770514882380934 -14.610939808784808  1.2755414364062612 -14.096136380012625  1.2749257720596485 -13.819864225508059  1.2744681720463304 -13.537089873114203  1.2741627461493095 -13.250277831494705  1.2740057981668491 -12.961342404440845  1.2739962504682121 -12.671979504339012  1.2742720873366689 -12.103420407440195  1.2745496130672613 -11.824492128979825  1.2749697804663385 -11.548663944699939  1.2755366366981904 -11.27773853233729  1.2762564243796737 -11.014059958454652  1.2771367852515818 -10.760834718846464  1.2790701333883028 -10.321658256667332  1.2800813361354471 -10.129825726903931  1.2812209213232819 -9.9515504482112824  1.2824870100809562 -9.7914443494679357  1.2838741844604289 -9.6542625974104546  1.2853730225242077 -9.5449477155739739  1.288408668000363 -9.3999807250338527  1.2899141812155304 -9.358783560070302  1.2914529475561365 -9.3490214098165101  1.2929886013228842 -9.3720188893496879  1.2944845892265742 -9.4265778280207986  1.2959073413424367 -9.5090118579905152  1.2985087378508164 -9.7140156881426751  1.2997396077555405 -9.838836334642675  1.3009077526183013 -9.9865371076356748  1.3020001075726584 -10.155627884463934  1.3030047673917247 -10.344268654551593  1.303911250523861 -10.550306499864453  1.3056288096505864 -11.025058697379425  1.306379106417715 -11.291142953830276  1.3069697142430612 -11.565615122876835  1.3074075973669461 -11.845664895458709  1.3076978721469728 -12.129199407186182  1.3078431730746634 -12.414506226584081  1.3078431730746634 -12.700000000000001 
 0 8 0.12185334994091049 6 0.22426624601866452 6 0.30929498317900106 6 0.41650080720030158 6 0.53144104769444211 6 0.64337945900475213 6 0.73778482444786841 6 0.82293141128736047 6 0.90535949781797997 6 1 8
7 0 0  7 62 11  0 8.3219166531003168  0.092061640303517128 8.3219166531003168  0.18404419168725109 8.322472051918945  0.27664725395035583 8.3235812182439002  0.37050350310382218 8.3252213015295986  0.46627189972054423 8.3273464220629148  0.56462568527837742 8.3298707491587631  0.75193439721870481 8.334982812303787  0.84063983827406275 8.3375168211608148  0.93242953268555795 8.3401512841063372  1.0273377825391725 8.3427460407215399  1.1254987923679425 8.345121864010407  1.2271697876137801 8.3470799890976384  1.4204942232619577 8.3495676335071174  1.5100333770645087 8.3502719467282311  1.6003599349899744 8.3504476625187127  1.6905940259926306 8.3500476744835321  1.7798937143792515 8.3491112949784618  1.867304573475733 8.3477544517544331  2.0578709345886019 8.3440615181259439  2.1595516428909365 8.3415554318098035  2.2573370221727749 8.3388245674544663  2.3517029304123627 8.3360683919632024  2.4430544878093157 8.3334365604147322  2.5317161092821237 8.3310362925969041  2.7104961984137685 8.3266880462993065  2.8006768080279558 8.3247750218875005  2.889161648095055 8.323284043366149  2.9764949695890741 8.3222627179141302  3.0631901993194544 8.3217350165898587  3.1497695581009961 8.3217078800806643  3.3215425767416829 8.3226208847077139  3.4066124417026535 8.3235352237374869  3.4925514675045672 8.3249015507709458  3.5798692465488138 8.3266922526661435  3.6690959677065123 8.3288601134239642  3.7607803045642747 8.331324952262058  3.935551354396353 8.3361831996414804  4.0183552818681054 8.3385445743392932  4.1038886075034888 8.3409561359976774  4.1921373887951523 8.3432988990332557  4.2831715516614892 8.3454279833202119  4.377156050601017 8.3471879957002315  4.5620868775284276 8.3495676335158233  4.6516260289601741 8.3502719467245345  4.7419525896728159 8.3504476625058803  4.8321866806050959 8.3500476744881578  4.9214863661863122 8.3491112949960229  5.0088972278282693 8.3477544517396272  5.1747877726621976 8.3445397040365776  5.2563892331201671 8.3426426173164874  5.337987705371118 8.3404984675939478  5.4195854101861656 8.3381969808447103  5.5011859283831743 8.3358400961534489  5.58278914356013 8.3335317443249863  5.7580737384890428 8.3288797954751423  5.8490244169629166 8.3266540871826944  5.9378856209993369 8.3247947942478202  6.0252102987091831 8.3233648687268147  6.1115152086161428 8.3223998085794726  6.1973225181823173 8.3219166531003168  6.2831853071795862 8.3219166531003168 
 0 8 0.12185334994091049 6 0.22426624601866452 6 0.30929498317900106 6 0.41650080720030158 6 0.53144104769444211 6 0.64337945900475213 6 0.73778482444786841 6 0.82293141128736047 6 0.90535949781797997 6 1 8
1 6.2831853071795862 -0 0 1 
1 0 -0 0 1 
7 0 0  7 62 11  0.7504661238943342 -12.699999999999999  0.7504661238943342 -13.025672667744095  0.75027704421910391 -13.351022224343859  0.74989956245375922 -13.673777919349844  0.74932892322794642 -13.991463805960322  0.74855641907708848 -14.300732283474041  0.74757047850314196 -14.596929643370853  0.74541599468537811 -15.088058434523546  0.74432613013441729 -15.293178978459123  0.74308779906106637 -15.48256996700105  0.74170453541144077 -15.650323073705895  0.74018493606869395 -15.790491807687896  0.73854309027548226 -15.897055422298957  0.73544608344256235 -16.01565207781514  0.73404732799613193 -16.042875323850321  0.73262984622126626 -16.043072712211458  0.73122197090800167 -16.015668530341411  0.72985182175922569 -15.961891206089405  0.72854522496485985 -15.884741690553154  0.72565607398242737 -15.658205614541679  0.72414278762789497 -15.492395212230949  0.72279085998522674 -15.29940779612863  0.7216007163891025 -15.085598871509426  0.72056921871897461 -14.856223218990253  0.71969122165644273 -14.61565574620019  0.71829698299551548 -14.142234279564999  0.71775231315074606 -13.909861124638818  0.71732173433733715 -13.672443690500055  0.71700147088188459 -13.431567530695009  0.71678883589489839 -13.188489231408671  0.71668244974707473 -12.944285860599043  0.71668244974707473 -12.456490448640496  0.7167881606746862 -12.213062504625942  0.71699944766811186 -11.970746652682701  0.71731767773222355 -11.730609676084457  0.71774550708292328 -11.493896923857067  0.71828666022062126 -11.262178589325062  0.71967445549323017 -10.789054588074048  0.72055039166445856 -10.548183012414682  0.72157986561404974 -10.318466707008451  0.72276807030220735 -10.104266826391941  0.72411822056409902 -9.9108288189532452  0.72562999054064847 -9.7445050194749321  0.72866955271595657 -9.5049714128460856  0.73015178731400232 -9.4201973879733352  0.73171199284572819 -9.3657717581145512  0.73331213970758147 -9.3457279318415463  0.73491090621621691 -9.3611850560832206  0.73646753789752317 -9.410313549236081  0.73946778145415049 -9.5685622791727631  0.74089529765087303 -9.6787926527139394  0.74221677885083304 -9.814244136136395  0.74342469310074477 -9.9704812284474702  0.74451488057889048 -10.143285816788977  0.74548610229646672 -10.328612228705792  0.74755710794494479 -10.799058764731257  0.74854769041911817 -11.095777670629282  0.74932376466839334 -11.405667886377922  0.74989700464451614 -11.724036721213526  0.75027619289279868 -12.047510491209714  0.7504661238943342 -12.373595000769784  0.7504661238943342 -12.699999999999999 
 0 8 0.12642494182956968 6 0.22487093047279544 6 0.30130918027178288 6 0.40566359673021607 6 0.50038810584998616 6 0.59481159258778138 6 0.69922333083363353 6 0.78525113844916394 6 0.87379698940109352 6 1 8
7 0 0  7 62 11  0 8.3219166531004021  0.097946666990705547 8.3219166531004021  0.19579608464375783 8.3225453383552406  0.29440065183078967 8.3238004919489352  0.39453478165280709 8.325653464242869  0.49697697788162842 8.3280457064413458  0.60254603201293355 8.3308639039415446  0.79769843239069582 8.336285969111783  0.88655766300376126 8.3388244855898357  0.97859713119053193 8.3414179149967485  1.0737280457070757 8.343914186973775  1.1719812156724969 8.3461286703197892  1.2735142951956913 8.3478691340846058  1.460302592139799 8.3498355027410156  1.5431526061176861 8.3503028442781631  1.6264283548862024 8.3503105982920705  1.7094553474300247 8.3498373509926918  1.7915694356734961 8.3489224707757952  1.8720179272722695 8.3476575512250886  2.0561309114776312 8.3441026855571963  2.1578131027502296 8.3416020329209388  2.2556033668835909 8.3388741249954741  2.3499749749047751 8.3361185978826384  2.4413304676189966 8.333485507568648  2.5299909295591996 8.3310824856858066  2.6945651032950164 8.3270717560754921  2.7711977664242511 8.3254038669581512  2.8465389519220006 8.3240282582615048  2.920925218561981 8.3229773816267389  2.9946783350620367 8.322270393653918  3.0681232218306822 8.3219166531003452  3.2148286088858851 8.3219166531003452  3.2880402708396219 8.3222681485095915  3.3615579565289258 8.3229706542228552  3.4357034575546561 8.3240149480052263  3.5107951004729516 8.3253821222011322  3.5871654177426957 8.3270401356019637  3.7514711437471142 8.3310363399233918  3.840134604509831 8.3334366634465784  3.931487585235482 8.3360685443597689  4.0258540629213471 8.3388247366803316  4.1236390749155092 8.3415555733770859  4.2253180062139135 8.3440615885409049  4.419150289641018 8.3478178115887438  4.5100919254665381 8.3492164118912484  4.6030247829210662 8.3501551729435359  4.696883512754761 8.3505050571784878  4.7907300438457616 8.3502288910795155  4.8835707809423825 8.3493912416360097  5.0674583421132535 8.3468093120627742  5.1576711925159362 8.3450489772075702  5.2451060943126517 8.3429667583472842  5.32992752801775 8.3407010953059064  5.4122188515235923 8.3383794030676199  5.4919939518442158 8.3361062735780038  5.6792089828663004 8.3309021111339057  5.7850520093883722 8.3280727317839531  5.8877463500925753 8.3256702142821588  5.9881170170111666 8.3238089973584088  6.0869479357697536 8.322548168899262  6.1850183901178672 8.3219166531004021  6.2831853071795862 8.3219166531004021 
 0 8 0.12642494182956968 6 0.22487093047279544 6 0.30130918027178288 6 0.40566359673021607 6 0.50038810584998616 6 0.59481159258778138 6 0.69922333083363353 6 0.78525113844916394 6 0.87379698940109352 6 1 8
1 0 0 0 -1 
1 0 0 0 -1 
1 0 0 1 0 
1 0 -47.625 1 0 
1 0.25816445075512778 0 0 -1 
7 0 0  7 50 9  0.022571664779442946 -36.512500000000003  0.022571664779442946 -37.008920213024268  0.022856428663438493 -37.504655039801499  0.023424533905867718 -37.996215431037932  0.024283952647383793 -38.479786949001955  0.025449497708630191 -38.949996293507041  0.026941108765335245 -39.399148168391847  0.030441509594311807 -40.191402232690429  0.03243491028812355 -40.551347141609064  0.034758233665693042 -40.872948357413449  0.037383672656684401 -41.136584187448534  0.04025979649761114 -41.325255651496569  0.043317224662442366 -41.424999999999997  0.049621977609825722 -41.425000000000011  0.052679405773822879 -41.325255651470137  0.055555529614828028 -41.136584187510422  0.058180968606519057 -40.872948357410472  0.060504291983975979 -40.551347141520509  0.062497692677250159 -40.1914022327542  0.065998093489096799 -39.399148172332701  0.067489704615916635 -38.949996277295313  0.068655249552028022 -38.479786979218048  0.069514668417075945 -37.996215400090151  0.070082773592707176 -37.504655057301662  0.070367537492400878 -37.008920208458569  0.070367537492400878 -36.016079786976064  0.070082773608406396 -35.520344960196901  0.069514668365973337 -35.028784568964333  0.068655249624466105 -34.545213050997475  0.067489704563207228 -34.075003706491927  0.065998093506511452 -33.625851831608792  0.062497692677737637 -32.83359776735611  0.060504291983534839 -32.473652858325394  0.058180968605875703 -32.152051642586372  0.055555529615417307 -31.888415812594914  0.052679405774512196 -31.699744348484629  0.049621977609101094 -31.600000000000001  0.043598406271693313 -31.600000000000001  0.040795909544767098 -31.682743310733883  0.038132349978389192 -31.841107589143562  0.035667863871939987 -32.064833862148724  0.033449128270031714 -32.340762718457853  0.031505342972188932 -32.653097674165224  0.027681275021318525 -33.414342744499443  0.025930270963474836 -33.88962809776605  0.024567050857384025 -34.392370223741899  0.023564871383800399 -34.912110511755841  0.022903471570930145 -35.441771651397204  0.022571664779442946 -35.97664278670856  0.022571664779442946 -36.512500000000003 
 0 8 0.13140541539603759 6 0.25023792917539589 6 0.36907044297075497 6 0.50047585711749887 6 0.63188127247272374 6 0.75071378620028795 6 0.85894683070524558 6 1 8
7 0 0  7 50 9  0 6.2912979000115286  0.10105246066651667 6.2912979000115286  0.20196521731389494 6.2926967790546451  0.30371475394645098 6.2954877117456975  0.40718501322041045 6.2996043446974062  0.51327032354540825 6.3049133531666728  0.62291225263205585 6.3111480514020215  0.84076702152473193 6.3238776638751677  0.95108510260129986 6.3304642835338703  1.0667159670771069 6.3371128099902716  1.1868150737908318 6.3431081928329629  1.3109247195430294 6.3476165276492731  1.4388737831025746 6.3500000000000512  1.7027188705049703 6.3500000000000512  1.8306679340297178 6.347616527648456  1.9547775797860312 6.3431081928348982  2.0748766865221899 6.3371128099894225  2.1905075510090972 6.3304642835326916  2.300825632047522 6.3238776638761927  2.5186803998740781 6.3111480514653397  2.6283223341541935 6.304913352970126  2.7344076331558629 6.299604344973039  2.8378779066632056 6.2954877115482777  2.9396274324994414 6.2926967791158983  3.0405401938526802 6.2912979000115286  3.2426451142562431 6.2912979000115286  3.3435578709040294 6.292696779054662  3.4453074075357693 6.2954877117456327  3.5487776668102846 6.2996043446975101  3.6548629771354908 6.3049133531666373  3.764504906221676 6.31114805140201  3.9823596751017325 6.3238776638744207  4.0926777562063954 6.3304642835349902  4.2083086206734386 6.3371128099902272  4.328407727371113 6.3431081928323332  4.4525173731210073 6.3476165276494578  4.5804664367049437 6.3500000000000503  4.8325444672410205 6.350000000000052  4.9498248984989379 6.3480227720514142  5.0641235303649825 6.3442386755232052  5.1751431126808374 6.3391019019214054  5.2823895840888211 6.3332478521842139  5.3850483760885277 6.3272659418242085  5.6077948405964237 6.3141970346132483  5.7277313819231574 6.3070900563322025  5.8431649657441582 6.3009572363316018  5.9552849426068111 6.2961772578947972  6.0652257116007693 6.2929278425119106  6.1741049584179688 6.2912979000115286  6.2831853071795862 6.2912979000115286 
 0 8 0.13140541539603759 6 0.25023792917539589 6 0.36907044297075497 6 0.50047585711749887 6 0.63188127247272374 6 0.75071378620028795 6 0.85894683070524558 6 1 8
7 0 0  7 50 9  0.11034757803618667 -36.512500000000003  0.11034757803618667 -37.008920208458719  0.11063234193588119 -37.504655057300688  0.11120044711150924 -37.996215400091643  0.11205986597656309 -38.479786979217174  0.11322541091266831 -38.949996277295241  0.11471702203949105 -39.399148172332765  0.11821742285084988 -40.191402232643881  0.12021082354505291 -40.551347141674327  0.12253414692271236 -40.872948357414316  0.12515958591316817 -41.136584187404459  0.12803570975407794 -41.325255651515612  0.13109313791948571 -41.424999999999997  0.13739789086675469 -41.425000000000011  0.14045531903039205 -41.325255651458299  0.143331442871418 -41.136584187538062  0.14595688186342956 -40.872948357408951  0.14828020524083235 -40.551347141481273  0.15027360593386924 -40.191402232782416  0.15377400676325348 -39.399148168391577  0.15526561781995313 -38.949996293507894  0.15643116288120898 -38.479786949001856  0.15729058162271686 -37.996215431036831  0.15785868686514981 -37.504655039802529  0.1581434507491446 -37.008920213024012  0.1581434507491446 -36.016079786975929  0.15785868686514945 -35.520344960197903  0.15729058162271692 -35.02878456896218  0.15643116288121203 -34.545213050999806  0.1552656178199478 -34.075003706490541  0.15377400676325656 -33.625851831609154  0.15027360593448091 -32.833597767356061  0.14828020524027824 -32.473652858325849  0.14595688186261899 -32.152051642585121  0.14333144287216237 -31.888415812596193  0.14045531903125458 -31.699744348484124  0.13739789086584486 -31.600000000000001  0.13137431952793882 -31.600000000000001  0.12857182280200691 -31.682743310760785  0.12590826323548371 -31.841107589081673  0.12344377712830251 -32.064833862145527  0.12122504152642337 -32.340762718558693  0.11928125622928963 -32.65309767409412  0.11545718827806244 -33.414342744499365  0.11370618422021897 -33.88962809776541  0.11234296411412574 -34.392370223744336  0.11134078464054667 -34.91211051175214  0.11067938482767214 -35.441771651400003  0.11034757803618667 -35.976642786707657  0.11034757803618667 -36.512500000000003 
 0 8 0.13140541413663678 6 0.25023792788805488 6 0.36907044167375286 6 0.50047585704478381 6 0.6318812724158317 6 0.75071378615761686 6 0.85894683069428934 6 1 8
7 0 0  7 50 9  0 6.2912979000115286  0.10105245973714296 6.2912979000115286  0.2019652210901875 6.2926967791158139  0.30371474692680778 6.2954877115485841  0.40718502043385252 6.2996043449726189  0.51327031943552937 6.3049133529703214  0.62291225371573367 6.3111480514653131  0.84076702151193339 6.3238776638743914  0.95108510261633727 6.3304642835351528  1.0667159670843436 6.3371128099900167  1.1868150737805654 6.3431081928323945  1.310924719531581 6.3476165276495014  1.4388737831151135 6.3500000000000512  1.7027188705127227 6.3500000000000512  1.8306679340225944 6.3476165276480891  1.9547775797797331 6.343108192835877  2.0748766865268014 6.3371128099887208  2.1905075510181296 6.3304642835323879  2.3008256320397651 6.3238776638766172  2.5186804009578116 6.3111480514019878  2.628322330044135 6.3049133531667492  2.7344076403695068 6.2996043446974088  2.8378778996434946 6.2954877117455714  2.9396274362757109 6.2926967790547499  3.040540192923328 6.2912979000115001  3.2426451142562711 6.2912979000115001  3.3435578709037519 6.2926967790547472  3.4453074075364132 6.295487711745607  3.5487776668095785 6.2996043446973475  3.6548629771358958 6.3049133531667501  3.7645049062215761 6.3111480514020046  3.9823596751017458 6.3238776638744207  4.0926777562064602 6.3304642835349592  4.2083086206733471 6.3371128099903116  4.3284077273711343 6.3431081928322959  4.4525173731210366 6.3476165276494703  4.580466436704933 6.3500000000000796  4.8325444672618598 6.3500000000000796  4.9498248984782673 6.3480227720503271  5.0641235303515089 6.3442386755254594  5.1751431126903871 6.3391019019205199  5.2823895841138473 6.3332478521826303  5.3850483760677212 6.3272659418254866  5.6077948405963998 6.3141970346133061  5.7277313819228874 6.3070900563320089  5.8431649657449487 6.3009572363318034  5.9552849426058536 6.296177257894632  6.0652257116013839 6.2929278425119453  6.1741049584177858 6.2912979000115286  6.2831853071795862 6.2912979000115286 
 0 8 0.13140541413663678 6 0.25023792788805488 6 0.36907044167375286 6 0.50047585704478381 6 0.6318812724158317 6 0.75071378615761686 6 0.85894683069428934 6 1 8
7 0 0  7 50 9  0.19812349129293039 -36.512500000000003  0.19812349129293039 -37.008920213023821  0.1984082551769244 -37.504655039802941  0.19897636041936009 -37.996215431036809  0.19983577916086143 -38.479786949000832  0.2010013242221273 -38.949996293509201  0.20249293527881845 -39.399148168390894  0.20599333610759291 -40.191402232643725  0.20798673680179974 -40.551347141675073  0.21031006017945392 -40.872948357413271  0.2129354991699085 -41.136584187405063  0.21581162301082712 -41.325255651515491  0.21886905117622707 -41.424999999999997  0.22517380412258881 -41.425000000000011  0.2282312322879986 -41.325255651515512  0.23110735612890382 -41.136584187404814  0.23373279511936515 -40.872948357413868  0.23605611849702024 -40.551347141674675  0.23804951919122544 -40.191402232643789  0.24154992001999703 -39.399148168391619  0.2430415310766981 -38.949996293507851  0.24420707613795106 -38.479786949001252  0.24506649487946147 -37.996215431038138  0.24563460012189331 -37.50465503980147  0.24591936400588832 -37.008920213024339  0.24591936400588832 -36.016079791541728  0.24563460010619337 -35.520344942697896  0.24506649493056587 -35.02878459991026  0.24420707606551101 -34.545213020781254  0.24304153112940899 -34.075003722705731  0.24154992000258185 -33.6258518276668  0.23804951919980263 -32.833597769297533  0.23605611845353858 -32.473652852134734  0.23373279521083271 -32.152051651472483  0.23110735602693111 -31.888415806105463  0.2282312323495293 -31.69974435052838  0.22517380410568813 -31.600000000000001  0.21915023279496745 -31.600000000000001  0.21634773603421853 -31.682743310337024  0.21368417651111979 -31.841107591148862  0.21121969038868144 -32.064833858356167  0.2090009547701917 -32.340762721788856  0.20705716949179559 -32.653097672947048  0.20323310153480378 -33.414342744499834  0.20148209747696896 -33.889628097764394  0.20011887737086245 -34.392370223744564  0.19911669789729386 -34.912110511753724  0.19845529808441523 -35.441771651398149  0.19812349129293039 -35.976642786708332  0.19812349129293039 -36.512500000000003 
 0 8 0.13140541561713057 6 0.25023792958140323 6 0.36907044354558105 6 0.50047585916238158 6 0.63188127357051638 6 0.75071378695437041 6 0.85894683135759087 6 1 8
7 0 0  7 50 9  0 6.2912979000114717  0.10105246066642554 6.2912979000114717  0.2019652173141675 6.2926967790544204  0.30371475394632108 6.2954877117460448  0.40718501321999745 6.2996043446969248  0.51327032354602131 6.3049133531668842  0.62291225263179295 6.3111480514019478  0.84076702151189053 6.3238776638743612  0.95108510261661083 6.3304642835349521  1.0667159670839674 6.3371128099902894  1.1868150737806684 6.3431081928321085  1.3109247195317233 6.3476165276495085  1.4388737831150149 6.3500000000000218  1.7027188704746574 6.3500000000000236  1.8306679340584904 6.3476165276494871  1.9547775798085798 6.3431081928321369  2.0748766865060801 6.337112809990292  2.1905075509731642 6.3304642835349716  2.3008256320778839 6.3238776638743603  2.5186804009577997 6.3111480514019602  2.6283223300441469 6.3049133531666595  2.7344076403696356 6.2996043446974079  2.8378778996432192 6.2954877117455812  2.9396274362759289 6.2926967790547126  3.0405401929232609 6.2912979000114717  3.2426451133268457 6.2912979000114717  3.3435578746803256 6.2926967791160395  3.445307400516068 6.2954877115482049  3.5487776740241417 6.2996043449727956  3.6548629730250148 6.3049133529702388  3.7645049073056485 6.3111480514652927  3.9823596745678773 6.3238776638431684  4.0926777585446601 6.3304642836393663  4.2083086161512835 6.3371128098343572  4.328407732113277 6.3431081929497521  4.4525173704052454 6.3476165276115113  4.5804664374121922 6.350000000000052  4.8325444668314512 6.3500000000000503  4.9498248994634206 6.3480227720566864  5.0641235297284464 6.3442386754900966  5.1751431122471558 6.3391019019875809  5.282389584908568 6.3332478521255089  5.3850483757320786 6.3272659418451509  5.6077948405965383 6.3141970346132696  5.727731381922573 6.3070900563319174  5.8431649657451548 6.3009572363317998  5.9552849426060117 6.2961772578946675  6.0652257116010855 6.2929278425118476  6.1741049584179235 6.2912979000114717  6.2831853071795862 6.2912979000114717 
 0 8 0.13140541561713057 6 0.25023792958140323 6 0.36907044354558105 6 0.50047585916238158 6 0.63188127357051638 6 0.75071378695437041 6 0.85894683135759087 6 1 8
7 0 0  7 50 9  0.022571664779442946 -11.112500000000001  0.022571664779442946 -11.608920213023453  0.022856428663437917 -12.104655039803728  0.023424533905870955 -12.596215431035626  0.0242839526473769 -13.079786949002232  0.025449497708636717 -13.549996293508073  0.026941108765332778 -13.999148168391287  0.030441509594332186 -14.791402232695038  0.032434910288108632 -15.151347141603413  0.034758233665660318 -15.472948357411365  0.037383672656704989 -15.736584187454582  0.040259796497653572 -15.925255651494204  0.04331722466240398 -16.024999999999999  0.049621977592421929 -16.025000000000006  0.05267940583582599 -15.925255649458201  0.055555529513273798 -15.736584193926108  0.058180968697538943 -15.47294834852619  0.06050429194017988 -15.151347147819623  0.062497692686170087 -14.791402230735335  0.065998093489094856 -13.99914817233314  0.067489704615919591 -13.549996277294735  0.068655249552027925 -13.079786979217459  0.069514668417073475 -12.596215400091847  0.070082773592708522 -12.104655057300564  0.070367537492400878 -11.608920208458784  0.070367537492400878 -10.616079786975806  0.070082773608405785 -10.120344960198228  0.06951466836597496 -9.6287845689620593  0.068655249624464093 -9.1452130509991658  0.06748970456320838 -8.6750037064914487  0.065998093506511285 -8.2258518316087503  0.062497692677738935 -7.4335977673563995  0.060504291983530446 -7.0736528583248592  0.058180968605880179 -6.7520516425867232  0.055555529615418833 -6.4884158125949263  0.052679405774506478 -6.2997443484845466  0.049621977609104091 -6.2000000000000028  0.043598406271696172 -6.2000000000000028  0.04079590954476036 -6.2827433107335331  0.038132349978397428 -6.4411075891444263  0.035667863871933894 -6.6648338621479191  0.033449128270034156 -6.940762718458096  0.031505342972188773 -7.2530976741652555  0.027681275021319493 -8.014342744499249  0.025930270963473327 -8.4896280977659959  0.024567050857384202 -8.9923702237429737  0.023564871383801277 -9.5121105117543774  0.022903471570929711 -10.04177165139788  0.022571664779442946 -10.576642786708508  0.022571664779442946 -11.112500000000001 
 0 8 0.1314054154952112 6 0.25023792936555278 6 0.3690704425943927 6 0.50047585681967754 6 0.63188127225345614 6 0.75071378605197447 6 0.8589468306213458 6 1 8
7 0 0  7 50 9  0 6.2912979000115286  0.10105246066635157 6.2912979000115286  0.20196521731430728 6.2926967790546442  0.30371475394611258 6.2954877117457082  0.40718501322028833 6.2996043446973813  0.51327032354574542 6.3049133531666968  0.62291225263190231 6.3111480514020117  0.84076702152600036 6.3238776638752423  0.95108510259997214 6.3304642835337983  1.0667159670761339 6.3371128099901792  1.186815073791645 6.3431081928331201  1.3109247195447937 6.3476165276492154  1.4388737831009681 6.3500000000000512  1.7027188697766458 6.3500000000000512  1.8306679367653746 6.3476165276113941  1.9547775750596568 6.3431081929502868  2.0748766910333512 6.3371128098344185  2.1905075486454408 6.3304642836385829  2.3008256326026721 6.3238776638437537  2.5186803998739573 6.3111480514653469  2.6283223341544426 6.3049133529701109  2.7344076331557829 6.2996043449730488  2.837877906663004 6.2954877115482777  2.9396274324996181 6.2926967791158965  3.0405401938526371 6.2912979000115286  3.2426451142562964 6.2912979000115286  3.3435578709036307 6.2926967790546593  3.4453074075365455 6.295487711745638  3.5487776668096425 6.2996043446975065  3.6548629771356973 6.3049133531666364  3.7645049062216867 6.3111480514020109  3.9823596751016517 6.3238776638744154  4.0926777562064025 6.3304642835350036  4.2083086206738063 6.3371128099902121  4.3284077273704487 6.3431081928323403  4.4525173731214975 6.3476165276494569  4.5804664367048185 6.3500000000000503  4.8325444672409006 6.350000000000052  4.9498248984993918 6.3480227720514106  5.0641235303642755 6.3442386755232141  5.175143112681388 6.3391019019213957  5.2823895840886284 6.3332478521842193  5.3850483760885366 6.3272659418242077  5.6077948405963678 6.3141970346132519  5.7277313819232516 6.3070900563321972  5.8431649657441405 6.3009572363316  5.9552849426067791 6.2961772578948016  6.0652257116007826 6.292927842511908  6.174104958417959 6.2912979000115286  6.2831853071795862 6.2912979000115286 
 0 8 0.1314054154952112 6 0.25023792936555278 6 0.3690704425943927 6 0.50047585681967754 6 0.63188127225345614 6 0.75071378605197447 6 0.8589468306213458 6 1 8
7 0 0  7 50 9  0.11034757803618667 -11.112499999999999  0.11034757803618667 -11.608920208458809  0.11063234193588148 -12.104655057300414  0.11120044711150796 -12.596215400091815  0.11205986597656542 -13.079786979217507  0.11322541091266668 -13.549996277294907  0.11471702203949152 -13.999148172332868  0.11821742284227264 -14.79140223070257  0.12021082358853642 -15.151347147864799  0.12253414683124204 -15.472948348528284  0.12515958601514193 -15.73658419389391  0.12803570969254935 -15.925255649471877  0.13109313793638483 -16.024999999999999  0.13739789086584658 -16.025000000000006  0.14045531903125205 -15.925255651515526  0.14333144287216143 -15.736584187404803  0.14595688186262279 -15.472948357413792  0.14828020524027538 -15.151347141674718  0.15027360593448152 -14.791402232643833  0.15377400674583844 -13.999148172333168  0.15526561787266785 -13.549996277294156  0.15643116280876085 -13.079786979218662  0.15729058167382751 -12.596215400090992  0.15785868684944784 -12.104655057300603  0.1581434507491446 -11.608920208458889  0.1581434507491446 -10.61607978697536  0.15785868686515012 -10.120344960199768  0.15729058162271681 -9.6287845689602385  0.15643116288120851 -9.1452130509998106  0.15526561781995352 -8.6750037064918235  0.15377400676325359 -8.2258518316084785  0.15027360594305841 -7.4335977692974176  0.14828020519679652 -7.0736528521351758  0.14595688195408463 -6.7520516514717599  0.14333144277019422 -6.4884158061060262  0.14045531909277928 -6.2997443505281812  0.13739789084894716 -6.1999999999999993  0.13137431952744794 -6.1999999999999993  0.12857182280249377 -6.2827433107876374  0.12590826323583568 -6.4411075890197402  0.12344377712792022 -6.6648338621433965  0.1212250415260798 -6.9407627186575276  0.11928125622964098 -7.2530976740241755  0.1154571882780608 -8.0143427444996842  0.11370618422022281 -8.4896280977646512  0.1123429641141217 -8.9923702237449348  0.11134078464054872 -9.5121105117522511  0.11067938482767173 -10.041771651399618  0.11034757803618667 -10.576642786707772  0.11034757803618667 -11.112499999999999 
 0 8 0.13140541444927265 6 0.25023792787027171 6 0.36907044192834915 6 0.50047585640400949 6 0.63188127208825284 6 0.7507137855002699 6 0.8589468303352551 6 1 8
7 0 0  7 50 9  0 6.2912979000115286  0.10105245973716205 6.2912979000115286  0.20196522109015091 6.2926967791158148  0.30371474692678668 6.2954877115485797  0.40718502043399019 6.2996043449726278  0.51327031943542101 6.3049133529703152  0.62291225371576298 6.3111480514653149  0.84076702097811062 6.3238776638431995  0.95108510495485321 6.3304642836395884  1.0667159625614744 6.3371128098340677  1.1868150785234213 6.3431081929499165  1.3109247168156071 6.3476165276116037  1.4388737838223185 6.3500000000000512  1.7027188704747191 6.3500000000000512  1.83066793405817 6.3476165276495893  1.9547775798091611 6.3431081928320374  2.0748766865055988 6.3371128099904412  2.1905075509733365 6.3304642835349769  2.3008256320778711 6.3238776638743905  2.5186803998739489 6.3111480514653193  2.6283223341545914 6.3049133529701082  2.7344076331554632 6.2996043449731669  2.8378779066632589 6.2954877115480343  2.9396274324995746 6.2926967791160795  3.0405401938526153 6.2912979000115001  3.242645114256387 6.2912979000115001  3.3435578709034535 6.2926967790547481  3.4453074075365855 6.2954877117455998  3.5487776668098423 6.2996043446973706  3.6548629771354681 6.3049133531667243  3.7645049062217608 6.3111480514020153  3.982359674567908 6.3238776638432279  4.0926777585444896 6.3304642836393894  4.2083086161517027 6.3371128098343759  4.3284077321127441 6.3431081929498063  4.4525173704056114 6.347616527611577  4.5804664374120776 6.3500000000000796  4.8325444672824043 6.3500000000000796  4.9498248984581164 6.3480227720496227  5.0641235303374659 6.344238675527242  5.1751431127007166 6.3391019019198547  5.282389584138067 6.3332478521811577  5.3850483760472567 6.3272659418266874  5.6077948405964957 6.3141970346133007  5.7277313819225917 6.3070900563320214  5.8431649657453875 6.3009572363317909  5.955284942605509 6.2961772578946373  6.0652257116014789 6.2929278425119453  6.1741049584178098 6.2912979000115286  6.2831853071795862 6.2912979000115286 
 0 8 0.13140541444927265 6 0.25023792787027171 6 0.36907044192834915 6 0.50047585640400949 6 0.63188127208825284 6 0.7507137855002699 6 0.8589468303352551 6 1 8
7 0 0  7 50 9  0.19812349129293039 -11.112499999999999  0.19812349129293039 -11.608920208459406  0.19840825519262598 -12.10465505729915  0.19897636036824837 -12.596215400092515  0.19983577923331466 -13.079786979218042  0.2010013241694058 -13.549996277294001  0.20249293529623685 -13.999148172333232  0.20599333609901682 -14.791402230702673  0.20798673684527885 -15.151347147864513  0.21031006008798772 -15.472948348528716  0.21293549927188449 -15.736584193893554  0.21581162294929243 -15.925255649471989  0.21886905119312924 -16.024999999999999  0.22517380410568669 -16.025000000000006  0.22823123234953399 -15.925255649472177  0.23110735602692639 -15.736584193892652  0.23373279521083118 -15.472948348530434  0.23605611845354368 -15.151347147863097  0.23804951919979966 -14.791402230703167  0.24154992001999886 -13.999148168391205  0.24304153107669429 -13.549996293508444  0.24420707613795395 -13.07978694900169  0.24506649487946075 -12.596215431036525  0.2456346001218932 -12.104655039802939  0.24591936400588832 -11.608920213023822  0.24591936400588832 -10.61607979154147  0.24563460010619315 -10.120344942698301  0.24506649493056781 -9.6287845999104196  0.24420707606550754 -9.1452130207804831  0.24304153112941132 -8.675003722706272  0.24154992000258141 -8.225851827666693  0.23804951919980338 -7.4335977692976982  0.23605611845353575 -7.0736528521342592  0.23373279521083737 -6.7520516514731241  0.23110735602692639 -6.4884158061049639  0.22823123234953213 -6.2997443505285524  0.22517380410568738 -6.1999999999999993  0.21915023278518111 -6.1999999999999993  0.21634773605825525 -6.2827433107332524  0.21368417649187357 -6.4411075891452825  0.21121969038543009 -6.6648338621468888  0.20900095478351807 -6.9407627184586556  0.2070571694856764 -7.2530976741651703  0.20323310156796803 -8.0143427378979286  0.20148209737632047 -8.4896281253282631  0.20011887750937041 -8.9923701719427385  0.19911669779952357 -9.5121105650749644  0.19845529811445536 -10.04177162115823  0.19812349129293039 -10.576642794608381  0.19812349129293039 -11.112499999999999 
 0 8 0.13140541480070464 6 0.25023792853964766 6 0.36907044227849584 6 0.50047585832406616 6 0.63188127316117759 6 0.75071378693293966 6 0.85894683205840494 6 1 8
7 0 0  7 50 9  0 6.2912979000114717  0.10105245973728361 6.2912979000114717  0.20196522108987158 6.2926967791157535  0.3037147469269591 6.2954877115484917  0.4071850204341112 6.2996043449727157  0.51327031943519064 6.304913352970213  0.62291225371586301 6.3111480514652918  0.84076702097813927 6.3238776638431737  0.9510851049547332 6.3304642836393654  1.0667159625616898 6.3371128098343767  1.1868150785232516 6.3431081929496038  1.3109247168156253 6.3476165276116188  1.4388737838223473 6.3500000000000218  1.7027188697673266 6.3500000000000236  1.8306679367745391 6.3476165276115957  1.9547775750661729 6.3431081929496331  2.0748766910280558 6.3371128098343856  2.1905075486353218 6.3304642836393734  2.3008256326115175 6.32387766384318  2.5186804009579142 6.3111480514019531  2.6283223300440239 6.3049133531666746  2.7344076403694437 6.2996043446973946  2.8378778996436882 6.2954877117455865  2.9396274362755643 6.2926967790547126  3.0405401929233671 6.2912979000114717  3.242645113326899 6.2912979000114717  3.3435578746801822 6.2926967791160404  3.4453074005161639 6.2954877115481986  3.5487776740241905 6.2996043449728054  3.6548629730249362 6.3049133529702326  3.7645049073056769 6.3111480514652945  3.9823596745678311 6.3238776638431657  4.092677758544875 6.3304642836393699  4.208308616150874 6.3371128098343545  4.3284077321136891 6.3431081929497521  4.4525173704050447 6.3476165276115113  4.5804664374122241 6.350000000000052  4.8325444672409956 6.3500000000000503  4.9498248984990951 6.3480227720509461  5.06412353036478 6.3442386755238278  5.175143112680912 6.339101901920988  5.2823895840888477 6.3332478521840949  5.3850483760885126 6.3272659418242387  5.607794838664768 6.3141970347266092  5.7277313892269746 6.3070900559767438  5.8431649529766201 6.3009572368329891  5.9552849549672704 6.296177257534179  6.065225704997256 6.2929278426240396  6.1741049600260762 6.2912979000114717  6.2831853071795862 6.2912979000114717 
 0 8 0.13140541480070464 6 0.25023792853964766 6 0.36907044227849584 6 0.50047585832406616 6 0.63188127316117759 6 0.75071378693293966 6 0.85894683205840494 6 1 8
1 3.8586549632115656 0 0 -1 
1 6.2831853071795862 -0 0 1 
1 0 -0 0 1 
1 0 0 1 0 
2 0 0 1 0 -0 1 4.9124999999999996
1 6.2831853071795862 -0 0 1 
1 0 -0 0 1 
1 0 0 1 0 
2 0 0 1 0 -0 1 4.9124999999999996
1 6.2831853071795862 -0 0 1 
1 0 -0 0 1 
1 0 0 1 0 
2 0 0 1 0 -0 1 4.9124999999999996
1 6.2831853071795862 -0 0 1 
1 0 -0 0 1 
1 0 0 1 0 
2 0 0 1 0 -0 1 4.9124999999999996
1 6.2831853071795862 -0 0 1 
1 0 -0 0 1 
1 0 0 1 0 
2 0 0 1 0 -0 1 4.9124999999999996
1 6.2831853071795862 -0 0 1 
1 0 -0 0 1 
1 0 0 1 0 
2 0 0 1 0 -0 1 4.9124999999999996
Curves 70
2 -1.4210854715202004e-14 -23.8125 -1.9539925233402755e-14 -0 -1 0 0.99994668136691267 -0 -0.010326394496544407 0.010326394496544407 0 0.99994668136691267 199.23124999999996
1 -179.52082960633064 -23.8125 -86.402330489502944 0 -1 0 
1 199.22062726208168 -23.8125 -2.057340483539682 0 1 0 
7 0 0  7 62 11  178.63473447729274 11.112499999999999 88.219740505113734  178.63473447729274 11.418604834451488 88.219740505113734  178.62017461961256 11.724447064383607 88.24922252163222  178.5910981254188 12.02811302727328 88.308099074390043  178.54716484386728 12.327508830124374 88.396981593088071  178.48772091094401 12.61998573694563 88.517041195266984  178.41186733680365 12.901882484147801 88.669838922062084  178.24014693258195 13.39143766160602 89.01444777145214  178.14871290992406 13.605734664012783 89.197532013950038  178.0438503492513 13.805543601424457 89.406918556380376  177.92550167415794 13.985321136436998 89.642416675388063  177.79396482078786 14.13921387326101 89.903060718382193  177.64998890920393 14.260972590786896 90.186966416106671  177.36625460715524 14.412519279660405 90.743501174029333  177.23122860739562 14.453716431547816 91.007314714179188  177.09274163094886 14.463478580742986 91.276710244815533  176.95402939562067 14.440481117889281 91.545300572182754  176.81842044520604 14.38592220853374 91.806704737472131  176.68904157949828 14.303488198115661 92.055099067443521  176.41655608604856 14.067990507441849 92.576440516138376  176.27814837614332 13.901661726106077 92.83989283906665  176.15410880977612 13.708220742075373 93.074949268324517  176.04464042306213 13.494020388863854 93.281645990703126  175.94958384499571 13.264306626532036 93.460615652632967  175.8685640126952 13.023439705113596 93.612818283979919  175.72870485713437 12.508636247410635 93.875113425342619  175.67156055392803 12.23236399930447 93.981988750720603  175.62902720352764 11.94958963759545 94.061392820238069  175.60061547652654 11.662777632235228 94.114378942357092  175.58601314787674 11.373842265519686 94.141605370881933  175.58512916252494 11.084479452287905 94.143263966423348  175.61078026633172 10.515920546608669 94.095406628128984  175.63658470947229 10.236992359421643 94.047254302354474  175.67563639019755 9.9611642662496678 93.97434442211005  175.72827595391192 9.6902388545917972 93.875955662983486  175.7950248329191 9.4265602039942742 93.750973201201731  175.87650167699272 9.1733348672612074 93.598022198759949  176.05494776906033 8.7341582561125932 93.261871418871252  176.14812399509862 8.5423256791051028 93.085970577354615  176.25291196157303 8.3640503611487595 92.88762182996588  176.36903832462639 8.2039442453656939 92.667099302054083  176.49588796405644 8.0667625088401707 92.42528513293567  176.63247546421113 7.9574476779034509 92.163758080209917  176.90807174085833 7.8124807197175823 91.633538792431551  177.04433518444245 7.7712835688224322 91.370362285980192  177.18313089012241 7.7615214199557494 91.101125676097126  177.3211403643466 7.784518881763808 90.83217357352126  177.45510413300306 7.8390777905671971 90.569922494359403  177.58209908775157 7.9215118026826428 90.320300941623614  177.81365317706499 8.1265156877428524 89.863558622404909  177.9228832773652 8.2513363342441686 89.647279746735322  178.02624375700901 8.3990371077276169 89.441869496239192  178.12263634242464 8.5681278849885825 89.249655001882886  178.21107817729666 8.7567686549195809 89.072765556354852  178.29071658947481 8.9628064996005872 88.913081863659116  178.4413653957761 9.437558849082782 88.610398646637307  178.50700339983118 9.7036431973249169 88.478089683695089  178.55857632581839 9.9781154246836685 88.373893654472411  178.5967674709083 10.258165174766365 88.296619121696253  178.62206935315197 10.541699597113347 88.245385978155994  178.63473447729277 10.827006330080906 88.21974050511372  178.63473447729277 11.112499999999999 88.21974050511372 
 0 8 0.12185338748971786 6 0.22426624539389928 6 0.30929500234852736 6 0.41650078045800165 6 0.53144107691119924 6 0.64337950741319794 6 0.73778483049322663 6 0.82293142779068651 6 0.90535948035212088 6 1 8
7 0 0  7 62 11  104.93266214429809 11.112499999999999 169.3582811434772  104.93266214429809 11.418604834451685 169.3582811434772  104.9047111187011 11.724447064383117 169.37559931086699  104.84889202070306 12.0281130272739 169.41018426826091  104.76459275971483 12.327508830123703 169.46237497581296  104.65063896024895 12.619985736946038 169.53281942785947  104.50544196710504 12.901882484147663 169.62236686336419  104.17742721898658 13.391437656288558 169.82398402062145  104.00298751595336 13.605734674490037 169.93099251339459  103.80323886172042 13.805543597085252 170.05321912498246  103.57823322072321 13.985321129699921 170.19047157897575  103.32873423352677 14.13921388083493 170.34208797275295  103.05637440616844 14.260972588748798 170.50686544840821  102.52119879415231 14.412519279660442 170.82908147180669  102.26706223619627 14.453716431547791 170.98154200600302  102.00703587483822 14.463478580742958 171.13690894576615  101.74724427053498 14.440481117889293 171.29147340001936  101.49388746204697 14.385922208533771 171.44158087037226  101.25269949607546 14.303488198115648 171.58394308138494  100.74568606723321 14.067990507441735 171.88224265101533  100.48887070648779 13.901661726105873 172.0326078434716  100.25926915621704 13.708220742076479 172.16647519226572  100.05703458065808 13.494020388862282 172.28398280555518  99.881697084373172 13.264306626533244 172.38558327465222  99.732430552559137 13.023439705113105 172.47189293051744  99.474995532740948 12.508636244526951 172.62050832722178  99.369967289478055 12.232364006191615 172.68098041729945  99.291869811417769 11.949589633368529 172.72586779371923  99.239730678199393 11.662777628104896 172.75580550117638  99.212936732376804 11.373842272520255 172.77118700729503  99.211309207704076 11.08447944926154 172.77212697239548  99.258392617477398 10.515920540619055 172.74508151972816  99.305762194406114 10.236992373750098 172.71786683839102  99.377469782582978 9.9611642561799751 172.67664905912631  99.474186046173671 9.6902388491777032 172.62099620790596  99.59694314054083 9.4265602155103796 172.55023804459782  99.746993387045862 9.1733348621278203 172.46353502088374  100.07624186149577 8.7341582561126057 172.27265339976637  100.24836031596975 8.542325679105117 172.17266263632067  100.44220711200514 8.3640503611486885 172.05976372943732  100.65740527566467 8.2039442453656939 171.93404472582179  100.89296616974094 8.0667625088402719 171.79592887375642  101.14721842282609 7.9574476779033834 171.64623473122765  101.66156784366737 7.8124807197631938 171.34204651007303  101.91641758638505 7.7712835687371067 171.19078115228768  102.17662188632123 7.7615214200142271 171.03571238597434  102.43600846070366 7.7845188818007527 170.8804691790169  102.68841707842829 7.8390777904547608 170.72877274032157  102.92823110375936 7.9215118027545683 170.58410805361822  103.36633779286512 8.1265156877587579 170.31897908262385  103.57343874325397 8.2513363342346704 170.19321357391939  103.7698093763415 8.3990371076995238 170.07356686801754  103.95328668316525 8.5681278850012035 169.96143292905737  104.12191025203103 8.7567686549610233 169.85809887797478  104.27396164553367 8.9628064995657173 169.76470973446732  104.56191700967659 9.4375588451722869 169.58752649851749  104.68760683290688 9.7036432068045162 169.50996310678767  104.78648970506913 9.978115418751667 169.44881774283365  104.85977574202093 10.258165169096831 169.40344072866375  104.90834846341161 10.541699606905798 169.37334568673231  104.93266214429809 10.827006325796637 169.35828114347717  104.93266214429809 11.112499999999999 169.35828114347717 
 0 8 0.12185338901868967 6 0.22426624577194218 6 0.30929499967812923 6 0.41650077394420204 6 0.53144106752128528 6 0.64337949878849576 6 0.73778482454797634 6 0.82293142420565957 6 0.9053594791218853 6 1 8
7 0 0  7 62 11  -0.53347767028248416 11.112499999999999 199.23053575729244  -0.53347767028248416 11.418604834451456 199.23053575729244  -0.5663588351223936 11.724447064383879 199.23044770938867  -0.63202359026033506 12.02811302727261 199.2302718914882  -0.73117068066500757 12.327508830124961 199.22997218789109  -0.86513949919583855 12.619985736945397 199.22947731596958  -1.035727466089015 12.901882484147819 199.22866764019093  -1.4207435223026432 13.391437654100594 199.22626176899158  -1.6253844265221264 13.605734678754557 199.22480205610029  -1.8595534481295171 13.805543595340499 199.22286965590555  -2.1231048088629092 13.985321126968801 199.22032888078866  -2.4150403249565167 14.139213883906068 199.21702194703417  -2.7333382820278738 14.260972587912502 199.21279158885437  -3.357952697395068 14.412519279660435 199.20315116075184  -3.6542703750728545 14.453716431547788 199.19810750405844  -3.9571237860175432 14.463478580742985 199.1924148727158  -4.2593534870589265 14.440481117889286 199.18616539325657  -4.5537647523737466 14.385922208533726 199.17953727748005  -4.8337520362366773 14.303488198115705 199.17277303851216  -5.4218158422097078 14.067990507441746 199.15773274686873  -5.7192985174467754 13.901661726106028 199.14949390284474  -5.9849595822520456 13.708220742076049 199.14164931190746  -6.2187421084619583 13.494020388862609 199.13439719698911  -6.4212842743505414 13.264306626533317 199.12787309079684  -6.593613174198353 13.023439705112949 199.1221630564161  -6.8906961447269213 12.50863624452705 199.11211148001101  -7.0118153292401866 12.23236400619129 199.10787488891609  -7.1018361195406872 11.949589633368946 199.10465775433809  -7.1619196703159611 11.662777628105028 199.10248463059875  -7.1927944643020805 11.373842272519564 199.10136509518611  -7.1946728616235429 11.084479449261975 199.10130189349951  -7.1404097207137731 10.515920540619252 199.10325523025273  -7.0858142097971113 10.236992373749501 199.10521632343125  -7.0031572482896651 9.9611642561809912 199.10816763566612  -6.8916411822087369 9.690238849176632 199.11209733005774  -6.7500355459816008 9.4265602155110884 199.11698258138483  -6.5768334735410594 9.1733348621275592 199.1227733412637  -6.1964491066489753 8.7341582514276705 199.13494247114633  -5.9974902555115239 8.5423256881883258 199.14112989526956  -5.773263789444135 8.3640503574419842 199.1478563514124  -5.5241362614677971 8.2039442395660593 199.15499715342088  -5.2511705518344316 8.0667625153918117 199.16238853751346  -4.9562179834762139 7.9574476760880701 199.16984107885952  -4.3588136551510752 7.8124807197182955 199.1837644543661  -4.062522939809698 7.7712835688211248 199.19019963978147  -3.7596762444993113 7.7615214199566305 199.19623943743227  -3.4574312355416206 7.7845188817643756 199.20169865102585  -3.1629841440148616 7.8390777905654909 199.20647673907072  -2.8829449267135501 7.9215118026837201 199.21056022999136  -2.3709044988065218 8.1265156888169212 199.21730154862263  -2.1286240402650933 8.2513363309476038 199.22011976558468  -1.8986864154896204 8.3990371103675976 199.22245474621175  -1.6836646294740869 8.5681278868808395 199.22434532192764  -1.485903216338063 8.7567686507145961 199.22584681863256  -1.3074661699158143 8.9628065016880125 199.22702196413073  -0.96937094292141202 9.4375588490829951 199.22897367752483  -0.82167675922674277 9.7036431973245261 199.22963500485244  -0.70541667429972832 9.9781154246837183 199.23004955696484  -0.6192200898639264 10.258165174766621 199.23030609287292  -0.5620799393510415 10.541699597113222 199.23045919883285  -0.53347767028248416 10.827006330080895 199.23053575729247  -0.53347767028248416 11.112499999999999 199.23053575729247 
 0 8 0.12185338872543762 6 0.22426624422996783 6 0.30929499624058571 6 0.41650076811662246 6 0.53144105913128004 6 0.64337948790273924 6 0.73778481375867366 6 0.82293141558685912 6 0.90535947341319556 6 1 8
7 0 0  7 62 11  -127.00274377696401 11.112499999999999 153.50372650097236  -127.00274377696401 11.418604834451402 153.50372650097236  -127.02807815164066 11.724447064384144 153.48276586612027  -127.0786717320433 12.028113027271988 153.44090680973724  -127.15504113022318 12.327508830125828 153.37767746228093  -127.258175311472 12.619985736944603 153.29217173209514  -127.38938619928308 12.901882484148146 153.18315516021855  -127.68516088150298 13.39143766166875 152.93665872271998  -127.8422538622726 13.60573466400327 152.80550303001664  -128.02184769257303 13.805543601375849 152.65522017380664  -128.22374351480343 13.98532113641596 152.48579806806475  -128.4470702975263 14.139213873282694 152.29774911406668  -128.69016705566077 14.260972590805336 152.09223640267217  -129.16635899686204 14.412519280236811 151.68791310511983  -129.39196612537847 14.453716431262887 151.49573864429937  -129.62220770001042 14.463478579985781 151.29891024873032  -129.85161382845826 14.440481118199232 151.10204817389882  -130.07474209149547 14.385922209545212 150.90986155092924  -130.28664590215539 14.30348819724548 150.72673478239943  -130.73118297556618 14.067990507441651 150.34146599560972  -130.95565948552402 13.901661726106273 150.14608401820684  -131.15581435445466 13.70822074207581 149.97122588312573  -131.33172957389374 13.494020388863083 149.81708082708639  -131.48398405239243 13.264306626532498 149.68334800874348  -131.61342558042077 13.0234397051135 149.56944127041453  -131.83644163582662 12.508636247410502 149.37291350238192  -131.92727605109278 12.232363999304658 149.29268311183813  -131.99474452979857 11.949589637595425 149.232999809874  -132.0397593052796 11.662777632235171 149.19314475552957  -132.06288898793062 11.37384226551983 149.17266246579729  -132.06429929830682 11.084479452287811 149.1714201317379  -132.02363929847871 10.515920540618792 149.20740719095684  -131.98272757637869 10.236992373750809 149.24361142680672  -131.92077642568523 9.9611642561788774 149.29841050031621  -131.83716238935008 9.6902388491789626 149.37230209942913  -131.73092081801917 9.4265602155093564 149.46605043495373  -131.60085633266712 9.1733348621281987 149.58057432087799  -131.3148617336883 8.7341582514279796 149.83166682107091  -131.16516030737316 8.5423256881879261 149.96286282566982  -130.99629012497613 8.364050357441986 150.11053006914076  -130.80845500758841 8.203944239566292 150.27433936351903  -130.60237163940792 8.0667625153916891 150.45348890037044  -130.37934922272137 7.9574476760880613 150.64665608083564  -129.9268898557537 7.8124807197180575 151.0369973586061  -129.70218771641933 7.7712835688215431 151.23022920946465  -129.4721719232671 7.7615214199563596 151.42732140849043  -129.24225184059736 7.7845188817641864 151.62358297894903  -129.01792040135277 7.8390777905660203 151.81436380922409  -128.80427315076193 7.9215118026833995 151.99545353957595  -128.41316698314844 8.1265156877586744 152.32600884226571  -128.22787249490477 8.2513363342348729 152.4821296911567  -128.0518019139989 8.3990371076993871 152.63003476311698  -127.88696673032072 8.568127885001072 152.76811917428543  -127.73521250926173 8.7567686549612311 152.8949359337503  -127.59817290872839 8.9628064995656338 153.00922200585319  -127.33834118769251 9.4375588490827429 153.22555431843512  -127.22471426009024 9.7036431973251158 153.31990966049304  -127.135203450313 9.978115424683347 153.3941012646921  -127.06880680120001 10.258165174766276 153.44906854555646  -127.02478135575937 10.541699597113848 153.48549354241115  -127.00274377696402 10.827006330080605 153.50372650097236  -127.00274377696402 11.112499999999999 153.50372650097236 
 0 8 0.12185338201150439 6 0.224266235340358 6 0.30929498922818566 6 0.41650076436674888 6 0.5314410576348001 6 0.64337948742508577 6 0.73778481413987229 6 0.82293141674299586 6 0.90535947445426568 6 1 8
7 0 0  7 62 11  -188.97795132236098 11.112499999999999 63.090608576600829  -188.97795132236098 11.418604826764419 63.090608576600829  -188.98836384341871 11.724447082798926 63.059419507355607  -189.00915800655892 12.028113014506523 62.997133914289954  -189.04052261663068 12.327508822662717 62.903078123404761  -189.08281769412076 12.619985752258259 62.775959975053588  -189.13650358267051 12.901882477355283 62.614037991447162  -189.25712416275141 13.391437656288483 62.248396318687846  -189.32106402871355 13.605734674490108 62.053995390036057  -189.39398158192299 13.80554359708529 61.831460224540614  -189.4757016909754 13.985321129699896 61.580885687956858  -189.56575619816255 14.13921388083493 61.303167375256159  -189.6633507247835 14.26097258874881 61.000171004954971  -189.85359717418797 14.412519279660447 60.405156391755817  -189.94340464468345 14.453716431547761 60.122730785940156  -190.03468335684099 14.463478580742983 59.833904209463284  -190.12523525894895 14.44048111788932 59.545490962177944  -190.212932618416 14.385922208533739 59.264366259945177  -190.29589671159277 14.303488198115655 58.996867487429753  -190.46935851296689 14.067990507453688 58.434767626464634  -190.55650983213502 13.901661726115277 58.150218038166031  -190.63387703482874 13.70822074206415 57.895951141145403  -190.70162980182803 13.494020388839839 57.672084159896038  -190.7601002876028 13.264306626530383 57.478055566105894  -190.80969791052109 13.023439705141413 57.31291947067956  -190.89500374176865 12.508636247410225 57.028170037420196  -190.92965112378471 12.232363999305083 56.912034920065885  -190.95533773998184 11.949589637595263 56.825696690407185  -190.97245751344911 11.662777632234954 56.768062770491532  -190.98125205959022 11.373842265520187 56.738445843399596  -190.98179176551361 11.08447945228758 56.736645541539069  -190.96632163015286 10.515920546608815 56.788693393243484  -190.95075274970128 10.236992359421894 56.841058703562304  -190.92716481581843 9.9611642662487085 56.920333502709759  -190.89529200052979 9.6902388545926712 57.027269910148675  -190.85471987856172 9.4265602039937217 57.163026794029363  -190.80492003800032 9.1733348672614792 57.32901613449436  -190.69503042351977 8.7341582529613753 57.693384943947123  -190.63738469409051 8.5423256851466682 57.883910219714316  -190.57218415091054 8.3640503587147332 58.098553270300222  -190.49942763171506 8.2039442415247255 58.336926938277792  -190.41929922151925 8.0667625131812137 58.597971672364622  -190.33221037071425 7.9574476766853897 58.879872515806582  -190.1547085067082 7.8124807202941131 59.450467714057872  -190.06622837042818 7.7712835685372541 59.733311964199359  -189.97528080873508 7.7615214191987336 60.02224298645136  -189.883975097639 7.7845188820738747 60.310418480699219  -189.79451305710694 7.8390777915783172 60.590986597894705  -189.70899188566631 7.9215118018126427 60.857678860788091  -189.55193262208883 8.1265156888327077 61.345083451637905  -189.47726530306701 8.2513363309383472 61.57558845021169  -189.40607997193419 8.3990371103394033 61.794242085133313  -189.33923475495857 8.5681278868933539 61.998618355104945  -189.27753048001335 8.756768650756257 62.186513042275841  -189.22168543862486 8.962806501652997 62.355990155299835  -189.11561201275543 9.4375588490829738 62.677020714659456  -189.06909343190839 9.703643197324352 62.81719928251858  -189.03237503280116 9.9781154246839829 62.927509474104504  -189.00510342367465 10.258165174766686 63.009278516625031  -188.98700887037282 10.541699597112812 63.063478215728097  -188.97795132236095 10.827006330081161 63.090608576600843  -188.97795132236095 11.112499999999999 63.090608576600843 
 0 8 0.12185339402519342 6 0.2242662523709838 6 0.30929500759940426 6 0.41650078352280906 6 0.53144107761953197 6 0.64337950582666736 6 0.73778482845175841 6 0.82293142598550018 6 0.90535947897809899 6 1 8
7 0 0  7 62 11  -193.74782093321875 11.112499999999999 -46.420608141125328  -193.74782093321875 11.418604834451655 -46.420608141125328  -193.74015963715343 11.724447064383412 -46.45258443384774  -193.72485979602595 12.028113027272942 -46.516442133780124  -193.7017252792198 12.327508830124927 -46.612852867053519  -193.67037813396979 12.619985736945377 -46.743103570396002  -193.63028782873985 12.901882484147812 -46.908915745613278  -193.53924136513078 13.391437654100702 -47.283019599139109  -193.49067292442879 13.605734678754461 -47.481818837088262  -193.43484141741419 13.805543595340456 -47.709242907220748  -193.37164839321778 13.985321126968833 -47.965118691490325  -193.30117028826652 14.139213883906061 -48.248438507405339  -193.22371985810051 14.260972587912507 -48.557198796745197  -193.07043148636967 14.412519279705341 -49.162788411139168  -192.99725375789873 14.4537164314638 -49.449972366841259  -192.92193872124395 14.46347858080053 -49.743366708727685  -192.84622551593043 14.440481117925662 -50.036025825966057  -192.77194517983784 14.385922208423086 -50.320989607440914  -192.70085557876791 14.303488198186477 -50.591886086698196  -192.55073364767051 14.067990507461387 -51.160664300259569  -192.47417828215328 13.901661726121873 -51.448245761161665  -192.40533806541274 13.708220742055389 -51.704952526832628  -192.3444190035942 13.494020388826225 -51.930774869914018  -192.29140595090013 13.264306626527466 -52.12636502598874  -192.24614601892506 13.023439705160389 -52.292742286354432  -192.16791877760366 12.508636244527157 -52.579517153275852  -192.13589105102974 12.232364006191276 -52.696401841288456  -192.11202023256939 11.949589633368657 -52.783259636950334  -192.09606269311845 11.662777628105102 -52.841226114117923  -192.08785991459257 11.373842272520006 -52.871012364094767  -192.08736564207362 11.084479449261613 -52.872825666503999  -192.10176832080251 10.515920546609125 -52.820472378458533  -192.11625512359862 10.236992359421308 -52.767797447912145  -192.13817069179507 9.9611642662497815 -52.688044126506192  -192.16768727435482 9.6902388545910902 -52.580433518550265  -192.20506616842826 9.4265602039950878 -52.443762940592535  -192.25060582357725 9.1733348672609907 -52.276554612219421  -192.35008577779257 8.7341582529989488 -51.909207235262798  -192.4019456338971 8.5423256851418863 -51.717026418941437  -192.46015151950365 8.3640503586851658 -51.50038195237223  -192.52449765665489 8.2039442415112251 -51.259601780210168  -192.59457980582852 8.0667625131945204 -50.995682459851572  -192.66978709927665 7.9574476766968809 -50.71038188772485  -192.82097416064465 7.8124807202948583 -50.132257104896027  -192.89549977234418 7.7712835685358437 -49.845419977664179  -192.97115108618522 7.7615214191997159 -49.552112164417686  -193.04609881250357 7.7845188820744697 -49.25925607914634  -193.118587147623 7.8390777915764245 -48.973831191734881  -193.18708008290545 7.9215118018138782 -48.70226655546621  -193.31161098905642 8.126515688832713 -48.205554464947923  -193.37017330697475 8.2513363309383774 -47.970441262814646  -193.4254216763556 8.3990371103393464 -47.747227506263364  -193.47680107951274 8.5681278868933042 -47.538425926548875  -193.52382518776776 8.7567686507563014 -47.346330730730905  -193.56607950999179 8.9628065016530023 -47.172964838064388  -193.64587376448532 9.4375588451722194 -46.844414892416907  -193.68054512797244 9.703643206804859 -46.700846414141544  -193.70773413032288 9.978115418751301 -46.587809534800122  -193.72784292385427 10.258165169096571 -46.50399096257545  -193.74115664908047 10.541699606906272 -46.448423296322666  -193.74782093321872 10.827006325796443 -46.420608141125335  -193.74782093321872 11.112499999999999 -46.420608141125335 
 0 8 0.1218533921217913 6 0.2242662504808634 6 0.30929500491702133 6 0.41650077976235622 6 0.53144107393854623 6 0.64337950339890049 6 0.73778482706344639 6 0.82293142552094989 6 0.90535947940880035 6 1 8
7 0 0  7 62 11  196.01128907570143 -11.112500000000001 35.674438067673933  196.01128907570143 -10.806395165548619 35.674438067673933  196.0054013359991 -10.500552935615779 35.706787925090381  195.99364334477212 -10.196886972728123 35.771391644963984  195.97585627646211 -9.8974911698741117 35.868930640032971  195.95173366365123 -9.605014263055164 36.000710717388024  195.9208406368079 -9.3231175158520241 36.168479996209406  195.85054588825193 -8.8335623383312676 36.547032244475524  195.81300522199697 -8.6192653359966247 36.748205599353106  195.76978976188647 -8.4194563986241899 36.978360557501055  195.72079168592452 -8.2396788635841087 37.237329593295108  195.66603178878398 -8.0857861267172435 37.524102351147441  195.60571193420387 -7.964027409194645 37.836661183215419  195.48602487505738 -7.8124807203395799 38.449777076593627  195.42878236597031 -7.7712835684521986 38.740556889735295  195.36974799263501 -7.7615214192570239 39.037655421097092  195.31027554416966 -7.7845188821107154 39.3340417839051  195.25180976938321 -7.8390777914662522 39.62266554980399  195.19575476344207 -7.9215118018843276 39.897067573052276  195.07720099682967 -8.1570094925582382 40.473253528009586  195.01660788491057 -8.3233382738938317 40.764616352345811  194.9620169824268 -8.5167792579247426 41.024726275890131  194.91363344656415 -8.7309796111360551 41.253562235016439  194.87147809320069 -8.9606933734678265 41.45177630895563  194.83545442991229 -9.2015602948866437 41.620394664713253  194.7731475385244 -9.7163637525895901 41.911044240426413  194.74760890015423 -9.9926360006954926 42.029516112673512  194.72856027543634 -10.275410362404472 42.117557251061143  194.71582097464031 -10.562222367764647 42.176314936376571  194.70927190162038 -10.851157734480193 42.206507916600209  194.7088782943936 -11.140520547712308 42.208345698585035  194.72037438795701 -11.709079459380876 42.155278346568672  194.73193675473169 -11.988007626250505 42.101885206810188  194.74942456086245 -12.263835743819067 42.021045487820842  194.77296688155545 -12.534761150822497 41.911971959279406  194.80275833501253 -12.798439784490185 41.773449429728785  194.83901550737096 -13.05166513787186 41.603985839982229  194.91810321866186 -13.490841743952398 41.231715125079972  194.95929498671026 -13.68267432088523 41.036968742898708  195.00547517302951 -13.860949638801383 40.817446229543144  195.05645639070949 -14.021055754612263 40.573486329246641  195.11188992483045 -14.158237491181483 40.306106362264643  195.17126268831041 -14.26755232211643 40.017095256066305  195.29036496565891 -14.412519280281984 39.431518234433547  195.34897241912444 -14.453716431178387 39.141010461722125  195.40834732831308 -14.463478580043674 38.843979789610366  195.46704460771883 -14.440481118235837 38.547438936026445  195.52369569493936 -14.3859222094339 38.258453513988101  195.57712116539088 -14.303488197316666 37.983527419863137  195.67409368110526 -14.098484311167365 37.480708191486478  195.71961212024112 -13.973663669061578 37.242725346314515  195.76247731362076 -13.825962889660559 37.016806470101308  195.80227354008758 -13.656872113106719 36.805491058644897  195.8386416222956 -13.468231349243805 36.611096630715274  195.8712791631537 -13.262193498346923 36.435665871116434  195.93284885030548 -12.787441150917232 36.103218333387076  195.95955681065212 -12.521356802674957 35.957957553734353  195.98047609300201 -12.2468845753165 35.843594260556038  195.99593587245292 -11.966834825233684 35.758795014106667  196.00616755115166 -11.683300402886379 35.702578175053723  196.0112890757014 -11.397993669919259 35.674438067673925  196.0112890757014 -11.112499999999999 35.674438067673925 
 0 8 0.12185338492035371 6 0.22426624069389844 6 0.30929499589852466 6 0.41650077180163403 6 0.53144106588948803 6 0.64337949647807846 6 0.73778482169565585 6 0.82293142094268568 6 0.90535947628280922 6 1 8
7 0 0  7 62 11  147.47366816119234 -11.112500000000001 133.95748644866774  147.47366816119234 -10.80639517323527 133.95748644866774  147.45155971141017 -10.500552917201475 133.98182561634809  147.40740842144427 -10.196886985493865 134.03043174681207  147.34071909459331 -9.8974911773363328 134.10379907092872  147.25054086658264 -9.6050142477421652 134.20287371154382  147.13558006826165 -9.3231175226447327 134.32890909647136  146.87568496988004 -8.8335623458995229 134.61298249140552  146.73741316362637 -8.6192653212452193 134.76384977757786  146.57899534034797 -8.4194564046596021 134.93631037632005  146.40042854620978 -8.2396788730313357 135.13016515524978  146.2022648737304 -8.0857861160937556 135.34456767453904  145.98574296176182 -7.9640274120875549 135.57791237030716  145.55985602403385 -7.8124807202934727 136.03492049085736  145.35746593791191 -7.7712835685383652 136.25141034602507  145.15021283178896 -7.7615214191980231 136.47231472488755  144.94296466516207 -7.7845188820733791 136.69238300019285  144.7406769270622 -7.8390777915797205 136.90639607478661  144.54795783965554 -7.9215118018118078 137.10961513688142  144.14256721011532 -8.1570094925582399 137.53588229250354  143.93702525901307 -8.323338273893679 137.75109457596798  143.75310865468848 -8.5167792579253234 137.94295916784171  143.59100264472411 -8.7309796111354157 138.11156671294026  143.45037996923591 -8.9606933734681711 138.25748160616203  143.33061593695311 -9.2015602948865833 138.38152365865369  143.1239968749743 -9.7163637554726421 138.59522412377569  143.03965650192399 -9.9926359938091132 138.6822557676478  142.976920548614 -10.275410366631053 138.74689548302044  142.935028811161 -10.56222237189481 138.79002132067853  142.91350003052489 -10.851157727480631 138.81218024365691  142.9121938802721 -11.140520550737898 138.81353166604362  142.95002060389086 -11.709079459380904 138.77457729573507  142.98807589952833 -11.988007626249527 138.7353815029426  143.0456779916544 -12.263835743820506 138.67602762764886  143.12335283433291 -12.534761150821973 138.59591586629818  143.22190837960324 -12.798439784490169 138.49411789780771  143.34231767501694 -13.051665137871792 138.3694820587599  143.60635219174219 -13.490841748601747 138.0953905990325  143.74432283627726 -13.682674311807284 137.9519088583757  143.89963253921144 -13.860949642535475 137.79003962269988  144.07194304951221 -14.021055760423977 137.60997129042829  144.26042031108818 -14.158237484617958 137.41238274551583  144.46368266499601 -14.267552323920929 137.19852070246674  144.87450629846882 -14.412519280282311 136.76457400755368  145.07791083964514 -14.453716431177744 136.54903702178387  145.28541704498107 -14.463478580044137 136.32837036194726  145.49208908745283 -14.44048111823612 136.10776094393472  145.69302810152399 -14.385922209433035 135.89248105063692  145.88379285941153 -14.303488197317222 135.68742631338304  146.23206044101298 -14.098484312241215 135.31200583699837  146.39657336086424 -13.973663665765185 135.13412029505128  146.55245322288195 -13.825962892300675 134.96506933116913  146.69800394596069 -13.656872114998936 134.80678815920845  146.83169483742947 -13.468231345038758 134.66105353865237  146.95218875148106 -13.262193500434311 134.52943904451271  147.18029172268101 -12.787441154827816 134.27987697734301  147.27979475908518 -12.521356793195119 134.1707295671734  147.35804165332448 -12.246884581248787 134.08474118724945  147.41601710823812 -11.966834830903364 134.02095432924074  147.4544367546408 -11.683300393093504 133.97865832963697  147.47366816119234 -11.397993674203766 133.95748644866774  147.47366816119234 -11.112499999999999 133.95748644866774 
 0 8 0.12185339195828103 6 0.2242662475645914 6 0.30929499971665481 6 0.41650077169640154 6 0.53144106282190251 6 0.64337949170132458 6 0.73778481766187598 6 0.8229314195952403 6 0.90535947665769811 6 1 8
7 0 0  7 62 11  54.29443183824668 -11.112500000000001 191.69039007713576  54.29443183824668 -10.806395165548478 191.69039007713576  54.262795104359462 -10.500552935616088 191.69935087077306  54.199615522864107 -10.196886972727558 191.71724588296408  54.104211373187134 -9.8974911698749484 191.7442326127109  53.975275330709692 -9.6050142630544944 191.78061098797679  53.811046413839655 -9.3231175158522923 191.82676045045764  53.440223565765528 -8.8335623383312747 191.93036340257891  53.243076776339841 -8.6192653359965785 191.98525569488635  53.017411061070831 -8.4194563986242787 192.04781659085646  52.76332934026464 -8.2396788635841087 192.11787550963473  52.481747871652793 -8.0857861267170836 192.19500616187989  52.174567004996035 -7.9640274091947418 192.27850121274969  51.571400036950578 -7.8124807202942934 192.44106104706503  51.28512768636174 -7.7712835685368882 192.51772750415921  50.992393240316837 -7.7615214191989974 192.59556797368737  50.700105253220762 -7.7845188820740319 192.67270150052437  50.415229882790399 -7.8390777915778225 192.74732018722329  50.144184527559062 -7.9215118018129704 192.81784003733861  49.574672451379037 -8.1570094925582168 192.96515346362023  49.286401071824024 -8.3233382738939099 193.03906849826595  49.028831988006225 -8.5167792579243748 193.10460860828684  48.802074461771738 -8.7309796111367799 193.16194870793683  48.605552222020769 -8.9606933734671088 193.21139466032761  48.438301478331539 -9.2015602948869102 193.25331175649021  48.149915709678034 -9.7163637525895741 193.32537404215125  48.032304192083629 -9.9926360006951889 193.35462019561893  47.944871654814776 -10.275410362404562 193.37629145721033  47.886508490844868 -10.562222367764999 193.39073086370198  47.856516956689411 -10.851157734480241 193.39814802563981  47.854693647450752 -11.140520547712034 193.39860400008283  47.907400508976011 -11.709079453391107 193.38555445207211  47.960429051295762 -11.98800764057799 193.37242092768832  48.040708759403202 -12.26383573375151 193.35251985055788  48.149003228533431 -12.534761145407357 193.32562041662081  48.286489232147687 -12.798439796006264 193.29136217072084  48.454601650561727 -13.051665132738451 193.24928248390003  48.82365733199638 -13.490841743919008 193.15634025121838  49.016641908065502 -13.682674320890076 193.10755635494243  49.234067447925419 -13.860949638827153 193.05233970789848  49.475547301236183 -14.021055754623703 192.99067125603096  49.740014541852752 -14.158237491170187 192.92268594828752  50.02563710356155 -14.267552322106253 192.84871097434208  50.60382206363834 -14.412519279660454 192.69775419356321  50.890451303253791 -14.453716431547772 192.6224329908741  51.183274787769243 -14.463478580742981 192.54492814271083  51.475360093243282 -14.440481117889309 192.46703062984153  51.759760982752532 -14.385922208533733 192.39062343705683  52.03011880059357 -14.303488198115659 192.31751198524438  52.524257698331553 -14.098484312265498 192.18313343708184  52.757965546282321 -13.973663665690884 192.11919277140865  52.979673831804938 -13.825962892360135 192.05818297039011  53.186919529138557 -13.656872115041498 192.0008491817982  53.377463784550834 -13.468231344943932 191.94788956615525  53.549339473337305 -13.262193500481512 191.89993223149261  53.874926895626992 -12.787441150916806 191.80880033151689  54.017104529178418 -12.52135680267574 191.76880620984002  54.128992997739282 -12.246884575316333 191.73722219800143  54.211934435015507 -11.966834825233168 191.71375658567942  54.266912068378147 -11.683300402886715 191.69818481404278  54.29443183824668 -11.397993669919236 191.69039007713579  54.29443183824668 -11.112499999999999 191.69039007713579 
 0 8 0.12185338788357458 6 0.22426624614749271 6 0.30929500347568029 6 0.41650078198276724 6 0.53144107886259162 6 0.64337950977996194 6 0.73778483322501764 6 0.82293143009218506 6 0.90535948159853097 6 1 8
7 0 0  7 62 11  -79.874493391060568 -11.112500000000001 182.5189203400127  -79.874493391060568 -10.806395173235254 182.5189203400127  -79.904616455129329 -10.500552917201482 182.50573778918744  -79.96477321264291 -10.196886985493734 182.47941181627601  -80.055590109697022 -9.8974911773368248 182.43963089404687  -80.178267296523487 -9.6050142477416216 182.38579591422376  -80.334405577858973 -9.3231175226449672 182.31708099222075  -80.686578343924012 -8.8335623383314417 182.16146125279855  -80.873690490027698 -8.6192653359963884 182.07858142946228  -81.087697123653697 -8.4194563986242628 181.9835022965444  -81.32841038452149 -8.239678863584242 181.87615752959923  -81.594851889125565 -8.0857861267170801 181.75680014354472  -81.885104777603274 -7.9640274091947187 181.62609142505133  -82.454151146602129 -7.8124807202941451 181.3683661430093  -82.723919927811622 -7.7712835685371671 181.24566973295987  -82.999424603702863 -7.7615214191988295 181.11977387059795  -83.274135340604772 -7.7845188820738853 180.99361579755353  -83.541524245216564 -7.839077791578136 180.87022577051351  -83.795629433860015 -7.9215118018128177 180.75245825819852  -84.329000476773601 -8.1570094925991725 180.50434420946328  -84.598564626804531 -8.3233382739257813 180.37825301397942  -84.839099529968308 -8.5167792578840427 180.26520302823801  -85.050631956328104 -8.7309796110578244 180.16539874306937  -85.233801238351361 -8.9606933734571683 180.07871017934843  -85.389583705205538 -9.2015602949849189 180.00480701805878  -85.658058950656354 -9.7163637525895492 179.87721247615733  -85.767459685941958 -9.9926360006951231 179.82506570557194  -85.84874360998559 -10.275410362404768 179.78624540361142  -85.902985509026692 -10.562222367764978 179.76031141516336  -85.930857355893735 -10.851157734479889 179.74698225298312  -85.932555012230026 -11.140520547712283 179.74617582119035  -85.883563934890773 -11.709079459380922 179.7695890302482  -85.834271103260775 -11.988007626249402 179.79314178907981  -85.759635259292494 -12.263835743821009 179.82878409995922  -85.658920089280713 -12.534761150821467 179.876822938635  -85.530987932315583 -12.79843978449021 179.93772766018117  -85.374436769480241 -13.051665137871904 180.01205278522045  -85.030402393099862 -13.49084174859623 180.17478170761186  -84.850385523854357 -13.682674311808345 180.25973366723585  -84.647408330147215 -13.860949642539538 180.355248127507  -84.421757326989436 -14.021055760425622 180.46106467168281  -84.174342120278652 -14.158237484616288 180.5766095837171  -83.906785239780774 -14.267552323919318 180.70097144952811  -83.364402156255409 -14.412519279704696 180.95178289207738  -83.095212564010126 -14.453716431465031 181.0757448531252  -82.819852387312451 -14.46347858079967 181.20195645198237  -82.54481272207731 -14.44048111792514 181.32739580348857  -82.276653789928659 -14.385922208424731 181.44910328966299  -82.021432807149239 -14.303488198185386 181.56443274733326  -81.554482552147164 -14.098484311183103 181.77464289638644  -81.333389213476465 -13.973663669052383 181.87376654913109  -81.123424001210864 -13.825962889632326 181.96752887130859  -80.92696231263983 -13.656872113119162 182.05494024163087  -80.746176567102097 -13.468231349285491 182.13511720358579  -80.582984825625971 -13.262193498311925 182.20729487337942  -80.273666241639518 -12.7874411509172 182.34380203547013  -80.138466692799824 -12.521356802675299 182.40325866878132  -80.031999734386361 -12.246884575316228 182.44996376450794  -79.953043639457903 -11.966834825233425 182.48454485837013  -79.900696490883078 -11.683300402886719 182.50745329083892  -79.874493391060568 -11.397993669919142 182.51892034001273  -79.874493391060568 -11.112499999999999 182.51892034001273 
 0 8 0.12185338628382367 6 0.22426624058784184 6 0.30929499462850585 6 0.4165007690238976 6 0.53144106154071036 6 0.64337949059929911 6 0.7377848167084009 6 0.82293141805852232 6 0.90535947473427991 6 1 8
7 0 0  7 62 11  -164.33071195630089 -11.112500000000001 112.64327802624432  -164.33071195630089 -10.806395165548688 112.64327802624432  -164.34930268987932 -10.500552935615517 112.61615675454333  -164.38642900290168 -10.196886972728509 112.5619947026936  -164.44245776603938 -9.8974911698738453 112.48019608987272  -164.51809052609195 -9.6050142630553061 112.3696177247045  -164.61424899516339 -9.3231175158519903 112.22871187369148  -164.83080187612495 -8.8335623383308981 111.91035985769453  -164.94575346885517 -8.6192653359970137 111.74104904391102  -165.07707597461123 -8.4194563986242734 111.54715917766022  -165.22457488349912 -8.2396788635838885 111.32873334396564  -165.38755373008181 -8.0857861267172684 111.08650379055084  -165.56473557548446 -7.9640274091946921 110.82204566150234  -165.91132730275277 -7.8124807197632 110.30232432424758  -166.07536360630792 -7.7712835687371271 110.05550112650242  -166.24257527112465 -7.7615214200142004 109.80292864355862  -166.40897445874256 -7.7845188818007545 109.55055360787466  -166.57062419302639 -7.839077790454807 109.30440064075765  -166.72397486822371 -7.9215118027545168 109.07004576297429  -167.04537486687155 -8.1570094925582239 108.57735185335103  -167.20744180266456 -8.3233382738940342 108.32775592201412  -167.35177150482519 -8.5167792579239165 108.10458272462186  -167.47849485949183 -8.7309796111372737 107.90799164111547  -167.5880856792603 -8.9606933734668761 107.73753418264903  -167.6811977952851 -9.2015602948869262 107.59241358430154  -167.84154542478979 -9.7163637554727043 107.34211783268259  -167.9068041975568 -9.9926359938091434 107.23999487670162  -167.95525096588082 -10.275410366630823 107.16405408871432  -167.98756501249187 -10.562222371894725 107.11335341877636  -168.00416770663267 -10.851157727480855 107.08729853803382  -168.00518184340791 -11.140520550737818 107.08571616716983  -167.97599048710498 -11.709079459381188 107.13150010215874  -167.94661686477147 -11.988007626249592 107.17756208224726  -167.90213092422857 -12.263835743819609 107.2472892980504  -167.84207017471226 -12.53476115082319 107.34133174516663  -167.76571741647408 -12.79843978448911 107.46068951911272  -167.6721761528834 -13.051665137872314 107.60657482612963  -167.46629036455809 -13.490841748600142 107.92665512305851  -167.35845622788298 -13.682674311807554 108.09397131361803  -167.23672407801135 -13.860949642536639 108.28239646313898  -167.10119931402872 -14.021055760424499 108.49155801456469  -166.95235039483518 -14.158237484617517 108.72048793935812  -166.79107216949484 -14.267552323920402 108.96755451338832  -166.46345095986473 -14.412519280236765 109.46730458554892  -166.30057561085428 -14.45371643126292 109.71489541840448  -166.13365358723647 -14.463478579985773 109.96765941509402  -165.96659507967436 -14.44048111819923 110.2195985016355  -165.80340186473998 -14.385922209545253 110.464730903439  -165.6478146374364 -14.303488197245432 110.6976069499196  -165.36273261450478 -14.098484311183226 111.12299980976532  -165.22753540617302 -13.973663669052241 111.32407063757856  -165.09894609142023 -13.825962889632347 111.5147052397713  -164.97845706827613 -13.656872113119237 111.6928072836662  -164.86744463559094 -13.468231349285414 111.85647790047732  -164.76713195265702 -13.262193498311982 112.00405339351528  -164.57683724782279 -12.787441150917322 112.28351737511842  -164.49355106664709 -12.521356802674619 112.4054904101566  -164.42790358853395 -12.246884575316807 112.5014434602278  -164.37918994303939 -11.966834825233917 112.57255532788483  -164.34688346426279 -11.683300402885939 112.61968612112211  -164.33071195630086 -11.397993669919412 112.6432780262443  -164.33071195630086 -11.112499999999999 112.6432780262443 
 0 8 0.12185338030141528 6 0.22426623219312197 6 0.30929498488771701 6 0.41650075852172563 6 0.53144105142102238 6 0.64337948202799566 6 0.73778480944497116 6 0.82293141263491654 6 0.90535947183548848 6 1 8
7 0 0  8 65 10  -199.04253523783973 -11.112499999999999 8.6694949481405228  -199.04253523783973 -10.825697875539607 8.6694949481405228  -199.04376567974532 -10.539102152054424 8.6412452147666166  -199.04622347711759 -10.254178496159067 8.5848171305785659  -199.04990641597865 -9.9724956738491564 8.4997435448583776  -199.0548089930289 -9.6959788580729445 8.3851263314973092  -199.06091333368741 -9.4271088326377033 8.2397241147891958  -199.06817616703191 -9.1691738505151985 8.0620700644745238  -199.08253916678578 -8.7513898803731962 7.6978545225951773  -199.08916832409463 -8.5829554653473927 7.5263486537736366  -199.09635060759734 -8.424186482895573 7.3359530602269496  -199.10401160530139 -8.2779608289906026 7.1268271656732427  -199.11205417826366 -8.1472217308906103 6.8994839248087763  -199.12036240254696 -8.0349868904742507 6.6548101505113841  -199.12880746713284 -7.9443705122362305 6.3941120556754552  -199.14488481967749 -7.8192384978400593 5.8709052342399497  -199.1524548980604 -7.7806170878248722 5.6130293537395612  -199.15979398804112 -7.7651409865748393 5.3495849433477485  -199.16674939477676 -7.773918980582593 5.0849533837604604  -199.1732049232547 -7.8067969491479197 4.823614422371973  -199.17908833456966 -7.8623719961957859 4.5699049901172231  -199.18436883870356 -7.9380054069206212 4.3277932739835414  -199.19448110951666 -8.1366030587557372 3.8365919526257639  -199.19911885362731 -8.2656330666610884 3.5918671359130676  -199.20304625794162 -8.4130866042700543 3.3672057765764483  -199.20635588270295 -8.5756488309949503 3.1628510387922302  -199.20913541599955 -8.7504306637475313 2.9787159477552621  -199.21146231237228 -8.934896677499168 2.8144872272177066  -199.21340210062669 -9.126818157016853 2.6696940962017268  -199.21671312102782 -9.5332854402978633 2.4103891206739161  -199.21805022391985 -9.7492434457009214 2.2976811624087867  -199.21908646030394 -9.9703679974817021 2.2048782347001001  -199.21987011360514 -10.195269990220169 2.1313350137563316  -199.22043561078556 -10.422828751666403 2.0765334817898777  -199.22080527850554 -10.65210404693021 2.0401118697861125  -199.22099020455491 -10.882259866772726 2.0218898286366227  -199.22099020455491 -11.380341730145169 2.0218898286366227  -199.22073993208915 -11.647986506900528 2.046549520699279  -199.22024001644971 -11.914238291189692 2.0958079237356473  -199.2194699160294 -12.177810928698651 2.1700020693538891  -199.21838881444083 -12.437187670182182 2.2698086300686739  -199.21693296390404 -12.690459923746429 2.3961787835543857  -199.21501113627772 -12.935132002277223 2.5502591507668155  -199.21038920068742 -13.363492777863785 2.8871230725091892  -199.20784629102107 -13.552160419934188 3.0625672011975058  -199.20479803953017 -13.730615251134683 3.2600658086955447  -199.20116253439889 -13.895432363415566 3.4796338423804745  -199.19684975629897 -14.043030911378775 3.720859848594976  -199.19176779495271 -14.169653557799643 3.9828633768041071  -199.18583455153419 -14.271322698229014 4.2642093594480812  -199.16809852816323 -14.459196822512826 5.0384399209300863  -199.15550360193262 -14.494087225762316 5.5315450555634511  -199.14148653661252 -14.444952292559494 6.0227458736587813  -199.12662664131352 -14.315431969225854 6.4919794599477729  -199.11180823566613 -14.115777025326215 6.9212806830362901  -199.09804558430426 -13.862554772226284 7.2960960838006468  -199.0860695555742 -13.577952050935876 7.608560287267915  -199.0679566950661 -13.048010072098387 8.0674368175513891  -199.06075530181423 -12.790912598297908 8.2434877067389376  -199.05470324232311 -12.523042387648092 8.3875984930318346  -199.04984286465199 -12.247632695626795 8.5012114988202381  -199.04619168899995 -11.967126672403181 8.5855469342854374  -199.04375509843155 -11.683422308807039 8.6414881538078347  -199.04253523783973 -11.398066261690456 8.6694949481405228  -199.04253523783973 -11.112499999999999 8.6694949481405228 
 0 9 0.12559883590150731 7 0.21639054328929991 7 0.29838290393260453 7 0.3937145512979805 7 0.49464780238870526 7 0.6120649365015961 7 0.7107492999884949 7 0.86796614058657562 7 1 9
1 196.83950422707673 -23.8125 -2.0327507566447851 0.99994668136691267 0 -0.010326394496544695 
2 7.1054273576010019e-15 -23.8125 -7.1054273576010019e-15 -0 1 0 -0.76048559225882695 0 -0.64935480591641215 -0.64935480591641215 -0 0.76048559225882695 196.84999999999999
1 -151.51249515271641 -23.8125 -129.37176967623418 0.76048559225882684 0 0.64935480591641204 
2 4.4337866711430252e-12 -23.8125 2.8705926524708048e-12 0 1 0 -0.76048559225882906 0 -0.64935480591640948 -0.64935480591640959 0 0.76048559225882917 199.13125000000525
1 -179.43072284365849 -23.8125 -86.358962629044555 -0.90106762672186513 0 -0.43367860458388491 
1 -185.24260903601453 -23.8125 -89.156189628610605 0 1 0 
1 196.83950422707673 -23.8125 -2.0327507566447616 0 1 0 
1 3.3250000000000002 -8.1439012143298988e-16 -2 0 0 1 
7 0 0  7 62 11  176.51725421178804 11.112499999999999 87.1296818858591  176.51725421178804 11.418604954009243 87.1296818858591  176.50270024647529 11.724447304336982 87.159166964599578  176.47363551955371 12.028113354002167 87.218049633118866  176.4297196455264 12.32750917964634 87.306941178756375  176.37029828734578 12.619986030960691 87.427012437006383  176.29447155939243 12.901882652025616 87.579823944958164  176.12280554419519 13.391437672765337 87.924460654681965  176.03139845607237 13.605734651731975 88.1075587569036  175.92656393969224 13.805543512880936 88.316959622908101  175.80824287358413 13.985321016314151 88.552471872620728  175.67673127411535 14.139213790016271 88.813128903650153  175.53277617185844 14.260972546951038 89.097045314562578  175.24906823352222 14.412519274434809 89.653593823276921  175.11404970117172 14.453716440130446 89.917411250109495  174.97556456252559 14.463478590998303 90.186807799227608  174.83684804802246 14.440481110376805 90.455395993478731  174.70122913278615 14.385922170856897 90.716795062818179  174.57183586382948 14.303488142950604 90.965181938805003  174.29931116878512 14.067990490154857 91.486503100477478  174.16087683605016 13.901661705418785 91.749941692877812  174.03680827086339 13.708220749933711 91.984983135895575  173.92731061232109 13.494020448062967 92.191664739025981  173.83222606819791 13.264306732044808 92.370619989592697  173.75118071050764 13.023439808736553 92.522809513226321  173.61127534613976 12.508636382895833 92.785080846046341  173.55411071334865 12.232364218621759 92.891945695355048  173.51156150081806 11.949589877340641 92.971341631756459  173.48313890001896 11.66277783562461 93.024322197407699  173.4685309509768 11.373842397441207 93.051545758855454  173.46764667534262 11.084479507364838 93.053204209385555  173.4933074928849 10.515920407440577 93.005351850767838  173.51912167245968 10.236992128979065 92.95720449600212  173.55818789916958 9.9611639447002371 92.884302050413993  173.61084652791496 9.6902385323373714 92.785923031852093  173.67761844581173 9.4265599584551794 92.660952438670932  173.75912147518417 9.17333471884597 92.508014946697898  173.93761914177767 8.7341582581827826 92.171890863542828  174.03082044728822 8.5423257239201238 91.996002975128704  174.13563401409263 8.3640504494500014 91.797667477565241  174.25178524480089 8.2039443513842052 91.577157824551563  174.37865749592507 8.0667625952471465 91.335355331995927  174.51526371983579 7.9574477161631565 91.073837870447505  174.79088534632589 7.812480725564618 90.543631482255009  174.92715629578734 7.7712835598706507 90.280458787796007  175.0659538940844 7.7615214090009266 90.011223089922069  175.20395914569471 7.7845188896227215 89.742268744321862  175.33791298113235 7.8390778291445651 89.480012507802286  175.46489349731891 7.9215118570484409 89.230383569736176  175.69641336199007 8.1265156881190386 88.773623783678474  175.80562330114662 8.2513363347155124 88.557334529676282  175.9089609932675 8.399037107577195 88.351912549502586  176.0053291187123 8.5681278844220969 88.159685463644095  176.09374590445128 8.7567686546446613 87.982783122405607  176.17335978246382 8.9628064998182815 87.823086799483718  176.32395909748172 9.437558701290536 87.520378223365029  176.38957343282806 9.7036429443493883 87.388057105497481  176.44112660703664 9.9781151288094261 87.283850879647886  176.4793025729262 10.25816490112908 87.206568481117742  176.50459421466638 10.541699397392758 87.155330020576656  176.51725421178801 10.827006230868696 87.1296818858591  176.51725421178801 11.112499999999999 87.1296818858591 
 0 8 0.12185335210145522 6 0.22426625001107159 6 0.30929498870175109 6 0.41650081467048328 6 0.53144105603071268 6 0.64337946700844351 6 0.73778483145925633 6 0.82293141608822984 6 0.90535949971411511 6 1 8
1 3.3250000000000002 -8.1439012143298988e-16 -2 0 0 1 
7 0 0  7 62 11  103.71227176668958 11.112499999999999 167.31314110072861  103.71227176668958 11.418604954008874 167.31314110072861  103.68432412182405 11.724447304338067 167.33046498369836  103.62851177506323 12.028113354000574 167.36506135564497  103.5442225119817 12.327509179647759 167.41726893179015  103.43028170485087 12.619986030959797 167.48773521688946  103.28510020489195 12.9018826520259 167.57730854832565  102.9571168680818 13.391437680330991 167.77897812416595  102.78269272766893 13.605734636985671 167.88601260428777  102.58296024677229 13.805543518914211 168.00826623605045  102.35797056792717 13.98532102575807 168.14554528226304  102.10848619327977 14.139213779396442 168.29718602562366  101.83613830605883 14.260972549842929 168.46198363217175  101.30097780921322 14.412519275011691 168.78422526126511  101.04684553940676 14.453716439844502 168.93669303973411  100.78682019126778 14.463478590241888 169.09206182053143  100.52702608367562 14.440481110687191 169.24662220109789  100.27366352180759 14.38592217186692 169.39672007122675  100.03246726890166 14.303488142081362 169.53906834155578  99.525431304784092 14.067990490175045 169.83732995741346  99.268600613582464 13.901661705434748 169.98766941507682  99.038982380710976 13.708220749912591 170.12150870661085  98.836730961266241 13.494020448025692 170.23898800532771  98.66137735480936 13.264306732039405 170.34056145128383  98.51209609448874 13.023439808784536 170.42684648137595  98.254634455009537 12.508636382896011 170.57541722954392  98.149594496998233 12.232364218621758 170.63586967764076  98.071487862073582 11.949589877340371 170.68074176010637  98.019342441256796 11.662777835624595 170.71066899955051  97.992545240200485 11.373842397441519 170.72604510076829  97.990917546272499 11.084479507364703 170.72698478903311  98.038006564761872 10.515920413430425 170.69994870096917  98.085381776030019 10.236992114650953 170.67274338788584  98.157097785075806 9.961163954768729 170.63153960694544  98.253825045491624 9.6902385377525722 170.57590512424576  98.376595454636956 9.426559946937946 170.5051691961186  98.52666074904576 9.1733347239800835 170.41849150503171  98.855938879320476 8.7341582565842817 170.22765981578755  99.028071761016335 8.542325726916058 170.12769331374017  99.221933280138501 8.3640504482752274 170.01481918926441  99.437145736569363 8.2039443494963233 169.889124266354  99.672719637209298 8.066762597382537 169.75103028797113  99.926982713267321 7.9574477155485734 169.60135418526934  100.44134682361086 7.8124807250338879 169.29719032047521  100.69620091287211 7.7712835600702377 169.14593217213658  100.95640634422791 7.7615214098165257 168.9908651763289  101.21579052172157 7.7845188893497408 168.83561783217365  101.46819343006518 7.8390778280207725 168.68391176698955  101.70799911526696 7.9215118579904651 168.53923317137568  102.14608599723739 8.1265156881426499 168.27407127480566  102.3531753276266 8.2513363346430548 168.14828629414492  102.549532826869 8.3990371076351504 168.02861758009183  102.73299603624866 8.5681278844637152 167.91646001703089  102.90160516848675 8.7567686545523582 167.81310177210398  103.05364242223962 8.9628064998640564 167.71968893227844  103.34156920215196 9.4375587012901416 167.54245799500526  103.46724536233899 9.7036429443501699 167.46487177201769  103.56611687048827 9.9781151288091507 167.4037073039581  103.6393941881046 10.258164901128595 167.35831558426062  103.68796102718305 10.541699397393259 167.32821061585852  103.71227176668958 10.827006230868504 167.31314110072864  103.71227176668958 11.112499999999999 167.31314110072864 
 0 8 0.12185334481281045 6 0.22426624006255436 6 0.30929498022811652 6 0.41650080893456898 6 0.53144105320777324 6 0.64337946463225593 6 0.73778482817648239 6 0.82293141333167519 6 0.90535949823172357 6 1 8
1 3.3250000000000002 -8.1439012143298988e-16 -2 0 0 1 
7 0 0  7 62 11  -0.48735493641464345 11.112499999999999 196.84939671019049  -0.48735493641464345 11.418604946321983 196.84939671019049  -0.52023625373441273 11.724447322752393 196.84931530107983  -0.58590132757476354 12.028113341236203 196.84915274116884  -0.6850488319665704 12.327509172183118 196.84887264168839  -0.81901820326739205 12.619986046274514 196.84840317056322  -0.98960670050162225 12.901882645232742 196.84762366667235  -1.3746238282060523 13.391437672765397 196.8452788956495  -1.5792652891436627 13.605734651731762 196.84384946867962  -1.8134348538467673 13.805543512881048 196.84194855439705  -2.07698673779361 13.985321016314256 196.83943878994245  -2.3689227578260055 14.139213790016047 196.83616024953724  -2.6872212048164252 14.260972546951113 196.83195329158676  -3.3118363432991322 14.412519274435029 196.82234258889932  -3.6081542218153024 14.453716440129995 196.81730734815301  -3.9110077377905657 14.463478590998651 196.81161681533007  -4.2132374082576476 14.440481110376984 196.80536255459609  -4.5076484869070113 14.385922170856249 196.79872324813005  -4.7876354217271748 14.303488142951071 196.79194279516716  -5.3756982782254115 14.067990490174958 196.77685837386497  -5.6731803508554695 13.901661705434798 196.76858958089579  -5.9388407320469536 13.7082207499127 196.7607123548288  -6.172622575411145 13.494020448025665 196.7534273011  -6.3751641189070112 13.26430673203931 196.74687174017217  -6.5474924919353095 13.023439808784595 196.7411330164191  -6.844574437400774 12.508636380012538 196.73102946838844  -6.9656931695867979 12.232364225508464 196.72677001169905  -7.0557136436098542 11.949589873113812 196.7235350542496  -7.1157969945760913 11.662777831494433 196.72134972092803  -7.1466716897043119 11.373842404441394 196.72022387685783  -7.1485500846739951 11.08447950433875 196.72016035069208  -7.0942871371898306 10.515920407440383 196.72212460148182  -7.0396918007582672 10.236992128979832 196.72409662530828  -6.9570351027889243 9.9611639446993507 196.72706427132712  -6.8455194030790887 9.6902385323375224 196.73101537153147  -6.7039142525586239 9.4265599584552291 196.73592653489879  -6.5307127938360683 9.1733347188460197 196.74174675348064  -6.1503296775829792 8.7341582535239386 196.75397394444008  -5.9513714107985587 8.5423257329984477 196.76018958949925  -5.727145566093065 8.3640504457241445 196.76694486488583  -5.4780186455567668 8.2039443455765539 196.7741136632205  -5.2050534610447254 8.0667626018063512 196.78153049048427  -4.9101012577925802 7.9574477143559426 196.78900406600457  -4.3126973468725041 7.8124807256102002 196.80295588161533  -4.016406748000672 7.7712835597853829 196.80939948463023  -3.7135600380300295 7.761521409059351 196.81544138312171  -3.4113148752030793 7.7845188896596564 196.82089581781261  -3.1168675279929325 7.8390778290322363 196.82566271649884  -2.8368280384850557 7.9215118571202909 196.82972999195954  -2.3247870013575933 8.1265156892324857 196.83643289125385  -2.0825061043179747 8.2513363313371677 196.83922843688779  -1.8525679839947169 8.3990371102471535 196.84153779309159  -1.6375456653549727 8.5681278863684582 196.8434008633092  -1.4397837061948373 8.756768650388663 196.84487419158918  -1.2613461250435509 8.9628065019167646 196.84602174792221  -0.92324992925664717 9.4375586973798278 196.84791785979959  -0.77555524922144026 9.7036429538297853 196.84855258433225  -0.65929471380774163 9.9781151228767406 196.84894491264316  -0.57309775441364252 10.258164895459045 196.84918435655118  -0.5159573351953155 10.54169940718622 196.84932592698891  -0.48735493641464345 10.827006226583942 196.84939671019052  -0.48735493641464345 11.112499999999999 196.84939671019052 
 0 8 0.12185335156228441 6 0.22426624640341439 6 0.30929498254683624 6 0.41650080528705791 6 0.53144104440783002 6 0.64337945438066535 6 0.73778482017287339 6 0.82293140797405295 6 0.90535949563787299 6 1 8
1 3.3250000000000002 -8.1439012143298988e-16 -2 0 0 1 
7 0 0  7 62 11  -125.45415614141967 11.112499999999999 151.69435456484706  -125.45415614141967 11.418604954009101 151.69435456484706  -125.47949485350182 11.724447304337659 151.67339895832569  -125.53009709624288 12.028113354000901 151.63154994361216  -125.60647928910117 12.327509179647778 151.56833545562276  -125.70963001392374 12.619986030959538 151.48284900737505  -125.84086049733924 12.901882652026099 151.37385538436209  -126.13667482255667 13.391437674950742 151.12740545276878  -126.29378749030262 13.60573464747225 150.99627278135631  -126.47340172761342 13.805543514623764 150.84601390855613  -126.6753176603751 13.985321019042166 150.6766154142521  -126.89866289230694 14.139213786948513 150.48858804893999  -127.14177487765222 14.260972547786407 150.28309311211393  -127.61798627104156 14.412519274966103 149.87879230322613  -127.84359890240933 14.453716439929767 149.68662421321304  -128.07384189150761 14.463478590183453 149.48979737137711  -128.30324495810791 14.440481110650264 149.29293162413902  -128.52636596643316 14.385922171979265 149.1007364785246  -128.7382592054889 14.303488142009479 148.91759741134729  -129.1827675056723 14.067990490175116 148.53229515173899  -129.40722452079007 13.901661705434528 148.336890431125  -129.60735812552926 13.708220749912776 148.1620075300757  -129.78325188841134 13.494020448025754 148.00783747308236  -129.93548590001416 13.264306732038923 147.8740807613531  -130.06490879205407 13.023439808784982 147.76015220428073  -130.28789103322518 12.508636382895645 147.56358495589711  -130.37871057044407 12.232364218622326 147.48333719630742  -130.44616748029873 11.949589877340356 147.42364033276382  -130.49117434353931 11.662777835624224 147.38377597732983  -130.51429994134111 11.373842397441637 147.36328887896494  -130.51571004372798 11.084479507364749 147.36204629584219  -130.47505712802351 10.515920407440614 147.39804165980672  -130.43415248597617 10.236992128979473 147.43425422526465  -130.37221191724595 9.9611639446991145 147.48906574401252  -130.28861176504034 9.6902385323387819 147.56297363956952  -130.18238703323783 9.4265599584538009 147.65674167534641  -130.05234173980753 9.1733347188466468 147.77128791886435  -129.76638500150406 8.7341582581707904 148.02242445559955  -129.61670194571778 8.5423257239222874 148.15364189135667  -129.44785057132782 8.3640504494588832 148.30133097944912  -129.26003370988897 8.2039443513879249 148.46516150781878  -129.05396689683886 8.0667625952434925 148.64433037251709  -128.8309581443653 7.9574477161595265 148.83751354837418  -128.3785171629456 7.8124807249887978 149.22787652845813  -128.15382046843484 7.7712835601545605 149.42111479978828  -127.92380599200393 7.7615214097587764 149.6182086362042  -127.69388275368541 7.7845188893132047 149.81446661453779  -127.46954401405382 7.8390778281318108 150.00523896125989  -127.2558862444499 7.9215118579194579 150.18631634795318  -126.86475519431986 8.1265156892325656 150.5168423713483  -126.67944596828886 8.2513363313369457 150.67294598723589  -126.50335871692994 8.3990371102473702 150.82083159239423  -126.33850564439339 8.5681278863685719 150.95889510321126  -126.18673310947487 8.7567686503883042 151.08569045340684  -126.04967556137596 8.9628065019169476 151.19995556515127  -125.7898077642903 9.4375586973795453 151.41624555771551  -125.67616355004354 9.7036429538301512 151.51058067288622  -125.58663827143528 9.9781151228766571 151.58475540245269  -125.52023047255264 10.258164895458867 151.63970972339035  -125.47619748996756 10.54169940718648 151.67612598343064  -125.45415614141965 10.827006226583796 151.69435456484709  -125.45415614141965 11.112499999999999 151.69435456484709 
 0 8 0.1218533480152735 6 0.22426624349194885 6 0.30929498167766822 6 0.41650080796182004 6 0.53144104963792393 6 0.64337946092329934 6 0.737784825638925 6 0.82293141122399882 6 0.90535949737493371 6 1 8
1 3.3250000000000002 -8.1439012143298988e-16 -2 0 0 1 
7 0 0  7 62 11  -186.70666032505744 11.112499999999999 62.374237392240815  -186.70666032505744 11.4186049540093 62.374237392240815  -186.71707918739304 11.724447304336476 62.343050294230949  -186.73788601024697 12.028113354003267 62.280768650660889  -186.76926934612996 12.327509179645508 62.186718679336686  -186.81158865332623 12.619986030960646 62.059608171886289  -186.86530331675488 12.901882652025868 61.897695279973895  -186.98598214052404 13.391437680331119 61.532072101635173  -187.04995088024086 13.6057346369854 61.337680329606052  -187.12289845295064 13.805543518914272 61.115154677061945  -187.20464811640565 13.985321025758273 60.864589546525067  -187.29472968475173 14.139213779396369 60.586879843265827  -187.39234655162724 14.260972549842895 60.283890453849274  -187.5826214002532 14.412519274966145 59.688884649969403  -187.67243690821081 14.453716439929739 59.406461547546762  -187.76371764529861 14.463478590183442 59.117635532906696  -187.85426500648131 14.44048111065028 58.829220788512124  -187.94195169844377 14.385922171979265 58.548092699544853  -188.02490031682396 14.303488142009488 58.280589074535932  -188.19831999344572 14.06799049017496 57.718476029008521  -188.28544273810149 13.901661705434977 57.433917451845858  -188.36277879477092 13.708220749912366 57.179640785270344  -188.43050012820609 13.494020448025953 56.955763936776258  -188.48894060615365 13.264306732038996 56.761725892159866  -188.53851087244021 13.023439808784843 56.596581138077504  -188.62376712425538 12.508636380012572 56.311816084865448  -188.65839269133215 12.232364225508233 56.195674101232115  -188.68406231689315 11.949589873114169 56.109330479484079  -188.70117045615999 11.662777831494523 56.051692850144569  -188.70995899143685 11.373842404440836 56.022074005267932  -188.71049838923471 11.084479504339123 56.020273601632219  -188.69503865859809 10.515920407440753 56.072324754160071  -188.67948019280843 10.236992128979301 56.124693387714238  -188.65590782386488 9.9611639446990843 56.203973145940928  -188.6240554064195 9.690238532338924 56.310916055838348  -188.58350800276676 9.4265599584537494 56.446680728109868  -188.533736271056 9.1733347188466112 56.612678905720301  -188.42390208105118 8.734158256667353 56.977065057984817  -188.36628328109444 8.542325726903913 57.167598793596092  -188.30111024994181 8.3640504482112874 57.382250447728552  -188.22838045606426 8.2039443494679372 57.620632477537619  -188.1482763233943 8.0667625974104293 57.88168484279754  -188.06120752516543 7.9574477155739913 58.163592047186434  -187.88373274511966 7.8124807255644999 58.734195933095847  -187.79526062575172 7.771283559870855 59.017042751833294  -187.70431504760512 7.7615214090008209 59.305974467154556  -187.61300475838334 7.7845188896226132 59.594148582181994  -187.52353203493345 7.8390778291447729 59.874713361475834  -187.43799540725357 7.9215118570483343 60.141400713136832  -187.28089954043961 8.1265156892166743 60.628793615562699  -187.20621059613131 8.2513363313462911 60.859291792961756  -187.13500082296446 8.3990371102756214 61.077937717914715  -187.06812936947219 8.5681278863560681 61.2823057125456  -187.0063982254496 8.7567686503466682 61.470191925581432  -186.95052686752192 8.962806501951885 61.639660738736765  -186.84440043973382 9.4375586973795453 61.960674467654549  -186.79785648939807 9.7036429538301743 62.100845014037176  -186.76111688534246 9.9781151228766873 62.21114853850473  -186.73382895870503 10.25816489545873 62.292912480447249  -186.71572338759637 10.541699407186304 62.347108751956398  -186.70666032505747 10.827006226584059 62.374237392240829  -186.70666032505747 11.112499999999999 62.374237392240829 
 0 8 0.12185334160190983 6 0.22426623415307981 6 0.30929497202175615 6 0.41650079790628541 6 0.53144104039807682 6 0.64337945365359972 6 0.73778482073717377 6 0.8229314083989977 6 0.90535949585804576 6 1 8
1 3.3250000000000002 -8.1439012143298988e-16 -2 0 0 1 
7 0 0  7 62 11  -191.44136693608232 11.112499999999999 -45.827126526155595  -191.44136693608232 11.418604946322015 -45.827126526155595  -191.4337120650801 11.724447322752813 -45.859104496792838  -191.41842505183976 12.028113341235063 -45.922965561411928  -191.39530951637224 12.327509172184278 -46.019381214202973  -191.36398696121657 12.619986046273894 -46.149638307630269  -191.32392589398759 12.901882645232925 -46.315457950337617  -191.23293863854579 13.39143768027308 -46.689576929368123  -191.18439954663177 13.605734636994566 -46.88838366281469  -191.12859854513326 13.805543518958968 -47.115815548580095  -191.0654355779121 13.985321025777335 -47.371698982376991  -190.99498499481732 14.139213779376501 -47.655025796403848  -190.91755721370197 14.260972549825961 -47.963791988642178  -190.76429760409468 14.412519274389783 -48.569389143401281  -190.69112801870671 14.453716440214649 -48.856575234244595  -190.61581499993392 14.463478590940626 -49.14997016174113  -190.54009714916484 14.440481110340317 -49.442628147084108  -190.46580596646814 14.385922170967794 -49.727589168586633  -190.39470066783423 14.303488142879727 -49.998481573278291  -190.24453601308622 14.067990490139833 -50.567248695496914  -190.16795164319458 13.901661705407365 -50.854822669828607  -190.09907982682316 13.70822074994787 -51.111521251237491  -190.03812886964684 13.494020448092403 -51.337335340967414  -189.9850853517984 13.264306732048453 -51.532917644519586  -189.93979762363003 13.023439808700516 -51.699287782431753  -189.86152004503927 12.508636380012618 -51.986049677852748  -189.82947017222654 12.232364225508089 -52.102928657615458  -189.80558208324359 11.949589873114197 -52.18978203922925  -189.78961270871378 11.662777831494664 -52.247745508950928  -189.78140381402517 11.373842404440836 -52.277530209253776  -189.78090922629843 11.08447950433904 -52.279343434616571  -189.79532248103635 10.515920407440095 -52.2269928487679  -189.80981988005306 10.236992128980269 -52.174320606934351  -189.83175128053065 9.9611639446990381 -52.094571310290128  -189.86128861317997 9.6902385323378244 -51.986965973738116  -189.89869260410433 9.4265599584551669 -51.850301861248596  -189.94426078821633 9.1733347188459451 -51.683100901787611  -190.04379695151061 8.7341582582082378 -51.315768125634989  -190.09568413750654 8.5423257239166457 -51.123594369425405  -190.15391792016888 8.3640504494302537 -50.906957161289426  -190.21829116093343 8.2039443513752754 -50.666184028771845  -190.28839795161622 8.0667625952558328 -50.402271066990679  -190.363625625396 7.957447716171016 -50.116975710935662  -190.51484026749648 7.8124807255652673 -49.538857879417677  -190.58937404140192 7.7712835598694268 -49.25202281300038  -190.66502740517802 7.761521409001765 -48.958715460805465  -190.73997051673561 7.7845188896232482 -48.665858124348311  -190.81244802022189 7.839077829142945 -48.380430418772868  -190.88092524078115 7.9215118570494534 -48.108861774636033  -191.0054189010381 8.1265156892326083 -47.612140241683328  -191.06395925859209 8.2513363313368888 -47.377021389434489  -191.11918280707616 8.3990371102473933 -47.153801246980834  -191.17053556740339 8.5681278863685719 -46.944992811924649  -191.2175323908391 8.7567686503882243 -46.752890594931365  -191.259759989325 8.9628065019170329 -46.579517825503657  -191.33950036197822 9.4375586973796342 -46.250954124199424  -191.37414595099082 9.7036429538299807 -46.107379040887672  -191.40131343248257 9.9781151228766838 -45.994336597683706  -191.42140568070178 10.258164895459013 -45.910513720712871  -191.43470824147374 10.541699407186451 -45.854943140118678  -191.44136693608229 10.82700622658373 -45.827126526155602  -191.44136693608229 11.112499999999999 -45.827126526155602 
 0 8 0.12185334641249072 6 0.22426624036477913 6 0.30929497866647115 6 0.41650080422998226 6 0.53144104641659717 6 0.64337945937520891 6 0.73778482548467328 6 0.82293141160002403 6 0.90535949757588163 6 1 8
1 3.3250000000000002 -8.1439012143298988e-16 -2 0 0 1 
7 0 0  7 62 11  193.67563776773233 -11.112500000000001 35.208945386962682  193.67563776773233 -10.806395045990667 35.208945386962682  193.66975653545489 -10.500552695663 35.241296567490728  193.65801153989855 -10.196886645998116 35.305902930043658  193.64024369074593 -9.8974908203534078 35.403445815042986  193.61614598820393 -9.6050139690394971 35.535230888544753  193.58528256287002 -9.3231173479742537 35.703006031552682  193.51504776801167 -8.8335623196690403 36.081570108871176  193.47753681438962 -8.6192653630143354 36.282749354948123  193.43435225049319 -8.4194564810857688 36.512910402576544  193.38538460645242 -8.2396789742419134 36.771885424447319  193.33065256837043 -8.0857862206035556 37.0586636876534  193.27035566053453 -7.9640274501570714 37.371227130338454  193.15069773298904 -7.8124807256102402 37.984348979628898  193.09346347233242 -7.7712835597853402 38.275130475613267  193.03443114607532 -7.7615214090593865 38.572229480549467  192.97495399678618 -7.7845188896596733 38.868614969435846  192.91647723978855 -7.8390778290321652 39.157236577243047  192.86040633569192 -7.9215118571203318 39.431635396714633  192.74180929919123 -8.157009509813598 40.007812631294982  192.68118681441533 -8.3233382945568071 40.299169578748206  192.62656390931929 -8.5167792500976045 40.559273071757396  192.57814807179437 -8.7309795519972493 40.788102547502952  192.53596186690572 -8.9606932679629452 40.986310459374593  192.49991005721216 -9.2015601911882978 41.154923235033259  192.4375521899199 -9.716363619987419 41.445562634290148  192.41199112529367 -9.9926357744916476 41.564030023190369  192.39292501250415 -10.2754101268862 41.652067708508199  192.38017372859605 -10.562222168505498 41.710823044467979  192.37361846382228 -10.851157595558599 41.741014812019429  192.37322453752859 -11.140520495661267 41.742852534879653  192.38473133962347 -11.709079586569342 41.689787299609691  192.39630443493806 -11.988007885349383 41.636396259467176  192.41380827322854 -12.263836045231695 41.555559676397223  192.43737159570318 -12.534761462246314 41.446490302114157  192.46718847397503 -12.79844005306273 41.30797279903171  192.50347453135373 -13.051665276019838 41.138515026244939  192.58261917352704 -13.490841743359267 40.766255780187734  192.62383861565141 -13.682674273092475 40.571514957301083  192.67004706099439 -13.860949551767996 40.351998132939968  192.7210557285253 -14.021055650522678 40.108043770633394  192.77651421257437 -14.158237402598706 39.840668816604556  192.83590761736758 -14.267552284434219 39.551661773444486  192.95503781509802 -14.412519275011459 38.966090180082126  193.01365353192173 -14.453716439844962 38.675584015309951  193.07303051333548 -14.463478590241559 38.378553690596497  193.13172311604998 -14.440481110686994 38.082011842004945  193.18836323280979 -14.385922171867543 37.793024202914964  193.24177279157541 -14.303488142080962 37.518094972902695  193.3387075971869 -14.098484311841526 37.015268371347553  193.38420379952251 -13.973663665366377 36.777281086701507  193.42704385636088 -13.825962892392811 36.551357209757931  193.46681310256662 -13.656872115523724 36.340036422266394  193.50315355598286 -13.468231345406389 36.145636479598359  193.53576403370533 -13.262193500170687 35.970200331955546  193.59727916269071 -12.787441302620193 35.637742029672395  193.62396102510067 -12.521357046170282 35.492476068056312  193.64485851172836 -12.246884877123279 35.378108410614018  193.66030153343627 -11.966835104540868 35.293305779624696  193.67052190496574 -11.683300592813703 35.23708664092235  193.6756377677323 -11.397993773416172 35.208945386962682  193.6756377677323 -11.112499999999999 35.208945386962682 
 0 8 0.12185334514802511 6 0.22426624067943951 6 0.30929498030959357 6 0.41650080751008689 6 0.5314410514003558 6 0.64337946362776421 6 0.73778482782259547 6 0.82293141360152056 6 0.90535949906180035 6 1 8
1 3.3250000000000002 -8.1439012143298988e-16 -2 0 0 1 
7 0 0  7 62 11  145.73775622825474 -11.112500000000001 132.32697725540996  145.73775622825474 -10.806395053677678 132.32697725540996  145.71565260109301 -10.500552677247725 132.3513209881234  145.67151094196876 -10.196886658765047 132.39993623550382  145.60483586773958 -9.8974908278151261 132.47331702699375  145.51467613694749 -9.605013953725976 132.57240908415773  145.39973735787899 -9.3231173547674349 132.69846510377329  145.13988687779374 -8.8335623196688271 132.98258025500346  145.00163718753362 -8.6192653630145593 133.13346823940395  144.84324234002511 -8.4194564810857209 133.30595037380431  144.66469820844029 -8.2396789742417802 133.49982632690973  144.46655529002146 -8.0857862206036835 133.71424822905669  144.25005038831605 -7.9640274501570172 133.94760900197181  143.82418502905105 -7.8124807249888422 134.40463757950263  143.62180105822989 -7.7712835601544965 134.62113322007198  143.41454943271989 -7.7615214097587781 134.84203909017131  143.20729773894507 -7.7845188893132597 135.06210413738665  143.00500182849876 -7.8390778281318161 135.27610956486487  142.81227093862489 -7.9215118579194419 135.47931750410976  142.40684820251948 -8.1570095098250341 135.9055543695371  142.2012844329418 -8.3233382945651009 136.12074612846504  142.01734407127051 -8.5167792500873709 136.31258833490921  141.85521407810577 -8.7309795519744142 136.4811732915671  141.71456848009521 -8.9606932679607052 136.62706663610629  141.59478351314704 -9.201560191215286 136.75108906469919  141.38812657482504 -9.716363619987872 136.96475392809023  141.30376953848048 -9.9926357744907666 137.05176990752332  141.24102057242717 -10.275410126886474 137.1163974399868  141.19911990927582 -10.562222168505999 137.15951494423447  141.17758651381769 -10.85115759555802 137.18166956461411  141.17628012437447 -11.140520495661489 137.18302076772929  141.21411481666141 -11.709079592560084 137.14407385757727  141.25217810598991 -11.988007871019175 137.10488552202321  141.3097921412957 -12.26383605530174 137.04554279224078  141.38748262171822 -12.53476146766179 136.96544565292817  141.48605706840254 -12.798440041544627 136.8636654159439  141.60648781107824 -13.051665281154271 136.73904978102354  141.87056456945612 -13.490841743332254 136.46499817467915  142.00855577007394 -13.682674273096627 136.32153577867612  142.1638864305761 -13.860949551788673 136.15968633468887  142.33621730840554 -14.02105565053173 135.97963722027905  142.52471310739909 -14.158237402589739 135.78206611095166  142.72799081358815 -14.267552284425998 135.56821845097463  143.13883527359181 -14.412519274389782 135.13429112799716  143.34224598264572 -14.453716440214617 134.91875987169797  143.54975375665668 -14.463478590940658 134.69809460936071  143.75642235627814 -14.440481110340343 134.4774818734623  143.95735323912581 -14.38592217096776 134.26219428923991  144.14810614744604 -14.303488142879738 134.05712847936229  144.49634563164895 -14.098484310783363 133.6816817931828  144.66084201768177 -13.973663668653556 133.50378073312825  144.81670320366158 -13.825962889724524 133.33471221743778  144.96223387494246 -13.656872113644019 133.17641221036848  145.09590422591259 -13.468231349653109 133.03065830660265  145.21637803100012 -13.262193498048235 132.89902491586707  145.4444403974349 -12.787441298709487 132.64942485230861  145.54392401719099 -12.521357055650173 132.54025925041415  145.6221547304304 -12.246884871191273 132.45425562966045  145.68011775700919 -11.966835098871167 132.39045703215234  145.71852901733408 -11.683300602606229 132.3481531072654  145.73775622825474 -11.397993769131871 132.32697725540996  145.73775622825474 -11.112499999999999 132.32697725540996 
 0 8 0.12185334415824818 6 0.22426623624241582 6 0.3092949737791042 6 0.41650079917190408 6 0.53144104113673984 6 0.64337945387964168 6 0.73778482053105565 6 0.82293140774647577 6 0.90535949483027212 6 1 8
1 3.3250000000000002 -8.1439012143298988e-16 -2 0 0 1 
7 0 0  7 62 11  53.683735549150825 -11.112500000000001 189.38843427593156  53.683735549150825 -10.806395045990413 189.38843427593156  53.652100493229455 -10.500552695663695 189.397401494647  53.588924262400468 -10.196886645997372 189.41530933821596  53.493525084417996 -9.8974908203536103 189.44231503608887  53.36459552682733 -9.6050139690397494 189.47871797615127  53.200374381528398 -9.3231173479740939 189.52489659751967  52.829567320881338 -8.8335623250492645 189.62855858457655  52.632428310794715 -8.6192653525276253 189.68348015210839  52.406770758295487 -8.4194564853763136 189.74607146220669  52.152697062292553 -8.2396789809579207 189.81616033989013  51.871122896098107 -8.085786213051378 189.89331843515598  51.563948020462156 -7.9640274522136068 189.97683611147366  50.960788526507045 -7.8124807255653028 190.13942472539318  50.674518297649492 -7.7712835598693868 190.2160993290708  50.381784327958322 -7.761521409001781 190.29394184503215  50.0894950552388 -7.7845188896232669 190.3710707665835  49.804616785801997 -7.839077829142914 190.44567864300575  49.533567305406741 -7.9215118570495031 190.51618280877997  48.964044002428835 -8.1570095098101447 190.66345354680541  48.675764963392439 -8.323338294553249 190.73733962225879  48.418187559020012 -8.5167792501026494 190.80284816826008  48.191421627990167 -8.7309795520025482 190.86015641212484  47.994891333604713 -8.9606932679646611 190.90957195217408  47.827633204118655 -9.2015601911795102 190.95146132095599  47.53923412382327 -9.7163636171044043 191.02347335822591  47.421616750893165 -9.9926357813775546 191.05269740388772  47.334179614715758 -10.275410122659826 191.07435144326087  47.275813284050479 -10.562222164375797 191.08877905628577  47.245820109458535 -10.851157602558036 191.09619012577681  47.24399671321828 -11.140520492635494 191.09664578761334  47.296706391733096 -11.709079592559387 191.08360678561633  47.349737772690915 -11.988007871020525 191.07048381827764  47.430021715644287 -12.263836055300805 191.05059851853332  47.538321738122328 -12.534761467661571 191.02371976101426  47.675814380082308 -12.798440041545632 190.98948656679156  47.843934327870244 -13.051665281153666 190.94743536700548  48.213004778828171 -13.490841746476118 190.85454929937893  48.405996540772286 -13.682674267001486 190.80579269995886  48.623429432435486 -13.860949554275866 190.75060392571564  48.864916400949696 -14.021055654423476 190.68896255776136  49.129390114302609 -14.158237398193595 190.621001861564  49.415018133411245 -14.267552285644083 190.54704720495243  49.993210511194455 -14.412519274389817 190.3961178830339  50.279841946367632 -14.453716440214606 190.32080480734226  50.572666031592441 -14.463478590940639 190.24330197262157  50.864750170779132 -14.440481110340357 190.16539982280753  51.149148219390675 -14.385922170967778 190.0889818043299  51.419501845161747 -14.303488142879688 190.0158546859262  51.913630760290744 -14.098484310783345 189.8814390329895  52.147332785204981 -13.973663668653471 189.81747645223041  52.369034505806084 -13.825962889724662 189.75644187698623  52.576273149349092 -13.656872113644093 189.69908149741917  52.766810173077815 -13.46823134965293 189.64609465206937  52.938678792193265 -13.262193498048264 189.59811064398193  53.264251848684708 -12.787441302620193 189.50692502167348  53.406422641130575 -12.521357046170124 189.46690518707527  53.518305429139843 -12.246884877123486 189.43529968496841  53.601242524983334 -11.966835104540952 189.41181753695699  53.656217243319659 -11.683300592813398 189.39623460095325  53.683735549150818 -11.397993773416365 189.38843427593156  53.683735549150818 -11.112499999999999 189.38843427593156 
 0 8 0.12185334822077219 6 0.22426624387008129 6 0.3092949815418391 6 0.41650080619744823 6 0.53144104611109577 6 0.64337945568013921 6 0.73778482113170507 6 0.82293140862569669 6 0.90535949597920173 6 1 8
1 3.3250000000000002 -8.1439012143298988e-16 -2 0 0 1 
7 0 0  7 62 11  -78.883404034137754 -11.112500000000001 180.35335058708216  -78.883404034137754 -10.806395045990788 180.35335058708216  -78.913529886640802 -10.500552695662408 180.34017406304781  -78.973692200495265 -10.196886645999394 180.31386013147954  -79.064517332919252 -9.8974908203519725 180.27409700537254  -79.187205093399299 -9.6050139690401792 180.22028512662956  -79.343355918911982 -9.3231173479742075 180.15159765086779  -79.695554000001607 -8.8335623250493143 179.99603353076571  -79.882678740457322 -8.6192653525276324 179.91318125628024  -80.096698396015043 -8.4194564853762248 179.81813079528757  -80.337424496101491 -8.2396789809579047 179.71081426108807  -80.603877799149274 -8.0857862130514828 179.59148270605004  -80.894140437632601 -7.9640274522135623 179.46079526525907  -81.463199323945574 -7.8124807249873029 179.20309695442015  -81.732971635813868 -7.771283560157352 179.08040818650505  -82.008477252304388 -7.7615214097568535 178.9545142033127  -82.283186055906086 -7.7845188893120065 178.8283517572041  -82.550570322153362 -7.8390778281355225 178.70495154433019  -82.80466873728453 -7.92151185791709 178.58716929649557  -83.338021323273622 -8.1570095098250377 178.33901515200822  -83.607572987261776 -8.3233382945652998 178.21289672784056  -83.84809425974035 -8.5167792500868131 178.0998170819673  -84.059612935022656 -8.7309795519750217 177.99998285786913  -84.242769112702405 -8.9606932679604192 177.9132656923332  -84.398539664794484 -9.2015601912153251 177.83933642747988  -84.666993263065919 -9.7163636199878081 177.71169462562946  -84.776384468746997 -9.992635774490882 177.65952706504638  -84.857661003473922 -10.275410126886474 177.62069054105345  -84.91189785552821 -10.562222168505892 177.5947454331463  -84.939767095804982 -10.851157595557998 177.58141052517826  -84.94146462109633 -11.140520495661564 177.58060379652429  -84.892478070220932 -11.709079592559636 177.60402693858856  -84.843189754040836 -11.988007871019921 177.62758965333381  -84.768560660129509 -12.263836055301052 177.66324684032463  -84.66785435548509 -12.534761467662214 177.71130516613221  -84.539932968890085 -12.798440041544843 177.77223346030806  -84.383394107031734 -13.051665281153991 177.84658535992094  -84.039384015158845 -13.490841743332423 178.00936703562564  -83.859378916856599 -13.682674273096437 178.09434465091289  -83.656413789583567 -13.86094955178865 178.18988529002587  -83.430774497394665 -14.02105565053186 178.29572727070391  -83.183369896799746 -14.158237402589739 178.41129531595652  -82.915821746322791 -14.267552284425964 178.53567632209231  -82.373450368950316 -14.412519274966126 178.78651368730857  -82.10426425215779 -14.453716439929774 178.91048331575854  -81.828904882840234 -14.463478590183431 179.03669685475137  -81.553863172017344 -14.440481110650264 179.162131884583  -81.285699563073052 -14.38592217197929 179.28382920251462  -81.030471855549564 -14.303488142009462 179.39914390234276  -80.563505739693753 -14.098484311857405 179.60931905356057  -80.342402957760243 -13.973663665356892 179.70842209055874  -80.132427087993605 -13.825962892364796 179.80216110456868  -79.935953951931225 -13.656872115536329 179.88954745907216  -79.755156474512233 -13.468231345447714 179.9696988060814  -79.591953254765727 -13.262193500135888 180.04185138217801  -79.282611625955155 -12.787441302620136 180.17830793394143  -79.14740102175675 -12.521357046170156 180.23774036530864  -79.040924794889747 -12.246884877123431 180.28442525717259  -78.961961545593795 -11.966835104541 180.31899082389447  -78.909609554133951 -11.68330059281355 180.34188878321032  -78.88340403413774 -11.397993773416164 180.35335058708213  -78.88340403413774 -11.112499999999999 180.35335058708213 
 0 8 0.12185334641674862 6 0.22426624054978472 6 0.30929497767761466 6 0.41650080255249339 6 0.53144104396204217 6 0.64337945616400982 6 0.73778482235919796 6 0.82293140987693825 6 0.90535949706411933 6 1 8
1 3.3250000000000002 -8.1439012143298988e-16 -2 0 0 1 
7 0 0  7 62 11  -162.344124215157 -11.112500000000001 111.32972573761987  -162.344124215157 -10.806395045990806 111.32972573761987  -162.36272050206009 -10.500552695663103 111.30260810704337  -162.39985790561497 -10.196886645997534 111.2484533264592  -162.45590305753967 -9.8974908203538234 111.16666548003143  -162.53155702723163 -9.605013969039657 111.05610110179241  -162.62774064896854 -9.3231173479740708 110.91521192355502  -162.8443444359435 -8.8335623272699113 110.59689371498141  -162.95932129311566 -8.6192653482628145 110.42759961254602  -163.09067001078509 -8.4194564870916562 110.23372719859508  -163.23819475037141 -8.2396789836740041 110.01531853195843  -163.40119727887949 -8.0857862099961366 109.77310465065059  -163.57839864786769 -7.9640274530592512 109.50865943013039  -163.92501526404155 -7.8124807255642992 108.98895436158004  -164.08905861492758 -7.77128355987122 108.74213576867338  -164.25627206215839 -7.7615214090005527 108.48956439783316  -164.42266729587004 -7.7845188896224897 108.23718667360109  -164.58430771573549 -7.8390778291453094 107.99102750093492  -164.73764483953704 -7.9215118570479346 107.7566637138988  -165.05900796819481 -8.1570095098249915 107.26394553633587  -165.22104990477123 -8.323338294565291 107.01433310222242  -165.3653523501828 -8.5167792500871364 106.79114194407828  -165.49204819851127 -8.730979551974519 106.5945327268207  -165.60161276810624 -8.960693267960762 106.4240579271859  -165.69470096494643 -9.2015601912151919 106.2789214785944  -165.85500522402162 -9.7163636199873746 106.02859707202013  -165.92024491464329 -9.9926357744919336 105.92646151001897  -165.96867682975326 -10.2754101268858 105.85051086623123  -166.00098071071787 -10.562222168505302 105.79980343068503  -166.01757815478462 -10.851157595559147 105.77374505056279  -166.01859202307915 -11.140520495660988 105.77216249746198  -165.9894097621675 -11.709079592559805 105.81795246796779  -165.96004523815054 -11.988007871020175 105.86402050859564  -165.91557289491215 -12.263836055300056 105.93375677841958  -165.85552997690249 -12.534761467662717 106.0278110737577  -165.77919882791701 -12.798440041545344 106.14718315539398  -165.68568216622901 -13.051665281153536 106.29308467777959  -165.47984489134382 -13.490841743332668 106.61319689798354  -165.37203431489812 -13.682674273096044 106.78052863472479  -165.25032625276248 -13.860949551788741 106.96896961811926  -165.11482488218522 -14.021055650532089 107.17814656145922  -164.96599720042173 -14.158237402589517 107.40709050791648  -164.80473650828125 -14.267552284426026 107.65416870744419  -164.47713894633239 -14.412519274966149 108.15393458481728  -164.31427059830875 -14.453716439929723 108.40153009257911  -164.14735029104659 -14.463478590183465 108.65429530126018  -163.9802877614139 -14.440481110650294 108.90623180237516  -163.8170851939804 -14.385922171979233 109.15135805624625  -163.66148445783952 -14.303488142009485 109.38422512905065  -163.37637046083154 -14.098484311857328 109.80959667988273  -163.24115433357059 -13.973663665357309 110.01065500736281  -163.11254364524052 -13.825962892364339 110.20127546659958  -162.99203167481545 -13.65687211553608 110.3793623362219  -162.88099573658866 -13.468231345448391 110.54301742074442  -162.78066003905815 -13.262193500135547 110.69057768970062  -162.59031900639539 -12.787441302620575 110.97001091091606  -162.50701064122921 -12.521357046169756 111.0919692549497  -162.44134461040804 -12.246884877123145 111.18791006176477  -162.39261668012381 -11.966835104541262 111.2590125367734  -162.36030055155416 -11.683300592813847 111.30613700371921  -162.344124215157 -11.397993773415919 111.32972573761984  -162.344124215157 -11.112499999999999 111.32972573761984 
 0 8 0.12185334994091049 6 0.22426624601866452 6 0.30929498317900106 6 0.41650080720030158 6 0.53144104769444211 6 0.64337945900475213 6 0.73778482444786841 6 0.82293141128736047 6 0.90535949781797997 6 1 8
1 3.3250000000000002 -8.1439012143298988e-16 -2 0 0 1 
7 0 0  7 62 11  -196.66180721945801 -11.112500000000001 8.6055843018790981  -196.66180721945801 -10.786827332255905 8.6055843018790981  -196.66343435588621 -10.461477775656148 8.5683995508545312  -196.66668283371112 -10.138722080650108 8.4941633070410063  -196.67154915077501 -9.8210361940397615 8.3819384200306857  -196.67802080939342 -9.5117677165259131 8.2300086595980737  -196.6860457166577 -9.2155703566291471 8.0360919428205033  -196.70284603599981 -8.7244415654764538 7.6123146903405354  -196.71114048604218 -8.5193210215408683 7.3979351486011335  -196.72027414622872 -8.329930032998961 7.1543405798415183  -196.73007636795677 -8.1621769262941122 6.8822209992638532  -196.74031719486806 -8.0220081923120858 6.5832623312331657  -196.75073003493111 -7.9154445777010434 6.2602320119502881  -196.7690556584644 -7.7968479221848623 5.6508617083115009  -196.7769118046586 -7.7696246761496184 5.3756284808910442  -196.78440747087015 -7.7694272877885959 5.0966972423525121  -196.791371553413 -7.7968314696586374 4.8196437861471235  -196.79769483669233 -7.8506087939105269 4.55000352547881  -196.80333243897681 -7.927758309446844 4.2928615155679113  -196.81504059763853 -8.1542943854583214 3.724252672569675  -196.82053457098519 -8.3201047877690506 3.4264122349801474  -196.82494889287034 -8.513092203871393 3.1603212578400006  -196.82848090797512 -8.7269011284905336 2.9260677777616575  -196.8312972347907 -8.9562767810097625 2.7230368405205736  -196.8335326816829 -9.1968442537998101 2.5502175332584525  -196.8368877250482 -9.6702657204350029 2.2757821602248183  -196.83809732742543 -9.9026388753612071 2.1685706774724731  -196.83899646286122 -10.140056309499926 2.0838159887321144  -196.83963753266113 -10.380932469304968 2.0207753868804379  -196.84005389093312 -10.624010768591353 1.978920259294094  -196.84026218617311 -10.868214139400957 1.9579791823752557  -196.84026218617311 -11.356009551359504 1.9579791823752557  -196.84005521296257 -11.599437495374044 1.9787873487904715  -196.83964149385423 -11.841753347317312 2.020377136920211  -196.8390045835817 -12.08189032391555 2.0830174872955745  -196.8381115390649 -12.318603076142917 2.1672309781311365  -196.83691063980729 -12.550321410674938 2.2737502502943614  -196.83357511174975 -13.023445411925952 2.5469173861071202  -196.83134785425798 -13.264316987585428 2.7193310784914049  -196.82854100935972 -13.494033292991276 2.9219637384241093  -196.82501990254713 -13.70823317360831 3.1558356635332743  -196.82061789882599 -13.901671181046671 3.4215769167740717  -196.81513729792121 -14.067994980525068 3.7191190499577358  -196.80283588993757 -14.307528587153914 4.3173303966192069  -196.79640411153807 -14.392302612026629 4.6090376882995923  -196.78910071052584 -14.44672824188547 4.9160781028397285  -196.78099761320271 -14.46677206815848 5.2309638269291439  -196.77227598430866 -14.451314943916756 5.5455610688065606  -196.76321569464736 -14.402186450763919 5.851850437736779  -196.74478595366216 -14.243937720827233 6.442160759727213  -196.73548548234842 -14.133707347286068 6.7230138783280822  -196.72642345042394 -13.998255863863603 6.9829901359067375  -196.71777803226499 -13.842018771552519 7.220611243177232  -196.70969855395484 -13.669214183211027 7.4350627022647506  -196.70229609062955 -13.483887771294206 7.6261044122211672  -196.68615453320183 -13.013441235268743 8.0334621948489513  -196.67809392877112 -12.716722329370281 8.2282919787661122  -196.67159314135145 -12.406832113623016 8.3809239107485851  -196.66670484584705 -12.088463278785714 8.4936602836954211  -196.66344168193066 -11.764989508790523 8.5682321274786197  -196.66180721945801 -11.438904999230216 8.6055843018790981  -196.66180721945801 -11.112500000000001 8.6055843018790981 
 0 8 0.12642494182956968 6 0.22487093047279544 6 0.30130918027178288 6 0.40566359673021607 6 0.50038810584998616 6 0.59481159258778138 6 0.69922333083363353 6 0.78525113844916394 6 0.87379698940109352 6 1 8
1 -149.70158883615008 -23.8125 -127.82549354464572 0 1 0 
1 -151.43644659349053 -23.8125 -129.30683419564255 0 1 0 
1 -156.34157866355994 -23.8125 -133.4951726938034 0.7604855922588265 0 0.64935480591641248 
2 1.9468870959826745e-12 -23.8125 1.2576606422953773e-12 0 -1 0 -0.90106762672186491 -0 -0.4336786045838853 0.4336786045838853 0 -0.90106762672186491 205.58125000000231
1 -156.34157866355997 -23.8125 -133.4951726938034 0 1 0 
7 0 0  7 50 9  -183.1831895827687 12.699999999999999 -93.314357983356075  -183.1831895827687 13.196420213024263 -93.314357983356075  -183.15661700223143 13.692155039801428 -93.36652193023059  -183.10360473246459 14.183715431038113 -93.470589307370091  -183.02331479476658 14.667286949001745 -93.627972598680458  -182.91418129517336 15.137496293507136 -93.841291604943081  -182.77401893027101 15.586648168391843 -94.114032714923354  -182.44340720155017 16.378902232690422 -94.753207332613329  -182.2545425105242 16.738847141608979 -95.116898649095475  -182.03350663208769 17.060448357413726 -95.540309716501454  -181.78238249941302 17.324084187448214 -96.018077243724449  -181.5054579499525 17.5127556514967 -96.540503697857957  -181.20895157922808 17.612500000000001 -97.094728040151494  -180.59319790574648 17.612500000000008 -98.235264624319143  -180.29249686550241 17.51275565147019 -98.787224345359732  -180.00763810400596 17.324084187510195 -99.305367271675436  -179.74596270552189 17.060448357410792 -99.777438374437324  -179.513226094842 16.738847141520349 -100.19453244246729  -179.31276962130079 16.378902232754204 -100.5519655793273  -178.95975506742082 15.586648172332701 -101.17904534040036  -178.80862025888618 15.137496277295451 -101.4458626563632  -178.69014345547333 14.667286979217677 -101.65413736412034  -178.60260864881954 14.183715400090534 -101.80760931946378  -178.5446846273297 13.692155057301493 -101.90902492111073  -178.51565015996709 13.196420208458569 -101.95985974650392  -178.51565015996709 12.203579786976066 -101.95985974650392  -178.54468462574258 11.707844960196969 -101.90902492392127  -178.60260865398394 11.216284568964095 -101.80760931031439  -178.6901434481567 10.732713050997763 -101.65413737709159  -178.80862026420647 10.262503706491788 -101.44586264692286  -178.95975506566452 9.813351831608788 -101.1790453435201  -179.31276962125159 9.0210977673561032 -100.55196557941463  -179.51322609488722 8.6611528583256394 -100.19453244238809  -179.74596270558538 8.3395516425858194 -99.777438374322557  -180.00763810394602 8.0759158125954063 -99.305367271779687  -180.29249686543608 7.8872443484844599 -98.787224345485313  -180.59319790581719 7.7874999999999996 -98.235264624188062  -181.18148997839188 7.7874999999999996 -97.145594095462812  -181.45345594695308 7.8702433107336329 -96.637680115405928  -181.71025891403121 8.0286075891441833 -96.154048580979705  -181.94642226435803 8.2523338621480971 -95.705799670202524  -182.15794676405582 8.5282627184580981 -95.301678504232541  -182.34250176195121 8.8405976741652221 -94.947242755729235  -182.7044277598059 9.6018427444994394 -94.249351732031329  -182.86915328347547 10.077128097765943 -93.929277120634438  -182.99686394642532 10.579870223742189 -93.679814263926389  -183.09050935533378 11.099610511755529 -93.496296834638514  -183.1522271922407 11.629271651397341 -93.375139384704624  -183.1831895827687 12.164142786708553 -93.314357983356075  -183.1831895827687 12.699999999999999 -93.314357983356075 
 0 8 0.13140541539603759 6 0.25023792917539589 6 0.36907044297075497 6 0.50047585711749887 6 0.63188127247272374 6 0.75071378620028795 6 0.85894683070524558 6 1 8
7 0 0  7 50 9  -174.29772566128116 12.699999999999999 -109.01354585952738  -174.29772566128116 13.196420208458715 -109.01354585952738  -174.2666825182348 13.692155057300848 -109.06317954806221  -174.20475146036179 14.183715400091266 -109.16219904409108  -174.11097388213145 14.66728697921752 -109.31193798115817  -173.98356030603924 15.137496277295117 -109.51486872664917  -173.82002816475645 15.586648172332763 -109.77427275363426  -173.43465711770696 16.378902232643881 -110.382004156435  -173.21463716368712 16.738847141674135 -110.72773883086022  -172.95733464891447 17.060448357414785 -111.13014311446997  -172.66529465114968 17.324084187404011 -111.58405696055401  -172.34363861744916 17.512755651515775 -112.0801960560228  -171.9996886431413 17.612500000000001 -112.60629401723673  -171.28632238206845 17.612500000000008 -113.68846076212077  -170.93839241116717 17.512755651458122 -114.21193510199923  -170.60920821875789 17.324084187538553 -114.70311162175902  -170.30715694273883 17.060448357408418 -115.15042601562938  -170.03875251025667 16.7388471414815 -115.54551189508874  -169.80773401253927 16.378902232782412 -115.88399630947589  -169.4011066578436 15.58664816839158 -116.47771552055191  -169.22716362986353 15.13749629350778 -116.73025665507176  -169.09088489136178 14.667286949002118 -116.92734350039636  -168.9902332440582 14.183715431036582 -117.07255100837489  -168.92364179201073 13.692155039802614 -117.1684983806428  -168.89026275864376 13.196420213024012 -117.2165922422196  -168.89026275864376 12.203579786975929 -117.2165922422196  -168.92364179201041 11.707844960197741 -117.16849838064302  -168.99023324405914 11.216284568962568 -117.07255100837425  -169.09088489136045 10.732713050999442 -116.92734350039747  -169.22716362986449 10.262503706490669 -116.73025665507062  -169.40110665784323 9.8133518316091504 -116.47771552055245  -169.80773401246822 9.0210977673560553 -115.88399630957966  -170.03875251032142 8.6611528583255986 -115.54551189499544  -170.30715694283199 8.339551642585791 -115.15042601549018  -170.60920821867055 8.075915812595527 -114.70311162188574  -170.93839241107077 7.8872443484843879 -114.21193510214769  -171.28632238217139 7.7874999999999996 -113.68846076196462  -171.96787368157464 7.7874999999999996 -112.65455687360652  -172.28331801342458 7.8702433107607392 -112.17243969650028  -172.58152904099978 8.0286075890818331 -111.71318224358629  -172.85607815540644 8.2523338621452851 -111.28736186128758  -173.10221489331687 8.5282627185588229 -110.90333941792893  -173.31713037257404 8.8405976740941163 -110.56644687760746  -173.7388424066329 9.6018427444993577 -109.90297022441875  -173.93099254317332 10.077128097765314 -109.59856822042292  -174.08008026457466 10.579870223744589 -109.36126128492477  -174.18945288740449 11.099610511751884 -109.18665962732364  -174.26155417599367 11.629271651400099 -109.07137899906829  -174.29772566128116 12.164142786707657 -109.01354585952738  -174.29772566128116 12.699999999999999 -109.01354585952738 
 0 8 0.13140541413663678 6 0.25023792788805488 6 0.36907044167375286 6 0.50047585704478381 6 0.6318812724158317 6 0.75071378615761686 6 0.85894683069428934 6 1 8
7 0 0  7 50 9  -164.07022756074861 12.699999999999999 -123.87336590133762  -164.07022756074861 13.196420213023814 -123.87336590133762  -164.03495288044621 13.692155039802781 -123.92008716330072  -163.96457986826846 14.183715431037195 -124.01329638434744  -163.85803673254435 14.667286949000465 -124.15423798469197  -163.7133240944431 15.137496293509344 -124.34521801386401  -163.5276813349337 15.586648168390887 -124.58928760936513  -163.09051819385905 16.378902232643725 -125.16089647484296  -162.84103705692311 16.738847141675222 -125.48601246580665  -162.54944904911213 17.060448357412959 -125.86431158723927  -162.218741796491 17.32408418740534 -126.29087676751442  -161.85483092240148 17.512755651515377 -126.75690839926398  -161.46608564430687 17.612500000000001 -127.250829200989  -160.66059947731239 17.612500000000008 -128.26629378455016  -160.26811951987523 17.512755651515768 -128.75725216632054  -159.89714450472343 17.324084187404139 -129.21768038461283  -159.55704304518332 17.060448357414536 -129.63679389809377  -159.25503741520154 16.738847141674416 -130.00682955993381  -158.99523565827988 16.378902232643789 -130.32375903531891  -158.53812639921759 15.586648168391623 -130.87954625385294  -158.34271444784119 15.137496293507901 -131.11586673723698  -158.18968308758437 14.667286949001088 -131.30024819494164  -158.07668957116201 14.183715431038326 -131.43607322844051  -158.00194342721295 13.692155039801378 -131.52581359670131  -157.96447683364454 13.196420213024343 -131.57079619062688  -157.96447683364454 12.203579791541731 -131.57079619062688  -158.00194342926648 11.707844942697971 -131.52581359421114  -158.07668956447935 11.216284599910065 -131.43607323654757  -158.18968309705357 10.732713020781425 -131.30024818344725  -158.34271444095404 10.262503722705674 -131.11586674560328  -158.53812640149181 9.8133518276667964 -130.87954625108779  -158.99523565715981 9.0210977692975298 -130.32375903668077  -159.25503742083797 8.6611528521350305 -130.00682955299618  -159.55704303337612 8.3395516514718064 -129.63679391272771  -159.89714451784286 8.0759158061060816 -129.21768036826276  -160.26811951198465 7.8872443505281451 -128.757252176207  -160.66059947947161 7.7874999999999996 -128.2662937818281  -161.4301622851784 7.7874999999999996 -127.29611725237001  -161.78665616903993 7.870243310337024 -126.84350901341011  -162.12397912636374 8.0286075911488286 -126.41216177775229  -162.434800070477 8.2523338583561987 -126.01204859616271  -162.7136538780866 8.52826272178884 -125.65108171700483  -162.95727505914545 8.8405976729470446 -125.33432634765886  -163.43552608851047 9.6018427444998302 -124.71037261237781  -163.65362134615023 10.077128097764401 -124.42398700938278  -163.82293820042423 10.579870223744477 -124.20066317910782  -163.94719590456805 11.099610511753868 -124.03632166754866  -164.02912548903774 11.629271651398071 -123.92780548324362  -164.07022756074861 12.164142786708332 -123.87336590133762  -164.07022756074861 12.699999999999999 -123.87336590133762 
 0 8 0.13140541561713057 6 0.25023792958140323 6 0.36907044354558105 6 0.50047585916238158 6 0.63188127357051638 6 0.75071378695437041 6 0.85894683135759087 6 1 8
7 0 0  7 50 9  -183.1831895827687 -12.699999999999999 -93.314357983356075  -183.1831895827687 -12.203579786976547 -93.314357983356075  -183.15661700223149 -11.707844960196521 -93.366521930230505  -183.10360473246425 -11.216284568963767 -93.470589307370616  -183.02331479476723 -10.732713050998367 -93.627972598679278  -182.91418129517274 -10.262503706491689 -93.841291604944246  -182.77401893027124 -9.8133518316087152 -94.114032714922899  -182.44340720154824 -9.0210977673049637 -94.753207332617052  -182.2545425105256 -8.6611528583963917 -95.116898649092676  -182.03350663209079 -8.3395516425891234 -95.540309716495585  -181.78238249941111 -8.0759158125449595 -96.018077243728243  -181.50545794994832 -7.8872443485059627 -96.540503697865574  -181.20895157923184 -7.7875000000000014 -97.094728040144545  -180.59319790744621 -7.7874999999999943 -98.235264621170785  -180.29249685941446 -7.8872443505415539 -98.78722435655844  -180.00763811402521 -8.0759158060744713 -99.305367253359506  -179.7459626964968 -8.339551651473279 -99.777438390828394  -179.51322609921201 -8.661152852180571 -100.19453243459557  -179.31276962040121 -9.0210977692646672 -100.55196558092527  -178.95975506742101 -9.8133518276668603 -101.17904534040001  -178.80862025888581 -10.262503722705002 -101.44586265636394  -178.69014345547353 -10.732713020783228 -101.65413736411979  -178.60260864881963 -11.216284599907455 -101.80760931946388  -178.54468462732964 -11.707844942699715 -101.90902492111076  -178.51565015996709 -12.203579791541216 -101.95985974650392  -178.51565015996709 -13.196420213024194 -101.95985974650392  -178.54468462574258 -13.692155039801822 -101.90902492392136  -178.60260865398391 -14.183715431037852 -101.80760931031416  -178.69014344815682 -14.667286949000907 -101.65413737709173  -178.80862026420638 -15.137496293508518 -101.44586264692288  -178.95975506566452 -15.586648168391253 -101.17904534352007  -179.31276962125145 -16.378902232643604 -100.55196557941485  -179.51322609488764 -16.738847141675173 -100.19453244238763  -179.74596270558499 -17.060448357413197 -99.777438374322543  -180.00763810394582 -17.324084187405141 -99.305367271780753  -180.29249686543668 -17.512755651515437 -98.787224345483978  -180.59319790581691 -17.612499999999997 -98.235264624188602  -181.1814899783916 -17.612499999999997 -97.145594095463338  -181.45345594695371 -17.529756689266396 -96.637680115404748  -181.71025891403045 -17.371392410855762 -96.154048580981026  -181.94642226435857 -17.147666137851896 -95.705799670201657  -182.15794676405562 -16.871737281541975 -95.301678504232854  -182.34250176195124 -16.559402325834746 -94.947242755729206  -182.70442775980581 -15.798157255500755 -94.249351732031499  -182.86915328347558 -15.322871902233979 -93.929277120634325  -182.99686394642532 -14.820129776257062 -93.679814263926019  -183.09050935533369 -14.300389488245612 -93.496296834639026  -183.15222719224073 -13.770728348602114 -93.37513938470444  -183.1831895827687 -13.235857213291492 -93.314357983356075  -183.1831895827687 -12.699999999999999 -93.314357983356075 
 0 8 0.1314054154952112 6 0.25023792936555278 6 0.3690704425943927 6 0.50047585681967754 6 0.63188127225345614 6 0.75071378605197447 6 0.8589468306213458 6 1 8
7 0 0  7 50 9  -174.29772566128116 -12.700000000000001 -109.01354585952738  -174.29772566128116 -12.203579791541191 -109.01354585952738  -174.26668251823477 -11.707844942699431 -109.06317954806235  -174.20475146036193 -11.216284599908578 -109.16219904409064  -174.11097388213119 -10.732713020782127 -109.31193798115881  -173.98356030603944 -10.262503722705228 -109.5148687266488  -173.82002816475639 -9.8133518276671321 -109.77427275363434  -173.43465711865124 -9.0210977692974303 -110.38200415494585  -173.21463715885469 -8.6611528521350074 -110.72773883838066  -172.95733465913338 -8.3395516514722701 -111.13014309868478  -172.66529463971005 -8.0759158061054812 -111.58405697812121  -172.34363862437922 -7.8872443505283787 -112.08019604544114  -171.9996886412292 -7.7875000000000014 -112.60629402013734  -171.28632238217119 -7.7874999999999943 -113.68846076196489  -170.93839241107142 -7.8872443484844794 -114.21193510214717  -170.60920821866978 -8.07591581259517 -114.7031116218859  -170.30715694283234 -8.339551642586251 -115.15042601549035  -170.03875251032153 -8.6611528583252593 -115.5455118949952  -169.80773401246813 -9.0210977673561672 -115.88399630957974  -169.40110665986663 -9.8133518276668319 -116.47771551759807  -169.22716362373609 -10.262503722705787 -116.73025666400986  -169.09088489978714 -10.732713020781473 -116.92734348811575  -168.99023323811204 -11.21628459990888 -117.07255101703673  -168.92364179383793 -11.707844942699445 -117.16849837798216  -168.89026275864376 -12.203579791541111 -117.2165922422196  -168.89026275864376 -13.19642021302464 -117.2165922422196  -168.92364179201033 -13.692155039800165 -117.16849838064294  -168.99023324405911 -14.183715431039962 -117.07255100837475  -169.09088489136099 -14.667286948999967 -116.9273435003963  -169.22716362986375 -15.137496293508274 -116.73025665507184  -169.4011066578436 -15.586648168391523 -116.47771552055195  -169.80773401147181 -16.378902230702582 -115.88399631103452  -170.0387525153277 -16.738847147864679 -115.54551188759041  -170.30715693235408 -17.060448348528556 -115.15042603110255  -170.60920823030492 -17.324084193893686 -114.70311160444919  -170.9383924040782 -17.512755649471931 -114.21193511268686  -171.28632238408332 -17.612500000000001 -113.68846075906424  -171.96787368163018 -17.612500000000001 -112.65455687352227  -172.2833180133689 -17.52975668921232 -112.17243969658314  -172.58152904096144 -17.371392410980405 -111.71318224364848  -172.85607815544913 -17.147666137856429 -111.28736186122076  -173.1022148933545 -16.871737281342547 -110.90333941786949  -173.3171303725353 -16.559402325975825 -110.56644687766841  -173.7388424066331 -15.798157255500318 -109.90297022441847  -173.93099254317289 -15.322871902235416 -109.59856822042336  -174.08008026457509 -14.820129776254864 -109.36126128492472  -174.18945288740426 -14.300389488247983 -109.18665962732331  -174.26155417599372 -13.770728348600276 -109.07137899906849  -174.29772566128116 -13.235857213292228 -109.01354585952738  -174.29772566128116 -12.700000000000001 -109.01354585952738 
 0 8 0.13140541444927265 6 0.25023792787027171 6 0.36907044192834915 6 0.50047585640400949 6 0.63188127208825284 6 0.7507137855002699 6 0.8589468303352551 6 1 8
7 0 0  7 50 9  -164.07022756074861 -12.700000000000001 -123.87336590133762  -164.07022756074861 -12.203579791540594 -123.87336590133762  -164.03495287848861 -11.707844942700948 -123.92008716586734  -163.96457987464248 -11.216284599907302 -124.01329637599395  -163.85803672350551 -10.732713020782086 -124.15423799653084  -163.71332410102352 -10.262503722705967 -124.34521800525174  -163.52768133275833 -9.8133518276667679 -124.58928761220953  -163.09051819493013 -9.0210977692973255 -125.16089647344251  -162.84103705145054 -8.6611528521359702 -125.48601247287422  -162.54944906067507 -8.3395516514699946 -125.86431157241027  -162.21874178355503 -8.0759158061077869 -126.29087678401258  -161.85483093023331 -7.8872443505274692 -126.75690838932917  -161.46608564214748 -7.7875000000000014 -127.25082920371132  -160.66059947947178 -7.7874999999999943 -128.26629378182784  -160.26811951198437 -7.8872443505275562 -128.75725217620757  -159.89714451784255 -8.0759158061080534 -129.21768036826256  -159.55704303337728 -8.3395516514688239 -129.63679391272683  -159.25503742083691 -8.6611528521372083 -130.00682955299729  -158.99523565716018 -9.0210977692968335 -130.32375903668031  -158.53812639921736 -9.8133518316087951 -130.87954625385322  -158.34271444784184 -10.26250370649133 -131.1158667372363  -158.18968308758355 -10.732713050998855 -131.30024819494227  -158.07668957116258 -11.216284568962962 -131.43607322844019  -158.00194342721278 -11.707844960197249 -131.52581359670134  -157.96447683364454 -12.203579786976178 -131.57079619062688  -157.96447683364454 -13.19642020845853 -131.57079619062688  -158.00194342926625 -13.692155057301388 -131.52581359421106  -158.07668956447978 -14.183715400090311 -131.43607323654786  -158.18968309705332 -14.667286979218845 -131.3002481834468  -158.34271444095404 -15.13749627729397 -131.1158667456036  -158.53812640149187 -15.586648172333309 -130.8795462510877  -158.9952356571597 -16.378902230702302 -130.32375903668088  -159.25503742083828 -16.738847147865307 -130.00682955299584  -159.55704303337558 -17.060448348527881 -129.63679391272819  -159.89714451784343 -17.324084193894084 -129.21768036826225  -160.26811951198428 -17.51275564947181 -128.75725217620737  -160.6605994794717 -17.612500000000001 -128.26629378182795  -161.4301622864287 -17.612500000000001 -127.29611725079378  -161.78665616596442 -17.529756689266524 -126.84350901727802  -162.12397912884941 -17.371392410855321 -126.41216177467318  -162.43480007083969 -17.1476661378525 -126.01204859559807  -162.7136538764303 -16.871737281541588 -125.65108171918725  -162.95727505991073 -16.559402325834832 -125.33432634666042  -163.43552608436286 -15.798157262102073 -124.71037261778905  -163.65362135872874 -15.322871874671852 -124.42398699295364  -163.82293818312411 -14.82012982805697 -124.20066320172447  -163.94719591677458 -14.300389434925341 -124.03632165157987  -164.0291254852884 -13.770728378841641 -123.92780548815094  -164.07022756074861 -13.235857205391619 -123.87336590133762  -164.07022756074861 -12.700000000000001 -123.87336590133762 
 0 8 0.13140541480070464 6 0.25023792853964766 6 0.36907044227849584 6 0.50047585832406616 6 0.63188127316117759 6 0.75071378693293966 6 0.85894683205840494 6 1 8
1 -151.51249515271644 -23.8125 -129.37176967623418 0 1 0 
1 4.9124999999999996 -1.2032154801622745e-15 -12.299999999999999 0 0 1 
2 0 0 -12.299999999999999 0 0 1 1 0 -0 -0 1 0 4.9124999999999996
1 4.9124999999999996 -1.2032154801622745e-15 -12.299999999999999 0 0 1 
2 0 0 -12.299999999999999 0 0 1 1 0 -0 -0 1 0 4.9124999999999996
1 4.9124999999999996 -1.2032154801622745e-15 -12.299999999999999 0 0 1 
2 0 0 -12.299999999999999 0 0 1 1 0 -0 -0 1 0 4.9124999999999996
1 4.9124999999999996 -1.2032154801622745e-15 -12.299999999999999 0 0 1 
2 0 0 -12.299999999999999 0 0 1 1 0 -0 -0 1 0 4.9124999999999996
1 4.9124999999999996 -1.2032154801622745e-15 -12.299999999999999 0 0 1 
2 0 0 -12.299999999999999 0 0 1 1 0 -0 -0 1 0 4.9124999999999996
1 4.9124999999999996 -1.2032154801622745e-15 -12.299999999999999 0 0 1 
2 0 0 -12.299999999999999 0 0 1 1 0 -0 -0 1 0 4.9124999999999996
Polygon3D 0
PolygonOnTriangulations 0
Surfaces 34
2 -1.4210854715202004e-14 -23.8125 -1.9539925233402755e-14 0 -1 0 0.99994668136691267 -0 -0.010326394496544407 0.010326394496544407 0 0.99994668136691267 199.23124999999996
1 -179.43072284365849 -23.8125 -86.358962629044555 -0.43367860458388491 0 0.90106762672186513 -0.90106762672186513 0 -0.43367860458388491 -0 -1 0 
2 0 0 -2 0 0 1 1 0 -0 -0 1 0 3.3250000000000002
2 0 0 -2 0 0 1 1 0 -0 -0 1 0 3.3250000000000002
2 0 0 -2 0 0 1 1 0 -0 -0 1 0 3.3250000000000002
2 0 0 -2 0 0 1 1 0 -0 -0 1 0 3.3250000000000002
2 0 0 -2 0 0 1 1 0 -0 -0 1 0 3.3250000000000002
2 0 0 -2 0 0 1 1 0 -0 -0 1 0 3.3250000000000002
2 0 0 -2 0 0 1 1 0 -0 -0 1 0 3.3250000000000002
2 0 0 -2 0 0 1 1 0 -0 -0 1 0 3.3250000000000002
2 0 0 -2 0 0 1 1 0 -0 -0 1 0 3.3250000000000002
2 0 0 -2 0 0 1 1 0 -0 -0 1 0 3.3250000000000002
2 0 0 -2 0 0 1 1 0 -0 -0 1 0 3.3250000000000002
2 0 0 -2 0 0 1 1 0 -0 -0 1 0 3.3250000000000002
1 -27.974290989936765 -23.8125 77.065188042359495 -0 -1 -0 0 0 -1 1 -0 0 
2 7.1054273576010019e-15 -23.8125 -7.1054273576010019e-15 -0 -1 -0 -0.76048559225882695 0 -0.64935480591641215 -0.64935480591641215 -0 0.76048559225882695 196.84999999999999
2 4.4337866711430252e-12 -23.8125 2.8705926524708048e-12 -0 -1 -0 -0.76048559225882906 0 -0.64935480591640948 -0.64935480591640959 0 0.76048559225882917 199.13125000000525
2 1.9468870959826745e-12 -23.8125 1.2576606422953773e-12 0 -1 0 -0.90106762672186491 -0 -0.4336786045838853 0.4336786045838853 0 -0.90106762672186491 205.58125000000231
1 196.83950422707673 -23.8125 -2.0327507566447851 -0.010326394496544695 0 -0.99994668136691267 0.99994668136691267 0 -0.010326394496544695 0 -1 -0 
1 -151.51249515271641 -23.8125 -129.37176967623418 0.64935480591641215 0 -0.76048559225882695 0.76048559225882695 0 0.64935480591641215 0 -1 0 
1 -168.8948125041 -23.812500000000004 -110.08899547276494 -0 -1 -0 0 0 -1 1 -0 0 
2 0 0 -12.299999999999999 0 0 1 1 0 -0 -0 1 0 4.9124999999999996
2 0 0 -12.299999999999999 0 0 1 1 0 -0 -0 1 0 4.9124999999999996
2 0 0 -12.299999999999999 0 0 1 1 0 -0 -0 1 0 4.9124999999999996
2 0 0 -12.299999999999999 0 0 1 1 0 -0 -0 1 0 4.9124999999999996
2 0 0 -12.299999999999999 0 0 1 1 0 -0 -0 1 0 4.9124999999999996
2 0 0 -12.299999999999999 0 0 1 1 0 -0 -0 1 0 4.9124999999999996
1 -156.34157866355994 -23.8125 -133.4951726938034 0.64935480591641259 0 -0.76048559225882661 0.76048559225882661 0 0.64935480591641259 0 -1 0 
1 0 0 -12.299999999999999 0 0 1 1 0 -0 -0 1 0 
1 0 0 -12.299999999999999 0 0 1 1 0 -0 -0 1 0 
1 0 0 -12.299999999999999 0 0 1 1 0 -0 -0 1 0 
1 0 0 -12.299999999999999 0 0 1 1 0 -0 -0 1 0 
1 0 0 -12.299999999999999 0 0 1 1 0 -0 -0 1 0 
1 0 0 -12.299999999999999 0 0 1 1 0 -0 -0 1 0 
Triangulations 0

TShapes 245
Ve
1e-07
199.220627262082 -23.8125 -2.05734048353968
0 0

0101101
*
Ve
1.0000026699772e-07
-179.520829606331 -23.8125 -86.4023304895032
0 0

0101101
*
Ed
 1e-07 1 1 0
1  1 0 0 3.60049051245644
2  1 1 0 0 3.60049051245644
2  2 1 2 0 3.60049051245644
0

0101000
+245 0 -244 0 *
Ve
1.0000026699772e-07
-179.520829606331 23.8125 -86.4023304895032
0 0

0101101
*
Ed
 1e-07 1 1 0
1  2 0 -47.625 0
2  3 1 0 -47.625 0
2  4 2 0 -47.625 0
0

0101000
+242 0 -244 0 *
Ed
 1e-07 1 1 0
1  1 0 0 3.60049051245644
2  1 1 0 0 3.60049051245644
2  2 1 2 0 3.60049051245644
0

0101000
+245 0 -242 2 *
Ed
 1e-07 1 1 0
1  3 0 0 47.625
2  5 1 0 0 47.625
0

0101000
+245 0 -245 1 *
Wi

0101100
-243 0 +241 0 +240 1 +239 0 *
Ve
2.35224774223429e-07
178.634734477293 11.1125 88.2197405051137
0 0

0101101
*
Ed
 2.35223774223429e-07 1 1 0
1  4 0 0 1
2  6 1 0 0 1
2  7 3 3 0 1
0

0101100
+237 0 -237 0 *
Wi

0101100
-236 0 *
Ve
2.35187756409518e-07
104.932662144298 11.1125 169.358281143477
0 0

0101101
*
Ed
 2.35186756409518e-07 1 1 0
1  5 0 0 1
2  8 1 0 0 1
2  9 4 4 0 1
0

0101100
+234 0 -234 0 *
Wi

0101100
-233 0 *
Ve
2.35172576317976e-07
-0.533477670282885 11.1125 199.230535757292
0 0

0101101
*
Ed
 2.35171576317976e-07 1 1 0
1  6 0 0 1
2  10 1 0 0 1
2  11 5 5 0 1
0

0101100
+231 0 -231 0 *
Wi

0101100
-230 0 *
Ve
2.35224751758796e-07
-127.002743776964 11.1125 153.503726500972
0 0

0101101
*
Ed
 2.35223751758796e-07 1 1 0
1  7 0 0 1
2  12 1 0 0 1
2  13 6 6 0 1
0

0101100
+228 0 -228 0 *
Wi

0101100
-227 0 *
Ve
2.35187751434685e-07
-188.977951322361 11.1125 63.0906085766008
0 0

0101101
*
Ed
 2.35186751434685e-07 1 1 0
1  8 0 0 1
2  14 1 0 0 1
2  15 7 7 0 1
0

0101100
+225 0 -225 0 *
Wi

0101100
-224 0 *
Ve
2.35172953684586e-07
-193.747820933219 11.1125 -46.4206081411253
0 0

0101101
*
Ed
 2.35171953684586e-07 1 1 0
1  9 0 0 1
2  16 1 0 0 1
2  17 8 8 0 1
0

0101100
+222 0 -222 0 *
Wi

0101100
-221 0 *
Ve
2.35224725826305e-07
196.011289075701 -11.1125 35.6744380676739
0 0

0101101
*
Ed
 2.35223725826305e-07 1 1 0
1  10 0 0 1
2  18 1 0 0 1
2  19 9 9 0 1
0

0101100
+219 0 -219 0 *
Wi

0101100
-218 0 *
Ve
2.35173045506078e-07
147.473668161192 -11.1125 133.957486448668
0 0

0101101
*
Ed
 2.35172045506078e-07 1 1 0
1  11 0 0 1
2  20 1 0 0 1
2  21 10 10 0 1
0

0101100
+216 0 -216 0 *
Wi

0101100
-215 0 *
Ve
2.35224735896049e-07
54.2944318382467 -11.1125 191.690390077136
0 0

0101101
*
Ed
 2.35223735896049e-07 1 1 0
1  12 0 0 1
2  22 1 0 0 1
2  23 11 11 0 1
0

0101100
+213 0 -213 0 *
Wi

0101100
-212 0 *
Ve
2.35224774951217e-07
-79.8744933910605 -11.1125 182.518920340013
0 0

0101101
*
Ed
 2.35223774951217e-07 1 1 0
1  13 0 0 1
2  24 1 0 0 1
2  25 12 12 0 1
0

0101100
+210 0 -210 0 *
Wi

0101100
-209 0 *
Ve
2.35224741984786e-07
-164.330711956301 -11.1125 112.643278026244
0 0

0101101
*
Ed
 2.35223741984786e-07 1 1 0
1  14 0 0 1
2  26 1 0 0 1
2  27 13 13 0 1
0

0101100
+207 0 -207 0 *
Wi

0101100
-206 0 *
Ve
2.35187738448323e-07
-199.04253523784 -11.1125 8.66949494814055
0 0

0101101
*
Ed
 2.35186738448323e-07 1 1 0
1  15 0 0 1
2  28 1 0 0 1
2  29 14 14 0 1
0

0101100
+204 0 -204 0 *
Wi

0101100
-203 0 *
Fa
0  1e-07 1 0

0101000
+238 0 +235 0 +232 0 +229 0 +226 0 +223 0 +220 0 +217 0 +214 0 +211 0 
+208 0 +205 0 +202 0 *
Ve
1.00000023536728e-07
196.839504227077 -23.8125 -2.03275075664476
0 0

0101101
*
Ed
 1e-07 1 1 0
1  16 0 0 2.38124999999999
0

0101000
+200 0 -245 0 *
Ve
1e-07
-149.70158883615 -23.8125 -127.825493544646
0 0

0101101
*
Ed
 1e-07 1 1 0
1  17 0 0 3.85865496321157
2  30 16 0 0 3.85865496321157
2  31 16 2 0 3.85865496321157
0

0101000
+198 0 -200 0 *
Ve
1.00000040194367e-07
-151.436446593491 -23.8125 -129.306834195643
0 0

0101101
*
Ed
 1e-07 1 1 0
1  18 0 0.0999999999999913 2.38125
0

0101000
+196 0 -198 0 *
Ve
1.00000015888219e-07
-179.430722843658 -23.8125 -86.3589626290446
0 0

0101101
*
Ed
 1e-07 1 1 0
1  19 0 0 0.258164450755124
2  32 17 0 0 0.258164450755124
2  33 17 16 0 0.258164450755124
0

0101000
+196 0 -194 0 *
Ed
 1e-07 1 1 0
1  20 0 0 0.0999999999999951
0

0101000
+194 0 -244 0 *
Wi

0101100
+199 0 +197 0 +195 0 -193 0 -192 0 +243 0 *
Fa
0  1e-07 15 0

0101000
+191 0 *
Ve
1.00000014210855e-07
-185.242609036015 -23.8125 -89.1561896286106
0 0

0101101
*
Ed
 1e-07 1 1 0
1  20 0 0.0999999999999951 6.44999999999998
0

0101000
+244 0 -189 0 *
Ed
 1.00000014210855e-07 1 1 0
1  21 0 0 47.625
2  34 18 0 0 47.625
0

0101000
+189 0 -189 15 *
Ed
 1e-07 1 1 0
1  20 0 0.0999999999999951 6.44999999999998
0

0101000
+242 16 -189 0 *
Wi

0101100
-188 0 -187 0 +186 15 -241 0 *
Fa
0  1e-07 2 0

0101000
+185 0 *
Ve
1.00000040194367e-07
-151.436446593491 23.8125 -129.306834195643
0 0

0101101
*
Ed
 1e-07 1 1 0
1  18 0 0.0999999999999913 2.38125
0

0101000
+183 2 -198 0 *
Ve
1.00000015888219e-07
-179.430722843658 23.8125 -86.3589626290446
0 0

0101101
*
Ed
 1e-07 1 1 0
1  19 0 0 0.258164450755124
2  32 17 0 0 0.258164450755124
2  33 17 16 0 0.258164450755124
0

0101000
+183 16 -181 16 *
Ed
 1e-07 1 1 0
1  20 0 0 0.0999999999999951
0

0101000
+181 16 -242 16 *
Wi

0101100
+199 1 +197 1 +182 1 -180 15 -179 15 +240 1 *
Fa
0  1e-07 15 1

0101000
+178 0 *
Ed
 1.00000023536728e-07 1 1 0
1  22 0 0 47.625
2  35 16 0 0 47.625
0

0101000
+200 0 -200 1 *
Wi

0101100
+176 0 -239 0 -199 0 +199 1 *
Fa
0  1e-07 19 0

0101000
+175 0 *
Ve
2.35182081495562e-07
176.517254211788 11.1125 87.1296818858591
0 0

0101101
*
Ed
 1e-07 1 1 0
1  23 0 8.3219166531004 10.7035023576706
3  36 37CN 3 0 8.3219166531004 10.7035023576706
0

0101000
+173 17 -237 17 *
Ed
 2.35181081495562e-07 1 1 0
1  24 0 0 1
2  38 16 0 0 1
2  39 3 3 0 1
0

0101100
+173 0 -173 0 *
Wi

0101100
-236 0 +172 3 +171 0 -172 3 *
Fa
0  1e-07 3 3

0101000
+170 0 *
Ve
2.35233824601437e-07
103.71227176669 11.1125 167.313141100729
0 0

0101101
*
Ed
 1e-07 1 1 0
1  25 0 8.32191665310038 10.7035023576706
3  40 41CN 4 0 8.32191665310038 10.7035023576706
0

0101000
+168 18 -234 18 *
Ed
 2.35232824601437e-07 1 1 0
1  26 0 0 1
2  42 16 0 0 1
2  43 4 4 0 1
0

0101100
+168 0 -168 0 *
Wi

0101100
-233 0 +167 4 +166 0 -167 4 *
Fa
0  1e-07 4 4

0101000
+165 0 *
Ve
2.35182069749714e-07
-0.487354936414634 11.1125 196.84939671019
0 0

0101101
*
Ed
 1e-07 1 1 0
1  27 0 8.32191665310039 10.7035023576706
3  44 45CN 5 0 8.32191665310039 10.7035023576706
0

0101000
+163 19 -231 19 *
Ed
 2.35181069749714e-07 1 1 0
1  28 0 0 1
2  46 16 0 0 1
2  47 5 5 0 1
0

0101100
+163 0 -163 0 *
Wi

0101100
-230 0 +162 5 +161 0 -162 5 *
Fa
0  1e-07 5 5

0101000
+160 0 *
Ve
2.35193364607989e-07
-125.454156141421 11.1125 151.694354564842
0 0

0101101
*
Ed
 1e-07 1 1 0
1  29 0 8.3219166531004 10.7035023576706
3  48 49CN 6 0 8.3219166531004 10.7035023576706
0

0101000
+158 20 -228 20 *
Ed
 2.35192364607989e-07 1 1 0
1  30 0 0 1
2  50 16 0 0 1
2  51 6 6 0 1
0

0101100
+158 0 -158 0 *
Wi

0101100
-227 0 +157 6 +156 0 -157 6 *
Fa
0  1e-07 6 6

0101000
+155 0 *
Ve
2.35233778700585e-07
-186.706660325057 11.1125 62.3742373922408
0 0

0101101
*
Ed
 1e-07 1 1 0
1  31 0 8.3219166531004 10.7035023576706
3  52 53CN 7 0 8.3219166531004 10.7035023576706
0

0101000
+153 21 -225 21 *
Ed
 2.35232778700585e-07 1 1 0
1  32 0 0 1
2  54 16 0 0 1
2  55 7 7 0 1
0

0101100
+153 0 -153 0 *
Wi

0101100
-224 0 +152 7 +151 0 -152 7 *
Fa
0  1e-07 7 7

0101000
+150 0 *
Ve
2.35233810586002e-07
-191.441366936082 11.1125 -45.8271265261556
0 0

0101101
*
Ed
 1e-07 1 1 0
1  33 0 8.32191665310039 10.7035023576706
3  56 57CN 8 0 8.32191665310039 10.7035023576706
0

0101000
+148 22 -222 22 *
Ed
 2.35232810586002e-07 1 1 0
1  34 0 0 1
2  58 16 0 0 1
2  59 8 8 0 1
0

0101100
+148 0 -148 0 *
Wi

0101100
-221 0 +147 8 +146 0 -147 8 *
Fa
0  1e-07 8 8

0101000
+145 0 *
Ve
2.35233868433965e-07
193.675637767732 -11.1125 35.2089453869626
0 0

0101101
*
Ed
 1e-07 1 1 0
1  35 0 8.3219166531004 10.7035023576706
3  60 61CN 9 0 8.3219166531004 10.7035023576706
0

0101000
+143 23 -219 23 *
Ed
 2.35232868433965e-07 1 1 0
1  36 0 0 1
2  62 16 0 0 1
2  63 9 9 0 1
0

0101100
+143 0 -143 0 *
Wi

0101100
-218 0 +142 9 +141 0 -142 9 *
Fa
0  1e-07 9 9

0101000
+140 0 *
Ve
2.35233851475591e-07
145.737756228255 -11.1125 132.32697725541
0 0

0101101
*
Ed
 1e-07 1 1 0
1  37 0 8.3219166531004 10.7035023576706
3  64 65CN 10 0 8.3219166531004 10.7035023576706
0

0101000
+138 24 -216 24 *
Ed
 2.35232851475591e-07 1 1 0
1  38 0 0 1
2  66 16 0 0 1
2  67 10 10 0 1
0

0101100
+138 0 -138 0 *
Wi

0101100
-215 0 +137 10 +136 0 -137 10 *
Fa
0  1e-07 10 10

0101000
+135 0 *
Ve
2.35196863893509e-07
53.6837355491508 -11.1125 189.388434275932
0 0

0101101
*
Ed
 1e-07 1 1 0
1  39 0 8.32191665310039 10.7035023576706
3  68 69CN 11 0 8.32191665310039 10.7035023576706
0

0101000
+133 25 -213 25 *
Ed
 2.35195863893509e-07 1 1 0
1  40 0 0 1
2  70 16 0 0 1
2  71 11 11 0 1
0

0101100
+133 0 -133 0 *
Wi

0101100
-212 0 +132 11 +131 0 -132 11 *
Fa
0  1e-07 11 11

0101000
+130 0 *
Ve
2.35196886556864e-07
-78.8834040341377 -11.1125 180.353350587082
0 0

0101101
*
Ed
 1e-07 1 1 0
1  41 0 8.32191665310037 10.7035023576706
3  72 73CN 12 0 8.32191665310037 10.7035023576706
0

0101000
+128 26 -210 26 *
Ed
 2.35195886556864e-07 1 1 0
1  42 0 0 1
2  74 16 0 0 1
2  75 12 12 0 1
0

0101100
+128 0 -128 0 *
Wi

0101100
-209 0 +127 12 +126 0 -127 12 *
Fa
0  1e-07 12 12

0101000
+125 0 *
Ve
2.35182056079301e-07
-162.344124215157 -11.1125 111.32972573762
0 0

0101101
*
Ed
 1e-07 1 1 0
1  43 0 8.32191665310041 10.7035023576706
3  76 77CN 13 0 8.32191665310041 10.7035023576706
0

0101000
+123 27 -207 27 *
Ed
 2.35181056079301e-07 1 1 0
1  44 0 0 1
2  78 16 0 0 1
2  79 13 13 0 1
0

0101100
+123 0 -123 0 *
Wi

0101100
-206 0 +122 13 +121 0 -122 13 *
Fa
0  1e-07 13 13

0101000
+120 0 *
Ve
2.00001e-07
-196.661807219458 -11.1125 8.60558430187914
0 0

0101101
*
Ed
 1e-07 1 1 0
1  45 0 8.32191665310041 10.7035023576706
3  80 81CN 14 0 8.32191665310041 10.7035023576706
0

0101000
+118 28 -204 28 *
Ed
 1.8237849056748e-07 1 1 0
1  46 0 0 1
2  82 16 0 0 1
2  83 14 14 0 1
0

0101100
+118 0 -118 0 *
Wi

0101100
-203 0 +117 14 +116 0 -117 14 *
Fa
0  1e-07 14 14

0101000
+115 0 *
Ed
 1e-07 1 1 0
1  47 0 0 47.625
2  84 16 0 0 47.625
0

0101000
+198 0 -198 1 *
Wi

0101100
+113 0 -197 0 +197 1 -176 0 *
Wi

0101100
+146 0 *
Wi

0101100
+151 0 *
Wi

0101100
+156 0 *
Wi

0101100
+161 0 *
Wi

0101100
+166 0 *
Wi

0101100
+171 0 *
Wi

0101100
+116 0 *
Wi

0101100
+121 0 *
Wi

0101100
+126 0 *
Wi

0101100
+131 0 *
Wi

0101100
+136 0 *
Wi

0101100
+141 0 *
Fa
0  1e-07 16 0

0101000
+112 0 +111 0 +110 0 +109 0 +108 0 +107 0 +106 0 +105 0 +104 0 +103 0 
+102 0 +101 0 +100 0 *
Ed
 1.00000014210855e-07 1 1 0
1  48 0 0 47.625
2  85 17 0 0 47.625
0

0101000
+196 0 -183 0 *
Wi

0101100
-195 0 -113 0 +182 1 +98 0 *
Fa
0  1e-07 20 0

0101000
+97 0 *
Ve
1.00000040194367e-07
-151.512495152716 -23.8125 -129.371769676234
0 0

0101101
*
Ed
 1.00000040194367e-07 1 1 0
1  18 0 0 0.0999999999999913
0

0101000
+95 0 -196 0 *
Ed
 1.00000003552714e-07 1 1 0
1  1 0 3.60049051245644 3.85865496321157
2  1 1 0 3.60049051245644 3.85865496321157
2  2 1 2 3.60049051245644 3.85865496321157
0

0101000
+244 0 -95 0 *
Wi

0101100
+192 0 +193 0 +94 0 +93 0 *
Fa
0  1e-07 15 0

0101000
+92 0 *
Ve
1.00000014210855e-07
-156.34157866356 -23.8125 -133.495172693803
0 0

0101101
*
Ed
 1e-07 1 1 0
1  49 0 0 6.34999999999996
0

0101000
+90 0 -95 0 *
Ed
 1e-07 1 1 0
1  50 0 0 0.258164450755128
2  86 18 0 0 0.258164450755128
2  87 18 16 0 0.258164450755128
0

0101000
+189 0 -90 0 *
Wi

0101100
+188 0 -93 0 +89 0 +88 0 *
Fa
0  1e-07 21 0

0101000
+87 0 *
Ed
 1.00000014210855e-07 1 1 0
1  51 0 0 47.625
2  88 18 0 0 47.625
0

0101000
+90 0 -90 15 *
Wi

0101100
+187 0 -88 0 +88 15 -85 0 *
Ve
1.22447232107149e-07
-183.183189582769 12.7 -93.3143579833561
0 0

0101101
*
Ed
 1.22447191873548e-07 1 1 0
1  52 0 0 1
2  89 18 0 0 1
2  90 22 29 0 1
0

0101100
+83 0 -83 0 *
Wi

0101100
-82 0 *
Ve
1.22447165633706e-07
-174.297725661281 12.7 -109.013545859527
0 0

0101101
*
Ed
 1.2244713715654e-07 1 1 0
1  53 0 0 1
2  91 18 0 0 1
2  92 23 30 0 1
0

0101100
+80 0 -80 0 *
Wi

0101100
-79 0 *
Ve
1.22447161721858e-07
-164.070227560749 12.7 -123.873365901338
0 0

0101101
*
Ed
 1.22447147400411e-07 1 1 0
1  54 0 0 1
2  93 18 0 0 1
2  94 24 31 0 1
0

0101100
+77 0 -77 0 *
Wi

0101100
-76 0 *
Ve
1.22447255447443e-07
-183.183189582769 -12.7 -93.3143579833561
0 0

0101101
*
Ed
 1.22447215213843e-07 1 1 0
1  55 0 0 1
2  95 18 0 0 1
2  96 25 32 0 1
0

0101100
+74 0 -74 0 *
Wi

0101100
-73 0 *
Ve
1.22447137350569e-07
-174.297725661281 -12.7 -109.013545859527
0 0

0101101
*
Ed
 1.22447108928859e-07 1 1 0
1  56 0 0 1
2  97 18 0 0 1
2  98 26 33 0 1
0

0101100
+71 0 -71 0 *
Wi

0101100
-70 0 *
Ve
1.2249191363505e-07
-164.070227560749 -12.7 -123.873365901338
0 0

0101101
*
Ed
 1.22491899424196e-07 1 1 0
1  57 0 0 1
2  99 18 0 0 1
2  100 27 34 0 1
0

0101100
+68 0 -68 0 *
Wi

0101100
-67 0 *
Fa
0  1e-07 18 0

0101000
+84 0 +81 0 +78 0 +75 0 +72 0 +69 0 +66 0 *
Ve
1.00000040194367e-07
-151.512495152716 23.8125 -129.371769676234
0 0

0101101
*
Ed
 1.00000003552714e-07 1 1 0
1  1 0 3.60049051245644 3.85865496321157
2  1 1 0 3.60049051245644 3.85865496321157
2  2 1 2 3.60049051245644 3.85865496321157
0

0101000
+242 2 -64 2 *
Ed
 1e-07 1 1 0
1  49 0 0 6.34999999999996
0

0101000
+90 0 -64 16 *
Wi

0101100
+186 15 -63 1 +62 15 +88 15 *
Fa
0  1e-07 21 15

0101000
+61 0 *
Ed
 1.00000040194367e-07 1 1 0
1  18 0 0 0.0999999999999913
0

0101000
+64 2 -183 2 *
Wi

0101100
+179 15 +180 15 +59 1 +63 1 *
Fa
0  1e-07 15 1

0101000
+58 0 *
Ed
 1.00000040194367e-07 1 1 0
1  58 0 0 47.625
2  101 1 0 0 47.625
0

0101000
+95 0 -64 0 *
Wi

0101100
-94 0 -98 0 +59 1 +56 0 *
Fa
0  1e-07 20 0

0101000
+55 0 *
Wi

0101100
-89 0 -56 0 +62 15 +85 0 *
Fa
0  1e-07 28 0

0101000
+53 0 *
Ve
1e-07
-160.469114685655 12.7 -118.181584287971
0 0

0101101
*
Ed
 1e-07 1 1 0
1  59 0 0 6.2912979000115
3  102 103CN 22 0 0 6.2912979000115
0

0101000
+51 36 -83 37 *
Ed
 1e-07 1 1 0
1  60 0 0 6.28318530717959
2  104 22 0 0 6.28318530717959
2  105 29 0 0 6.28318530717959
0

0101000
+51 36 -51 36 *
Wi

0101100
-82 0 +50 29 +49 29 -50 29 *
Fa
0  1e-07 22 29

0101000
+48 0 *
Ve
1e-07
-149.491154439513 12.7 -131.793848024687
0 0

0101101
*
Ed
 1e-07 1 1 0
1  61 0 0 6.2912979000115
3  106 107CN 23 0 0 6.2912979000115
0

0101000
+46 39 -80 40 *
Ed
 1e-07 1 1 0
1  62 0 0 6.28318530717959
2  108 23 0 0 6.28318530717959
2  109 30 0 0 6.28318530717959
0

0101000
+46 39 -46 39 *
Wi

0101100
-79 0 +45 30 +44 30 -45 30 *
Fa
0  1e-07 23 30

0101000
+43 0 *
Ve
1e-07
-137.362162314088 12.7 -144.391343221159
0 0

0101101
*
Ed
 1e-07 1 1 0
1  63 0 0 6.29129790001147
3  110 111CN 24 0 0 6.29129790001147
0

0101000
+41 42 -77 43 *
Ed
 1e-07 1 1 0
1  64 0 0 6.28318530717959
2  112 24 0 0 6.28318530717959
2  113 31 0 0 6.28318530717959
0

0101000
+41 42 -41 42 *
Wi

0101100
-76 0 +40 31 +39 31 -40 31 *
Fa
0  1e-07 24 31

0101000
+38 0 *
Ve
1e-07
-160.469114685655 -12.7 -118.181584287971
0 0

0101101
*
Ed
 1e-07 1 1 0
1  65 0 0 6.2912979000115
3  114 115CN 25 0 0 6.2912979000115
0

0101000
+36 45 -74 46 *
Ed
 1e-07 1 1 0
1  66 0 0 6.28318530717959
2  116 25 0 0 6.28318530717959
2  117 32 0 0 6.28318530717959
0

0101000
+36 45 -36 45 *
Wi

0101100
-73 0 +35 32 +34 32 -35 32 *
Fa
0  1e-07 25 32

0101000
+33 0 *
Ve
1e-07
-149.491154439513 -12.7 -131.793848024687
0 0

0101101
*
Ed
 1e-07 1 1 0
1  67 0 0 6.2912979000115
3  118 119CN 26 0 0 6.2912979000115
0

0101000
+31 48 -71 49 *
Ed
 1e-07 1 1 0
1  68 0 0 6.28318530717959
2  120 26 0 0 6.28318530717959
2  121 33 0 0 6.28318530717959
0

0101000
+31 48 -31 48 *
Wi

0101100
-70 0 +30 33 +29 33 -30 33 *
Fa
0  1e-07 26 33

0101000
+28 0 *
Ve
1e-07
-137.362162314088 -12.7 -144.391343221159
0 0

0101101
*
Ed
 1e-07 1 1 0
1  69 0 0 6.29129790001147
3  122 123CN 27 0 0 6.29129790001147
0

0101000
+26 51 -68 52 *
Ed
 1e-07 1 1 0
1  70 0 0 6.28318530717959
2  124 27 0 0 6.28318530717959
2  125 34 0 0 6.28318530717959
0

0101000
+26 51 -26 51 *
Wi

0101100
-67 0 +25 34 +24 34 -25 34 *
Fa
0  1e-07 27 34

0101000
+23 0 *
Wi

0101100
-49 0 *
Fa
0  1e-07 29 0

0111000
-21 0 *
Wi

0101100
-44 0 *
Fa
0  1e-07 30 0

0111000
-19 0 *
Wi

0101100
-39 0 *
Fa
0  1e-07 31 0

0111000
-17 0 *
Wi

0101100
-34 0 *
Fa
0  1e-07 32 0

0111000
-15 0 *
Wi

0101100
-29 0 *
Fa
0  1e-07 33 0

0111000
-13 0 *
Wi

0101100
-24 0 *
Fa
0  1e-07 34 0

0111000
-11 0 *
Sh

0101100
+201 0 +190 0 +184 0 -177 0 +174 0 -169 0 -164 0 -159 0 -154 0 -149 0 
-144 0 -139 0 -134 0 -129 0 -124 0 -119 0 -114 0 +99 0 +96 0 +91 0 
+86 0 +65 0 -60 0 -57 0 +54 0 +52 0 -47 0 -42 0 -37 0 -32 0 
-27 0 -22 0 +20 29 +18 30 +16 31 +14 32 +12 33 +10 34 *
So

0100000
+9 0 *
Co

0100000
+8 0 *
Co

0100000
+7 0 *
Co

0100000
+6 0 *
Co

0100000
+5 0 *
Co

0100000
+4 0 *
Co

0100000
+3 0 *
Co

1100000
+2 0 *

+1 0 