
CASCADE Topology V1, (c) Matra-Datavision
Locations 7
1
1.000000000000000 0.000000000000000 0.000000000000000 0.000000000000000 
0.000000000000000 1.000000000000000 0.000000000000000 0.000000000000000 
0.000000000000000 0.000000000000000 1.000000000000000 0.000000000000000 
1
1.000000000000000 0.000000000000000 0.000000000000000 0.000000000000000 
0.000000000000000 1.000000000000000 0.000000000000000 0.000000000000000 
0.000000000000000 0.000000000000000 1.000000000000000 0.000000000000000 
2  2 -1 0
1
1.000000000000000 0.000000000000000 0.000000000000000 0.000000000000000 
0.000000000000000 1.000000000000000 0.000000000000000 141.000000000000000 
0.000000000000000 0.000000000000000 1.000000000000000 0.000000000000000 
1
1.000000000000000 0.000000000000000 0.000000000000000 0.000000000000000 
0.000000000000000 1.000000000000000 0.000000000000000 229.000000000000000 
0.000000000000000 0.000000000000000 1.000000000000000 0.000000000000000 
2  2 -1 4 -1 0
2  2 -1 5 -1 0
Curve2ds 28
1 0.00000000000000000 5.85000000000000853 1.00000000000000000 0.00000000000000000 
1 6.28318530717958623 -0.00000000000000000 0.00000000000000000 1.00000000000000000 
1 0.00000000000000000 -0.00000000000000000 0.00000000000000000 1.00000000000000000 
1 0.00000000000000000 0.00000000000000000 1.00000000000000000 0.00000000000000000 
1 0.00000000000000000 5.85000000000000853 1.00000000000000000 0.00000000000000000 
1 0.25810558067836686 0.00000000000000000 0.00000000000000000 1.00000000000000000 
1 0.00000000000000000 44.15000000000000568 1.00000000000000000 0.00000000000000000 
1 0.00000000000000000 93.84999999999999432 1.00000000000000000 0.00000000000000000 
1 0.25810558067836686 0.00000000000000000 0.00000000000000000 1.00000000000000000 
1 0.00000000000000000 132.15000000000000568 1.00000000000000000 0.00000000000000000 
1 0.00000000000000000 138.00000000000000000 1.00000000000000000 0.00000000000000000 
1 0.00000000000000000 132.15000000000000568 1.00000000000000000 0.00000000000000000 
1 6.02507972650121904 0.00000000000000000 0.00000000000000000 1.00000000000000000 
1 0.00000000000000000 93.84999999999999432 1.00000000000000000 0.00000000000000000 
1 0.00000000000000000 44.15000000000000568 1.00000000000000000 0.00000000000000000 
1 6.02507972650121904 0.00000000000000000 0.00000000000000000 1.00000000000000000 
7 0 0  8 205 30  1.63562890610662293 24.99999999924716931  1.63562890610818457 24.70278985895952673  1.63703816075074426 24.40591314746316698  1.63985106015034687 24.11037817279746065  1.64409226512255380 23.81759838302701837  1.64979790361646961 23.52935064325699344  1.65701771959540167 23.24780716058665320  1.66580737702819559 22.97550912405384338  1.67984139195051174 22.62651792824768648  1.68361440418850394 22.53899113196139936  1.68758346702326345 22.45309465280125494  1.69175101262910510 22.36898814343369324  1.69611903699201094 22.28685006577316230  1.70068895094570438 22.20687615861175956  1.70546143120771920 22.12927790524888394  1.71436318233004092 21.99508188133400211  1.71841599658504096 21.93750646923092518  1.72259443209326912 21.88166733898854233  1.72689764602374796 21.82768565043765108  1.73132411680609888 21.77568907401161624  1.73587152613491136 21.72580971569489350  1.74053664097411565 21.67818204197162402  1.74788456540817627 21.60861514969044350  1.75048671098473863 21.58497959201028848  1.75312094456440581 21.56205519779163993  1.75578649226669237 21.53986296203845541  1.75848248812858965 21.51842364988737444  1.76120796817589076 21.49775763779446436  1.76396186449451786 21.47788475472190584  1.77234390257890340 21.42043808300260466  1.77805597851818931 21.38534173691900975  1.78386883108054461 21.35369755805713154  1.78977103543212457 21.32564855932096393  1.79575008476908438 21.30131482047280045  1.80179233714225773 21.28079001507065726  1.80788296228183465 21.26413793740581326  1.81976784895469179 21.23939170939268450  1.82555936164042265 21.23084893437195220  1.83136715336634937 21.22578666597823016  1.83717849346978568 21.22420200325088757  1.84298118850341042 21.22606618532526213  1.84876357700042959 21.23132759408945702  1.85451452423973828 21.23991475684111307  1.86299706252722852 21.25748428551601776  1.86576090526990646 21.26399374417659871  1.86851380404071876 21.27125757188833788  1.87125467679071589 21.27926505320951023  1.87398250062039962 21.28800491029427278  1.87669631177972529 21.29746530289265394  1.87939520566810159 21.30763382835053221  1.88716558016475577 21.33909519188766879  1.89219611443204982 21.36219223364154374  1.89716426396947946 21.38770183749570464  1.90206510293957987 21.41553373464897803  1.90689439565723196 21.44559596029636950  1.91164853691269054 21.47779661705089183  1.91632449229460522 21.51204563836524031  1.92671290428423436 21.59390716895468287  1.93237758909217749 21.64267416928672105  1.93790906975801058 21.69438559999342786  1.94330349300144389 21.74887572129820867  1.94855778628792531 21.80598656642683508  1.95366956867579988 21.86556950143002709  1.95863706166347207 21.92748678500607440  1.96733199753945409 22.04311962805875780  1.97111096662975638 22.09604954346310990  1.97479521403244362 22.15033711434264774  1.97838412686295406 22.20591961515635759  1.98187716805062863 22.26273740025768433  1.98527387176215497 22.32073394913594200  1.98857383882500360 22.37985591165784172  1.99441669415632394 22.48967030087641916  1.99699067918672069 22.54001741511888213  1.99949848328631252 22.59106620845458124  2.00193990587557247 22.64278927221154092  2.00431474975119128 22.69516007662767620  2.00662282108607837 22.74815297085074306  2.00886392942936087 22.80174318293835256  2.01286707762615791 22.90148063777287391  2.01464872302791109 22.94746024780696558  2.01638270917338369 22.99383134372705584  2.01806892035993712 23.04057986392642121  2.01970723992055756 23.08769199142490436  2.02129755022385504 23.13515415386885365  2.02283973267406436 23.18295302353114806  2.02559589183444144 23.27173416111018511  2.02682367414785380 23.31262377056528479  2.02801694208356809 23.35373642920655968  2.02917562325551737 23.39506428377847058  2.03029964545927966 23.43659954423982938  2.03138893667207654 23.47833448376385945  2.03244342505277586 23.52026143873814590  2.03764317903308667 23.73501799143914326  2.04123714853542060 23.91076190339424556  2.04424012418587253 24.08908282522880384  2.04664730849460286 24.26946363399009243  2.04845463996380062 24.45138935895977284  2.04965925898759194 24.63434550552080893  2.05025972943300161 24.81781714710525222  2.05025305964372873 25.14734641521545200  2.04986722248445208 25.29340212835298018  2.04909846978262689 25.43919472972716989  2.04794742393825935 25.58446382728810420  2.04641527101511755 25.72894948240860558  2.04450366736297662 25.87239186044855543  2.04221464623986471 26.01453088131918889  2.03886821683061337 26.19110849706626709  2.03816130422622477 26.22700854520077485  2.03742982512930038 26.26280163566065795  2.03667381871690001 26.29848337588067153  2.03589332483498486 26.33404935952049897  2.03508838399841396 26.36949516646481584  2.03425903739094727 26.40481636282328282  2.03238406560310914 26.48210751025327525  2.03132793821557112 26.52402180934932474  2.03023701637074705 26.56574379816078846  2.02911137191071589 26.60726581311044470  2.02795107685151343 26.64858012710170954  2.02675620338313323 26.68967894951862618  2.02552682386952787 26.73055442622588274  2.02276722905776296 26.81930296609115061  2.02122321367505098 26.86708326597337049  2.01963108419756621 26.91452645506095465  2.01799095915790083 26.96161920377459964  2.01630295612413946 27.00834793711025128  2.01456719169985909 27.05469883463907976  2.01278378152413095 27.10065783050746191  2.00877686186123317 27.20034772572382309  2.00653375618698382 27.25391085090599219  2.00422371018074763 27.30687608943619082  2.00184691421165573 27.35921866100442301  1.99940356208600356 27.41091290453802287  1.99689385104724137 27.46193227820166527  1.99431798177597908 27.51224935939734806  1.98852013810212003 27.62107370095576542  1.98527002861166890 27.67926811848146329  1.98192615332451227 27.73637118042847760  1.97848889379624748 27.79233195562693837  1.97495869390820911 27.84709653988932843  1.97133606404348982 27.90060809724992197  1.96762158526296238 27.95280690120400280  1.95900067425150737 28.06793628655068318  1.95403963359805810 28.13003773884963721  1.94893404315881624 28.18980964856151417  1.94368566346403160 28.24711448595093444  1.93829685232040383 28.30180381478155383  1.93277065319515207 28.35371983126805517  1.92711088360008076 28.40269690302798722  1.91672045827769177 28.48502500101426804  1.91203738835020465 28.51951969798768616  1.90727552018429769 28.55196029299630567  1.90243787711138901 28.58225614070812881  1.89752805956316561 28.61031464567782123  1.89255030533154955 28.63604305160799868  1.88750954982866159 28.65935023061025078  1.87971911208661746 28.69113237865522947  1.87701076713337711 28.70141661892724727  1.87428730258110554 28.71098804218321732  1.87154962966101635 28.71983406226551949  1.86879871974150169 28.72794265795803526  1.86603560432812832 28.73530237298612633  1.86326137506363798 28.74190231601666667  1.85477303176616526 28.75967613854546912  1.84902654276890610 28.76838911598337489  1.84324828056726608 28.77378250847529984  1.83744933542945699 28.77578443092451721  1.83164132974271499 28.77434271541953237  1.82583642369520383 28.76942792901976276  1.82004732095792110 28.76103639154105096  1.80811029755038155 28.73649274733798720  1.80196560118903748 28.71982052911397787  1.79586972445028503 28.69920674525340232  1.78983791688591776 28.67471626835393650  1.78388419319406832 28.64644497092267983  1.77802138798146703 28.61451605927202024  1.77226121052570007 28.57907640741552413  1.76383386714152302 28.52119661942775153  1.76108072171708585 28.50128852381168798  1.75835603859335587 28.48058775743364279  1.75566088320238234 28.45911417560106216  1.75299621701932362 28.43688817682977543  1.75036290350271218 28.41393054406291085  1.74776171403472391 28.39026228588988587  1.74041641682170667 28.32060151604219911  1.73575306577466426 28.27291381469551013  1.73120753078092737 28.22297619874136387  1.72678303066139072 28.17092317151753633  1.72248187092545924 28.11688684432015961  1.71830556169928128 28.06099486604046689  1.71425493565398290 28.00336835280148051  1.70535822447513397 27.86905969930978699  1.70058863165650243 27.79140090720673584  1.69602167692677863 27.71136902715604933  1.69165667024526090 27.62917541560244672  1.68749219059768052 27.54501567444785692  1.68352623451211025 27.45906812593418778  1.67975636457487432 27.37149228752618413  1.66574708945630179 27.02262245789420447  1.65697528830677365 26.75053702463360850  1.64976997775196366 26.46923733246245547  1.64407566480301814 26.18125483432572764  1.63984279897979768 25.88875374332923940  1.63703539462785930 25.59350508781516353  1.63562890610860734 25.29691831822285053  1.63562890610664602 25.00000000094645003 
 0.00000000000000000 9 0.11242433114062113 7 0.15091968159911168 7 0.18130614740759823 7 0.19764457518415590 7 0.23054839323509937 7 0.26151242850872336 7 0.27655619637020840 7 0.30507932959548839 7 0.34103806417311605 7 0.36992024358942460 7 0.39372617420785733 7 0.41375671885000198 7 0.43068050470841640 7 0.50006343143892440 7 0.55529761337660155 7 0.56944362661113768 7 0.58636596140154273 7 0.60639433570935475 7 0.63019701644790993 7 0.65863258247205159 7 0.69461152676790583 7 0.72321342257122900 7 0.73831857148251134 7 0.76926546212571056 7 0.80245238570465216 7 0.81879300053510773 7 0.84918482579337484 7 0.88768727974980377 7 1.00000000000000000 9
7 0 0  8 205 30  0.00000000000000000 57.11307626879300869  0.07892341422876728 57.11307626876325827  0.15775840203674646 57.11133681750804669  0.23698391914866457 57.10786529674539480  0.31696851833090167 57.10241822386289101  0.39804560777697984 57.09453581249977105  0.48056598785388027 57.08347442486055456  0.56491087338951895 57.06821303948929369  0.68139139844799412 57.04006779607907873  0.71137128626906687 57.03222348888728277  0.74163757935640484 57.02365641560996323  0.77220550853593550 57.01430414551666814  0.80308826980457093 57.00410002267433640  0.83429716992967973 56.99297385550083561  0.86584177204856161 56.98085260631824411  0.92290117988038867 56.95724829517731536  0.94828527484457192 56.94616911656149227  0.97388513892639417 56.93438742557249554  0.99970170330723951 56.92186678073638717  1.02573379301993994 56.90857156914469783  1.05197790238475619 56.89446815700690507  1.07842797044536542 56.87952604020328096  1.11940301953941734 56.85521974156164049  1.13378775366031959 56.84647051521150729  1.14822784359941488 56.83746736179983117  1.16272154647378367 56.82820671307236893  1.17726686956489290 56.81868547128922842  1.19186154819775525 56.80890109400620958  1.20650302362009776 56.79885167885610997  1.25076321510921762 56.76776148944631473  1.28051986731237011 56.74590463350309477  1.31043051759060725 56.72295850429492958  1.34046665724212311 56.69892578774114611  1.37059823590625252 56.67382077178348965  1.40079276870604374 56.64767128628367487  1.43101444339082984 56.62052064292113585  1.48965110945362822 56.56599456338962995  1.51807217870719047 56.53872242118237779  1.54645361654393931 56.51066268330128395  1.57476638239459010 56.48187165498047335  1.60298448869951438 56.45241176016761386  1.63108427579213267 56.42235088983590430  1.65904368678230418 56.39176175029605531  1.70034703304718593 56.34564027468293546  1.71381499444802876 56.33045206805794436  1.72724339634865198 56.31516503387982908  1.74063040072017605 56.29978757545399048  1.75397436179844002 56.28432805714481901  1.76727382608400108 56.26879480437563075  1.78052753234213590 56.25319610362865319  1.81877478580375307 56.20785645836367905  1.84364656927987025 56.17796718168066405  1.86834288091139533 56.14792768450511318  1.89285904938303551 56.11779167780402844  1.91719239630294336 56.08761093136108400  1.94134201932165507 56.05743493373515918  1.96530857525103198 56.02731055221901357  2.01908011137070975 55.95942470923775858  2.04877731469261670 55.92172088423712495  2.07819149303755291 55.88425649274245188  2.10732988023638201 55.84711294165209239  2.13620114031167230 55.81036654575801492  2.16481538372717264 55.77408830368772641  2.19318418363728718 55.73834367384591104  2.24391985231497104 55.67495868630560096  2.26636846225532995 55.64710873857219298  2.28867295486544320 55.61967385597318980  2.31083970084952117 55.59268409195894378  2.33287498254572778 55.56616818030097704  2.35478506776373608 55.54015351077974572  2.37657628362228390 55.51466610487246101  2.41612369241590219 55.46917767214333139  2.43391575893929657 55.44899990672492862  2.45163476570222016 55.42921122350752938  2.46928410579975521 55.40982510860361288  2.48686708967676040 55.39085460591661558  2.50438694512787130 55.37231231714078206  2.52184681729750215 55.35421040176122887  2.55389278348804494 55.32170984059707308  2.56849547737446571 55.30717920187938574  2.58305966360634676 55.29297566530388508  2.59758710672029558 55.27910603032857750  2.61207952252227837 55.26557689146657282  2.62653857808762403 55.25239463828604158  2.64096589176102103 55.23956545541017249  2.66752716260498657 55.21655932050256865  2.67966974910344424 55.20627962811599332  2.69179173688839546 55.19625985587956762  2.70389404653203824 55.18650350205013666  2.71597757494227698 55.17701395261932618  2.72804319536271311 55.16779448131348573  2.74009175737264776 55.15884824959380239  2.80145337077673817 55.11463389474825192  2.85050966902327163 55.08373336614776150  2.89935084580092806 55.05768564371441443  2.94802669381952365 55.03666808496773655  2.99658180461121271 55.02081894207992008  3.04505779653300612 55.01023225859513133  3.09349490048502496 55.00495520287550022  3.18049330413346265 55.00501381857768024  3.21905375241344949 55.00840461761274724  3.25763418914585445 55.01516056365819907  3.29625460459863895 55.02526214282769956  3.33493558639240550 55.03867106745564541  3.37369886754644499 55.05533134448349841  3.41256787452479893 55.07517034384603249  3.46155665866944595 55.10397234155730217  3.47155366725268077 55.11004754381265514  3.48155973244910477 55.11632399600198795  3.49157529585544824 55.12280015942153000  3.50160080924807593 55.12947443428529226  3.51163673458299463 55.13634515972525207  3.52168354399584915 55.14341061379121101  3.54377393096623949 55.15935195945453273  3.55582240719432230 55.16831102270433007  3.56788797501258648 55.17754315053550584  3.57997148462103310 55.18704517813497290  3.59207380989326364 55.19681382854128060  3.60419584837646445 55.20684571264464324  3.61633852129141520 55.21713732918693296  3.64289973471286510 55.24016880289870102  3.65732691773036800 55.25301130771588021  3.67178589319356474 55.26620659520209244  3.68627828041836825 55.27974847650826717  3.70080574742804291 55.29363055794738813  3.71537001095320107 55.30784624099449331  3.72997283643180522 55.32238872228659687  3.76201872116155389 55.35491402978480835  3.77947839972611677 55.37302869630671154  3.79699813745317050 55.39158327062816767  3.81458108054325429 55.41056558778403485  3.83223045764712245 55.42996304040439526  3.84994957986574970 55.44976257871454095  3.86774184075032945 55.46995071053495252  3.90695753837309301 55.51507857444826044  3.92841347189383727 55.54017805437854349  3.94998467595973102 55.56578840595091151  3.97167718766829392 55.59188478838402148  3.99349699051321627 55.61844107777711343  4.01545008277825222 55.64542988965047954  4.03754254593110407 55.67282260148608231  4.08791798774944226 55.73572211032010415  4.11628735345933361 55.77145223493592141  4.14490180638143713 55.80772014097244238  4.17377297490120824 55.84446047228453835  4.20291103998402082 55.88160234527829573  4.23232475560409505 55.91906956946448304  4.26202146917342262 55.95678086801195406  4.31584461429583577 56.02475469975826883  4.33986392828256307 56.05495813697346108  4.36406723015495590 56.08521636331762039  4.38845529859995942 56.11548230784033109  4.41302732895284677 56.14570621977330944  4.43778071738265467 56.17583601303444141  4.46271084507763405 56.20581761073150773  4.50106660961614047 56.25132138969902229  4.51436966648376803 56.26699058634818584  4.52771896574386012 56.28259453966779091  4.54111324493877611 56.29812486797592186  4.55455104644295972 56.31357314785454093  4.56803071746293199 56.32893091414929643  4.58155041003729480 56.34418965996970030  4.62288455409635901 56.39038202746474582  4.65082298666296445 56.42097473142248987  4.67890234924438708 56.45104220044975563  4.70710071758620607 56.48051177550002677  4.73539454969082652 56.50931554398959378  4.76375796283655273 56.53739099719451389  4.79216201059666247 56.56468168764736504  4.85104245505409271 56.61950906801286010  4.88152554876642064 56.64692575939078978  4.91198198071748671 56.67332506856531182  4.94237489627140381 56.69866220518061795  4.97267091896988767 56.72290845347608723  5.00283922306777828 56.74604914513442111  5.03285060606853829 56.76808163213016201  5.07736229868797118 56.79931959788873286  5.09200400305812018 56.80935968582481621  5.10659880631836671 56.81913472179789437  5.12114415668903522 56.82864662771373077  5.13563779656491448 56.83789796419156204  5.15007774041752864 56.84689184578323307  5.16446225269742776 56.85563185619255222  5.20543760494767316 56.87991267028388620  5.23188801054720454 56.89483861560186284  5.25813225042053123 56.90892611801092471  5.28416430713785434 56.92220575633457003  5.30998071425868634 56.93471122161727038  5.33558033263643949 56.94647816908440774  5.36096412672301970 56.95754307010229667  5.41802305896555758 56.98111622480970340  5.44956746306744932 56.99322087154288141  5.48077617515607152 57.00433123563198734  5.51165880447553214 57.01452036803751611  5.54222669475508845 57.02385845470072923  5.57249307142716610 57.03241213185828684  5.60247318884539158 57.04024380135694372  5.71885312607778307 57.06831770449911545  5.80310456945740416 57.08353940794172132  5.88553682585734528 57.09457438384028904  5.96653007207637920 57.10243954764709429  6.04643410135497916 57.10787549066271396  6.12558139197425522 57.11134023221484313  6.20433938582631672 57.11307626875564125  6.28318530717958623 57.11307626879300869 
 0.00000000000000000 9 0.11242433114062113 7 0.15091968159911168 7 0.18130614740759823 7 0.19764457518415590 7 0.23054839323509937 7 0.26151242850872336 7 0.27655619637020840 7 0.30507932959548839 7 0.34103806417311605 7 0.36992024358942460 7 0.39372617420785733 7 0.41375671885000198 7 0.43068050470841640 7 0.50006343143892440 7 0.55529761337660155 7 0.56944362661113768 7 0.58636596140154273 7 0.60639433570935475 7 0.63019701644790993 7 0.65863258247205159 7 0.69461152676790583 7 0.72321342257122900 7 0.73831857148251134 7 0.76926546212571056 7 0.80245238570465216 7 0.81879300053510773 7 0.84918482579337484 7 0.88768727974980377 7 1.00000000000000000 9
7 0 0  8 184 27  4.66838898093494237 25.00000000000050804  4.66838898093494148 25.33032256531419790  4.66681395473807292 25.66024817561131499  4.66367063207175381 25.98868290023766647  4.65893018190060548 26.31405794635726636  4.65255064686649433 26.63438278825124428  4.64447347971384694 26.94720441007198630  4.63463329209059527 27.24964327748727655  4.61897701322169318 27.63514912012433200  4.61482903444901993 27.73049276873348390  4.61046795515016505 27.82406307177968685  4.60589095449660579 27.91568608280196528  4.60109568163770177 28.00516672447881561  4.59608041754268193 28.09229048559221908  4.59084423684261456 28.17682511799173639  4.58112368256315072 28.32235057949457158  4.57672557693124293 28.38444363157990580  4.57219306797330649 28.44468134906835033  4.56752697116992401 28.50293418223720465  4.56272882991082085 28.55906541670931986  4.55780104312004219 28.61293341777508914  4.55274699288114437 28.66439387471441691  4.54481162196396760 28.73937801474335174  4.54201748045126852 28.76472828598521403  4.53918945515287398 28.78933079208734824  4.53632834382632488 28.81316352706017980  4.53343504063156377 28.83620471159193244  4.53051054240437168 28.85843295895888616  4.52755595492981477 28.87982744093573118  4.51855436082157524 28.94180196866738086  4.51241803400249974 28.97976629675148175  4.50617434803917583 29.01408949901650658  4.49983522551615067 29.04462020668234246  4.49341374361111701 29.07123095702266014  4.48692419538422005 29.09382192925698973  4.48038215106735738 29.11232468044287103  4.46761678199818935 29.14023462515445217  4.46139651790636016 29.15011821712645101  4.45515766259101653 29.15632824351861885  4.44891357904979312 29.15886680775707873  4.44267706539474805 29.15776334166009320  4.43646036248217435 29.15307141663863533  4.43027516154240519 29.14486555489693487  4.42112208309511168 29.12753927267969800  4.41812165986297689 29.12101836902733254  4.41513257781249813 29.11368598787012729  4.41215600221734672 29.10555365310455045  4.40919303040134380 29.09663362716183599  4.40624469421422038 29.08693878384040588  4.40331196250739332 29.07648248113827094  4.39505745686269922 29.04476885713189915  4.38977454192858119 29.02175372293335442  4.38455247219433453 28.99631720658117828  4.37939600538141338 28.96854675320453154  4.37430923863857757 28.93853140212335262  4.36929566363471622 28.90636011100147229  4.36435822165167320 28.87212007999961827  4.35338816773136639 28.79033340480399872  4.34740150823273552 28.74163343674697302  4.34154395236508250 28.68996091554875605  4.33581923867838537 28.63547568257789067  4.33023035469738904 28.57833016117327674  4.32477961953030299 28.51866784103724228  4.31946876647748823 28.45662176262879228  4.31022082415197616 28.34158239564067472  4.30623055454703163 28.28944523550352486  4.30232885670043252 28.23596170335211397  4.29851629755215470 28.18118918617506097  4.29479337519817683 28.12518222795921119  4.29116052298160344 28.06799248190613838  4.28761811358379052 28.00966866264858979  4.28141277635898732 27.90285816216864845  4.27871687867954620 27.85476757053152141  4.27607894340408468 27.80600811838576902  4.27349914239791584 27.75660245040698726  4.27097764606472907 27.70657246111631622  4.26851462334659892 27.65593929488036906  4.26611024172397713 27.60472334591126753  4.25466158029686170 27.35199155617018008  4.24644552069973269 27.14258590027235840  4.23912362706445212 26.92583487733864089  4.23270834231295012 26.70277871510332446  4.22721300089810903 26.47441958206084678  4.22264984815976430 26.24173423600401378  4.21902929351996914 26.00567897518045868  4.21529816681850811 25.67242828012663480  4.21438728652190076 25.57728387524589309  4.21362706689123989 25.48182485348747051  4.21301791716939089 25.38611361064365113  4.21256014731091799 25.29021271610838184  4.21225396798208340 25.19418491287725814  4.21209949056085176 25.09809311754756322  4.21209392640504898 24.90461041447900570  4.21224696403079690 24.80721931387494550  4.21255583005283185 24.70989280204280547  4.21302040981728876 24.61269637955362199  4.21364048397774837 24.51569536401277816  4.21441572849522750 24.41895489005992559  4.21534571463818164 24.32253990936906263  4.21912153982031235 23.98812334194193241  4.22276318157434183 23.75217847849018682  4.22734692846445270 23.51962158319414087  4.23286234907352732 23.29140829701985282  4.23929719408985850 23.06851512895148915  4.24663813893773590 22.85194439791238707  4.25487276403580506 22.64273692306993269  4.26634387322244368 22.39028600404711256  4.26875253042267655 22.33913478546169884  4.27121978141495440 22.28856748444537672  4.27374545898709712 22.23860451588589981  4.27632939432325632 22.18926704829757313  4.27897141700390371 22.14057700382128147  4.28167135500583829 22.09255705822447524  4.28783412301676314 21.98679360384719317  4.29132720859503358 21.92941454187162620  4.29490799425988001 21.87313735520256941  4.29857612211289197 21.81800865997649197  4.30233117353437144 21.76407778823823946  4.30617266918332753 21.71139678794101968  4.31010006899747466 21.66002042294643104  4.31927943878987364 21.54560894705949181  4.32458733124973538 21.48347226716053626  4.33003522601054502 21.42371710695210751  4.33562139838086136 21.36647640312233065  4.34134354027392177 21.31189354935726854  4.34719867794148929 21.26012089027510044  4.35318308970770396 21.21131821536037521  4.36417988034634341 21.12911507074264961  4.36914723750156853 21.09458707400924027  4.37419180571364752 21.06215268373958338  4.37931059083829233 21.03190082925423710  4.38450003763290663 21.00392223132614333  4.38975597334762213 20.97830768535394341  4.39507355131633837 20.95514634453533986  4.40335383855635421 20.92336922354200723  4.40627687237525922 20.91295733655107725  4.40921539614184521 20.90330191505271173  4.41216845026543325 20.89441617868837753  4.41513501299308686 20.88631286870588610  4.41811399797544535 20.87900412290943208  4.42110425183253675 20.87250135060959266  4.43025126937815106 20.85516569524891750  4.43644073526089056 20.84694245544607938  4.44266177889155500 20.84223791581990071  4.44890268604344552 20.84112680116279392  4.45515119106661395 20.84366283248792939  4.46139446921503779 20.84987552611258366  4.46761912897380586 20.85976699274148416  4.48043209842825352 20.88778828418604405  4.48701690448242552 20.90644376475930954  4.49354838873285711 20.92924111933704978  4.50001068992876974 20.95611030946235687  4.50638925521197287 20.98694914389248822  4.51267077594427324 21.02162710533700363  4.51884312353487960 21.05998917719590935  4.52787701907505369 21.12248811188893072  4.53082976660006409 21.14396937520325537  4.53375231287112346 21.16628328232604161  4.53664355820006726 21.18940894148779819  4.53950251188166209 21.21332491288686128  4.54232828589297188 21.23800937451199644  4.54512008859271965 21.26344028796501107  4.55304900986113026 21.33865732148302286  4.55809871884975948 21.39026715426481928  4.56302189196163521 21.44428014245783487  4.56781518271979525 21.50055188828811126  4.57247622416267951 21.55894074876648858  4.57700350141157841 21.61931006807639477  4.58139622423809190 21.68153040996168812  4.59110431212966574 21.82733811478267683  4.59633331798371803 21.91202512079062359  4.60134123018808427 21.99929480954741834  4.60612900789205870 22.08891526548582718  4.61069839575145135 22.18067233415080608  4.61505176328015931 22.27437130028803125  4.61919194420173262 22.36983856593240461  4.63478562022347340 22.75504407263315088  4.64458061794961097 23.05695090324191199  4.65262111608433049 23.36916109855623347  4.65897205724692132 23.68882021565015350  4.66369146672399459 24.01349571946889938  4.66682093267545461 24.34121190701856818  4.66838898093409504 24.67040994584655778  4.66838898093493171 24.99999999959782926 
 0.00000000000000000 9 0.11353992630828873 7 0.15169581324957160 7 0.18150617237497504 7 0.19739991799310119 7 0.22946031033533723 7 0.25962029738713732 7 0.27440202663609664 7 0.30146073248663358 7 0.33549357495626780 7 0.36234072129757394 7 0.38375906362638851 7 0.46688284894577564 7 0.49991427897142315 7 0.53339165296376323 7 0.61650288913512263 7 0.63791483791285386 7 0.66435357794200256 7 0.69839550636322811 7 0.72563099632511430 7 0.74036287752932617 7 0.77054409865736562 7 0.80281545419378553 7 0.81871466443544783 7 0.84853821449278743 7 0.88671168612732987 7 1.00000000000000000 9
7 0 0  8 184 27  6.28318530717958623 19.06947192555798054  6.20382034452497155 19.06947192555800186  6.12455062242824688 19.07079184868995725  6.04487720586009125 19.07342537632444746  5.96441799641512915 19.07766346562608462  5.88282776776101102 19.08405924481193594  5.79973931281018551 19.09351878050240359  5.71475279533388925 19.10729202734059839  5.59780336875349516 19.13394367905888771  5.56811547650605387 19.14134116392348872  5.53813810144224039 19.14950011004873076  5.50785567806666521 19.15849422506808253  5.47725467209151429 19.16840256435655121  5.44632342139858938 19.17930880921134928  5.41505197700134921 19.19130054503250449  5.35872790448166469 19.21475640529846984  5.33381230491833769 19.22576176085916444  5.30868224985134241 19.23752695630526333  5.28333670709944592 19.25009501176859672  5.25777673114942878 19.26350833851806499  5.23200568653968734 19.27780746008459900  5.20602947124384574 19.29302973338615246  5.16590243880267419 19.31783374132615805  5.15189239564044232 19.32673109301732595  5.13782806037486406 19.33590498239775712  5.12371110384251871 19.34535987407026880  5.10954343910078812 19.35509974712677561  5.09532724261928838 19.36512800250610766  5.08106497547129177 19.37544737035186060  5.03790263103496017 19.40746693079055518  5.00886615750854602 19.43006915123094203  4.97967682799367051 19.45388000028286157  4.95036222915708279 19.47890257219903276  4.92095154400587287 19.50512731936000321  4.89147640560882824 19.53252983774075702  4.86197175081778088 19.56106865237731185  4.80472994133041098 19.61854193907979393  4.77698711893240269 19.64735730337505260  4.74928017396675806 19.67707974440130059  4.72163743411298054 19.70765203533315102  4.69408428047213810 19.73900979362774777  4.66664384048071756 19.77108220081492718  4.63933768082449571 19.80379272228739040  4.59887941909142572 19.85336438767497924  4.58560894023405563 19.86980340868440464  4.57237714520340788 19.88636774821918607  4.55918588336373176 19.90304822696867859  4.54603678920412957 19.91983565876755691  4.53293129952229901 19.93672088115182461  4.51987067060825964 19.95369478591479862  4.48303197176284129 20.00196576390453629  4.45936211945596739 20.03344990918278867  4.43585265168999676 20.06514589164201467  4.41250782187188850 20.09700016979588000  4.38933010743189822 20.12896092141562576  4.36632039362243951 20.16097841041818484  4.34347815731695164 20.19300535375430172  4.29228047991397421 20.26523485452000273  4.26402253022609212 20.30541556121698932  4.23602287473163752 20.34545240451013015  4.20827526200490443 20.38526289605689001  4.18077211035372898 20.42476933551750662  4.15350450196525056 20.46389908302287353  4.12646217705168183 20.50258483164238754  4.07846948129682207 20.57088359069734906  4.05743900923798684 20.60068670149253833  4.03653660688949323 20.63014352382271710  4.01575687888432764 20.65922451796469872  3.99509448224395136 20.68790131693500811  3.97454406920368886 20.71614675053821841  3.95410023003813293 20.74393486941526277  3.91752819038223121 20.79302545907440347  3.90136338567714924 20.81450297040004571  3.88526031774604919 20.83566084343088676  3.86921634066087528 20.85648674838652994  3.85322886659076369 20.87696868534396089  3.83729536580204478 20.89709498423754042  3.82141336665824216 20.91685430485901875  3.74413352018909773 21.01145386128937531  3.68343444106006368 21.08096827937632156  3.62332594181990686 21.14415618255251061  3.56369026371793796 21.20042619966734776  3.50442915969082769 21.24924933343573485  3.44545574299440727 21.29018040474860740  3.38669107444517348 21.32287185747283331  3.30475912054365528 21.35670236636600450  3.28148228265540753 21.36498299301231540  3.25822386661507268 21.37190839938619291  3.23497999032606698 21.37746626577093423  3.21174688158981603 21.38164730965567983  3.18852087810574591 21.38444528573539927  3.16529842747128809 21.38585698591089823  3.11854023147591608 21.38590783360231740  3.09500437415756213 21.38450928965017539  3.07146493422856670 21.38168670387888781  3.04791821451183509 21.37744337648478421  3.02436040165144382 21.37178581141403555  3.00078756611262776 21.36472371636264356  2.97719566218178677 21.35627000277642296  2.89495337885271464 21.32203868162827831  2.83619308225601996 21.28916256067006785  2.77722263781062573 21.24805592792359832  2.71796292023611930 21.19906773260047217  2.65832686022337672 21.14264428168113596  2.59821601994841700 21.07931547751188717  2.53751241626425550 21.00967340940451678  2.46022605716475695 20.91493352440315334  2.44434443549076663 20.89514876673391441  2.42841116379525790 20.87499807419721165  2.41242376859585672 20.85449279535205847  2.39637971873140465 20.83364460926008377  2.38027642536195616 20.81246552548554973  2.36411124196877598 20.79096788409534113  2.32784149155536557 20.74224210649648015  2.30770316665099040 20.71485373768111771  2.28746132206161823 20.68702294618292470  2.26711079317641806 20.65877455294667442  2.24664641835332812 20.63013450289184192  2.22606303891905810 20.60112986491263243  2.20535549916908735 20.57178883187795648  2.15768958224405516 20.50396647784351956  2.13064701643526133 20.46528455345658770  2.10337932131365912 20.42615661008864336  2.07587621224507091 20.38664990823879819  2.04812873999889566 20.34683703569718105  2.02012928315822515 20.30679563695494139  1.99187154052996074 20.26660814261419574  1.94053207855045429 20.19416188160553816  1.91754573172339193 20.16192527397469192  1.89438970866995327 20.12969700374607029  1.87106347504976145 20.09752527735186334  1.84756792492348132 20.06546080138107868  1.82390556909043111 20.03355640414478955  1.80008072342620018 20.00186665724141122  1.76312817992003135 19.95345263728778917  1.75011103219662445 19.93653701860728944  1.73704933792267546 19.91970957461936464  1.72394434222198045 19.90297932225027822  1.71079746836927038 19.88635533176663373  1.69761033468998268 19.86984669672847303  1.68438477146003285 19.85346250394230694  1.64395309982970272 19.80391897547691826  1.61662809956517295 19.77118324606027500  1.58916857321541527 19.73908632769186866  1.56159612698757422 19.70770492624105685  1.53393393242941434 19.67711001826510042  1.50620742176621958 19.64736612835530494  1.47844498323768736 19.61853060648315150  1.42098943344434159 19.56084459503641426  1.39129061573262813 19.53212615180968115  1.36162202656409281 19.50455947583882477  1.33201922888670654 19.47818668719711965  1.30251441042665195 19.45303241347617984  1.27313726878296718 19.42910607740361328  1.24391589652219015 19.40640418446061943  1.20057132803268263 19.37432430247386250  1.18630854465712177 19.36402911035418839  1.17209206732826643 19.35402501506841233  1.15792434128705701 19.34430923774924338  1.14380752697381172 19.33487833235484388  1.12974352116861065 19.32572827828930784  1.11573397813167841 19.31685457302318554  1.07560624441931751 19.29211632933086662  1.04962926019612435 19.27693580337139068  1.02385792014284882 19.26267759735155849  0.99829802169959270 19.24930416889741025  0.97295283903435992 19.23677485476973104  0.94782334439952332 19.22504714288880834  0.92290842948828578 19.21407794435915761  0.86658545633019313 19.19070115572584356  0.83531448049208956 19.17875150277038898  0.80438367116810761 19.16788505670765375  0.77378297198964774 19.15801421171994789  0.74350063541054323 19.14905531474284928  0.71352305978936392 19.14092937411595585  0.68383462647172211 19.13356276823361668  0.56711574489430483 19.10707895083830365  0.48234260613984181 19.09339342221371183  0.39945504011740801 19.08398863718376859  0.31805563242433427 19.07762601807386105  0.23777960384941493 19.07340792636546212  0.15828387579699577 19.07078599931886842  0.07918896573856905 19.06947192557392512  0.00000000000000000 19.06947192555798054 
 0.00000000000000000 9 0.11353992630828873 7 0.15169581324957160 7 0.18150617237497504 7 0.19739991799310119 7 0.22946031033533723 7 0.25962029738713732 7 0.27440202663609664 7 0.30146073248663358 7 0.33549357495626780 7 0.36234072129757394 7 0.38375906362638851 7 0.46688284894577564 7 0.49991427897142315 7 0.53339165296376323 7 0.61650288913512263 7 0.63791483791285386 7 0.66435357794200256 7 0.69839550636322811 7 0.72563099632511430 7 0.74036287752932617 7 0.77054409865736562 7 0.80281545419378553 7 0.81871466443544783 7 0.84853821449278743 7 0.88671168612732987 7 1.00000000000000000 9
7 0 0  8 205 30  1.63562890610662293 112.99999999924717997  1.63562890610818457 112.70278985896047175  1.63703816075072628 112.40591314746143325  1.63985106015042281 112.11037817279739670  1.64409226512241080 111.81759838303058530  1.64979790361661549 111.52935064325244241  1.65701771959531885 111.24780716058917562  1.66580737702821535 110.97550912405336021  1.67984139195051196 110.62651792824769359  1.68361440418850261 110.53899113196145265  1.68758346702326145 110.45309465280129757  1.69175101262910421 110.36898814343368258  1.69611903699201072 110.28685006577316585  1.70068895094570371 110.20687615861179154  1.70546143120771676 110.12927790524895499  1.71436318233003715 109.99508188133405895  1.71841599658504118 109.93750646923096781  1.72259443209326979 109.88166733898853522  1.72689764602374551 109.82768565043764397  1.73132411680609422 109.77568907401163756  1.73587152613490936 109.72580971569490771  1.74053664097411875 109.67818204197158138  1.74788456540817450 109.60861514969047903  1.75048671098473796 109.58497959201028493  1.75312094456440470 109.56205519779163637  1.75578649226669015 109.53986296203845541  1.75848248812858654 109.51842364988736733  1.76120796817588854 109.49775763779447857  1.76396186449451786 109.47788475472191294  1.77234390257890317 109.42043808300259400  1.77805597851818908 109.38534173691901685  1.78386883108054328 109.35369755805714931  1.78977103543212324 109.32564855932098169  1.79575008476908282 109.30131482047281111  1.80179233714225595 109.28079001507066437  1.80788296228183287 109.26413793740586300  1.81976784895469113 109.23939170939267740  1.82555936164042243 109.23084893437194864  1.83136715336634825 109.22578666597819108  1.83717849346978390 109.22420200325089468  1.84298118850340820 109.22606618532532252  1.84876357700042782 109.23132759408950676  1.85451452423973873 109.23991475684110242  1.86299706252722697 109.25748428551597158  1.86576090526990579 109.26399374417657384  1.86851380404071832 109.27125757188832722  1.87125467679071567 109.27926505320948536  1.87398250062039939 109.28800491029429054  1.87669631177972418 109.29746530289267525  1.87939520566809959 109.30763382835057484  1.88716558016475555 109.33909519188767945  1.89219611443204716 109.36219223364149400  1.89716426396947746 109.38770183749568332  1.90206510293957920 109.41553373464897447  1.90689439565723329 109.44559596029638726  1.91164853691269165 109.47779661705091314  1.91632449229460478 109.51204563836520833  1.92671290428423436 109.59390716895468643  1.93237758909217883 109.64267416928673526  1.93790906975801125 109.69438559999345273  1.94330349300144345 109.74887572129824775  1.94855778628792375 109.80598656642683864  1.95366956867579922 109.86556950143001643  1.95863706166347384 109.92748678500608150  1.96733199753945431 110.04311962805874714  1.97111096662975527 110.09604954346313832  1.97479521403244340 110.15033711434267616  1.97838412686295384 110.20591961515638957  1.98187716805062886 110.26273740025773407  1.98527387176215542 110.32073394913595621  1.98857383882500360 110.37985591165785593  1.99441669415632394 110.48967030087644048  1.99699067918672202 110.54001741511891055  1.99949848328631408 110.59106620845460611  2.00193990587557469 110.64278927221158710  2.00431474975119306 110.69516007662770107  2.00662282108607926 110.74815297085075372  2.00886392942936087 110.80174318293836677  2.01286707762615791 110.90148063777290588  2.01464872302791109 110.94746024780700111  2.01638270917338369 110.99383134372708071  2.01806892035993712 111.04057986392643897  2.01970723992055801 111.08769199142490436  2.02129755022385549 111.13515415386885365  2.02283973267406436 111.18295302353114096  2.02559589183444144 111.27173416111016024  2.02682367414785425 111.31262377056529544  2.02801694208356942 111.35373642920654902  2.02917562325551826 111.39506428377843861  2.03029964545928054 111.43659954423981162  2.03138893667207743 111.47833448376387366  2.03244342505277586 111.52026143873814590  2.03764317903308179 111.73501799143896562  2.04123714853543126 111.91076190339465768  2.04424012418587475 112.08908282522882871  2.04664730849459309 112.26946363398973006  2.04845463996379662 112.45138935895978705  2.04965925898759993 112.63434550552122460  2.05025972943300161 112.81781714710504616  2.05025305964372873 113.14734641521548042  2.04986722248445208 113.29340212835298018  2.04909846978262689 113.43919472972712015  2.04794742393825935 113.58446382728808999  2.04641527101511711 113.72894948240862334  2.04450366736297706 113.87239186044857320  2.04221464623986559 114.01453088131917468  2.03886821683061292 114.19110849706623867  2.03816130422622477 114.22700854520077485  2.03742982512930038 114.26280163566069348  2.03667381871690001 114.29848337588065021  2.03589332483498486 114.33404935952049186  2.03508838399841396 114.36949516646480163  2.03425903739094727 114.40481636282326861  2.03238406560310736 114.48210751025327170  2.03132793821556978 114.52402180934934961  2.03023701637074705 114.56574379816079556  2.02911137191071589 114.60726581311041627  2.02795107685151343 114.64858012710170954  2.02675620338313323 114.68967894951863684  2.02552682386952698 114.73055442622590760  2.02276722905776296 114.81930296609120035  2.02122321367505009 114.86708326597339180  2.01963108419756621 114.91452645506096530  2.01799095915790083 114.96161920377458898  2.01630295612413901 115.00834793711027260  2.01456719169985865 115.05469883463912595  2.01278378152412962 115.10065783050750099  2.00877686186123183 115.20034772572385862  2.00653375618698249 115.25391085090599574  2.00422371018074630 115.30687608943618727  2.00184691421165528 115.35921866100443367  1.99940356208600289 115.41091290453805129  1.99689385104724049 115.46193227820170080  1.99431798177597841 115.51224935939738714  1.98852013810211647 115.62107370095586134  1.98527002861167001 115.67926811848138868  1.98192615332451538 115.73637118042839234  1.97848889379624704 115.79233195562692060  1.97495869390820555 115.84709653988943501  1.97133606404348849 115.90060809725000013  1.96762158526296593 115.95280690120392819  1.95900067425150448 116.06793628655070449  1.95403963359805766 116.13003773884965142  1.94893404315881758 116.18980964856149285  1.94368566346403160 116.24711448595093088  1.93829685232040250 116.30180381478155027  1.93277065319514985 116.35371983126803741  1.92711088360007965 116.40269690302795880  1.91672045827769022 116.48502500101427870  1.91203738835020443 116.51951969798766129  1.90727552018429880 116.55196029299628435  1.90243787711138856 116.58225614070812526  1.89752805956316428 116.61031464567783189  1.89255030533154822 116.63604305160802710  1.88750954982866137 116.65935023061025788  1.87971911208661746 116.69113237865521171  1.87701076713337689 116.70141661892722595  1.87428730258110399 116.71098804218323153  1.87154962966101479 116.71983406226551949  1.86879871974150036 116.72794265795806723  1.86603560432812765 116.73530237298616896  1.86326137506363798 116.74190231601670575  1.85477303176616326 116.75967613854550109  1.84902654276890677 116.76838911598338200  1.84324828056726675 116.77378250847525010  1.83744933542945632 116.77578443092450300  1.83164132974271232 116.77434271541955013  1.82583642369520205 116.76942792901978407  1.82004732095792221 116.76103639154104030  1.80811029755037889 116.73649274733800496  1.80196560118903704 116.71982052911398853  1.79586972445028570 116.69920674525339166  1.78983791688591798 116.67471626835391874  1.78388419319406788 116.64644497092267272  1.77802138798146681 116.61451605927203445  1.77226121052570118 116.57907640741554189  1.76383386714152723 116.52119661942782614  1.76108072171708430 116.50128852381166666  1.75835603859335321 116.48058775743359661  1.75566088320238278 116.45911417560103018  1.75299621701932695 116.43688817682976833  1.75036290350271417 116.41393054406292151  1.74776171403472036 116.39026228588986100  1.74041641682170645 116.32060151604218845  1.73575306577466537 116.27291381469552789  1.73120753078092826 116.22297619874134966  1.72678303066139027 116.17092317151752923  1.72248187092545746 116.11688684432014895  1.71830556169928017 116.06099486604045978  1.71425493565398357 116.00336835280150183  1.70535822447513397 115.86905969930975857  1.70058863165650131 115.79140090720669320  1.69602167692677752 115.71136902715603867  1.69165667024526112 115.62917541560244672  1.68749219059768096 115.54501567444786758  1.68352623451211070 115.45906812593419488  1.67975636457487432 115.37149228752618058  1.66574708945637884 115.02262245789611939  1.65697528830650143 114.75053702462355432  1.64976997775243883 114.46923733248621602  1.64407566480253786 114.18125483429381006  1.63984279898007546 113.88875374335501078  1.63703539462778491 113.59350508780318023  1.63562890610860734 113.29691831822543691  1.63562890610664602 113.00000000094645713 
 0.00000000000000000 9 0.11242433114096546 7 0.15091968159968230 7 0.18130614740831513 7 0.19764457518496259 7 0.23054839323607801 7 0.26151242850986167 7 0.27655619637141682 7 0.30507932959683026 7 0.34103806417459115 7 0.36992024359098707 7 0.39372617420948480 7 0.41375671885165283 7 0.43068050471007996 7 0.50006343144058518 7 0.55529761337828620 7 0.56944362661281822 7 0.58636596140318831 7 0.60639433571094514 7 0.63019701644943971 7 0.65863258247354417 7 0.69461152676931792 7 0.72321342257258714 7 0.73831857148383384 7 0.76926546212696012 7 0.80245238570583133 7 0.81879300053624304 7 0.84918482579447474 7 0.88768727975083295 7 1.00000000000000000 9
7 0 0  8 205 30  0.00000000000000000 57.11307626879300869  0.07892341422851976 57.11307626876325827  0.15775840203730601 57.11133681750792590  0.23698391914833417 57.10786529674587086  0.31696851833043982 57.10241822386211652  0.39804560777787135 57.09453581250036081  0.48056598785325855 57.08347442486040535  0.56491087338968193 57.06821303948925106  0.68139139844799856 57.04006779607907873  0.71137128626905488 57.03222348888727566  0.74163757935638652 57.02365641560998455  0.77220550853592451 57.01430414551667525  0.80308826980456904 57.00410002267433640  0.83429716992967518 56.99297385550082851  0.86584177204854473 56.98085260631824411  0.92290117988036446 56.95724829517732246  0.94828527484456637 56.94616911656149938  0.97388513892639184 56.93438742557249554  0.99970170330722408 56.92186678073640849  1.02573379301991463 56.90857156914471204  1.05197790238474442 56.89446815700691928  1.07842797044538163 56.87952604020327385  1.11940301953940646 56.85521974156164049  1.13378775366031470 56.84647051521150729  1.14822784359940955 56.83746736179983117  1.16272154647377346 56.82820671307236893  1.17726686956487936 56.81868547128922842  1.19186154819774792 56.80890109400621668  1.20650302362010087 56.79885167885610997  1.25076321510921473 56.76776148944631473  1.28051986731236456 56.74590463350309477  1.31043051759060036 56.72295850429492958  1.34046665724211667 56.69892578774114611  1.37059823590624696 56.67382077178348965  1.40079276870603731 56.64767128628369619  1.43101444339082184 56.62052064292115716  1.48965110945362111 56.56599456338963705  1.51807217870718847 56.53872242118237068  1.54645361654393620 56.51066268330127684  1.57476638239458144 56.48187165498050177  1.60298448869950239 56.45241176016763518  1.63108427579212489 56.42235088983591140  1.65904368678230596 56.39176175029604110  1.70034703304717660 56.34564027468293546  1.71381499444802254 56.33045206805794436  1.72724339634864976 56.31516503387982908  1.74063040072017539 56.29978757545399048  1.75397436179843691 56.28432805714484743  1.76727382608399330 56.26879480437565917  1.78052753234212457 56.25319610362868872  1.81877478580375040 56.20785645836368616  1.84364656927986026 56.17796718168066405  1.86834288091138556 56.14792768450511318  1.89285904938303440 56.11779167780402844  1.91719239630294891 56.08761093136107689  1.94134201932165751 56.05743493373515207  1.96530857525102443 56.02731055221900647  2.01908011137070886 55.95942470923775858  2.04877731469262203 55.92172088423712495  2.07819149303755735 55.88425649274245188  2.10732988023637935 55.84711294165209239  2.13620114031166519 55.81036654575801492  2.16481538372716864 55.77408830368772641  2.19318418363729339 55.73834367384589683  2.24391985231497371 55.67495868630560096  2.26636846225532507 55.64710873857218587  2.28867295486543743 55.61967385597318980  2.31083970084952250 55.59268409195894378  2.33287498254573622 55.56616818030097704  2.35478506776374408 55.54015351077973861  2.37657628362228523 55.51466610487246101  2.41612369241590486 55.46917767214331718  2.43391575893930101 55.44899990672492152  2.45163476570222771 55.42921122350750096  2.46928410579976410 55.40982510860360577  2.48686708967676839 55.39085460591661558  2.50438694512787752 55.37231231714078206  2.52184681729750437 55.35421040176122887  2.55389278348804538 55.32170984059703756  2.56849547737446571 55.30717920187937864  2.58305966360634898 55.29297566530388508  2.59758710672029913 55.27910603032857750  2.61207952252228237 55.26557689146657282  2.62653857808762758 55.25239463828604158  2.64096589176102370 55.23956545541017249  2.66752716260499012 55.21655932050256865  2.67966974910345002 55.20627962811599332  2.69179173688840168 55.19625985587956762  2.70389404653204490 55.18650350205013666  2.71597757494228365 55.17701395261931907  2.72804319536271755 55.16779448131348573  2.74009175737265043 55.15884824959380239  2.80145337077667644 55.11463389474830166  2.85050966902340797 55.08373336614769755  2.89935084580093738 55.05768564371438600  2.94802669381940685 55.03666808496776497  2.99658180461120160 55.02081894207995560  3.04505779653312336 55.01023225859511001  3.09349490048496722 55.00495520287550022  3.18049330413347997 55.00501381857768024  3.21905375241344860 55.00840461761274724  3.25763418914584379 55.01516056365819196  3.29625460459863806 55.02526214282769246  3.33493558639241661 55.03867106745564541  3.37369886754645343 55.05533134448350552  3.41256787452479182 55.07517034384603249  3.46155665866944684 55.10397234155729507  3.47155366725268166 55.11004754381264803  3.48155973244910655 55.11632399600198795  3.49157529585544912 55.12280015942153000  3.50160080924807815 55.12947443428530647  3.51163673458299685 55.13634515972526629  3.52168354399585048 55.14341061379121101  3.54377393096624349 55.15935195945454694  3.55582240719432541 55.16831102270433718  3.56788797501258470 55.17754315053551295  3.57997148462103221 55.18704517813498001  3.59207380989326230 55.19681382854128060  3.60419584837646489 55.20684571264466456  3.61633852129141786 55.21713732918697559  3.64289973471286821 55.24016880289870812  3.65732691773036933 55.25301130771588021  3.67178589319356563 55.26620659520206402  3.68627828041836869 55.27974847650825296  3.70080574742804513 55.29363055794738102  3.71537001095320596 55.30784624099448621  3.72997283643181188 55.32238872228660398  3.76201872116155700 55.35491402978481545  3.77947839972611854 55.37302869630673996  3.79699813745317361 55.39158327062820319  3.81458108054325784 55.41056558778404195  3.83223045764712511 55.42996304040440236  3.84994957986575237 55.44976257871454095  3.86774184075033212 55.46995071053495252  3.90695753837311877 55.51507857444827465  3.92841347189383461 55.54017805437852218  3.94998467595972169 55.56578840595090441  3.97167718766829791 55.59188478838404279  3.99349699051323359 55.61844107777713475  4.01545008277825932 55.64542988965048664  4.03754254593108097 55.67282260148605388  4.08791798774945558 55.73572211032013257  4.11628735345933272 55.77145223493590009  4.14490180638143091 55.80772014097242817  4.17377297490120558 55.84446047228452414  4.20291103998402615 55.88160234527829573  4.23232475560410215 55.91906956946449014  4.26202146917342350 55.95678086801195406  4.31584461429584554 56.02475469975828304  4.33986392828256573 56.05495813697346819  4.36406723015495412 56.08521636331762039  4.38845529859996120 56.11548230784032398  4.41302732895285210 56.14570621977331655  4.43778071738266089 56.17583601303444851  4.46271084507763405 56.20581761073150062  4.50106660961614136 56.25132138969902229  4.51436966648377425 56.26699058634818584  4.52771896574386723 56.28259453966779091  4.54111324493878321 56.29812486797592896  4.55455104644296416 56.31357314785454093  4.56803071746293377 56.32893091414929643  4.58155041003729568 56.34418965996970030  4.62288455409637145 56.39038202746474582  4.65082298666295557 56.42097473142248987  4.67890234924437198 56.45104220044974852  4.70710071758620430 56.48051177550002677  4.73539454969084073 56.50931554398959378  4.76375796283656516 56.53739099719452099  4.79216201059665625 56.56468168764736504  4.85104245505409981 56.61950906801286010  4.88152554876642064 56.64692575939078978  4.91198198071748138 56.67332506856528340  4.94237489627140025 56.69866220518061084  4.97267091896989033 56.72290845347608013  5.00283922306778273 56.74604914513441400  5.03285060606853651 56.76808163213014069  5.07736229868795164 56.79931959788872575  5.09200400305813528 56.80935968582482332  5.10659880631838803 56.81913472179789437  5.12114415668903256 56.82864662771373787  5.13563779656488784 56.83789796419154783  5.15007774041751354 56.84689184578321886  5.16446225269744730 56.85563185619255933  5.20543760494767493 56.87991267028388620  5.23188801054720010 56.89483861560186284  5.25813225042052679 56.90892611801091761  5.28416430713785523 56.92220575633456292  5.30998071425869078 56.93471122161727038  5.33558033263644038 56.94647816908441484  5.36096412672301348 56.95754307010229667  5.41802305896555758 56.98111622480970340  5.44956746306745465 56.99322087154288141  5.48077617515607507 57.00433123563198734  5.51165880447553125 57.01452036803751611  5.54222669475507956 57.02385845470072923  5.57249307142715988 57.03241213185828684  5.60247318884539514 57.04024380135694372  5.71885312607714180 57.06831770449895913  5.80310456945810405 57.08353940794228976  5.88553682585813398 57.09457438383913797  5.96653007207447139 57.10243954764845142  6.04643410135571457 57.10787549066181157  6.12558139197504925 57.11134023221511313  6.20433938582563105 57.11307626875564125  6.28318530717958623 57.11307626879300869 
 0.00000000000000000 9 0.11242433114096546 7 0.15091968159968230 7 0.18130614740831513 7 0.19764457518496259 7 0.23054839323607801 7 0.26151242850986167 7 0.27655619637141682 7 0.30507932959683026 7 0.34103806417459115 7 0.36992024359098707 7 0.39372617420948480 7 0.41375671885165283 7 0.43068050471007996 7 0.50006343144058518 7 0.55529761337828620 7 0.56944362661281822 7 0.58636596140318831 7 0.60639433571094514 7 0.63019701644943971 7 0.65863258247354417 7 0.69461152676931792 7 0.72321342257258714 7 0.73831857148383384 7 0.76926546212696012 7 0.80245238570583133 7 0.81879300053624304 7 0.84918482579447474 7 0.88768727975083295 7 1.00000000000000000 9
7 0 0  8 184 27  4.66838898093494237 113.00000000000051159  4.66838898093494148 113.33032256531444659  4.66681395473831184 113.66024817560777649  4.66367063207099175 113.98868290024756789  4.65893018190165176 114.31405794634497397  4.65255064686577580 114.63438278825853445  4.64447347971405211 114.94720441007044087  4.63463329209060415 115.24964327748705273  4.61897701322169496 115.63514912012426805  4.61482903444902082 115.73049276873349811  4.61046795515016505 115.82406307177976146  4.60589095449660491 115.91568608280201147  4.60109568163770355 116.00516672447881206  4.59608041754268282 116.09229048559218711  4.59084423684261367 116.17682511799175415  4.58112368256314717 116.32235057949462487  4.57672557693124293 116.38444363157991290  4.57219306797330649 116.44468134906831835  4.56752697116992401 116.50293418223719755  4.56272882991081996 116.55906541670934473  4.55780104312004131 116.61293341777513888  4.55274699288114437 116.66439387471446310  4.54481162196396760 116.73937801474335174  4.54201748045126852 116.76472828598522824  4.53918945515287398 116.78933079208735535  4.53632834382632488 116.81316352706016914  4.53343504063156200 116.83620471159191823  4.53051054240436901 116.85843295895888616  4.52755595492981300 116.87982744093574183  4.51855436082158057 116.94180196866737731  4.51241803400249797 116.97976629675149240  4.50617434803916961 117.01408949901653500  4.49983522551614978 117.04462020668233890  4.49341374361112234 117.07123095702259263  4.48692419538422271 117.09382192925693289  4.48038215106735205 117.11232468044288169  4.46761678199818935 117.14023462515442020  4.46139651790636016 117.15011821712647588  4.45515766259101653 117.15632824351860108  4.44891357904979134 117.15886680775705031  4.44267706539474716 117.15776334166008610  4.43646036248217435 117.15307141663863888  4.43027516154240342 117.14486555489693842  4.42112208309510812 117.12753927267971221  4.41812165986297689 117.12101836902736807  4.41513257781249902 117.11368598787015571  4.41215600221734672 117.10555365310455045  4.40919303040134025 117.09663362716179336  4.40624469421421949 117.08693878384038101  4.40331196250739687 117.07648248113831357  4.39505745686270100 117.04476885713192758  4.38977454192858119 117.02175372293335442  4.38455247219433453 116.99631720658116762  4.37939600538141338 116.96854675320452088  4.37430923863857846 116.93853140212334552  4.36929566363471711 116.90636011100147584  4.36435822165167320 116.87212007999966090  4.35338816773136728 116.79033340480404490  4.34740150823273819 116.74163343674693749  4.34154395236508162 116.68996091554872407  4.33581923867838270 116.63547568257784803  4.33023035469738815 116.57833016117328384  4.32477961953030299 116.51866784103729913  4.31946876647748823 116.45662176262884202  4.31022082415198060 116.34158239564071380  4.30623055454702808 116.28944523550346446  4.30232885670042720 116.23596170335204647  4.29851629755215559 116.18118918617507518  4.29479337519818305 116.12518222795928580  4.29116052298160611 116.06799248190615970  4.28761811358378431 116.00966866264846544  4.28141277635898732 115.90285816216866976  4.27871687867954442 115.85476757053153563  4.27607894340408379 115.80600811838577613  4.27349914239791584 115.75660245040700147  4.27097764606472907 115.70657246111629490  4.26851462334659804 115.65593929488032643  4.26611024172397713 115.60472334591122490  4.25466158029685815 115.35199155617004863  4.24644552069973713 115.14258590027218077  4.23912362706444767 114.92583487733917025  4.23270834231294923 114.70277871510319301  4.22721300089811436 114.47441958206033519  4.22264984815976252 114.24173423600443300  4.21902929351996647 114.00567897518033078  4.21529816681850811 113.67242828012665257  4.21438728652190076 113.57728387524588243  4.21362706689123989 113.48182485348745274  4.21301791716939089 113.38611361064364758  4.21256014731091799 113.29021271610835697  4.21225396798208340 113.19418491287726170  4.21209949056085176 113.09809311754760586  4.21209392640504898 112.90461041447902346  4.21224696403079690 112.80721931387493839  4.21255583005283185 112.70989280204278771  4.21302040981728876 112.61269637955362555  4.21364048397774837 112.51569536401278526  4.21441572849522750 112.41895489005993625  4.21534571463818164 112.32253990936905552  4.21912153982030969 111.98812334194222728  4.22276318157434627 111.75217847848969654  4.22734692846445625 111.51962158319435048  4.23286234907352643 111.29140829701994164  4.23929719408985495 111.06851512895124756  4.24663813893773412 110.85194439791261800  4.25487276403581038 110.64273692306979058  4.26634387322244368 110.39028600404708413  4.26875253042267655 110.33913478546165265  4.27121978141495440 110.28856748444535185  4.27374545898709712 110.23860451588592468  4.27632939432325632 110.18926704829759444  4.27897141700390371 110.14057700382130633  4.28167135500583829 110.09255705822448590  4.28783412301676314 109.98679360384717540  4.29132720859503181 109.92941454187165107  4.29490799425987824 109.87313735520260138  4.29857612211289108 109.81800865997648486  4.30233117353437144 109.76407778823825367  4.30617266918332753 109.71139678794102679  4.31010006899747466 109.66002042294643104  4.31927943878987364 109.54560894705949181  4.32458733124973449 109.48347226716056468  4.33003522601054414 109.42371710695211107  4.33562139838086047 109.36647640312230578  4.34134354027392000 109.31189354935725078  4.34719867794148840 109.26012089027511820  4.35318308970770396 109.21131821536042139  4.36417988034634341 109.12911507074264250  4.36914723750156853 109.09458707400922606  4.37419180571364752 109.06215268373956917  4.37931059083829144 109.03190082925419802  4.38450003763290486 109.00392223132615754  4.38975597334762035 108.97830768535396828  4.39507355131633837 108.95514634453536473  4.40335383855635687 108.92336922354198236  4.40627687237525745 108.91295733655107369  4.40921539614184432 108.90330191505269397  4.41216845026543236 108.89441617868835976  4.41513501299308775 108.88631286870585768  4.41811399797544624 108.87900412290940722  4.42110425183253497 108.87250135060959622  4.43025126937815106 108.85516569524891395  4.43644073526088967 108.84694245544604030  4.44266177889155234 108.84223791581986518  4.44890268604344641 108.84112680116278682  4.45515119106661572 108.84366283248795071  4.46139446921503691 108.84987552611259787  4.46761912897380320 108.85976699274145574  4.48043209842825352 108.88778828418607247  4.48701690448242729 108.90644376475935928  4.49354838873285978 108.92924111933707820  4.50001068992877151 108.95611030946236042  4.50638925521197198 108.98694914389247401  4.51267077594427146 109.02162710533700363  4.51884312353487960 109.05998917719593067  4.52787701907505014 109.12248811188892716  4.53082976660006587 109.14396937520324116  4.53375231287112435 109.16628328232604872  4.53664355820006548 109.18940894148776977  4.53950251188165854 109.21332491288686128  4.54232828589296922 109.23800937451200355  4.54512008859272143 109.26344028796502528  4.55304900986113292 109.33865732148298378  4.55809871884975770 109.39026715426479086  4.56302189196163344 109.44428014245784198  4.56781518271979614 109.50055188828814323  4.57247622416268129 109.55894074876653121  4.57700350141157752 109.61931006807640188  4.58139622423808923 109.68153040996165259  4.59110431212966486 109.82733811478267683  4.59633331798371980 109.91202512079064491  4.60134123018808783 109.99929480954746452  4.60612900789206048 110.08891526548585205  4.61069839575144869 110.18067233415077055  4.61505176328015665 110.27437130028802414  4.61919194420173440 110.36983856593246855  4.63478562022342278 110.75504407263190387  4.64458061794998134 111.05695090324620367  4.65262111608343254 111.36916109854995227  4.65897205724803332 111.68882021565438833  4.66369146672325297 112.01349571946826700  4.66682093267567755 112.34121190701782211  4.66838898093409504 112.67040994584691305  4.66838898093493171 112.99999999959783281 
 0.00000000000000000 9 0.11353992630838552 7 0.15169581324966180 7 0.18150617237507627 7 0.19739991799320306 7 0.22946031033541214 7 0.25962029738720571 7 0.27440202663617885 7 0.30146073248669858 7 0.33549357495630905 7 0.36234072129756467 7 0.38375906362637685 7 0.46688284894577736 7 0.49991427897146079 7 0.53339165296385660 7 0.61650288913525075 7 0.63791483791301173 7 0.66435357794219230 7 0.69839550636347070 7 0.72563099632539396 7 0.74036287752963903 7 0.77054409865772611 7 0.80281545419417677 7 0.81871466443584084 7 0.84853821449321509 7 0.88671168612776885 7 1.00000000000000000 9
7 0 0  8 184 27  6.28318530717958623 19.06947192555798054  6.20382034452491471 19.06947192555800186  6.12455062242659132 19.07079184868990751  6.04487720586623389 19.07342537632461443  5.96441799640541603 19.07766346562585369  5.88282776776880745 19.08405924481207450  5.79973931280741350 19.09351878050238582  5.71475279533395408 19.10729202734058418  5.59780336875351736 19.13394367905888060  5.56811547650605565 19.14134116392348517  5.53813810144223240 19.14950011004873787  5.50785567806666432 19.15849422506808608  5.47725467209152317 19.16840256435655121  5.44632342139859649 19.17930880921135284  5.41505197700134389 19.19130054503250804  5.35872790448165226 19.21475640529848050  5.33381230491833769 19.22576176085916089  5.30868224985135129 19.23752695630525622  5.28333670709945213 19.25009501176858961  5.25777673114942701 19.26350833851806499  5.23200568653968201 19.27780746008460255  5.20602947124384752 19.29302973338615246  5.16590243880267508 19.31783374132615805  5.15189239564044321 19.32673109301732595  5.13782806037486406 19.33590498239775712  5.12371110384251782 19.34535987407027235  5.10954343910078634 19.35509974712677916  5.09532724261928660 19.36512800250610766  5.08106497547128999 19.37544737035186060  5.03790263103497793 19.40746693079053742  5.00886615750853004 19.43006915123094913  4.97967682799364653 19.45388000028288289  4.95036222915708191 19.47890257219903276  4.92095154400589596 19.50512731935999255  4.89147640560884156 19.53252983774075702  4.86197175081775956 19.56106865237733672  4.80472994133041098 19.61854193907979393  4.77698711893239469 19.64735730337505260  4.74928017396675006 19.67707974440129703  4.72163743411298054 19.70765203533314747  4.69408428047214521 19.73900979362774777  4.66664384048072289 19.77108220081493428  4.63933768082449127 19.80379272228740106  4.59887941909141329 19.85336438767500056  4.58560894023407251 19.86980340868439754  4.57237714520343186 19.88636774821916475  4.55918588336373443 19.90304822696867504  4.54603678920411269 19.91983565876757467  4.53293129952228746 19.93672088115183172  4.51987067060827563 19.95369478591477730  4.48303197176285018 20.00196576390452563  4.45936211945597183 20.03344990918278157  4.43585265168999765 20.06514589164201823  4.41250782187188850 20.09700016979588355  4.38933010743189733 20.12896092141562576  4.36632039362243685 20.16097841041818484  4.34347815731694809 20.19300535375430883  4.29228047991398309 20.26523485451998852  4.26402253022609390 20.30541556121697866  4.23602287473163219 20.34545240451013370  4.20827526200489910 20.38526289605689357  4.18077211035372986 20.42476933551751017  4.15350450196525589 20.46389908302286997  4.12646217705168539 20.50258483164237688  4.07846948129684694 20.57088359069731354  4.05743900923796197 20.60068670149255610  4.03653660688945948 20.63014352382275263  4.01575687888433119 20.65922451796469161  3.99509448224398822 20.68790131693495837  3.97454406920370884 20.71614675053819354  3.95410023003809830 20.74393486941530540  3.91752819038222544 20.79302545907440702  3.90136338567714525 20.81450297040005282  3.88526031774604830 20.83566084343089031  3.86921634066087572 20.85648674838652994  3.85322886659076236 20.87696868534396089  3.83729536580204167 20.89709498423754397  3.82141336665823861 20.91685430485902586  3.74413352018906354 21.01145386128941084  3.68343444106016005 21.08096827937622919  3.62332594181982204 21.14415618255267404  3.56369026371789310 21.20042619966731579  3.50442915969091118 21.24924933343555011  3.44545574299440061 21.29018040474874240  3.38669107444514239 21.32287185747284397  3.30475912054365573 21.35670236636600450  3.28148228265541020 21.36498299301231540  3.25822386661507668 21.37190839938619291  3.23497999032607320 21.37746626577093423  3.21174688158982091 21.38164730965567983  3.18852087810574814 21.38444528573539927  3.16529842747128765 21.38585698591089823  3.11854023147591741 21.38590783360231740  3.09500437415756524 21.38450928965017539  3.07146493422857070 21.38168670387888781  3.04791821451184131 21.37744337648478421  3.02436040165144915 21.37178581141403910  3.00078756611263175 21.36472371636264356  2.97719566218178855 21.35627000277642296  2.89495337885278170 21.32203868162830673  2.83619308225561184 21.28916256066996482  2.77722263781115775 21.24805592792372266  2.71796292023614061 21.19906773260045796  2.65832686022284070 21.14264428168100451  2.59821601994877627 21.07931547751201151  2.53751241626422264 21.00967340940448480  2.46022605716475784 20.91493352440315334  2.44434443549076796 20.89514876673391441  2.42841116379525834 20.87499807419721165  2.41242376859585805 20.85449279535205847  2.39637971873140554 20.83364460926008377  2.38027642536195527 20.81246552548554973  2.36411124196877553 20.79096788409534113  2.32784149155536380 20.74224210649646594  2.30770316665099129 20.71485373768111415  2.28746132206162311 20.68702294618293180  2.26711079317642339 20.65877455294667797  2.24664641835333301 20.63013450289184547  2.22606303891906032 20.60112986491263243  2.20535549916908735 20.57178883187795648  2.15768958224405427 20.50396647784351956  2.13064701643526355 20.46528455345658770  2.10337932131366045 20.42615661008864336  2.07587621224507179 20.38664990823879819  2.04812873999889655 20.34683703569718105  2.02012928315822604 20.30679563695494139  1.99187154052996229 20.26660814261419929  1.94053207855045562 20.19416188160553816  1.91754573172339882 20.16192527397469192  1.89438970866996104 20.12969700374607385  1.87106347504976478 20.09752527735186689  1.84756792492347888 20.06546080138107868  1.82390556909042756 20.03355640414478955  1.80008072342620018 20.00186665724141122  1.76312817992002069 19.95345263728777851  1.75011103219663089 19.93653701860729299  1.73704933792268679 19.91970957461938241  1.72394434222198134 19.90297932225027466  1.71079746836926061 19.88635533176662307  1.69761033468997757 19.86984669672847303  1.68438477146004439 19.85346250394232470  1.64395309982969984 19.80391897547690405  1.61662809956517917 19.77118324606027144  1.58916857321542082 19.73908632769186866  1.56159612698757022 19.70770492624105330  1.53393393242940501 19.67711001826509687  1.50620742176621691 19.64736612835530849  1.47844498323769824 19.61853060648316927  1.42098943344434869 19.56084459503643203  1.39129061573262081 19.53212615180968115  1.36162202656408171 19.50455947583881056  1.33201922888670610 19.47818668719711255  1.30251441042666194 19.45303241347618339  1.27313726878297495 19.42910607740361328  1.24391589652218415 19.40640418446060877  1.20057132803269351 19.37432430247386961  1.18630854465711644 19.36402911035417773  1.17209206732825888 19.35402501506840522  1.15792434128706101 19.34430923774925049  1.14380752697382504 19.33487833235485454  1.12974352116861576 19.32572827828931139  1.11573397813166375 19.31685457302318198  1.07560624441930996 19.29211632933086662  1.04962926019612812 19.27693580337139778  1.02385792014285437 19.26267759735156204  0.99829802169959037 19.24930416889740670  0.97295283903435259 19.23677485476972393  0.94782334439952287 19.22504714288880479  0.92290842948829910 19.21407794435916117  0.86658545633020867 19.19070115572584356  0.83531448049208457 19.17875150277038188  0.80438367116809495 19.16788505670764309  0.77378297198964630 19.15801421171994789  0.74350063541055389 19.14905531474285993  0.71352305978936981 19.14092937411596651  0.68383462647170890 19.13356276823361668  0.56711574489468441 19.10707895083838892  0.48234260613836760 19.09339342221340985  0.39945504011992500 19.08398863718425531  0.31805563242209328 19.07762601807341696  0.23777960385036934 19.07340792636568949  0.15828387579693809 19.07078599931881158  0.07918896573848604 19.06947192557392512  0.00000000000000000 19.06947192555798054 
 0.00000000000000000 9 0.11353992630838552 7 0.15169581324966180 7 0.18150617237507627 7 0.19739991799320306 7 0.22946031033541214 7 0.25962029738720571 7 0.27440202663617885 7 0.30146073248669858 7 0.33549357495630905 7 0.36234072129756467 7 0.38375906362637685 7 0.46688284894577736 7 0.49991427897146079 7 0.53339165296385660 7 0.61650288913525075 7 0.63791483791301173 7 0.66435357794219230 7 0.69839550636347070 7 0.72563099632539396 7 0.74036287752963903 7 0.77054409865772611 7 0.80281545419417677 7 0.81871466443584084 7 0.84853821449321509 7 0.88671168612776885 7 1.00000000000000000 9
1 6.28318530717958623 -0.00000000000000000 0.00000000000000000 1.00000000000000000 
1 0.00000000000000000 -0.00000000000000000 0.00000000000000000 1.00000000000000000 
1 6.28318530717958623 -0.00000000000000000 0.00000000000000000 1.00000000000000000 
1 0.00000000000000000 -0.00000000000000000 0.00000000000000000 1.00000000000000000 
Curves 39
2 0.00000000000000000 121.85000000000000853 0.00000000000000000 0.00000000000000000 1.00000000000000000 0.00000000000000000 0.00000000000000000 -0.00000000000000000 1.00000000000000000 1.00000000000000000 0.00000000000000000 -0.00000000000000000 19.05000000000000071
1 -0.00000000000000467 116.00000000000000000 19.05000000000000071 0.00000000000000000 1.00000000000000000 0.00000000000000000 
2 0.00000000000000000 116.00000000000000000 0.00000000000000000 0.00000000000000000 1.00000000000000000 0.00000000000000000 0.00000000000000000 -0.00000000000000000 1.00000000000000000 1.00000000000000000 0.00000000000000000 -0.00000000000000000 19.05000000000000071
2 0.00000000000000000 121.85000000000000853 0.00000000000000000 0.00000000000000000 1.00000000000000000 0.00000000000000000 0.00000000000000000 -0.00000000000000000 1.00000000000000000 1.00000000000000000 0.00000000000000000 -0.00000000000000000 19.05000000000000071
1 4.86249999999999982 116.00000000000000000 18.41897374312695135 0.00000000000000000 1.00000000000000000 0.00000000000000000 
2 0.00000000000000000 160.15000000000000568 0.00000000000000000 0.00000000000000000 1.00000000000000000 0.00000000000000000 0.00000000000000000 -0.00000000000000000 1.00000000000000000 1.00000000000000000 0.00000000000000000 -0.00000000000000000 19.05000000000000071
1 -0.00000000000000467 116.00000000000000000 19.05000000000000071 0.00000000000000000 1.00000000000000000 0.00000000000000000 
2 0.00000000000000000 209.84999999999999432 0.00000000000000000 0.00000000000000000 1.00000000000000000 0.00000000000000000 0.00000000000000000 -0.00000000000000000 1.00000000000000000 1.00000000000000000 0.00000000000000000 -0.00000000000000000 19.05000000000000071
1 4.86249999999999982 116.00000000000000000 18.41897374312695135 0.00000000000000000 1.00000000000000000 0.00000000000000000 
2 0.00000000000000000 248.15000000000000568 0.00000000000000000 0.00000000000000000 1.00000000000000000 0.00000000000000000 0.00000000000000000 -0.00000000000000000 1.00000000000000000 1.00000000000000000 0.00000000000000000 -0.00000000000000000 19.05000000000000071
1 -0.00000000000000467 116.00000000000000000 19.05000000000000071 0.00000000000000000 1.00000000000000000 0.00000000000000000 
2 0.00000000000000000 254.00000000000000000 0.00000000000000000 0.00000000000000000 1.00000000000000000 0.00000000000000000 0.00000000000000000 -0.00000000000000000 1.00000000000000000 1.00000000000000000 0.00000000000000000 -0.00000000000000000 19.05000000000000071
2 0.00000000000000000 248.15000000000000568 0.00000000000000000 0.00000000000000000 1.00000000000000000 0.00000000000000000 0.00000000000000000 -0.00000000000000000 1.00000000000000000 1.00000000000000000 0.00000000000000000 -0.00000000000000000 19.05000000000000071
1 -4.86249999999999982 116.00000000000000000 18.41897374312695135 0.00000000000000000 1.00000000000000000 0.00000000000000000 
2 0.00000000000000000 209.84999999999999432 0.00000000000000000 0.00000000000000000 1.00000000000000000 0.00000000000000000 0.00000000000000000 -0.00000000000000000 1.00000000000000000 1.00000000000000000 0.00000000000000000 -0.00000000000000000 19.05000000000000071
2 0.00000000000000000 160.15000000000000568 0.00000000000000000 0.00000000000000000 1.00000000000000000 0.00000000000000000 0.00000000000000000 -0.00000000000000000 1.00000000000000000 1.00000000000000000 0.00000000000000000 -0.00000000000000000 19.05000000000000071
1 -4.86249999999999982 116.00000000000000000 18.41897374312695135 0.00000000000000000 1.00000000000000000 0.00000000000000000 
7 0 0  8 205 30  19.00997793823663784 141.00000000000000000 -1.23419560352329949  19.00997793823471227 140.70278985971236807 -1.23419560355298774  19.00823858122675958 140.40591314205045137 -1.26098549194360299  19.00476724901964687 140.11037818301196012 -1.31445870955890065  18.99932047136559987 139.81759837280304737 -1.39507003219704018  18.99143848781466204 139.52935064893881645 -1.50347972936263652  18.98037770015919889 139.24780715913612994 -1.64058152290674109  18.96511714272083182 138.97550912405384338 -1.80734459940077929  18.93697342616354007 138.62651792824760832 -2.07320711257561507  18.92912954451800900 138.53899113196143844 -2.14465425643711560  18.92056293599634742 138.45309465280126915 -2.21977917912203582  18.91121117325488754 138.36898814343368258 -2.29861992775169233  18.90100760397660551 138.28685006577316585 -2.38120496522648839  18.88988204038717100 138.20687615861177733 -2.46755019591346958  18.87776144877092221 138.12927790524892657 -2.55765599133387589  18.85415841814163329 137.99508188133404474 -2.72558370419159335  18.84307984056082219 137.93750646923089676 -2.80199156042176067  18.83129878871743657 137.88166733898853522 -2.88071552716885382  18.81877882311452765 137.82768565043764397 -2.96173200258419111  18.80548433277552789 137.77568907401160914 -3.04500390069992966  18.79138168573455303 137.72580971569487929 -3.13047851178625702  18.77644037952669009 137.67818204197158138 -3.21808536270857415  18.75213539947883135 137.60861514969045061 -3.35593708508407618  18.74338664776598407 137.58497959201025651 -3.40473002962470561  18.73438398276689298 137.56205519779166480 -3.45409841178029930  18.72512383642088807 137.53986296203845541 -3.50402607819969658  18.71560311115613828 137.51842364988738154 -3.55449512372761278  18.70581926466637412 137.49775763779445015 -3.60548579382538659  18.69577039468758883 137.47788475472191294 -3.65697638699174599  18.66468189189125226 137.42043808300257979 -3.81359858513971339  18.64282622166187053 137.38534173691900264 -3.92019832758896225  18.61988133725958505 137.35369755805712089 -4.02853397294776183  18.59584992445802598 137.32564855932096748 -4.13837803586035413  18.57074627042381110 137.30131482047281111 -4.24948360229607758  18.54459820350895072 137.28079001507066437 -4.36158397464666514  18.51744903304322776 137.26413793740584879 -4.47439231682354954  18.46292591150014673 137.23939170939269161 -4.69413625900553644  18.43565524878090045 137.23084893437194864 -4.80104356670103893  18.40759703311414341 137.22578666597823371 -4.90806924786814225  18.37880756667947679 137.22420200325089468 -5.01497144637840186  18.34934927003813954 137.22606618532529410 -5.12152039508539225  18.31929003048031035 137.23132759408949255 -5.22749838636165443  18.28870255037245229 137.23991475684113084 -5.33269974263563995  18.24258357680589171 137.25748428551605684 -5.48757107397288202  18.22739619412681478 137.26399374417658805 -5.53798457600099958  18.21210998925589308 137.27125757188832722 -5.58815046900341894  18.19673336504268946 137.27926505320948536 -5.63804912113855305  18.18127468539781688 137.28800491029426212 -5.68766209273283607  18.16574227529294916 137.29746530289264683 -5.73697213628070379  18.15014442076078893 137.30763382835056063 -5.78596319644460610  18.10480723512884182 137.33909519188767945 -5.92687497014652376  18.07491957991089748 137.36219223364156505 -6.01792856670684717  18.04488171234973493 137.38770183749568332 -6.10768137489283802  18.01474734049861937 137.41553373464898868 -6.19604848270457609  17.98456823133273019 137.44559596029637305 -6.28295860565397213  17.95439387072623916 137.47779661705089893 -6.36835280143338256  17.92427112342939211 137.51204563836523675 -6.45218318458422502  17.85638896319113300 137.59390716895470064 -6.63807596238808628  17.81868718358748538 137.64267416928672105 -6.73919057281816336  17.78122482450073605 137.69438559999343852 -6.83768514765696178  17.74408328841298399 137.74887572129821933 -6.93350640611310531  17.70733888597625239 137.80598656642686706 -7.02661613632751703  17.67106261196640560 137.86556950143005906 -7.11698922029820480  17.63531992123707681 137.92748678500606729 -7.20461165880503085  17.57193837227261568 138.04311962805874714 -7.35764401274949797  17.54408993537261452 138.09604954346306727 -7.42402954850526609  17.51665654109011072 138.15033711434261932 -7.48863206593460351  17.48966824124513408 138.20591961515637536 -7.55144992192922437  17.46315376805040032 138.26273740025771986 -7.61248282908661089  17.43714050980047503 138.32073394913598463 -7.67173171685681243  17.41165448656093773 138.37985591165784172 -7.72919859268926679  17.36616852153640167 138.48967030087638364 -7.83078668423937874  17.34599185074275596 138.54001741511888213 -7.87547782155226628  17.32620424104274903 138.59106620845457769 -7.91896123287253051  17.30681917781729595 138.64278927221153026 -7.96123830708970992  17.28784970426218592 138.69516007662767265 -8.00231040422864659  17.26930842138804678 138.74815297085075372 -8.04217885544948174  17.25120748802035209 138.80174318293836677 -8.08084496304765665  17.21870868998099624 138.90148063777289167 -8.14983345216491273  17.20417883953676608 138.94746024780693006 -8.18050649404928443  17.18997607348972423 138.99383134372700965 -8.21032982174231485  17.17610719092905214 139.04057986392641055 -8.23930404804107219  17.16257878601008713 139.08769199142491857 -8.26742970290439771  17.14939724795436504 139.13515415386885365 -8.29470723345291638  17.13656876104958471 139.18295302353115517 -8.32113700396902800  17.11356387420310554 139.27173416111025972 -8.36833374713074463  17.10328473948015215 139.31262377056532387 -8.38934321368664193  17.09326551080692980 139.35373642920654902 -8.40974785569897776  17.08350968625051181 139.39506428377842440 -8.42954779406715460  17.07402065161879889 139.43659954423981162 -8.44874311045561655  17.06480168046059376 139.47833448376383103 -8.46733384729384753  17.05585593406555844 139.52026143873814590 -8.48532000777636952  17.01164397780705784 139.73501799143915036 -8.57396118343247160  16.98074512553112569 139.91076190339418872 -8.63505847123394155  16.95469881616216412 140.08908282522878608 -8.68599255534225279  16.93368239759824689 140.26946363399014217 -8.72675021142851115  16.91783411451149988 140.45138935895977284 -8.75731547589513148  16.90724800534431438 140.63434550552076985 -8.77767583851206012  16.90197123589998540 140.81781714710524511 -8.78782500655390919  16.90202984842231970 141.14734641521539515 -8.78771227374979169  16.90542046350973848 141.29340212835296597 -8.78119080332135304  16.91217604305147049 141.43919472972712015 -8.76819736417872697  16.92227707421980298 141.58446382728808999 -8.74873508910442510  16.93568527142623736 141.72894948240858071 -8.72280948836461434  16.95234464464977719 141.87239186044854478 -8.69042722943629542  16.97218256776529799 142.01453088131921731 -8.65159491673449921  17.00098300299532639 142.19110849706629551 -8.59472197798303128  17.00705787567667571 142.22700854520078906 -8.58270334162293480  17.01333398737441627 142.26280163566070769 -8.57026204560570370  17.01980979946818806 142.29848337588063600 -8.55739816078330762  17.02648371225883750 142.33404935952049186 -8.54411174551315256  17.03335406496841031 142.36949516646481584 -8.53040284565808271  17.04041913574013734 142.40481636282328282 -8.51627149458637334  17.05635961660049915 142.48210751025325749 -8.48430758089762982  17.06531819382955817 142.52402180934927856 -8.46629293024146001  17.07454982082649053 142.56574379816078135 -8.44767379603668189  17.08405133294990819 142.60726581311044470 -8.42845017381644723  17.09381945341614539 142.64858012710175217 -8.40862201981362212  17.10385079329926228 142.68967894951867947 -8.38818925096079404  17.11414185153106615 142.73055442622592182 -8.36715174489025770  17.13717207580707935 142.81930296609121456 -8.31989454193165123  17.15001388393046966 142.86708326597337759 -8.29343242400201852  17.16320845558475838 142.91452645506095109 -8.26612270208130617  17.17674960225664549 142.96161920377460319 -8.23796500940231802  17.19063093060594838 143.00834793711027260 -8.20895889649446708  17.20484584246564097 143.05469883463908332 -8.17910383118379691  17.21938753484184303 143.10065783050742994 -8.14839919859296735  17.25191107787277289 143.20034772572387283 -8.07934294739993319  17.27002476169109357 143.25391085090598153 -8.04064079650062880  17.28857832944438755 143.30687608943617306 -8.00073657148590556  17.30755961682744015 143.35921866100440525 -7.95962896789527719  17.32695601715426648 143.41091290453803708 -7.91731665376521754  17.34675448135810072 143.46193227820168659 -7.87379826962916507  17.36694151799139263 143.51224935939734451 -7.82907242851751750  17.41206693376062375 143.62107370095574765 -7.72826240312446888  17.43716505206779388 143.67926811848144553 -7.67166251443185754  17.46277401430272391 143.73637118042844918 -7.61333526473219369  17.48886898103168974 143.79233195562690639 -7.55327874916697883  17.51542382977110535 143.84709653988934974 -7.49149207045593890  17.54241117752685852 143.90060809724994328 -7.42797546618618831  17.56980240333367149 143.95280690120401346 -7.36273043610134881  17.63269849992862959 144.06793628655069028 -7.21102337119336934  17.66842668621884016 144.13003773884966563 -7.12352777907728818  17.70469262475565131 144.18980964856152127 -7.03327766938047461  17.74143096293940047 144.24711448595093088 -6.94028667589265869  17.77857082102155317 144.30180381478155027 -6.84457944923297568  17.81603601264615122 144.35371983126808004 -6.74619361622767411  17.85374526539122542 144.40269690302804406 -6.64518173928782208  17.92171540962123188 144.48502500101429291 -6.45928027631927915  17.95191720832842108 144.51951969798767550 -6.37533428484101616  17.98217379319233800 144.55196029299631277 -6.28981302321170599  18.01243809581605859 144.58225614070812526 -6.20276408333353135  18.04266036813029928 144.61031464567784610 -6.11424622628665482  18.07278852687855775 144.63604305160802710 -6.02433068146449635  18.10276849810221123 144.65935023061027209 -5.93310244570899492  18.14826980853260707 144.69113237865522592 -5.79184198619681023  18.16393815514261689 144.70141661892728280 -5.74268442184163597  18.17954126196246278 144.71098804218323153 -5.69320384079662034  18.19507074776493383 144.71983406226553370 -5.64341640611226225  18.21051818958891033 144.72794265795806723 -5.59333949247330864  18.22587512273932120 144.73530237298612633 -5.54299168619874738  18.24113304078715814 144.74190231601662049 -5.49239278524181174  18.28732290238978209 144.75967613854541582 -5.33742718444426689  18.31791394672218232 144.76838911598338200 -5.23231532103438024  18.34797978461759982 144.77378250847533536 -5.12642092142109274  18.37744776097119725 144.77578443092451721 -5.01994877869952205  18.40624996688348247 144.77434271541955013 -4.91311580771908307  18.43432389702153884 144.76942792901976986 -4.80615108620343356  18.46161310698015967 144.76103639154104030 -4.69929589587042962  18.51643751301192609 144.73649274733799075 -4.47860339693836895  18.54385271706018656 144.71982052911391747 -4.36479953596554271  18.57025059409705747 144.69920674525337745 -4.25170833982799667  18.59558635619659839 144.67471626835393295 -4.13962468993499133  18.61983128915593255 144.64644497092268693 -4.02882254445105037  18.64297072545355860 144.61451605927203445 -3.91955529283633775  18.66500201720765517 144.57907640741555610 -3.81205611038705916  18.69623828833602630 144.52119661942774087 -3.65458334067903312  18.70627783160680124 144.50128852381172351 -3.60310550235781601  18.71605233729338735 144.48058775743368187 -3.55212849911147766  18.72556372719731144 144.45911417560108703 -3.50167398676590658  18.73481456179885640 144.43688817682976833 -3.45176167350601792  18.74380795548092493 144.41393054406293572 -3.40240941770817917  18.75254749175291025 144.39026228588988943 -3.35363332577263051  18.77682698863296196 144.32060151604224529 -3.21582793196608785  18.79175212423248098 144.27291381469547105 -3.12825241063805937  18.80583886240782121 144.22297619874132124 -3.04281136657418738  18.81911778032360161 144.17092317151750080 -2.95957500236473603  18.83162256719658600 144.11688684432016316 -2.87859578165230889  18.84338887631792758 144.06099486604048820 -2.79991056819628747  18.85445317707537782 144.00336835280148762 -2.72354276493726877  18.87802505296133404 143.86905969930975857 -2.55570762875817437  18.89012904302882845 143.79140090720676426 -2.46565510456535275  18.90123880439116633 143.71136902715605288 -2.37936468149813063  18.91142738404586154 143.62917541560247514 -2.29683572074901043  18.92076496412667197 143.54501567444788179 -2.21805211007713954  18.92931817725531474 143.45906812593420909 -2.14298523019753917  18.93714942189329875 143.37149228752619479 -2.07159692117033956  18.96522180205267460 143.02262245789421513 -1.80620078390380545  18.98044267971048882 142.75053702646286524 -1.63977576532035041  18.99147705708125855 142.46923732529882045 -1.50294912473780329  18.99934179395827272 142.18125484721210228 -1.39475451538978490  19.00477744242117240 141.88875373046022332 -1.31430166439217722  19.00824199572515028 141.59350509463024537 -1.26093290812321435  19.00997793823421844 141.29691831727640761 -1.23419560356058611  19.00997793823663784 141.00000000000000000 -1.23419560352329949 
 0.00000000000000000 9 0.11242433114062113 7 0.15091968159911168 7 0.18130614740759823 7 0.19764457518415590 7 0.23054839323509937 7 0.26151242850872336 7 0.27655619637020840 7 0.30507932959548839 7 0.34103806417311605 7 0.36992024358942460 7 0.39372617420785733 7 0.41375671885000198 7 0.43068050470841640 7 0.50006343143892440 7 0.55529761337660155 7 0.56944362661113768 7 0.58636596140154273 7 0.60639433570935475 7 0.63019701644790993 7 0.65863258247205159 7 0.69461152676790583 7 0.72321342257122900 7 0.73831857148251134 7 0.76926546212571056 7 0.80245238570465216 7 0.81879300053510773 7 0.84918482579337484 7 0.88768727974980377 7 1.00000000000000000 9
7 0 0  8 184 27  -19.03156257532029016 141.00000000000000000 -0.83792955650707945  -19.03156257532029016 141.33032256531367921 -0.83792955650709899  -19.03024272379283488 141.66024817561412874 -0.86790475023887304  -19.02760933902491658 141.98868290023344230 -0.92772717990860620  -19.02337147963539365 142.31405794636043538 -1.01793348067673151  -19.01697604741472958 142.63438278825009320 -1.13930007351235929  -19.00751702489506201 142.94720441007214617 -1.29289266666583824  -18.99374452524255119 143.24964327748728010 -1.47986550592627442  -18.96709431935124712 143.63514912012428226 -1.77692457262578540  -18.95969723579322519 143.73049276873345548 -1.85559730925080602  -18.95153873228311525 143.82406307177967619 -1.93827581564866724  -18.94254510518603141 143.91568608280195463 -2.02500486901077537  -18.93263730341563189 144.00516672447884048 -2.11581875337674763  -18.92173165021433690 144.09229048559225816 -2.21073797427474172  -18.90974056493354993 144.17682511799173994 -2.30976597336177480  -18.88628597712589041 144.32235057949455381 -2.49345113967269816  -18.87528121859536512 144.38444363157989869 -2.57651012177120986  -18.86351666140002692 144.44468134906833257 -2.66205100722408083  -18.85094928774185519 144.50293418223722597 -2.75004975623222236  -18.83753668865272601 144.55906541670935894 -2.84046774395614543  -18.82323834280005670 144.61293341777513888 -2.93324943313915121  -18.80801689529248222 144.66439387471447731 -3.02832004673051847  -18.78321423294653414 144.73937801474340858 -3.17744026287508419  -18.77431736392829720 144.76472828598522824 -3.22992011883938535  -18.76514397222272734 144.78933079208732693 -3.28300771806371205  -18.75568959346918163 144.81316352706016914 -3.33668622737345144  -18.74595024879160832 144.83620471159193244 -3.39093696756378415  -18.73592253743568037 144.85843295895890037 -3.44573931020620039  -18.72560372940590412 144.87982744093574183 -3.50107057445503056  -18.69358590599817305 144.94180196866736310 -3.66953533490066697  -18.67098491170695240 144.97976629675147819 -3.78422938149304366  -18.64717535437114293 145.01408949901653500 -3.90076916249449290  -18.62215413990591628 145.04462020668233890 -4.01891531997257800  -18.59593081541275694 145.07123095702263527 -4.13840762528156070  -18.56852978359279405 145.09382192925698973 -4.25896456514493771  -18.53999251716003727 145.11232468044286747 -4.38028292773797379  -18.48252234832919427 145.14023462515447704 -4.61657475715403276  -18.45370854724028575 145.15011821712647588 -4.73151722561359911  -18.42398771862845308 145.15632824351865793 -4.84659648094659445  -18.39341708621456917 145.15886680775710715 -4.96155708182833433  -18.36206102904880311 145.15776334166008610 -5.07615641941608775  -18.32999036175947793 145.15307141663862467 -5.19016467795339320  -18.29728161480196746 145.14486555489693842 -5.30336479537436656  -18.24771263863051018 145.12753927267971221 -5.47053676946555267  -18.23127450942248018 145.12101836902735386 -5.52528045396510414  -18.21471106848751376 145.11368598787015571 -5.57976080778927397  -18.19803149463827197 145.10555365310455045 -5.63395659671932414  -18.18124497354173741 145.09663362716185020 -5.68784796852199559  -18.16436066716486764 145.08693878384042364 -5.74141639953633653  -18.14738768322023432 145.07648248113829936 -5.79464464126052547  -18.09911932388554945 145.04476885713194179 -5.94430159422644788  -18.06763688659251699 145.02175372293334021 -6.03989216674886364  -18.03594262361045608 144.99631720658118184 -6.13419186476544898  -18.00409007352115509 144.96854675320452088 -6.22711851015386930  -17.97213105574205727 144.93853140212334552 -6.31860306737887356  -17.94011530365810003 144.90636011100144742 -6.40858844446125353  -17.90809009775347604 144.87212007999963248 -6.49702829394676940  -17.83586451537011541 144.79033340480404490 -6.69313007372079660  -17.79568598843859561 144.74163343674698012 -6.79986717294872811  -17.75565131710646227 144.68996091554873828 -6.90402923949568148  -17.71584298524135193 144.63547568257786224 -7.00556493537231884  -17.67633868896783866 144.57833016117328384 -7.10443759782960349  -17.63721106421438733 144.51866784103725649 -7.20062338052516981  -17.59852741426027478 144.45662176262877097 -7.29410939468974107  -17.53023236034860943 144.34158239564064274 -7.45650649350156414  -17.50043086634409661 144.28944523550353551 -7.52643665142396845  -17.47097564201876452 144.23596170335216016 -7.59467986871953027  -17.44189622549330920 144.18118918617506097 -7.66123510276487618  -17.41322098221231940 144.12518222795918632 -7.72610259735294669  -17.38497708089726146 144.06799248190611706 -7.78928375639144477  -17.35719046949947142 144.00966866264860755 -7.85078101760131730  -17.30810254295855444 143.90285816216865555 -7.95831880337506270  -17.28662619676765289 143.85476757053146457 -8.00496983811411589  -17.26546947153147471 143.80600811838576192 -8.05055233214427979  -17.24464469636153652 143.75660245040700147 -8.09506776534966299  -17.22416387052988540 143.70657246111630911 -8.13851759578660960  -17.20403866346905630 143.65593929488034064 -8.18090325968368148  -17.18428041477210044 143.60472334591122490 -8.22222617144166001  -17.08968599027852164 143.35199155617016231 -8.41874130150828570  -17.02017534328309267 143.14258590027191076 -8.55898666296742583  -16.95699086799142563 142.92583487733938341 -8.68334833979654519  -16.90072390347181397 142.70277871510336354 -8.79184340649966423  -16.85190341831221161 142.47441958206010781 -8.88445216423748541  -16.81097456747165708 142.24173423600441879 -8.96114291935171003  -16.77828488822783015 142.00567897518044447 -9.02187582976993774  -16.74445621460786882 141.67242828012669520 -9.08438741077350720  -16.73617603717774927 141.57728387524596769 -9.09963667331985349  -16.72925100650065033 141.48182485348746695 -9.11235587231869104  -16.72369344162492411 141.38611361064366179 -9.12254281211337847  -16.71951262455786846 141.29021271610835697 -9.13019580929667285  -16.71671480026570933 141.19418491287723327 -9.13531369271072791  -16.71530317667361842 141.09809311754753480 -9.13789580344709407  -16.71525233174065406 140.90461041447895241 -9.13798880985775419  -16.71665079982309265 140.80721931387495260 -9.13543076727357750  -16.71947323247176342 140.70989280204278771 -9.13026800669670457  -16.72371632966934740 140.61269637955359713 -9.12250120735340886  -16.72937358782252204 140.51569536401274263 -9.11213158809374946  -16.73643529976191502 140.41895489005986519 -9.09916090739155869  -16.74488855474213977 140.32253990936902710 -9.08359146334444922  -16.77911801887338328 139.98812334194192886 -9.02032858007605931  -16.81199235633303246 139.75217847849020814 -8.95923885337825965  -16.85309675908332849 139.51962158319420837 -8.88219707577334461  -16.90208229684314034 139.29140829701981374 -8.78924287940578530  -16.95850268684350226 139.06851512895144651 -8.68040755910252493  -17.02182805548464017 138.85194439791246168 -8.55571030374153452  -17.09146634557553668 138.64273692306991848 -8.41513341396744785  -17.18620109102743854 138.39028600404708413 -8.21821124171861328  -17.20598477539222415 138.33913478546170950 -8.17681021078606740  -17.22613437477285814 138.28856748444539448 -8.13434696119691480  -17.24663854122595907 138.23860451588592468 -8.09082007417434390  -17.26748559632347835 138.18926704829758023 -8.04622811213397071  -17.28866353115267529 138.14057700382130633 -8.00056961868384420  -17.31016000631610297 138.09255705822448590 -7.95384311862443916  -17.35888314058746928 137.98679360384718962 -7.84703025547539479  -17.38627002360963658 137.92941454187166528 -7.78638351514941540  -17.41409930531361994 137.87313735520254454 -7.72410351441015663  -17.44234616610116362 137.81800865997647065 -7.66018795902418592  -17.47098466246027115 137.76407778823823946 -7.59463564308519956  -17.49998772696520533 137.71139678794099837 -7.52744644901403159  -17.52932716827649529 137.66002042294641683 -7.45862134755865025  -17.59714584301215012 137.54560894705949181 -7.29744103505624597  -17.63582566894113413 137.48347226716049363 -7.20401448078678630  -17.67495148965502594 137.42371710695209686 -7.10788638749258084  -17.71445604830354270 137.36647640312233420 -7.00906946574085143  -17.75426676103435497 137.31189354935727920 -6.90758733595352936  -17.79430598756845328 137.26012089027511820 -6.80347638020156431  -17.83449130177550401 137.21131821536039297 -6.69678759399923873  -17.90693363264279014 137.12911507074264250 -6.50022286710078934  -17.93916849146804893 137.09458707400924027 -6.41125281436385297  -17.97139501334338973 137.06215268373958338 -6.32071570160448992  -18.00356499445176794 137.03190082925422644 -6.22865867979347954  -18.03562773095495331 137.00392223132610070 -6.13513985756837332  -18.06753039740775790 136.97830768535391144 -6.04022952964629933  -18.09921842517223567 136.95514634453536473 -5.94401140523677274  -18.14762981871090730 136.92336922354206763 -5.79388453229936307  -18.16454451973504547 136.91295733655110212 -5.74083161877484471  -18.18137105084998240 136.90330191505270818 -5.68744097494153777  -18.19810039561864556 136.89441617868834555 -5.63372968561165788  -18.21472348426647159 136.88631286870588610 -5.57971609386405731  -18.23123122372674132 136.87900412290943564 -5.52541985355921383  -18.24761452768589720 136.87250135060958200 -5.47086198185422390  -18.29715536846156709 136.85516569524898500 -5.30380209422487070  -18.32988932199574705 136.84694245544605451 -5.19052468334647799  -18.36198449913658592 136.84223791581985097 -5.07643740865895143  -18.39336419817594503 136.84112680116277261 -4.96175775394560237  -18.42395744640697686 136.84366283248792229 -4.84671599716866375  -18.45369972273877934 136.84987552611261208 -4.73155525044123859  -18.48253368031105026 136.85976699274146995 -4.61653149999924661  -18.54021656234602844 136.88778828418605826 -4.37935818375703700  -18.56893344762429621 136.90644376475930244 -4.25724515354358335  -18.59649862812896259 136.92924111933706399 -4.13590615010265505  -18.62286998607174837 136.95611030946236042 -4.01565008905122767  -18.64802289519704814 136.98694914389247401 -3.89676365317121576  -18.67194793328843261 137.02162710533698942 -3.77951173852709532  -18.69464859467513307 137.05998917719585961 -3.66413790058351418  -18.72672673635852902 137.12248811188891295 -3.49505825591741504  -18.73702136997372492 137.14396937520322695 -3.43975814221763088  -18.74702492254676400 137.16628328232604872 -3.38498918505708701  -18.75674017279416361 137.18940894148781240 -3.33077395249397545  -18.76617056657083538 137.21332491288688971 -3.27713295861388376  -18.77532012425456642 137.23800937451201776 -3.22408476733252014  -18.78419334813053965 137.26344028796501107 -3.17164609619844384  -18.80893024979645034 137.33865732148299799 -3.02263950320103847  -18.82410995222670280 137.39026715426484770 -2.92764596858558512  -18.83836738475230277 137.44428014245787040 -2.83494691365211615  -18.85174008771057430 137.50055188828815744 -2.74461643330273208  -18.86426872213477068 137.55894074876647437 -2.65670944564854805  -18.87599579779837100 137.61931006807634503 -2.57126401761930223  -18.88696440125933407 137.68153040996168102 -2.48830369057295719  -18.91033992172389944 137.82733811478269104 -2.30484784776953155  -18.92228892642195248 137.91202512079064491 -2.20595244382996603  -18.93315478299022914 137.99929480954739347 -2.11116964052164713  -18.94302509249389743 138.08891526548583784 -2.02049531152547734  -18.95198350345927096 138.18067233415078476 -1.93390842190732948  -18.96010900326154669 138.27437130028803836 -1.85137429225714811  -18.96747520951246102 138.36983856593246855 -1.77284786282806617  -18.99395759018564434 138.75504407263315443 -1.47697112021942001  -19.00764237637365994 139.05695090246666723 -1.29085535624487324  -19.01704665125086535 139.36916110159285154 -1.13795943928835541  -19.02340892508406966 139.68882021018615092 -1.01713663382134456  -19.02762678811487262 140.01349572492753737 -0.92733066233419592  -19.03024857279786630 140.34121190412633950 -0.86777194954223447  -19.03156257531959028 140.67040994624872496 -0.83792955652300982  -19.03156257532029016 141.00000000000000000 -0.83792955650707945 
 0.00000000000000000 9 0.11353992630828873 7 0.15169581324957160 7 0.18150617237497504 7 0.19739991799310119 7 0.22946031033533723 7 0.25962029738713732 7 0.27440202663609664 7 0.30146073248663358 7 0.33549357495626780 7 0.36234072129757394 7 0.38375906362638851 7 0.46688284894577564 7 0.49991427897142315 7 0.53339165296376323 7 0.61650288913512263 7 0.63791483791285386 7 0.66435357794200256 7 0.69839550636322811 7 0.72563099632511430 7 0.74036287752932617 7 0.77054409865736562 7 0.80281545419378553 7 0.81871466443544783 7 0.84853821449278743 7 0.88671168612732987 7 1.00000000000000000 9
7 0 0  8 205 30  19.00997793823663784 229.00000000000000000 -1.23419560352329949  19.00997793823471227 228.70278985971327756 -1.23419560355298774  19.00823858122624799 228.40591314204718287 -1.26098549194626841  19.00476724902101111 228.11037818301673497 -1.31445870955123034  18.99932047136406155 227.81759837280000625 -1.39507003220629855  18.99143848781547206 227.52935064893893014 -1.50347972935742114  18.98037770015908166 227.24780715913720996 -1.64058152290748538  18.96511714272078919 226.97550912405336021 -1.80734459940115322  18.93697342616353652 226.62651792824760832 -2.07320711257562307  18.92912954451801255 226.53899113196143844 -2.14465425643707652  18.92056293599635453 226.45309465280124073 -2.21977917912198475  18.91121117325488754 226.36898814343368258 -2.29861992775166879  18.90100760397660906 226.28685006577316585 -2.38120496522649239  18.88988204038717456 226.20687615861177733 -2.46755019591346203  18.87776144877093287 226.12927790524895499 -2.55765599133382571  18.85415841814164040 225.99508188133413000 -2.72558370419151963  18.84307984056082219 225.93750646923092518 -2.80199156042176867  18.83129878871743657 225.88166733898847838 -2.88071552716887425  18.81877882311453831 225.82768565043761555 -2.96173200258414315  18.80548433277554921 225.77568907401160914 -3.04500390069982751  18.79138168573456014 225.72580971569490771 -3.13047851178619929  18.77644037952668299 225.67818204197160981 -3.21808536270862833  18.75213539947884200 225.60861514969047903 -3.35593708508404021  18.74338664776598051 225.58497959201028493 -3.40473002962469806  18.73438398276688943 225.56205519779157953 -3.45409841178029176  18.72512383642089517 225.53986296203848383 -3.50402607819966194  18.71560311115614539 225.51842364988738154 -3.55449512372755771  18.70581926466638123 225.49775763779447857 -3.60548579382535150  18.69577039468758883 225.47788475472188452 -3.65697638699175576  18.66468189189125937 225.42043808300266505 -3.81359858513970140  18.64282622166187409 225.38534173691903106 -3.92019832758894093  18.61988133725958505 225.35369755805714931 -4.02853397294773519  18.59584992445803664 225.32564855932091064 -4.13837803586033104  18.57074627042382176 225.30131482047278269 -4.24948360229605804  18.54459820350896138 225.28079001507066437 -4.36158397464664294  18.51744903304323842 225.26413793740584879 -4.47439231682352112  18.46292591150015383 225.23939170939272003 -4.69413625900551068  18.43565524878090045 225.23084893437194864 -4.80104356670102739  18.40759703311415407 225.22578666597823371 -4.90806924786813070  18.37880756667949456 225.22420200325083783 -5.01497144637837167  18.34934927003815730 225.22606618532529410 -5.12152039508535051  18.31929003048032101 225.23132759408946413 -5.22749838636163044  18.28870255037244519 225.23991475684113084 -5.33269974263564972  18.24258357680589882 225.25748428551600000 -5.48757107397284916  18.22739619412681833 225.26399374417658805 -5.53798457600097649  18.21210998925589308 225.27125757188838406 -5.58815046900340651  18.19673336504268946 225.27926505320951378 -5.63804912113854684  18.18127468539781688 225.28800491029426212 -5.68766209273282186  18.16574227529294916 225.29746530289261841 -5.73697213628067715  18.15014442076079249 225.30763382835053221 -5.78596319644456702  18.10480723512883117 225.33909519188765103 -5.92687497014651310  18.07491957991091525 225.36219223364156505 -6.01792856670681875  18.04488171234975979 225.38770183749571174 -6.10768137489281138  18.01474734049862647 225.41553373464896026 -6.19604848270457698  17.98456823133271598 225.44559596029637305 -6.28295860565399167  17.95439387072622495 225.47779661705087051 -6.36835280143338878  17.92427112342940276 225.51204563836523675 -6.45218318458419926  17.85638896319113300 225.59390716895472906 -6.63807596238808806  17.81868718358747472 225.64267416928674947 -6.73919057281817846  17.78122482450073250 225.69438559999338167 -6.83768514765696978  17.74408328841299110 225.74887572129821933 -6.93350640611310087  17.70733888597626660 225.80598656642686706 -7.02661613632750637  17.67106261196641270 225.86556950143003064 -7.11698922029819947  17.63531992123706260 225.92748678500603887 -7.20461165880504772  17.57193837227260147 226.04311962805866187 -7.35764401274950508  17.54408993537261452 226.09604954346306727 -7.42402954850526342  17.51665654109011783 226.15033711434261932 -7.48863206593459729  17.48966824124513764 226.20591961515643220 -7.55144992192922970  17.46315376805040032 226.26273740025769143 -7.61248282908662421  17.43714050980046792 226.32073394913589937 -7.67173171685682664  17.41165448656093062 226.37985591165784172 -7.72919859268927389  17.36616852153639101 226.48967030087635521 -7.83078668423938584  17.34599185074275596 226.54001741511891055 -7.87547782155227960  17.32620424104273837 226.59106620845460611 -7.91896123287255094  17.30681917781728885 226.64278927221164395 -7.96123830708973301  17.28784970426217882 226.69516007662772950 -8.00231040422866791  17.26930842138804323 226.74815297085078214 -8.04217885544949418  17.25120748802034853 226.80174318293842362 -8.08084496304766020  17.21870868998098558 226.90148063777289167 -8.14983345216490740  17.20417883953675542 226.94746024780693006 -8.18050649404928265  17.18997607348972068 226.99383134372703807 -8.21032982174232018  17.17610719092904858 227.04057986392643897 -8.23930404804108107  17.16257878601008713 227.08769199142491857 -8.26742970290440482  17.14939724795436504 227.13515415386885365 -8.29470723345291816  17.13656876104958471 227.18295302353115517 -8.32113700396902978  17.11356387420310199 227.27173416111023130 -8.36833374713075528  17.10328473948014150 227.31262377056532387 -8.38934321368665259  17.09326551080692624 227.35373642920654902 -8.40974785569898664  17.08350968625050825 227.39506428377845282 -8.42954779406716170  17.07402065161879889 227.43659954423986846 -8.44874311045562010  17.06480168046059376 227.47833448376388787 -8.46733384729384753  17.05585593406555844 227.52026143873814590 -8.48532000777637130  17.01164397780711468 227.73501799143903668 -8.57396118343237568  16.98074512553106885 227.91076190339464347 -8.63505847123405346  16.95469881616213925 228.08908282522881450 -8.68599255534230252  16.93368239759828242 228.26946363398974427 -8.72675021142843654  16.91783411451152119 228.45138935895980126 -8.75731547589508708  16.90724800534428596 228.63434550552116775 -8.77767583851211874  16.90197123589998540 228.81781714710498932 -8.78782500655390919  16.90202984842231970 229.14734641521556568 -8.78771227374979169  16.90542046350973138 229.29340212835299440 -8.78119080332135660  16.91217604305146693 229.43919472972712015 -8.76819736417873052  16.92227707421981364 229.58446382728814683 -8.74873508910441977  16.93568527142624802 229.72894948240869439 -8.72280948836460723  16.95234464464977719 229.87239186044863004 -8.69042722943629364  16.97218256776529799 230.01453088131921731 -8.65159491673450276  17.00098300299532639 230.19110849706626709 -8.59472197798302417  17.00705787567667571 230.22700854520081748 -8.58270334162292947  17.01333398737440916 230.26280163566070769 -8.57026204560570193  17.01980979946818806 230.29848337588069285 -8.55739816078330762  17.02648371225884461 230.33404935952052028 -8.54411174551315256  17.03335406496842097 230.36949516646481584 -8.53040284565807916  17.04041913574014089 230.40481636282333966 -8.51627149458636801  17.05635961660049915 230.48210751025328591 -8.48430758089762271  17.06531819382955817 230.52402180934927856 -8.46629293024145646  17.07454982082648698 230.56574379816075293 -8.44767379603668012  17.08405133294989753 230.60726581311044470 -8.42845017381644901  17.09381945341613473 230.64858012710172375 -8.40862201981362389  17.10385079329926583 230.68967894951867947 -8.38818925096079226  17.11414185153107681 230.73055442622595024 -8.36715174489025237  17.13717207580709356 230.81930296609112929 -8.31989454193163880  17.15001388393046611 230.86708326597343444 -8.29343242400201142  17.16320845558475483 230.91452645506095109 -8.26612270208130440  17.17674960225664549 230.96161920377463161 -8.23796500940231802  17.19063093060595193 231.00834793711030102 -8.20895889649446175  17.20484584246565163 231.05469883463908332 -8.17910383118378448  17.21938753484185725 231.10065783050745836 -8.14839919859295136  17.25191107787277289 231.20034772572384441 -8.07934294739991898  17.27002476169110423 231.25391085090595311 -8.04064079650061991  17.28857832944439465 231.30687608943617306 -8.00073657148590200  17.30755961682745081 231.35921866100440525 -7.95962896789527274  17.32695601715427003 231.41091290453803708 -7.91731665376521221  17.34675448135810072 231.46193227820165816 -7.87379826962915885  17.36694151799139263 231.51224935939731608 -7.82907242851751128  17.41206693376065928 231.62107370095586134 -7.72826240312440138  17.43716505206778322 231.67926811848138868 -7.67166251443188685  17.46277401430271325 231.73637118042842076 -7.61333526473224786  17.48886898103170040 231.79233195562687797 -7.55327874916696995  17.51542382977113022 231.84709653988934974 -7.49149207045587318  17.54241117752686563 231.90060809724997171 -7.42797546618615545  17.56980240333363597 231.95280690120401346 -7.36273043610141542  17.63269849992865090 232.06793628655071871 -7.21102337119331871  17.66842668621884371 232.13003773884972247 -7.12352777907729973  17.70469262475564776 232.18980964856152127 -7.03327766938051191  17.74143096293940047 232.24711448595090246 -6.94028667589267201  17.77857082102156028 232.30180381478152185 -6.84457944923294992  17.81603601264616188 232.35371983126808004 -6.74619361622764036  17.85374526539122897 232.40269690302804406 -6.64518173928782119  17.92171540962124610 232.48502500101432133 -6.45928027631924184  17.95191720832841398 232.51951969798764708 -6.37533428484100284  17.98217379319233089 232.55196029299631277 -6.28981302321170777  18.01243809581606214 232.58225614070815368 -6.20276408333352514  18.04266036813031349 232.61031464567784610 -6.11424622628663705  18.07278852687856485 232.63604305160802710 -6.02433068146447948  18.10276849810220767 232.65935023061024367 -5.93310244570899403  18.14826980853259997 232.69113237865522592 -5.79184198619680668  18.16393815514261689 232.70141661892731122 -5.74268442184162442  18.17954126196246634 232.71098804218325995 -5.69320384079659725  18.19507074776494449 232.71983406226556212 -5.64341640611223738  18.21051818958892099 232.72794265795806723 -5.59333949247329087  18.22587512273932475 232.73530237298612633 -5.54299168619873939  18.24113304078714748 232.74190231601662049 -5.49239278524180818  18.28732290238978919 232.75967613854555793 -5.33742718444422604  18.31791394672219297 232.76838911598343884 -5.23231532103438646  18.34797978461761048 232.77378250847533536 -5.12642092142111316  18.37744776097119725 232.77578443092454563 -5.01994877869951406  18.40624996688348602 232.77434271541955013 -4.91311580771904488  18.43432389702154239 232.76942792901974144 -4.80615108620340692  18.46161310698015612 232.76103639154104030 -4.69929589587045005  18.51643751301192964 232.73649274733796233 -4.47860339693833431  18.54385271706017591 232.71982052911391747 -4.36479953596555692  18.57025059409705037 232.69920674525337745 -4.25170833982803131  18.59558635619659128 232.67471626835390452 -4.13962468993500288  18.61983128915593255 232.64644497092263009 -4.02882254445102905  18.64297072545356215 232.61451605927200603 -3.91955529283631554  18.66500201720765162 232.57907640741555610 -3.81205611038706937  18.69623828833600498 232.52119661942774087 -3.65458334067910506  18.70627783160681545 232.50128852381166666 -3.60310550235777249  18.71605233729339801 232.48058775743365345 -3.55212849911140571  18.72556372719731499 232.45911417560108703 -3.50167398676591413  18.73481456179885285 232.43688817682979675 -3.45176167350610275  18.74380795548092138 232.41393054406290730 -3.40240941770823291  18.75254749175292091 232.39026228588983258 -3.35363332577256434  18.77682698863296196 232.32060151604227372 -3.21582793196607808  18.79175212423247743 232.27291381469549947 -3.12825241063808557  18.80583886240781410 232.22297619874134966 -3.04281136657421536  18.81911778032359805 232.17092317151752923 -2.95957500236473381  18.83162256719658600 232.11688684432013474 -2.87859578165227914  18.84338887631792758 232.06099486604048820 -2.79991056819626660  18.85445317707537072 232.00336835280151604 -2.72354276493728653  18.87802505296133404 231.86905969930981541 -2.55570762875818058  18.89012904302883555 231.79140090720673584 -2.46565510456534875  18.90123880439116277 231.71136902715605288 -2.37936468149812530  18.91142738404586154 231.62917541560238988 -2.29683572074901310  18.92076496412666842 231.54501567444788179 -2.21805211007714886  18.92931817725531474 231.45906812593420909 -2.14298523019754628  18.93714942189329875 231.37149228752619479 -2.07159692117033511  18.96522180205251829 231.02262245789611939 -1.80620078390526650  18.98044267971093646 230.75053702645465137 -1.63977576531147839  18.99147705708056932 230.46923732531672613 -1.50294912475926523  18.99934179395888378 230.18125484718808593 -1.39475451536245032  19.00477744242086686 229.88875373048060169 -1.31430166441091778  19.00824199572522488 229.59350509461987144 -1.26093290811749448  19.00997793823421844 229.29691831727899398 -1.23419560356058611  19.00997793823663784 229.00000000000000000 -1.23419560352329949 
 0.00000000000000000 9 0.11242433114096546 7 0.15091968159968230 7 0.18130614740831513 7 0.19764457518496259 7 0.23054839323607801 7 0.26151242850986167 7 0.27655619637141682 7 0.30507932959683026 7 0.34103806417459115 7 0.36992024359098707 7 0.39372617420948480 7 0.41375671885165283 7 0.43068050471007996 7 0.50006343144058518 7 0.55529761337828620 7 0.56944362661281822 7 0.58636596140318831 7 0.60639433571094514 7 0.63019701644943971 7 0.65863258247354417 7 0.69461152676931792 7 0.72321342257258714 7 0.73831857148383384 7 0.76926546212696012 7 0.80245238570583133 7 0.81879300053624304 7 0.84918482579447474 7 0.88768727975083295 7 1.00000000000000000 9
7 0 0  8 184 27  -19.03156257532029016 229.00000000000000000 -0.83792955650707945  -19.03156257532029016 229.33032256531393500 -0.83792955650709899  -19.03024272379288107 229.66024817561262239 -0.86790475023762781  -19.02760933902475671 229.98868290023708028 -0.92772717991214648  -19.02337147963561392 230.31405794635662687 -1.01793348067259615  -19.01697604741459813 230.63438278825151428 -1.13930007351441631  -19.00751702489507622 230.94720441007234513 -1.29289266666570857  -18.99374452524256540 231.24964327748705273 -1.47986550592611010  -18.96709431935125423 231.63514912012428226 -1.77692457262573456  -18.95969723579322164 231.73049276873356916 -1.85559730925080757  -18.95153873228310815 231.82406307177978988 -1.93827581564869544  -18.94254510518602785 231.91568608280201147 -2.02500486901078336  -18.93263730341563189 232.00516672447878364 -2.11581875337672587  -18.92173165021433334 232.09229048559217290 -2.21073797427472174  -18.90974056493353928 232.17682511799176837 -2.30976597336179124  -18.88628597712588331 232.32235057949455381 -2.49345113967273768  -18.87528121859536867 232.38444363157987027 -2.57651012177119920  -18.86351666140003402 232.44468134906830414 -2.66205100722404575  -18.85094928774185874 232.50293418223714070 -2.75004975623220815  -18.83753668865272246 232.55906541670933052 -2.84046774395616497  -18.82323834280005315 232.61293341777511046 -2.93324943313917652  -18.80801689529248222 232.66439387471442046 -3.02832004673051358  -18.78321423294653414 232.73937801474340858 -3.17744026287508019  -18.77431736392829720 232.76472828598522824 -3.22992011883938446  -18.76514397222272734 232.78933079208735535 -3.28300771806371694  -18.75568959346917097 232.81316352706014072 -3.33668622737345988  -18.74595024879160121 232.83620471159187559 -3.39093696756379215  -18.73592253743567682 232.85843295895884353 -3.44573931020620794  -18.72560372940590057 232.87982744093574183 -3.50107057445503678  -18.69358590599819081 232.94180196866739152 -3.66953533490059280  -18.67098491170693819 232.97976629675156346 -3.78422938149309029  -18.64717535437112872 233.01408949901653500 -3.90076916249457151  -18.62215413990591273 233.04462020668231048 -4.01891531997257800  -18.59593081541277471 233.07123095702263527 -4.13840762528148520  -18.56852978359280470 233.09382192925698973 -4.25896456514489952  -18.53999251716001240 233.11232468044289590 -4.38028292773805816  -18.48252234832919427 233.14023462515444862 -4.61657475715402477  -18.45370854724028575 233.15011821712641904 -4.73151722561360266  -18.42398771862844953 233.15632824351862951 -4.84659648094660245  -18.39341708621456917 233.15886680775710715 -4.96155708182833077  -18.36206102904880666 233.15776334166017136 -5.07615641941607709  -18.32999036175948149 233.15307141663870993 -5.19016467795339054  -18.29728161480196036 233.14486555489696684 -5.30336479537437899  -18.24771263863048887 233.12753927267965537 -5.47053676946560419  -18.23127450942249794 233.12101836902738228 -5.52528045396507661  -18.21471106848753152 233.11368598787012729 -5.57976080778922512  -18.19803149463827197 233.10555365310455045 -5.63395659671932325  -18.18124497354172675 233.09663362716182178 -5.68784796852204177  -18.16436066716486764 233.08693878384039522 -5.74141639953635341  -18.14738768322025564 233.07648248113832778 -5.79464464126045886  -18.09911932388556366 233.04476885713197021 -5.94430159422641236  -18.06763688659251699 233.02175372293339706 -6.03989216674885299  -18.03594262361045253 232.99631720658112499 -6.13419186476545786  -18.00409007352115154 232.96854675320452088 -6.22711851015386841  -17.97213105574206438 232.93853140212343078 -6.31860306737886201  -17.94011530365811069 232.90636011100153269 -6.40858844446124287  -17.90809009775347249 232.87212007999960406 -6.49702829394677561  -17.83586451537012607 232.79033340480404490 -6.69313007372076729  -17.79568598843859917 232.74163343674698012 -6.79986717294871479  -17.75565131710646227 232.68996091554873828 -6.90402923949568681  -17.71584298524135193 232.63547568257786224 -7.00556493537233305  -17.67633868896784222 232.57833016117331226 -7.10443759782960882  -17.63721106421439444 232.51866784103728492 -7.20062338052516182  -17.59852741426027833 232.45662176262879939 -7.29410939468972686  -17.53023236034864851 232.34158239564067117 -7.45650649350148687  -17.50043086634407885 232.28944523550345025 -7.52643665142402085  -17.47097564201873254 232.23596170335207489 -7.59467986871961198  -17.44189622549331276 232.18118918617503255 -7.66123510276486552  -17.41322098221235493 232.12518222795930001 -7.72610259735285165  -17.38497708089727567 232.06799248190620233 -7.78928375639139858  -17.35719046949942523 232.00966866264852229 -7.85078101760142122  -17.30810254295854378 231.90285816216865555 -7.95831880337507602  -17.28662619676764223 231.85476757053149299 -8.00496983811413010  -17.26546947153147471 231.80600811838576192 -8.05055233214428334  -17.24464469636154718 231.75660245040694463 -8.09506776534966299  -17.22416387052989251 231.70657246111625227 -8.13851759578661316  -17.20403866346905630 231.65593929488028380 -8.18090325968368859  -17.18428041477210044 231.60472334591116805 -8.22222617144167245  -17.08968599027848256 231.35199155616999178 -8.41874130150837274  -17.02017534328315307 231.14258590027230866 -8.55898666296739030  -16.95699086799137234 230.92583487733892866 -8.68334833979653098  -16.90072390347181752 230.70277871510316459 -8.79184340649968554  -16.85190341831227201 230.47441958206053414 -8.88445216423748896  -16.81097456747161445 230.24173423600427668 -8.96114291935169938  -16.77828488822781949 230.00567897518035920 -9.02187582976996083  -16.74445621460786882 229.67242828012663836 -9.08438741077350187  -16.73617603717774927 229.57728387524593927 -9.09963667331984816  -16.72925100650065033 229.48182485348743853 -9.11235587231868926  -16.72369344162492411 229.38611361064366179 -9.12254281211337847  -16.71951262455786846 229.29021271610838539 -9.13019580929667285  -16.71671480026570933 229.19418491287731854 -9.13531369271072791  -16.71530317667361842 229.09809311754767691 -9.13789580344709407  -16.71525233174065406 228.90461041447898083 -9.13798880985775419  -16.71665079982309265 228.80721931387500945 -9.13543076727357750  -16.71947323247176342 228.70989280204278771 -9.13026800669670457  -16.72371632966934740 228.61269637955368239 -9.12250120735341419  -16.72937358782252204 228.51569536401274263 -9.11213158809375479  -16.73643529976191502 228.41895489005992204 -9.09916090739156225  -16.74488855474213977 228.32253990936911237 -9.08359146334445100  -16.77911801887335130 227.98812334194221307 -9.02032858007611082  -16.81199235633305733 227.75217847848981023 -8.95923885337822590  -16.85309675908336757 227.51962158319426521 -8.88219707577329665  -16.90208229684312258 227.29140829701995585 -8.78924287940579063  -16.95850268684345252 227.06851512895141809 -8.68040755910258355  -17.02182805548465083 226.85194439791257537 -8.55571030374156827  -17.09146634557557576 226.64273692306986163 -8.41513341396736436  -17.18620109102743498 226.39028600404702729 -8.21821124171861683  -17.20598477539221349 226.33913478546165265 -8.17681021078606918  -17.22613437477284393 226.28856748444530922 -8.13434696119691480  -17.24663854122594842 226.23860451588589626 -8.09082007417434390  -17.26748559632347124 226.18926704829752339 -8.04622811213397071  -17.28866353115267174 226.14057700382122107 -8.00056961868384242  -17.31016000631610297 226.09255705822442906 -7.95384311862443560  -17.35888314058746928 225.98679360384716119 -7.84703025547539479  -17.38627002360963303 225.92941454187166528 -7.78638351514942162  -17.41409930531360928 225.87313735520251612 -7.72410351441017351  -17.44234616610115296 225.81800865997652750 -7.66018795902420546  -17.47098466246026049 225.76407778823823946 -7.59463564308521644  -17.49998772696519822 225.71139678794096994 -7.52744644901404047  -17.52932716827649529 225.66002042294635999 -7.45862134755864936  -17.59714584301215012 225.54560894705949181 -7.29744103505624597  -17.63582566894113413 225.48347226716049363 -7.20401448078678630  -17.67495148965502594 225.42371710695218212 -7.10788638749258617  -17.71445604830354270 225.36647640312239105 -7.00906946574086120  -17.75426676103435497 225.31189354935725078 -6.90758733595354002  -17.79430598756844972 225.26012089027508978 -6.80347638020157497  -17.83449130177550401 225.21131821536039297 -6.69678759399924495  -17.90693363264279014 225.12911507074267092 -6.50022286710079467  -17.93916849146804893 225.09458707400924027 -6.41125281436386363  -17.97139501334338973 225.06215268373955496 -6.32071570160450147  -18.00356499445176439 225.03190082925425486 -6.22865867979349197  -18.03562773095494975 225.00392223132612912 -6.13513985756838309  -18.06753039740775790 224.97830768535396828 -6.04022952964630466  -18.09921842517223567 224.95514634453536473 -5.94401140523677363  -18.14762981871092506 224.92336922354203921 -5.79388453229932043  -18.16454451973503126 224.91295733655101685 -5.74083161877487580  -18.18137105084997174 224.90330191505267976 -5.68744097494158574  -18.19810039561864556 224.89441617868840240 -5.63372968561165877  -18.21472348426648935 224.88631286870591452 -5.57971609386401202  -18.23123122372675553 224.87900412290946406 -5.52541985355918897  -18.24761452768588299 224.87250135060966727 -5.47086198185427275  -18.29715536846156709 224.85516569524889974 -5.30380209422486271  -18.32988932199574350 224.84694245544605451 -5.19052468334650463  -18.36198449913657882 224.84223791581985097 -5.07643740865897453  -18.39336419817594503 224.84112680116277261 -4.96175775394558638  -18.42395744640698041 224.84366283248797913 -4.84671599716862378  -18.45369972273877579 224.84987552611258366 -4.73155525044122705  -18.48253368031103960 224.85976699274146995 -4.61653149999929102  -18.54021656234602489 224.88778828418602984 -4.37935818375706454  -18.56893344762429976 224.90644376475930244 -4.25724515354356914  -18.59649862812897325 224.92924111933700715 -4.13590615010262841  -18.62286998607174837 224.95611030946227515 -4.01565008905122411  -18.64802289519703393 224.98694914389244559 -3.89676365317123796  -18.67194793328842195 225.02162710533704626 -3.77951173852710909  -18.69464859467513307 225.05998917719600172 -3.66413790058348976  -18.72672673635851481 225.12248811188891295 -3.49505825591745811  -18.73702136997373557 225.14396937520325537 -3.43975814221760778  -18.74702492254677466 225.16628328232602030 -3.38498918505705237  -18.75674017279416361 225.18940894148778398 -3.33077395249399011  -18.76617056657082472 225.21332491288686128 -3.27713295861394105  -18.77532012425455932 225.23800937451204618 -3.22408476733254679  -18.78419334813053965 225.26344028796509633 -3.17164609619838833  -18.80893024979645389 225.33865732148308325 -3.02263950320101271  -18.82410995222670280 225.39026715426487613 -2.92764596858562065  -18.83836738475229922 225.44428014245781355 -2.83494691365216145  -18.85174008771057075 225.50055188828812902 -2.74461643330272720  -18.86426872213477424 225.55894074876647437 -2.65670944564849920  -18.87599579779837811 225.61931006807637345 -2.57126401761927559  -18.88696440125933407 225.68153040996162417 -2.48830369057300116  -18.91033992172389944 225.82733811478252051 -2.30484784776958307  -18.92228892642195248 225.91202512079061648 -2.20595244382993183  -18.93315478299023624 225.99929480954750716 -2.11116964052158673  -18.94302509249390098 226.08891526548583784 -2.02049531152546846  -18.95198350345927452 226.18067233415075634 -1.93390842190737788  -18.96010900326154669 226.27437130028803836 -1.85137429225718741  -18.96747520951246813 226.36983856593246855 -1.77284786282803308  -18.99395759018555907 226.75504407263190387 -1.47697112022038191  -19.00764237637395837 227.05695090247047574 -1.29085535623970138  -19.01704665125037863 227.36916110158821880 -1.13795943929917520  -19.02340892508451375 227.68882021018799833 -1.01713663380935770  -19.02762678811464525 228.01349572492864581 -0.92733066234151451  -19.03024857279791959 228.34121190412503211 -0.86777194954017922  -19.03156257531959028 228.67040994624906602 -0.83792955652300982  -19.03156257532029016 229.00000000000000000 -0.83792955650707945 
 0.00000000000000000 9 0.11353992630838552 7 0.15169581324966180 7 0.18150617237507627 7 0.19739991799320306 7 0.22946031033541214 7 0.25962029738720571 7 0.27440202663617885 7 0.30146073248669858 7 0.33549357495630905 7 0.36234072129756467 7 0.38375906362637685 7 0.46688284894577736 7 0.49991427897146079 7 0.53339165296385660 7 0.61650288913525075 7 0.63791483791301173 7 0.66435357794219230 7 0.69839550636347070 7 0.72563099632539396 7 0.74036287752963903 7 0.77054409865772611 7 0.80281545419417677 7 0.81871466443584084 7 0.84853821449321509 7 0.88671168612776885 7 1.00000000000000000 9
1 4.86249999999999982 121.85000000000000853 14.18750000000000178 0.00000000000000000 0.00000000000000000 1.00000000000000000 
1 -4.86249999999999982 121.85000000000000853 14.18750000000000178 0.00000000000000000 0.00000000000000000 1.00000000000000000 
1 -4.86249999999999982 121.85000000000000853 14.18750000000000178 1.00000000000000000 0.00000000000000000 0.00000000000000000 
1 4.86249999999999982 160.15000000000000568 14.18750000000000178 0.00000000000000000 0.00000000000000000 1.00000000000000000 
1 4.86249999999999982 121.85000000000000853 14.18750000000000178 0.00000000000000000 1.00000000000000000 0.00000000000000000 
1 -4.86249999999999982 160.15000000000000568 14.18750000000000178 0.00000000000000000 0.00000000000000000 1.00000000000000000 
1 -4.86249999999999982 160.15000000000000568 14.18750000000000178 1.00000000000000000 0.00000000000000000 0.00000000000000000 
1 4.86249999999999982 209.84999999999999432 14.18750000000000178 0.00000000000000000 0.00000000000000000 1.00000000000000000 
1 -4.86249999999999982 209.84999999999999432 14.18750000000000178 0.00000000000000000 0.00000000000000000 1.00000000000000000 
1 -4.86249999999999982 209.84999999999999432 14.18750000000000178 1.00000000000000000 0.00000000000000000 0.00000000000000000 
1 4.86249999999999982 248.15000000000000568 14.18750000000000178 0.00000000000000000 0.00000000000000000 1.00000000000000000 
1 4.86249999999999982 209.84999999999999432 14.18750000000000178 0.00000000000000000 1.00000000000000000 0.00000000000000000 
1 -4.86249999999999982 248.15000000000000568 14.18750000000000178 0.00000000000000000 0.00000000000000000 1.00000000000000000 
1 -4.86249999999999982 248.15000000000000568 14.18750000000000178 1.00000000000000000 0.00000000000000000 0.00000000000000000 
1 -4.86249999999999982 209.84999999999999432 14.18750000000000178 0.00000000000000000 1.00000000000000000 0.00000000000000000 
1 -4.86249999999999982 121.85000000000000853 14.18750000000000178 0.00000000000000000 1.00000000000000000 0.00000000000000000 
1 -38.10000000000000142 0.00000000000000107 -0.63929999999999954 0.99994575094253746 -0.00000000000000000 -0.01041610157231811 
1 -38.10000000000000142 0.00000000000000107 -0.63929999999999954 0.99994575094253746 -0.00000000000000000 -0.01041610157231811 
Polygon3D 0
PolygonOnTriangulations 0
Surfaces 15
2 0.00000000000000000 116.00000000000000000 0.00000000000000000 0.00000000000000000 1.00000000000000000 0.00000000000000000 0.00000000000000000 -0.00000000000000000 1.00000000000000000 1.00000000000000000 0.00000000000000000 -0.00000000000000000 19.05000000000000071
3 -38.10000000000000142 0.00000000000000000 -5.00000000000000000 1.00000000000000000 0.00000000000000000 0.00000000000000000 0.00000000000000000 0.00000000000000000 1.00000000000000000 0.00000000000000000 -1.00000000000000000 0.00000000000000000 4.36070000000000046
-0.01041628993096967
3 -38.10000000000000142 0.00000000000000000 -5.00000000000000000 1.00000000000000000 0.00000000000000000 0.00000000000000000 0.00000000000000000 0.00000000000000000 1.00000000000000000 0.00000000000000000 -1.00000000000000000 0.00000000000000000 4.36070000000000046
-0.01041628993096967
1 -4.86249999999999982 121.85000000000000853 14.18750000000000178 0.00000000000000000 1.00000000000000000 0.00000000000000000 0.00000000000000000 -0.00000000000000000 1.00000000000000000 1.00000000000000000 0.00000000000000000 -0.00000000000000000 
1 0.00000000000000000 116.00000000000000000 0.00000000000000000 0.00000000000000000 1.00000000000000000 0.00000000000000000 0.00000000000000000 -0.00000000000000000 1.00000000000000000 1.00000000000000000 0.00000000000000000 -0.00000000000000000 
1 4.86249999999999982 121.85000000000000853 14.18750000000000178 1.00000000000000000 0.00000000000000000 0.00000000000000000 0.00000000000000000 0.00000000000000000 1.00000000000000000 0.00000000000000000 -1.00000000000000000 0.00000000000000000 
1 -4.86249999999999982 160.15000000000000568 14.18750000000000178 0.00000000000000000 1.00000000000000000 0.00000000000000000 0.00000000000000000 -0.00000000000000000 1.00000000000000000 1.00000000000000000 0.00000000000000000 -0.00000000000000000 
1 -4.86249999999999982 209.84999999999999432 14.18750000000000178 0.00000000000000000 1.00000000000000000 0.00000000000000000 0.00000000000000000 -0.00000000000000000 1.00000000000000000 1.00000000000000000 0.00000000000000000 -0.00000000000000000 
1 4.86249999999999982 209.84999999999999432 14.18750000000000178 1.00000000000000000 0.00000000000000000 0.00000000000000000 0.00000000000000000 0.00000000000000000 1.00000000000000000 0.00000000000000000 -1.00000000000000000 0.00000000000000000 
1 -4.86249999999999982 248.15000000000000568 14.18750000000000178 0.00000000000000000 1.00000000000000000 0.00000000000000000 0.00000000000000000 -0.00000000000000000 1.00000000000000000 1.00000000000000000 0.00000000000000000 -0.00000000000000000 
1 0.00000000000000000 254.00000000000000000 0.00000000000000000 0.00000000000000000 1.00000000000000000 0.00000000000000000 0.00000000000000000 -0.00000000000000000 1.00000000000000000 1.00000000000000000 0.00000000000000000 -0.00000000000000000 
1 -4.86249999999999982 209.84999999999999432 14.18750000000000178 1.00000000000000000 0.00000000000000000 0.00000000000000000 0.00000000000000000 0.00000000000000000 1.00000000000000000 0.00000000000000000 -1.00000000000000000 0.00000000000000000 
1 -4.86249999999999982 121.85000000000000853 14.18750000000000178 1.00000000000000000 0.00000000000000000 0.00000000000000000 0.00000000000000000 0.00000000000000000 1.00000000000000000 0.00000000000000000 -1.00000000000000000 0.00000000000000000 
1 -4.86249999999999982 121.85000000000000853 14.18750000000000178 0.00000000000000000 0.00000000000000000 1.00000000000000000 1.00000000000000000 0.00000000000000000 -0.00000000000000000 -0.00000000000000000 1.00000000000000000 0.00000000000000000 
1 -4.86249999999999982 209.84999999999999432 14.18750000000000178 0.00000000000000000 0.00000000000000000 1.00000000000000000 1.00000000000000000 0.00000000000000000 -0.00000000000000000 -0.00000000000000000 1.00000000000000000 0.00000000000000000 
Triangulations 0

TShapes 102
Ve
0.000000100000005
-4.862500000000000 121.850000000000009 18.418973743126951
0 0

0101101
*
Ve
0.000000100000005
-0.000000000000005 121.850000000000009 19.050000000000001
0 0

0101101
*
Ed
 0.000000100000000 1 1 0
1  1 0 6.025079726501220 6.283185307179586
2  1 1 0 6.025079726501220 6.283185307179586
0

0101000
+102 3 -101 3 *
Ve
0.000000100000000
-0.000000000000005 116.000000000000000 19.050000000000001
0 0

0101101
*
Ed
 0.000000100000000 1 1 0
1  2 0 0.000000000000000 5.850000000000009
3  2 3CN 1 0 0.000000000000000 5.850000000000009
0

0101000
+99 3 -101 3 *
Ed
 0.000000100000000 1 1 0
1  3 0 0.000000000000000 6.283185307179586
2  4 1 0 0.000000000000000 6.283185307179586
0

0101000
+99 3 -99 3 *
Ve
0.000000100000000
4.862500000000000 121.850000000000009 18.418973743126951
0 0

0101101
*
Ed
 0.000000100000000 1 1 0
1  4 0 0.000000000000000 0.258105580678367
2  5 1 0 0.000000000000000 0.258105580678367
0

0101000
+101 3 -96 3 *
Ve
0.000000100000000
4.862500000000000 160.150000000000006 18.418973743126951
0 0

0101101
*
Ed
 0.000000100000000 1 1 0
1  5 0 5.850000000000009 44.150000000000006
2  6 1 0 5.850000000000009 44.150000000000006
0

0101000
+96 3 -94 3 *
Ve
0.000000100000005
-0.000000000000005 160.150000000000006 19.050000000000001
0 0

0101101
*
Ed
 0.000000100000000 1 1 0
1  6 0 0.000000000000000 0.258105580678367
2  7 1 0 0.000000000000000 0.258105580678367
0

0101000
+92 3 -94 3 *
Ve
0.000000100000005
-0.000000000000005 209.849999999999994 19.050000000000001
0 0

0101101
*
Ed
 0.000000100000000 1 1 0
1  7 0 44.150000000000006 93.849999999999994
3  2 3CN 1 0 44.150000000000006 93.849999999999994
0

0101000
+92 3 -90 3 *
Ve
0.000000100000000
4.862500000000000 209.849999999999994 18.418973743126951
0 0

0101101
*
Ed
 0.000000100000000 1 1 0
1  8 0 0.000000000000000 0.258105580678367
2  8 1 0 0.000000000000000 0.258105580678367
0

0101000
+90 3 -88 3 *
Ve
0.000000100000000
4.862500000000000 248.150000000000006 18.418973743126951
0 0

0101101
*
Ed
 0.000000100000000 1 1 0
1  9 0 93.849999999999994 132.150000000000006
2  9 1 0 93.849999999999994 132.150000000000006
0

0101000
+88 3 -86 3 *
Ve
0.000000100000005
-0.000000000000005 248.150000000000006 19.050000000000001
0 0

0101101
*
Ed
 0.000000100000000 1 1 0
1  10 0 0.000000000000000 0.258105580678367
2  10 1 0 0.000000000000000 0.258105580678367
0

0101000
+84 3 -86 3 *
Ve
0.000000100000000
-0.000000000000005 254.000000000000000 19.050000000000001
0 0

0101101
*
Ed
 0.000000100000000 1 1 0
1  11 0 132.150000000000006 138.000000000000000
3  2 3CN 1 0 132.150000000000006 138.000000000000000
0

0101000
+84 3 -82 3 *
Ed
 0.000000100000000 1 1 0
1  12 0 0.000000000000000 6.283185307179586
2  11 1 0 0.000000000000000 6.283185307179586
0

0101000
+82 3 -82 3 *
Ve
0.000000100000005
-4.862500000000000 248.150000000000006 18.418973743126951
0 0

0101101
*
Ed
 0.000000100000000 1 1 0
1  13 0 6.025079726501220 6.283185307179586
2  12 1 0 6.025079726501220 6.283185307179586
0

0101000
+79 3 -84 3 *
Ve
0.000000100000005
-4.862500000000000 209.849999999999994 18.418973743126951
0 0

0101101
*
Ed
 0.000000100000000 1 1 0
1  14 0 93.849999999999994 132.150000000000006
2  13 1 0 93.849999999999994 132.150000000000006
0

0101000
+77 3 -79 3 *
Ed
 0.000000100000000 1 1 0
1  15 0 6.025079726501220 6.283185307179586
2  14 1 0 6.025079726501220 6.283185307179586
0

0101000
+77 3 -90 3 *
Ve
0.000000100000005
-4.862500000000000 160.150000000000006 18.418973743126951
0 0

0101101
*
Ed
 0.000000100000000 1 1 0
1  16 0 6.025079726501220 6.283185307179586
2  15 1 0 6.025079726501220 6.283185307179586
0

0101000
+74 3 -92 3 *
Ed
 0.000000100000000 1 1 0
1  17 0 5.850000000000009 44.150000000000006
2  16 1 0 5.850000000000009 44.150000000000006
0

0101000
+102 3 -74 3 *
Wi

0101100
-100 0 +98 0 +97 0 -98 0 -95 0 -93 0 +91 0 -89 0 -87 0 -85 0 
+83 0 -81 0 -80 0 +81 0 +78 0 +76 0 -75 0 +89 0 +73 0 +72 0 
*
Ve
0.000000100000014
19.009977938236652 141.000000000000000 -1.234195603523299
0 0

0101101
*
Ed
 0.000000100000000 1 1 0
1  18 0 0.000000000000000 1.000000000000000
2  17 1 0 0.000000000000000 1.000000000000000
2  18 2 4 0.000000000000000 1.000000000000000
0

0101100
+70 3 -70 3 *
Wi

0101100
-69 0 *
Ve
0.000000200001000
-19.031562575320297 141.000000000000000 -0.837929556507080
0 0

0101101
*
Ed
 0.000000151330504 1 1 0
1  19 0 0.000000000000000 1.000000000000000
2  19 1 0 0.000000000000000 1.000000000000000
2  20 2 4 0.000000000000000 1.000000000000000
0

0101100
+67 3 -67 3 *
Wi

0101100
-66 0 *
Ve
0.000000100000014
19.009977938236652 229.000000000000000 -1.234195603523299
0 0

0101101
*
Ed
 0.000000100000000 1 1 0
1  20 0 0.000000000000000 1.000000000000000
2  21 1 0 0.000000000000000 1.000000000000000
2  22 3 5 0.000000000000000 1.000000000000000
0

0101100
+64 3 -64 3 *
Wi

0101100
-63 0 *
Ve
0.000000200001000
-19.031562575320297 229.000000000000000 -0.837929556507080
0 0

0101101
*
Ed
 0.000000151330513 1 1 0
1  21 0 0.000000000000000 1.000000000000000
2  23 1 0 0.000000000000000 1.000000000000000
2  24 3 5 0.000000000000000 1.000000000000000
0

0101100
+61 3 -61 3 *
Wi

0101100
-60 0 *
Fa
0  0.000000100000000 1 0

0111000
+71 0 +68 0 +65 0 +62 0 +59 0 *
Ve
0.000000100000000
4.862500000000000 121.850000000000009 14.187500000000002
0 0

0101101
*
Ed
 0.000000100000000 1 1 0
1  22 0 0.000000000000000 4.231473743126950
0

0101000
+57 3 -96 3 *
Ve
0.000000100000000
-4.862500000000000 121.850000000000009 14.187500000000002
0 0

0101101
*
Ed
 0.000000100000000 1 1 0
1  23 0 0.000000000000000 4.231473743126950
0

0101000
+55 3 -102 3 *
Ed
 0.000000100000000 1 1 0
1  24 0 0.000000000000000 9.725000000000000
0

0101000
-57 3 +55 3 *
Wi

0101100
-56 0 +95 0 +100 0 +54 0 -53 0 *
Fa
0  0.000000100000000 4 0

0111000
+52 0 *
Wi

0101100
-97 0 *
Fa
0  0.000000100000000 5 0

0111000
-50 0 *
Ve
0.000000100000000
4.862500000000000 160.150000000000006 14.187500000000002
0 0

0101101
*
Ed
 0.000000100000000 1 1 0
1  25 0 0.000000000000000 4.231473743126950
0

0101000
+48 3 -94 3 *
Ed
 0.000000100000000 1 1 0
1  26 0 0.000000000000000 38.299999999999997
0

0101000
-48 3 +57 3 *
Wi

0101100
-56 0 -93 0 +47 0 +46 0 *
Fa
0  0.000000100000000 6 0

0111000
+45 0 *
Ve
0.000000100000000
-4.862500000000000 160.150000000000006 14.187500000000002
0 0

0101101
*
Ed
 0.000000100000000 1 1 0
1  27 0 0.000000000000000 4.231473743126950
0

0101000
+43 3 -74 3 *
Ed
 0.000000100000000 1 1 0
1  28 0 0.000000000000000 9.725000000000000
0

0101000
-48 3 +43 3 *
Wi

0101100
-47 0 +91 0 +73 0 +42 0 -41 0 *
Fa
0  0.000000100000000 7 0

0111000
+40 0 *
Ve
0.000000100000000
4.862500000000000 209.849999999999994 14.187500000000002
0 0

0101101
*
Ed
 0.000000100000000 1 1 0
1  29 0 0.000000000000000 4.231473743126950
0

0101000
+38 3 -88 3 *
Ve
0.000000100000000
-4.862500000000000 209.849999999999994 14.187500000000002
0 0

0101101
*
Ed
 0.000000100000000 1 1 0
1  30 0 0.000000000000000 4.231473743126950
0

0101000
+36 3 -77 3 *
Ed
 0.000000100000000 1 1 0
1  31 0 0.000000000000000 9.725000000000000
0

0101000
-38 3 +36 3 *
Wi

0101100
-37 0 +87 0 +75 0 +35 0 -34 0 *
Fa
0  0.000000100000000 8 0

0111000
+33 0 *
Ve
0.000000100000000
4.862500000000000 248.150000000000006 14.187500000000002
0 0

0101101
*
Ed
 0.000000100000000 1 1 0
1  32 0 0.000000000000000 4.231473743126950
0

0101000
+31 3 -86 3 *
Ed
 0.000000100000000 1 1 0
1  33 0 0.000000000000000 38.300000000000011
0

0101000
-31 3 +38 3 *
Wi

0101100
-37 0 -85 0 +30 0 +29 0 *
Fa
0  0.000000100000000 9 0

0111000
+28 0 *
Ve
0.000000100000000
-4.862500000000000 248.150000000000006 14.187500000000002
0 0

0101101
*
Ed
 0.000000100000000 1 1 0
1  34 0 0.000000000000000 4.231473743126950
0

0101000
+26 3 -79 3 *
Ed
 0.000000100000000 1 1 0
1  35 0 0.000000000000000 9.725000000000000
0

0101000
-31 3 +26 3 *
Wi

0101100
-30 0 +83 0 +78 0 +25 0 -24 0 *
Fa
0  0.000000100000000 10 0

0111000
+23 0 *
Wi

0101100
+80 0 *
Fa
0  0.000000100000000 11 0

0111000
+21 0 *
Ed
 0.000000100000000 1 1 0
1  36 0 0.000000000000000 38.300000000000011
0

0101000
-26 3 +36 3 *
Wi

0101100
-35 0 -76 0 +25 0 +19 0 *
Fa
0  0.000000100000000 12 0

0111000
+18 0 *
Ed
 0.000000100000000 1 1 0
1  37 0 0.000000000000000 38.299999999999997
0

0101000
-43 3 +55 3 *
Wi

0101100
-54 0 -72 0 +42 0 +16 0 *
Fa
0  0.000000100000000 13 0

0111000
+15 0 *
Ed
 0.000000100000000 1 1 0
1  38 0 19.069471925557973 57.113076268793023
3  25 26CN 2 0 19.069471925557973 57.113076268793023
0

0101000
+67 6 -70 6 *
Wi

0101100
-69 0 +13 4 -66 0 -13 4 *
Fa
0  0.000000100000000 2 4

0111000
+12 0 *
Ed
 0.000000100000000 1 1 0
1  39 0 19.069471925557973 57.113076268793023
3  27 28CN 3 0 19.069471925557973 57.113076268793023
0

0101000
+61 7 -64 7 *
Wi

0101100
-63 0 +10 5 -60 0 -10 5 *
Fa
0  0.000000100000000 3 5

0111000
+9 0 *
Wi

0101100
-16 0 -41 0 +46 0 +53 0 *
Fa
0  0.000000100000000 14 0

0111000
+7 0 *
Wi

0101100
-19 0 -24 0 +29 0 +34 0 *
Fa
0  0.000000100000000 15 0

0111000
+5 0 *
Sh

0101100
+58 0 +51 0 -49 0 -44 0 -39 0 +32 0 -27 0 -22 0 +20 0 +17 0 
+14 0 -11 0 -8 0 +6 0 +4 0 *
So

0100000
+3 0 *
Co

1100000
+2 0 *

+1 1 