level	page_num	block_num	par_num	line_num	word_num	left	top	width	height	conf	text
1	1	0	0	0	0	0	0	1715	2450	-1	
2	1	1	0	0	0	229	101	258	29	-1	
3	1	1	1	0	0	229	101	258	29	-1	
4	1	1	1	1	0	229	101	258	29	-1	
5	1	1	1	1	1	229	101	101	27	58.774071	Puate
5	1	1	1	1	2	353	103	57	26	96.318352	No.
5	1	1	1	1	3	436	105	51	25	96.771339	130
2	1	2	0	0	0	181	378	19	1	-1	
3	1	2	1	0	0	181	378	19	1	-1	
4	1	2	1	1	0	181	378	19	1	-1	
5	1	2	1	1	1	181	378	19	1	95.000000	 
2	1	3	0	0	0	181	380	19	1	-1	
3	1	3	1	0	0	181	380	19	1	-1	
4	1	3	1	1	0	181	380	19	1	-1	
5	1	3	1	1	1	181	380	19	1	95.000000	 
2	1	4	0	0	0	181	370	1	25	-1	
3	1	4	1	0	0	181	370	1	25	-1	
4	1	4	1	1	0	181	370	1	25	-1	
5	1	4	1	1	1	181	370	1	25	95.000000	 
2	1	5	0	0	0	188	373	1	22	-1	
3	1	5	1	0	0	188	373	1	22	-1	
4	1	5	1	1	0	188	373	1	22	-1	
5	1	5	1	1	1	188	373	1	22	95.000000	 
2	1	6	0	0	0	181	389	22	1	-1	
3	1	6	1	0	0	181	389	22	1	-1	
4	1	6	1	1	0	181	389	22	1	-1	
5	1	6	1	1	1	181	389	22	1	95.000000	 
2	1	7	0	0	0	218	383	1	28	-1	
3	1	7	1	0	0	218	383	1	28	-1	
4	1	7	1	1	0	218	383	1	28	-1	
5	1	7	1	1	1	218	383	1	28	95.000000	 
2	1	8	0	0	0	324	542	23	1	-1	
3	1	8	1	0	0	324	542	23	1	-1	
4	1	8	1	1	0	324	542	23	1	-1	
5	1	8	1	1	1	324	542	23	1	95.000000	 
2	1	9	0	0	0	321	549	21	1	-1	
3	1	9	1	0	0	321	549	21	1	-1	
4	1	9	1	1	0	321	549	21	1	-1	
5	1	9	1	1	1	321	549	21	1	95.000000	 
2	1	10	0	0	0	335	542	1	17	-1	
3	1	10	1	0	0	335	542	1	17	-1	
4	1	10	1	1	0	335	542	1	17	-1	
5	1	10	1	1	1	335	542	1	17	95.000000	 
2	1	11	0	0	0	324	541	1	24	-1	
3	1	11	1	0	0	324	541	1	24	-1	
4	1	11	1	1	0	324	541	1	24	-1	
5	1	11	1	1	1	324	541	1	24	95.000000	 
2	1	12	0	0	0	333	541	1	27	-1	
3	1	12	1	0	0	333	541	1	27	-1	
4	1	12	1	1	0	333	541	1	27	-1	
5	1	12	1	1	1	333	541	1	27	95.000000	 
2	1	13	0	0	0	464	562	21	1	-1	
3	1	13	1	0	0	464	562	21	1	-1	
4	1	13	1	1	0	464	562	21	1	-1	
5	1	13	1	1	1	464	562	21	1	95.000000	 
2	1	14	0	0	0	458	571	17	1	-1	
3	1	14	1	0	0	458	571	17	1	-1	
4	1	14	1	1	0	458	571	17	1	-1	
5	1	14	1	1	1	458	571	17	1	95.000000	 
2	1	15	0	0	0	461	582	19	1	-1	
3	1	15	1	0	0	461	582	19	1	-1	
4	1	15	1	1	0	461	582	19	1	-1	
5	1	15	1	1	1	461	582	19	1	95.000000	 
2	1	16	0	0	0	401	590	77	2	-1	
3	1	16	1	0	0	401	590	77	2	-1	
4	1	16	1	1	0	401	590	77	2	-1	
5	1	16	1	1	1	401	590	77	2	95.000000	 
2	1	17	0	0	0	401	591	77	2	-1	
3	1	17	1	0	0	401	591	77	2	-1	
4	1	17	1	1	0	401	591	77	2	-1	
5	1	17	1	1	1	401	591	77	2	95.000000	 
2	1	18	0	0	0	398	588	80	9	-1	
3	1	18	1	0	0	398	588	80	9	-1	
4	1	18	1	1	0	398	588	80	9	-1	
5	1	18	1	1	1	398	588	80	9	95.000000	 
2	1	19	0	0	0	398	596	36	2	-1	
3	1	19	1	0	0	398	596	36	2	-1	
4	1	19	1	1	0	398	596	36	2	-1	
5	1	19	1	1	1	398	596	36	2	95.000000	 
2	1	20	0	0	0	398	599	21	1	-1	
3	1	20	1	0	0	398	599	21	1	-1	
4	1	20	1	1	0	398	599	21	1	-1	
5	1	20	1	1	1	398	599	21	1	95.000000	 
2	1	21	0	0	0	398	599	30	3	-1	
3	1	21	1	0	0	398	599	30	3	-1	
4	1	21	1	1	0	398	599	30	3	-1	
5	1	21	1	1	1	398	599	30	3	95.000000	 
2	1	22	0	0	0	405	603	43	1	-1	
3	1	22	1	0	0	405	603	43	1	-1	
4	1	22	1	1	0	405	603	43	1	-1	
5	1	22	1	1	1	405	603	43	1	95.000000	 
2	1	23	0	0	0	398	610	20	1	-1	
3	1	23	1	0	0	398	610	20	1	-1	
4	1	23	1	1	0	398	610	20	1	-1	
5	1	23	1	1	1	398	610	20	1	95.000000	 
2	1	24	0	0	0	389	615	18	1	-1	
3	1	24	1	0	0	389	615	18	1	-1	
4	1	24	1	1	0	389	615	18	1	-1	
5	1	24	1	1	1	389	615	18	1	95.000000	 
2	1	25	0	0	0	680	615	24	1	-1	
3	1	25	1	0	0	680	615	24	1	-1	
4	1	25	1	1	0	680	615	24	1	-1	
5	1	25	1	1	1	680	615	24	1	95.000000	 
2	1	26	0	0	0	379	615	28	3	-1	
3	1	26	1	0	0	379	615	28	3	-1	
4	1	26	1	1	0	379	615	28	3	-1	
5	1	26	1	1	1	379	615	28	3	95.000000	 
2	1	27	0	0	0	395	616	24	3	-1	
3	1	27	1	0	0	395	616	24	3	-1	
4	1	27	1	1	0	395	616	24	3	-1	
5	1	27	1	1	1	395	616	24	3	95.000000	 
2	1	28	0	0	0	681	570	3	57	-1	
3	1	28	1	0	0	681	570	3	57	-1	
4	1	28	1	1	0	681	570	3	57	-1	
5	1	28	1	1	1	681	570	3	57	95.000000	 
2	1	29	0	0	0	498	597	1	30	-1	
3	1	29	1	0	0	498	597	1	30	-1	
4	1	29	1	1	0	498	597	1	30	-1	
5	1	29	1	1	1	498	597	1	30	95.000000	 
2	1	30	0	0	0	397	618	31	3	-1	
3	1	30	1	0	0	397	618	31	3	-1	
4	1	30	1	1	0	397	618	31	3	-1	
5	1	30	1	1	1	397	618	31	3	95.000000	 
2	1	31	0	0	0	602	619	75	2	-1	
3	1	31	1	0	0	602	619	75	2	-1	
4	1	31	1	1	0	602	619	75	2	-1	
5	1	31	1	1	1	602	619	75	2	95.000000	 
2	1	32	0	0	0	607	620	70	2	-1	
3	1	32	1	0	0	607	620	70	2	-1	
4	1	32	1	1	0	607	620	70	2	-1	
5	1	32	1	1	1	607	620	70	2	95.000000	 
2	1	33	0	0	0	390	620	109	6	-1	
3	1	33	1	0	0	390	620	109	6	-1	
4	1	33	1	1	0	390	620	109	6	-1	
5	1	33	1	1	1	390	620	109	6	95.000000	 
2	1	34	0	0	0	397	621	102	4	-1	
3	1	34	1	0	0	397	621	102	4	-1	
4	1	34	1	1	0	397	621	102	4	-1	
5	1	34	1	1	1	397	621	102	4	95.000000	 
2	1	35	0	0	0	389	622	110	3	-1	
3	1	35	1	0	0	389	622	110	3	-1	
4	1	35	1	1	0	389	622	110	3	-1	
5	1	35	1	1	1	389	622	110	3	95.000000	 
2	1	36	0	0	0	482	615	1	17	-1	
3	1	36	1	0	0	482	615	1	17	-1	
4	1	36	1	1	0	482	615	1	17	-1	
5	1	36	1	1	1	482	615	1	17	95.000000	 
2	1	37	0	0	0	605	626	57	4	-1	
3	1	37	1	0	0	605	626	57	4	-1	
4	1	37	1	1	0	605	626	57	4	-1	
5	1	37	1	1	1	605	626	57	4	95.000000	 
2	1	38	0	0	0	390	628	29	1	-1	
3	1	38	1	0	0	390	628	29	1	-1	
4	1	38	1	1	0	390	628	29	1	-1	
5	1	38	1	1	1	390	628	29	1	95.000000	 
2	1	39	0	0	0	602	628	60	2	-1	
3	1	39	1	0	0	602	628	60	2	-1	
4	1	39	1	1	0	602	628	60	2	-1	
5	1	39	1	1	1	602	628	60	2	95.000000	 
2	1	40	0	0	0	390	628	41	3	-1	
3	1	40	1	0	0	390	628	41	3	-1	
4	1	40	1	1	0	390	628	41	3	-1	
5	1	40	1	1	1	390	628	41	3	95.000000	 
2	1	41	0	0	0	605	629	57	2	-1	
3	1	41	1	0	0	605	629	57	2	-1	
4	1	41	1	1	0	605	629	57	2	-1	
5	1	41	1	1	1	605	629	57	2	95.000000	 
2	1	42	0	0	0	422	632	25	1	-1	
3	1	42	1	0	0	422	632	25	1	-1	
4	1	42	1	1	0	422	632	25	1	-1	
5	1	42	1	1	1	422	632	25	1	95.000000	 
2	1	43	0	0	0	621	632	19	1	-1	
3	1	43	1	0	0	621	632	19	1	-1	
4	1	43	1	1	0	621	632	19	1	-1	
5	1	43	1	1	1	621	632	19	1	95.000000	 
2	1	44	0	0	0	441	634	22	1	-1	
3	1	44	1	0	0	441	634	22	1	-1	
4	1	44	1	1	0	441	634	22	1	-1	
5	1	44	1	1	1	441	634	22	1	95.000000	 
2	1	45	0	0	0	623	634	26	1	-1	
3	1	45	1	0	0	623	634	26	1	-1	
4	1	45	1	1	0	623	634	26	1	-1	
5	1	45	1	1	1	623	634	26	1	95.000000	 
2	1	46	0	0	0	439	636	26	1	-1	
3	1	46	1	0	0	439	636	26	1	-1	
4	1	46	1	1	0	439	636	26	1	-1	
5	1	46	1	1	1	439	636	26	1	95.000000	 
2	1	47	0	0	0	636	636	25	1	-1	
3	1	47	1	0	0	636	636	25	1	-1	
4	1	47	1	1	0	636	636	25	1	-1	
5	1	47	1	1	1	636	636	25	1	95.000000	 
2	1	48	0	0	0	452	638	22	1	-1	
3	1	48	1	0	0	452	638	22	1	-1	
4	1	48	1	1	0	452	638	22	1	-1	
5	1	48	1	1	1	452	638	22	1	95.000000	 
2	1	49	0	0	0	641	645	75	2	-1	
3	1	49	1	0	0	641	645	75	2	-1	
4	1	49	1	1	0	641	645	75	2	-1	
5	1	49	1	1	1	641	645	75	2	95.000000	 
2	1	50	0	0	0	639	646	77	2	-1	
3	1	50	1	0	0	639	646	77	2	-1	
4	1	50	1	1	0	639	646	77	2	-1	
5	1	50	1	1	1	639	646	77	2	95.000000	 
2	1	51	0	0	0	402	647	70	2	-1	
3	1	51	1	0	0	402	647	70	2	-1	
4	1	51	1	1	0	402	647	70	2	-1	
5	1	51	1	1	1	402	647	70	2	95.000000	 
2	1	52	0	0	0	648	645	68	5	-1	
3	1	52	1	0	0	648	645	68	5	-1	
4	1	52	1	1	0	648	645	68	5	-1	
5	1	52	1	1	1	648	645	68	5	95.000000	 
2	1	53	0	0	0	487	634	1	18	-1	
3	1	53	1	0	0	487	634	1	18	-1	
4	1	53	1	1	0	487	634	1	18	-1	
5	1	53	1	1	1	487	634	1	18	95.000000	 
2	1	54	0	0	0	424	650	66	2	-1	
3	1	54	1	0	0	424	650	66	2	-1	
4	1	54	1	1	0	424	650	66	2	-1	
5	1	54	1	1	1	424	650	66	2	95.000000	 
2	1	55	0	0	0	385	650	105	5	-1	
3	1	55	1	0	0	385	650	105	5	-1	
4	1	55	1	1	0	385	650	105	5	-1	
5	1	55	1	1	1	385	650	105	5	95.000000	 
2	1	56	0	0	0	632	653	75	2	-1	
3	1	56	1	0	0	632	653	75	2	-1	
4	1	56	1	1	0	632	653	75	2	-1	
5	1	56	1	1	1	632	653	75	2	95.000000	 
2	1	57	0	0	0	605	652	102	6	-1	
3	1	57	1	0	0	605	652	102	6	-1	
4	1	57	1	1	0	605	652	102	6	-1	
5	1	57	1	1	1	605	652	102	6	95.000000	 
2	1	58	0	0	0	614	654	93	6	-1	
3	1	58	1	0	0	614	654	93	6	-1	
4	1	58	1	1	0	614	654	93	6	-1	
5	1	58	1	1	1	614	654	93	6	95.000000	 
2	1	59	0	0	0	614	654	93	7	-1	
3	1	59	1	0	0	614	654	93	7	-1	
4	1	59	1	1	0	614	654	93	7	-1	
5	1	59	1	1	1	614	654	93	7	95.000000	 
2	1	60	0	0	0	614	656	111	3	-1	
3	1	60	1	0	0	614	656	111	3	-1	
4	1	60	1	1	0	614	656	111	3	-1	
5	1	60	1	1	1	614	656	111	3	95.000000	 
2	1	61	0	0	0	614	657	102	3	-1	
3	1	61	1	0	0	614	657	102	3	-1	
4	1	61	1	1	0	614	657	102	3	-1	
5	1	61	1	1	1	614	657	102	3	95.000000	 
2	1	62	0	0	0	466	660	18	1	-1	
3	1	62	1	0	0	466	660	18	1	-1	
4	1	62	1	1	0	466	660	18	1	-1	
5	1	62	1	1	1	466	660	18	1	95.000000	 
2	1	63	0	0	0	385	664	23	1	-1	
3	1	63	1	0	0	385	664	23	1	-1	
4	1	63	1	1	0	385	664	23	1	-1	
5	1	63	1	1	1	385	664	23	1	95.000000	 
2	1	64	0	0	0	475	574	5	94	-1	
3	1	64	1	0	0	475	574	5	94	-1	
4	1	64	1	1	0	475	574	5	94	-1	
5	1	64	1	1	1	475	574	5	94	95.000000	 
2	1	65	0	0	0	475	574	2	103	-1	
3	1	65	1	0	0	475	574	2	103	-1	
4	1	65	1	1	0	475	574	2	103	-1	
5	1	65	1	1	1	475	574	2	103	95.000000	 
2	1	66	0	0	0	713	650	1	21	-1	
3	1	66	1	0	0	713	650	1	21	-1	
4	1	66	1	1	0	713	650	1	21	-1	
5	1	66	1	1	1	713	650	1	21	95.000000	 
2	1	67	0	0	0	603	664	99	5	-1	
3	1	67	1	0	0	603	664	99	5	-1	
4	1	67	1	1	0	603	664	99	5	-1	
5	1	67	1	1	1	603	664	99	5	95.000000	 
2	1	68	0	0	0	603	664	99	5	-1	
3	1	68	1	0	0	603	664	99	5	-1	
4	1	68	1	1	0	603	664	99	5	-1	
5	1	68	1	1	1	603	664	99	5	95.000000	 
2	1	69	0	0	0	603	666	124	1	-1	
3	1	69	1	0	0	603	666	124	1	-1	
4	1	69	1	1	0	603	666	124	1	-1	
5	1	69	1	1	1	603	666	124	1	95.000000	 
2	1	70	0	0	0	603	666	115	3	-1	
3	1	70	1	0	0	603	666	115	3	-1	
4	1	70	1	1	0	603	666	115	3	-1	
5	1	70	1	1	1	603	666	115	3	95.000000	 
2	1	71	0	0	0	367	669	87	4	-1	
3	1	71	1	0	0	367	669	87	4	-1	
4	1	71	1	1	0	367	669	87	4	-1	
5	1	71	1	1	1	367	669	87	4	95.000000	 
2	1	72	0	0	0	382	671	72	4	-1	
3	1	72	1	0	0	382	671	72	4	-1	
4	1	72	1	1	0	382	671	72	4	-1	
5	1	72	1	1	1	382	671	72	4	95.000000	 
2	1	73	0	0	0	392	672	62	2	-1	
3	1	73	1	0	0	392	672	62	2	-1	
4	1	73	1	1	0	392	672	62	2	-1	
5	1	73	1	1	1	392	672	62	2	95.000000	 
2	1	74	0	0	0	394	671	60	5	-1	
3	1	74	1	0	0	394	671	60	5	-1	
4	1	74	1	1	0	394	671	60	5	-1	
5	1	74	1	1	1	394	671	60	5	95.000000	 
2	1	75	0	0	0	394	677	32	1	-1	
3	1	75	1	0	0	394	677	32	1	-1	
4	1	75	1	1	0	394	677	32	1	-1	
5	1	75	1	1	1	394	677	32	1	95.000000	 
2	1	76	0	0	0	601	677	113	1	-1	
3	1	76	1	0	0	601	677	113	1	-1	
4	1	76	1	1	0	601	677	113	1	-1	
5	1	76	1	1	1	601	677	113	1	95.000000	 
2	1	77	0	0	0	722	659	1	23	-1	
3	1	77	1	0	0	722	659	1	23	-1	
4	1	77	1	1	0	722	659	1	23	-1	
5	1	77	1	1	1	722	659	1	23	95.000000	 
2	1	78	0	0	0	603	659	1	26	-1	
3	1	78	1	0	0	603	659	1	26	-1	
4	1	78	1	1	0	603	659	1	26	-1	
5	1	78	1	1	1	603	659	1	26	95.000000	 
2	1	79	0	0	0	373	660	1	30	-1	
3	1	79	1	0	0	373	660	1	30	-1	
4	1	79	1	1	0	373	660	1	30	-1	
5	1	79	1	1	1	373	660	1	30	95.000000	 
2	1	80	0	0	0	383	682	74	2	-1	
3	1	80	1	0	0	383	682	74	2	-1	
4	1	80	1	1	0	383	682	74	2	-1	
5	1	80	1	1	1	383	682	74	2	95.000000	 
2	1	81	0	0	0	396	682	61	1	-1	
3	1	81	1	0	0	396	682	61	1	-1	
4	1	81	1	1	0	396	682	61	1	-1	
5	1	81	1	1	1	396	682	61	1	95.000000	 
2	1	82	0	0	0	396	683	61	2	-1	
3	1	82	1	0	0	396	683	61	2	-1	
4	1	82	1	1	0	396	683	61	2	-1	
5	1	82	1	1	1	396	683	61	2	95.000000	 
2	1	83	0	0	0	396	684	70	2	-1	
3	1	83	1	0	0	396	684	70	2	-1	
4	1	83	1	1	0	396	684	70	2	-1	
5	1	83	1	1	1	396	684	70	2	95.000000	 
2	1	84	0	0	0	699	688	29	1	-1	
3	1	84	1	0	0	699	688	29	1	-1	
4	1	84	1	1	0	699	688	29	1	-1	
5	1	84	1	1	1	699	688	29	1	95.000000	 
2	1	85	0	0	0	421	690	22	1	-1	
3	1	85	1	0	0	421	690	22	1	-1	
4	1	85	1	1	0	421	690	22	1	-1	
5	1	85	1	1	1	421	690	22	1	95.000000	 
2	1	86	0	0	0	426	692	19	1	-1	
3	1	86	1	0	0	426	692	19	1	-1	
4	1	86	1	1	0	426	692	19	1	-1	
5	1	86	1	1	1	426	692	19	1	95.000000	 
2	1	87	0	0	0	419	586	2	119	-1	
3	1	87	1	0	0	419	586	2	119	-1	
4	1	87	1	1	0	419	586	2	119	-1	
5	1	87	1	1	1	419	586	2	119	95.000000	 
2	1	88	0	0	0	419	586	4	119	-1	
3	1	88	1	0	0	419	586	4	119	-1	
4	1	88	1	1	0	419	586	4	119	-1	
5	1	88	1	1	1	419	586	4	119	95.000000	 
2	1	89	0	0	0	376	645	4	64	-1	
3	1	89	1	0	0	376	645	4	64	-1	
4	1	89	1	1	0	376	645	4	64	-1	
5	1	89	1	1	1	376	645	4	64	95.000000	 
2	1	90	0	0	0	396	693	61	4	-1	
3	1	90	1	0	0	396	693	61	4	-1	
4	1	90	1	1	0	396	693	61	4	-1	
5	1	90	1	1	1	396	693	61	4	95.000000	 
2	1	91	0	0	0	396	697	86	1	-1	
3	1	91	1	0	0	396	697	86	1	-1	
4	1	91	1	1	0	396	697	86	1	-1	
5	1	91	1	1	1	396	697	86	1	95.000000	 
2	1	92	0	0	0	366	697	116	5	-1	
3	1	92	1	0	0	366	697	116	5	-1	
4	1	92	1	1	0	366	697	116	5	-1	
5	1	92	1	1	1	366	697	116	5	95.000000	 
2	1	93	0	0	0	454	707	19	1	-1	
3	1	93	1	0	0	454	707	19	1	-1	
4	1	93	1	1	0	454	707	19	1	-1	
5	1	93	1	1	1	454	707	19	1	95.000000	 
2	1	94	0	0	0	470	547	3	170	-1	
3	1	94	1	0	0	470	547	3	170	-1	
4	1	94	1	1	0	470	547	3	170	-1	
5	1	94	1	1	1	470	547	3	170	95.000000	 
2	1	95	0	0	0	468	562	5	155	-1	
3	1	95	1	0	0	468	562	5	155	-1	
4	1	95	1	1	0	468	562	5	155	-1	
5	1	95	1	1	1	468	562	5	155	95.000000	 
2	1	96	0	0	0	715	641	4	81	-1	
3	1	96	1	0	0	715	641	4	81	-1	
4	1	96	1	1	0	715	641	4	81	-1	
5	1	96	1	1	1	715	641	4	81	95.000000	 
2	1	97	0	0	0	388	654	4	57	-1	
3	1	97	1	0	0	388	654	4	57	-1	
4	1	97	1	1	0	388	654	4	57	-1	
5	1	97	1	1	1	388	654	4	57	95.000000	 
2	1	98	0	0	0	387	682	1	29	-1	
3	1	98	1	0	0	387	682	1	29	-1	
4	1	98	1	1	0	387	682	1	29	-1	
5	1	98	1	1	1	387	682	1	29	95.000000	 
2	1	99	0	0	0	718	679	3	43	-1	
3	1	99	1	0	0	718	679	3	43	-1	
4	1	99	1	1	0	718	679	3	43	-1	
5	1	99	1	1	1	718	679	3	43	95.000000	 
2	1	100	0	0	0	405	717	17	1	-1	
3	1	100	1	0	0	405	717	17	1	-1	
4	1	100	1	1	0	405	717	17	1	-1	
5	1	100	1	1	1	405	717	17	1	95.000000	 
2	1	101	0	0	0	613	719	19	1	-1	
3	1	101	1	0	0	613	719	19	1	-1	
4	1	101	1	1	0	613	719	19	1	-1	
5	1	101	1	1	1	613	719	19	1	95.000000	 
2	1	102	0	0	0	615	721	26	1	-1	
3	1	102	1	0	0	615	721	26	1	-1	
4	1	102	1	1	0	615	721	26	1	-1	
5	1	102	1	1	1	615	721	26	1	95.000000	 
2	1	103	0	0	0	386	722	24	1	-1	
3	1	103	1	0	0	386	722	24	1	-1	
4	1	103	1	1	0	386	722	24	1	-1	
5	1	103	1	1	1	386	722	24	1	95.000000	 
2	1	104	0	0	0	398	721	12	3	-1	
3	1	104	1	0	0	398	721	12	3	-1	
4	1	104	1	1	0	398	721	12	3	-1	
5	1	104	1	1	1	398	721	12	3	95.000000	 
2	1	105	0	0	0	398	724	24	1	-1	
3	1	105	1	0	0	398	724	24	1	-1	
4	1	105	1	1	0	398	724	24	1	-1	
5	1	105	1	1	1	398	724	24	1	95.000000	 
2	1	106	0	0	0	398	724	24	3	-1	
3	1	106	1	0	0	398	724	24	3	-1	
4	1	106	1	1	0	398	724	24	3	-1	
5	1	106	1	1	1	398	724	24	3	95.000000	 
2	1	107	0	0	0	611	728	19	1	-1	
3	1	107	1	0	0	611	728	19	1	-1	
4	1	107	1	1	0	611	728	19	1	-1	
5	1	107	1	1	1	611	728	19	1	95.000000	 
2	1	108	0	0	0	613	730	26	1	-1	
3	1	108	1	0	0	613	730	26	1	-1	
4	1	108	1	1	0	613	730	26	1	-1	
5	1	108	1	1	1	613	730	26	1	95.000000	 
2	1	109	0	0	0	395	731	21	1	-1	
3	1	109	1	0	0	395	731	21	1	-1	
4	1	109	1	1	0	395	731	21	1	-1	
5	1	109	1	1	1	395	731	21	1	95.000000	 
2	1	110	0	0	0	622	732	91	4	-1	
3	1	110	1	0	0	622	732	91	4	-1	
4	1	110	1	1	0	622	732	91	4	-1	
5	1	110	1	1	1	622	732	91	4	95.000000	 
2	1	111	0	0	0	700	626	2	128	-1	
3	1	111	1	0	0	700	626	2	128	-1	
4	1	111	1	1	0	700	626	2	128	-1	
5	1	111	1	1	1	700	626	2	128	95.000000	 
2	1	112	0	0	0	432	741	21	1	-1	
3	1	112	1	0	0	432	741	21	1	-1	
4	1	112	1	1	0	432	741	21	1	-1	
5	1	112	1	1	1	432	741	21	1	95.000000	 
2	1	113	0	0	0	636	743	72	2	-1	
3	1	113	1	0	0	636	743	72	2	-1	
4	1	113	1	1	0	636	743	72	2	-1	
5	1	113	1	1	1	636	743	72	2	95.000000	 
2	1	114	0	0	0	618	743	90	7	-1	
3	1	114	1	0	0	618	743	90	7	-1	
4	1	114	1	1	0	618	743	90	7	-1	
5	1	114	1	1	1	618	743	90	7	95.000000	 
2	1	115	0	0	0	618	749	67	2	-1	
3	1	115	1	0	0	618	749	67	2	-1	
4	1	115	1	1	0	618	749	67	2	-1	
5	1	115	1	1	1	618	749	67	2	95.000000	 
2	1	116	0	0	0	691	615	4	144	-1	
3	1	116	1	0	0	691	615	4	144	-1	
4	1	116	1	1	0	691	615	4	144	-1	
5	1	116	1	1	1	691	615	4	144	95.000000	 
2	1	117	0	0	0	698	626	4	144	-1	
3	1	117	1	0	0	698	626	4	144	-1	
4	1	117	1	1	0	698	626	4	144	-1	
5	1	117	1	1	1	698	626	4	144	95.000000	 
2	1	118	0	0	0	645	638	2	124	-1	
3	1	118	1	0	0	645	638	2	124	-1	
4	1	118	1	1	0	645	638	2	124	-1	
5	1	118	1	1	1	645	638	2	124	95.000000	 
2	1	119	0	0	0	607	753	99	3	-1	
3	1	119	1	0	0	607	753	99	3	-1	
4	1	119	1	1	0	607	753	99	3	-1	
5	1	119	1	1	1	607	753	99	3	95.000000	 
2	1	120	0	0	0	428	759	25	1	-1	
3	1	120	1	0	0	428	759	25	1	-1	
4	1	120	1	1	0	428	759	25	1	-1	
5	1	120	1	1	1	428	759	25	1	95.000000	 
2	1	121	0	0	0	605	765	64	2	-1	
3	1	121	1	0	0	605	765	64	2	-1	
4	1	121	1	1	0	605	765	64	2	-1	
5	1	121	1	1	1	605	765	64	2	95.000000	 
2	1	122	0	0	0	607	764	62	4	-1	
3	1	122	1	0	0	607	764	62	4	-1	
4	1	122	1	1	0	607	764	62	4	-1	
5	1	122	1	1	1	607	764	62	4	95.000000	 
2	1	123	0	0	0	425	768	22	1	-1	
3	1	123	1	0	0	425	768	22	1	-1	
4	1	123	1	1	0	425	768	22	1	-1	
5	1	123	1	1	1	425	768	22	1	95.000000	 
2	1	124	0	0	0	609	612	3	160	-1	
3	1	124	1	0	0	609	612	3	160	-1	
4	1	124	1	1	0	609	612	3	160	-1	
5	1	124	1	1	1	609	612	3	160	95.000000	 
2	1	125	0	0	0	464	687	2	98	-1	
3	1	125	1	0	0	464	687	2	98	-1	
4	1	125	1	1	0	464	687	2	98	-1	
5	1	125	1	1	1	464	687	2	98	95.000000	 
2	1	126	0	0	0	391	772	74	2	-1	
3	1	126	1	0	0	391	772	74	2	-1	
4	1	126	1	1	0	391	772	74	2	-1	
5	1	126	1	1	1	391	772	74	2	95.000000	 
2	1	127	0	0	0	391	773	79	2	-1	
3	1	127	1	0	0	391	773	79	2	-1	
4	1	127	1	1	0	391	773	79	2	-1	
5	1	127	1	1	1	391	773	79	2	95.000000	 
2	1	128	0	0	0	387	778	71	4	-1	
3	1	128	1	0	0	387	778	71	4	-1	
4	1	128	1	1	0	387	778	71	4	-1	
5	1	128	1	1	1	387	778	71	4	95.000000	 
2	1	129	0	0	0	387	782	85	1	-1	
3	1	129	1	0	0	387	782	85	1	-1	
4	1	129	1	1	0	387	782	85	1	-1	
5	1	129	1	1	1	387	782	85	1	95.000000	 
2	1	130	0	0	0	444	599	7	198	-1	
3	1	130	1	0	0	444	599	7	198	-1	
4	1	130	1	1	0	444	599	7	198	-1	
5	1	130	1	1	1	444	599	7	198	95.000000	 
2	1	131	0	0	0	696	615	1	175	-1	
3	1	131	1	0	0	696	615	1	175	-1	
4	1	131	1	1	0	696	615	1	175	-1	
5	1	131	1	1	1	696	615	1	175	95.000000	 
2	1	132	0	0	0	664	787	18	1	-1	
3	1	132	1	0	0	664	787	18	1	-1	
4	1	132	1	1	0	664	787	18	1	-1	
5	1	132	1	1	1	664	787	18	1	95.000000	 
2	1	133	0	0	0	676	789	23	1	-1	
3	1	133	1	0	0	676	789	23	1	-1	
4	1	133	1	1	0	676	789	23	1	-1	
5	1	133	1	1	1	676	789	23	1	95.000000	 
2	1	134	0	0	0	401	792	69	2	-1	
3	1	134	1	0	0	401	792	69	2	-1	
4	1	134	1	1	0	401	792	69	2	-1	
5	1	134	1	1	1	401	792	69	2	95.000000	 
2	1	135	0	0	0	657	794	22	1	-1	
3	1	135	1	0	0	657	794	22	1	-1	
4	1	135	1	1	0	657	794	22	1	-1	
5	1	135	1	1	1	657	794	22	1	95.000000	 
2	1	136	0	0	0	669	796	19	1	-1	
3	1	136	1	0	0	669	796	19	1	-1	
4	1	136	1	1	0	669	796	19	1	-1	
5	1	136	1	1	1	669	796	19	1	95.000000	 
2	1	137	0	0	0	456	627	3	182	-1	
3	1	137	1	0	0	456	627	3	182	-1	
4	1	137	1	1	0	456	627	3	182	-1	
5	1	137	1	1	1	456	627	3	182	95.000000	 
2	1	138	0	0	0	449	636	8	173	-1	
3	1	138	1	0	0	449	636	8	173	-1	
4	1	138	1	1	0	449	636	8	173	-1	
5	1	138	1	1	1	449	636	8	173	95.000000	 
2	1	139	0	0	0	457	636	1	173	-1	
3	1	139	1	0	0	457	636	1	173	-1	
4	1	139	1	1	0	457	636	1	173	-1	
5	1	139	1	1	1	457	636	1	173	95.000000	 
2	1	140	0	0	0	1168	776	1	32	-1	
3	1	140	1	0	0	1168	776	1	32	-1	
4	1	140	1	1	0	1168	776	1	32	-1	
5	1	140	1	1	1	1168	776	1	32	95.000000	 
2	1	141	0	0	0	1129	801	25	1	-1	
3	1	141	1	0	0	1129	801	25	1	-1	
4	1	141	1	1	0	1129	801	25	1	-1	
5	1	141	1	1	1	1129	801	25	1	95.000000	 
2	1	142	0	0	0	406	802	21	1	-1	
3	1	142	1	0	0	406	802	21	1	-1	
4	1	142	1	1	0	406	802	21	1	-1	
5	1	142	1	1	1	406	802	21	1	95.000000	 
2	1	143	0	0	0	1129	803	19	1	-1	
3	1	143	1	0	0	1129	803	19	1	-1	
4	1	143	1	1	0	1129	803	19	1	-1	
5	1	143	1	1	1	1129	803	19	1	95.000000	 
2	1	144	0	0	0	1141	795	1	17	-1	
3	1	144	1	0	0	1141	795	1	17	-1	
4	1	144	1	1	0	1141	795	1	17	-1	
5	1	144	1	1	1	1141	795	1	17	95.000000	 
2	1	145	0	0	0	660	805	26	1	-1	
3	1	145	1	0	0	660	805	26	1	-1	
4	1	145	1	1	0	660	805	26	1	-1	
5	1	145	1	1	1	660	805	26	1	95.000000	 
2	1	146	0	0	0	398	805	46	4	-1	
3	1	146	1	0	0	398	805	46	4	-1	
4	1	146	1	1	0	398	805	46	4	-1	
5	1	146	1	1	1	398	805	46	4	95.000000	 
2	1	147	0	0	0	394	805	50	5	-1	
3	1	147	1	0	0	394	805	50	5	-1	
4	1	147	1	1	0	394	805	50	5	-1	
5	1	147	1	1	1	394	805	50	5	95.000000	 
2	1	148	0	0	0	398	809	24	3	-1	
3	1	148	1	0	0	398	809	24	3	-1	
4	1	148	1	1	0	398	809	24	3	-1	
5	1	148	1	1	1	398	809	24	3	95.000000	 
2	1	149	0	0	0	1126	810	30	1	-1	
3	1	149	1	0	0	1126	810	30	1	-1	
4	1	149	1	1	0	1126	810	30	1	-1	
5	1	149	1	1	1	1126	810	30	1	95.000000	 
2	1	150	0	0	0	444	599	11	230	-1	
3	1	150	1	0	0	444	599	11	230	-1	
4	1	150	1	1	0	444	599	11	230	-1	
5	1	150	1	1	1	444	599	11	230	95.000000	 
2	1	151	0	0	0	444	599	11	230	-1	
3	1	151	1	0	0	444	599	11	230	-1	
4	1	151	1	1	0	444	599	11	230	-1	
5	1	151	1	1	1	444	599	11	230	95.000000	 
2	1	152	0	0	0	450	620	4	209	-1	
3	1	152	1	0	0	450	620	4	209	-1	
4	1	152	1	1	0	450	620	4	209	-1	
5	1	152	1	1	1	450	620	4	209	95.000000	 
2	1	153	0	0	0	449	636	7	193	-1	
3	1	153	1	0	0	449	636	7	193	-1	
4	1	153	1	1	0	449	636	7	193	-1	
5	1	153	1	1	1	449	636	7	193	95.000000	 
2	1	154	0	0	0	1132	799	1	18	-1	
3	1	154	1	0	0	1132	799	1	18	-1	
4	1	154	1	1	0	1132	799	1	18	-1	
5	1	154	1	1	1	1132	799	1	18	95.000000	 
2	1	155	0	0	0	373	815	74	2	-1	
3	1	155	1	0	0	373	815	74	2	-1	
4	1	155	1	1	0	373	815	74	2	-1	
5	1	155	1	1	1	373	815	74	2	95.000000	 
2	1	156	0	0	0	382	814	65	4	-1	
3	1	156	1	0	0	382	814	65	4	-1	
4	1	156	1	1	0	382	814	65	4	-1	
5	1	156	1	1	1	382	814	65	4	95.000000	 
2	1	157	0	0	0	398	814	49	4	-1	
3	1	157	1	0	0	398	814	49	4	-1	
4	1	157	1	1	0	398	814	49	4	-1	
5	1	157	1	1	1	398	814	49	4	95.000000	 
2	1	158	0	0	0	398	817	58	4	-1	
3	1	158	1	0	0	398	817	58	4	-1	
4	1	158	1	1	0	398	817	58	4	-1	
5	1	158	1	1	1	398	817	58	4	95.000000	 
2	1	159	0	0	0	639	819	25	1	-1	
3	1	159	1	0	0	639	819	25	1	-1	
4	1	159	1	1	0	639	819	25	1	-1	
5	1	159	1	1	1	639	819	25	1	95.000000	 
2	1	160	0	0	0	651	821	19	1	-1	
3	1	160	1	0	0	651	821	19	1	-1	
4	1	160	1	1	0	651	821	19	1	-1	
5	1	160	1	1	1	651	821	19	1	95.000000	 
2	1	161	0	0	0	399	822	46	4	-1	
3	1	161	1	0	0	399	822	46	4	-1	
4	1	161	1	1	0	399	822	46	4	-1	
5	1	161	1	1	1	399	822	46	4	95.000000	 
2	1	162	0	0	0	399	826	55	2	-1	
3	1	162	1	0	0	399	826	55	2	-1	
4	1	162	1	1	0	399	826	55	2	-1	
5	1	162	1	1	1	399	826	55	2	95.000000	 
2	1	163	0	0	0	445	599	2	239	-1	
3	1	163	1	0	0	445	599	2	239	-1	
4	1	163	1	1	0	445	599	2	239	-1	
5	1	163	1	1	1	445	599	2	239	95.000000	 
2	1	164	0	0	0	617	607	2	236	-1	
3	1	164	1	0	0	617	607	2	236	-1	
4	1	164	1	1	0	617	607	2	236	-1	
5	1	164	1	1	1	617	607	2	236	95.000000	 
2	1	165	0	0	0	608	612	11	231	-1	
3	1	165	1	0	0	608	612	11	231	-1	
4	1	165	1	1	0	608	612	11	231	-1	
5	1	165	1	1	1	608	612	11	231	95.000000	 
2	1	166	0	0	0	612	646	6	197	-1	
3	1	166	1	0	0	612	646	6	197	-1	
4	1	166	1	1	0	612	646	6	197	-1	
5	1	166	1	1	1	612	646	6	197	95.000000	 
2	1	167	0	0	0	1157	817	1	23	-1	
3	1	167	1	0	0	1157	817	1	23	-1	
4	1	167	1	1	0	1157	817	1	23	-1	
5	1	167	1	1	1	1157	817	1	23	95.000000	 
2	1	168	0	0	0	406	831	28	1	-1	
3	1	168	1	0	0	406	831	28	1	-1	
4	1	168	1	1	0	406	831	28	1	-1	
5	1	168	1	1	1	406	831	28	1	95.000000	 
2	1	169	0	0	0	1149	832	24	1	-1	
3	1	169	1	0	0	1149	832	24	1	-1	
4	1	169	1	1	0	1149	832	24	1	-1	
5	1	169	1	1	1	1149	832	24	1	95.000000	 
2	1	170	0	0	0	424	833	19	1	-1	
3	1	170	1	0	0	424	833	19	1	-1	
4	1	170	1	1	0	424	833	19	1	-1	
5	1	170	1	1	1	424	833	19	1	95.000000	 
2	1	171	0	0	0	610	833	83	2	-1	
3	1	171	1	0	0	610	833	83	2	-1	
4	1	171	1	1	0	610	833	83	2	-1	
5	1	171	1	1	1	610	833	83	2	95.000000	 
2	1	172	0	0	0	619	834	74	2	-1	
3	1	172	1	0	0	619	834	74	2	-1	
4	1	172	1	1	0	619	834	74	2	-1	
5	1	172	1	1	1	619	834	74	2	95.000000	 
2	1	173	0	0	0	635	833	58	4	-1	
3	1	173	1	0	0	635	833	58	4	-1	
4	1	173	1	1	0	635	833	58	4	-1	
5	1	173	1	1	1	635	833	58	4	95.000000	 
2	1	174	0	0	0	437	835	22	1	-1	
3	1	174	1	0	0	437	835	22	1	-1	
4	1	174	1	1	0	437	835	22	1	-1	
5	1	174	1	1	1	437	835	22	1	95.000000	 
2	1	175	0	0	0	403	837	58	4	-1	
3	1	175	1	0	0	403	837	58	4	-1	
4	1	175	1	1	0	403	837	58	4	-1	
5	1	175	1	1	1	403	837	58	4	95.000000	 
2	1	176	0	0	0	1140	839	23	1	-1	
3	1	176	1	0	0	1140	839	23	1	-1	
4	1	176	1	1	0	1140	839	23	1	-1	
5	1	176	1	1	1	1140	839	23	1	95.000000	 
2	1	177	0	0	0	605	841	77	2	-1	
3	1	177	1	0	0	605	841	77	2	-1	
4	1	177	1	1	0	605	841	77	2	-1	
5	1	177	1	1	1	605	841	77	2	95.000000	 
2	1	178	0	0	0	617	840	65	4	-1	
3	1	178	1	0	0	617	840	65	4	-1	
4	1	178	1	1	0	617	840	65	4	-1	
5	1	178	1	1	1	617	840	65	4	95.000000	 
2	1	179	0	0	0	1140	841	25	1	-1	
3	1	179	1	0	0	1140	841	25	1	-1	
4	1	179	1	1	0	1140	841	25	1	-1	
5	1	179	1	1	1	1140	841	25	1	95.000000	 
2	1	180	0	0	0	626	614	1	234	-1	
3	1	180	1	0	0	626	614	1	234	-1	
4	1	180	1	1	0	626	614	1	234	-1	
5	1	180	1	1	1	626	614	1	234	95.000000	 
2	1	181	0	0	0	436	614	7	244	-1	
3	1	181	1	0	0	436	614	7	244	-1	
4	1	181	1	1	0	436	614	7	244	-1	
5	1	181	1	1	1	436	614	7	244	95.000000	 
2	1	182	0	0	0	436	614	7	244	-1	
3	1	182	1	0	0	436	614	7	244	-1	
4	1	182	1	1	0	436	614	7	244	-1	
5	1	182	1	1	1	436	614	7	244	95.000000	 
2	1	183	0	0	0	439	641	4	217	-1	
3	1	183	1	0	0	439	641	4	217	-1	
4	1	183	1	1	0	439	641	4	217	-1	
5	1	183	1	1	1	439	641	4	217	95.000000	 
2	1	184	0	0	0	1164	832	1	19	-1	
3	1	184	1	0	0	1164	832	1	19	-1	
4	1	184	1	1	0	1164	832	1	19	-1	
5	1	184	1	1	1	1164	832	1	19	95.000000	 
2	1	185	0	0	0	640	842	51	4	-1	
3	1	185	1	0	0	640	842	51	4	-1	
4	1	185	1	1	0	640	842	51	4	-1	
5	1	185	1	1	1	640	842	51	4	95.000000	 
2	1	186	0	0	0	326	844	90	2	-1	
3	1	186	1	0	0	326	844	90	2	-1	
4	1	186	1	1	0	326	844	90	2	-1	
5	1	186	1	1	1	326	844	90	2	95.000000	 
2	1	187	0	0	0	326	844	92	4	-1	
3	1	187	1	0	0	326	844	92	4	-1	
4	1	187	1	1	0	326	844	92	4	-1	
5	1	187	1	1	1	326	844	92	4	95.000000	 
2	1	188	0	0	0	326	844	108	6	-1	
3	1	188	1	0	0	326	844	108	6	-1	
4	1	188	1	1	0	326	844	108	6	-1	
5	1	188	1	1	1	326	844	108	6	95.000000	 
2	1	189	0	0	0	649	848	19	1	-1	
3	1	189	1	0	0	649	848	19	1	-1	
4	1	189	1	1	0	649	848	19	1	-1	
5	1	189	1	1	1	649	848	19	1	95.000000	 
2	1	190	0	0	0	1138	850	32	1	-1	
3	1	190	1	0	0	1138	850	32	1	-1	
4	1	190	1	1	0	1138	850	32	1	-1	
5	1	190	1	1	1	1138	850	32	1	95.000000	 
2	1	191	0	0	0	324	851	128	3	-1	
3	1	191	1	0	0	324	851	128	3	-1	
4	1	191	1	1	0	324	851	128	3	-1	
5	1	191	1	1	1	324	851	128	3	95.000000	 
2	1	192	0	0	0	622	853	26	1	-1	
3	1	192	1	0	0	622	853	26	1	-1	
4	1	192	1	1	0	622	853	26	1	-1	
5	1	192	1	1	1	622	853	26	1	95.000000	 
2	1	193	0	0	0	644	857	29	1	-1	
3	1	193	1	0	0	644	857	29	1	-1	
4	1	193	1	1	0	644	857	29	1	-1	
5	1	193	1	1	1	644	857	29	1	95.000000	 
2	1	194	0	0	0	663	859	23	1	-1	
3	1	194	1	0	0	663	859	23	1	-1	
4	1	194	1	1	0	663	859	23	1	-1	
5	1	194	1	1	1	663	859	23	1	95.000000	 
2	1	195	0	0	0	342	706	1	157	-1	
3	1	195	1	0	0	342	706	1	157	-1	
4	1	195	1	1	0	342	706	1	157	-1	
5	1	195	1	1	1	342	706	1	157	95.000000	 
2	1	196	0	0	0	333	843	1	25	-1	
3	1	196	1	0	0	333	843	1	25	-1	
4	1	196	1	1	0	333	843	1	25	-1	
5	1	196	1	1	1	333	843	1	25	95.000000	 
2	1	197	0	0	0	364	861	28	1	-1	
3	1	197	1	0	0	364	861	28	1	-1	
4	1	197	1	1	0	364	861	28	1	-1	
5	1	197	1	1	1	364	861	28	1	95.000000	 
2	1	198	0	0	0	404	867	19	1	-1	
3	1	198	1	0	0	404	867	19	1	-1	
4	1	198	1	1	0	404	867	19	1	-1	
5	1	198	1	1	1	404	867	19	1	95.000000	 
2	1	199	0	0	0	413	869	26	1	-1	
3	1	199	1	0	0	413	869	26	1	-1	
4	1	199	1	1	0	413	869	26	1	-1	
5	1	199	1	1	1	413	869	26	1	95.000000	 
2	1	200	0	0	0	394	870	54	4	-1	
3	1	200	1	0	0	394	870	54	4	-1	
4	1	200	1	1	0	394	870	54	4	-1	
5	1	200	1	1	1	394	870	54	4	95.000000	 
2	1	201	0	0	0	399	870	49	4	-1	
3	1	201	1	0	0	399	870	49	4	-1	
4	1	201	1	1	0	399	870	49	4	-1	
5	1	201	1	1	1	399	870	49	4	95.000000	 
2	1	202	0	0	0	1271	860	1	25	-1	
3	1	202	1	0	0	1271	860	1	25	-1	
4	1	202	1	1	0	1271	860	1	25	-1	
5	1	202	1	1	1	1271	860	1	25	95.000000	 
2	1	203	0	0	0	399	876	29	1	-1	
3	1	203	1	0	0	399	876	29	1	-1	
4	1	203	1	1	0	399	876	29	1	-1	
5	1	203	1	1	1	399	876	29	1	95.000000	 
2	1	204	0	0	0	1266	877	18	1	-1	
3	1	204	1	0	0	1266	877	18	1	-1	
4	1	204	1	1	0	1266	877	18	1	-1	
5	1	204	1	1	1	1266	877	18	1	95.000000	 
2	1	205	0	0	0	668	879	17	1	-1	
3	1	205	1	0	0	668	879	17	1	-1	
4	1	205	1	1	0	668	879	17	1	-1	
5	1	205	1	1	1	668	879	17	1	95.000000	 
2	1	206	0	0	0	393	882	62	2	-1	
3	1	206	1	0	0	393	882	62	2	-1	
4	1	206	1	1	0	393	882	62	2	-1	
5	1	206	1	1	1	393	882	62	2	95.000000	 
2	1	207	0	0	0	1262	884	22	1	-1	
3	1	207	1	0	0	1262	884	22	1	-1	
4	1	207	1	1	0	1262	884	22	1	-1	
5	1	207	1	1	1	1262	884	22	1	95.000000	 
2	1	208	0	0	0	414	887	21	1	-1	
3	1	208	1	0	0	414	887	21	1	-1	
4	1	208	1	1	0	414	887	21	1	-1	
5	1	208	1	1	1	414	887	21	1	95.000000	 
2	1	209	0	0	0	1278	871	1	24	-1	
3	1	209	1	0	0	1278	871	1	24	-1	
4	1	209	1	1	0	1278	871	1	24	-1	
5	1	209	1	1	1	1278	871	1	24	95.000000	 
2	1	210	0	0	0	1269	868	1	32	-1	
3	1	210	1	0	0	1269	868	1	32	-1	
4	1	210	1	1	0	1269	868	1	32	-1	
5	1	210	1	1	1	1269	868	1	32	95.000000	 
2	1	211	0	0	0	659	895	25	1	-1	
3	1	211	1	0	0	659	895	25	1	-1	
4	1	211	1	1	0	659	895	25	1	-1	
5	1	211	1	1	1	659	895	25	1	95.000000	 
2	1	212	0	0	0	408	896	32	1	-1	
3	1	212	1	0	0	408	896	32	1	-1	
4	1	212	1	1	0	408	896	32	1	-1	
5	1	212	1	1	1	408	896	32	1	95.000000	 
2	1	213	0	0	0	398	903	28	1	-1	
3	1	213	1	0	0	398	903	28	1	-1	
4	1	213	1	1	0	398	903	28	1	-1	
5	1	213	1	1	1	398	903	28	1	95.000000	 
2	1	214	0	0	0	664	904	25	1	-1	
3	1	214	1	0	0	664	904	25	1	-1	
4	1	214	1	1	0	664	904	25	1	-1	
5	1	214	1	1	1	664	904	25	1	95.000000	 
2	1	215	0	0	0	398	903	33	3	-1	
3	1	215	1	0	0	398	903	33	3	-1	
4	1	215	1	1	0	398	903	33	3	-1	
5	1	215	1	1	1	398	903	33	3	95.000000	 
2	1	216	0	0	0	425	907	19	1	-1	
3	1	216	1	0	0	425	907	19	1	-1	
4	1	216	1	1	0	425	907	19	1	-1	
5	1	216	1	1	1	425	907	19	1	95.000000	 
2	1	217	0	0	0	405	912	23	1	-1	
3	1	217	1	0	0	405	912	23	1	-1	
4	1	217	1	1	0	405	912	23	1	-1	
5	1	217	1	1	1	405	912	23	1	95.000000	 
2	1	218	0	0	0	368	916	67	2	-1	
3	1	218	1	0	0	368	916	67	2	-1	
4	1	218	1	1	0	368	916	67	2	-1	
5	1	218	1	1	1	368	916	67	2	95.000000	 
2	1	219	0	0	0	636	918	22	1	-1	
3	1	219	1	0	0	636	918	22	1	-1	
4	1	219	1	1	0	636	918	22	1	-1	
5	1	219	1	1	1	636	918	22	1	95.000000	 
2	1	220	0	0	0	450	902	1	26	-1	
3	1	220	1	0	0	450	902	1	26	-1	
4	1	220	1	1	0	450	902	1	26	-1	
5	1	220	1	1	1	450	902	1	26	95.000000	 
2	1	221	0	0	0	382	924	58	4	-1	
3	1	221	1	0	0	382	924	58	4	-1	
4	1	221	1	1	0	382	924	58	4	-1	
5	1	221	1	1	1	382	924	58	4	95.000000	 
2	1	222	0	0	0	384	922	56	8	-1	
3	1	222	1	0	0	384	922	56	8	-1	
4	1	222	1	1	0	384	922	56	8	-1	
5	1	222	1	1	1	384	922	56	8	95.000000	 
2	1	223	0	0	0	621	925	26	1	-1	
3	1	223	1	0	0	621	925	26	1	-1	
4	1	223	1	1	0	621	925	26	1	-1	
5	1	223	1	1	1	621	925	26	1	95.000000	 
2	1	224	0	0	0	634	927	22	1	-1	
3	1	224	1	0	0	634	927	22	1	-1	
4	1	224	1	1	0	634	927	22	1	-1	
5	1	224	1	1	1	634	927	22	1	95.000000	 
2	1	225	0	0	0	384	927	68	4	-1	
3	1	225	1	0	0	384	927	68	4	-1	
4	1	225	1	1	0	384	927	68	4	-1	
5	1	225	1	1	1	384	927	68	4	95.000000	 
2	1	226	0	0	0	650	929	22	1	-1	
3	1	226	1	0	0	650	929	22	1	-1	
4	1	226	1	1	0	650	929	22	1	-1	
5	1	226	1	1	1	650	929	22	1	95.000000	 
2	1	227	0	0	0	424	934	25	1	-1	
3	1	227	1	0	0	424	934	25	1	-1	
4	1	227	1	1	0	424	934	25	1	-1	
5	1	227	1	1	1	424	934	25	1	95.000000	 
2	1	228	0	0	0	623	934	26	1	-1	
3	1	228	1	0	0	623	934	26	1	-1	
4	1	228	1	1	0	623	934	26	1	-1	
5	1	228	1	1	1	623	934	26	1	95.000000	 
2	1	229	0	0	0	1242	921	1	25	-1	
3	1	229	1	0	0	1242	921	1	25	-1	
4	1	229	1	1	0	1242	921	1	25	-1	
5	1	229	1	1	1	1242	921	1	25	95.000000	 
2	1	230	0	0	0	648	938	18	1	-1	
3	1	230	1	0	0	648	938	18	1	-1	
4	1	230	1	1	0	648	938	18	1	-1	
5	1	230	1	1	1	648	938	18	1	95.000000	 
2	1	231	0	0	0	1233	938	21	1	-1	
3	1	231	1	0	0	1233	938	21	1	-1	
4	1	231	1	1	0	1233	938	21	1	-1	
5	1	231	1	1	1	1233	938	21	1	95.000000	 
2	1	232	0	0	0	1240	929	1	19	-1	
3	1	232	1	0	0	1240	929	1	19	-1	
4	1	232	1	1	0	1240	929	1	19	-1	
5	1	232	1	1	1	1240	929	1	19	95.000000	 
2	1	233	0	0	0	366	944	36	1	-1	
3	1	233	1	0	0	366	944	36	1	-1	
4	1	233	1	1	0	366	944	36	1	-1	
5	1	233	1	1	1	366	944	36	1	95.000000	 
2	1	234	0	0	0	385	944	17	3	-1	
3	1	234	1	0	0	385	944	17	3	-1	
4	1	234	1	1	0	385	944	17	3	-1	
5	1	234	1	1	1	385	944	17	3	95.000000	 
2	1	235	0	0	0	1229	945	18	1	-1	
3	1	235	1	0	0	1229	945	18	1	-1	
4	1	235	1	1	0	1229	945	18	1	-1	
5	1	235	1	1	1	1229	945	18	1	95.000000	 
2	1	236	0	0	0	385	946	25	1	-1	
3	1	236	1	0	0	385	946	25	1	-1	
4	1	236	1	1	0	385	946	25	1	-1	
5	1	236	1	1	1	385	946	25	1	95.000000	 
2	1	237	0	0	0	646	946	81	2	-1	
3	1	237	1	0	0	646	946	81	2	-1	
4	1	237	1	1	0	646	946	81	2	-1	
5	1	237	1	1	1	646	946	81	2	95.000000	 
2	1	238	0	0	0	616	607	12	344	-1	
3	1	238	1	0	0	616	607	12	344	-1	
4	1	238	1	1	0	616	607	12	344	-1	
5	1	238	1	1	1	616	607	12	344	95.000000	 
2	1	239	0	0	0	625	614	1	337	-1	
3	1	239	1	0	0	625	614	1	337	-1	
4	1	239	1	1	0	625	614	1	337	-1	
5	1	239	1	1	1	625	614	1	337	95.000000	 
2	1	240	0	0	0	635	617	3	347	-1	
3	1	240	1	0	0	635	617	3	347	-1	
4	1	240	1	1	0	635	617	3	347	-1	
5	1	240	1	1	1	635	617	3	347	95.000000	 
2	1	241	0	0	0	619	945	108	6	-1	
3	1	241	1	0	0	619	945	108	6	-1	
4	1	241	1	1	0	619	945	108	6	-1	
5	1	241	1	1	1	619	945	108	6	95.000000	 
2	1	242	0	0	0	629	951	68	4	-1	
3	1	242	1	0	0	629	951	68	4	-1	
4	1	242	1	1	0	629	951	68	4	-1	
5	1	242	1	1	1	629	951	68	4	95.000000	 
2	1	243	0	0	0	629	954	96	2	-1	
3	1	243	1	0	0	629	954	96	2	-1	
4	1	243	1	1	0	629	954	96	2	-1	
5	1	243	1	1	1	629	954	96	2	95.000000	 
2	1	244	0	0	0	382	957	28	1	-1	
3	1	244	1	0	0	382	957	28	1	-1	
4	1	244	1	1	0	382	957	28	1	-1	
5	1	244	1	1	1	382	957	28	1	95.000000	 
2	1	245	0	0	0	601	962	113	3	-1	
3	1	245	1	0	0	601	962	113	3	-1	
4	1	245	1	1	0	601	962	113	3	-1	
5	1	245	1	1	1	601	962	113	3	95.000000	 
2	1	246	0	0	0	601	966	83	2	-1	
3	1	246	1	0	0	601	966	83	2	-1	
4	1	246	1	1	0	601	966	83	2	-1	
5	1	246	1	1	1	601	966	83	2	95.000000	 
2	1	247	0	0	0	601	959	1	17	-1	
3	1	247	1	0	0	601	959	1	17	-1	
4	1	247	1	1	0	601	959	1	17	-1	
5	1	247	1	1	1	601	959	1	17	95.000000	 
2	1	248	0	0	0	408	970	37	1	-1	
3	1	248	1	0	0	408	970	37	1	-1	
4	1	248	1	1	0	408	970	37	1	-1	
5	1	248	1	1	1	408	970	37	1	95.000000	 
2	1	249	0	0	0	687	971	22	1	-1	
3	1	249	1	0	0	687	971	22	1	-1	
4	1	249	1	1	0	687	971	22	1	-1	
5	1	249	1	1	1	687	971	22	1	95.000000	 
2	1	250	0	0	0	601	975	16	1	-1	
3	1	250	1	0	0	601	975	16	1	-1	
4	1	250	1	1	0	601	975	16	1	-1	
5	1	250	1	1	1	601	975	16	1	95.000000	 
2	1	251	0	0	0	401	977	22	1	-1	
3	1	251	1	0	0	401	977	22	1	-1	
4	1	251	1	1	0	401	977	22	1	-1	
5	1	251	1	1	1	401	977	22	1	95.000000	 
2	1	252	0	0	0	410	979	26	1	-1	
3	1	252	1	0	0	410	979	26	1	-1	
4	1	252	1	1	0	410	979	26	1	-1	
5	1	252	1	1	1	410	979	26	1	95.000000	 
2	1	253	0	0	0	424	586	7	403	-1	
3	1	253	1	0	0	424	586	7	403	-1	
4	1	253	1	1	0	424	586	7	403	-1	
5	1	253	1	1	1	424	586	7	403	95.000000	 
2	1	254	0	0	0	649	982	63	2	-1	
3	1	254	1	0	0	649	982	63	2	-1	
4	1	254	1	1	0	649	982	63	2	-1	
5	1	254	1	1	1	649	982	63	2	95.000000	 
2	1	255	0	0	0	387	984	21	1	-1	
3	1	255	1	0	0	387	984	21	1	-1	
4	1	255	1	1	0	387	984	21	1	-1	
5	1	255	1	1	1	387	984	21	1	95.000000	 
2	1	256	0	0	0	1151	987	18	1	-1	
3	1	256	1	0	0	1151	987	18	1	-1	
4	1	256	1	1	0	1151	987	18	1	-1	
5	1	256	1	1	1	1151	987	18	1	95.000000	 
2	1	257	0	0	0	364	988	73	2	-1	
3	1	257	1	0	0	364	988	73	2	-1	
4	1	257	1	1	0	364	988	73	2	-1	
5	1	257	1	1	1	364	988	73	2	95.000000	 
2	1	258	0	0	0	375	987	62	4	-1	
3	1	258	1	0	0	375	987	62	4	-1	
4	1	258	1	1	0	375	987	62	4	-1	
5	1	258	1	1	1	375	987	62	4	95.000000	 
2	1	259	0	0	0	688	991	29	1	-1	
3	1	259	1	0	0	688	991	29	1	-1	
4	1	259	1	1	0	688	991	29	1	-1	
5	1	259	1	1	1	688	991	29	1	95.000000	 
2	1	260	0	0	0	711	894	2	116	-1	
3	1	260	1	0	0	711	894	2	116	-1	
4	1	260	1	1	0	711	894	2	116	-1	
5	1	260	1	1	1	711	894	2	116	95.000000	 
2	1	261	0	0	0	376	972	1	32	-1	
3	1	261	1	0	0	376	972	1	32	-1	
4	1	261	1	1	0	376	972	1	32	-1	
5	1	261	1	1	1	376	972	1	32	95.000000	 
2	1	262	0	0	0	1149	996	17	1	-1	
3	1	262	1	0	0	1149	996	17	1	-1	
4	1	262	1	1	0	1149	996	17	1	-1	
5	1	262	1	1	1	1149	996	17	1	95.000000	 
2	1	263	0	0	0	364	997	75	2	-1	
3	1	263	1	0	0	364	997	75	2	-1	
4	1	263	1	1	0	364	997	75	2	-1	
5	1	263	1	1	1	364	997	75	2	95.000000	 
2	1	264	0	0	0	670	998	30	1	-1	
3	1	264	1	0	0	670	998	30	1	-1	
4	1	264	1	1	0	670	998	30	1	-1	
5	1	264	1	1	1	670	998	30	1	95.000000	 
2	1	265	0	0	0	401	1004	19	1	-1	
3	1	265	1	0	0	401	1004	19	1	-1	
4	1	265	1	1	0	401	1004	19	1	-1	
5	1	265	1	1	1	401	1004	19	1	95.000000	 
2	1	266	0	0	0	663	1005	29	1	-1	
3	1	266	1	0	0	663	1005	29	1	-1	
4	1	266	1	1	0	663	1005	29	1	-1	
5	1	266	1	1	1	663	1005	29	1	95.000000	 
2	1	267	0	0	0	377	1009	21	1	-1	
3	1	267	1	0	0	377	1009	21	1	-1	
4	1	267	1	1	0	377	1009	21	1	-1	
5	1	267	1	1	1	377	1009	21	1	95.000000	 
2	1	268	0	0	0	710	657	3	365	-1	
3	1	268	1	0	0	710	657	3	365	-1	
4	1	268	1	1	0	710	657	3	365	-1	
5	1	268	1	1	1	710	657	3	365	95.000000	 
2	1	269	0	0	0	712	894	8	127	-1	
3	1	269	1	0	0	712	894	8	127	-1	
4	1	269	1	1	0	712	894	8	127	-1	
5	1	269	1	1	1	712	894	8	127	95.000000	 
2	1	270	0	0	0	649	1011	70	2	-1	
3	1	270	1	0	0	649	1011	70	2	-1	
4	1	270	1	1	0	649	1011	70	2	-1	
5	1	270	1	1	1	649	1011	70	2	95.000000	 
2	1	271	0	0	0	677	1016	19	1	-1	
3	1	271	1	0	0	677	1016	19	1	-1	
4	1	271	1	1	0	677	1016	19	1	-1	
5	1	271	1	1	1	677	1016	19	1	95.000000	 
2	1	272	0	0	0	364	1017	41	3	-1	
3	1	272	1	0	0	364	1017	41	3	-1	
4	1	272	1	1	0	364	1017	41	3	-1	
5	1	272	1	1	1	364	1017	41	3	95.000000	 
2	1	273	0	0	0	365	1020	40	1	-1	
3	1	273	1	0	0	365	1020	40	1	-1	
4	1	273	1	1	0	365	1020	40	1	-1	
5	1	273	1	1	1	365	1020	40	1	95.000000	 
2	1	274	0	0	0	381	1020	24	3	-1	
3	1	274	1	0	0	381	1020	24	3	-1	
4	1	274	1	1	0	381	1020	24	3	-1	
5	1	274	1	1	1	381	1020	24	3	95.000000	 
2	1	275	0	0	0	659	1023	26	1	-1	
3	1	275	1	0	0	659	1023	26	1	-1	
4	1	275	1	1	0	659	1023	26	1	-1	
5	1	275	1	1	1	659	1023	26	1	95.000000	 
2	1	276	0	0	0	1147	1023	18	1	-1	
3	1	276	1	0	0	1147	1023	18	1	-1	
4	1	276	1	1	0	1147	1023	18	1	-1	
5	1	276	1	1	1	1147	1023	18	1	95.000000	 
2	1	277	0	0	0	714	894	6	140	-1	
3	1	277	1	0	0	714	894	6	140	-1	
4	1	277	1	1	0	714	894	6	140	-1	
5	1	277	1	1	1	714	894	6	140	95.000000	 
2	1	278	0	0	0	368	1020	53	7	-1	
3	1	278	1	0	0	368	1020	53	7	-1	
4	1	278	1	1	0	368	1020	53	7	-1	
5	1	278	1	1	1	368	1020	53	7	95.000000	 
2	1	279	0	0	0	368	1023	65	4	-1	
3	1	279	1	0	0	368	1023	65	4	-1	
4	1	279	1	1	0	368	1023	65	4	-1	
5	1	279	1	1	1	368	1023	65	4	95.000000	 
2	1	280	0	0	0	668	1025	29	1	-1	
3	1	280	1	0	0	668	1025	29	1	-1	
4	1	280	1	1	0	668	1025	29	1	-1	
5	1	280	1	1	1	668	1025	29	1	95.000000	 
2	1	281	0	0	0	1162	1016	1	22	-1	
3	1	281	1	0	0	1162	1016	1	22	-1	
4	1	281	1	1	0	1162	1016	1	22	-1	
5	1	281	1	1	1	1162	1016	1	22	95.000000	 
2	1	282	0	0	0	368	1025	83	5	-1	
3	1	282	1	0	0	368	1025	83	5	-1	
4	1	282	1	1	0	368	1025	83	5	-1	
5	1	282	1	1	1	368	1025	83	5	95.000000	 
2	1	283	0	0	0	368	1028	60	5	-1	
3	1	283	1	0	0	368	1028	60	5	-1	
4	1	283	1	1	0	368	1028	60	5	-1	
5	1	283	1	1	1	368	1028	60	5	95.000000	 
2	1	284	0	0	0	1145	1032	18	1	-1	
3	1	284	1	0	0	1145	1032	18	1	-1	
4	1	284	1	1	0	1145	1032	18	1	-1	
5	1	284	1	1	1	1145	1032	18	1	95.000000	 
2	1	285	0	0	0	392	1033	48	3	-1	
3	1	285	1	0	0	392	1033	48	3	-1	
4	1	285	1	1	0	392	1033	48	3	-1	
5	1	285	1	1	1	392	1033	48	3	95.000000	 
2	1	286	0	0	0	670	1034	22	1	-1	
3	1	286	1	0	0	670	1034	22	1	-1	
4	1	286	1	1	0	670	1034	22	1	-1	
5	1	286	1	1	1	670	1034	22	1	95.000000	 
2	1	287	0	0	0	1154	830	3	214	-1	
3	1	287	1	0	0	1154	830	3	214	-1	
4	1	287	1	1	0	1154	830	3	214	-1	
5	1	287	1	1	1	1154	830	3	214	95.000000	 
2	1	288	0	0	0	1156	830	3	214	-1	
3	1	288	1	0	0	1156	830	3	214	-1	
4	1	288	1	1	0	1156	830	3	214	-1	
5	1	288	1	1	1	1156	830	3	214	95.000000	 
2	1	289	0	0	0	601	1038	68	4	-1	
3	1	289	1	0	0	601	1038	68	4	-1	
4	1	289	1	1	0	601	1038	68	4	-1	
5	1	289	1	1	1	601	1038	68	4	95.000000	 
2	1	290	0	0	0	389	1040	21	1	-1	
3	1	290	1	0	0	389	1040	21	1	-1	
4	1	290	1	1	0	389	1040	21	1	-1	
5	1	290	1	1	1	389	1040	21	1	95.000000	 
2	1	291	0	0	0	397	1039	13	3	-1	
3	1	291	1	0	0	397	1039	13	3	-1	
4	1	291	1	1	0	397	1039	13	3	-1	
5	1	291	1	1	1	397	1039	13	3	95.000000	 
2	1	292	0	0	0	397	1042	29	1	-1	
3	1	292	1	0	0	397	1042	29	1	-1	
4	1	292	1	1	0	397	1042	29	1	-1	
5	1	292	1	1	1	397	1042	29	1	95.000000	 
2	1	293	0	0	0	363	1047	21	1	-1	
3	1	293	1	0	0	363	1047	21	1	-1	
4	1	293	1	1	0	363	1047	21	1	-1	
5	1	293	1	1	1	363	1047	21	1	95.000000	 
2	1	294	0	0	0	638	1048	22	1	-1	
3	1	294	1	0	0	638	1048	22	1	-1	
4	1	294	1	1	0	638	1048	22	1	-1	
5	1	294	1	1	1	638	1048	22	1	95.000000	 
2	1	295	0	0	0	388	1051	29	1	-1	
3	1	295	1	0	0	388	1051	29	1	-1	
4	1	295	1	1	0	388	1051	29	1	-1	
5	1	295	1	1	1	388	1051	29	1	95.000000	 
2	1	296	0	0	0	607	1050	69	4	-1	
3	1	296	1	0	0	607	1050	69	4	-1	
4	1	296	1	1	0	607	1050	69	4	-1	
5	1	296	1	1	1	607	1050	69	4	95.000000	 
2	1	297	0	0	0	607	1052	81	2	-1	
3	1	297	1	0	0	607	1052	81	2	-1	
4	1	297	1	1	0	607	1052	81	2	-1	
5	1	297	1	1	1	607	1052	81	2	95.000000	 
2	1	298	0	0	0	423	586	23	475	-1	
3	1	298	1	0	0	423	586	23	475	-1	
4	1	298	1	1	0	423	586	23	475	-1	
5	1	298	1	1	1	423	586	23	475	95.000000	 
2	1	299	0	0	0	436	614	8	447	-1	
3	1	299	1	0	0	436	614	8	447	-1	
4	1	299	1	1	0	436	614	8	447	-1	
5	1	299	1	1	1	436	614	8	447	95.000000	 
2	1	300	0	0	0	437	614	5	447	-1	
3	1	300	1	0	0	437	614	5	447	-1	
4	1	300	1	1	0	437	614	5	447	-1	
5	1	300	1	1	1	437	614	5	447	95.000000	 
2	1	301	0	0	0	438	614	4	447	-1	
3	1	301	1	0	0	438	614	4	447	-1	
4	1	301	1	1	0	438	614	4	447	-1	
5	1	301	1	1	1	438	614	4	447	95.000000	 
2	1	302	0	0	0	664	642	21	427	-1	
3	1	302	1	0	0	664	642	21	427	-1	
4	1	302	1	1	0	664	642	21	427	-1	
5	1	302	1	1	1	664	642	21	427	95.000000	 
2	1	303	0	0	0	664	642	21	427	-1	
3	1	303	1	0	0	664	642	21	427	-1	
4	1	303	1	1	0	664	642	21	427	-1	
5	1	303	1	1	1	664	642	21	427	95.000000	 
2	1	304	0	0	0	664	642	21	427	-1	
3	1	304	1	0	0	664	642	21	427	-1	
4	1	304	1	1	0	664	642	21	427	-1	
5	1	304	1	1	1	664	642	21	427	95.000000	 
2	1	305	0	0	0	665	642	21	427	-1	
3	1	305	1	0	0	665	642	21	427	-1	
4	1	305	1	1	0	665	642	21	427	-1	
5	1	305	1	1	1	665	642	21	427	95.000000	 
2	1	306	0	0	0	678	785	3	284	-1	
3	1	306	1	0	0	678	785	3	284	-1	
4	1	306	1	1	0	678	785	3	284	-1	
5	1	306	1	1	1	678	785	3	284	95.000000	 
2	1	307	0	0	0	608	842	4	219	-1	
3	1	307	1	0	0	608	842	4	219	-1	
4	1	307	1	1	0	608	842	4	219	-1	
5	1	307	1	1	1	608	842	4	219	95.000000	 
2	1	308	0	0	0	617	987	2	78	-1	
3	1	308	1	0	0	617	987	2	78	-1	
4	1	308	1	1	0	617	987	2	78	-1	
5	1	308	1	1	1	617	987	2	78	95.000000	 
2	1	309	0	0	0	362	1055	80	2	-1	
3	1	309	1	0	0	362	1055	80	2	-1	
4	1	309	1	1	0	362	1055	80	2	-1	
5	1	309	1	1	1	362	1055	80	2	95.000000	 
2	1	310	0	0	0	1136	1057	23	1	-1	
3	1	310	1	0	0	1136	1057	23	1	-1	
4	1	310	1	1	0	1136	1057	23	1	-1	
5	1	310	1	1	1	1136	1057	23	1	95.000000	 
2	1	311	0	0	0	648	1059	33	1	-1	
3	1	311	1	0	0	648	1059	33	1	-1	
4	1	311	1	1	0	648	1059	33	1	-1	
5	1	311	1	1	1	648	1059	33	1	95.000000	 
2	1	312	0	0	0	1142	1059	26	1	-1	
3	1	312	1	0	0	1142	1059	26	1	-1	
4	1	312	1	1	0	1142	1059	26	1	-1	
5	1	312	1	1	1	1142	1059	26	1	95.000000	 
2	1	313	0	0	0	387	1060	32	1	-1	
3	1	313	1	0	0	387	1060	32	1	-1	
4	1	313	1	1	0	387	1060	32	1	-1	
5	1	313	1	1	1	387	1060	32	1	95.000000	 
2	1	314	0	0	0	395	1059	24	3	-1	
3	1	314	1	0	0	395	1059	24	3	-1	
4	1	314	1	1	0	395	1059	24	3	-1	
5	1	314	1	1	1	395	1059	24	3	95.000000	 
2	1	315	0	0	0	664	1061	22	1	-1	
3	1	315	1	0	0	664	1061	22	1	-1	
4	1	315	1	1	0	664	1061	22	1	-1	
5	1	315	1	1	1	664	1061	22	1	95.000000	 
2	1	316	0	0	0	395	1062	29	1	-1	
3	1	316	1	0	0	395	1062	29	1	-1	
4	1	316	1	1	0	395	1062	29	1	-1	
5	1	316	1	1	1	395	1062	29	1	95.000000	 
2	1	317	0	0	0	368	1067	26	1	-1	
3	1	317	1	0	0	368	1067	26	1	-1	
4	1	317	1	1	0	368	1067	26	1	-1	
5	1	317	1	1	1	368	1067	26	1	95.000000	 
2	1	318	0	0	0	646	1068	19	1	-1	
3	1	318	1	0	0	646	1068	19	1	-1	
4	1	318	1	1	0	646	1068	19	1	-1	
5	1	318	1	1	1	646	1068	19	1	95.000000	 
2	1	319	0	0	0	421	586	22	499	-1	
3	1	319	1	0	0	421	586	22	499	-1	
4	1	319	1	1	0	421	586	22	499	-1	
5	1	319	1	1	1	421	586	22	499	95.000000	 
2	1	320	0	0	0	393	1071	29	1	-1	
3	1	320	1	0	0	393	1071	29	1	-1	
4	1	320	1	1	0	393	1071	29	1	-1	
5	1	320	1	1	1	393	1071	29	1	95.000000	 
2	1	321	0	0	0	680	1074	22	1	-1	
3	1	321	1	0	0	680	1074	22	1	-1	
4	1	321	1	1	0	680	1074	22	1	-1	
5	1	321	1	1	1	680	1074	22	1	95.000000	 
2	1	322	0	0	0	363	1075	45	3	-1	
3	1	322	1	0	0	363	1075	45	3	-1	
4	1	322	1	1	0	363	1075	45	3	-1	
5	1	322	1	1	1	363	1075	45	3	95.000000	 
2	1	323	0	0	0	391	1078	17	1	-1	
3	1	323	1	0	0	391	1078	17	1	-1	
4	1	323	1	1	0	391	1078	17	1	-1	
5	1	323	1	1	1	391	1078	17	1	95.000000	 
2	1	324	0	0	0	391	1080	22	1	-1	
3	1	324	1	0	0	391	1080	22	1	-1	
4	1	324	1	1	0	391	1080	22	1	-1	
5	1	324	1	1	1	391	1080	22	1	95.000000	 
2	1	325	0	0	0	391	1080	42	3	-1	
3	1	325	1	0	0	391	1080	42	3	-1	
4	1	325	1	1	0	391	1080	42	3	-1	
5	1	325	1	1	1	391	1080	42	3	95.000000	 
2	1	326	0	0	0	669	1081	19	1	-1	
3	1	326	1	0	0	669	1081	19	1	-1	
4	1	326	1	1	0	669	1081	19	1	-1	
5	1	326	1	1	1	669	1081	19	1	95.000000	 
2	1	327	0	0	0	361	1081	72	4	-1	
3	1	327	1	0	0	361	1081	72	4	-1	
4	1	327	1	1	0	361	1081	72	4	-1	
5	1	327	1	1	1	361	1081	72	4	95.000000	 
2	1	328	0	0	0	681	785	8	306	-1	
3	1	328	1	0	0	681	785	8	306	-1	
4	1	328	1	1	0	681	785	8	306	-1	
5	1	328	1	1	1	681	785	8	306	95.000000	 
2	1	329	0	0	0	380	1084	62	4	-1	
3	1	329	1	0	0	380	1084	62	4	-1	
4	1	329	1	1	0	380	1084	62	4	-1	
5	1	329	1	1	1	380	1084	62	4	95.000000	 
2	1	330	0	0	0	645	1086	20	1	-1	
3	1	330	1	0	0	645	1086	20	1	-1	
4	1	330	1	1	0	645	1086	20	1	-1	
5	1	330	1	1	1	645	1086	20	1	95.000000	 
2	1	331	0	0	0	648	1088	29	1	-1	
3	1	331	1	0	0	648	1088	29	1	-1	
4	1	331	1	1	0	648	1088	29	1	-1	
5	1	331	1	1	1	648	1088	29	1	95.000000	 
2	1	332	0	0	0	657	1090	22	1	-1	
3	1	332	1	0	0	657	1090	22	1	-1	
4	1	332	1	1	0	657	1090	22	1	-1	
5	1	332	1	1	1	657	1090	22	1	95.000000	 
2	1	333	0	0	0	380	1098	25	1	-1	
3	1	333	1	0	0	380	1098	25	1	-1	
4	1	333	1	1	0	380	1098	25	1	-1	
5	1	333	1	1	1	380	1098	25	1	95.000000	 
2	1	334	0	0	0	658	1099	19	1	-1	
3	1	334	1	0	0	658	1099	19	1	-1	
4	1	334	1	1	0	658	1099	19	1	-1	
5	1	334	1	1	1	658	1099	19	1	95.000000	 
2	1	335	0	0	0	1086	921	3	188	-1	
3	1	335	1	0	0	1086	921	3	188	-1	
4	1	335	1	1	0	1086	921	3	188	-1	
5	1	335	1	1	1	1086	921	3	188	95.000000	 
2	1	336	0	0	0	628	1100	65	4	-1	
3	1	336	1	0	0	628	1100	65	4	-1	
4	1	336	1	1	0	628	1100	65	4	-1	
5	1	336	1	1	1	628	1100	65	4	95.000000	 
2	1	337	0	0	0	637	1106	18	1	-1	
3	1	337	1	0	0	637	1106	18	1	-1	
4	1	337	1	1	0	637	1106	18	1	-1	
5	1	337	1	1	1	637	1106	18	1	95.000000	 
2	1	338	0	0	0	378	1107	37	1	-1	
3	1	338	1	0	0	378	1107	37	1	-1	
4	1	338	1	1	0	378	1107	37	1	-1	
5	1	338	1	1	1	378	1107	37	1	95.000000	 
2	1	339	0	0	0	641	615	14	501	-1	
3	1	339	1	0	0	641	615	14	501	-1	
4	1	339	1	1	0	641	615	14	501	-1	
5	1	339	1	1	1	641	615	14	501	95.000000	 
2	1	340	0	0	0	651	619	4	497	-1	
3	1	340	1	0	0	651	619	4	497	-1	
4	1	340	1	1	0	651	619	4	497	-1	
5	1	340	1	1	1	651	619	4	497	95.000000	 
2	1	341	0	0	0	635	1115	22	1	-1	
3	1	341	1	0	0	635	1115	22	1	-1	
4	1	341	1	1	0	635	1115	22	1	-1	
5	1	341	1	1	1	635	1115	22	1	95.000000	 
2	1	342	0	0	0	369	1123	26	1	-1	
3	1	342	1	0	0	369	1123	26	1	-1	
4	1	342	1	1	0	369	1123	26	1	-1	
5	1	342	1	1	1	369	1123	26	1	95.000000	 
2	1	343	0	0	0	396	613	12	532	-1	
3	1	343	1	0	0	396	613	12	532	-1	
4	1	343	1	1	0	396	613	12	532	-1	
5	1	343	1	1	1	396	613	12	532	95.000000	 
2	1	344	0	0	0	368	1132	18	1	-1	
3	1	344	1	0	0	368	1132	18	1	-1	
4	1	344	1	1	0	368	1132	18	1	-1	
5	1	344	1	1	1	368	1132	18	1	95.000000	 
2	1	345	0	0	0	362	1134	52	5	-1	
3	1	345	1	0	0	362	1134	52	5	-1	
4	1	345	1	1	0	362	1134	52	5	-1	
5	1	345	1	1	1	362	1134	52	5	95.000000	 
2	1	346	0	0	0	362	1139	61	2	-1	
3	1	346	1	0	0	362	1139	61	2	-1	
4	1	346	1	1	0	362	1139	61	2	-1	
5	1	346	1	1	1	362	1139	61	2	95.000000	 
2	1	347	0	0	0	656	587	2	560	-1	
3	1	347	1	0	0	656	587	2	560	-1	
4	1	347	1	1	0	656	587	2	560	-1	
5	1	347	1	1	1	656	587	2	560	95.000000	 
2	1	348	0	0	0	718	1147	22	1	-1	
3	1	348	1	0	0	718	1147	22	1	-1	
4	1	348	1	1	0	718	1147	22	1	-1	
5	1	348	1	1	1	718	1147	22	1	95.000000	 
2	1	349	0	0	0	411	1149	26	1	-1	
3	1	349	1	0	0	411	1149	26	1	-1	
4	1	349	1	1	0	411	1149	26	1	-1	
5	1	349	1	1	1	411	1149	26	1	95.000000	 
2	1	350	0	0	0	1133	1151	29	1	-1	
3	1	350	1	0	0	1133	1151	29	1	-1	
4	1	350	1	1	0	1133	1151	29	1	-1	
5	1	350	1	1	1	1133	1151	29	1	95.000000	 
2	1	351	0	0	0	707	1154	22	1	-1	
3	1	351	1	0	0	707	1154	22	1	-1	
4	1	351	1	1	0	707	1154	22	1	-1	
5	1	351	1	1	1	707	1154	22	1	95.000000	 
2	1	352	0	0	0	716	1156	22	1	-1	
3	1	352	1	0	0	716	1156	22	1	-1	
4	1	352	1	1	0	716	1156	22	1	-1	
5	1	352	1	1	1	716	1156	22	1	95.000000	 
2	1	353	0	0	0	1225	1156	20	1	-1	
3	1	353	1	0	0	1225	1156	20	1	-1	
4	1	353	1	1	0	1225	1156	20	1	-1	
5	1	353	1	1	1	1225	1156	20	1	95.000000	 
2	1	354	0	0	0	728	1158	26	1	-1	
3	1	354	1	0	0	728	1158	26	1	-1	
4	1	354	1	1	0	728	1158	26	1	-1	
5	1	354	1	1	1	728	1158	26	1	95.000000	 
2	1	355	0	0	0	1234	1158	18	1	-1	
3	1	355	1	0	0	1234	1158	18	1	-1	
4	1	355	1	1	0	1234	1158	18	1	-1	
5	1	355	1	1	1	1234	1158	18	1	95.000000	 
2	1	356	0	0	0	732	1142	1	19	-1	
3	1	356	1	0	0	732	1142	1	19	-1	
4	1	356	1	1	0	732	1142	1	19	-1	
5	1	356	1	1	1	732	1142	1	19	95.000000	 
2	1	357	0	0	0	739	1142	1	19	-1	
3	1	357	1	0	0	739	1142	1	19	-1	
4	1	357	1	1	0	739	1142	1	19	-1	
5	1	357	1	1	1	739	1142	1	19	95.000000	 
2	1	358	0	0	0	629	1144	1	18	-1	
3	1	358	1	0	0	629	1144	1	18	-1	
4	1	358	1	1	0	629	1144	1	18	-1	
5	1	358	1	1	1	629	1144	1	18	95.000000	 
2	1	359	0	0	0	1243	1145	1	21	-1	
3	1	359	1	0	0	1243	1145	1	21	-1	
4	1	359	1	1	0	1243	1145	1	21	-1	
5	1	359	1	1	1	1243	1145	1	21	95.000000	 
2	1	360	0	0	0	363	1158	68	4	-1	
3	1	360	1	0	0	363	1158	68	4	-1	
4	1	360	1	1	0	363	1158	68	4	-1	
5	1	360	1	1	1	363	1158	68	4	95.000000	 
2	1	361	0	0	0	1234	1149	1	22	-1	
3	1	361	1	0	0	1234	1149	1	22	-1	
4	1	361	1	1	0	1234	1149	1	22	-1	
5	1	361	1	1	1	1234	1149	1	22	95.000000	 
2	1	362	0	0	0	659	1162	72	4	-1	
3	1	362	1	0	0	659	1162	72	4	-1	
4	1	362	1	1	0	659	1162	72	4	-1	
5	1	362	1	1	1	659	1162	72	4	95.000000	 
2	1	363	0	0	0	659	1165	74	2	-1	
3	1	363	1	0	0	659	1165	74	2	-1	
4	1	363	1	1	0	659	1165	74	2	-1	
5	1	363	1	1	1	659	1165	74	2	95.000000	 
2	1	364	0	0	0	659	1166	86	2	-1	
3	1	364	1	0	0	659	1166	86	2	-1	
4	1	364	1	1	0	659	1166	86	2	-1	
5	1	364	1	1	1	659	1166	86	2	95.000000	 
2	1	365	0	0	0	1135	1167	21	1	-1	
3	1	365	1	0	0	1135	1167	21	1	-1	
4	1	365	1	1	0	1135	1167	21	1	-1	
5	1	365	1	1	1	1135	1167	21	1	95.000000	 
2	1	366	0	0	0	363	1168	29	1	-1	
3	1	366	1	0	0	363	1168	29	1	-1	
4	1	366	1	1	0	363	1168	29	1	-1	
5	1	366	1	1	1	363	1168	29	1	95.000000	 
2	1	367	0	0	0	1139	1169	19	1	-1	
3	1	367	1	0	0	1139	1169	19	1	-1	
4	1	367	1	1	0	1139	1169	19	1	-1	
5	1	367	1	1	1	1139	1169	19	1	95.000000	 
2	1	368	0	0	0	375	1170	25	1	-1	
3	1	368	1	0	0	375	1170	25	1	-1	
4	1	368	1	1	0	375	1170	25	1	-1	
5	1	368	1	1	1	375	1170	25	1	95.000000	 
2	1	369	0	0	0	1148	1171	19	1	-1	
3	1	369	1	0	0	1148	1171	19	1	-1	
4	1	369	1	1	0	1148	1171	19	1	-1	
5	1	369	1	1	1	1148	1171	19	1	95.000000	 
2	1	370	0	0	0	1151	1023	5	158	-1	
3	1	370	1	0	0	1151	1023	5	158	-1	
4	1	370	1	1	0	1151	1023	5	158	-1	
5	1	370	1	1	1	1151	1023	5	158	95.000000	 
2	1	371	0	0	0	730	1158	1	19	-1	
3	1	371	1	0	0	730	1158	1	19	-1	
4	1	371	1	1	0	730	1158	1	19	-1	
5	1	371	1	1	1	730	1158	1	19	95.000000	 
2	1	372	0	0	0	1139	1161	1	17	-1	
3	1	372	1	0	0	1139	1161	1	17	-1	
4	1	372	1	1	0	1139	1161	1	17	-1	
5	1	372	1	1	1	1139	1161	1	17	95.000000	 
2	1	373	0	0	0	1146	1160	1	25	-1	
3	1	373	1	0	0	1146	1160	1	25	-1	
4	1	373	1	1	0	1146	1160	1	25	-1	
5	1	373	1	1	1	1146	1160	1	25	95.000000	 
2	1	374	0	0	0	657	1174	74	2	-1	
3	1	374	1	0	0	657	1174	74	2	-1	
4	1	374	1	1	0	657	1174	74	2	-1	
5	1	374	1	1	1	657	1174	74	2	95.000000	 
2	1	375	0	0	0	673	1174	58	4	-1	
3	1	375	1	0	0	673	1174	58	4	-1	
4	1	375	1	1	0	673	1174	58	4	-1	
5	1	375	1	1	1	673	1174	58	4	95.000000	 
2	1	376	0	0	0	361	1176	70	2	-1	
3	1	376	1	0	0	361	1176	70	2	-1	
4	1	376	1	1	0	361	1176	70	2	-1	
5	1	376	1	1	1	361	1176	70	2	95.000000	 
2	1	377	0	0	0	673	1176	67	2	-1	
3	1	377	1	0	0	673	1176	67	2	-1	
4	1	377	1	1	0	673	1176	67	2	-1	
5	1	377	1	1	1	673	1176	67	2	95.000000	 
2	1	378	0	0	0	1077	1177	18	1	-1	
3	1	378	1	0	0	1077	1177	18	1	-1	
4	1	378	1	1	0	1077	1177	18	1	-1	
5	1	378	1	1	1	1077	1177	18	1	95.000000	 
2	1	379	0	0	0	383	1177	50	4	-1	
3	1	379	1	0	0	383	1177	50	4	-1	
4	1	379	1	1	0	383	1177	50	4	-1	
5	1	379	1	1	1	383	1177	50	4	95.000000	 
2	1	380	0	0	0	1078	1179	22	1	-1	
3	1	380	1	0	0	1078	1179	22	1	-1	
4	1	380	1	1	0	1078	1179	22	1	-1	
5	1	380	1	1	1	1078	1179	22	1	95.000000	 
2	1	381	0	0	0	384	1183	33	1	-1	
3	1	381	1	0	0	384	1183	33	1	-1	
4	1	381	1	1	0	384	1183	33	1	-1	
5	1	381	1	1	1	384	1183	33	1	95.000000	 
2	1	382	0	0	0	659	1184	88	4	-1	
3	1	382	1	0	0	659	1184	88	4	-1	
4	1	382	1	1	0	659	1184	88	4	-1	
5	1	382	1	1	1	659	1184	88	4	95.000000	 
2	1	383	0	0	0	421	1189	20	1	-1	
3	1	383	1	0	0	421	1189	20	1	-1	
4	1	383	1	1	0	421	1189	20	1	-1	
5	1	383	1	1	1	421	1189	20	1	95.000000	 
2	1	384	0	0	0	743	1117	2	75	-1	
3	1	384	1	0	0	743	1117	2	75	-1	
4	1	384	1	1	0	743	1117	2	75	-1	
5	1	384	1	1	1	743	1117	2	75	95.000000	 
2	1	385	0	0	0	669	1195	26	1	-1	
3	1	385	1	0	0	669	1195	26	1	-1	
4	1	385	1	1	0	669	1195	26	1	-1	
5	1	385	1	1	1	669	1195	26	1	95.000000	 
2	1	386	0	0	0	415	1196	18	1	-1	
3	1	386	1	0	0	415	1196	18	1	-1	
4	1	386	1	1	0	415	1196	18	1	-1	
5	1	386	1	1	1	415	1196	18	1	95.000000	 
2	1	387	0	0	0	426	1198	19	1	-1	
3	1	387	1	0	0	426	1198	19	1	-1	
4	1	387	1	1	0	426	1198	19	1	-1	
5	1	387	1	1	1	426	1198	19	1	95.000000	 
2	1	388	0	0	0	1135	1198	30	1	-1	
3	1	388	1	0	0	1135	1198	30	1	-1	
4	1	388	1	1	0	1135	1198	30	1	-1	
5	1	388	1	1	1	1135	1198	30	1	95.000000	 
2	1	389	0	0	0	662	1198	58	4	-1	
3	1	389	1	0	0	662	1198	58	4	-1	
4	1	389	1	1	0	662	1198	58	4	-1	
5	1	389	1	1	1	662	1198	58	4	95.000000	 
2	1	390	0	0	0	713	894	15	312	-1	
3	1	390	1	0	0	713	894	15	312	-1	
4	1	390	1	1	0	713	894	15	312	-1	
5	1	390	1	1	1	713	894	15	312	95.000000	 
2	1	391	0	0	0	1153	1023	1	197	-1	
3	1	391	1	0	0	1153	1023	1	197	-1	
4	1	391	1	1	0	1153	1023	1	197	-1	
5	1	391	1	1	1	1153	1023	1	197	95.000000	 
2	1	392	0	0	0	1148	1151	4	69	-1	
3	1	392	1	0	0	1148	1151	4	69	-1	
4	1	392	1	1	0	1148	1151	4	69	-1	
5	1	392	1	1	1	1148	1151	4	69	95.000000	 
2	1	393	0	0	0	727	1174	3	32	-1	
3	1	393	1	0	0	727	1174	3	32	-1	
4	1	393	1	1	0	727	1174	3	32	-1	
5	1	393	1	1	1	727	1174	3	32	95.000000	 
2	1	394	0	0	0	361	1204	82	4	-1	
3	1	394	1	0	0	361	1204	82	4	-1	
4	1	394	1	1	0	361	1204	82	4	-1	
5	1	394	1	1	1	361	1204	82	4	95.000000	 
2	1	395	0	0	0	361	1206	82	2	-1	
3	1	395	1	0	0	361	1206	82	2	-1	
4	1	395	1	1	0	361	1206	82	2	-1	
5	1	395	1	1	1	361	1206	82	2	95.000000	 
2	1	396	0	0	0	361	1206	91	4	-1	
3	1	396	1	0	0	361	1206	91	4	-1	
4	1	396	1	1	0	361	1206	91	4	-1	
5	1	396	1	1	1	361	1206	91	4	95.000000	 
2	1	397	0	0	0	1145	1207	18	1	-1	
3	1	397	1	0	0	1145	1207	18	1	-1	
4	1	397	1	1	0	1145	1207	18	1	-1	
5	1	397	1	1	1	1145	1207	18	1	95.000000	 
2	1	398	0	0	0	701	1210	26	1	-1	
3	1	398	1	0	0	701	1210	26	1	-1	
4	1	398	1	1	0	701	1210	26	1	-1	
5	1	398	1	1	1	701	1210	26	1	95.000000	 
2	1	399	0	0	0	710	1212	21	1	-1	
3	1	399	1	0	0	710	1212	21	1	-1	
4	1	399	1	1	0	710	1212	21	1	-1	
5	1	399	1	1	1	710	1212	21	1	95.000000	 
2	1	400	0	0	0	699	1219	19	1	-1	
3	1	400	1	0	0	699	1219	19	1	-1	
4	1	400	1	1	0	699	1219	19	1	-1	
5	1	400	1	1	1	699	1219	19	1	95.000000	 
2	1	401	0	0	0	1084	921	13	311	-1	
3	1	401	1	0	0	1084	921	13	311	-1	
4	1	401	1	1	0	1084	921	13	311	-1	
5	1	401	1	1	1	1084	921	13	311	95.000000	 
2	1	402	0	0	0	1086	921	10	311	-1	
3	1	402	1	0	0	1086	921	10	311	-1	
4	1	402	1	1	0	1086	921	10	311	-1	
5	1	402	1	1	1	1086	921	10	311	95.000000	 
2	1	403	0	0	0	703	944	6	283	-1	
3	1	403	1	0	0	703	944	6	283	-1	
4	1	403	1	1	0	703	944	6	283	-1	
5	1	403	1	1	1	703	944	6	283	95.000000	 
2	1	404	0	0	0	701	964	8	263	-1	
3	1	404	1	0	0	701	964	8	263	-1	
4	1	404	1	1	0	701	964	8	263	-1	
5	1	404	1	1	1	701	964	8	263	95.000000	 
2	1	405	0	0	0	699	980	8	247	-1	
3	1	405	1	0	0	699	980	8	247	-1	
4	1	405	1	1	0	699	980	8	247	-1	
5	1	405	1	1	1	699	980	8	247	95.000000	 
2	1	406	0	0	0	697	993	10	234	-1	
3	1	406	1	0	0	697	993	10	234	-1	
4	1	406	1	1	0	697	993	10	234	-1	
5	1	406	1	1	1	697	993	10	234	95.000000	 
2	1	407	0	0	0	721	1163	2	67	-1	
3	1	407	1	0	0	721	1163	2	67	-1	
4	1	407	1	1	0	721	1163	2	67	-1	
5	1	407	1	1	1	721	1163	2	67	95.000000	 
2	1	408	0	0	0	660	1231	24	1	-1	
3	1	408	1	0	0	660	1231	24	1	-1	
4	1	408	1	1	0	660	1231	24	1	-1	
5	1	408	1	1	1	660	1231	24	1	95.000000	 
2	1	409	0	0	0	1080	1231	20	1	-1	
3	1	409	1	0	0	1080	1231	20	1	-1	
4	1	409	1	1	0	1080	1231	20	1	-1	
5	1	409	1	1	1	1080	1231	20	1	95.000000	 
2	1	410	0	0	0	667	1233	22	1	-1	
3	1	410	1	0	0	667	1233	22	1	-1	
4	1	410	1	1	0	667	1233	22	1	-1	
5	1	410	1	1	1	667	1233	22	1	95.000000	 
2	1	411	0	0	0	1155	830	9	417	-1	
3	1	411	1	0	0	1155	830	9	417	-1	
4	1	411	1	1	0	1155	830	9	417	-1	
5	1	411	1	1	1	1155	830	9	417	95.000000	 
2	1	412	0	0	0	715	1205	1	33	-1	
3	1	412	1	0	0	715	1205	1	33	-1	
4	1	412	1	1	0	715	1205	1	33	-1	
5	1	412	1	1	1	715	1205	1	33	95.000000	 
2	1	413	0	0	0	1156	1238	17	1	-1	
3	1	413	1	0	0	1156	1238	17	1	-1	
4	1	413	1	1	0	1156	1238	17	1	-1	
5	1	413	1	1	1	1156	1238	17	1	95.000000	 
2	1	414	0	0	0	1084	1231	1	18	-1	
3	1	414	1	0	0	1084	1231	1	18	-1	
4	1	414	1	1	0	1084	1231	1	18	-1	
5	1	414	1	1	1	1084	1231	1	18	95.000000	 
2	1	415	0	0	0	1172	1231	1	18	-1	
3	1	415	1	0	0	1172	1231	1	18	-1	
4	1	415	1	1	0	1172	1231	1	18	-1	
5	1	415	1	1	1	1172	1231	1	18	95.000000	 
2	1	416	0	0	0	323	1245	19	1	-1	
3	1	416	1	0	0	323	1245	19	1	-1	
4	1	416	1	1	0	323	1245	19	1	-1	
5	1	416	1	1	1	323	1245	19	1	95.000000	 
2	1	417	0	0	0	322	1247	20	1	-1	
3	1	417	1	0	0	322	1247	20	1	-1	
4	1	417	1	1	0	322	1247	20	1	-1	
5	1	417	1	1	1	322	1247	20	1	95.000000	 
2	1	418	0	0	0	644	1249	29	1	-1	
3	1	418	1	0	0	644	1249	29	1	-1	
4	1	418	1	1	0	644	1249	29	1	-1	
5	1	418	1	1	1	644	1249	29	1	95.000000	 
2	1	419	0	0	0	336	1239	1	18	-1	
3	1	419	1	0	0	336	1239	1	18	-1	
4	1	419	1	1	0	336	1239	1	18	-1	
5	1	419	1	1	1	336	1239	1	18	95.000000	 
2	1	420	0	0	0	617	1241	1	19	-1	
3	1	420	1	0	0	617	1241	1	19	-1	
4	1	420	1	1	0	617	1241	1	19	-1	
5	1	420	1	1	1	617	1241	1	19	95.000000	 
2	1	421	0	0	0	360	1251	70	2	-1	
3	1	421	1	0	0	360	1251	70	2	-1	
4	1	421	1	1	0	360	1251	70	2	-1	
5	1	421	1	1	1	360	1251	70	2	95.000000	 
2	1	422	0	0	0	656	1251	26	1	-1	
3	1	422	1	0	0	656	1251	26	1	-1	
4	1	422	1	1	0	656	1251	26	1	-1	
5	1	422	1	1	1	656	1251	26	1	95.000000	 
2	1	423	0	0	0	363	1252	67	2	-1	
3	1	423	1	0	0	363	1252	67	2	-1	
4	1	423	1	1	0	363	1252	67	2	-1	
5	1	423	1	1	1	363	1252	67	2	95.000000	 
2	1	424	0	0	0	361	1258	58	4	-1	
3	1	424	1	0	0	361	1258	58	4	-1	
4	1	424	1	1	0	361	1258	58	4	-1	
5	1	424	1	1	1	361	1258	58	4	95.000000	 
2	1	425	0	0	0	370	1263	70	2	-1	
3	1	425	1	0	0	370	1263	70	2	-1	
4	1	425	1	1	0	370	1263	70	2	-1	
5	1	425	1	1	1	370	1263	70	2	95.000000	 
2	1	426	0	0	0	657	587	9	683	-1	
3	1	426	1	0	0	657	587	9	683	-1	
4	1	426	1	1	0	657	587	9	683	-1	
5	1	426	1	1	1	657	587	9	683	95.000000	 
2	1	427	0	0	0	657	587	9	683	-1	
3	1	427	1	0	0	657	587	9	683	-1	
4	1	427	1	1	0	657	587	9	683	-1	
5	1	427	1	1	1	657	587	9	683	95.000000	 
2	1	428	0	0	0	657	587	9	683	-1	
3	1	428	1	0	0	657	587	9	683	-1	
4	1	428	1	1	0	657	587	9	683	-1	
5	1	428	1	1	1	657	587	9	683	95.000000	 
2	1	429	0	0	0	700	964	13	303	-1	
3	1	429	1	0	0	700	964	13	303	-1	
4	1	429	1	1	0	700	964	13	303	-1	
5	1	429	1	1	1	700	964	13	303	95.000000	 
2	1	430	0	0	0	695	1266	19	1	-1	
3	1	430	1	0	0	695	1266	19	1	-1	
4	1	430	1	1	0	695	1266	19	1	-1	
5	1	430	1	1	1	695	1266	19	1	95.000000	 
2	1	431	0	0	0	388	1268	28	1	-1	
3	1	431	1	0	0	388	1268	28	1	-1	
4	1	431	1	1	0	388	1268	28	1	-1	
5	1	431	1	1	1	388	1268	28	1	95.000000	 
2	1	432	0	0	0	368	1273	26	1	-1	
3	1	432	1	0	0	368	1273	26	1	-1	
4	1	432	1	1	0	368	1273	26	1	-1	
5	1	432	1	1	1	368	1273	26	1	95.000000	 
2	1	433	0	0	0	684	570	15	713	-1	
3	1	433	1	0	0	684	570	15	713	-1	
4	1	433	1	1	0	684	570	15	713	-1	
5	1	433	1	1	1	684	570	15	713	95.000000	 
2	1	434	0	0	0	679	785	19	498	-1	
3	1	434	1	0	0	679	785	19	498	-1	
4	1	434	1	1	0	679	785	19	498	-1	
5	1	434	1	1	1	679	785	19	498	95.000000	 
2	1	435	0	0	0	679	785	20	498	-1	
3	1	435	1	0	0	679	785	20	498	-1	
4	1	435	1	1	0	679	785	20	498	-1	
5	1	435	1	1	1	679	785	20	498	95.000000	 
2	1	436	0	0	0	358	1276	57	5	-1	
3	1	436	1	0	0	358	1276	57	5	-1	
4	1	436	1	1	0	358	1276	57	5	-1	
5	1	436	1	1	1	358	1276	57	5	95.000000	 
2	1	437	0	0	0	358	1279	66	2	-1	
3	1	437	1	0	0	358	1279	66	2	-1	
4	1	437	1	1	0	358	1279	66	2	-1	
5	1	437	1	1	1	358	1279	66	2	95.000000	 
2	1	438	0	0	0	358	1279	71	2	-1	
3	1	438	1	0	0	358	1279	71	2	-1	
4	1	438	1	1	0	358	1279	71	2	-1	
5	1	438	1	1	1	358	1279	71	2	95.000000	 
2	1	439	0	0	0	376	1278	48	4	-1	
3	1	439	1	0	0	376	1278	48	4	-1	
4	1	439	1	1	0	376	1278	48	4	-1	
5	1	439	1	1	1	376	1278	48	4	95.000000	 
2	1	440	0	0	0	656	1280	29	1	-1	
3	1	440	1	0	0	656	1280	29	1	-1	
4	1	440	1	1	0	656	1280	29	1	-1	
5	1	440	1	1	1	656	1280	29	1	95.000000	 
2	1	441	0	0	0	668	1282	26	1	-1	
3	1	441	1	0	0	668	1282	26	1	-1	
4	1	441	1	1	0	668	1282	26	1	-1	
5	1	441	1	1	1	668	1282	26	1	95.000000	 
2	1	442	0	0	0	376	1283	30	3	-1	
3	1	442	1	0	0	376	1283	30	3	-1	
4	1	442	1	1	0	376	1283	30	3	-1	
5	1	442	1	1	1	376	1283	30	3	95.000000	 
2	1	443	0	0	0	677	1284	19	1	-1	
3	1	443	1	0	0	677	1284	19	1	-1	
4	1	443	1	1	0	677	1284	19	1	-1	
5	1	443	1	1	1	677	1284	19	1	95.000000	 
2	1	444	0	0	0	387	1286	19	1	-1	
3	1	444	1	0	0	387	1286	19	1	-1	
4	1	444	1	1	0	387	1286	19	1	-1	
5	1	444	1	1	1	387	1286	19	1	95.000000	 
2	1	445	0	0	0	387	1286	35	3	-1	
3	1	445	1	0	0	387	1286	35	3	-1	
4	1	445	1	1	0	387	1286	35	3	-1	
5	1	445	1	1	1	387	1286	35	3	95.000000	 
2	1	446	0	0	0	321	1287	101	6	-1	
3	1	446	1	0	0	321	1287	101	6	-1	
4	1	446	1	1	0	321	1287	101	6	-1	
5	1	446	1	1	1	321	1287	101	6	95.000000	 
2	1	447	0	0	0	321	1288	128	7	-1	
3	1	447	1	0	0	321	1288	128	7	-1	
4	1	447	1	1	0	321	1288	128	7	-1	
5	1	447	1	1	1	321	1288	128	7	95.000000	 
2	1	448	0	0	0	321	1290	110	5	-1	
3	1	448	1	0	0	321	1290	110	5	-1	
4	1	448	1	1	0	321	1290	110	5	-1	
5	1	448	1	1	1	321	1290	110	5	95.000000	 
2	1	449	0	0	0	321	1292	126	3	-1	
3	1	449	1	0	0	321	1292	126	3	-1	
4	1	449	1	1	0	321	1292	126	3	-1	
5	1	449	1	1	1	321	1292	126	3	95.000000	 
2	1	450	0	0	0	681	785	16	511	-1	
3	1	450	1	0	0	681	785	16	511	-1	
4	1	450	1	1	0	681	785	16	511	-1	
5	1	450	1	1	1	681	785	16	511	95.000000	 
2	1	451	0	0	0	649	1298	25	1	-1	
3	1	451	1	0	0	649	1298	25	1	-1	
4	1	451	1	1	0	649	1298	25	1	-1	
5	1	451	1	1	1	649	1298	25	1	95.000000	 
2	1	452	0	0	0	364	1301	74	2	-1	
3	1	452	1	0	0	364	1301	74	2	-1	
4	1	452	1	1	0	364	1301	74	2	-1	
5	1	452	1	1	1	364	1301	74	2	95.000000	 
2	1	453	0	0	0	366	1301	72	4	-1	
3	1	453	1	0	0	366	1301	72	4	-1	
4	1	453	1	1	0	366	1301	72	4	-1	
5	1	453	1	1	1	366	1301	72	4	95.000000	 
2	1	454	0	0	0	366	1303	81	2	-1	
3	1	454	1	0	0	366	1303	81	2	-1	
4	1	454	1	1	0	366	1303	81	2	-1	
5	1	454	1	1	1	366	1303	81	2	95.000000	 
2	1	455	0	0	0	638	1305	22	1	-1	
3	1	455	1	0	0	638	1305	22	1	-1	
4	1	455	1	1	0	638	1305	22	1	-1	
5	1	455	1	1	1	638	1305	22	1	95.000000	 
2	1	456	0	0	0	643	1307	26	1	-1	
3	1	456	1	0	0	643	1307	26	1	-1	
4	1	456	1	1	0	643	1307	26	1	-1	
5	1	456	1	1	1	643	1307	26	1	95.000000	 
2	1	457	0	0	0	366	1308	63	1	-1	
3	1	457	1	0	0	366	1308	63	1	-1	
4	1	457	1	1	0	366	1308	63	1	-1	
5	1	457	1	1	1	366	1308	63	1	95.000000	 
2	1	458	0	0	0	366	1307	54	4	-1	
3	1	458	1	0	0	366	1307	54	4	-1	
4	1	458	1	1	0	366	1307	54	4	-1	
5	1	458	1	1	1	366	1307	54	4	95.000000	 
2	1	459	0	0	0	371	1309	58	4	-1	
3	1	459	1	0	0	371	1309	58	4	-1	
4	1	459	1	1	0	371	1309	58	4	-1	
5	1	459	1	1	1	371	1309	58	4	95.000000	 
2	1	460	0	0	0	380	1311	65	4	-1	
3	1	460	1	0	0	380	1311	65	4	-1	
4	1	460	1	1	0	380	1311	65	4	-1	
5	1	460	1	1	1	380	1311	65	4	95.000000	 
2	1	461	0	0	0	359	1312	91	9	-1	
3	1	461	1	0	0	359	1312	91	9	-1	
4	1	461	1	1	0	359	1312	91	9	-1	
5	1	461	1	1	1	359	1312	91	9	95.000000	 
2	1	462	0	0	0	641	1316	21	1	-1	
3	1	462	1	0	0	641	1316	21	1	-1	
4	1	462	1	1	0	641	1316	21	1	-1	
5	1	462	1	1	1	641	1316	21	1	95.000000	 
2	1	463	0	0	0	369	1321	63	2	-1	
3	1	463	1	0	0	369	1321	63	2	-1	
4	1	463	1	1	0	369	1321	63	2	-1	
5	1	463	1	1	1	369	1321	63	2	95.000000	 
2	1	464	0	0	0	630	1323	29	1	-1	
3	1	464	1	0	0	630	1323	29	1	-1	
4	1	464	1	1	0	630	1323	29	1	-1	
5	1	464	1	1	1	630	1323	29	1	95.000000	 
2	1	465	0	0	0	657	587	8	750	-1	
3	1	465	1	0	0	657	587	8	750	-1	
4	1	465	1	1	0	657	587	8	750	-1	
5	1	465	1	1	1	657	587	8	750	95.000000	 
2	1	466	0	0	0	657	587	20	752	-1	
3	1	466	1	0	0	657	587	20	752	-1	
4	1	466	1	1	0	657	587	20	752	-1	
5	1	466	1	1	1	657	587	20	752	95.000000	 
2	1	467	0	0	0	669	642	9	697	-1	
3	1	467	1	0	0	669	642	9	697	-1	
4	1	467	1	1	0	669	642	9	697	-1	
5	1	467	1	1	1	669	642	9	697	95.000000	 
2	1	468	0	0	0	668	1225	5	114	-1	
3	1	468	1	0	0	668	1225	5	114	-1	
4	1	468	1	1	0	668	1225	5	114	-1	
5	1	468	1	1	1	668	1225	5	114	95.000000	 
2	1	469	0	0	0	444	1307	1	26	-1	
3	1	469	1	0	0	444	1307	1	26	-1	
4	1	469	1	1	0	444	1307	1	26	-1	
5	1	469	1	1	1	444	1307	1	26	95.000000	 
2	1	470	0	0	0	605	1310	1	22	-1	
3	1	470	1	0	0	605	1310	1	22	-1	
4	1	470	1	1	0	605	1310	1	22	-1	
5	1	470	1	1	1	605	1310	1	22	95.000000	 
2	1	471	0	0	0	387	1322	61	4	-1	
3	1	471	1	0	0	387	1322	61	4	-1	
4	1	471	1	1	0	387	1322	61	4	-1	
5	1	471	1	1	1	387	1322	61	4	95.000000	 
2	1	472	0	0	0	639	1325	19	1	-1	
3	1	472	1	0	0	639	1325	19	1	-1	
4	1	472	1	1	0	639	1325	19	1	-1	
5	1	472	1	1	1	639	1325	19	1	95.000000	 
2	1	473	0	0	0	639	1316	1	22	-1	
3	1	473	1	0	0	639	1316	1	22	-1	
4	1	473	1	1	0	639	1316	1	22	-1	
5	1	473	1	1	1	639	1316	1	22	95.000000	 
2	1	474	0	0	0	387	1326	37	3	-1	
3	1	474	1	0	0	387	1326	37	3	-1	
4	1	474	1	1	0	387	1326	37	3	-1	
5	1	474	1	1	1	387	1326	37	3	95.000000	 
2	1	475	0	0	0	364	1330	38	3	-1	
3	1	475	1	0	0	364	1330	38	3	-1	
4	1	475	1	1	0	364	1330	38	3	-1	
5	1	475	1	1	1	364	1330	38	3	95.000000	 
2	1	476	0	0	0	628	1331	63	2	-1	
3	1	476	1	0	0	628	1331	63	2	-1	
4	1	476	1	1	0	628	1331	63	2	-1	
5	1	476	1	1	1	628	1331	63	2	95.000000	 
2	1	477	0	0	0	641	1330	50	4	-1	
3	1	477	1	0	0	641	1330	50	4	-1	
4	1	477	1	1	0	641	1330	50	4	-1	
5	1	477	1	1	1	641	1330	50	4	95.000000	 
2	1	478	0	0	0	369	1333	33	1	-1	
3	1	478	1	0	0	369	1333	33	1	-1	
4	1	478	1	1	0	369	1333	33	1	-1	
5	1	478	1	1	1	369	1333	33	1	95.000000	 
2	1	479	0	0	0	381	1333	21	3	-1	
3	1	479	1	0	0	381	1333	21	3	-1	
4	1	479	1	1	0	381	1333	21	3	-1	
5	1	479	1	1	1	381	1333	21	3	95.000000	 
2	1	480	0	0	0	381	1335	30	1	-1	
3	1	480	1	0	0	381	1335	30	1	-1	
4	1	480	1	1	0	381	1335	30	1	-1	
5	1	480	1	1	1	381	1335	30	1	95.000000	 
2	1	481	0	0	0	381	1335	42	3	-1	
3	1	481	1	0	0	381	1335	42	3	-1	
4	1	481	1	1	0	381	1335	42	3	-1	
5	1	481	1	1	1	381	1335	42	3	95.000000	 
2	1	482	0	0	0	649	1336	23	1	-1	
3	1	482	1	0	0	649	1336	23	1	-1	
4	1	482	1	1	0	649	1336	23	1	-1	
5	1	482	1	1	1	649	1336	23	1	95.000000	 
2	1	483	0	0	0	636	617	17	725	-1	
3	1	483	1	0	0	636	617	17	725	-1	
4	1	483	1	1	0	636	617	17	725	-1	
5	1	483	1	1	1	636	617	17	725	95.000000	 
2	1	484	0	0	0	666	642	23	708	-1	
3	1	484	1	0	0	666	642	23	708	-1	
4	1	484	1	1	0	666	642	23	708	-1	
5	1	484	1	1	1	666	642	23	708	95.000000	 
2	1	485	0	0	0	685	1282	1	68	-1	
3	1	485	1	0	0	685	1282	1	68	-1	
4	1	485	1	1	0	685	1282	1	68	-1	
5	1	485	1	1	1	685	1282	1	68	95.000000	 
2	1	486	0	0	0	371	1342	21	1	-1	
3	1	486	1	0	0	371	1342	21	1	-1	
4	1	486	1	1	0	371	1342	21	1	-1	
5	1	486	1	1	1	371	1342	21	1	95.000000	 
2	1	487	0	0	0	641	1345	25	1	-1	
3	1	487	1	0	0	641	1345	25	1	-1	
4	1	487	1	1	0	641	1345	25	1	-1	
5	1	487	1	1	1	641	1345	25	1	95.000000	 
2	1	488	0	0	0	360	1346	62	1	-1	
3	1	488	1	0	0	360	1346	62	1	-1	
4	1	488	1	1	0	360	1346	62	1	-1	
5	1	488	1	1	1	360	1346	62	1	95.000000	 
2	1	489	0	0	0	360	1345	51	5	-1	
3	1	489	1	0	0	360	1345	51	5	-1	
4	1	489	1	1	0	360	1345	51	5	-1	
5	1	489	1	1	1	360	1345	51	5	95.000000	 
2	1	490	0	0	0	362	1347	60	4	-1	
3	1	490	1	0	0	362	1347	60	4	-1	
4	1	490	1	1	0	362	1347	60	4	-1	
5	1	490	1	1	1	362	1347	60	4	95.000000	 
2	1	491	0	0	0	626	1352	19	1	-1	
3	1	491	1	0	0	626	1352	19	1	-1	
4	1	491	1	1	0	626	1352	19	1	-1	
5	1	491	1	1	1	626	1352	19	1	95.000000	 
2	1	492	0	0	0	374	1353	19	1	-1	
3	1	492	1	0	0	374	1353	19	1	-1	
4	1	492	1	1	0	374	1353	19	1	-1	
5	1	492	1	1	1	374	1353	19	1	95.000000	 
2	1	493	0	0	0	628	1337	1	19	-1	
3	1	493	1	0	0	628	1337	1	19	-1	
4	1	493	1	1	0	628	1337	1	19	-1	
5	1	493	1	1	1	628	1337	1	19	95.000000	 
2	1	494	0	0	0	644	1336	1	26	-1	
3	1	494	1	0	0	644	1336	1	26	-1	
4	1	494	1	1	0	644	1336	1	26	-1	
5	1	494	1	1	1	644	1336	1	26	95.000000	 
2	1	495	0	0	0	601	1339	1	26	-1	
3	1	495	1	0	0	601	1339	1	26	-1	
4	1	495	1	1	0	601	1339	1	26	-1	
5	1	495	1	1	1	601	1339	1	26	95.000000	 
2	1	496	0	0	0	599	1354	62	4	-1	
3	1	496	1	0	0	599	1354	62	4	-1	
4	1	496	1	1	0	599	1354	62	4	-1	
5	1	496	1	1	1	599	1354	62	4	95.000000	 
2	1	497	0	0	0	599	1348	1	19	-1	
3	1	497	1	0	0	599	1348	1	19	-1	
4	1	497	1	1	0	599	1348	1	19	-1	
5	1	497	1	1	1	599	1348	1	19	95.000000	 
2	1	498	0	0	0	315	1356	113	5	-1	
3	1	498	1	0	0	315	1356	113	5	-1	
4	1	498	1	1	0	315	1356	113	5	-1	
5	1	498	1	1	1	315	1356	113	5	95.000000	 
2	1	499	0	0	0	315	1357	113	3	-1	
3	1	499	1	0	0	315	1357	113	3	-1	
4	1	499	1	1	0	315	1357	113	3	-1	
5	1	499	1	1	1	315	1357	113	3	95.000000	 
2	1	500	0	0	0	315	1357	119	3	-1	
3	1	500	1	0	0	315	1357	119	3	-1	
4	1	500	1	1	0	315	1357	119	3	-1	
5	1	500	1	1	1	315	1357	119	3	95.000000	 
2	1	501	0	0	0	394	1366	29	1	-1	
3	1	501	1	0	0	394	1366	29	1	-1	
4	1	501	1	1	0	394	1366	29	1	-1	
5	1	501	1	1	1	394	1366	29	1	95.000000	 
2	1	502	0	0	0	331	1129	2	244	-1	
3	1	502	1	0	0	331	1129	2	244	-1	
4	1	502	1	1	0	331	1129	2	244	-1	
5	1	502	1	1	1	331	1129	2	244	95.000000	 
2	1	503	0	0	0	317	1370	120	1	-1	
3	1	503	1	0	0	317	1370	120	1	-1	
4	1	503	1	1	0	317	1370	120	1	-1	
5	1	503	1	1	1	317	1370	120	1	95.000000	 
2	1	504	0	0	0	358	1375	65	1	-1	
3	1	504	1	0	0	358	1375	65	1	-1	
4	1	504	1	1	0	358	1375	65	1	-1	
5	1	504	1	1	1	358	1375	65	1	95.000000	 
2	1	505	0	0	0	358	1374	56	5	-1	
3	1	505	1	0	0	358	1374	56	5	-1	
4	1	505	1	1	0	358	1374	56	5	-1	
5	1	505	1	1	1	358	1374	56	5	95.000000	 
2	1	506	0	0	0	365	1376	58	4	-1	
3	1	506	1	0	0	365	1376	58	4	-1	
4	1	506	1	1	0	365	1376	58	4	-1	
5	1	506	1	1	1	365	1376	58	4	95.000000	 
2	1	507	0	0	0	381	1378	58	4	-1	
3	1	507	1	0	0	381	1378	58	4	-1	
4	1	507	1	1	0	381	1378	58	4	-1	
5	1	507	1	1	1	381	1378	58	4	95.000000	 
2	1	508	0	0	0	390	1384	22	1	-1	
3	1	508	1	0	0	390	1384	22	1	-1	
4	1	508	1	1	0	390	1384	22	1	-1	
5	1	508	1	1	1	390	1384	22	1	95.000000	 
2	1	509	0	0	0	359	1383	53	6	-1	
3	1	509	1	0	0	359	1383	53	6	-1	
4	1	509	1	1	0	359	1383	53	6	-1	
5	1	509	1	1	1	359	1383	53	6	95.000000	 
2	1	510	0	0	0	359	1385	69	4	-1	
3	1	510	1	0	0	359	1385	69	4	-1	
4	1	510	1	1	0	359	1385	69	4	-1	
5	1	510	1	1	1	359	1385	69	4	95.000000	 
2	1	511	0	0	0	359	1386	74	1	-1	
3	1	511	1	0	0	359	1386	74	1	-1	
4	1	511	1	1	0	359	1386	74	1	-1	
5	1	511	1	1	1	359	1386	74	1	95.000000	 
2	1	512	0	0	0	358	1392	49	5	-1	
3	1	512	1	0	0	358	1392	49	5	-1	
4	1	512	1	1	0	358	1392	49	5	-1	
5	1	512	1	1	1	358	1392	49	5	95.000000	 
2	1	513	0	0	0	358	1396	70	2	-1	
3	1	513	1	0	0	358	1396	70	2	-1	
4	1	513	1	1	0	358	1396	70	2	-1	
5	1	513	1	1	1	358	1396	70	2	95.000000	 
2	1	514	0	0	0	654	1396	33	1	-1	
3	1	514	1	0	0	654	1396	33	1	-1	
4	1	514	1	1	0	654	1396	33	1	-1	
5	1	514	1	1	1	654	1396	33	1	95.000000	 
2	1	515	0	0	0	662	587	23	815	-1	
3	1	515	1	0	0	662	587	23	815	-1	
4	1	515	1	1	0	662	587	23	815	-1	
5	1	515	1	1	1	662	587	23	815	95.000000	 
2	1	516	0	0	0	666	642	18	760	-1	
3	1	516	1	0	0	666	642	18	760	-1	
4	1	516	1	1	0	666	642	18	760	-1	
5	1	516	1	1	1	666	642	18	760	95.000000	 
2	1	517	0	0	0	668	642	16	760	-1	
3	1	517	1	0	0	668	642	16	760	-1	
4	1	517	1	1	0	668	642	16	760	-1	
5	1	517	1	1	1	668	642	16	760	95.000000	 
2	1	518	0	0	0	668	642	16	760	-1	
3	1	518	1	0	0	668	642	16	760	-1	
4	1	518	1	1	0	668	642	16	760	-1	
5	1	518	1	1	1	668	642	16	760	95.000000	 
2	1	519	0	0	0	668	642	16	760	-1	
3	1	519	1	0	0	668	642	16	760	-1	
4	1	519	1	1	0	668	642	16	760	-1	
5	1	519	1	1	1	668	642	16	760	95.000000	 
2	1	520	0	0	0	668	642	16	760	-1	
3	1	520	1	0	0	668	642	16	760	-1	
4	1	520	1	1	0	668	642	16	760	-1	
5	1	520	1	1	1	668	642	16	760	95.000000	 
2	1	521	0	0	0	383	1402	22	1	-1	
3	1	521	1	0	0	383	1402	22	1	-1	
4	1	521	1	1	0	383	1402	22	1	-1	
5	1	521	1	1	1	383	1402	22	1	95.000000	 
2	1	522	0	0	0	357	1406	69	2	-1	
3	1	522	1	0	0	357	1406	69	2	-1	
4	1	522	1	1	0	357	1406	69	2	-1	
5	1	522	1	1	1	357	1406	69	2	95.000000	 
2	1	523	0	0	0	357	1407	82	2	-1	
3	1	523	1	0	0	357	1407	82	2	-1	
4	1	523	1	1	0	357	1407	82	2	-1	
5	1	523	1	1	1	357	1407	82	2	95.000000	 
2	1	524	0	0	0	386	1413	33	1	-1	
3	1	524	1	0	0	386	1413	33	1	-1	
4	1	524	1	1	0	386	1413	33	1	-1	
5	1	524	1	1	1	386	1413	33	1	95.000000	 
2	1	525	0	0	0	384	1421	67	2	-1	
3	1	525	1	0	0	384	1421	67	2	-1	
4	1	525	1	1	0	384	1421	67	2	-1	
5	1	525	1	1	1	384	1421	67	2	95.000000	 
2	1	526	0	0	0	652	1423	19	1	-1	
3	1	526	1	0	0	652	1423	19	1	-1	
4	1	526	1	1	0	652	1423	19	1	-1	
5	1	526	1	1	1	652	1423	19	1	95.000000	 
2	1	527	0	0	0	378	1425	53	4	-1	
3	1	527	1	0	0	378	1425	53	4	-1	
4	1	527	1	1	0	378	1425	53	4	-1	
5	1	527	1	1	1	378	1425	53	4	95.000000	 
2	1	528	0	0	0	643	615	12	821	-1	
3	1	528	1	0	0	643	615	12	821	-1	
4	1	528	1	1	0	643	615	12	821	-1	
5	1	528	1	1	1	643	615	12	821	95.000000	 
2	1	529	0	0	0	634	617	24	819	-1	
3	1	529	1	0	0	634	617	24	819	-1	
4	1	529	1	1	0	634	617	24	819	-1	
5	1	529	1	1	1	634	617	24	819	95.000000	 
2	1	530	0	0	0	635	617	21	819	-1	
3	1	530	1	0	0	635	617	21	819	-1	
4	1	530	1	1	0	635	617	21	819	-1	
5	1	530	1	1	1	635	617	21	819	95.000000	 
2	1	531	0	0	0	635	617	24	819	-1	
3	1	531	1	0	0	635	617	24	819	-1	
4	1	531	1	1	0	635	617	24	819	-1	
5	1	531	1	1	1	635	617	24	819	95.000000	 
2	1	532	0	0	0	636	617	20	819	-1	
3	1	532	1	0	0	636	617	20	819	-1	
4	1	532	1	1	0	636	617	20	819	-1	
5	1	532	1	1	1	636	617	20	819	95.000000	 
2	1	533	0	0	0	654	1285	1	151	-1	
3	1	533	1	0	0	654	1285	1	151	-1	
4	1	533	1	1	0	654	1285	1	151	-1	
5	1	533	1	1	1	654	1285	1	151	95.000000	 
2	1	534	0	0	0	668	1417	1	18	-1	
3	1	534	1	0	0	668	1417	1	18	-1	
4	1	534	1	1	0	668	1417	1	18	-1	
5	1	534	1	1	1	668	1417	1	18	95.000000	 
2	1	535	0	0	0	379	1431	29	1	-1	
3	1	535	1	0	0	379	1431	29	1	-1	
4	1	535	1	1	0	379	1431	29	1	-1	
5	1	535	1	1	1	379	1431	29	1	95.000000	 
2	1	536	0	0	0	395	1433	22	1	-1	
3	1	536	1	0	0	395	1433	22	1	-1	
4	1	536	1	1	0	395	1433	22	1	-1	
5	1	536	1	1	1	395	1433	22	1	95.000000	 
2	1	537	0	0	0	395	1433	31	3	-1	
3	1	537	1	0	0	395	1433	31	3	-1	
4	1	537	1	1	0	395	1433	31	3	-1	
5	1	537	1	1	1	395	1433	31	3	95.000000	 
2	1	538	0	0	0	652	1434	22	1	-1	
3	1	538	1	0	0	652	1434	22	1	-1	
4	1	538	1	1	0	652	1434	22	1	-1	
5	1	538	1	1	1	652	1434	22	1	95.000000	 
2	1	539	0	0	0	380	1436	55	4	-1	
3	1	539	1	0	0	380	1436	55	4	-1	
4	1	539	1	1	0	380	1436	55	4	-1	
5	1	539	1	1	1	380	1436	55	4	95.000000	 
2	1	540	0	0	0	359	1444	74	1	-1	
3	1	540	1	0	0	359	1444	74	1	-1	
4	1	540	1	1	0	359	1444	74	1	-1	
5	1	540	1	1	1	359	1444	74	1	95.000000	 
2	1	541	0	0	0	358	1440	52	6	-1	
3	1	541	1	0	0	358	1440	52	6	-1	
4	1	541	1	1	0	358	1440	52	6	-1	
5	1	541	1	1	1	358	1440	52	6	95.000000	 
2	1	542	0	0	0	359	1441	53	6	-1	
3	1	542	1	0	0	359	1441	53	6	-1	
4	1	542	1	1	0	359	1441	53	6	-1	
5	1	542	1	1	1	359	1441	53	6	95.000000	 
2	1	543	0	0	0	359	1443	61	4	-1	
3	1	543	1	0	0	359	1443	61	4	-1	
4	1	543	1	1	0	359	1443	61	4	-1	
5	1	543	1	1	1	359	1443	61	4	95.000000	 
2	1	544	0	0	0	375	1448	38	3	-1	
3	1	544	1	0	0	375	1448	38	3	-1	
4	1	544	1	1	0	375	1448	38	3	-1	
5	1	544	1	1	1	375	1448	38	3	95.000000	 
2	1	545	0	0	0	391	1451	22	1	-1	
3	1	545	1	0	0	391	1451	22	1	-1	
4	1	545	1	1	0	391	1451	22	1	-1	
5	1	545	1	1	1	391	1451	22	1	95.000000	 
2	1	546	0	0	0	361	1450	52	6	-1	
3	1	546	1	0	0	361	1450	52	6	-1	
4	1	546	1	1	0	361	1450	52	6	-1	
5	1	546	1	1	1	361	1450	52	6	95.000000	 
2	1	547	0	0	0	361	1453	69	1	-1	
3	1	547	1	0	0	361	1453	69	1	-1	
4	1	547	1	1	0	361	1453	69	1	-1	
5	1	547	1	1	1	361	1453	69	1	95.000000	 
2	1	548	0	0	0	361	1452	54	5	-1	
3	1	548	1	0	0	361	1452	54	5	-1	
4	1	548	1	1	0	361	1452	54	5	-1	
5	1	548	1	1	1	361	1452	54	5	95.000000	 
2	1	549	0	0	0	377	1457	63	2	-1	
3	1	549	1	0	0	377	1457	63	2	-1	
4	1	549	1	1	0	377	1457	63	2	-1	
5	1	549	1	1	1	377	1457	63	2	95.000000	 
2	1	550	0	0	0	424	586	23	881	-1	
3	1	550	1	0	0	424	586	23	881	-1	
4	1	550	1	1	0	424	586	23	881	-1	
5	1	550	1	1	1	424	586	23	881	95.000000	 
2	1	551	0	0	0	424	586	23	881	-1	
3	1	551	1	0	0	424	586	23	881	-1	
4	1	551	1	1	0	424	586	23	881	-1	
5	1	551	1	1	1	424	586	23	881	95.000000	 
2	1	552	0	0	0	424	586	23	881	-1	
3	1	552	1	0	0	424	586	23	881	-1	
4	1	552	1	1	0	424	586	23	881	-1	
5	1	552	1	1	1	424	586	23	881	95.000000	 
2	1	553	0	0	0	426	586	23	881	-1	
3	1	553	1	0	0	426	586	23	881	-1	
4	1	553	1	1	0	426	586	23	881	-1	
5	1	553	1	1	1	426	586	23	881	95.000000	 
2	1	554	0	0	0	427	613	18	854	-1	
3	1	554	1	0	0	427	613	18	854	-1	
4	1	554	1	1	0	427	613	18	854	-1	
5	1	554	1	1	1	427	613	18	854	95.000000	 
2	1	555	0	0	0	436	1195	7	272	-1	
3	1	555	1	0	0	436	1195	7	272	-1	
4	1	555	1	1	0	436	1195	7	272	-1	
5	1	555	1	1	1	436	1195	7	272	95.000000	 
2	1	556	0	0	0	436	1195	8	272	-1	
3	1	556	1	0	0	436	1195	8	272	-1	
4	1	556	1	1	0	436	1195	8	272	-1	
5	1	556	1	1	1	436	1195	8	272	95.000000	 
2	1	557	0	0	0	437	1195	5	272	-1	
3	1	557	1	0	0	437	1195	5	272	-1	
4	1	557	1	1	0	437	1195	5	272	-1	
5	1	557	1	1	1	437	1195	5	272	95.000000	 
2	1	558	0	0	0	339	1432	1	30	-1	
3	1	558	1	0	0	339	1432	1	30	-1	
4	1	558	1	1	0	339	1432	1	30	-1	
5	1	558	1	1	1	339	1432	1	30	95.000000	 
2	1	559	0	0	0	382	1457	58	4	-1	
3	1	559	1	0	0	382	1457	58	4	-1	
4	1	559	1	1	0	382	1457	58	4	-1	
5	1	559	1	1	1	382	1457	58	4	95.000000	 
2	1	560	0	0	0	316	1456	124	10	-1	
3	1	560	1	0	0	316	1456	124	10	-1	
4	1	560	1	1	0	316	1456	124	10	-1	
5	1	560	1	1	1	316	1456	124	10	95.000000	 
2	1	561	0	0	0	316	1456	124	12	-1	
3	1	561	1	0	0	316	1456	124	12	-1	
4	1	561	1	1	0	316	1456	124	12	-1	
5	1	561	1	1	1	316	1456	124	12	95.000000	 
2	1	562	0	0	0	316	1461	113	6	-1	
3	1	562	1	0	0	316	1461	113	6	-1	
4	1	562	1	1	0	316	1461	113	6	-1	
5	1	562	1	1	1	316	1461	113	6	95.000000	 
2	1	563	0	0	0	316	1460	104	9	-1	
3	1	563	1	0	0	316	1460	104	9	-1	
4	1	563	1	1	0	316	1460	104	9	-1	
5	1	563	1	1	1	316	1460	104	9	95.000000	 
2	1	564	0	0	0	316	1465	126	1	-1	
3	1	564	1	0	0	316	1465	126	1	-1	
4	1	564	1	1	0	316	1465	126	1	-1	
5	1	564	1	1	1	316	1465	126	1	95.000000	 
2	1	565	0	0	0	316	1468	95	4	-1	
3	1	565	1	0	0	316	1468	95	4	-1	
4	1	565	1	1	0	316	1468	95	4	-1	
5	1	565	1	1	1	316	1468	95	4	95.000000	 
2	1	566	0	0	0	316	1468	115	6	-1	
3	1	566	1	0	0	316	1468	115	6	-1	
4	1	566	1	1	0	316	1468	115	6	-1	
5	1	566	1	1	1	316	1468	115	6	95.000000	 
2	1	567	0	0	0	416	582	18	903	-1	
3	1	567	1	0	0	416	582	18	903	-1	
4	1	567	1	1	0	416	582	18	903	-1	
5	1	567	1	1	1	416	582	18	903	95.000000	 
2	1	568	0	0	0	416	582	18	903	-1	
3	1	568	1	0	0	416	582	18	903	-1	
4	1	568	1	1	0	416	582	18	903	-1	
5	1	568	1	1	1	416	582	18	903	95.000000	 
2	1	569	0	0	0	416	582	19	903	-1	
3	1	569	1	0	0	416	582	19	903	-1	
4	1	569	1	1	0	416	582	19	903	-1	
5	1	569	1	1	1	416	582	19	903	95.000000	 
2	1	570	0	0	0	367	860	7	622	-1	
3	1	570	1	0	0	367	860	7	622	-1	
4	1	570	1	1	0	367	860	7	622	-1	
5	1	570	1	1	1	367	860	7	622	95.000000	 
2	1	571	0	0	0	429	1142	2	343	-1	
3	1	571	1	0	0	429	1142	2	343	-1	
4	1	571	1	1	0	429	1142	2	343	-1	
5	1	571	1	1	1	429	1142	2	343	95.000000	 
2	1	572	0	0	0	362	1193	13	289	-1	
3	1	572	1	0	0	362	1193	13	289	-1	
4	1	572	1	1	0	362	1193	13	289	-1	
5	1	572	1	1	1	362	1193	13	289	95.000000	 
2	1	573	0	0	0	363	1193	13	289	-1	
3	1	573	1	0	0	363	1193	13	289	-1	
4	1	573	1	1	0	363	1193	13	289	-1	
5	1	573	1	1	1	363	1193	13	289	95.000000	 
2	1	574	0	0	0	363	1193	15	289	-1	
3	1	574	1	0	0	363	1193	15	289	-1	
4	1	574	1	1	0	363	1193	15	289	-1	
5	1	574	1	1	1	363	1193	15	289	95.000000	 
2	1	575	0	0	0	315	1469	112	7	-1	
3	1	575	1	0	0	315	1469	112	7	-1	
4	1	575	1	1	0	315	1469	112	7	-1	
5	1	575	1	1	1	315	1469	112	7	95.000000	 
2	1	576	0	0	0	315	1475	112	1	-1	
3	1	576	1	0	0	315	1475	112	1	-1	
4	1	576	1	1	0	315	1475	112	1	-1	
5	1	576	1	1	1	315	1475	112	1	95.000000	 
2	1	577	0	0	0	387	1473	40	7	-1	
3	1	577	1	0	0	387	1473	40	7	-1	
4	1	577	1	1	0	387	1473	40	7	-1	
5	1	577	1	1	1	387	1473	40	7	95.000000	 
2	1	578	0	0	0	387	1480	29	1	-1	
3	1	578	1	0	0	387	1480	29	1	-1	
4	1	578	1	1	0	387	1480	29	1	-1	
5	1	578	1	1	1	387	1480	29	1	95.000000	 
2	1	579	0	0	0	412	1484	19	1	-1	
3	1	579	1	0	0	412	1484	19	1	-1	
4	1	579	1	1	0	412	1484	19	1	-1	
5	1	579	1	1	1	412	1484	19	1	95.000000	 
2	1	580	0	0	0	389	1485	47	4	-1	
3	1	580	1	0	0	389	1485	47	4	-1	
4	1	580	1	1	0	389	1485	47	4	-1	
5	1	580	1	1	1	389	1485	47	4	95.000000	 
2	1	581	0	0	0	362	1484	74	9	-1	
3	1	581	1	0	0	362	1484	74	9	-1	
4	1	581	1	1	0	362	1484	74	9	-1	
5	1	581	1	1	1	362	1484	74	9	95.000000	 
2	1	582	0	0	0	362	1490	61	4	-1	
3	1	582	1	0	0	362	1490	61	4	-1	
4	1	582	1	1	0	362	1490	61	4	-1	
5	1	582	1	1	1	362	1490	61	4	95.000000	 
2	1	583	0	0	0	362	1491	67	1	-1	
3	1	583	1	0	0	362	1491	67	1	-1	
4	1	583	1	1	0	362	1491	67	1	-1	
5	1	583	1	1	1	362	1491	67	1	95.000000	 
2	1	584	0	0	0	388	1494	53	4	-1	
3	1	584	1	0	0	388	1494	53	4	-1	
4	1	584	1	1	0	388	1494	53	4	-1	
5	1	584	1	1	1	388	1494	53	4	95.000000	 
2	1	585	0	0	0	399	613	7	905	-1	
3	1	585	1	0	0	399	613	7	905	-1	
4	1	585	1	1	0	399	613	7	905	-1	
5	1	585	1	1	1	399	613	7	905	95.000000	 
2	1	586	0	0	0	400	613	4	905	-1	
3	1	586	1	0	0	400	613	4	905	-1	
4	1	586	1	1	0	400	613	4	905	-1	
5	1	586	1	1	1	400	613	4	905	95.000000	 
2	1	587	0	0	0	401	613	4	905	-1	
3	1	587	1	0	0	401	613	4	905	-1	
4	1	587	1	1	0	401	613	4	905	-1	
5	1	587	1	1	1	401	613	4	905	95.000000	 
2	1	588	0	0	0	402	613	4	905	-1	
3	1	588	1	0	0	402	613	4	905	-1	
4	1	588	1	1	0	402	613	4	905	-1	
5	1	588	1	1	1	402	613	4	905	95.000000	 
2	1	589	0	0	0	392	846	19	672	-1	
3	1	589	1	0	0	392	846	19	672	-1	
4	1	589	1	1	0	392	846	19	672	-1	
5	1	589	1	1	1	392	846	19	672	95.000000	 
2	1	590	0	0	0	392	846	19	672	-1	
3	1	590	1	0	0	392	846	19	672	-1	
4	1	590	1	1	0	392	846	19	672	-1	
5	1	590	1	1	1	392	846	19	672	95.000000	 
2	1	591	0	0	0	396	910	14	608	-1	
3	1	591	1	0	0	396	910	14	608	-1	
4	1	591	1	1	0	396	910	14	608	-1	
5	1	591	1	1	1	396	910	14	608	95.000000	 
2	1	592	0	0	0	398	912	11	606	-1	
3	1	592	1	0	0	398	912	11	606	-1	
4	1	592	1	1	0	398	912	11	606	-1	
5	1	592	1	1	1	398	912	11	606	95.000000	 
2	1	593	0	0	0	386	983	13	532	-1	
3	1	593	1	0	0	386	983	13	532	-1	
4	1	593	1	1	0	386	983	13	532	-1	
5	1	593	1	1	1	386	983	13	532	95.000000	 
2	1	594	0	0	0	388	983	12	532	-1	
3	1	594	1	0	0	388	983	12	532	-1	
4	1	594	1	1	0	388	983	12	532	-1	
5	1	594	1	1	1	388	983	12	532	95.000000	 
2	1	595	0	0	0	384	983	18	535	-1	
3	1	595	1	0	0	384	983	18	535	-1	
4	1	595	1	1	0	384	983	18	535	-1	
5	1	595	1	1	1	384	983	18	535	95.000000	 
2	1	596	0	0	0	435	1195	3	321	-1	
3	1	596	1	0	0	435	1195	3	321	-1	
4	1	596	1	1	0	435	1195	3	321	-1	
5	1	596	1	1	1	435	1195	3	321	95.000000	 
2	1	597	0	0	0	317	1500	113	6	-1	
3	1	597	1	0	0	317	1500	113	6	-1	
4	1	597	1	1	0	317	1500	113	6	-1	
5	1	597	1	1	1	317	1500	113	6	95.000000	 
2	1	598	0	0	0	788	1503	26	3	-1	
3	1	598	1	0	0	788	1503	26	3	-1	
4	1	598	1	1	0	788	1503	26	3	-1	
5	1	598	1	1	1	788	1503	26	3	95.000000	 
2	1	599	0	0	0	317	1506	90	2	-1	
3	1	599	1	0	0	317	1506	90	2	-1	
4	1	599	1	1	0	317	1506	90	2	-1	
5	1	599	1	1	1	317	1506	90	2	95.000000	 
2	1	600	0	0	0	317	1506	90	1	-1	
3	1	600	1	0	0	317	1506	90	1	-1	
4	1	600	1	1	0	317	1506	90	1	-1	
5	1	600	1	1	1	317	1506	90	1	95.000000	 
2	1	601	0	0	0	317	1506	99	4	-1	
3	1	601	1	0	0	317	1506	99	4	-1	
4	1	601	1	1	0	317	1506	99	4	-1	
5	1	601	1	1	1	317	1506	99	4	95.000000	 
2	1	602	0	0	0	317	1505	108	6	-1	
3	1	602	1	0	0	317	1505	108	6	-1	
4	1	602	1	1	0	317	1505	108	6	-1	
5	1	602	1	1	1	317	1505	108	6	95.000000	 
2	1	603	0	0	0	770	1510	33	1	-1	
3	1	603	1	0	0	770	1510	33	1	-1	
4	1	603	1	1	0	770	1510	33	1	-1	
5	1	603	1	1	1	770	1510	33	1	95.000000	 
2	1	604	0	0	0	779	1510	24	3	-1	
3	1	604	1	0	0	779	1510	24	3	-1	
4	1	604	1	1	0	779	1510	24	3	-1	
5	1	604	1	1	1	779	1510	24	3	95.000000	 
2	1	605	0	0	0	313	1512	92	4	-1	
3	1	605	1	0	0	313	1512	92	4	-1	
4	1	605	1	1	0	313	1512	92	4	-1	
5	1	605	1	1	1	313	1512	92	4	95.000000	 
2	1	606	0	0	0	788	1512	21	3	-1	
3	1	606	1	0	0	788	1512	21	3	-1	
4	1	606	1	1	0	788	1512	21	3	-1	
5	1	606	1	1	1	788	1512	21	3	95.000000	 
2	1	607	0	0	0	313	1513	92	4	-1	
3	1	607	1	0	0	313	1513	92	4	-1	
4	1	607	1	1	0	313	1513	92	4	-1	
5	1	607	1	1	1	313	1513	92	4	95.000000	 
2	1	608	0	0	0	788	1514	21	1	-1	
3	1	608	1	0	0	788	1514	21	1	-1	
4	1	608	1	1	0	788	1514	21	1	-1	
5	1	608	1	1	1	788	1514	21	1	95.000000	 
2	1	609	0	0	0	772	1519	21	1	-1	
3	1	609	1	0	0	772	1519	21	1	-1	
4	1	609	1	1	0	772	1519	21	1	-1	
5	1	609	1	1	1	772	1519	21	1	95.000000	 
2	1	610	0	0	0	397	613	16	917	-1	
3	1	610	1	0	0	397	613	16	917	-1	
4	1	610	1	1	0	397	613	16	917	-1	
5	1	610	1	1	1	397	613	16	917	95.000000	 
2	1	611	0	0	0	516	1018	87	512	-1	
3	1	611	1	0	0	516	1018	87	512	-1	
4	1	611	1	1	0	516	1018	87	512	-1	
5	1	611	1	1	1	516	1018	87	512	95.000000	 
2	1	612	0	0	0	411	1263	5	267	-1	
3	1	612	1	0	0	411	1263	5	267	-1	
4	1	612	1	1	0	411	1263	5	267	-1	
5	1	612	1	1	1	411	1263	5	267	95.000000	 
2	1	613	0	0	0	416	1263	4	267	-1	
3	1	613	1	0	0	416	1263	4	267	-1	
4	1	613	1	1	0	416	1263	4	267	-1	
5	1	613	1	1	1	416	1263	4	267	95.000000	 
2	1	614	0	0	0	777	1502	1	25	-1	
3	1	614	1	0	0	777	1502	1	25	-1	
4	1	614	1	1	0	777	1502	1	25	-1	
5	1	614	1	1	1	777	1502	1	25	95.000000	 
2	1	615	0	0	0	387	1527	18	1	-1	
3	1	615	1	0	0	387	1527	18	1	-1	
4	1	615	1	1	0	387	1527	18	1	-1	
5	1	615	1	1	1	387	1527	18	1	95.000000	 
2	1	616	0	0	0	766	1528	25	1	-1	
3	1	616	1	0	0	766	1528	25	1	-1	
4	1	616	1	1	0	766	1528	25	1	-1	
5	1	616	1	1	1	766	1528	25	1	95.000000	 
2	1	617	0	0	0	634	617	28	924	-1	
3	1	617	1	0	0	634	617	28	924	-1	
4	1	617	1	1	0	634	617	28	924	-1	
5	1	617	1	1	1	634	617	28	924	95.000000	 
2	1	618	0	0	0	775	1517	1	19	-1	
3	1	618	1	0	0	775	1517	1	19	-1	
4	1	618	1	1	0	775	1517	1	19	-1	
5	1	618	1	1	1	775	1517	1	19	95.000000	 
2	1	619	0	0	0	323	1533	84	4	-1	
3	1	619	1	0	0	323	1533	84	4	-1	
4	1	619	1	1	0	323	1533	84	4	-1	
5	1	619	1	1	1	323	1533	84	4	95.000000	 
2	1	620	0	0	0	759	1535	19	1	-1	
3	1	620	1	0	0	759	1535	19	1	-1	
4	1	620	1	1	0	759	1535	19	1	-1	
5	1	620	1	1	1	759	1535	19	1	95.000000	 
2	1	621	0	0	0	766	1527	1	18	-1	
3	1	621	1	0	0	766	1527	1	18	-1	
4	1	621	1	1	0	766	1527	1	18	-1	
5	1	621	1	1	1	766	1527	1	18	95.000000	 
2	1	622	0	0	0	318	1543	77	2	-1	
3	1	622	1	0	0	318	1543	77	2	-1	
4	1	622	1	1	0	318	1543	77	2	-1	
5	1	622	1	1	1	318	1543	77	2	95.000000	 
2	1	623	0	0	0	1154	1547	18	1	-1	
3	1	623	1	0	0	1154	1547	18	1	-1	
4	1	623	1	1	0	1154	1547	18	1	-1	
5	1	623	1	1	1	1154	1547	18	1	95.000000	 
2	1	624	0	0	0	1095	1550	95	5	-1	
3	1	624	1	0	0	1095	1550	95	5	-1	
4	1	624	1	1	0	1095	1550	95	5	-1	
5	1	624	1	1	1	1095	1550	95	5	95.000000	 
2	1	625	0	0	0	1095	1555	86	2	-1	
3	1	625	1	0	0	1095	1555	86	2	-1	
4	1	625	1	1	0	1095	1555	86	2	-1	
5	1	625	1	1	1	1095	1555	86	2	95.000000	 
2	1	626	0	0	0	1065	1558	113	3	-1	
3	1	626	1	0	0	1065	1558	113	3	-1	
4	1	626	1	1	0	1065	1558	113	3	-1	
5	1	626	1	1	1	1065	1558	113	3	95.000000	 
2	1	627	0	0	0	1079	1558	99	5	-1	
3	1	627	1	0	0	1079	1558	99	5	-1	
4	1	627	1	1	0	1079	1558	99	5	-1	
5	1	627	1	1	1	1079	1558	99	5	95.000000	 
2	1	628	0	0	0	367	860	29	713	-1	
3	1	628	1	0	0	367	860	29	713	-1	
4	1	628	1	1	0	367	860	29	713	-1	
5	1	628	1	1	1	367	860	29	713	95.000000	 
2	1	629	0	0	0	416	1263	5	316	-1	
3	1	629	1	0	0	416	1263	5	316	-1	
4	1	629	1	1	0	416	1263	5	316	-1	
5	1	629	1	1	1	416	1263	5	316	95.000000	 
2	1	630	0	0	0	702	1544	1	25	-1	
3	1	630	1	0	0	702	1544	1	25	-1	
4	1	630	1	1	0	702	1544	1	25	-1	
5	1	630	1	1	1	702	1544	1	25	95.000000	 
2	1	631	0	0	0	355	1567	71	2	-1	
3	1	631	1	0	0	355	1567	71	2	-1	
4	1	631	1	1	0	355	1567	71	2	-1	
5	1	631	1	1	1	355	1567	71	2	95.000000	 
2	1	632	0	0	0	368	1566	58	4	-1	
3	1	632	1	0	0	368	1566	58	4	-1	
4	1	632	1	1	0	368	1566	58	4	-1	
5	1	632	1	1	1	368	1566	58	4	95.000000	 
2	1	633	0	0	0	1264	1558	1	19	-1	
3	1	633	1	0	0	1264	1558	1	19	-1	
4	1	633	1	1	0	1264	1558	1	19	-1	
5	1	633	1	1	1	1264	1558	1	19	95.000000	 
2	1	634	0	0	0	370	1572	22	1	-1	
3	1	634	1	0	0	370	1572	22	1	-1	
4	1	634	1	1	0	370	1572	22	1	-1	
5	1	634	1	1	1	370	1572	22	1	95.000000	 
2	1	635	0	0	0	314	1577	126	1	-1	
3	1	635	1	0	0	314	1577	126	1	-1	
4	1	635	1	1	0	314	1577	126	1	-1	
5	1	635	1	1	1	314	1577	126	1	95.000000	 
2	1	636	0	0	0	408	582	18	1004	-1	
3	1	636	1	0	0	408	582	18	1004	-1	
4	1	636	1	1	0	408	582	18	1004	-1	
5	1	636	1	1	1	408	582	18	1004	95.000000	 
2	1	637	0	0	0	409	582	20	1004	-1	
3	1	637	1	0	0	409	582	20	1004	-1	
4	1	637	1	1	0	409	582	20	1004	-1	
5	1	637	1	1	1	409	582	20	1004	95.000000	 
2	1	638	0	0	0	409	582	20	1004	-1	
3	1	638	1	0	0	409	582	20	1004	-1	
4	1	638	1	1	0	409	582	20	1004	-1	
5	1	638	1	1	1	409	582	20	1004	95.000000	 
2	1	639	0	0	0	409	582	20	1004	-1	
3	1	639	1	0	0	409	582	20	1004	-1	
4	1	639	1	1	0	409	582	20	1004	-1	
5	1	639	1	1	1	409	582	20	1004	95.000000	 
2	1	640	0	0	0	409	582	21	1004	-1	
3	1	640	1	0	0	409	582	21	1004	-1	
4	1	640	1	1	0	409	582	21	1004	-1	
5	1	640	1	1	1	409	582	21	1004	95.000000	 
2	1	641	0	0	0	409	582	21	1004	-1	
3	1	641	1	0	0	409	582	21	1004	-1	
4	1	641	1	1	0	409	582	21	1004	-1	
5	1	641	1	1	1	409	582	21	1004	95.000000	 
2	1	642	0	0	0	409	582	21	1004	-1	
3	1	642	1	0	0	409	582	21	1004	-1	
4	1	642	1	1	0	409	582	21	1004	-1	
5	1	642	1	1	1	409	582	21	1004	95.000000	 
2	1	643	0	0	0	409	582	21	1004	-1	
3	1	643	1	0	0	409	582	21	1004	-1	
4	1	643	1	1	0	409	582	21	1004	-1	
5	1	643	1	1	1	409	582	21	1004	95.000000	 
2	1	644	0	0	0	411	582	21	1004	-1	
3	1	644	1	0	0	411	582	21	1004	-1	
4	1	644	1	1	0	411	582	21	1004	-1	
5	1	644	1	1	1	411	582	21	1004	95.000000	 
2	1	645	0	0	0	415	582	13	1004	-1	
3	1	645	1	0	0	415	582	13	1004	-1	
4	1	645	1	1	0	415	582	13	1004	-1	
5	1	645	1	1	1	415	582	13	1004	95.000000	 
2	1	646	0	0	0	417	582	11	1004	-1	
3	1	646	1	0	0	417	582	11	1004	-1	
4	1	646	1	1	0	417	582	11	1004	-1	
5	1	646	1	1	1	417	582	11	1004	95.000000	 
2	1	647	0	0	0	417	582	11	1004	-1	
3	1	647	1	0	0	417	582	11	1004	-1	
4	1	647	1	1	0	417	582	11	1004	-1	
5	1	647	1	1	1	417	582	11	1004	95.000000	 
2	1	648	0	0	0	417	582	11	1004	-1	
3	1	648	1	0	0	417	582	11	1004	-1	
4	1	648	1	1	0	417	582	11	1004	-1	
5	1	648	1	1	1	417	582	11	1004	95.000000	 
2	1	649	0	0	0	417	582	11	1004	-1	
3	1	649	1	0	0	417	582	11	1004	-1	
4	1	649	1	1	0	417	582	11	1004	-1	
5	1	649	1	1	1	417	582	11	1004	95.000000	 
2	1	650	0	0	0	423	586	4	1000	-1	
3	1	650	1	0	0	423	586	4	1000	-1	
4	1	650	1	1	0	423	586	4	1000	-1	
5	1	650	1	1	1	423	586	4	1000	95.000000	 
2	1	651	0	0	0	405	610	27	976	-1	
3	1	651	1	0	0	405	610	27	976	-1	
4	1	651	1	1	0	405	610	27	976	-1	
5	1	651	1	1	1	405	610	27	976	95.000000	 
2	1	652	0	0	0	400	613	35	973	-1	
3	1	652	1	0	0	400	613	35	973	-1	
4	1	652	1	1	0	400	613	35	973	-1	
5	1	652	1	1	1	400	613	35	973	95.000000	 
2	1	653	0	0	0	400	613	35	973	-1	
3	1	653	1	0	0	400	613	35	973	-1	
4	1	653	1	1	0	400	613	35	973	-1	
5	1	653	1	1	1	400	613	35	973	95.000000	 
2	1	654	0	0	0	389	846	5	742	-1	
3	1	654	1	0	0	389	846	5	742	-1	
4	1	654	1	1	0	389	846	5	742	-1	
5	1	654	1	1	1	389	846	5	742	95.000000	 
2	1	655	0	0	0	391	846	7	742	-1	
3	1	655	1	0	0	391	846	7	742	-1	
4	1	655	1	1	0	391	846	7	742	-1	
5	1	655	1	1	1	391	846	7	742	95.000000	 
2	1	656	0	0	0	367	860	19	728	-1	
3	1	656	1	0	0	367	860	19	728	-1	
4	1	656	1	1	0	367	860	19	728	-1	
5	1	656	1	1	1	367	860	19	728	95.000000	 
2	1	657	0	0	0	367	860	30	728	-1	
3	1	657	1	0	0	367	860	30	728	-1	
4	1	657	1	1	0	367	860	30	728	-1	
5	1	657	1	1	1	367	860	30	728	95.000000	 
2	1	658	0	0	0	367	860	30	728	-1	
3	1	658	1	0	0	367	860	30	728	-1	
4	1	658	1	1	0	367	860	30	728	-1	
5	1	658	1	1	1	367	860	30	728	95.000000	 
2	1	659	0	0	0	370	860	25	728	-1	
3	1	659	1	0	0	370	860	25	728	-1	
4	1	659	1	1	0	370	860	25	728	-1	
5	1	659	1	1	1	370	860	25	728	95.000000	 
2	1	660	0	0	0	370	860	26	728	-1	
3	1	660	1	0	0	370	860	26	728	-1	
4	1	660	1	1	0	370	860	26	728	-1	
5	1	660	1	1	1	370	860	26	728	95.000000	 
2	1	661	0	0	0	370	860	26	728	-1	
3	1	661	1	0	0	370	860	26	728	-1	
4	1	661	1	1	0	370	860	26	728	-1	
5	1	661	1	1	1	370	860	26	728	95.000000	 
2	1	662	0	0	0	385	983	9	605	-1	
3	1	662	1	0	0	385	983	9	605	-1	
4	1	662	1	1	0	385	983	9	605	-1	
5	1	662	1	1	1	385	983	9	605	95.000000	 
2	1	663	0	0	0	387	983	9	605	-1	
3	1	663	1	0	0	387	983	9	605	-1	
4	1	663	1	1	0	387	983	9	605	-1	
5	1	663	1	1	1	387	983	9	605	95.000000	 
2	1	664	0	0	0	387	983	9	605	-1	
3	1	664	1	0	0	387	983	9	605	-1	
4	1	664	1	1	0	387	983	9	605	-1	
5	1	664	1	1	1	387	983	9	605	95.000000	 
2	1	665	0	0	0	388	983	9	605	-1	
3	1	665	1	0	0	388	983	9	605	-1	
4	1	665	1	1	0	388	983	9	605	-1	
5	1	665	1	1	1	388	983	9	605	95.000000	 
2	1	666	0	0	0	388	983	9	605	-1	
3	1	666	1	0	0	388	983	9	605	-1	
4	1	666	1	1	0	388	983	9	605	-1	
5	1	666	1	1	1	388	983	9	605	95.000000	 
2	1	667	0	0	0	390	983	11	605	-1	
3	1	667	1	0	0	390	983	11	605	-1	
4	1	667	1	1	0	390	983	11	605	-1	
5	1	667	1	1	1	390	983	11	605	95.000000	 
2	1	668	0	0	0	410	1263	21	323	-1	
3	1	668	1	0	0	410	1263	21	323	-1	
4	1	668	1	1	0	410	1263	21	323	-1	
5	1	668	1	1	1	410	1263	21	323	95.000000	 
2	1	669	0	0	0	411	1263	21	323	-1	
3	1	669	1	0	0	411	1263	21	323	-1	
4	1	669	1	1	0	411	1263	21	323	-1	
5	1	669	1	1	1	411	1263	21	323	95.000000	 
2	1	670	0	0	0	412	1263	15	323	-1	
3	1	670	1	0	0	412	1263	15	323	-1	
4	1	670	1	1	0	412	1263	15	323	-1	
5	1	670	1	1	1	412	1263	15	323	95.000000	 
2	1	671	0	0	0	385	1282	10	306	-1	
3	1	671	1	0	0	385	1282	10	306	-1	
4	1	671	1	1	0	385	1282	10	306	-1	
5	1	671	1	1	1	385	1282	10	306	95.000000	 
2	1	672	0	0	0	1235	1572	1	18	-1	
3	1	672	1	0	0	1235	1572	1	18	-1	
4	1	672	1	1	0	1235	1572	1	18	-1	
5	1	672	1	1	1	1235	1572	1	18	95.000000	 
2	1	673	0	0	0	323	1582	17	1	-1	
3	1	673	1	0	0	323	1582	17	1	-1	
4	1	673	1	1	0	323	1582	17	1	-1	
5	1	673	1	1	1	323	1582	17	1	95.000000	 
2	1	674	0	0	0	988	1584	19	1	-1	
3	1	674	1	0	0	988	1584	19	1	-1	
4	1	674	1	1	0	988	1584	19	1	-1	
5	1	674	1	1	1	988	1584	19	1	95.000000	 
2	1	675	0	0	0	360	1586	18	1	-1	
3	1	675	1	0	0	360	1586	18	1	-1	
4	1	675	1	1	0	360	1586	18	1	-1	
5	1	675	1	1	1	360	1586	18	1	95.000000	 
2	1	676	0	0	0	988	1586	38	1	-1	
3	1	676	1	0	0	988	1586	38	1	-1	
4	1	676	1	1	0	988	1586	38	1	-1	
5	1	676	1	1	1	988	1586	38	1	95.000000	 
2	1	677	0	0	0	981	1593	31	1	-1	
3	1	677	1	0	0	981	1593	31	1	-1	
4	1	677	1	1	0	981	1593	31	1	-1	
5	1	677	1	1	1	981	1593	31	1	95.000000	 
2	1	678	0	0	0	1114	1568	3	40	-1	
3	1	678	1	0	0	1114	1568	3	40	-1	
4	1	678	1	1	0	1114	1568	3	40	-1	
5	1	678	1	1	1	1114	1568	3	40	95.000000	 
2	1	679	0	0	0	1065	1579	1	25	-1	
3	1	679	1	0	0	1065	1579	1	25	-1	
4	1	679	1	1	0	1065	1579	1	25	-1	
5	1	679	1	1	1	1065	1579	1	25	95.000000	 
2	1	680	0	0	0	989	1593	23	3	-1	
3	1	680	1	0	0	989	1593	23	3	-1	
4	1	680	1	1	0	989	1593	23	3	-1	
5	1	680	1	1	1	989	1593	23	3	95.000000	 
2	1	681	0	0	0	989	1595	25	1	-1	
3	1	681	1	0	0	989	1595	25	1	-1	
4	1	681	1	1	0	989	1595	25	1	-1	
5	1	681	1	1	1	989	1595	25	1	95.000000	 
2	1	682	0	0	0	1113	1588	1	20	-1	
3	1	682	1	0	0	1113	1588	1	20	-1	
4	1	682	1	1	0	1113	1588	1	20	-1	
5	1	682	1	1	1	1113	1588	1	20	95.000000	 
2	1	683	0	0	0	993	1606	39	1	-1	
3	1	683	1	0	0	993	1606	39	1	-1	
4	1	683	1	1	0	993	1606	39	1	-1	
5	1	683	1	1	1	993	1606	39	1	95.000000	 
2	1	684	0	0	0	596	1607	37	1	-1	
3	1	684	1	0	0	596	1607	37	1	-1	
4	1	684	1	1	0	596	1607	37	1	-1	
5	1	684	1	1	1	596	1607	37	1	95.000000	 
2	1	685	0	0	0	993	1606	37	3	-1	
3	1	685	1	0	0	993	1606	37	3	-1	
4	1	685	1	1	0	993	1606	37	3	-1	
5	1	685	1	1	1	993	1606	37	3	95.000000	 
2	1	686	0	0	0	999	1567	3	56	-1	
3	1	686	1	0	0	999	1567	3	56	-1	
4	1	686	1	1	0	999	1567	3	56	-1	
5	1	686	1	1	1	999	1567	3	56	95.000000	 
2	1	687	0	0	0	1240	1592	1	26	-1	
3	1	687	1	0	0	1240	1592	1	26	-1	
4	1	687	1	1	0	1240	1592	1	26	-1	
5	1	687	1	1	1	1240	1592	1	26	95.000000	 
2	1	688	0	0	0	1222	1599	1	22	-1	
3	1	688	1	0	0	1222	1599	1	22	-1	
4	1	688	1	1	0	1222	1599	1	22	-1	
5	1	688	1	1	1	1222	1599	1	22	95.000000	 
2	1	689	0	0	0	976	1603	1	18	-1	
3	1	689	1	0	0	976	1603	1	18	-1	
4	1	689	1	1	0	976	1603	1	18	-1	
5	1	689	1	1	1	976	1603	1	18	95.000000	 
2	1	690	0	0	0	934	1614	88	2	-1	
3	1	690	1	0	0	934	1614	88	2	-1	
4	1	690	1	1	0	934	1614	88	2	-1	
5	1	690	1	1	1	934	1614	88	2	95.000000	 
2	1	691	0	0	0	935	1615	87	2	-1	
3	1	691	1	0	0	935	1615	87	2	-1	
4	1	691	1	1	0	935	1615	87	2	-1	
5	1	691	1	1	1	935	1615	87	2	95.000000	 
2	1	692	0	0	0	560	1616	61	2	-1	
3	1	692	1	0	0	560	1616	61	2	-1	
4	1	692	1	1	0	560	1616	61	2	-1	
5	1	692	1	1	1	560	1616	61	2	95.000000	 
2	1	693	0	0	0	565	1615	56	4	-1	
3	1	693	1	0	0	565	1615	56	4	-1	
4	1	693	1	1	0	565	1615	56	4	-1	
5	1	693	1	1	1	565	1615	56	4	95.000000	 
2	1	694	0	0	0	565	1616	65	1	-1	
3	1	694	1	0	0	565	1616	65	1	-1	
4	1	694	1	1	0	565	1616	65	1	-1	
5	1	694	1	1	1	565	1616	65	1	95.000000	 
2	1	695	0	0	0	315	1618	23	1	-1	
3	1	695	1	0	0	315	1618	23	1	-1	
4	1	695	1	1	0	315	1618	23	1	-1	
5	1	695	1	1	1	315	1618	23	1	95.000000	 
2	1	696	0	0	0	363	1193	6	440	-1	
3	1	696	1	0	0	363	1193	6	440	-1	
4	1	696	1	1	0	363	1193	6	440	-1	
5	1	696	1	1	1	363	1193	6	440	95.000000	 
2	1	697	0	0	0	363	1193	6	440	-1	
3	1	697	1	0	0	363	1193	6	440	-1	
4	1	697	1	1	0	363	1193	6	440	-1	
5	1	697	1	1	1	363	1193	6	440	95.000000	 
2	1	698	0	0	0	365	1193	6	440	-1	
3	1	698	1	0	0	365	1193	6	440	-1	
4	1	698	1	1	0	365	1193	6	440	-1	
5	1	698	1	1	1	365	1193	6	440	95.000000	 
2	1	699	0	0	0	365	1193	6	440	-1	
3	1	699	1	0	0	365	1193	6	440	-1	
4	1	699	1	1	0	365	1193	6	440	-1	
5	1	699	1	1	1	365	1193	6	440	95.000000	 
2	1	700	0	0	0	365	1193	6	440	-1	
3	1	700	1	0	0	365	1193	6	440	-1	
4	1	700	1	1	0	365	1193	6	440	-1	
5	1	700	1	1	1	365	1193	6	440	95.000000	 
2	1	701	0	0	0	361	1428	7	205	-1	
3	1	701	1	0	0	361	1428	7	205	-1	
4	1	701	1	1	0	361	1428	7	205	-1	
5	1	701	1	1	1	361	1428	7	205	95.000000	 
2	1	702	0	0	0	1013	1605	1	25	-1	
3	1	702	1	0	0	1013	1605	1	25	-1	
4	1	702	1	1	0	1013	1605	1	25	-1	
5	1	702	1	1	1	1013	1605	1	25	95.000000	 
2	1	703	0	0	0	933	1622	72	4	-1	
3	1	703	1	0	0	933	1622	72	4	-1	
4	1	703	1	1	0	933	1622	72	4	-1	
5	1	703	1	1	1	933	1622	72	4	95.000000	 
2	1	704	0	0	0	951	1610	1	28	-1	
3	1	704	1	0	0	951	1610	1	28	-1	
4	1	704	1	1	0	951	1610	1	28	-1	
5	1	704	1	1	1	951	1610	1	28	95.000000	 
2	1	705	0	0	0	933	1624	88	2	-1	
3	1	705	1	0	0	933	1624	88	2	-1	
4	1	705	1	1	0	933	1624	88	2	-1	
5	1	705	1	1	1	933	1624	88	2	95.000000	 
2	1	706	0	0	0	933	1624	213	2	-1	
3	1	706	1	0	0	933	1624	213	2	-1	
4	1	706	1	1	0	933	1624	213	2	-1	
5	1	706	1	1	1	933	1624	213	2	95.000000	 
2	1	707	0	0	0	313	1625	17	1	-1	
3	1	707	1	0	0	313	1625	17	1	-1	
4	1	707	1	1	0	313	1625	17	1	-1	
5	1	707	1	1	1	313	1625	17	1	95.000000	 
2	1	708	0	0	0	313	1627	20	1	-1	
3	1	708	1	0	0	313	1627	20	1	-1	
4	1	708	1	1	0	313	1627	20	1	-1	
5	1	708	1	1	1	313	1627	20	1	95.000000	 
2	1	709	0	0	0	836	1628	308	6	-1	
3	1	709	1	0	0	836	1628	308	6	-1	
4	1	709	1	1	0	836	1628	308	6	-1	
5	1	709	1	1	1	836	1628	308	6	95.000000	 
2	1	710	0	0	0	1152	1621	1	19	-1	
3	1	710	1	0	0	1152	1621	1	19	-1	
4	1	710	1	1	0	1152	1621	1	19	-1	
5	1	710	1	1	1	1152	1621	1	19	95.000000	 
2	1	711	0	0	0	836	1628	308	7	-1	
3	1	711	1	0	0	836	1628	308	7	-1	
4	1	711	1	1	0	836	1628	308	7	-1	
5	1	711	1	1	1	836	1628	308	7	95.000000	 
2	1	712	0	0	0	836	1629	333	6	-1	
3	1	712	1	0	0	836	1629	333	6	-1	
4	1	712	1	1	0	836	1629	333	6	-1	
5	1	712	1	1	1	836	1629	333	6	95.000000	 
2	1	713	0	0	0	505	1632	25	1	-1	
3	1	713	1	0	0	505	1632	25	1	-1	
4	1	713	1	1	0	505	1632	25	1	-1	
5	1	713	1	1	1	505	1632	25	1	95.000000	 
2	1	714	0	0	0	836	1630	324	7	-1	
3	1	714	1	0	0	836	1630	324	7	-1	
4	1	714	1	1	0	836	1630	324	7	-1	
5	1	714	1	1	1	836	1630	324	7	95.000000	 
2	1	715	0	0	0	836	1631	333	5	-1	
3	1	715	1	0	0	836	1631	333	5	-1	
4	1	715	1	1	0	836	1631	333	5	-1	
5	1	715	1	1	1	836	1631	333	5	95.000000	 
2	1	716	0	0	0	311	1636	26	1	-1	
3	1	716	1	0	0	311	1636	26	1	-1	
4	1	716	1	1	0	311	1636	26	1	-1	
5	1	716	1	1	1	311	1636	26	1	95.000000	 
2	1	717	0	0	0	313	1638	26	1	-1	
3	1	717	1	0	0	313	1638	26	1	-1	
4	1	717	1	1	0	313	1638	26	1	-1	
5	1	717	1	1	1	313	1638	26	1	95.000000	 
2	1	718	0	0	0	492	1639	20	1	-1	
3	1	718	1	0	0	492	1639	20	1	-1	
4	1	718	1	1	0	492	1639	20	1	-1	
5	1	718	1	1	1	492	1639	20	1	95.000000	 
2	1	719	0	0	0	336	1129	1	520	-1	
3	1	719	1	0	0	336	1129	1	520	-1	
4	1	719	1	1	0	336	1129	1	520	-1	
5	1	719	1	1	1	336	1129	1	520	95.000000	 
2	1	720	0	0	0	1008	1581	5	68	-1	
3	1	720	1	0	0	1008	1581	5	68	-1	
4	1	720	1	1	0	1008	1581	5	68	-1	
5	1	720	1	1	1	1008	1581	5	68	95.000000	 
2	1	721	0	0	0	942	1624	1	19	-1	
3	1	721	1	0	0	942	1624	1	19	-1	
4	1	721	1	1	0	942	1624	1	19	-1	
5	1	721	1	1	1	942	1624	1	19	95.000000	 
2	1	722	0	0	0	842	1624	1	29	-1	
3	1	722	1	0	0	842	1624	1	29	-1	
4	1	722	1	1	0	842	1624	1	29	-1	
5	1	722	1	1	1	842	1624	1	29	95.000000	 
2	1	723	0	0	0	495	1638	17	3	-1	
3	1	723	1	0	0	495	1638	17	3	-1	
4	1	723	1	1	0	495	1638	17	3	-1	
5	1	723	1	1	1	495	1638	17	3	95.000000	 
2	1	724	0	0	0	1138	1640	67	2	-1	
3	1	724	1	0	0	1138	1640	67	2	-1	
4	1	724	1	1	0	1138	1640	67	2	-1	
5	1	724	1	1	1	1138	1640	67	2	95.000000	 
2	1	725	0	0	0	495	1641	21	1	-1	
3	1	725	1	0	0	495	1641	21	1	-1	
4	1	725	1	1	0	495	1641	21	1	-1	
5	1	725	1	1	1	495	1641	21	1	95.000000	 
2	1	726	0	0	0	824	1643	33	1	-1	
3	1	726	1	0	0	824	1643	33	1	-1	
4	1	726	1	1	0	824	1643	33	1	-1	
5	1	726	1	1	1	824	1643	33	1	95.000000	 
2	1	727	0	0	0	478	1641	372	8	-1	
3	1	727	1	0	0	478	1641	372	8	-1	
4	1	727	1	1	0	478	1641	372	8	-1	
5	1	727	1	1	1	478	1641	372	8	95.000000	 
2	1	728	0	0	0	313	1645	26	1	-1	
3	1	728	1	0	0	313	1645	26	1	-1	
4	1	728	1	1	0	313	1645	26	1	-1	
5	1	728	1	1	1	313	1645	26	1	95.000000	 
2	1	729	0	0	0	1163	1645	22	1	-1	
3	1	729	1	0	0	1163	1645	22	1	-1	
4	1	729	1	1	0	1163	1645	22	1	-1	
5	1	729	1	1	1	1163	1645	22	1	95.000000	 
2	1	730	0	0	0	766	1647	239	5	-1	
3	1	730	1	0	0	766	1647	239	5	-1	
4	1	730	1	1	0	766	1647	239	5	-1	
5	1	730	1	1	1	766	1647	239	5	95.000000	 
2	1	731	0	0	0	766	1647	239	5	-1	
3	1	731	1	0	0	766	1647	239	5	-1	
4	1	731	1	1	0	766	1647	239	5	-1	
5	1	731	1	1	1	766	1647	239	5	95.000000	 
2	1	732	0	0	0	766	1649	239	1	-1	
3	1	732	1	0	0	766	1649	239	1	-1	
4	1	732	1	1	0	766	1649	239	1	-1	
5	1	732	1	1	1	766	1649	239	1	95.000000	 
2	1	733	0	0	0	1177	1649	26	1	-1	
3	1	733	1	0	0	1177	1649	26	1	-1	
4	1	733	1	1	0	1177	1649	26	1	-1	
5	1	733	1	1	1	1177	1649	26	1	95.000000	 
2	1	734	0	0	0	766	1651	239	1	-1	
3	1	734	1	0	0	766	1651	239	1	-1	
4	1	734	1	1	0	766	1651	239	1	-1	
5	1	734	1	1	1	766	1651	239	1	95.000000	 
2	1	735	0	0	0	767	1649	238	5	-1	
3	1	735	1	0	0	767	1649	238	5	-1	
4	1	735	1	1	0	767	1649	238	5	-1	
5	1	735	1	1	1	767	1649	238	5	95.000000	 
2	1	736	0	0	0	583	1652	32	1	-1	
3	1	736	1	0	0	583	1652	32	1	-1	
4	1	736	1	1	0	583	1652	32	1	-1	
5	1	736	1	1	1	583	1652	32	1	95.000000	 
2	1	737	0	0	0	788	1501	3	166	-1	
3	1	737	1	0	0	788	1501	3	166	-1	
4	1	737	1	1	0	788	1501	3	166	-1	
5	1	737	1	1	1	788	1501	3	166	95.000000	 
2	1	738	0	0	0	786	1503	5	164	-1	
3	1	738	1	0	0	786	1503	5	164	-1	
4	1	738	1	1	0	786	1503	5	164	-1	
5	1	738	1	1	1	786	1503	5	164	95.000000	 
2	1	739	0	0	0	947	1613	3	57	-1	
3	1	739	1	0	0	947	1613	3	57	-1	
4	1	739	1	1	0	947	1613	3	57	-1	
5	1	739	1	1	1	947	1613	3	57	95.000000	 
2	1	740	0	0	0	849	1635	1	21	-1	
3	1	740	1	0	0	849	1635	1	21	-1	
4	1	740	1	1	0	849	1635	1	21	-1	
5	1	740	1	1	1	849	1635	1	21	95.000000	 
2	1	741	0	0	0	484	1640	1	18	-1	
3	1	741	1	0	0	484	1640	1	18	-1	
4	1	741	1	1	0	484	1640	1	18	-1	
5	1	741	1	1	1	484	1640	1	18	95.000000	 
2	1	742	0	0	0	1184	1640	1	19	-1	
3	1	742	1	0	0	1184	1640	1	19	-1	
4	1	742	1	1	0	1184	1640	1	19	-1	
5	1	742	1	1	1	1184	1640	1	19	95.000000	 
2	1	743	0	0	0	599	1642	1	18	-1	
3	1	743	1	0	0	599	1642	1	18	-1	
4	1	743	1	1	0	599	1642	1	18	-1	
5	1	743	1	1	1	599	1642	1	18	95.000000	 
2	1	744	0	0	0	766	1650	168	7	-1	
3	1	744	1	0	0	766	1650	168	7	-1	
4	1	744	1	1	0	766	1650	168	7	-1	
5	1	744	1	1	1	766	1650	168	7	95.000000	 
2	1	745	0	0	0	892	1643	1	21	-1	
3	1	745	1	0	0	892	1643	1	21	-1	
4	1	745	1	1	0	892	1643	1	21	-1	
5	1	745	1	1	1	892	1643	1	21	95.000000	 
2	1	746	0	0	0	1170	1656	18	1	-1	
3	1	746	1	0	0	1170	1656	18	1	-1	
4	1	746	1	1	0	1170	1656	18	1	-1	
5	1	746	1	1	1	1170	1656	18	1	95.000000	 
2	1	747	0	0	0	718	1656	485	5	-1	
3	1	747	1	0	0	718	1656	485	5	-1	
4	1	747	1	1	0	718	1656	485	5	-1	
5	1	747	1	1	1	718	1656	485	5	95.000000	 
2	1	748	0	0	0	740	1658	463	3	-1	
3	1	748	1	0	0	740	1658	463	3	-1	
4	1	748	1	1	0	740	1658	463	3	-1	
5	1	748	1	1	1	740	1658	463	3	95.000000	 
2	1	749	0	0	0	740	1658	463	3	-1	
3	1	749	1	0	0	740	1658	463	3	-1	
4	1	749	1	1	0	740	1658	463	3	-1	
5	1	749	1	1	1	740	1658	463	3	95.000000	 
2	1	750	0	0	0	764	1658	439	3	-1	
3	1	750	1	0	0	764	1658	439	3	-1	
4	1	750	1	1	0	764	1658	439	3	-1	
5	1	750	1	1	1	764	1658	439	3	95.000000	 
2	1	751	0	0	0	740	1658	463	6	-1	
3	1	751	1	0	0	740	1658	463	6	-1	
4	1	751	1	1	0	740	1658	463	6	-1	
5	1	751	1	1	1	740	1658	463	6	95.000000	 
2	1	752	0	0	0	1116	1660	87	7	-1	
3	1	752	1	0	0	1116	1660	87	7	-1	
4	1	752	1	1	0	1116	1660	87	7	-1	
5	1	752	1	1	1	1116	1660	87	7	95.000000	 
2	1	753	0	0	0	1116	1661	103	6	-1	
3	1	753	1	0	0	1116	1661	103	6	-1	
4	1	753	1	1	0	1116	1661	103	6	-1	
5	1	753	1	1	1	1116	1661	103	6	95.000000	 
2	1	754	0	0	0	733	1666	477	1	-1	
3	1	754	1	0	0	733	1666	477	1	-1	
4	1	754	1	1	0	733	1666	477	1	-1	
5	1	754	1	1	1	733	1666	477	1	95.000000	 
2	1	755	0	0	0	733	1666	477	1	-1	
3	1	755	1	0	0	733	1666	477	1	-1	
4	1	755	1	1	0	733	1666	477	1	-1	
5	1	755	1	1	1	733	1666	477	1	95.000000	 
2	1	756	0	0	0	733	1666	477	4	-1	
3	1	756	1	0	0	733	1666	477	4	-1	
4	1	756	1	1	0	733	1666	477	4	-1	
5	1	756	1	1	1	733	1666	477	4	95.000000	 
2	1	757	0	0	0	733	1666	477	4	-1	
3	1	757	1	0	0	733	1666	477	4	-1	
4	1	757	1	1	0	733	1666	477	4	-1	
5	1	757	1	1	1	733	1666	477	4	95.000000	 
2	1	758	0	0	0	775	1517	5	155	-1	
3	1	758	1	0	0	775	1517	5	155	-1	
4	1	758	1	1	0	775	1517	5	155	-1	
5	1	758	1	1	1	775	1517	5	155	95.000000	 
2	1	759	0	0	0	1207	1532	1	147	-1	
3	1	759	1	0	0	1207	1532	1	147	-1	
4	1	759	1	1	0	1207	1532	1	147	-1	
5	1	759	1	1	1	1207	1532	1	147	95.000000	 
2	1	760	0	0	0	915	1649	1	24	-1	
3	1	760	1	0	0	915	1649	1	24	-1	
4	1	760	1	1	0	915	1649	1	24	-1	
5	1	760	1	1	1	915	1649	1	24	95.000000	 
2	1	761	0	0	0	917	1655	1	17	-1	
3	1	761	1	0	0	917	1655	1	17	-1	
4	1	761	1	1	0	917	1655	1	17	-1	
5	1	761	1	1	1	917	1655	1	17	95.000000	 
2	1	762	0	0	0	733	1657	470	16	-1	
3	1	762	1	0	0	733	1657	470	16	-1	
4	1	762	1	1	0	733	1657	470	16	-1	
5	1	762	1	1	1	733	1657	470	16	95.000000	 
2	1	763	0	0	0	733	1657	470	16	-1	
3	1	763	1	0	0	733	1657	470	16	-1	
4	1	763	1	1	0	733	1657	470	16	-1	
5	1	763	1	1	1	733	1657	470	16	95.000000	 
2	1	764	0	0	0	811	1658	1	24	-1	
3	1	764	1	0	0	811	1658	1	24	-1	
4	1	764	1	1	0	811	1658	1	24	-1	
5	1	764	1	1	1	811	1658	1	24	95.000000	 
2	1	765	0	0	0	1182	1668	28	3	-1	
3	1	765	1	0	0	1182	1668	28	3	-1	
4	1	765	1	1	0	1182	1668	28	3	-1	
5	1	765	1	1	1	1182	1668	28	3	95.000000	 
2	1	766	0	0	0	938	1661	1	19	-1	
3	1	766	1	0	0	938	1661	1	19	-1	
4	1	766	1	1	0	938	1661	1	19	-1	
5	1	766	1	1	1	938	1661	1	19	95.000000	 
2	1	767	0	0	0	1115	1671	95	5	-1	
3	1	767	1	0	0	1115	1671	95	5	-1	
4	1	767	1	1	0	1115	1671	95	5	-1	
5	1	767	1	1	1	1115	1671	95	5	95.000000	 
2	1	768	0	0	0	1123	1670	87	7	-1	
3	1	768	1	0	0	1123	1670	87	7	-1	
4	1	768	1	1	0	1123	1670	87	7	-1	
5	1	768	1	1	1	1123	1670	87	7	95.000000	 
2	1	769	0	0	0	733	1672	209	6	-1	
3	1	769	1	0	0	733	1672	209	6	-1	
4	1	769	1	1	0	733	1672	209	6	-1	
5	1	769	1	1	1	733	1672	209	6	95.000000	 
2	1	770	0	0	0	1123	1671	87	7	-1	
3	1	770	1	0	0	1123	1671	87	7	-1	
4	1	770	1	1	0	1123	1671	87	7	-1	
5	1	770	1	1	1	1123	1671	87	7	95.000000	 
2	1	771	0	0	0	1123	1673	103	3	-1	
3	1	771	1	0	0	1123	1673	103	3	-1	
4	1	771	1	1	0	1123	1673	103	3	-1	
5	1	771	1	1	1	1123	1673	103	3	95.000000	 
2	1	772	0	0	0	922	1667	1	18	-1	
3	1	772	1	0	0	922	1667	1	18	-1	
4	1	772	1	1	0	922	1667	1	18	-1	
5	1	772	1	1	1	922	1667	1	18	95.000000	 
2	1	773	0	0	0	684	1676	258	3	-1	
3	1	773	1	0	0	684	1676	258	3	-1	
4	1	773	1	1	0	684	1676	258	3	-1	
5	1	773	1	1	1	684	1676	258	3	95.000000	 
2	1	774	0	0	0	603	1675	339	7	-1	
3	1	774	1	0	0	603	1675	339	7	-1	
4	1	774	1	1	0	603	1675	339	7	-1	
5	1	774	1	1	1	603	1675	339	7	95.000000	 
2	1	775	0	0	0	603	1675	339	7	-1	
3	1	775	1	0	0	603	1675	339	7	-1	
4	1	775	1	1	0	603	1675	339	7	-1	
5	1	775	1	1	1	603	1675	339	7	95.000000	 
2	1	776	0	0	0	603	1675	339	7	-1	
3	1	776	1	0	0	603	1675	339	7	-1	
4	1	776	1	1	0	603	1675	339	7	-1	
5	1	776	1	1	1	603	1675	339	7	95.000000	 
2	1	777	0	0	0	603	1677	339	7	-1	
3	1	777	1	0	0	603	1677	339	7	-1	
4	1	777	1	1	0	603	1677	339	7	-1	
5	1	777	1	1	1	603	1677	339	7	95.000000	 
2	1	778	0	0	0	603	1681	320	3	-1	
3	1	778	1	0	0	603	1681	320	3	-1	
4	1	778	1	1	0	603	1681	320	3	-1	
5	1	778	1	1	1	603	1681	320	3	95.000000	 
2	1	779	0	0	0	897	1662	1	29	-1	
3	1	779	1	0	0	897	1662	1	29	-1	
4	1	779	1	1	0	897	1662	1	29	-1	
5	1	779	1	1	1	897	1662	1	29	95.000000	 
2	1	780	0	0	0	786	1671	1	19	-1	
3	1	780	1	0	0	786	1671	1	19	-1	
4	1	780	1	1	0	786	1671	1	19	-1	
5	1	780	1	1	1	786	1671	1	19	95.000000	 
2	1	781	0	0	0	904	1673	1	19	-1	
3	1	781	1	0	0	904	1673	1	19	-1	
4	1	781	1	1	0	904	1673	1	19	-1	
5	1	781	1	1	1	904	1673	1	19	95.000000	 
2	1	782	0	0	0	920	1668	1	32	-1	
3	1	782	1	0	0	920	1668	1	32	-1	
4	1	782	1	1	0	920	1668	1	32	-1	
5	1	782	1	1	1	920	1668	1	32	95.000000	 
2	1	783	0	0	0	1113	1684	68	2	-1	
3	1	783	1	0	0	1113	1684	68	2	-1	
4	1	783	1	1	0	1113	1684	68	2	-1	
5	1	783	1	1	1	1113	1684	68	2	95.000000	 
2	1	784	0	0	0	312	1685	26	1	-1	
3	1	784	1	0	0	312	1685	26	1	-1	
4	1	784	1	1	0	312	1685	26	1	-1	
5	1	784	1	1	1	312	1685	26	1	95.000000	 
2	1	785	0	0	0	496	1680	427	11	-1	
3	1	785	1	0	0	496	1680	427	11	-1	
4	1	785	1	1	0	496	1680	427	11	-1	
5	1	785	1	1	1	496	1680	427	11	95.000000	 
2	1	786	0	0	0	759	1676	1	19	-1	
3	1	786	1	0	0	759	1676	1	19	-1	
4	1	786	1	1	0	759	1676	1	19	-1	
5	1	786	1	1	1	759	1676	1	19	95.000000	 
2	1	787	0	0	0	888	1678	1	18	-1	
3	1	787	1	0	0	888	1678	1	18	-1	
4	1	787	1	1	0	888	1678	1	18	-1	
5	1	787	1	1	1	888	1678	1	18	95.000000	 
2	1	788	0	0	0	314	1687	23	1	-1	
3	1	788	1	0	0	314	1687	23	1	-1	
4	1	788	1	1	0	314	1687	23	1	-1	
5	1	788	1	1	1	314	1687	23	1	95.000000	 
2	1	789	0	0	0	490	1687	415	2	-1	
3	1	789	1	0	0	490	1687	415	2	-1	
4	1	789	1	1	0	490	1687	415	2	-1	
5	1	789	1	1	1	490	1687	415	2	95.000000	 
2	1	790	0	0	0	496	1688	409	2	-1	
3	1	790	1	0	0	496	1688	409	2	-1	
4	1	790	1	1	0	496	1688	409	2	-1	
5	1	790	1	1	1	496	1688	409	2	95.000000	 
2	1	791	0	0	0	496	1688	409	2	-1	
3	1	791	1	0	0	496	1688	409	2	-1	
4	1	791	1	1	0	496	1688	409	2	-1	
5	1	791	1	1	1	496	1688	409	2	95.000000	 
2	1	792	0	0	0	496	1689	409	2	-1	
3	1	792	1	0	0	496	1689	409	2	-1	
4	1	792	1	1	0	496	1689	409	2	-1	
5	1	792	1	1	1	496	1689	409	2	95.000000	 
2	1	793	0	0	0	496	1689	409	2	-1	
3	1	793	1	0	0	496	1689	409	2	-1	
4	1	793	1	1	0	496	1689	409	2	-1	
5	1	793	1	1	1	496	1689	409	2	95.000000	 
2	1	794	0	0	0	784	1680	1	19	-1	
3	1	794	1	0	0	784	1680	1	19	-1	
4	1	794	1	1	0	784	1680	1	19	-1	
5	1	794	1	1	1	784	1680	1	19	95.000000	 
2	1	795	0	0	0	496	1690	421	2	-1	
3	1	795	1	0	0	496	1690	421	2	-1	
4	1	795	1	1	0	496	1690	421	2	-1	
5	1	795	1	1	1	496	1690	421	2	95.000000	 
2	1	796	0	0	0	496	1689	426	4	-1	
3	1	796	1	0	0	496	1689	426	4	-1	
4	1	796	1	1	0	496	1689	426	4	-1	
5	1	796	1	1	1	496	1689	426	4	95.000000	 
2	1	797	0	0	0	496	1689	426	4	-1	
3	1	797	1	0	0	496	1689	426	4	-1	
4	1	797	1	1	0	496	1689	426	4	-1	
5	1	797	1	1	1	496	1689	426	4	95.000000	 
2	1	798	0	0	0	902	1682	1	18	-1	
3	1	798	1	0	0	902	1682	1	18	-1	
4	1	798	1	1	0	902	1682	1	18	-1	
5	1	798	1	1	1	902	1682	1	18	95.000000	 
2	1	799	0	0	0	911	1684	1	16	-1	
3	1	799	1	0	0	911	1684	1	16	-1	
4	1	799	1	1	0	911	1684	1	16	-1	
5	1	799	1	1	1	911	1684	1	16	95.000000	 
2	1	800	0	0	0	314	1694	22	1	-1	
3	1	800	1	0	0	314	1694	22	1	-1	
4	1	800	1	1	0	314	1694	22	1	-1	
5	1	800	1	1	1	314	1694	22	1	95.000000	 
2	1	801	0	0	0	319	1696	19	1	-1	
3	1	801	1	0	0	319	1696	19	1	-1	
4	1	801	1	1	0	319	1696	19	1	-1	
5	1	801	1	1	1	319	1696	19	1	95.000000	 
2	1	802	0	0	0	503	1698	357	1	-1	
3	1	802	1	0	0	503	1698	357	1	-1	
4	1	802	1	1	0	503	1698	357	1	-1	
5	1	802	1	1	1	503	1698	357	1	95.000000	 
2	1	803	0	0	0	321	1274	8	430	-1	
3	1	803	1	0	0	321	1274	8	430	-1	
4	1	803	1	1	0	321	1274	8	430	-1	
5	1	803	1	1	1	321	1274	8	430	95.000000	 
2	1	804	0	0	0	322	1274	7	430	-1	
3	1	804	1	0	0	322	1274	7	430	-1	
4	1	804	1	1	0	322	1274	7	430	-1	
5	1	804	1	1	1	322	1274	7	430	95.000000	 
2	1	805	0	0	0	325	1274	8	430	-1	
3	1	805	1	0	0	325	1274	8	430	-1	
4	1	805	1	1	0	325	1274	8	430	-1	
5	1	805	1	1	1	325	1274	8	430	95.000000	 
2	1	806	0	0	0	613	1603	1	106	-1	
3	1	806	1	0	0	613	1603	1	106	-1	
4	1	806	1	1	0	613	1603	1	106	-1	
5	1	806	1	1	1	613	1603	1	106	95.000000	 
2	1	807	0	0	0	316	1618	6	94	-1	
3	1	807	1	0	0	316	1618	6	94	-1	
4	1	807	1	1	0	316	1618	6	94	-1	
5	1	807	1	1	1	316	1618	6	94	95.000000	 
2	1	808	0	0	0	867	1628	2	84	-1	
3	1	808	1	0	0	867	1628	2	84	-1	
4	1	808	1	1	0	867	1628	2	84	-1	
5	1	808	1	1	1	867	1628	2	84	95.000000	 
2	1	809	0	0	0	869	1628	2	84	-1	
3	1	809	1	0	0	869	1628	2	84	-1	
4	1	809	1	1	0	869	1628	2	84	-1	
5	1	809	1	1	1	869	1628	2	84	95.000000	 
2	1	810	0	0	0	859	1676	3	39	-1	
3	1	810	1	0	0	859	1676	3	39	-1	
4	1	810	1	1	0	859	1676	3	39	-1	
5	1	810	1	1	1	859	1676	3	39	95.000000	 
2	1	811	0	0	0	508	1698	352	3	-1	
3	1	811	1	0	0	508	1698	352	3	-1	
4	1	811	1	1	0	508	1698	352	3	-1	
5	1	811	1	1	1	508	1698	352	3	95.000000	 
2	1	812	0	0	0	816	1691	1	19	-1	
3	1	812	1	0	0	816	1691	1	19	-1	
4	1	812	1	1	0	816	1691	1	19	-1	
5	1	812	1	1	1	816	1691	1	19	95.000000	 
2	1	813	0	0	0	310	1701	19	1	-1	
3	1	813	1	0	0	310	1701	19	1	-1	
4	1	813	1	1	0	310	1701	19	1	-1	
5	1	813	1	1	1	310	1701	19	1	95.000000	 
2	1	814	0	0	0	744	1701	116	1	-1	
3	1	814	1	0	0	744	1701	116	1	-1	
4	1	814	1	1	0	744	1701	116	1	-1	
5	1	814	1	1	1	744	1701	116	1	95.000000	 
2	1	815	0	0	0	859	1689	1	26	-1	
3	1	815	1	0	0	859	1689	1	26	-1	
4	1	815	1	1	0	859	1689	1	26	-1	
5	1	815	1	1	1	859	1689	1	26	95.000000	 
2	1	816	0	0	0	1070	1701	98	3	-1	
3	1	816	1	0	0	1070	1701	98	3	-1	
4	1	816	1	1	0	1070	1701	98	3	-1	
5	1	816	1	1	1	1070	1701	98	3	95.000000	 
2	1	817	0	0	0	1083	1700	85	5	-1	
3	1	817	1	0	0	1083	1700	85	5	-1	
4	1	817	1	1	0	1083	1700	85	5	-1	
5	1	817	1	1	1	1083	1700	85	5	95.000000	 
2	1	818	0	0	0	314	1703	24	1	-1	
3	1	818	1	0	0	314	1703	24	1	-1	
4	1	818	1	1	0	314	1703	24	1	-1	
5	1	818	1	1	1	314	1703	24	1	95.000000	 
2	1	819	0	0	0	504	1699	356	10	-1	
3	1	819	1	0	0	504	1699	356	10	-1	
4	1	819	1	1	0	504	1699	356	10	-1	
5	1	819	1	1	1	504	1699	356	10	95.000000	 
2	1	820	0	0	0	504	1702	371	6	-1	
3	1	820	1	0	0	504	1702	371	6	-1	
4	1	820	1	1	0	504	1702	371	6	-1	
5	1	820	1	1	1	504	1702	371	6	95.000000	 
2	1	821	0	0	0	314	1705	25	1	-1	
3	1	821	1	0	0	314	1705	25	1	-1	
4	1	821	1	1	0	314	1705	25	1	-1	
5	1	821	1	1	1	314	1705	25	1	95.000000	 
2	1	822	0	0	0	504	1702	393	10	-1	
3	1	822	1	0	0	504	1702	393	10	-1	
4	1	822	1	1	0	504	1702	393	10	-1	
5	1	822	1	1	1	504	1702	393	10	95.000000	 
2	1	823	0	0	0	504	1706	381	3	-1	
3	1	823	1	0	0	504	1706	381	3	-1	
4	1	823	1	1	0	504	1706	381	3	-1	
5	1	823	1	1	1	504	1706	381	3	95.000000	 
2	1	824	0	0	0	504	1704	393	8	-1	
3	1	824	1	0	0	504	1704	393	8	-1	
4	1	824	1	1	0	504	1704	393	8	-1	
5	1	824	1	1	1	504	1704	393	8	95.000000	 
2	1	825	0	0	0	504	1706	393	5	-1	
3	1	825	1	0	0	504	1706	393	5	-1	
4	1	825	1	1	0	504	1706	393	5	-1	
5	1	825	1	1	1	504	1706	393	5	95.000000	 
2	1	826	0	0	0	487	1709	410	4	-1	
3	1	826	1	0	0	487	1709	410	4	-1	
4	1	826	1	1	0	487	1709	410	4	-1	
5	1	826	1	1	1	487	1709	410	4	95.000000	 
2	1	827	0	0	0	321	1274	6	442	-1	
3	1	827	1	0	0	321	1274	6	442	-1	
4	1	827	1	1	0	321	1274	6	442	-1	
5	1	827	1	1	1	321	1274	6	442	95.000000	 
2	1	828	0	0	0	839	1636	2	87	-1	
3	1	828	1	0	0	839	1636	2	87	-1	
4	1	828	1	1	0	839	1636	2	87	-1	
5	1	828	1	1	1	839	1636	2	87	95.000000	 
2	1	829	0	0	0	831	1654	2	62	-1	
3	1	829	1	0	0	831	1654	2	62	-1	
4	1	829	1	1	0	831	1654	2	62	-1	
5	1	829	1	1	1	831	1654	2	62	95.000000	 
2	1	830	0	0	0	883	1647	2	80	-1	
3	1	830	1	0	0	883	1647	2	80	-1	
4	1	830	1	1	0	883	1647	2	80	-1	
5	1	830	1	1	1	883	1647	2	80	95.000000	 
2	1	831	0	0	0	836	1654	4	69	-1	
3	1	831	1	0	0	836	1654	4	69	-1	
4	1	831	1	1	0	836	1654	4	69	-1	
5	1	831	1	1	1	836	1654	4	69	95.000000	 
2	1	832	0	0	0	724	1650	2	79	-1	
3	1	832	1	0	0	724	1650	2	79	-1	
4	1	832	1	1	0	724	1650	2	79	-1	
5	1	832	1	1	1	724	1650	2	79	95.000000	 
2	1	833	0	0	0	830	1664	4	52	-1	
3	1	833	1	0	0	830	1664	4	52	-1	
4	1	833	1	1	0	830	1664	4	52	-1	
5	1	833	1	1	1	830	1664	4	52	95.000000	 
2	1	834	0	0	0	762	1661	4	61	-1	
3	1	834	1	0	0	762	1661	4	61	-1	
4	1	834	1	1	0	762	1661	4	61	-1	
5	1	834	1	1	1	762	1661	4	61	95.000000	 
2	1	835	0	0	0	796	1662	4	62	-1	
3	1	835	1	0	0	796	1662	4	62	-1	
4	1	835	1	1	0	796	1662	4	62	-1	
5	1	835	1	1	1	796	1662	4	62	95.000000	 
2	1	836	0	0	0	739	1671	4	53	-1	
3	1	836	1	0	0	739	1671	4	53	-1	
4	1	836	1	1	0	739	1671	4	53	-1	
5	1	836	1	1	1	739	1671	4	53	95.000000	 
2	1	837	0	0	0	855	1677	4	43	-1	
3	1	837	1	0	0	855	1677	4	43	-1	
4	1	837	1	1	0	855	1677	4	43	-1	
5	1	837	1	1	1	855	1677	4	43	95.000000	 
2	1	838	0	0	0	723	1670	4	59	-1	
3	1	838	1	0	0	723	1670	4	59	-1	
4	1	838	1	1	0	723	1670	4	59	-1	
5	1	838	1	1	1	723	1670	4	59	95.000000	 
2	1	839	0	0	0	875	1685	3	39	-1	
3	1	839	1	0	0	875	1685	3	39	-1	
4	1	839	1	1	0	875	1685	3	39	-1	
5	1	839	1	1	1	875	1685	3	39	95.000000	 
2	1	840	0	0	0	686	1695	1	26	-1	
3	1	840	1	0	0	686	1695	1	26	-1	
4	1	840	1	1	0	686	1695	1	26	-1	
5	1	840	1	1	1	686	1695	1	26	95.000000	 
2	1	841	0	0	0	618	1698	1	22	-1	
3	1	841	1	0	0	618	1698	1	22	-1	
4	1	841	1	1	0	618	1698	1	22	-1	
5	1	841	1	1	1	618	1698	1	22	95.000000	 
2	1	842	0	0	0	627	1696	1	26	-1	
3	1	842	1	0	0	627	1696	1	26	-1	
4	1	842	1	1	0	627	1696	1	26	-1	
5	1	842	1	1	1	627	1696	1	26	95.000000	 
2	1	843	0	0	0	645	1696	1	29	-1	
3	1	843	1	0	0	645	1696	1	29	-1	
4	1	843	1	1	0	645	1696	1	29	-1	
5	1	843	1	1	1	645	1696	1	29	95.000000	 
2	1	844	0	0	0	487	1712	410	4	-1	
3	1	844	1	0	0	487	1712	410	4	-1	
4	1	844	1	1	0	487	1712	410	4	-1	
5	1	844	1	1	1	487	1712	410	4	95.000000	 
2	1	845	0	0	0	1068	1712	75	4	-1	
3	1	845	1	0	0	1068	1712	75	4	-1	
4	1	845	1	1	0	1068	1712	75	4	-1	
5	1	845	1	1	1	1068	1712	75	4	95.000000	 
2	1	846	0	0	0	1028	1715	115	3	-1	
3	1	846	1	0	0	1028	1715	115	3	-1	
4	1	846	1	1	0	1028	1715	115	3	-1	
5	1	846	1	1	1	1028	1715	115	3	95.000000	 
2	1	847	0	0	0	493	1711	404	13	-1	
3	1	847	1	0	0	493	1711	404	13	-1	
4	1	847	1	1	0	493	1711	404	13	-1	
5	1	847	1	1	1	493	1711	404	13	95.000000	 
2	1	848	0	0	0	1354	1717	19	1	-1	
3	1	848	1	0	0	1354	1717	19	1	-1	
4	1	848	1	1	0	1354	1717	19	1	-1	
5	1	848	1	1	1	1354	1717	19	1	95.000000	 
2	1	849	0	0	0	1363	1706	1	23	-1	
3	1	849	1	0	0	1363	1706	1	23	-1	
4	1	849	1	1	0	1363	1706	1	23	-1	
5	1	849	1	1	1	1363	1706	1	23	95.000000	 
2	1	850	0	0	0	487	1713	654	12	-1	
3	1	850	1	0	0	487	1713	654	12	-1	
4	1	850	1	1	0	487	1713	654	12	-1	
5	1	850	1	1	1	487	1713	654	12	95.000000	 
2	1	851	0	0	0	493	1713	406	12	-1	
3	1	851	1	0	0	493	1713	406	12	-1	
4	1	851	1	1	0	493	1713	406	12	-1	
5	1	851	1	1	1	493	1713	406	12	95.000000	 
2	1	852	0	0	0	493	1717	648	4	-1	
3	1	852	1	0	0	493	1717	648	4	-1	
4	1	852	1	1	0	493	1717	648	4	-1	
5	1	852	1	1	1	493	1717	648	4	95.000000	 
2	1	853	0	0	0	1033	1717	122	3	-1	
3	1	853	1	0	0	1033	1717	122	3	-1	
4	1	853	1	1	0	1033	1717	122	3	-1	
5	1	853	1	1	1	1033	1717	122	3	95.000000	 
2	1	854	0	0	0	477	1718	664	4	-1	
3	1	854	1	0	0	477	1718	664	4	-1	
4	1	854	1	1	0	477	1718	664	4	-1	
5	1	854	1	1	1	477	1718	664	4	95.000000	 
2	1	855	0	0	0	1149	1711	1	17	-1	
3	1	855	1	0	0	1149	1711	1	17	-1	
4	1	855	1	1	0	1149	1711	1	17	-1	
5	1	855	1	1	1	1149	1711	1	17	95.000000	 
2	1	856	0	0	0	477	1719	664	4	-1	
3	1	856	1	0	0	477	1719	664	4	-1	
4	1	856	1	1	0	477	1719	664	4	-1	
5	1	856	1	1	1	477	1719	664	4	95.000000	 
2	1	857	0	0	0	477	1720	664	2	-1	
3	1	857	1	0	0	477	1720	664	2	-1	
4	1	857	1	1	0	477	1720	664	2	-1	
5	1	857	1	1	1	477	1720	664	2	95.000000	 
2	1	858	0	0	0	677	1713	1	17	-1	
3	1	858	1	0	0	677	1713	1	17	-1	
4	1	858	1	1	0	677	1713	1	17	-1	
5	1	858	1	1	1	677	1713	1	17	95.000000	 
2	1	859	0	0	0	493	1721	648	6	-1	
3	1	859	1	0	0	493	1721	648	6	-1	
4	1	859	1	1	0	493	1721	648	6	-1	
5	1	859	1	1	1	493	1721	648	6	95.000000	 
2	1	860	0	0	0	1347	1728	19	1	-1	
3	1	860	1	0	0	1347	1728	19	1	-1	
4	1	860	1	1	0	1347	1728	19	1	-1	
5	1	860	1	1	1	1347	1728	19	1	95.000000	 
2	1	861	0	0	0	795	1499	12	240	-1	
3	1	861	1	0	0	795	1499	12	240	-1	
4	1	861	1	1	0	795	1499	12	240	-1	
5	1	861	1	1	1	795	1499	12	240	95.000000	 
2	1	862	0	0	0	968	1617	7	125	-1	
3	1	862	1	0	0	968	1617	7	125	-1	
4	1	862	1	1	0	968	1617	7	125	-1	
5	1	862	1	1	1	968	1617	7	125	95.000000	 
2	1	863	0	0	0	1195	1621	3	118	-1	
3	1	863	1	0	0	1195	1621	3	118	-1	
4	1	863	1	1	0	1195	1621	3	118	-1	
5	1	863	1	1	1	1195	1621	3	118	95.000000	 
2	1	864	0	0	0	868	1628	7	105	-1	
3	1	864	1	0	0	868	1628	7	105	-1	
4	1	864	1	1	0	868	1628	7	105	-1	
5	1	864	1	1	1	868	1628	7	105	95.000000	 
2	1	865	0	0	0	596	1650	2	87	-1	
3	1	865	1	0	0	596	1650	2	87	-1	
4	1	865	1	1	0	596	1650	2	87	-1	
5	1	865	1	1	1	596	1650	2	87	95.000000	 
2	1	866	0	0	0	754	1665	2	66	-1	
3	1	866	1	0	0	754	1665	2	66	-1	
4	1	866	1	1	0	754	1665	2	66	-1	
5	1	866	1	1	1	754	1665	2	66	95.000000	 
2	1	867	0	0	0	795	1662	2	75	-1	
3	1	867	1	0	0	795	1662	2	75	-1	
4	1	867	1	1	0	795	1662	2	75	-1	
5	1	867	1	1	1	795	1662	2	75	95.000000	 
2	1	868	0	0	0	691	1662	2	78	-1	
3	1	868	1	0	0	691	1662	2	78	-1	
4	1	868	1	1	0	691	1662	2	78	-1	
5	1	868	1	1	1	691	1662	2	78	95.000000	 
2	1	869	0	0	0	691	1670	1	70	-1	
3	1	869	1	0	0	691	1670	1	70	-1	
4	1	869	1	1	0	691	1670	1	70	-1	
5	1	869	1	1	1	691	1670	1	70	95.000000	 
2	1	870	0	0	0	737	1681	4	59	-1	
3	1	870	1	0	0	737	1681	4	59	-1	
4	1	870	1	1	0	737	1681	4	59	-1	
5	1	870	1	1	1	737	1681	4	59	95.000000	 
2	1	871	0	0	0	689	1690	4	50	-1	
3	1	871	1	0	0	689	1690	4	50	-1	
4	1	871	1	1	0	689	1690	4	50	-1	
5	1	871	1	1	1	689	1690	4	50	95.000000	 
2	1	872	0	0	0	688	1695	6	45	-1	
3	1	872	1	0	0	688	1695	6	45	-1	
4	1	872	1	1	0	688	1695	6	45	-1	
5	1	872	1	1	1	688	1695	6	45	95.000000	 
2	1	873	0	0	0	625	1696	3	46	-1	
3	1	873	1	0	0	625	1696	3	46	-1	
4	1	873	1	1	0	625	1696	3	46	-1	
5	1	873	1	1	1	625	1696	3	46	95.000000	 
2	1	874	0	0	0	1074	1712	1	19	-1	
3	1	874	1	0	0	1074	1712	1	19	-1	
4	1	874	1	1	0	1074	1712	1	19	-1	
5	1	874	1	1	1	1074	1712	1	19	95.000000	 
2	1	875	0	0	0	732	1710	1	25	-1	
3	1	875	1	0	0	732	1710	1	25	-1	
4	1	875	1	1	0	732	1710	1	25	-1	
5	1	875	1	1	1	732	1710	1	25	95.000000	 
2	1	876	0	0	0	1361	1715	1	20	-1	
3	1	876	1	0	0	1361	1715	1	20	-1	
4	1	876	1	1	0	1361	1715	1	20	-1	
5	1	876	1	1	1	1361	1715	1	20	95.000000	 
2	1	877	0	0	0	709	1713	1	25	-1	
3	1	877	1	0	0	709	1713	1	25	-1	
4	1	877	1	1	0	709	1713	1	25	-1	
5	1	877	1	1	1	709	1713	1	25	95.000000	 
2	1	878	0	0	0	484	1722	657	10	-1	
3	1	878	1	0	0	484	1722	657	10	-1	
4	1	878	1	1	0	484	1722	657	10	-1	
5	1	878	1	1	1	484	1722	657	10	95.000000	 
2	1	879	0	0	0	484	1721	657	11	-1	
3	1	879	1	0	0	484	1721	657	11	-1	
4	1	879	1	1	0	484	1721	657	11	-1	
5	1	879	1	1	1	484	1721	657	11	95.000000	 
2	1	880	0	0	0	955	1723	186	9	-1	
3	1	880	1	0	0	955	1723	186	9	-1	
4	1	880	1	1	0	955	1723	186	9	-1	
5	1	880	1	1	1	955	1723	186	9	95.000000	 
2	1	881	0	0	0	675	1720	1	19	-1	
3	1	881	1	0	0	675	1720	1	19	-1	
4	1	881	1	1	0	675	1720	1	19	-1	
5	1	881	1	1	1	675	1720	1	19	95.000000	 
2	1	882	0	0	0	964	1726	193	9	-1	
3	1	882	1	0	0	964	1726	193	9	-1	
4	1	882	1	1	0	964	1726	193	9	-1	
5	1	882	1	1	1	964	1726	193	9	95.000000	 
2	1	883	0	0	0	484	1733	698	2	-1	
3	1	883	1	0	0	484	1733	698	2	-1	
4	1	883	1	1	0	484	1733	698	2	-1	
5	1	883	1	1	1	484	1733	698	2	95.000000	 
2	1	884	0	0	0	484	1733	698	1	-1	
3	1	884	1	0	0	484	1733	698	1	-1	
4	1	884	1	1	0	484	1733	698	1	-1	
5	1	884	1	1	1	484	1733	698	1	95.000000	 
2	1	885	0	0	0	484	1733	698	1	-1	
3	1	885	1	0	0	484	1733	698	1	-1	
4	1	885	1	1	0	484	1733	698	1	-1	
5	1	885	1	1	1	484	1733	698	1	95.000000	 
2	1	886	0	0	0	964	1734	218	1	-1	
3	1	886	1	0	0	964	1734	218	1	-1	
4	1	886	1	1	0	964	1734	218	1	-1	
5	1	886	1	1	1	964	1734	218	1	95.000000	 
2	1	887	0	0	0	552	1733	630	6	-1	
3	1	887	1	0	0	552	1733	630	6	-1	
4	1	887	1	1	0	552	1733	630	6	-1	
5	1	887	1	1	1	552	1733	630	6	95.000000	 
2	1	888	0	0	0	957	1740	178	2	-1	
3	1	888	1	0	0	957	1740	178	2	-1	
4	1	888	1	1	0	957	1740	178	2	-1	
5	1	888	1	1	1	957	1740	178	2	95.000000	 
2	1	889	0	0	0	753	1665	2	82	-1	
3	1	889	1	0	0	753	1665	2	82	-1	
4	1	889	1	1	0	753	1665	2	82	-1	
5	1	889	1	1	1	753	1665	2	82	95.000000	 
2	1	890	0	0	0	828	1670	1	82	-1	
3	1	890	1	0	0	828	1670	1	82	-1	
4	1	890	1	1	0	828	1670	1	82	-1	
5	1	890	1	1	1	828	1670	1	82	95.000000	 
2	1	891	0	0	0	825	1679	4	73	-1	
3	1	891	1	0	0	825	1679	4	73	-1	
4	1	891	1	1	0	825	1679	4	73	-1	
5	1	891	1	1	1	825	1679	4	73	95.000000	 
2	1	892	0	0	0	506	1722	1	32	-1	
3	1	892	1	0	0	506	1722	1	32	-1	
4	1	892	1	1	0	506	1722	1	32	-1	
5	1	892	1	1	1	506	1722	1	32	95.000000	 
2	1	893	0	0	0	769	1730	1	19	-1	
3	1	893	1	0	0	769	1730	1	19	-1	
4	1	893	1	1	0	769	1730	1	19	-1	
5	1	893	1	1	1	769	1730	1	19	95.000000	 
2	1	894	0	0	0	682	1731	1	19	-1	
3	1	894	1	0	0	682	1731	1	19	-1	
4	1	894	1	1	0	682	1731	1	19	-1	
5	1	894	1	1	1	682	1731	1	19	95.000000	 
2	1	895	0	0	0	673	1729	1	26	-1	
3	1	895	1	0	0	673	1729	1	26	-1	
4	1	895	1	1	0	673	1729	1	26	-1	
5	1	895	1	1	1	673	1729	1	26	95.000000	 
2	1	896	0	0	0	632	1734	1	18	-1	
3	1	896	1	0	0	632	1734	1	18	-1	
4	1	896	1	1	0	632	1734	1	18	-1	
5	1	896	1	1	1	632	1734	1	18	95.000000	 
2	1	897	0	0	0	1041	1742	96	5	-1	
3	1	897	1	0	0	1041	1742	96	5	-1	
4	1	897	1	1	0	1041	1742	96	5	-1	
5	1	897	1	1	1	1041	1742	96	5	95.000000	 
2	1	898	0	0	0	1041	1742	151	7	-1	
3	1	898	1	0	0	1041	1742	151	7	-1	
4	1	898	1	1	0	1041	1742	151	7	-1	
5	1	898	1	1	1	1041	1742	151	7	95.000000	 
2	1	899	0	0	0	1293	1737	1	18	-1	
3	1	899	1	0	0	1293	1737	1	18	-1	
4	1	899	1	1	0	1293	1737	1	18	-1	
5	1	899	1	1	1	1293	1737	1	18	95.000000	 
2	1	900	0	0	0	705	1737	1	19	-1	
3	1	900	1	0	0	705	1737	1	19	-1	
4	1	900	1	1	0	705	1737	1	19	-1	
5	1	900	1	1	1	705	1737	1	19	95.000000	 
2	1	901	0	0	0	657	1747	124	4	-1	
3	1	901	1	0	0	657	1747	124	4	-1	
4	1	901	1	1	0	657	1747	124	4	-1	
5	1	901	1	1	1	657	1747	124	4	95.000000	 
2	1	902	0	0	0	1041	1748	94	4	-1	
3	1	902	1	0	0	1041	1748	94	4	-1	
4	1	902	1	1	0	1041	1748	94	4	-1	
5	1	902	1	1	1	1041	1748	94	4	95.000000	 
2	1	903	0	0	0	545	1752	214	6	-1	
3	1	903	1	0	0	545	1752	214	6	-1	
4	1	903	1	1	0	545	1752	214	6	-1	
5	1	903	1	1	1	545	1752	214	6	95.000000	 
2	1	904	0	0	0	551	1753	208	4	-1	
3	1	904	1	0	0	551	1753	208	4	-1	
4	1	904	1	1	0	551	1753	208	4	-1	
5	1	904	1	1	1	551	1753	208	4	95.000000	 
2	1	905	0	0	0	567	1754	192	2	-1	
3	1	905	1	0	0	567	1754	192	2	-1	
4	1	905	1	1	0	567	1754	192	2	-1	
5	1	905	1	1	1	567	1754	192	2	95.000000	 
2	1	906	0	0	0	1022	1755	174	2	-1	
3	1	906	1	0	0	1022	1755	174	2	-1	
4	1	906	1	1	0	1022	1755	174	2	-1	
5	1	906	1	1	1	1022	1755	174	2	95.000000	 
2	1	907	0	0	0	1022	1755	174	1	-1	
3	1	907	1	0	0	1022	1755	174	1	-1	
4	1	907	1	1	0	1022	1755	174	1	-1	
5	1	907	1	1	1	1022	1755	174	1	95.000000	 
2	1	908	0	0	0	1091	1754	105	4	-1	
3	1	908	1	0	0	1091	1754	105	4	-1	
4	1	908	1	1	0	1091	1754	105	4	-1	
5	1	908	1	1	1	1091	1754	105	4	95.000000	 
2	1	909	0	0	0	735	1759	40	1	-1	
3	1	909	1	0	0	735	1759	40	1	-1	
4	1	909	1	1	0	735	1759	40	1	-1	
5	1	909	1	1	1	735	1759	40	1	95.000000	 
2	1	910	0	0	0	1171	1542	7	220	-1	
3	1	910	1	0	0	1171	1542	7	220	-1	
4	1	910	1	1	0	1171	1542	7	220	-1	
5	1	910	1	1	1	1171	1542	7	220	95.000000	 
2	1	911	0	0	0	1187	1545	5	228	-1	
3	1	911	1	0	0	1187	1545	5	228	-1	
4	1	911	1	1	0	1187	1545	5	228	-1	
5	1	911	1	1	1	1187	1545	5	228	95.000000	 
2	1	912	0	0	0	636	1574	2	199	-1	
3	1	912	1	0	0	636	1574	2	199	-1	
4	1	912	1	1	0	636	1574	2	199	-1	
5	1	912	1	1	1	636	1574	2	199	95.000000	 
2	1	913	0	0	0	746	1599	6	168	-1	
3	1	913	1	0	0	746	1599	6	168	-1	
4	1	913	1	1	0	746	1599	6	168	-1	
5	1	913	1	1	1	746	1599	6	168	95.000000	 
2	1	914	0	0	0	774	1643	1	126	-1	
3	1	914	1	0	0	774	1643	1	126	-1	
4	1	914	1	1	0	774	1643	1	126	-1	
5	1	914	1	1	1	774	1643	1	126	95.000000	 
2	1	915	0	0	0	653	1707	4	55	-1	
3	1	915	1	0	0	653	1707	4	55	-1	
4	1	915	1	1	0	653	1707	4	55	-1	
5	1	915	1	1	1	653	1707	4	55	95.000000	 
2	1	916	0	0	0	659	1707	4	59	-1	
3	1	916	1	0	0	659	1707	4	59	-1	
4	1	916	1	1	0	659	1707	4	59	-1	
5	1	916	1	1	1	659	1707	4	59	95.000000	 
2	1	917	0	0	0	440	1741	1	20	-1	
3	1	917	1	0	0	440	1741	1	20	-1	
4	1	917	1	1	0	440	1741	1	20	-1	
5	1	917	1	1	1	440	1741	1	20	95.000000	 
2	1	918	0	0	0	1029	1748	1	23	-1	
3	1	918	1	0	0	1029	1748	1	23	-1	
4	1	918	1	1	0	1029	1748	1	23	-1	
5	1	918	1	1	1	1029	1748	1	23	95.000000	 
2	1	919	0	0	0	574	1760	216	7	-1	
3	1	919	1	0	0	574	1760	216	7	-1	
4	1	919	1	1	0	574	1760	216	7	-1	
5	1	919	1	1	1	574	1760	216	7	95.000000	 
2	1	920	0	0	0	565	1765	107	1	-1	
3	1	920	1	0	0	565	1765	107	1	-1	
4	1	920	1	1	0	565	1765	107	1	-1	
5	1	920	1	1	1	565	1765	107	1	95.000000	 
2	1	921	0	0	0	1029	1766	20	1	-1	
3	1	921	1	0	0	1029	1766	20	1	-1	
4	1	921	1	1	0	1029	1766	20	1	-1	
5	1	921	1	1	1	1029	1766	20	1	95.000000	 
2	1	922	0	0	0	1098	1767	100	3	-1	
3	1	922	1	0	0	1098	1767	100	3	-1	
4	1	922	1	1	0	1098	1767	100	3	-1	
5	1	922	1	1	1	1098	1767	100	3	95.000000	 
2	1	923	0	0	0	559	1768	50	4	-1	
3	1	923	1	0	0	559	1768	50	4	-1	
4	1	923	1	1	0	559	1768	50	4	-1	
5	1	923	1	1	1	559	1768	50	4	95.000000	 
2	1	924	0	0	0	1163	1774	25	1	-1	
3	1	924	1	0	0	1163	1774	25	1	-1	
4	1	924	1	1	0	1163	1774	25	1	-1	
5	1	924	1	1	1	1163	1774	25	1	95.000000	 
2	1	925	0	0	0	1164	1540	3	244	-1	
3	1	925	1	0	0	1164	1540	3	244	-1	
4	1	925	1	1	0	1164	1540	3	244	-1	
5	1	925	1	1	1	1164	1540	3	244	95.000000	 
2	1	926	0	0	0	1166	1540	1	244	-1	
3	1	926	1	0	0	1166	1540	1	244	-1	
4	1	926	1	1	0	1166	1540	1	244	-1	
5	1	926	1	1	1	1166	1540	1	244	95.000000	 
2	1	927	0	0	0	1172	1542	3	242	-1	
3	1	927	1	0	0	1172	1542	3	242	-1	
4	1	927	1	1	0	1172	1542	3	242	-1	
5	1	927	1	1	1	1172	1542	3	242	95.000000	 
2	1	928	0	0	0	608	1603	6	183	-1	
3	1	928	1	0	0	608	1603	6	183	-1	
4	1	928	1	1	0	608	1603	6	183	-1	
5	1	928	1	1	1	608	1603	6	183	95.000000	 
2	1	929	0	0	0	603	1606	6	180	-1	
3	1	929	1	0	0	603	1606	6	180	-1	
4	1	929	1	1	0	603	1606	6	180	-1	
5	1	929	1	1	1	603	1606	6	180	95.000000	 
2	1	930	0	0	0	604	1606	6	180	-1	
3	1	930	1	0	0	604	1606	6	180	-1	
4	1	930	1	1	0	604	1606	6	180	-1	
5	1	930	1	1	1	604	1606	6	180	95.000000	 
2	1	931	0	0	0	577	1611	6	173	-1	
3	1	931	1	0	0	577	1611	6	173	-1	
4	1	931	1	1	0	577	1611	6	173	-1	
5	1	931	1	1	1	577	1611	6	173	95.000000	 
2	1	932	0	0	0	578	1611	4	173	-1	
3	1	932	1	0	0	578	1611	4	173	-1	
4	1	932	1	1	0	578	1611	4	173	-1	
5	1	932	1	1	1	578	1611	4	173	95.000000	 
2	1	933	0	0	0	1182	1645	1	137	-1	
3	1	933	1	0	0	1182	1645	1	137	-1	
4	1	933	1	1	0	1182	1645	1	137	-1	
5	1	933	1	1	1	1182	1645	1	137	95.000000	 
2	1	934	0	0	0	608	1685	2	101	-1	
3	1	934	1	0	0	608	1685	2	101	-1	
4	1	934	1	1	0	608	1685	2	101	-1	
5	1	934	1	1	1	608	1685	2	101	95.000000	 
2	1	935	0	0	0	572	1691	2	91	-1	
3	1	935	1	0	0	572	1691	2	91	-1	
4	1	935	1	1	0	572	1691	2	91	-1	
5	1	935	1	1	1	572	1691	2	91	95.000000	 
2	1	936	0	0	0	575	1691	9	93	-1	
3	1	936	1	0	0	575	1691	9	93	-1	
4	1	936	1	1	0	575	1691	9	93	-1	
5	1	936	1	1	1	575	1691	9	93	95.000000	 
2	1	937	0	0	0	716	1708	2	68	-1	
3	1	937	1	0	0	716	1708	2	68	-1	
4	1	937	1	1	0	716	1708	2	68	-1	
5	1	937	1	1	1	716	1708	2	68	95.000000	 
2	1	938	0	0	0	590	1713	4	64	-1	
3	1	938	1	0	0	590	1713	4	64	-1	
4	1	938	1	1	0	590	1713	4	64	-1	
5	1	938	1	1	1	590	1713	4	64	95.000000	 
2	1	939	0	0	0	715	1721	4	55	-1	
3	1	939	1	0	0	715	1721	4	55	-1	
4	1	939	1	1	0	715	1721	4	55	-1	
5	1	939	1	1	1	715	1721	4	55	95.000000	 
2	1	940	0	0	0	588	1720	4	62	-1	
3	1	940	1	0	0	588	1720	4	62	-1	
4	1	940	1	1	0	588	1720	4	62	-1	
5	1	940	1	1	1	588	1720	4	62	95.000000	 
2	1	941	0	0	0	1180	1727	4	55	-1	
3	1	941	1	0	0	1180	1727	4	55	-1	
4	1	941	1	1	0	1180	1727	4	55	-1	
5	1	941	1	1	1	1180	1727	4	55	95.000000	 
2	1	942	0	0	0	540	1752	1	26	-1	
3	1	942	1	0	0	540	1752	1	26	-1	
4	1	942	1	1	0	540	1752	1	26	-1	
5	1	942	1	1	1	540	1752	1	26	95.000000	 
2	1	943	0	0	0	669	1758	1	22	-1	
3	1	943	1	0	0	669	1758	1	22	-1	
4	1	943	1	1	0	669	1758	1	22	-1	
5	1	943	1	1	1	669	1758	1	22	95.000000	 
2	1	944	0	0	0	447	1766	1	17	-1	
3	1	944	1	0	0	447	1766	1	17	-1	
4	1	944	1	1	0	447	1766	1	17	-1	
5	1	944	1	1	1	447	1766	1	17	95.000000	 
2	1	945	0	0	0	529	1773	64	4	-1	
3	1	945	1	0	0	529	1773	64	4	-1	
4	1	945	1	1	0	529	1773	64	4	-1	
5	1	945	1	1	1	529	1773	64	4	95.000000	 
2	1	946	0	0	0	529	1776	69	2	-1	
3	1	946	1	0	0	529	1776	69	2	-1	
4	1	946	1	1	0	529	1776	69	2	-1	
5	1	946	1	1	1	529	1776	69	2	95.000000	 
2	1	947	0	0	0	1132	1775	65	4	-1	
3	1	947	1	0	0	1132	1775	65	4	-1	
4	1	947	1	1	0	1132	1775	65	4	-1	
5	1	947	1	1	1	1132	1775	65	4	95.000000	 
2	1	948	0	0	0	488	1773	110	10	-1	
3	1	948	1	0	0	488	1773	110	10	-1	
4	1	948	1	1	0	488	1773	110	10	-1	
5	1	948	1	1	1	488	1773	110	10	95.000000	 
2	1	949	0	0	0	992	1776	205	3	-1	
3	1	949	1	0	0	992	1776	205	3	-1	
4	1	949	1	1	0	992	1776	205	3	-1	
5	1	949	1	1	1	992	1776	205	3	95.000000	 
2	1	950	0	0	0	487	1774	111	9	-1	
3	1	950	1	0	0	487	1774	111	9	-1	
4	1	950	1	1	0	487	1774	111	9	-1	
5	1	950	1	1	1	487	1774	111	9	95.000000	 
2	1	951	0	0	0	547	1772	1	17	-1	
3	1	951	1	0	0	547	1772	1	17	-1	
4	1	951	1	1	0	547	1772	1	17	-1	
5	1	951	1	1	1	547	1772	1	17	95.000000	 
2	1	952	0	0	0	488	1781	80	4	-1	
3	1	952	1	0	0	488	1781	80	4	-1	
4	1	952	1	1	0	488	1781	80	4	-1	
5	1	952	1	1	1	488	1781	80	4	95.000000	 
2	1	953	0	0	0	1087	1780	83	6	-1	
3	1	953	1	0	0	1087	1780	83	6	-1	
4	1	953	1	1	0	1087	1780	83	6	-1	
5	1	953	1	1	1	1087	1780	83	6	95.000000	 
2	1	954	0	0	0	1078	1781	92	5	-1	
3	1	954	1	0	0	1078	1781	92	5	-1	
4	1	954	1	1	0	1078	1781	92	5	-1	
5	1	954	1	1	1	1078	1781	92	5	95.000000	 
2	1	955	0	0	0	488	1784	108	1	-1	
3	1	955	1	0	0	488	1784	108	1	-1	
4	1	955	1	1	0	488	1784	108	1	-1	
5	1	955	1	1	1	488	1784	108	1	95.000000	 
2	1	956	0	0	0	1087	1783	96	5	-1	
3	1	956	1	0	0	1087	1783	96	5	-1	
4	1	956	1	1	0	1087	1783	96	5	-1	
5	1	956	1	1	1	1087	1783	96	5	95.000000	 
2	1	957	0	0	0	1087	1787	35	3	-1	
3	1	957	1	0	0	1087	1787	35	3	-1	
4	1	957	1	1	0	1087	1787	35	3	-1	
5	1	957	1	1	1	1087	1787	35	3	95.000000	 
2	1	958	0	0	0	1128	1550	5	255	-1	
3	1	958	1	0	0	1128	1550	5	255	-1	
4	1	958	1	1	0	1128	1550	5	255	-1	
5	1	958	1	1	1	1128	1550	5	255	95.000000	 
2	1	959	0	0	0	511	1623	6	169	-1	
3	1	959	1	0	0	511	1623	6	169	-1	
4	1	959	1	1	0	511	1623	6	169	-1	
5	1	959	1	1	1	511	1623	6	169	95.000000	 
2	1	960	0	0	0	567	1617	2	186	-1	
3	1	960	1	0	0	567	1617	2	186	-1	
4	1	960	1	1	0	567	1617	2	186	-1	
5	1	960	1	1	1	567	1617	2	186	95.000000	 
2	1	961	0	0	0	509	1632	3	160	-1	
3	1	961	1	0	0	509	1632	3	160	-1	
4	1	961	1	1	0	509	1632	3	160	-1	
5	1	961	1	1	1	509	1632	3	160	95.000000	 
2	1	962	0	0	0	509	1632	8	160	-1	
3	1	962	1	0	0	509	1632	8	160	-1	
4	1	962	1	1	0	509	1632	8	160	-1	
5	1	962	1	1	1	509	1632	8	160	95.000000	 
2	1	963	0	0	0	511	1632	3	160	-1	
3	1	963	1	0	0	511	1632	3	160	-1	
4	1	963	1	1	0	511	1632	3	160	-1	
5	1	963	1	1	1	511	1632	3	160	95.000000	 
2	1	964	0	0	0	493	1630	1	168	-1	
3	1	964	1	0	0	493	1630	1	168	-1	
4	1	964	1	1	0	493	1630	1	168	-1	
5	1	964	1	1	1	493	1630	1	168	95.000000	 
2	1	965	0	0	0	565	1689	5	114	-1	
3	1	965	1	0	0	565	1689	5	114	-1	
4	1	965	1	1	0	565	1689	5	114	-1	
5	1	965	1	1	1	565	1689	5	114	95.000000	 
2	1	966	0	0	0	574	1691	5	109	-1	
3	1	966	1	0	0	574	1691	5	109	-1	
4	1	966	1	1	0	574	1691	5	109	-1	
5	1	966	1	1	1	574	1691	5	109	95.000000	 
2	1	967	0	0	0	575	1691	3	109	-1	
3	1	967	1	0	0	575	1691	3	109	-1	
4	1	967	1	1	0	575	1691	3	109	-1	
5	1	967	1	1	1	575	1691	3	109	95.000000	 
2	1	968	0	0	0	1076	1702	5	102	-1	
3	1	968	1	0	0	1076	1702	5	102	-1	
4	1	968	1	1	0	1076	1702	5	102	-1	
5	1	968	1	1	1	1076	1702	5	102	95.000000	 
2	1	969	0	0	0	587	1720	2	75	-1	
3	1	969	1	0	0	587	1720	2	75	-1	
4	1	969	1	1	0	587	1720	2	75	-1	
5	1	969	1	1	1	587	1720	2	75	95.000000	 
2	1	970	0	0	0	1222	1767	34	26	-1	
3	1	970	1	0	0	1222	1767	34	26	-1	
4	1	970	1	1	0	1222	1767	34	26	-1	
5	1	970	1	1	1	1222	1767	34	26	95.000000	 
2	1	971	0	0	0	699	1771	1	22	-1	
3	1	971	1	0	0	699	1771	1	22	-1	
4	1	971	1	1	0	699	1771	1	22	-1	
5	1	971	1	1	1	699	1771	1	22	95.000000	 
2	1	972	0	0	0	545	1772	1	22	-1	
3	1	972	1	0	0	545	1772	1	22	-1	
4	1	972	1	1	0	545	1772	1	22	-1	
5	1	972	1	1	1	545	1772	1	22	95.000000	 
2	1	973	0	0	0	489	1790	80	2	-1	
3	1	973	1	0	0	489	1790	80	2	-1	
4	1	973	1	1	0	489	1790	80	2	-1	
5	1	973	1	1	1	489	1790	80	2	95.000000	 
2	1	974	0	0	0	489	1790	80	2	-1	
3	1	974	1	0	0	489	1790	80	2	-1	
4	1	974	1	1	0	489	1790	80	2	-1	
5	1	974	1	1	1	489	1790	80	2	95.000000	 
2	1	975	0	0	0	1112	1791	19	1	-1	
3	1	975	1	0	0	1112	1791	19	1	-1	
4	1	975	1	1	0	1112	1791	19	1	-1	
5	1	975	1	1	1	1112	1791	19	1	95.000000	 
2	1	976	0	0	0	1085	1792	55	4	-1	
3	1	976	1	0	0	1085	1792	55	4	-1	
4	1	976	1	1	0	1085	1792	55	4	-1	
5	1	976	1	1	1	1085	1792	55	4	95.000000	 
2	1	977	0	0	0	486	1793	42	3	-1	
3	1	977	1	0	0	486	1793	42	3	-1	
4	1	977	1	1	0	486	1793	42	3	-1	
5	1	977	1	1	1	486	1793	42	3	95.000000	 
2	1	978	0	0	0	1094	1794	51	4	-1	
3	1	978	1	0	0	1094	1794	51	4	-1	
4	1	978	1	1	0	1094	1794	51	4	-1	
5	1	978	1	1	1	1094	1794	51	4	95.000000	 
2	1	979	0	0	0	1094	1794	51	4	-1	
3	1	979	1	0	0	1094	1794	51	4	-1	
4	1	979	1	1	0	1094	1794	51	4	-1	
5	1	979	1	1	1	1094	1794	51	4	95.000000	 
2	1	980	0	0	0	511	1797	32	1	-1	
3	1	980	1	0	0	511	1797	32	1	-1	
4	1	980	1	1	0	511	1797	32	1	-1	
5	1	980	1	1	1	511	1797	32	1	95.000000	 
2	1	981	0	0	0	1094	1797	60	2	-1	
3	1	981	1	0	0	1094	1797	60	2	-1	
4	1	981	1	1	0	1094	1797	60	2	-1	
5	1	981	1	1	1	1094	1797	60	2	95.000000	 
2	1	982	0	0	0	494	1801	81	2	-1	
3	1	982	1	0	0	494	1801	81	2	-1	
4	1	982	1	1	0	494	1801	81	2	-1	
5	1	982	1	1	1	494	1801	81	2	95.000000	 
2	1	983	0	0	0	494	1801	81	2	-1	
3	1	983	1	0	0	494	1801	81	2	-1	
4	1	983	1	1	0	494	1801	81	2	-1	
5	1	983	1	1	1	494	1801	81	2	95.000000	 
2	1	984	0	0	0	1126	1550	10	267	-1	
3	1	984	1	0	0	1126	1550	10	267	-1	
4	1	984	1	1	0	1126	1550	10	267	-1	
5	1	984	1	1	1	1126	1550	10	267	95.000000	 
2	1	985	0	0	0	1136	1612	10	196	-1	
3	1	985	1	0	0	1136	1612	10	196	-1	
4	1	985	1	1	0	1136	1612	10	196	-1	
5	1	985	1	1	1	1136	1612	10	196	95.000000	 
2	1	986	0	0	0	1143	1623	2	185	-1	
3	1	986	1	0	0	1143	1623	2	185	-1	
4	1	986	1	1	0	1143	1623	2	185	-1	
5	1	986	1	1	1	1143	1623	2	185	95.000000	 
2	1	987	0	0	0	509	1632	9	184	-1	
3	1	987	1	0	0	509	1632	9	184	-1	
4	1	987	1	1	0	509	1632	9	184	-1	
5	1	987	1	1	1	509	1632	9	184	95.000000	 
2	1	988	0	0	0	1134	1660	4	157	-1	
3	1	988	1	0	0	1134	1660	4	157	-1	
4	1	988	1	1	0	1134	1660	4	157	-1	
5	1	988	1	1	1	1134	1660	4	157	95.000000	 
2	1	989	0	0	0	518	1693	2	123	-1	
3	1	989	1	0	0	518	1693	2	123	-1	
4	1	989	1	1	0	518	1693	2	123	-1	
5	1	989	1	1	1	518	1693	2	123	95.000000	 
2	1	990	0	0	0	565	1689	6	131	-1	
3	1	990	1	0	0	565	1689	6	131	-1	
4	1	990	1	1	0	565	1689	6	131	-1	
5	1	990	1	1	1	565	1689	6	131	95.000000	 
2	1	991	0	0	0	1092	1697	3	118	-1	
3	1	991	1	0	0	1092	1697	3	118	-1	
4	1	991	1	1	0	1092	1697	3	118	-1	
5	1	991	1	1	1	1092	1697	3	118	95.000000	 
2	1	992	0	0	0	499	1717	2	93	-1	
3	1	992	1	0	0	499	1717	2	93	-1	
4	1	992	1	1	0	499	1717	2	93	-1	
5	1	992	1	1	1	499	1717	2	93	95.000000	 
2	1	993	0	0	0	501	1717	2	93	-1	
3	1	993	1	0	0	501	1717	2	93	-1	
4	1	993	1	1	0	501	1717	2	93	-1	
5	1	993	1	1	1	501	1717	2	93	95.000000	 
2	1	994	0	0	0	524	1721	2	93	-1	
3	1	994	1	0	0	524	1721	2	93	-1	
4	1	994	1	1	0	524	1721	2	93	-1	
5	1	994	1	1	1	524	1721	2	93	95.000000	 
2	1	995	0	0	0	526	1721	2	93	-1	
3	1	995	1	0	0	526	1721	2	93	-1	
4	1	995	1	1	0	526	1721	2	93	-1	
5	1	995	1	1	1	526	1721	2	93	95.000000	 
2	1	996	0	0	0	558	1734	2	86	-1	
3	1	996	1	0	0	558	1734	2	86	-1	
4	1	996	1	1	0	558	1734	2	86	-1	
5	1	996	1	1	1	558	1734	2	86	95.000000	 
2	1	997	0	0	0	1119	1793	1	18	-1	
3	1	997	1	0	0	1119	1793	1	18	-1	
4	1	997	1	1	0	1119	1793	1	18	-1	
5	1	997	1	1	1	1119	1793	1	18	95.000000	 
2	1	998	0	0	0	959	1800	175	10	-1	
3	1	998	1	0	0	959	1800	175	10	-1	
4	1	998	1	1	0	959	1800	175	10	-1	
5	1	998	1	1	1	959	1800	175	10	95.000000	 
2	1	999	0	0	0	959	1801	177	8	-1	
3	1	999	1	0	0	959	1801	177	8	-1	
4	1	999	1	1	0	959	1801	177	8	-1	
5	1	999	1	1	1	959	1801	177	8	95.000000	 
2	1	1000	0	0	0	957	1802	177	7	-1	
3	1	1000	1	0	0	957	1802	177	7	-1	
4	1	1000	1	1	0	957	1802	177	7	-1	
5	1	1000	1	1	1	957	1802	177	7	95.000000	 
2	1	1001	0	0	0	959	1802	175	7	-1	
3	1	1001	1	0	0	959	1802	175	7	-1	
4	1	1001	1	1	0	959	1802	175	7	-1	
5	1	1001	1	1	1	959	1802	175	7	95.000000	 
2	1	1002	0	0	0	466	1805	87	4	-1	
3	1	1002	1	0	0	466	1805	87	4	-1	
4	1	1002	1	1	0	466	1805	87	4	-1	
5	1	1002	1	1	1	466	1805	87	4	95.000000	 
2	1	1003	0	0	0	482	1797	1	20	-1	
3	1	1003	1	0	0	482	1797	1	20	-1	
4	1	1003	1	1	0	482	1797	1	20	-1	
5	1	1003	1	1	1	482	1797	1	20	95.000000	 
2	1	1004	0	0	0	959	1806	186	5	-1	
3	1	1004	1	0	0	959	1806	186	5	-1	
4	1	1004	1	1	0	959	1806	186	5	-1	
5	1	1004	1	1	1	959	1806	186	5	95.000000	 
2	1	1005	0	0	0	482	1810	96	2	-1	
3	1	1005	1	0	0	482	1810	96	2	-1	
4	1	1005	1	1	0	482	1810	96	2	-1	
5	1	1005	1	1	1	482	1810	96	2	95.000000	 
2	1	1006	0	0	0	466	1815	67	2	-1	
3	1	1006	1	0	0	466	1815	67	2	-1	
4	1	1006	1	1	0	466	1815	67	2	-1	
5	1	1006	1	1	1	466	1815	67	2	95.000000	 
2	1	1007	0	0	0	1080	1815	63	2	-1	
3	1	1007	1	0	0	1080	1815	63	2	-1	
4	1	1007	1	1	0	1080	1815	63	2	-1	
5	1	1007	1	1	1	1080	1815	63	2	95.000000	 
2	1	1008	0	0	0	1092	1814	51	4	-1	
3	1	1008	1	0	0	1092	1814	51	4	-1	
4	1	1008	1	1	0	1092	1814	51	4	-1	
5	1	1008	1	1	1	1092	1814	51	4	95.000000	 
2	1	1009	0	0	0	919	1815	224	5	-1	
3	1	1009	1	0	0	919	1815	224	5	-1	
4	1	1009	1	1	0	919	1815	224	5	-1	
5	1	1009	1	1	1	919	1815	224	5	95.000000	 
2	1	1010	0	0	0	919	1818	21	1	-1	
3	1	1010	1	0	0	919	1818	21	1	-1	
4	1	1010	1	1	0	919	1818	21	1	-1	
5	1	1010	1	1	1	919	1818	21	1	95.000000	 
2	1	1011	0	0	0	1087	1543	6	280	-1	
3	1	1011	1	0	0	1087	1543	6	280	-1	
4	1	1011	1	1	0	1087	1543	6	280	-1	
5	1	1011	1	1	1	1087	1543	6	280	95.000000	 
2	1	1012	0	0	0	1083	1560	13	263	-1	
3	1	1012	1	0	0	1083	1560	13	263	-1	
4	1	1012	1	1	0	1083	1560	13	263	-1	
5	1	1012	1	1	1	1083	1560	13	263	95.000000	 
2	1	1013	0	0	0	489	1630	5	191	-1	
3	1	1013	1	0	0	489	1630	5	191	-1	
4	1	1013	1	1	0	489	1630	5	191	-1	
5	1	1013	1	1	1	489	1630	5	191	95.000000	 
2	1	1014	0	0	0	1123	1657	4	165	-1	
3	1	1014	1	0	0	1123	1657	4	165	-1	
4	1	1014	1	1	0	1123	1657	4	165	-1	
5	1	1014	1	1	1	1123	1657	4	165	95.000000	 
2	1	1015	0	0	0	932	1659	2	173	-1	
3	1	1015	1	0	0	932	1659	2	173	-1	
4	1	1015	1	1	0	932	1659	2	173	-1	
5	1	1015	1	1	1	932	1659	2	173	95.000000	 
2	1	1016	0	0	0	1121	1673	6	149	-1	
3	1	1016	1	0	0	1121	1673	6	149	-1	
4	1	1016	1	1	0	1121	1673	6	149	-1	
5	1	1016	1	1	1	1121	1673	6	149	95.000000	 
2	1	1017	0	0	0	1122	1673	6	149	-1	
3	1	1017	1	0	0	1122	1673	6	149	-1	
4	1	1017	1	1	0	1122	1673	6	149	-1	
5	1	1017	1	1	1	1122	1673	6	149	95.000000	 
2	1	1018	0	0	0	1063	1734	5	97	-1	
3	1	1018	1	0	0	1063	1734	5	97	-1	
4	1	1018	1	1	0	1063	1734	5	97	-1	
5	1	1018	1	1	1	1063	1734	5	97	95.000000	 
2	1	1019	0	0	0	1099	1751	2	76	-1	
3	1	1019	1	0	0	1099	1751	2	76	-1	
4	1	1019	1	1	0	1099	1751	2	76	-1	
5	1	1019	1	1	1	1099	1751	2	76	95.000000	 
2	1	1020	0	0	0	1155	1772	4	59	-1	
3	1	1020	1	0	0	1155	1772	4	59	-1	
4	1	1020	1	1	0	1155	1772	4	59	-1	
5	1	1020	1	1	1	1155	1772	4	59	95.000000	 
2	1	1021	0	0	0	480	1797	3	36	-1	
3	1	1021	1	0	0	480	1797	3	36	-1	
4	1	1021	1	1	0	480	1797	3	36	-1	
5	1	1021	1	1	1	480	1797	3	36	95.000000	 
2	1	1022	0	0	0	532	1806	1	18	-1	
3	1	1022	1	0	0	532	1806	1	18	-1	
4	1	1022	1	1	0	532	1806	1	18	-1	
5	1	1022	1	1	1	532	1806	1	18	95.000000	 
2	1	1023	0	0	0	1021	1814	122	10	-1	
3	1	1023	1	0	0	1021	1814	122	10	-1	
4	1	1023	1	1	0	1021	1814	122	10	-1	
5	1	1023	1	1	1	1021	1814	122	10	95.000000	 
2	1	1024	0	0	0	428	1820	74	2	-1	
3	1	1024	1	0	0	428	1820	74	2	-1	
4	1	1024	1	1	0	428	1820	74	2	-1	
5	1	1024	1	1	1	428	1820	74	2	95.000000	 
2	1	1025	0	0	0	1021	1820	95	5	-1	
3	1	1025	1	0	0	1021	1820	95	5	-1	
4	1	1025	1	1	0	1021	1820	95	5	-1	
5	1	1025	1	1	1	1021	1820	95	5	95.000000	 
2	1	1026	0	0	0	923	1822	242	10	-1	
3	1	1026	1	0	0	923	1822	242	10	-1	
4	1	1026	1	1	0	923	1822	242	10	-1	
5	1	1026	1	1	1	923	1822	242	10	95.000000	 
2	1	1027	0	0	0	1103	1547	6	291	-1	
3	1	1027	1	0	0	1103	1547	6	291	-1	
4	1	1027	1	1	0	1103	1547	6	291	-1	
5	1	1027	1	1	1	1103	1547	6	291	95.000000	 
2	1	1028	0	0	0	1101	1547	14	303	-1	
3	1	1028	1	0	0	1101	1547	14	303	-1	
4	1	1028	1	1	0	1101	1547	14	303	-1	
5	1	1028	1	1	1	1101	1547	14	303	95.000000	 
2	1	1029	0	0	0	1102	1547	12	303	-1	
3	1	1029	1	0	0	1102	1547	12	303	-1	
4	1	1029	1	1	0	1102	1547	12	303	-1	
5	1	1029	1	1	1	1102	1547	12	303	95.000000	 
2	1	1030	0	0	0	1102	1547	13	303	-1	
3	1	1030	1	0	0	1102	1547	13	303	-1	
4	1	1030	1	1	0	1102	1547	13	303	-1	
5	1	1030	1	1	1	1102	1547	13	303	95.000000	 
2	1	1031	0	0	0	1111	1730	3	120	-1	
3	1	1031	1	0	0	1111	1730	3	120	-1	
4	1	1031	1	1	0	1111	1730	3	120	-1	
5	1	1031	1	1	1	1111	1730	3	120	95.000000	 
2	1	1032	0	0	0	1063	1734	1	115	-1	
3	1	1032	1	0	0	1063	1734	1	115	-1	
4	1	1032	1	1	0	1063	1734	1	115	-1	
5	1	1032	1	1	1	1063	1734	1	115	95.000000	 
2	1	1033	0	0	0	1100	1751	9	87	-1	
3	1	1033	1	0	0	1100	1751	9	87	-1	
4	1	1033	1	1	0	1100	1751	9	87	-1	
5	1	1033	1	1	1	1100	1751	9	87	95.000000	 
2	1	1034	0	0	0	1155	1772	2	68	-1	
3	1	1034	1	0	0	1155	1772	2	68	-1	
4	1	1034	1	1	0	1155	1772	2	68	-1	
5	1	1034	1	1	1	1155	1772	2	68	95.000000	 
2	1	1035	0	0	0	464	1818	1	24	-1	
3	1	1035	1	0	0	464	1818	1	24	-1	
4	1	1035	1	1	0	464	1818	1	24	-1	
5	1	1035	1	1	1	464	1818	1	24	95.000000	 
2	1	1036	0	0	0	930	1822	1	19	-1	
3	1	1036	1	0	0	930	1822	1	19	-1	
4	1	1036	1	1	0	930	1822	1	19	-1	
5	1	1036	1	1	1	930	1822	1	19	95.000000	 
2	1	1037	0	0	0	407	1832	72	4	-1	
3	1	1037	1	0	0	407	1832	72	4	-1	
4	1	1037	1	1	0	407	1832	72	4	-1	
5	1	1037	1	1	1	407	1832	72	4	95.000000	 
2	1	1038	0	0	0	1028	1831	92	5	-1	
3	1	1038	1	0	0	1028	1831	92	5	-1	
4	1	1038	1	1	0	1028	1831	92	5	-1	
5	1	1038	1	1	1	1028	1831	92	5	95.000000	 
2	1	1039	0	0	0	407	1834	74	2	-1	
3	1	1039	1	0	0	407	1834	74	2	-1	
4	1	1039	1	1	0	407	1834	74	2	-1	
5	1	1039	1	1	1	407	1834	74	2	95.000000	 
2	1	1040	0	0	0	414	1827	1	17	-1	
3	1	1040	1	0	0	414	1827	1	17	-1	
4	1	1040	1	1	0	414	1827	1	17	-1	
5	1	1040	1	1	1	414	1827	1	17	95.000000	 
2	1	1041	0	0	0	406	1841	64	2	-1	
3	1	1041	1	0	0	406	1841	64	2	-1	
4	1	1041	1	1	0	406	1841	64	2	-1	
5	1	1041	1	1	1	406	1841	64	2	95.000000	 
2	1	1042	0	0	0	1054	1841	32	1	-1	
3	1	1042	1	0	0	1054	1841	32	1	-1	
4	1	1042	1	1	0	1054	1841	32	1	-1	
5	1	1042	1	1	1	1054	1841	32	1	95.000000	 
2	1	1043	0	0	0	406	1842	80	2	-1	
3	1	1043	1	0	0	406	1842	80	2	-1	
4	1	1043	1	1	0	406	1842	80	2	-1	
5	1	1043	1	1	1	406	1842	80	2	95.000000	 
2	1	1044	0	0	0	889	1844	27	3	-1	
3	1	1044	1	0	0	889	1844	27	3	-1	
4	1	1044	1	1	0	889	1844	27	3	-1	
5	1	1044	1	1	1	889	1844	27	3	95.000000	 
2	1	1045	0	0	0	893	1845	23	1	-1	
3	1	1045	1	0	0	893	1845	23	1	-1	
4	1	1045	1	1	0	893	1845	23	1	-1	
5	1	1045	1	1	1	893	1845	23	1	95.000000	 
2	1	1046	0	0	0	893	1845	175	4	-1	
3	1	1046	1	0	0	893	1845	175	4	-1	
4	1	1046	1	1	0	893	1845	175	4	-1	
5	1	1046	1	1	1	893	1845	175	4	95.000000	 
2	1	1047	0	0	0	1048	1848	20	1	-1	
3	1	1047	1	0	0	1048	1848	20	1	-1	
4	1	1047	1	1	0	1048	1848	20	1	-1	
5	1	1047	1	1	1	1048	1848	20	1	95.000000	 
2	1	1048	0	0	0	986	1651	5	212	-1	
3	1	1048	1	0	0	986	1651	5	212	-1	
4	1	1048	1	1	0	986	1651	5	212	-1	
5	1	1048	1	1	1	986	1651	5	212	95.000000	 
2	1	1049	0	0	0	1220	1733	1	118	-1	
3	1	1049	1	0	0	1220	1733	1	118	-1	
4	1	1049	1	1	0	1220	1733	1	118	-1	
5	1	1049	1	1	1	1220	1733	1	118	95.000000	 
2	1	1050	0	0	0	1061	1734	3	131	-1	
3	1	1050	1	0	0	1061	1734	3	131	-1	
4	1	1050	1	1	0	1061	1734	3	131	-1	
5	1	1050	1	1	1	1061	1734	3	131	95.000000	 
2	1	1051	0	0	0	457	1798	4	62	-1	
3	1	1051	1	0	0	457	1798	4	62	-1	
4	1	1051	1	1	0	457	1798	4	62	-1	
5	1	1051	1	1	1	457	1798	4	62	95.000000	 
2	1	1052	0	0	0	1163	1820	20	35	-1	
3	1	1052	1	0	0	1163	1820	20	35	-1	
4	1	1052	1	1	0	1163	1820	20	35	-1	
5	1	1052	1	1	1	1163	1820	20	35	95.000000	 
2	1	1053	0	0	0	469	1829	1	22	-1	
3	1	1053	1	0	0	469	1829	1	22	-1	
4	1	1053	1	1	0	469	1829	1	22	-1	
5	1	1053	1	1	1	469	1829	1	22	95.000000	 
2	1	1054	0	0	0	407	1832	1	20	-1	
3	1	1054	1	0	0	407	1832	1	20	-1	
4	1	1054	1	1	0	407	1832	1	20	-1	
5	1	1054	1	1	1	407	1832	1	20	95.000000	 
2	1	1055	0	0	0	453	1830	1	27	-1	
3	1	1055	1	0	0	453	1830	1	27	-1	
4	1	1055	1	1	0	453	1830	1	27	-1	
5	1	1055	1	1	1	453	1830	1	27	95.000000	 
2	1	1056	0	0	0	896	1838	1	19	-1	
3	1	1056	1	0	0	896	1838	1	19	-1	
4	1	1056	1	1	0	896	1838	1	19	-1	
5	1	1056	1	1	1	896	1838	1	19	95.000000	 
2	1	1057	0	0	0	440	1850	21	1	-1	
3	1	1057	1	0	0	440	1850	21	1	-1	
4	1	1057	1	1	0	440	1850	21	1	-1	
5	1	1057	1	1	1	440	1850	21	1	95.000000	 
2	1	1058	0	0	0	444	1852	33	1	-1	
3	1	1058	1	0	0	444	1852	33	1	-1	
4	1	1058	1	1	0	444	1852	33	1	-1	
5	1	1058	1	1	1	444	1852	33	1	95.000000	 
2	1	1059	0	0	0	453	1854	21	1	-1	
3	1	1059	1	0	0	453	1854	21	1	-1	
4	1	1059	1	1	0	453	1854	21	1	-1	
5	1	1059	1	1	1	453	1854	21	1	95.000000	 
2	1	1060	0	0	0	990	1855	31	3	-1	
3	1	1060	1	0	0	990	1855	31	3	-1	
4	1	1060	1	1	0	990	1855	31	3	-1	
5	1	1060	1	1	1	990	1855	31	3	95.000000	 
2	1	1061	0	0	0	986	1856	29	3	-1	
3	1	1061	1	0	0	986	1856	29	3	-1	
4	1	1061	1	1	0	986	1856	29	3	-1	
5	1	1061	1	1	1	986	1856	29	3	95.000000	 
2	1	1062	0	0	0	990	1858	25	1	-1	
3	1	1062	1	0	0	990	1858	25	1	-1	
4	1	1062	1	1	0	990	1858	25	1	-1	
5	1	1062	1	1	1	990	1858	25	1	95.000000	 
2	1	1063	0	0	0	1002	1758	7	109	-1	
3	1	1063	1	0	0	1002	1758	7	109	-1	
4	1	1063	1	1	0	1002	1758	7	109	-1	
5	1	1063	1	1	1	1002	1758	7	109	95.000000	 
2	1	1064	0	0	0	1004	1778	4	89	-1	
3	1	1064	1	0	0	1004	1778	4	89	-1	
4	1	1064	1	1	0	1004	1778	4	89	-1	
5	1	1064	1	1	1	1004	1778	4	89	95.000000	 
2	1	1065	0	0	0	887	1867	115	1	-1	
3	1	1065	1	0	0	887	1867	115	1	-1	
4	1	1065	1	1	0	887	1867	115	1	-1	
5	1	1065	1	1	1	887	1867	115	1	95.000000	 
2	1	1066	0	0	0	896	1867	106	1	-1	
3	1	1066	1	0	0	896	1867	106	1	-1	
4	1	1066	1	1	0	896	1867	106	1	-1	
5	1	1066	1	1	1	896	1867	106	1	95.000000	 
2	1	1067	0	0	0	896	1867	106	3	-1	
3	1	1067	1	0	0	896	1867	106	3	-1	
4	1	1067	1	1	0	896	1867	106	3	-1	
5	1	1067	1	1	1	896	1867	106	3	95.000000	 
2	1	1068	0	0	0	854	1877	19	1	-1	
3	1	1068	1	0	0	854	1877	19	1	-1	
4	1	1068	1	1	0	854	1877	19	1	-1	
5	1	1068	1	1	1	854	1877	19	1	95.000000	 
2	1	1069	0	0	0	915	1869	1	19	-1	
3	1	1069	1	0	0	915	1869	1	19	-1	
4	1	1069	1	1	0	915	1869	1	19	-1	
5	1	1069	1	1	1	915	1869	1	19	95.000000	 
2	1	1070	0	0	0	861	1888	19	1	-1	
3	1	1070	1	0	0	861	1888	19	1	-1	
4	1	1070	1	1	0	861	1888	19	1	-1	
5	1	1070	1	1	1	861	1888	19	1	95.000000	 
2	1	1071	0	0	0	1086	1560	5	350	-1	
3	1	1071	1	0	0	1086	1560	5	350	-1	
4	1	1071	1	1	0	1086	1560	5	350	-1	
5	1	1071	1	1	1	1086	1560	5	350	95.000000	 
2	1	1072	0	0	0	856	1897	22	1	-1	
3	1	1072	1	0	0	856	1897	22	1	-1	
4	1	1072	1	1	0	856	1897	22	1	-1	
5	1	1072	1	1	1	856	1897	22	1	95.000000	 
2	1	1073	0	0	0	850	1906	26	1	-1	
3	1	1073	1	0	0	850	1906	26	1	-1	
4	1	1073	1	1	0	850	1906	26	1	-1	
5	1	1073	1	1	1	850	1906	26	1	95.000000	 
2	1	1074	0	0	0	161	178	868	1739	-1	
3	1	1074	1	0	0	161	178	868	1739	-1	
4	1	1074	1	1	0	161	178	868	1739	-1	
5	1	1074	1	1	1	161	178	868	1739	95.000000	 
2	1	1075	0	0	0	1046	1612	9	304	-1	
3	1	1075	1	0	0	1046	1612	9	304	-1	
4	1	1075	1	1	0	1046	1612	9	304	-1	
5	1	1075	1	1	1	1046	1612	9	304	95.000000	 
2	1	1076	0	0	0	1043	1621	11	295	-1	
3	1	1076	1	0	0	1043	1621	11	295	-1	
4	1	1076	1	1	0	1043	1621	11	295	-1	
5	1	1076	1	1	1	1043	1621	11	295	95.000000	 
2	1	1077	0	0	0	1054	1730	4	186	-1	
3	1	1077	1	0	0	1054	1730	4	186	-1	
4	1	1077	1	1	0	1054	1730	4	186	-1	
5	1	1077	1	1	1	1054	1730	4	186	95.000000	 
2	1	1078	0	0	0	1053	1739	2	177	-1	
3	1	1078	1	0	0	1053	1739	2	177	-1	
4	1	1078	1	1	0	1053	1739	2	177	-1	
5	1	1078	1	1	1	1053	1739	2	177	95.000000	 
2	1	1079	0	0	0	1055	1739	2	177	-1	
3	1	1079	1	0	0	1055	1739	2	177	-1	
4	1	1079	1	1	0	1055	1739	2	177	-1	
5	1	1079	1	1	1	1055	1739	2	177	95.000000	 
2	1	1080	0	0	0	850	1897	1	22	-1	
3	1	1080	1	0	0	850	1897	1	22	-1	
4	1	1080	1	1	0	850	1897	1	22	-1	
5	1	1080	1	1	1	850	1897	1	22	95.000000	 
2	1	1081	0	0	0	944	1917	30	1	-1	
3	1	1081	1	0	0	944	1917	30	1	-1	
4	1	1081	1	1	0	944	1917	30	1	-1	
5	1	1081	1	1	1	944	1917	30	1	95.000000	 
2	1	1082	0	0	0	957	1919	21	1	-1	
3	1	1082	1	0	0	957	1919	21	1	-1	
4	1	1082	1	1	0	957	1919	21	1	-1	
5	1	1082	1	1	1	957	1919	21	1	95.000000	 
2	1	1083	0	0	0	958	1617	14	312	-1	
3	1	1083	1	0	0	958	1617	14	312	-1	
4	1	1083	1	1	0	958	1617	14	312	-1	
5	1	1083	1	1	1	958	1617	14	312	95.000000	 
2	1	1084	0	0	0	959	1617	8	312	-1	
3	1	1084	1	0	0	959	1617	8	312	-1	
4	1	1084	1	1	0	959	1617	8	312	-1	
5	1	1084	1	1	1	959	1617	8	312	95.000000	 
2	1	1085	0	0	0	1217	1909	1	17	-1	
3	1	1085	1	0	0	1217	1909	1	17	-1	
4	1	1085	1	1	0	1217	1909	1	17	-1	
5	1	1085	1	1	1	1217	1909	1	17	95.000000	 
2	1	1086	0	0	0	1083	1920	11	11	-1	
3	1	1086	1	0	0	1083	1920	11	11	-1	
4	1	1086	1	1	0	1083	1920	11	11	-1	
5	1	1086	1	1	1	1083	1920	11	11	95.000000	 
2	1	1087	0	0	0	932	1926	39	1	-1	
3	1	1087	1	0	0	932	1926	39	1	-1	
4	1	1087	1	1	0	932	1926	39	1	-1	
5	1	1087	1	1	1	932	1926	39	1	95.000000	 
2	1	1088	0	0	0	948	1928	23	1	-1	
3	1	1088	1	0	0	948	1928	23	1	-1	
4	1	1088	1	1	0	948	1928	23	1	-1	
5	1	1088	1	1	1	948	1928	23	1	95.000000	 
2	1	1089	0	0	0	1010	1931	33	1	-1	
3	1	1089	1	0	0	1010	1931	33	1	-1	
4	1	1089	1	1	0	1010	1931	33	1	-1	
5	1	1089	1	1	1	1010	1931	33	1	95.000000	 
2	1	1090	0	0	0	1029	1933	24	1	-1	
3	1	1090	1	0	0	1029	1933	24	1	-1	
4	1	1090	1	1	0	1029	1933	24	1	-1	
5	1	1090	1	1	1	1029	1933	24	1	95.000000	 
2	1	1091	0	0	0	880	1928	1	19	-1	
3	1	1091	1	0	0	880	1928	1	19	-1	
4	1	1091	1	1	0	880	1928	1	19	-1	
5	1	1091	1	1	1	880	1928	1	19	95.000000	 
2	1	1092	0	0	0	1024	1942	25	1	-1	
3	1	1092	1	0	0	1024	1942	25	1	-1	
4	1	1092	1	1	0	1024	1942	25	1	-1	
5	1	1092	1	1	1	1024	1942	25	1	95.000000	 
2	1	1093	0	0	0	865	1945	176	6	-1	
3	1	1093	1	0	0	865	1945	176	6	-1	
4	1	1093	1	1	0	865	1945	176	6	-1	
5	1	1093	1	1	1	865	1945	176	6	95.000000	 
2	1	1094	0	0	0	969	1950	72	2	-1	
3	1	1094	1	0	0	969	1950	72	2	-1	
4	1	1094	1	1	0	969	1950	72	2	-1	
5	1	1094	1	1	1	969	1950	72	2	95.000000	 
2	1	1095	0	0	0	974	1908	4	51	-1	
3	1	1095	1	0	0	974	1908	4	51	-1	
4	1	1095	1	1	0	974	1908	4	51	-1	
5	1	1095	1	1	1	974	1908	4	51	95.000000	 
2	1	1096	0	0	0	983	1942	1	17	-1	
3	1	1096	1	0	0	983	1942	1	17	-1	
4	1	1096	1	1	0	983	1942	1	17	-1	
5	1	1096	1	1	1	983	1942	1	17	95.000000	 
2	1	1097	0	0	0	908	1960	19	1	-1	
3	1	1097	1	0	0	908	1960	19	1	-1	
4	1	1097	1	1	0	908	1960	19	1	-1	
5	1	1097	1	1	1	908	1960	19	1	95.000000	 
2	1	1098	0	0	0	166	1958	19	21	-1	
3	1	1098	1	0	0	166	1958	19	21	-1	
4	1	1098	1	1	0	166	1958	19	21	-1	
5	1	1098	1	1	1	166	1958	19	21	95.000000	 
2	1	1099	0	0	0	1150	1960	1	19	-1	
3	1	1099	1	0	0	1150	1960	1	19	-1	
4	1	1099	1	1	0	1150	1960	1	19	-1	
5	1	1099	1	1	1	1150	1960	1	19	95.000000	 
2	1	1100	0	0	0	1139	1970	18	1	-1	
3	1	1100	1	0	0	1139	1970	18	1	-1	
4	1	1100	1	1	0	1139	1970	18	1	-1	
5	1	1100	1	1	1	1139	1970	18	1	95.000000	 
2	1	1101	0	0	0	897	1973	60	2	-1	
3	1	1101	1	0	0	897	1973	60	2	-1	
4	1	1101	1	1	0	897	1973	60	2	-1	
5	1	1101	1	1	1	897	1973	60	2	95.000000	 
2	1	1102	0	0	0	940	1967	1	18	-1	
3	1	1102	1	0	0	940	1967	1	18	-1	
4	1	1102	1	1	0	940	1967	1	18	-1	
5	1	1102	1	1	1	940	1967	1	18	95.000000	 
2	1	1103	0	0	0	1134	1977	18	1	-1	
3	1	1103	1	0	0	1134	1977	18	1	-1	
4	1	1103	1	1	0	1134	1977	18	1	-1	
5	1	1103	1	1	1	1134	1977	18	1	95.000000	 
2	1	1104	0	0	0	847	1980	84	5	-1	
3	1	1104	1	0	0	847	1980	84	5	-1	
4	1	1104	1	1	0	847	1980	84	5	-1	
5	1	1104	1	1	1	847	1980	84	5	95.000000	 
2	1	1105	0	0	0	953	1829	4	158	-1	
3	1	1105	1	0	0	953	1829	4	158	-1	
4	1	1105	1	1	0	953	1829	4	158	-1	
5	1	1105	1	1	1	953	1829	4	158	95.000000	 
2	1	1106	0	0	0	899	1830	9	159	-1	
3	1	1106	1	0	0	899	1830	9	159	-1	
4	1	1106	1	1	0	899	1830	9	159	-1	
5	1	1106	1	1	1	899	1830	9	159	95.000000	 
2	1	1107	0	0	0	869	1897	7	92	-1	
3	1	1107	1	0	0	869	1897	7	92	-1	
4	1	1107	1	1	0	869	1897	7	92	-1	
5	1	1107	1	1	1	869	1897	7	92	95.000000	 
2	1	1108	0	0	0	1141	1969	1	17	-1	
3	1	1108	1	0	0	1141	1969	1	17	-1	
4	1	1108	1	1	0	1141	1969	1	17	-1	
5	1	1108	1	1	1	1141	1969	1	17	95.000000	 
2	1	1109	0	0	0	856	1985	69	2	-1	
3	1	1109	1	0	0	856	1985	69	2	-1	
4	1	1109	1	1	0	856	1985	69	2	-1	
5	1	1109	1	1	1	856	1985	69	2	95.000000	 
2	1	1110	0	0	0	856	1984	108	3	-1	
3	1	1110	1	0	0	856	1984	108	3	-1	
4	1	1110	1	1	0	856	1984	108	3	-1	
5	1	1110	1	1	1	856	1984	108	3	95.000000	 
2	1	1111	0	0	0	910	1845	4	159	-1	
3	1	1111	1	0	0	910	1845	4	159	-1	
4	1	1111	1	1	0	910	1845	4	159	-1	
5	1	1111	1	1	1	910	1845	4	159	95.000000	 
2	1	1112	0	0	0	910	1845	4	159	-1	
3	1	1112	1	0	0	910	1845	4	159	-1	
4	1	1112	1	1	0	910	1845	4	159	-1	
5	1	1112	1	1	1	910	1845	4	159	95.000000	 
2	1	1113	0	0	0	910	1845	2	161	-1	
3	1	1113	1	0	0	910	1845	2	161	-1	
4	1	1113	1	1	0	910	1845	2	161	-1	
5	1	1113	1	1	1	910	1845	2	161	95.000000	 
2	1	1114	0	0	0	870	1872	3	142	-1	
3	1	1114	1	0	0	870	1872	3	142	-1	
4	1	1114	1	1	0	870	1872	3	142	-1	
5	1	1114	1	1	1	870	1872	3	142	95.000000	 
2	1	1115	0	0	0	863	1875	9	139	-1	
3	1	1115	1	0	0	863	1875	9	139	-1	
4	1	1115	1	1	0	863	1875	9	139	-1	
5	1	1115	1	1	1	863	1875	9	139	95.000000	 
2	1	1116	0	0	0	870	1888	1	126	-1	
3	1	1116	1	0	0	870	1888	1	126	-1	
4	1	1116	1	1	0	870	1888	1	126	-1	
5	1	1116	1	1	1	870	1888	1	126	95.000000	 
2	1	1117	0	0	0	868	1897	3	117	-1	
3	1	1117	1	0	0	868	1897	3	117	-1	
4	1	1117	1	1	0	868	1897	3	117	-1	
5	1	1117	1	1	1	868	1897	3	117	95.000000	 
2	1	1118	0	0	0	869	1897	3	117	-1	
3	1	1118	1	0	0	869	1897	3	117	-1	
4	1	1118	1	1	0	869	1897	3	117	-1	
5	1	1118	1	1	1	869	1897	3	117	95.000000	 
2	1	1119	0	0	0	888	1982	1	21	-1	
3	1	1119	1	0	0	888	1982	1	21	-1	
4	1	1119	1	1	0	888	1982	1	21	-1	
5	1	1119	1	1	1	888	1982	1	21	95.000000	 
2	1	1120	0	0	0	843	2002	19	1	-1	
3	1	1120	1	0	0	843	2002	19	1	-1	
4	1	1120	1	1	0	843	2002	19	1	-1	
5	1	1120	1	1	1	843	2002	19	1	95.000000	 
2	1	1121	0	0	0	862	2004	17	1	-1	
3	1	1121	1	0	0	862	2004	17	1	-1	
4	1	1121	1	1	0	862	2004	17	1	-1	
5	1	1121	1	1	1	862	2004	17	1	95.000000	 
2	1	1122	0	0	0	857	2013	19	1	-1	
3	1	1122	1	0	0	857	2013	19	1	-1	
4	1	1122	1	1	0	857	2013	19	1	-1	
5	1	1122	1	1	1	857	2013	19	1	95.000000	 
2	1	1123	0	0	0	922	1668	8	360	-1	
3	1	1123	1	0	0	922	1668	8	360	-1	
4	1	1123	1	1	0	922	1668	8	360	-1	
5	1	1123	1	1	1	922	1668	8	360	95.000000	 
2	1	1124	0	0	0	923	1818	3	210	-1	
3	1	1124	1	0	0	923	1818	3	210	-1	
4	1	1124	1	1	0	923	1818	3	210	-1	
5	1	1124	1	1	1	923	1818	3	210	95.000000	 
2	1	1125	0	0	0	925	1818	3	210	-1	
3	1	1125	1	0	0	925	1818	3	210	-1	
4	1	1125	1	1	0	925	1818	3	210	-1	
5	1	1125	1	1	1	925	1818	3	210	95.000000	 
2	1	1126	0	0	0	869	1897	1	125	-1	
3	1	1126	1	0	0	869	1897	1	125	-1	
4	1	1126	1	1	0	869	1897	1	125	-1	
5	1	1126	1	1	1	869	1897	1	125	95.000000	 
2	1	1127	0	0	0	923	1980	4	48	-1	
3	1	1127	1	0	0	923	1980	4	48	-1	
4	1	1127	1	1	0	923	1980	4	48	-1	
5	1	1127	1	1	1	923	1980	4	48	95.000000	 
2	1	1128	0	0	0	1135	2007	1	17	-1	
3	1	1128	1	0	0	1135	2007	1	17	-1	
4	1	1128	1	1	0	1135	2007	1	17	-1	
5	1	1128	1	1	1	1135	2007	1	17	95.000000	 
2	1	1129	0	0	0	919	2018	17	1	-1	
3	1	1129	1	0	0	919	2018	17	1	-1	
4	1	1129	1	1	0	919	2018	17	1	-1	
5	1	1129	1	1	1	919	2018	17	1	95.000000	 
2	1	1130	0	0	0	925	2022	19	1	-1	
3	1	1130	1	0	0	925	2022	19	1	-1	
4	1	1130	1	1	0	925	2022	19	1	-1	
5	1	1130	1	1	1	925	2022	19	1	95.000000	 
2	1	1131	0	0	0	922	1980	2	57	-1	
3	1	1131	1	0	0	922	1980	2	57	-1	
4	1	1131	1	1	0	922	1980	2	57	-1	
5	1	1131	1	1	1	922	1980	2	57	95.000000	 
2	1	1132	0	0	0	932	2013	1	26	-1	
3	1	1132	1	0	0	932	2013	1	26	-1	
4	1	1132	1	1	0	932	2013	1	26	-1	
5	1	1132	1	1	1	932	2013	1	26	95.000000	 
2	1	1133	0	0	0	923	2031	19	1	-1	
3	1	1133	1	0	0	923	2031	19	1	-1	
4	1	1133	1	1	0	923	2031	19	1	-1	
5	1	1133	1	1	1	923	2031	19	1	95.000000	 
2	1	1134	0	0	0	794	2039	69	2	-1	
3	1	1134	1	0	0	794	2039	69	2	-1	
4	1	1134	1	1	0	794	2039	69	2	-1	
5	1	1134	1	1	1	794	2039	69	2	95.000000	 
2	1	1135	0	0	0	862	1875	2	182	-1	
3	1	1135	1	0	0	862	1875	2	182	-1	
4	1	1135	1	1	0	862	1875	2	182	-1	
5	1	1135	1	1	1	862	1875	2	182	95.000000	 
2	1	1136	0	0	0	1022	1945	1	111	-1	
3	1	1136	1	0	0	1022	1945	1	111	-1	
4	1	1136	1	1	0	1022	1945	1	111	-1	
5	1	1136	1	1	1	1022	1945	1	111	95.000000	 
2	1	1137	0	0	0	844	1984	2	73	-1	
3	1	1137	1	0	0	844	1984	2	73	-1	
4	1	1137	1	1	0	844	1984	2	73	-1	
5	1	1137	1	1	1	844	1984	2	73	95.000000	 
2	1	1138	0	0	0	844	1984	2	73	-1	
3	1	1138	1	0	0	844	1984	2	73	-1	
4	1	1138	1	1	0	844	1984	2	73	-1	
5	1	1138	1	1	1	844	1984	2	73	95.000000	 
2	1	1139	0	0	0	792	2046	69	2	-1	
3	1	1139	1	0	0	792	2046	69	2	-1	
4	1	1139	1	1	0	792	2046	69	2	-1	
5	1	1139	1	1	1	792	2046	69	2	95.000000	 
2	1	1140	0	0	0	790	2046	71	4	-1	
3	1	1140	1	0	0	790	2046	71	4	-1	
4	1	1140	1	1	0	790	2046	71	4	-1	
5	1	1140	1	1	1	790	2046	71	4	95.000000	 
2	1	1141	0	0	0	1015	2039	1	18	-1	
3	1	1141	1	0	0	1015	2039	1	18	-1	
4	1	1141	1	1	0	1015	2039	1	18	-1	
5	1	1141	1	1	1	1015	2039	1	18	95.000000	 
2	1	1142	0	0	0	792	2048	69	2	-1	
3	1	1142	1	0	0	792	2048	69	2	-1	
4	1	1142	1	1	0	792	2048	69	2	-1	
5	1	1142	1	1	1	792	2048	69	2	95.000000	 
2	1	1143	0	0	0	792	2047	75	4	-1	
3	1	1143	1	0	0	792	2047	75	4	-1	
4	1	1143	1	1	0	792	2047	75	4	-1	
5	1	1143	1	1	1	792	2047	75	4	95.000000	 
2	1	1144	0	0	0	794	2046	232	11	-1	
3	1	1144	1	0	0	794	2046	232	11	-1	
4	1	1144	1	1	0	794	2046	232	11	-1	
5	1	1144	1	1	1	794	2046	232	11	95.000000	 
2	1	1145	0	0	0	794	2051	222	4	-1	
3	1	1145	1	0	0	794	2051	222	4	-1	
4	1	1145	1	1	0	794	2051	222	4	-1	
5	1	1145	1	1	1	794	2051	222	4	95.000000	 
2	1	1146	0	0	0	794	2048	231	9	-1	
3	1	1146	1	0	0	794	2048	231	9	-1	
4	1	1146	1	1	0	794	2048	231	9	-1	
5	1	1146	1	1	1	794	2048	231	9	95.000000	 
2	1	1147	0	0	0	996	1578	4	493	-1	
3	1	1147	1	0	0	996	1578	4	493	-1	
4	1	1147	1	1	0	996	1578	4	493	-1	
5	1	1147	1	1	1	996	1578	4	493	95.000000	 
2	1	1148	0	0	0	994	1586	7	485	-1	
3	1	1148	1	0	0	994	1586	7	485	-1	
4	1	1148	1	1	0	994	1586	7	485	-1	
5	1	1148	1	1	1	994	1586	7	485	95.000000	 
2	1	1149	0	0	0	996	1586	7	485	-1	
3	1	1149	1	0	0	996	1586	7	485	-1	
4	1	1149	1	1	0	996	1586	7	485	-1	
5	1	1149	1	1	1	996	1586	7	485	95.000000	 
2	1	1150	0	0	0	996	1796	2	275	-1	
3	1	1150	1	0	0	996	1796	2	275	-1	
4	1	1150	1	1	0	996	1796	2	275	-1	
5	1	1150	1	1	1	996	1796	2	275	95.000000	 
2	1	1151	0	0	0	995	1796	2	279	-1	
3	1	1151	1	0	0	995	1796	2	279	-1	
4	1	1151	1	1	0	995	1796	2	279	-1	
5	1	1151	1	1	1	995	1796	2	279	95.000000	 
2	1	1152	0	0	0	855	1924	6	139	-1	
3	1	1152	1	0	0	855	1924	6	139	-1	
4	1	1152	1	1	0	855	1924	6	139	-1	
5	1	1152	1	1	1	855	1924	6	139	95.000000	 
2	1	1153	0	0	0	854	2054	200	11	-1	
3	1	1153	1	0	0	854	2054	200	11	-1	
4	1	1153	1	1	0	854	2054	200	11	-1	
5	1	1153	1	1	1	854	2054	200	11	95.000000	 
2	1	1154	0	0	0	1043	2066	22	1	-1	
3	1	1154	1	0	0	1043	2066	22	1	-1	
4	1	1154	1	1	0	1043	2066	22	1	-1	
5	1	1154	1	1	1	1043	2066	22	1	95.000000	 
2	1	1155	0	0	0	1031	1590	13	489	-1	
3	1	1155	1	0	0	1031	1590	13	489	-1	
4	1	1155	1	1	0	1031	1590	13	489	-1	
5	1	1155	1	1	1	1031	1590	13	489	95.000000	 
2	1	1156	0	0	0	1038	1622	8	457	-1	
3	1	1156	1	0	0	1038	1622	8	457	-1	
4	1	1156	1	1	0	1038	1622	8	457	-1	
5	1	1156	1	1	1	1038	1622	8	457	95.000000	 
2	1	1157	0	0	0	855	1924	2	160	-1	
3	1	1157	1	0	0	855	1924	2	160	-1	
4	1	1157	1	1	0	855	1924	2	160	-1	
5	1	1157	1	1	1	855	1924	2	160	95.000000	 
2	1	1158	0	0	0	919	2014	65	66	-1	
3	1	1158	1	0	0	919	2014	65	66	-1	
4	1	1158	1	1	0	919	2014	65	66	-1	
5	1	1158	1	1	1	919	2014	65	66	95.000000	 
2	1	1159	0	0	0	1050	2064	1	18	-1	
3	1	1159	1	0	0	1050	2064	1	18	-1	
4	1	1159	1	1	0	1050	2064	1	18	-1	
5	1	1159	1	1	1	1050	2064	1	18	95.000000	 
2	1	1160	0	0	0	375	2066	23	17	-1	
3	1	1160	1	0	0	375	2066	23	17	-1	
4	1	1160	1	1	0	375	2066	23	17	-1	
5	1	1160	1	1	1	375	2066	23	17	0.000000	\
2	1	1161	0	0	0	797	2086	22	1	-1	
3	1	1161	1	0	0	797	2086	22	1	-1	
4	1	1161	1	1	0	797	2086	22	1	-1	
5	1	1161	1	1	1	797	2086	22	1	95.000000	 
2	1	1162	0	0	0	797	2086	31	3	-1	
3	1	1162	1	0	0	797	2086	31	3	-1	
4	1	1162	1	1	0	797	2086	31	3	-1	
5	1	1162	1	1	1	797	2086	31	3	95.000000	 
2	1	1163	0	0	0	1032	1924	2	176	-1	
3	1	1163	1	0	0	1032	1924	2	176	-1	
4	1	1163	1	1	0	1032	1924	2	176	-1	
5	1	1163	1	1	1	1032	1924	2	176	95.000000	 
2	1	1164	0	0	0	1031	1941	2	159	-1	
3	1	1164	1	0	0	1031	1941	2	159	-1	
4	1	1164	1	1	0	1031	1941	2	159	-1	
5	1	1164	1	1	1	1031	1941	2	159	95.000000	 
2	1	1165	0	0	0	818	2034	2	69	-1	
3	1	1165	1	0	0	818	2034	2	69	-1	
4	1	1165	1	1	0	818	2034	2	69	-1	
5	1	1165	1	1	1	818	2034	2	69	95.000000	 
2	1	1166	0	0	0	820	2034	1	69	-1	
3	1	1166	1	0	0	820	2034	1	69	-1	
4	1	1166	1	1	0	820	2034	1	69	-1	
5	1	1166	1	1	1	820	2034	1	69	95.000000	 
2	1	1167	0	0	0	766	2090	71	2	-1	
3	1	1167	1	0	0	766	2090	71	2	-1	
4	1	1167	1	1	0	766	2090	71	2	-1	
5	1	1167	1	1	1	766	2090	71	2	95.000000	 
2	1	1168	0	0	0	827	2083	1	22	-1	
3	1	1168	1	0	0	827	2083	1	22	-1	
4	1	1168	1	1	0	827	2083	1	22	-1	
5	1	1168	1	1	1	827	2083	1	22	95.000000	 
2	1	1169	0	0	0	834	2087	1	18	-1	
3	1	1169	1	0	0	834	2087	1	18	-1	
4	1	1169	1	1	0	834	2087	1	18	-1	
5	1	1169	1	1	1	834	2087	1	18	95.000000	 
2	1	1170	0	0	0	825	2088	3	17	-1	
3	1	1170	1	0	0	825	2088	3	17	-1	
4	1	1170	1	1	0	825	2088	3	17	-1	
5	1	1170	1	1	1	825	2088	3	17	95.000000	 
2	1	1171	0	0	0	804	2097	22	1	-1	
3	1	1171	1	0	0	804	2097	22	1	-1	
4	1	1171	1	1	0	804	2097	22	1	-1	
5	1	1171	1	1	1	804	2097	22	1	95.000000	 
2	1	1172	0	0	0	763	2099	72	4	-1	
3	1	1172	1	0	0	763	2099	72	4	-1	
4	1	1172	1	1	0	763	2099	72	4	-1	
5	1	1172	1	1	1	763	2099	72	4	95.000000	 
2	1	1173	0	0	0	808	2045	2	71	-1	
3	1	1173	1	0	0	808	2045	2	71	-1	
4	1	1173	1	1	0	808	2045	2	71	-1	
5	1	1173	1	1	1	808	2045	2	71	95.000000	 
2	1	1174	0	0	0	779	2077	1	33	-1	
3	1	1174	1	0	0	779	2077	1	33	-1	
4	1	1174	1	1	0	779	2077	1	33	-1	
5	1	1174	1	1	1	779	2077	1	33	95.000000	 
2	1	1175	0	0	0	777	2086	3	24	-1	
3	1	1175	1	0	0	777	2086	3	24	-1	
4	1	1175	1	1	0	777	2086	3	24	-1	
5	1	1175	1	1	1	777	2086	3	24	95.000000	 
2	1	1176	0	0	0	777	2086	1	26	-1	
3	1	1176	1	0	0	777	2086	1	26	-1	
4	1	1176	1	1	0	777	2086	1	26	-1	
5	1	1176	1	1	1	777	2086	1	26	95.000000	 
2	1	1177	0	0	0	825	2088	1	26	-1	
3	1	1177	1	0	0	825	2088	1	26	-1	
4	1	1177	1	1	0	825	2088	1	26	-1	
5	1	1177	1	1	1	825	2088	1	26	95.000000	 
2	1	1178	0	0	0	759	2097	1	22	-1	
3	1	1178	1	0	0	759	2097	1	22	-1	
4	1	1178	1	1	0	759	2097	1	22	-1	
5	1	1178	1	1	1	759	2097	1	22	95.000000	 
2	1	1179	0	0	0	734	2113	92	1	-1	
3	1	1179	1	0	0	734	2113	92	1	-1	
4	1	1179	1	1	0	734	2113	92	1	-1	
5	1	1179	1	1	1	734	2113	92	1	95.000000	 
2	1	1180	0	0	0	734	2112	90	5	-1	
3	1	1180	1	0	0	734	2112	90	5	-1	
4	1	1180	1	1	0	734	2112	90	5	-1	
5	1	1180	1	1	1	734	2112	90	5	95.000000	 
2	1	1181	0	0	0	736	2117	88	2	-1	
3	1	1181	1	0	0	736	2117	88	2	-1	
4	1	1181	1	1	0	736	2117	88	2	-1	
5	1	1181	1	1	1	736	2117	88	2	95.000000	 
2	1	1182	0	0	0	794	2037	5	93	-1	
3	1	1182	1	0	0	794	2037	5	93	-1	
4	1	1182	1	1	0	794	2037	5	93	-1	
5	1	1182	1	1	1	794	2037	5	93	95.000000	 
2	1	1183	0	0	0	809	2045	1	80	-1	
3	1	1183	1	0	0	809	2045	1	80	-1	
4	1	1183	1	1	0	809	2045	1	80	-1	
5	1	1183	1	1	1	809	2045	1	80	95.000000	 
2	1	1184	0	0	0	801	2041	5	91	-1	
3	1	1184	1	0	0	801	2041	5	91	-1	
4	1	1184	1	1	0	801	2041	5	91	-1	
5	1	1184	1	1	1	801	2041	5	91	95.000000	 
2	1	1185	0	0	0	823	2088	3	39	-1	
3	1	1185	1	0	0	823	2088	3	39	-1	
4	1	1185	1	1	0	823	2088	3	39	-1	
5	1	1185	1	1	1	823	2088	3	39	95.000000	 
2	1	1186	0	0	0	743	2098	1	26	-1	
3	1	1186	1	0	0	743	2098	1	26	-1	
4	1	1186	1	1	0	743	2098	1	26	-1	
5	1	1186	1	1	1	743	2098	1	26	95.000000	 
2	1	1187	0	0	0	814	2107	1	17	-1	
3	1	1187	1	0	0	814	2107	1	17	-1	
4	1	1187	1	1	0	814	2107	1	17	-1	
5	1	1187	1	1	1	814	2107	1	17	95.000000	 
2	1	1188	0	0	0	734	2111	1	18	-1	
3	1	1188	1	0	0	734	2111	1	18	-1	
4	1	1188	1	1	0	734	2111	1	18	-1	
5	1	1188	1	1	1	734	2111	1	18	95.000000	 
2	1	1189	0	0	0	792	2122	23	1	-1	
3	1	1189	1	0	0	792	2122	23	1	-1	
4	1	1189	1	1	0	792	2122	23	1	-1	
5	1	1189	1	1	1	792	2122	23	1	95.000000	 
2	1	1190	0	0	0	792	2124	20	1	-1	
3	1	1190	1	0	0	792	2124	20	1	-1	
4	1	1190	1	1	0	792	2124	20	1	-1	
5	1	1190	1	1	1	792	2124	20	1	95.000000	 
2	1	1191	0	0	0	979	0	734	2450	-1	
3	1	1191	1	0	0	979	0	734	2450	-1	
4	1	1191	1	1	0	979	0	734	2450	-1	
5	1	1191	1	1	1	979	0	734	2450	95.000000	 
2	1	1192	0	0	0	434	2177	823	28	-1	
3	1	1192	1	0	0	434	2177	823	28	-1	
4	1	1192	1	1	0	434	2177	823	28	-1	
5	1	1192	1	1	1	434	2177	147	23	90.870277	SPONSON
5	1	1192	1	1	2	595	2180	131	21	96.624397	ROLLED
5	1	1192	1	1	3	742	2181	89	21	96.411613	BACK
5	1	1192	1	1	4	846	2183	63	20	95.935249	FOR
5	1	1192	1	1	5	925	2183	152	21	96.340874	SHIPPING
5	1	1192	1	1	6	1093	2185	164	20	96.234764	PURPOSES
