
CASCADE Topology V1, (c) Matra-Datavision
Locations 17
1
1.000000000000000 0.000000000000000 0.000000000000000 0.000000000000000 
0.000000000000000 1.000000000000000 0.000000000000000 0.000000000000000 
0.000000000000000 0.000000000000000 1.000000000000000 0.000000000000000 
1
1.000000000000000 0.000000000000000 0.000000000000000 0.000000000000000 
0.000000000000000 1.000000000000000 0.000000000000000 0.000000000000000 
0.000000000000000 0.000000000000000 1.000000000000000 0.000000000000000 
2  2 -1 0
1
1.000000000000000 0.000000000000000 0.000000000000000 0.000000000000000 
0.000000000000000 1.000000000000000 0.000000000000000 0.000000000000000 
0.000000000000000 0.000000000000000 1.000000000000000 0.000000000000000 
1
1.000000000000000 0.000000000000000 0.000000000000000 0.000000000000000 
0.000000000000000 1.000000000000000 0.000000000000000 0.000000000000000 
0.000000000000000 0.000000000000000 1.000000000000000 0.000000000000000 
1
1.000000000000000 0.000000000000000 0.000000000000000 0.000000000000000 
0.000000000000000 1.000000000000000 0.000000000000000 0.000000000000000 
0.000000000000000 0.000000000000000 1.000000000000000 0.000000000000000 
1
1.000000000000000 0.000000000000000 0.000000000000000 0.000000000000000 
0.000000000000000 1.000000000000000 0.000000000000000 0.000000000000000 
0.000000000000000 0.000000000000000 1.000000000000000 0.000000000000000 
1
1.000000000000000 0.000000000000000 0.000000000000000 0.000000000000000 
0.000000000000000 1.000000000000000 0.000000000000000 0.000000000000000 
0.000000000000000 0.000000000000000 1.000000000000000 0.000000000000000 
2  4 1 5 1 6 1 7 1 8 1 0
2  2 -1 8 -1 7 -1 6 -1 5 -1 4 -1 0
2  5 1 6 1 7 1 8 1 0
2  2 -1 8 -1 7 -1 6 -1 5 -1 0
2  6 1 7 1 8 1 0
2  2 -1 8 -1 7 -1 6 -1 0
2  7 1 8 1 0
2  2 -1 8 -1 7 -1 0
2  2 -1 8 -1 0
Curve2ds 302
1 0.00000000000000000 18.13750000000000284 1.00000000000000000 0.00000000000000000 
1 0.00000000000000000 19.13750000000000284 1.00000000000000000 0.00000000000000000 
1 0.00000000000000000 150.13749999999998863 1.00000000000000000 0.00000000000000000 
1 3.17700324498359032 0.00000000000000000 0.00000000000000000 1.00000000000000000 
1 0.25128482896478027 0.00000000000000000 0.00000000000000000 1.00000000000000000 
1 0.00000000000000000 151.13749999999998863 1.00000000000000000 0.00000000000000000 
1 0.00000000000000000 22.13750000000000284 1.00000000000000000 0.00000000000000000 
1 6.28318530717958623 -0.00000000000000000 0.00000000000000000 1.00000000000000000 
1 0.00000000000000000 -0.00000000000000000 0.00000000000000000 1.00000000000000000 
1 0.00000000000000000 148.13749999999998863 1.00000000000000000 0.00000000000000000 
1 0.00000000000000000 18.13750000000000284 1.00000000000000000 0.00000000000000000 
1 0.00000000000000000 144.13749999999998863 1.00000000000000000 0.00000000000000000 
1 3.17700324498358988 0.00000000000000000 0.00000000000000000 1.00000000000000000 
1 0.25128482896477983 0.00000000000000000 0.00000000000000000 1.00000000000000000 
1 0.00000000000000000 3.99999999999999600 1.00000000000000000 0.00000000000000000 
1 0.00000000000000000 3.99999999999999600 1.00000000000000000 0.00000000000000000 
1 0.00000000000000000 3.99999999999999600 1.00000000000000000 0.00000000000000000 
1 0.00000000000000000 3.99999999999999600 1.00000000000000000 0.00000000000000000 
1 0.00000000000000000 168.27500000000000568 1.00000000000000000 0.00000000000000000 
1 4.71087292875446639 0.00000000000000000 0.00000000000000000 1.00000000000000000 
1 0.00000000000000000 0.00000000000000000 1.00000000000000000 0.00000000000000000 
1 3.17700324498359032 0.00000000000000000 0.00000000000000000 1.00000000000000000 
1 4.70664182231002215 0.00000000000000000 0.00000000000000000 1.00000000000000000 
1 4.71085901167979060 0.00000000000000000 0.00000000000000000 1.00000000000000000 
1 4.70664182231002215 0.00000000000000000 0.00000000000000000 1.00000000000000000 
1 0.00000000000000000 4.00000000000001421 1.00000000000000000 0.00000000000000000 
1 0.00000000000000000 0.99999999999997158 1.00000000000000000 0.00000000000000000 
1 1.57654348486956453 0.00000000000000000 0.00000000000000000 1.00000000000000000 
1 1.57654348486956453 0.00000000000000000 0.00000000000000000 1.00000000000000000 
1 0.00000000000000000 169.27500000000003411 1.00000000000000000 0.00000000000000000 
1 0.00000000000000000 166.27500000000000568 1.00000000000000000 0.00000000000000000 
1 0.00000000000000000 162.27500000000000568 1.00000000000000000 0.00000000000000000 
1 0.00000000000000000 0.00000000000000000 1.00000000000000000 0.00000000000000000 
1 3.17700324498359032 0.00000000000000000 0.00000000000000000 1.00000000000000000 
1 6.28318530717958623 -0.00000000000000000 0.00000000000000000 1.00000000000000000 
1 0.00000000000000000 -0.00000000000000000 0.00000000000000000 1.00000000000000000 
1 0.00000000000000000 0.99999999999997224 1.00000000000000000 0.00000000000000000 
1 6.28318530717958623 -0.00000000000000000 0.00000000000000000 1.00000000000000000 
1 0.00000000000000000 -0.00000000000000000 0.00000000000000000 1.00000000000000000 
1 0.00000000000000000 0.99999999999994393 1.00000000000000000 0.00000000000000000 
1 6.28318530717958623 -0.00000000000000000 0.00000000000000000 1.00000000000000000 
1 0.00000000000000000 -0.00000000000000000 0.00000000000000000 1.00000000000000000 
1 0.00000000000000000 0.99999999999994393 1.00000000000000000 0.00000000000000000 
1 6.28318530717958623 -0.00000000000000000 0.00000000000000000 1.00000000000000000 
1 0.00000000000000000 -0.00000000000000000 0.00000000000000000 1.00000000000000000 
1 0.00000000000000000 0.99999999999994393 1.00000000000000000 0.00000000000000000 
1 0.00000000000000000 3.36759604540093305 1.00000000000000000 0.00000000000000000 
1 0.00000000000000000 3.36759604540093305 1.00000000000000000 0.00000000000000000 
1 0.00000000000000000 3.36759604540093305 1.00000000000000000 0.00000000000000000 
1 0.00000000000000000 3.36759604540093305 1.00000000000000000 0.00000000000000000 
1 0.00000000000000000 3.36759604540093305 1.00000000000000000 0.00000000000000000 
1 0.00000000000000000 4.00000000000002842 1.00000000000000000 0.00000000000000000 
1 0.00000000000000000 4.00000000000002842 1.00000000000000000 0.00000000000000000 
1 0.00000000000000000 4.00000000000002842 1.00000000000000000 0.00000000000000000 
1 0.00000000000000000 4.00000000000002842 1.00000000000000000 0.00000000000000000 
1 0.00000000000000000 4.00000000000002842 1.00000000000000000 0.00000000000000000 
1 0.00000000000000000 4.00000000000002842 1.00000000000000000 0.00000000000000000 
1 0.00000000000000000 4.00000000000002842 1.00000000000000000 0.00000000000000000 
1 0.00000000000000000 4.00000000000002842 1.00000000000000000 0.00000000000000000 
1 0.00000000000000000 4.00000000000002842 1.00000000000000000 0.00000000000000000 
1 0.00000000000000000 4.00000000000002842 1.00000000000000000 0.00000000000000000 
1 0.00000000000000000 4.00000000000002842 1.00000000000000000 0.00000000000000000 
1 0.00000000000000000 4.00000000000002842 1.00000000000000000 0.00000000000000000 
1 0.00000000000000000 4.00000000000002842 1.00000000000000000 0.00000000000000000 
1 0.00000000000000000 4.00000000000002842 1.00000000000000000 0.00000000000000000 
1 0.00000000000000000 4.00000000000002842 1.00000000000000000 0.00000000000000000 
1 0.00000000000000000 4.00000000000002842 1.00000000000000000 0.00000000000000000 
1 0.00000000000000000 4.00000000000002842 1.00000000000000000 0.00000000000000000 
1 0.00000000000000000 4.00000000000002842 1.00000000000000000 0.00000000000000000 
1 0.00000000000000000 4.00000000000002842 1.00000000000000000 0.00000000000000000 
1 0.00000000000000000 4.00000000000002842 1.00000000000000000 0.00000000000000000 
1 0.00000000000000000 4.00000000000002842 1.00000000000000000 0.00000000000000000 
1 0.00000000000000000 4.00000000000002842 1.00000000000000000 0.00000000000000000 
1 6.28318530717958623 -0.00000000000000000 0.00000000000000000 1.00000000000000000 
1 0.00000000000000000 -0.00000000000000000 0.00000000000000000 1.00000000000000000 
1 0.00000000000000000 0.35355339059327373 1.00000000000000000 0.00000000000000000 
1 0.00000000000000000 4.86875000000000568 1.00000000000000000 0.00000000000000000 
1 6.28318530717958623 -0.00000000000000000 0.00000000000000000 1.00000000000000000 
1 0.00000000000000000 -0.00000000000000000 0.00000000000000000 1.00000000000000000 
1 0.00000000000000000 3.99999999999998579 1.00000000000000000 0.00000000000000000 
1 6.28318530717958623 -0.00000000000000000 0.00000000000000000 1.00000000000000000 
1 0.00000000000000000 -0.00000000000000000 0.00000000000000000 1.00000000000000000 
1 0.00000000000000000 0.35355339059327373 1.00000000000000000 0.00000000000000000 
1 0.00000000000000000 4.86875000000000568 1.00000000000000000 0.00000000000000000 
1 6.28318530717958623 -0.00000000000000000 0.00000000000000000 1.00000000000000000 
1 0.00000000000000000 -0.00000000000000000 0.00000000000000000 1.00000000000000000 
1 0.00000000000000000 3.99999999999998579 1.00000000000000000 0.00000000000000000 
1 6.28318530717958623 -0.00000000000000000 0.00000000000000000 1.00000000000000000 
1 0.00000000000000000 -0.00000000000000000 0.00000000000000000 1.00000000000000000 
1 0.00000000000000000 0.35355339059327373 1.00000000000000000 0.00000000000000000 
1 0.00000000000000000 4.86875000000000568 1.00000000000000000 0.00000000000000000 
1 6.28318530717958623 -0.00000000000000000 0.00000000000000000 1.00000000000000000 
1 0.00000000000000000 -0.00000000000000000 0.00000000000000000 1.00000000000000000 
1 0.00000000000000000 3.99999999999998579 1.00000000000000000 0.00000000000000000 
1 6.28318530717958623 -0.00000000000000000 0.00000000000000000 1.00000000000000000 
1 0.00000000000000000 -0.00000000000000000 0.00000000000000000 1.00000000000000000 
1 0.00000000000000000 0.35355339059327373 1.00000000000000000 0.00000000000000000 
1 0.00000000000000000 4.86875000000000568 1.00000000000000000 0.00000000000000000 
1 6.28318530717958623 -0.00000000000000000 0.00000000000000000 1.00000000000000000 
1 0.00000000000000000 -0.00000000000000000 0.00000000000000000 1.00000000000000000 
1 0.00000000000000000 3.99999999999998579 1.00000000000000000 0.00000000000000000 
1 6.28318530717958623 -0.00000000000000000 0.00000000000000000 1.00000000000000000 
1 0.00000000000000000 -0.00000000000000000 0.00000000000000000 1.00000000000000000 
1 0.00000000000000000 0.35355339059327373 1.00000000000000000 0.00000000000000000 
1 0.00000000000000000 4.86875000000000568 1.00000000000000000 0.00000000000000000 
1 6.28318530717958623 -0.00000000000000000 0.00000000000000000 1.00000000000000000 
1 0.00000000000000000 -0.00000000000000000 0.00000000000000000 1.00000000000000000 
1 0.00000000000000000 3.99999999999998579 1.00000000000000000 0.00000000000000000 
1 6.28318530717958623 -0.00000000000000000 0.00000000000000000 1.00000000000000000 
1 0.00000000000000000 -0.00000000000000000 0.00000000000000000 1.00000000000000000 
1 0.00000000000000000 0.99999999999998579 1.00000000000000000 0.00000000000000000 
1 6.28318530717958623 -0.00000000000000000 0.00000000000000000 1.00000000000000000 
1 0.00000000000000000 -0.00000000000000000 0.00000000000000000 1.00000000000000000 
1 0.00000000000000000 0.99999999999998579 1.00000000000000000 0.00000000000000000 
1 6.28318530717958623 -0.00000000000000000 0.00000000000000000 1.00000000000000000 
1 0.00000000000000000 -0.00000000000000000 0.00000000000000000 1.00000000000000000 
1 0.00000000000000000 0.99999999999998579 1.00000000000000000 0.00000000000000000 
1 6.28318530717958623 -0.00000000000000000 0.00000000000000000 1.00000000000000000 
1 0.00000000000000000 -0.00000000000000000 0.00000000000000000 1.00000000000000000 
1 0.00000000000000000 0.99999999999998579 1.00000000000000000 0.00000000000000000 
1 6.28318530717958623 -0.00000000000000000 0.00000000000000000 1.00000000000000000 
1 0.00000000000000000 -0.00000000000000000 0.00000000000000000 1.00000000000000000 
1 0.00000000000000000 0.99999999999998579 1.00000000000000000 0.00000000000000000 
1 6.28318530717958623 -0.00000000000000000 0.00000000000000000 1.00000000000000000 
1 0.00000000000000000 -0.00000000000000000 0.00000000000000000 1.00000000000000000 
1 0.00000000000000000 0.99999999999998579 1.00000000000000000 0.00000000000000000 
1 6.28318530717958623 -0.00000000000000000 0.00000000000000000 1.00000000000000000 
1 0.00000000000000000 -0.00000000000000000 0.00000000000000000 1.00000000000000000 
1 0.00000000000000000 0.99999999999998579 1.00000000000000000 0.00000000000000000 
1 6.28318530717958623 -0.00000000000000000 0.00000000000000000 1.00000000000000000 
1 0.00000000000000000 -0.00000000000000000 0.00000000000000000 1.00000000000000000 
1 0.00000000000000000 0.99999999999998579 1.00000000000000000 0.00000000000000000 
1 6.28318530717958623 -0.00000000000000000 0.00000000000000000 1.00000000000000000 
1 0.00000000000000000 -0.00000000000000000 0.00000000000000000 1.00000000000000000 
1 0.00000000000000000 0.99999999999998579 1.00000000000000000 0.00000000000000000 
1 6.28318530717958623 -0.00000000000000000 0.00000000000000000 1.00000000000000000 
1 0.00000000000000000 -0.00000000000000000 0.00000000000000000 1.00000000000000000 
1 0.00000000000000000 0.99999999999998579 1.00000000000000000 0.00000000000000000 
1 6.28318530717958623 -0.00000000000000000 0.00000000000000000 1.00000000000000000 
1 0.00000000000000000 -0.00000000000000000 0.00000000000000000 1.00000000000000000 
1 0.00000000000000000 0.99999999999998579 1.00000000000000000 0.00000000000000000 
1 6.28318530717958623 -0.00000000000000000 0.00000000000000000 1.00000000000000000 
1 0.00000000000000000 -0.00000000000000000 0.00000000000000000 1.00000000000000000 
1 0.00000000000000000 0.99999999999998579 1.00000000000000000 0.00000000000000000 
1 6.28318530717958623 -0.00000000000000000 0.00000000000000000 1.00000000000000000 
1 0.00000000000000000 -0.00000000000000000 0.00000000000000000 1.00000000000000000 
1 0.00000000000000000 0.99999999999998579 1.00000000000000000 0.00000000000000000 
1 6.28318530717958623 -0.00000000000000000 0.00000000000000000 1.00000000000000000 
1 0.00000000000000000 -0.00000000000000000 0.00000000000000000 1.00000000000000000 
1 0.00000000000000000 0.99999999999998579 1.00000000000000000 0.00000000000000000 
1 6.28318530717958623 -0.00000000000000000 0.00000000000000000 1.00000000000000000 
1 0.00000000000000000 -0.00000000000000000 0.00000000000000000 1.00000000000000000 
1 0.00000000000000000 0.99999999999998579 1.00000000000000000 0.00000000000000000 
1 6.28318530717958623 -0.00000000000000000 0.00000000000000000 1.00000000000000000 
1 0.00000000000000000 -0.00000000000000000 0.00000000000000000 1.00000000000000000 
1 0.00000000000000000 0.99999999999998579 1.00000000000000000 0.00000000000000000 
1 6.28318530717958623 -0.00000000000000000 0.00000000000000000 1.00000000000000000 
1 0.00000000000000000 -0.00000000000000000 0.00000000000000000 1.00000000000000000 
1 0.00000000000000000 0.99999999999998579 1.00000000000000000 0.00000000000000000 
1 6.28318530717958623 -0.00000000000000000 0.00000000000000000 1.00000000000000000 
1 0.00000000000000000 -0.00000000000000000 0.00000000000000000 1.00000000000000000 
1 0.00000000000000000 0.99999999999998579 1.00000000000000000 0.00000000000000000 
1 6.28318530717958623 -0.00000000000000000 0.00000000000000000 1.00000000000000000 
1 0.00000000000000000 -0.00000000000000000 0.00000000000000000 1.00000000000000000 
1 0.00000000000000000 0.99999999999998579 1.00000000000000000 0.00000000000000000 
1 6.28318530717958623 -0.00000000000000000 0.00000000000000000 1.00000000000000000 
1 0.00000000000000000 -0.00000000000000000 0.00000000000000000 1.00000000000000000 
1 0.00000000000000000 0.99999999999998579 1.00000000000000000 0.00000000000000000 
1 6.28318530717958623 -0.00000000000000000 0.00000000000000000 1.00000000000000000 
1 0.00000000000000000 -0.00000000000000000 0.00000000000000000 1.00000000000000000 
1 0.00000000000000000 0.99999999999998579 1.00000000000000000 0.00000000000000000 
1 6.28318530717958623 -0.00000000000000000 0.00000000000000000 1.00000000000000000 
1 0.00000000000000000 -0.00000000000000000 0.00000000000000000 1.00000000000000000 
1 0.00000000000000000 0.99999999999998579 1.00000000000000000 0.00000000000000000 
1 0.00000000000000000 3.36759604540093305 1.00000000000000000 0.00000000000000000 
1 0.00000000000000000 3.36759604540093305 1.00000000000000000 0.00000000000000000 
1 0.00000000000000000 3.36759604540093305 1.00000000000000000 0.00000000000000000 
1 0.00000000000000000 3.36759604540093305 1.00000000000000000 0.00000000000000000 
1 0.00000000000000000 3.36759604540093305 1.00000000000000000 0.00000000000000000 
1 0.00000000000000000 4.00000000000001421 1.00000000000000000 0.00000000000000000 
1 0.00000000000000000 4.00000000000001421 1.00000000000000000 0.00000000000000000 
1 0.00000000000000000 4.00000000000001421 1.00000000000000000 0.00000000000000000 
1 0.00000000000000000 4.00000000000001421 1.00000000000000000 0.00000000000000000 
1 0.00000000000000000 4.00000000000001421 1.00000000000000000 0.00000000000000000 
1 0.00000000000000000 4.00000000000001421 1.00000000000000000 0.00000000000000000 
1 0.00000000000000000 4.00000000000001421 1.00000000000000000 0.00000000000000000 
1 0.00000000000000000 4.00000000000001421 1.00000000000000000 0.00000000000000000 
1 0.00000000000000000 4.00000000000001421 1.00000000000000000 0.00000000000000000 
1 0.00000000000000000 4.00000000000001421 1.00000000000000000 0.00000000000000000 
1 0.00000000000000000 4.00000000000001421 1.00000000000000000 0.00000000000000000 
1 0.00000000000000000 4.00000000000001421 1.00000000000000000 0.00000000000000000 
1 0.00000000000000000 4.00000000000001421 1.00000000000000000 0.00000000000000000 
1 0.00000000000000000 4.00000000000001421 1.00000000000000000 0.00000000000000000 
1 0.00000000000000000 4.00000000000001421 1.00000000000000000 0.00000000000000000 
1 0.00000000000000000 4.00000000000001421 1.00000000000000000 0.00000000000000000 
1 0.00000000000000000 4.00000000000001421 1.00000000000000000 0.00000000000000000 
1 0.00000000000000000 4.00000000000001421 1.00000000000000000 0.00000000000000000 
1 0.00000000000000000 4.00000000000001421 1.00000000000000000 0.00000000000000000 
1 0.00000000000000000 4.00000000000001421 1.00000000000000000 0.00000000000000000 
1 0.00000000000000000 4.00000000000001421 1.00000000000000000 0.00000000000000000 
1 0.00000000000000000 4.00000000000001421 1.00000000000000000 0.00000000000000000 
1 6.28318530717958623 -0.00000000000000000 0.00000000000000000 1.00000000000000000 
1 0.00000000000000000 -0.00000000000000000 0.00000000000000000 1.00000000000000000 
1 0.00000000000000000 0.35355339059327373 1.00000000000000000 0.00000000000000000 
1 0.00000000000000000 4.86875000000000568 1.00000000000000000 0.00000000000000000 
1 6.28318530717958623 -0.00000000000000000 0.00000000000000000 1.00000000000000000 
1 0.00000000000000000 -0.00000000000000000 0.00000000000000000 1.00000000000000000 
1 0.00000000000000000 4.00000000000000000 1.00000000000000000 0.00000000000000000 
1 6.28318530717958623 -0.00000000000000000 0.00000000000000000 1.00000000000000000 
1 0.00000000000000000 -0.00000000000000000 0.00000000000000000 1.00000000000000000 
1 0.00000000000000000 0.35355339059327373 1.00000000000000000 0.00000000000000000 
1 0.00000000000000000 4.86875000000000568 1.00000000000000000 0.00000000000000000 
1 6.28318530717958623 -0.00000000000000000 0.00000000000000000 1.00000000000000000 
1 0.00000000000000000 -0.00000000000000000 0.00000000000000000 1.00000000000000000 
1 0.00000000000000000 4.00000000000000000 1.00000000000000000 0.00000000000000000 
1 6.28318530717958623 -0.00000000000000000 0.00000000000000000 1.00000000000000000 
1 0.00000000000000000 -0.00000000000000000 0.00000000000000000 1.00000000000000000 
1 0.00000000000000000 0.35355339059327373 1.00000000000000000 0.00000000000000000 
1 0.00000000000000000 4.86875000000000568 1.00000000000000000 0.00000000000000000 
1 6.28318530717958623 -0.00000000000000000 0.00000000000000000 1.00000000000000000 
1 0.00000000000000000 -0.00000000000000000 0.00000000000000000 1.00000000000000000 
1 0.00000000000000000 4.00000000000000000 1.00000000000000000 0.00000000000000000 
1 6.28318530717958623 -0.00000000000000000 0.00000000000000000 1.00000000000000000 
1 0.00000000000000000 -0.00000000000000000 0.00000000000000000 1.00000000000000000 
1 0.00000000000000000 0.35355339059327373 1.00000000000000000 0.00000000000000000 
1 0.00000000000000000 4.86875000000000568 1.00000000000000000 0.00000000000000000 
1 6.28318530717958623 -0.00000000000000000 0.00000000000000000 1.00000000000000000 
1 0.00000000000000000 -0.00000000000000000 0.00000000000000000 1.00000000000000000 
1 0.00000000000000000 4.00000000000000000 1.00000000000000000 0.00000000000000000 
1 6.28318530717958623 -0.00000000000000000 0.00000000000000000 1.00000000000000000 
1 0.00000000000000000 -0.00000000000000000 0.00000000000000000 1.00000000000000000 
1 0.00000000000000000 0.35355339059327373 1.00000000000000000 0.00000000000000000 
1 0.00000000000000000 4.86875000000000568 1.00000000000000000 0.00000000000000000 
1 6.28318530717958623 -0.00000000000000000 0.00000000000000000 1.00000000000000000 
1 0.00000000000000000 -0.00000000000000000 0.00000000000000000 1.00000000000000000 
1 0.00000000000000000 4.00000000000000000 1.00000000000000000 0.00000000000000000 
1 6.28318530717958623 -0.00000000000000000 0.00000000000000000 1.00000000000000000 
1 0.00000000000000000 -0.00000000000000000 0.00000000000000000 1.00000000000000000 
1 0.00000000000000000 1.00000000000000000 1.00000000000000000 0.00000000000000000 
1 6.28318530717958623 -0.00000000000000000 0.00000000000000000 1.00000000000000000 
1 0.00000000000000000 -0.00000000000000000 0.00000000000000000 1.00000000000000000 
1 0.00000000000000000 1.00000000000000000 1.00000000000000000 0.00000000000000000 
1 6.28318530717958623 -0.00000000000000000 0.00000000000000000 1.00000000000000000 
1 0.00000000000000000 -0.00000000000000000 0.00000000000000000 1.00000000000000000 
1 0.00000000000000000 1.00000000000000000 1.00000000000000000 0.00000000000000000 
1 6.28318530717958623 -0.00000000000000000 0.00000000000000000 1.00000000000000000 
1 0.00000000000000000 -0.00000000000000000 0.00000000000000000 1.00000000000000000 
1 0.00000000000000000 1.00000000000000000 1.00000000000000000 0.00000000000000000 
1 6.28318530717958623 -0.00000000000000000 0.00000000000000000 1.00000000000000000 
1 0.00000000000000000 -0.00000000000000000 0.00000000000000000 1.00000000000000000 
1 0.00000000000000000 1.00000000000000000 1.00000000000000000 0.00000000000000000 
1 6.28318530717958623 -0.00000000000000000 0.00000000000000000 1.00000000000000000 
1 0.00000000000000000 -0.00000000000000000 0.00000000000000000 1.00000000000000000 
1 0.00000000000000000 1.00000000000000000 1.00000000000000000 0.00000000000000000 
1 6.28318530717958623 -0.00000000000000000 0.00000000000000000 1.00000000000000000 
1 0.00000000000000000 -0.00000000000000000 0.00000000000000000 1.00000000000000000 
1 0.00000000000000000 1.00000000000000000 1.00000000000000000 0.00000000000000000 
1 6.28318530717958623 -0.00000000000000000 0.00000000000000000 1.00000000000000000 
1 0.00000000000000000 -0.00000000000000000 0.00000000000000000 1.00000000000000000 
1 0.00000000000000000 1.00000000000000000 1.00000000000000000 0.00000000000000000 
1 6.28318530717958623 -0.00000000000000000 0.00000000000000000 1.00000000000000000 
1 0.00000000000000000 -0.00000000000000000 0.00000000000000000 1.00000000000000000 
1 0.00000000000000000 1.00000000000000000 1.00000000000000000 0.00000000000000000 
1 6.28318530717958623 -0.00000000000000000 0.00000000000000000 1.00000000000000000 
1 0.00000000000000000 -0.00000000000000000 0.00000000000000000 1.00000000000000000 
1 0.00000000000000000 1.00000000000000000 1.00000000000000000 0.00000000000000000 
1 6.28318530717958623 -0.00000000000000000 0.00000000000000000 1.00000000000000000 
1 0.00000000000000000 -0.00000000000000000 0.00000000000000000 1.00000000000000000 
1 0.00000000000000000 1.00000000000000000 1.00000000000000000 0.00000000000000000 
1 6.28318530717958623 -0.00000000000000000 0.00000000000000000 1.00000000000000000 
1 0.00000000000000000 -0.00000000000000000 0.00000000000000000 1.00000000000000000 
1 0.00000000000000000 1.00000000000000000 1.00000000000000000 0.00000000000000000 
1 6.28318530717958623 -0.00000000000000000 0.00000000000000000 1.00000000000000000 
1 0.00000000000000000 -0.00000000000000000 0.00000000000000000 1.00000000000000000 
1 0.00000000000000000 1.00000000000000000 1.00000000000000000 0.00000000000000000 
1 6.28318530717958623 -0.00000000000000000 0.00000000000000000 1.00000000000000000 
1 0.00000000000000000 -0.00000000000000000 0.00000000000000000 1.00000000000000000 
1 0.00000000000000000 1.00000000000000000 1.00000000000000000 0.00000000000000000 
1 6.28318530717958623 -0.00000000000000000 0.00000000000000000 1.00000000000000000 
1 0.00000000000000000 -0.00000000000000000 0.00000000000000000 1.00000000000000000 
1 0.00000000000000000 1.00000000000000000 1.00000000000000000 0.00000000000000000 
1 6.28318530717958623 -0.00000000000000000 0.00000000000000000 1.00000000000000000 
1 0.00000000000000000 -0.00000000000000000 0.00000000000000000 1.00000000000000000 
1 0.00000000000000000 1.00000000000000000 1.00000000000000000 0.00000000000000000 
1 6.28318530717958623 -0.00000000000000000 0.00000000000000000 1.00000000000000000 
1 0.00000000000000000 -0.00000000000000000 0.00000000000000000 1.00000000000000000 
1 0.00000000000000000 1.00000000000000000 1.00000000000000000 0.00000000000000000 
1 6.28318530717958623 -0.00000000000000000 0.00000000000000000 1.00000000000000000 
1 0.00000000000000000 -0.00000000000000000 0.00000000000000000 1.00000000000000000 
1 0.00000000000000000 1.00000000000000000 1.00000000000000000 0.00000000000000000 
1 6.28318530717958623 -0.00000000000000000 0.00000000000000000 1.00000000000000000 
1 0.00000000000000000 -0.00000000000000000 0.00000000000000000 1.00000000000000000 
1 0.00000000000000000 1.00000000000000000 1.00000000000000000 0.00000000000000000 
1 6.28318530717958623 -0.00000000000000000 0.00000000000000000 1.00000000000000000 
1 0.00000000000000000 -0.00000000000000000 0.00000000000000000 1.00000000000000000 
1 0.00000000000000000 1.00000000000000000 1.00000000000000000 0.00000000000000000 
1 6.28318530717958623 -0.00000000000000000 0.00000000000000000 1.00000000000000000 
1 0.00000000000000000 -0.00000000000000000 0.00000000000000000 1.00000000000000000 
1 0.00000000000000000 1.00000000000000000 1.00000000000000000 0.00000000000000000 
1 6.28318530717958623 -0.00000000000000000 0.00000000000000000 1.00000000000000000 
1 0.00000000000000000 -0.00000000000000000 0.00000000000000000 1.00000000000000000 
1 0.00000000000000000 1.00000000000000000 1.00000000000000000 0.00000000000000000 
Curves 272
1 1653.53380087538266707 -27.34374133265764328 657.98512918468736643 0.96264386624330334 0.26861466344596802 -0.03410204342784402 
1 1450.00000000000000000 -84.13750000000000284 651.02641450931207601 0.00000000000000000 0.00000000000000000 1.00000000000000000 
1 1181.93445276158308843 -158.93809789287371359 1217.97608171096590013 -0.93504385654479227 -0.26091319920124884 0.24003601567350527 
1 1515.00000000000000000 -66.00000000000000000 651.02641450931207601 0.00000000000000000 0.00000000000000000 1.00000000000000000 
1 1920.73431755316096314 -66.00000000000000000 648.51944416531705428 0.99937311051792621 0.00000000000000000 -0.03540319157540673 
1 1398.47994713645789489 -66.00000000000000000 1162.38647773894695092 -0.96859375029208661 0.00000000000000000 0.24864864145036281 
2 1825.23036278275321820 -66.00000000000000000 849.23351043576610664 0.00000000000000000 1.00000000000000000 0.00000000000000000 0.00000000000000000 -0.00000000000000000 1.00000000000000000 1.00000000000000000 0.00000000000000000 -0.00000000000000000 197.20709592645403063
2 1825.23036278275321820 -66.00000000000000000 849.23351043576610664 0.00000000000000000 1.00000000000000000 0.00000000000000000 0.00000000000000000 -0.00000000000000000 1.00000000000000000 1.00000000000000000 0.00000000000000000 -0.00000000000000000 79.00000000000000000
2 1825.23036278275321820 65.99999999999998579 849.23351043576610664 0.00000000000000000 1.00000000000000000 0.00000000000000000 0.00000000000000000 -0.00000000000000000 1.00000000000000000 1.00000000000000000 0.00000000000000000 -0.00000000000000000 197.20709592645403063
1 1818.24860218563935632 -84.13750000000000284 652.15004156353870712 0.00000000000000000 1.00000000000000000 0.00000000000000000 
1 1874.26563926923745385 -84.13750000000000284 1040.24707106338155427 0.00000000000000000 1.00000000000000000 0.00000000000000000 
1 1666.83422238818866390 66.00000000000000000 657.51395644059834922 -0.99937311051792621 0.00000000000000000 0.03540319157540673 
1 1515.00000000000000000 66.00000000000000000 651.02641450931207601 0.00000000000000000 0.00000000000000000 1.00000000000000000 
1 1159.97858228642053291 66.00000000000000000 1223.61239452411700768 0.96859375029208661 0.00000000000000000 -0.24864864145036281 
2 1825.23036278275321820 65.99999999999998579 849.23351043576610664 0.00000000000000000 1.00000000000000000 0.00000000000000000 0.00000000000000000 -0.00000000000000000 1.00000000000000000 1.00000000000000000 0.00000000000000000 -0.00000000000000000 79.00000000000000000
1 1642.82789319981020526 30.33110133982216539 658.36439023988077679 -0.96264386624330334 0.26861466344596802 0.03410204342784402 
1 1171.83364373118138246 161.75661210501078813 1220.56907019783329815 0.93504385654479227 -0.26091319920124884 -0.24003601567350527 
1 1450.00000000000000000 84.13750000000000284 651.02641450931207601 0.00000000000000000 0.00000000000000000 1.00000000000000000 
2 1825.23036278275321820 -63.00000000000000000 849.23351043576610664 0.00000000000000000 1.00000000000000000 0.00000000000000000 0.00000000000000000 -0.00000000000000000 1.00000000000000000 1.00000000000000000 0.00000000000000000 -0.00000000000000000 79.00000000000000000
1 1825.23036278275321820 -85.13750000000000284 928.23351043576610664 0.00000000000000000 1.00000000000000000 0.00000000000000000 
1 1825.23036278275321820 -85.13750000000000284 928.23351043576610664 0.00000000000000000 1.00000000000000000 0.00000000000000000 
2 1825.23036278275321820 62.99999999999998579 849.23351043576610664 0.00000000000000000 1.00000000000000000 0.00000000000000000 0.00000000000000000 -0.00000000000000000 1.00000000000000000 1.00000000000000000 0.00000000000000000 -0.00000000000000000 79.00000000000000000
1 1514.58928724016209344 -63.00000000000000000 651.02641450931207601 0.00000000000000000 0.00000000000000000 1.00000000000000000 
1 1920.84052712788707140 -63.00000000000000000 651.51756349687093461 0.99937311051792621 0.00000000000000000 -0.03540319157540664 
1 1397.73400121210693214 -63.00000000000000000 1159.48069648807086196 -0.96859375029208661 0.00000000000000000 0.24864864145036281 
2 1825.23036278275321820 -63.00000000000000000 849.23351043576610664 0.00000000000000000 1.00000000000000000 0.00000000000000000 0.00000000000000000 -0.00000000000000000 1.00000000000000000 1.00000000000000000 0.00000000000000000 -0.00000000000000000 194.20709592645403063
1 1666.73533297380208751 63.00000000000000711 660.51934148575514882 -0.99937311051792621 0.00000000000000000 0.03540319157540664 
2 1825.23036278275321820 62.99999999999998579 849.23351043576610664 0.00000000000000000 1.00000000000000000 0.00000000000000000 0.00000000000000000 -0.00000000000000000 1.00000000000000000 1.00000000000000000 0.00000000000000000 -0.00000000000000000 194.20709592645403063
1 1514.58928724016209344 63.00000000000000000 651.02641450931207601 0.00000000000000000 0.00000000000000000 1.00000000000000000 
1 1159.03997637586121527 62.99999999999999289 1220.75607120523545746 0.96859375029208661 0.00000000000000000 -0.24864864145036281 
1 1641.93076376000522032 27.46683030186684249 661.39805325674365122 -0.96264386624330334 0.26861466344596802 0.03410204342784394 
1 1170.19907866305834432 159.09811397026498980 1217.89140722956926766 0.93504385654479227 -0.26091319920124884 -0.24003601567350527 
1 1449.58928724016209344 81.13750000000000284 651.02641450931207601 0.00000000000000000 0.00000000000000000 1.00000000000000000 
1 1653.41241221002519524 -24.26300878244775561 660.99131127479563474 0.96264386624330334 0.26861466344596802 -0.03410204342784394 
1 1449.58928724016209344 -81.13750000000000284 651.02641450931207601 0.00000000000000000 0.00000000000000000 1.00000000000000000 
1 1181.03178354547367235 -156.07537266557557132 1215.11053304838333133 -0.93504385654479227 -0.26091319920124884 0.24003601567350527 
1 1818.35481176036569195 -81.13750000000000284 655.14816089509247377 0.00000000000000000 1.00000000000000000 0.00000000000000000 
1 1873.51969334488626373 -81.13750000000000284 1037.34128981250523793 0.00000000000000000 1.00000000000000000 0.00000000000000000 
1 689.00543823684620293 -84.13750000000000284 1344.51636731169514860 0.96859375029208661 0.00000000000000000 -0.24864864145036281 
1 689.00543823684620293 84.13750000000000284 1344.51636731169514860 0.96859375029208661 0.00000000000000000 -0.24864864145036281 
1 937.30427021274522303 -84.63750000000001705 1280.77533323430088785 0.00000000000000000 -1.00000000000000000 0.00000000000000000 
2 1402.07500000000004547 0.00000000000000000 1161.46358823011792083 0.24864864145036289 -0.00000000000000000 0.96859375029208661 0.96859375029208661 0.00000000000000000 -0.24864864145036289 0.00000000000000000 1.00000000000000000 0.00000000000000000 4.21875000000000000
2 955.80427021274522303 52.13750000000000284 1276.02618028401116135 0.24864864145036289 -0.00000000000000000 0.96859375029208661 0.96859375029208661 0.00000000000000000 -0.24864864145036289 0.00000000000000000 1.00000000000000000 0.00000000000000000 4.21875000000000000
2 955.80427021274522303 24.00000000000000000 1276.02618028401116135 0.24864864145036289 -0.00000000000000000 0.96859375029208661 0.96859375029208661 0.00000000000000000 -0.24864864145036289 0.00000000000000000 1.00000000000000000 0.00000000000000000 4.21875000000000000
2 955.80427021274522303 -52.13750000000000284 1276.02618028401116135 0.24864864145036289 -0.00000000000000000 0.96859375029208661 0.96859375029208661 0.00000000000000000 -0.24864864145036289 0.00000000000000000 1.00000000000000000 0.00000000000000000 4.21875000000000000
2 607.00007254118611399 84.13750000000000284 1025.07008262692716016 0.00000000000000000 1.00000000000000000 0.00000000000000000 0.00000000000000000 -0.00000000000000000 1.00000000000000000 1.00000000000000000 0.00000000000000000 -0.00000000000000000 329.80419767155905220
1 277.19625388260720911 -84.13750000000000284 1024.57008262692716016 0.00000000000000000 1.00000000000000000 0.00000000000000000 
2 607.00007254118611399 -84.13750000000000284 1025.07008262692716016 0.00000000000000000 1.00000000000000000 0.00000000000000000 0.00000000000000000 -0.00000000000000000 1.00000000000000000 1.00000000000000000 0.00000000000000000 -0.00000000000000000 329.80419767155905220
1 595.32395134864657393 -84.13750000000000284 695.47263573803229519 0.00000000000000000 1.00000000000000000 0.00000000000000000 
1 702.05161981016249229 84.13750000000001705 1024.57008262692716016 1.00000000000000000 0.00000000000000000 0.00000000000000000 
1 520.00150933465954495 -85.13750000000000284 1024.57008262692716016 0.00000000000000000 1.00000000000000000 0.00000000000000000 
1 702.01306667437700071 81.13750000000000284 1024.57008262692716016 1.00000000000000000 0.00000000000000000 0.00000000000000000 
1 280.19625736187788334 -81.13750000000000284 1024.57008262692716016 0.00000000000000000 1.00000000000000000 0.00000000000000000 
1 702.01306667437700071 -81.13749999999998863 1024.57008262692716016 -1.00000000000000000 0.00000000000000000 0.00000000000000000 
1 520.00150933465954495 -85.13750000000000284 1024.57008262692716016 0.00000000000000000 1.00000000000000000 0.00000000000000000 
1 702.05161981016260597 -84.13750000000003126 1024.57008262692716016 -1.00000000000000000 0.00000000000000000 0.00000000000000000 
2 607.00007254118611399 -81.13749999999998863 1025.07008262692716016 0.00000000000000000 1.00000000000000000 0.00000000000000000 0.00000000000000000 -0.00000000000000000 1.00000000000000000 1.00000000000000000 0.00000000000000000 -0.00000000000000000 87.00000000000000000
2 607.00007254118611399 -84.13750000000003126 1025.07008262692716016 0.00000000000000000 1.00000000000000000 0.00000000000000000 0.00000000000000000 -0.00000000000000000 1.00000000000000000 1.00000000000000000 0.00000000000000000 -0.00000000000000000 87.00000000000000000
1 693.99863574771268304 -85.13750000000000284 1024.57008262692716016 0.00000000000000000 1.00000000000000000 0.00000000000000000 
1 702.05161981016260597 -84.13750000000003126 1024.57008262692716016 -1.00000000000000000 0.00000000000000000 0.00000000000000000 
1 702.01306667437700071 -81.13749999999998863 1024.57008262692716016 -1.00000000000000000 0.00000000000000000 0.00000000000000000 
1 937.30427021274522303 -85.13750000000003126 1024.57008262692716016 0.00000000000000000 1.00000000000000000 0.00000000000000000 
1 937.30427021274522303 -84.13750000000003126 987.66781752133465488 0.00000000000000000 0.00000000000000000 1.00000000000000000 
1 937.30427021274522303 84.13750000000001705 987.66781752133465488 0.00000000000000000 0.00000000000000000 -1.00000000000000000 
1 937.30427021274522303 -85.13750000000003126 1024.57008262692716016 0.00000000000000000 1.00000000000000000 0.00000000000000000 
1 937.30427021274522303 81.13750000000000284 987.66733215338399532 0.00000000000000000 0.00000000000000000 -1.00000000000000000 
1 937.30427021274522303 -83.13750000000001705 1277.67805948140357941 0.00000000000000000 -1.00000000000000000 0.00000000000000000 
1 937.30427021274522303 -81.13749999999998863 987.66733215338399532 0.00000000000000000 0.00000000000000000 1.00000000000000000 
1 702.01306667437700071 81.13750000000000284 1024.57008262692716016 1.00000000000000000 0.00000000000000000 0.00000000000000000 
1 693.99863574771268304 -85.13750000000000284 1024.57008262692716016 0.00000000000000000 1.00000000000000000 0.00000000000000000 
1 702.05161981016249229 84.13750000000001705 1024.57008262692716016 1.00000000000000000 0.00000000000000000 0.00000000000000000 
2 607.00007254118611399 84.13750000000003126 1025.07008262692716016 0.00000000000000000 1.00000000000000000 0.00000000000000000 0.00000000000000000 -0.00000000000000000 1.00000000000000000 1.00000000000000000 0.00000000000000000 -0.00000000000000000 87.00000000000000000
2 607.00007254118611399 81.13750000000000284 1025.07008262692716016 0.00000000000000000 1.00000000000000000 0.00000000000000000 0.00000000000000000 -0.00000000000000000 1.00000000000000000 1.00000000000000000 0.00000000000000000 -0.00000000000000000 87.00000000000000000
2 607.00007254118611399 81.13750000000000284 1025.07008262692716016 0.00000000000000000 1.00000000000000000 0.00000000000000000 0.00000000000000000 -0.00000000000000000 1.00000000000000000 1.00000000000000000 0.00000000000000000 -0.00000000000000000 326.80419767155905220
2 607.00007254118611399 -81.13750000000000284 1025.07008262692716016 0.00000000000000000 1.00000000000000000 0.00000000000000000 0.00000000000000000 -0.00000000000000000 1.00000000000000000 1.00000000000000000 0.00000000000000000 -0.00000000000000000 326.80419767155905220
1 595.43016092337279588 -81.13750000000000284 698.47075506958594815 0.00000000000000000 1.00000000000000000 0.00000000000000000 
1 1405.16666031824343008 -0.00000000000000103 1156.54022677283091980 0.24864864145036289 0.00000000000000000 0.96859375029208661 
2 1401.32905407564908273 0.00000000000000000 1158.55780697924160449 0.24864864145036289 -0.00000000000000000 0.96859375029208661 0.96859375029208661 0.00000000000000000 -0.24864864145036289 0.00000000000000000 1.00000000000000000 0.00000000000000000 4.21875000000000000
1 958.89593053098849396 52.13750000000000284 1271.10281882672416032 0.24864864145036289 0.00000000000000000 0.96859375029208661 
2 955.05832428839414661 52.13750000000000284 1273.12039903313484501 0.24864864145036289 -0.00000000000000000 0.96859375029208661 0.96859375029208661 0.00000000000000000 -0.24864864145036289 0.00000000000000000 1.00000000000000000 0.00000000000000000 4.21875000000000000
1 958.89593053098849396 24.00000000000000000 1271.10281882672416032 0.24864864145036289 0.00000000000000000 0.96859375029208661 
2 955.05832428839414661 24.00000000000000000 1273.12039903313484501 0.24864864145036289 -0.00000000000000000 0.96859375029208661 0.96859375029208661 0.00000000000000000 -0.24864864145036289 0.00000000000000000 1.00000000000000000 0.00000000000000000 4.21875000000000000
1 958.89593053098849396 -52.13750000000000284 1271.10281882672416032 0.24864864145036289 0.00000000000000000 0.96859375029208661 
2 955.05832428839414661 -52.13750000000000284 1273.12039903313484501 0.24864864145036289 -0.00000000000000000 0.96859375029208661 0.96859375029208661 0.00000000000000000 -0.24864864145036289 0.00000000000000000 1.00000000000000000 0.00000000000000000 4.21875000000000000
1 1818.24860218563935632 -84.13750000000000284 652.15004156353870712 -0.99937311051792621 0.00000000000000000 0.03540319157540673 
2 730.40217137696572536 -84.13750000000000284 1015.57008262692716016 0.00000000000000000 -1.00000000000000000 0.00000000000000000 0.00000000000000000 0.00000000000000000 -1.00000000000000000 1.00000000000000000 0.00000000000000000 0.00000000000000000 4.76250000000000018
2 772.90217137696572536 -84.13750000000000284 1015.57008262692716016 0.00000000000000000 -1.00000000000000000 0.00000000000000000 0.00000000000000000 0.00000000000000000 -1.00000000000000000 1.00000000000000000 0.00000000000000000 0.00000000000000000 4.76250000000000018
2 815.40217137696572536 -84.13750000000000284 1015.57008262692716016 0.00000000000000000 -1.00000000000000000 0.00000000000000000 0.00000000000000000 0.00000000000000000 -1.00000000000000000 1.00000000000000000 0.00000000000000000 0.00000000000000000 4.76250000000000018
2 857.90217137696572536 -84.13750000000000284 1015.57008262692716016 0.00000000000000000 -1.00000000000000000 0.00000000000000000 0.00000000000000000 0.00000000000000000 -1.00000000000000000 1.00000000000000000 0.00000000000000000 0.00000000000000000 4.76250000000000018
2 900.40217137696572536 -84.13750000000000284 1015.57008262692716016 0.00000000000000000 -1.00000000000000000 0.00000000000000000 0.00000000000000000 0.00000000000000000 -1.00000000000000000 1.00000000000000000 0.00000000000000000 0.00000000000000000 4.76250000000000018
2 1402.07500000000004547 -84.13750000000003126 881.40498073019978165 0.00000000000000000 -1.00000000000000000 0.00000000000000000 0.00000000000000000 0.00000000000000000 -1.00000000000000000 1.00000000000000000 0.00000000000000000 0.00000000000000000 4.21875000000000000
2 1121.80427021274522303 -84.13750000000003126 918.07008262692716016 0.00000000000000000 -1.00000000000000000 0.00000000000000000 0.00000000000000000 0.00000000000000000 -1.00000000000000000 1.00000000000000000 0.00000000000000000 0.00000000000000000 4.21875000000000000
2 1161.80427021274522303 -84.13750000000003126 918.07008262692716016 0.00000000000000000 -1.00000000000000000 0.00000000000000000 0.00000000000000000 0.00000000000000000 -1.00000000000000000 1.00000000000000000 0.00000000000000000 0.00000000000000000 4.21875000000000000
2 1402.07500000000004547 -84.13750000000003126 1114.43088042839895024 0.00000000000000000 -1.00000000000000000 0.00000000000000000 0.00000000000000000 0.00000000000000000 -1.00000000000000000 1.00000000000000000 0.00000000000000000 0.00000000000000000 4.21875000000000000
2 1402.07500000000004547 -84.13750000000003126 1056.17440550384912967 0.00000000000000000 -1.00000000000000000 0.00000000000000000 0.00000000000000000 0.00000000000000000 -1.00000000000000000 1.00000000000000000 0.00000000000000000 0.00000000000000000 4.21875000000000000
2 1402.07500000000004547 -84.13750000000003126 997.91793057929930910 0.00000000000000000 -1.00000000000000000 0.00000000000000000 0.00000000000000000 0.00000000000000000 -1.00000000000000000 1.00000000000000000 0.00000000000000000 0.00000000000000000 4.21875000000000000
2 1402.07500000000004547 -84.13750000000003126 939.66145565474960222 0.00000000000000000 -1.00000000000000000 0.00000000000000000 0.00000000000000000 0.00000000000000000 -1.00000000000000000 1.00000000000000000 0.00000000000000000 0.00000000000000000 4.21875000000000000
2 1101.80427021274522303 -84.13750000000003126 972.07008262692716016 0.00000000000000000 -1.00000000000000000 0.00000000000000000 0.00000000000000000 0.00000000000000000 -1.00000000000000000 1.00000000000000000 0.00000000000000000 0.00000000000000000 4.21875000000000000
2 1402.07500000000004547 -84.13750000000003126 823.14850580564996108 0.00000000000000000 -1.00000000000000000 0.00000000000000000 0.00000000000000000 0.00000000000000000 -1.00000000000000000 1.00000000000000000 0.00000000000000000 0.00000000000000000 4.21875000000000000
2 1402.07500000000004547 -84.13750000000003126 764.89203088110025419 0.00000000000000000 -1.00000000000000000 0.00000000000000000 0.00000000000000000 0.00000000000000000 -1.00000000000000000 1.00000000000000000 0.00000000000000000 0.00000000000000000 4.21875000000000000
2 1402.07500000000004547 -84.13750000000003126 706.63555595655043362 0.00000000000000000 -1.00000000000000000 0.00000000000000000 0.00000000000000000 0.00000000000000000 -1.00000000000000000 1.00000000000000000 0.00000000000000000 0.00000000000000000 4.21875000000000000
2 1081.80427021274522303 -84.13750000000003126 918.07008262692716016 0.00000000000000000 -1.00000000000000000 0.00000000000000000 0.00000000000000000 0.00000000000000000 -1.00000000000000000 1.00000000000000000 0.00000000000000000 0.00000000000000000 4.21875000000000000
2 1041.80427021274522303 -84.13750000000003126 918.07008262692716016 0.00000000000000000 -1.00000000000000000 0.00000000000000000 0.00000000000000000 0.00000000000000000 -1.00000000000000000 1.00000000000000000 0.00000000000000000 0.00000000000000000 4.21875000000000000
2 1161.80427021274522303 -84.13750000000003126 972.07008262692716016 0.00000000000000000 -1.00000000000000000 0.00000000000000000 0.00000000000000000 0.00000000000000000 -1.00000000000000000 1.00000000000000000 0.00000000000000000 0.00000000000000000 4.21875000000000000
2 1041.80427021274522303 -84.13750000000003126 972.07008262692716016 0.00000000000000000 -1.00000000000000000 0.00000000000000000 0.00000000000000000 0.00000000000000000 -1.00000000000000000 1.00000000000000000 0.00000000000000000 0.00000000000000000 4.21875000000000000
2 874.00007254118611399 -84.13750000000003126 990.07008262692716016 0.00000000000000000 -1.00000000000000000 0.00000000000000000 0.00000000000000000 0.00000000000000000 -1.00000000000000000 1.00000000000000000 0.00000000000000000 0.00000000000000000 4.21875000000000000
2 955.80427021274522303 -84.13750000000003126 1072.07008262692716016 0.00000000000000000 -1.00000000000000000 0.00000000000000000 0.00000000000000000 0.00000000000000000 -1.00000000000000000 1.00000000000000000 0.00000000000000000 0.00000000000000000 4.21875000000000000
2 840.66673920785274277 -84.13750000000003126 990.07008262692716016 0.00000000000000000 -1.00000000000000000 0.00000000000000000 0.00000000000000000 0.00000000000000000 -1.00000000000000000 1.00000000000000000 0.00000000000000000 0.00000000000000000 4.21875000000000000
2 807.33340587451948522 -84.13750000000003126 990.07008262692716016 0.00000000000000000 -1.00000000000000000 0.00000000000000000 0.00000000000000000 0.00000000000000000 -1.00000000000000000 1.00000000000000000 0.00000000000000000 0.00000000000000000 4.21875000000000000
2 774.00007254118611399 -84.13750000000003126 990.07008262692716016 0.00000000000000000 -1.00000000000000000 0.00000000000000000 0.00000000000000000 0.00000000000000000 -1.00000000000000000 1.00000000000000000 0.00000000000000000 0.00000000000000000 4.21875000000000000
2 955.80427021274522303 -84.13750000000003126 1166.81533240603903323 0.00000000000000000 -1.00000000000000000 0.00000000000000000 0.00000000000000000 0.00000000000000000 -1.00000000000000000 1.00000000000000000 0.00000000000000000 0.00000000000000000 4.21875000000000000
2 955.80427021274522303 -84.13750000000003126 1225.56058218515113367 0.00000000000000000 -1.00000000000000000 0.00000000000000000 0.00000000000000000 0.00000000000000000 -1.00000000000000000 1.00000000000000000 0.00000000000000000 0.00000000000000000 4.21875000000000000
1 730.40217137696572536 -81.75625000000002274 1013.18883262692713743 -0.00000000000000017 -0.70710678118654757 -0.70710678118654746 
2 730.40217137696572536 -82.00625000000000853 1015.57008262692716016 0.00000000000000000 -1.00000000000000000 0.00000000000000000 0.00000000000000000 0.00000000000000000 -1.00000000000000000 1.00000000000000000 0.00000000000000000 0.00000000000000000 2.63125000000000009
1 730.40217137696572536 -77.13750000000000284 1012.93883262692713743 0.00000000000000000 -1.00000000000000000 0.00000000000000000 
2 730.40217137696572536 -81.13749999999998863 1015.57008262692716016 0.00000000000000000 -1.00000000000000000 0.00000000000000000 0.00000000000000000 0.00000000000000000 -1.00000000000000000 1.00000000000000000 0.00000000000000000 0.00000000000000000 2.63125000000000009
1 772.90217137696572536 -81.75625000000002274 1013.18883262692713743 -0.00000000000000017 -0.70710678118654757 -0.70710678118654746 
2 772.90217137696572536 -82.00625000000000853 1015.57008262692716016 0.00000000000000000 -1.00000000000000000 0.00000000000000000 0.00000000000000000 0.00000000000000000 -1.00000000000000000 1.00000000000000000 0.00000000000000000 0.00000000000000000 2.63125000000000009
1 772.90217137696572536 -77.13750000000000284 1012.93883262692713743 0.00000000000000000 -1.00000000000000000 0.00000000000000000 
2 772.90217137696572536 -81.13749999999998863 1015.57008262692716016 0.00000000000000000 -1.00000000000000000 0.00000000000000000 0.00000000000000000 0.00000000000000000 -1.00000000000000000 1.00000000000000000 0.00000000000000000 0.00000000000000000 2.63125000000000009
1 815.40217137696572536 -81.75625000000002274 1013.18883262692713743 -0.00000000000000017 -0.70710678118654757 -0.70710678118654746 
2 815.40217137696572536 -82.00625000000000853 1015.57008262692716016 0.00000000000000000 -1.00000000000000000 0.00000000000000000 0.00000000000000000 0.00000000000000000 -1.00000000000000000 1.00000000000000000 0.00000000000000000 0.00000000000000000 2.63125000000000009
1 815.40217137696572536 -77.13750000000000284 1012.93883262692713743 0.00000000000000000 -1.00000000000000000 0.00000000000000000 
2 815.40217137696572536 -81.13749999999998863 1015.57008262692716016 0.00000000000000000 -1.00000000000000000 0.00000000000000000 0.00000000000000000 0.00000000000000000 -1.00000000000000000 1.00000000000000000 0.00000000000000000 0.00000000000000000 2.63125000000000009
1 857.90217137696572536 -81.75625000000002274 1013.18883262692713743 -0.00000000000000017 -0.70710678118654757 -0.70710678118654746 
2 857.90217137696572536 -82.00625000000000853 1015.57008262692716016 0.00000000000000000 -1.00000000000000000 0.00000000000000000 0.00000000000000000 0.00000000000000000 -1.00000000000000000 1.00000000000000000 0.00000000000000000 0.00000000000000000 2.63125000000000009
1 857.90217137696572536 -77.13750000000000284 1012.93883262692713743 0.00000000000000000 -1.00000000000000000 0.00000000000000000 
2 857.90217137696572536 -81.13749999999998863 1015.57008262692716016 0.00000000000000000 -1.00000000000000000 0.00000000000000000 0.00000000000000000 0.00000000000000000 -1.00000000000000000 1.00000000000000000 0.00000000000000000 0.00000000000000000 2.63125000000000009
1 900.40217137696572536 -81.75625000000002274 1013.18883262692713743 -0.00000000000000017 -0.70710678118654757 -0.70710678118654746 
2 900.40217137696572536 -82.00625000000000853 1015.57008262692716016 0.00000000000000000 -1.00000000000000000 0.00000000000000000 0.00000000000000000 0.00000000000000000 -1.00000000000000000 1.00000000000000000 0.00000000000000000 0.00000000000000000 2.63125000000000009
1 900.40217137696572536 -77.13750000000000284 1012.93883262692713743 0.00000000000000000 -1.00000000000000000 0.00000000000000000 
2 900.40217137696572536 -81.13749999999998863 1015.57008262692716016 0.00000000000000000 -1.00000000000000000 0.00000000000000000 0.00000000000000000 0.00000000000000000 -1.00000000000000000 1.00000000000000000 0.00000000000000000 0.00000000000000000 2.63125000000000009
1 1402.07500000000004547 -80.13750000000000284 877.18623073019978165 0.00000000000000000 -1.00000000000000000 0.00000000000000000 
2 1402.07500000000004547 -81.13749999999998863 881.40498073019978165 0.00000000000000000 -1.00000000000000000 0.00000000000000000 0.00000000000000000 0.00000000000000000 -1.00000000000000000 1.00000000000000000 0.00000000000000000 0.00000000000000000 4.21875000000000000
1 1121.80427021274522303 -80.13750000000000284 913.85133262692716016 0.00000000000000000 -1.00000000000000000 0.00000000000000000 
2 1121.80427021274522303 -81.13749999999998863 918.07008262692716016 0.00000000000000000 -1.00000000000000000 0.00000000000000000 0.00000000000000000 0.00000000000000000 -1.00000000000000000 1.00000000000000000 0.00000000000000000 0.00000000000000000 4.21875000000000000
1 1161.80427021274522303 -80.13750000000000284 913.85133262692716016 0.00000000000000000 -1.00000000000000000 0.00000000000000000 
2 1161.80427021274522303 -81.13749999999998863 918.07008262692716016 0.00000000000000000 -1.00000000000000000 0.00000000000000000 0.00000000000000000 0.00000000000000000 -1.00000000000000000 1.00000000000000000 0.00000000000000000 0.00000000000000000 4.21875000000000000
1 1402.07500000000004547 -80.13750000000000284 1110.21213042839895024 0.00000000000000000 -1.00000000000000000 0.00000000000000000 
2 1402.07500000000004547 -81.13749999999998863 1114.43088042839895024 0.00000000000000000 -1.00000000000000000 0.00000000000000000 0.00000000000000000 0.00000000000000000 -1.00000000000000000 1.00000000000000000 0.00000000000000000 0.00000000000000000 4.21875000000000000
1 1402.07500000000004547 -80.13750000000000284 1051.95565550384912967 0.00000000000000000 -1.00000000000000000 0.00000000000000000 
2 1402.07500000000004547 -81.13749999999998863 1056.17440550384912967 0.00000000000000000 -1.00000000000000000 0.00000000000000000 0.00000000000000000 0.00000000000000000 -1.00000000000000000 1.00000000000000000 0.00000000000000000 0.00000000000000000 4.21875000000000000
1 1402.07500000000004547 -80.13750000000000284 993.69918057929930910 0.00000000000000000 -1.00000000000000000 0.00000000000000000 
2 1402.07500000000004547 -81.13749999999998863 997.91793057929930910 0.00000000000000000 -1.00000000000000000 0.00000000000000000 0.00000000000000000 0.00000000000000000 -1.00000000000000000 1.00000000000000000 0.00000000000000000 0.00000000000000000 4.21875000000000000
1 1402.07500000000004547 -80.13750000000000284 935.44270565474960222 0.00000000000000000 -1.00000000000000000 0.00000000000000000 
2 1402.07500000000004547 -81.13749999999998863 939.66145565474960222 0.00000000000000000 -1.00000000000000000 0.00000000000000000 0.00000000000000000 0.00000000000000000 -1.00000000000000000 1.00000000000000000 0.00000000000000000 0.00000000000000000 4.21875000000000000
1 1101.80427021274522303 -80.13750000000000284 967.85133262692716016 0.00000000000000000 -1.00000000000000000 0.00000000000000000 
2 1101.80427021274522303 -81.13749999999998863 972.07008262692716016 0.00000000000000000 -1.00000000000000000 0.00000000000000000 0.00000000000000000 0.00000000000000000 -1.00000000000000000 1.00000000000000000 0.00000000000000000 0.00000000000000000 4.21875000000000000
1 1402.07500000000004547 -80.13750000000000284 818.92975580564996108 0.00000000000000000 -1.00000000000000000 0.00000000000000000 
2 1402.07500000000004547 -81.13749999999998863 823.14850580564996108 0.00000000000000000 -1.00000000000000000 0.00000000000000000 0.00000000000000000 0.00000000000000000 -1.00000000000000000 1.00000000000000000 0.00000000000000000 0.00000000000000000 4.21875000000000000
1 1402.07500000000004547 -80.13750000000000284 760.67328088110025419 0.00000000000000000 -1.00000000000000000 0.00000000000000000 
2 1402.07500000000004547 -81.13749999999998863 764.89203088110025419 0.00000000000000000 -1.00000000000000000 0.00000000000000000 0.00000000000000000 0.00000000000000000 -1.00000000000000000 1.00000000000000000 0.00000000000000000 0.00000000000000000 4.21875000000000000
1 1402.07500000000004547 -80.13750000000000284 702.41680595655043362 0.00000000000000000 -1.00000000000000000 0.00000000000000000 
2 1402.07500000000004547 -81.13749999999998863 706.63555595655043362 0.00000000000000000 -1.00000000000000000 0.00000000000000000 0.00000000000000000 0.00000000000000000 -1.00000000000000000 1.00000000000000000 0.00000000000000000 0.00000000000000000 4.21875000000000000
1 1081.80427021274522303 -80.13750000000000284 913.85133262692716016 0.00000000000000000 -1.00000000000000000 0.00000000000000000 
2 1081.80427021274522303 -81.13749999999998863 918.07008262692716016 0.00000000000000000 -1.00000000000000000 0.00000000000000000 0.00000000000000000 0.00000000000000000 -1.00000000000000000 1.00000000000000000 0.00000000000000000 0.00000000000000000 4.21875000000000000
1 1041.80427021274522303 -80.13750000000000284 913.85133262692716016 0.00000000000000000 -1.00000000000000000 0.00000000000000000 
2 1041.80427021274522303 -81.13749999999998863 918.07008262692716016 0.00000000000000000 -1.00000000000000000 0.00000000000000000 0.00000000000000000 0.00000000000000000 -1.00000000000000000 1.00000000000000000 0.00000000000000000 0.00000000000000000 4.21875000000000000
1 1161.80427021274522303 -80.13750000000000284 967.85133262692716016 0.00000000000000000 -1.00000000000000000 0.00000000000000000 
2 1161.80427021274522303 -81.13749999999998863 972.07008262692716016 0.00000000000000000 -1.00000000000000000 0.00000000000000000 0.00000000000000000 0.00000000000000000 -1.00000000000000000 1.00000000000000000 0.00000000000000000 0.00000000000000000 4.21875000000000000
1 1041.80427021274522303 -80.13750000000000284 967.85133262692716016 0.00000000000000000 -1.00000000000000000 0.00000000000000000 
2 1041.80427021274522303 -81.13749999999998863 972.07008262692716016 0.00000000000000000 -1.00000000000000000 0.00000000000000000 0.00000000000000000 0.00000000000000000 -1.00000000000000000 1.00000000000000000 0.00000000000000000 0.00000000000000000 4.21875000000000000
1 874.00007254118611399 -80.13750000000000284 985.85133262692716016 0.00000000000000000 -1.00000000000000000 0.00000000000000000 
2 874.00007254118611399 -81.13749999999998863 990.07008262692716016 0.00000000000000000 -1.00000000000000000 0.00000000000000000 0.00000000000000000 0.00000000000000000 -1.00000000000000000 1.00000000000000000 0.00000000000000000 0.00000000000000000 4.21875000000000000
1 955.80427021274522303 -80.13750000000000284 1067.85133262692716016 0.00000000000000000 -1.00000000000000000 0.00000000000000000 
2 955.80427021274522303 -81.13749999999998863 1072.07008262692716016 0.00000000000000000 -1.00000000000000000 0.00000000000000000 0.00000000000000000 0.00000000000000000 -1.00000000000000000 1.00000000000000000 0.00000000000000000 0.00000000000000000 4.21875000000000000
1 840.66673920785274277 -80.13750000000000284 985.85133262692716016 0.00000000000000000 -1.00000000000000000 0.00000000000000000 
2 840.66673920785274277 -81.13749999999998863 990.07008262692716016 0.00000000000000000 -1.00000000000000000 0.00000000000000000 0.00000000000000000 0.00000000000000000 -1.00000000000000000 1.00000000000000000 0.00000000000000000 0.00000000000000000 4.21875000000000000
1 807.33340587451948522 -80.13750000000000284 985.85133262692716016 0.00000000000000000 -1.00000000000000000 0.00000000000000000 
2 807.33340587451948522 -81.13749999999998863 990.07008262692716016 0.00000000000000000 -1.00000000000000000 0.00000000000000000 0.00000000000000000 0.00000000000000000 -1.00000000000000000 1.00000000000000000 0.00000000000000000 0.00000000000000000 4.21875000000000000
1 774.00007254118611399 -80.13750000000000284 985.85133262692716016 0.00000000000000000 -1.00000000000000000 0.00000000000000000 
2 774.00007254118611399 -81.13749999999998863 990.07008262692716016 0.00000000000000000 -1.00000000000000000 0.00000000000000000 0.00000000000000000 0.00000000000000000 -1.00000000000000000 1.00000000000000000 0.00000000000000000 0.00000000000000000 4.21875000000000000
1 955.80427021274522303 -80.13750000000000284 1162.59658240603903323 0.00000000000000000 -1.00000000000000000 0.00000000000000000 
2 955.80427021274522303 -81.13749999999998863 1166.81533240603903323 0.00000000000000000 -1.00000000000000000 0.00000000000000000 0.00000000000000000 0.00000000000000000 -1.00000000000000000 1.00000000000000000 0.00000000000000000 0.00000000000000000 4.21875000000000000
1 955.80427021274522303 -80.13750000000000284 1221.34183218515113367 0.00000000000000000 -1.00000000000000000 0.00000000000000000 
2 955.80427021274522303 -81.13749999999998863 1225.56058218515113367 0.00000000000000000 -1.00000000000000000 0.00000000000000000 0.00000000000000000 0.00000000000000000 -1.00000000000000000 1.00000000000000000 0.00000000000000000 0.00000000000000000 4.21875000000000000
1 1818.24860218563935632 84.13750000000000284 652.15004156353870712 -0.99937311051792621 0.00000000000000000 0.03540319157540673 
2 900.40217137696572536 84.13750000000000284 1015.57008262692716016 0.00000000000000000 1.00000000000000000 0.00000000000000000 0.00000000000000000 -0.00000000000000000 1.00000000000000000 1.00000000000000000 0.00000000000000000 -0.00000000000000000 4.76250000000000018
2 730.40217137696572536 84.13750000000000284 1015.57008262692716016 0.00000000000000000 1.00000000000000000 0.00000000000000000 0.00000000000000000 -0.00000000000000000 1.00000000000000000 1.00000000000000000 0.00000000000000000 -0.00000000000000000 4.76250000000000018
2 772.90217137696572536 84.13750000000000284 1015.57008262692716016 0.00000000000000000 1.00000000000000000 0.00000000000000000 0.00000000000000000 -0.00000000000000000 1.00000000000000000 1.00000000000000000 0.00000000000000000 -0.00000000000000000 4.76250000000000018
2 857.90217137696572536 84.13750000000000284 1015.57008262692716016 0.00000000000000000 1.00000000000000000 0.00000000000000000 0.00000000000000000 -0.00000000000000000 1.00000000000000000 1.00000000000000000 0.00000000000000000 -0.00000000000000000 4.76250000000000018
2 815.40217137696572536 84.13750000000000284 1015.57008262692716016 0.00000000000000000 1.00000000000000000 0.00000000000000000 0.00000000000000000 -0.00000000000000000 1.00000000000000000 1.00000000000000000 0.00000000000000000 -0.00000000000000000 4.76250000000000018
2 1402.07500000000004547 84.13750000000001705 823.14850580564996108 0.00000000000000000 1.00000000000000000 0.00000000000000000 0.00000000000000000 -0.00000000000000000 1.00000000000000000 1.00000000000000000 0.00000000000000000 -0.00000000000000000 4.21875000000000000
2 1101.80427021274522303 84.13750000000001705 972.07008262692716016 0.00000000000000000 1.00000000000000000 0.00000000000000000 0.00000000000000000 -0.00000000000000000 1.00000000000000000 1.00000000000000000 0.00000000000000000 -0.00000000000000000 4.21875000000000000
2 1161.80427021274522303 84.13750000000001705 972.07008262692716016 0.00000000000000000 1.00000000000000000 0.00000000000000000 0.00000000000000000 -0.00000000000000000 1.00000000000000000 1.00000000000000000 0.00000000000000000 -0.00000000000000000 4.21875000000000000
2 1402.07500000000004547 84.13750000000001705 706.63555595655043362 0.00000000000000000 1.00000000000000000 0.00000000000000000 0.00000000000000000 -0.00000000000000000 1.00000000000000000 1.00000000000000000 0.00000000000000000 -0.00000000000000000 4.21875000000000000
2 1402.07500000000004547 84.13750000000001705 764.89203088110025419 0.00000000000000000 1.00000000000000000 0.00000000000000000 0.00000000000000000 -0.00000000000000000 1.00000000000000000 1.00000000000000000 0.00000000000000000 -0.00000000000000000 4.21875000000000000
2 955.80427021274522303 84.13750000000001705 1072.07008262692716016 0.00000000000000000 1.00000000000000000 0.00000000000000000 0.00000000000000000 -0.00000000000000000 1.00000000000000000 1.00000000000000000 0.00000000000000000 -0.00000000000000000 4.21875000000000000
2 1402.07500000000004547 84.13750000000001705 881.40498073019978165 0.00000000000000000 1.00000000000000000 0.00000000000000000 0.00000000000000000 -0.00000000000000000 1.00000000000000000 1.00000000000000000 0.00000000000000000 -0.00000000000000000 4.21875000000000000
2 1402.07500000000004547 84.13750000000001705 939.66145565474960222 0.00000000000000000 1.00000000000000000 0.00000000000000000 0.00000000000000000 -0.00000000000000000 1.00000000000000000 1.00000000000000000 0.00000000000000000 -0.00000000000000000 4.21875000000000000
2 1402.07500000000004547 84.13750000000001705 997.91793057929930910 0.00000000000000000 1.00000000000000000 0.00000000000000000 0.00000000000000000 -0.00000000000000000 1.00000000000000000 1.00000000000000000 0.00000000000000000 -0.00000000000000000 4.21875000000000000
2 1402.07500000000004547 84.13750000000001705 1056.17440550384912967 0.00000000000000000 1.00000000000000000 0.00000000000000000 0.00000000000000000 -0.00000000000000000 1.00000000000000000 1.00000000000000000 0.00000000000000000 -0.00000000000000000 4.21875000000000000
2 1402.07500000000004547 84.13750000000001705 1114.43088042839895024 0.00000000000000000 1.00000000000000000 0.00000000000000000 0.00000000000000000 -0.00000000000000000 1.00000000000000000 1.00000000000000000 0.00000000000000000 -0.00000000000000000 4.21875000000000000
2 1041.80427021274522303 84.13750000000001705 972.07008262692716016 0.00000000000000000 1.00000000000000000 0.00000000000000000 0.00000000000000000 -0.00000000000000000 1.00000000000000000 1.00000000000000000 0.00000000000000000 -0.00000000000000000 4.21875000000000000
2 955.80427021274522303 84.13750000000001705 1225.56058218515113367 0.00000000000000000 1.00000000000000000 0.00000000000000000 0.00000000000000000 -0.00000000000000000 1.00000000000000000 1.00000000000000000 0.00000000000000000 -0.00000000000000000 4.21875000000000000
2 955.80427021274522303 84.13750000000001705 1166.81533240603903323 0.00000000000000000 1.00000000000000000 0.00000000000000000 0.00000000000000000 -0.00000000000000000 1.00000000000000000 1.00000000000000000 0.00000000000000000 -0.00000000000000000 4.21875000000000000
2 874.00007254118611399 84.13750000000001705 990.07008262692716016 0.00000000000000000 1.00000000000000000 0.00000000000000000 0.00000000000000000 -0.00000000000000000 1.00000000000000000 1.00000000000000000 0.00000000000000000 -0.00000000000000000 4.21875000000000000
2 840.66673920785274277 84.13750000000001705 990.07008262692716016 0.00000000000000000 1.00000000000000000 0.00000000000000000 0.00000000000000000 -0.00000000000000000 1.00000000000000000 1.00000000000000000 0.00000000000000000 -0.00000000000000000 4.21875000000000000
2 807.33340587451948522 84.13750000000001705 990.07008262692716016 0.00000000000000000 1.00000000000000000 0.00000000000000000 0.00000000000000000 -0.00000000000000000 1.00000000000000000 1.00000000000000000 0.00000000000000000 -0.00000000000000000 4.21875000000000000
2 774.00007254118611399 84.13750000000001705 990.07008262692716016 0.00000000000000000 1.00000000000000000 0.00000000000000000 0.00000000000000000 -0.00000000000000000 1.00000000000000000 1.00000000000000000 0.00000000000000000 -0.00000000000000000 4.21875000000000000
2 1161.80427021274522303 84.13750000000001705 918.07008262692716016 0.00000000000000000 1.00000000000000000 0.00000000000000000 0.00000000000000000 -0.00000000000000000 1.00000000000000000 1.00000000000000000 0.00000000000000000 -0.00000000000000000 4.21875000000000000
2 1121.80427021274522303 84.13750000000001705 918.07008262692716016 0.00000000000000000 1.00000000000000000 0.00000000000000000 0.00000000000000000 -0.00000000000000000 1.00000000000000000 1.00000000000000000 0.00000000000000000 -0.00000000000000000 4.21875000000000000
2 1081.80427021274522303 84.13750000000001705 918.07008262692716016 0.00000000000000000 1.00000000000000000 0.00000000000000000 0.00000000000000000 -0.00000000000000000 1.00000000000000000 1.00000000000000000 0.00000000000000000 -0.00000000000000000 4.21875000000000000
2 1041.80427021274522303 84.13750000000001705 918.07008262692716016 0.00000000000000000 1.00000000000000000 0.00000000000000000 0.00000000000000000 -0.00000000000000000 1.00000000000000000 1.00000000000000000 0.00000000000000000 -0.00000000000000000 4.21875000000000000
1 900.40217137696572536 81.75625000000002274 1017.95133262692718290 -0.00000000000000017 0.70710678118654757 0.70710678118654746 
2 900.40217137696572536 82.00625000000000853 1015.57008262692716016 0.00000000000000000 1.00000000000000000 0.00000000000000000 0.00000000000000000 -0.00000000000000000 1.00000000000000000 1.00000000000000000 0.00000000000000000 -0.00000000000000000 2.63125000000000009
1 900.40217137696572536 77.13750000000000284 1018.20133262692718290 0.00000000000000000 1.00000000000000000 0.00000000000000000 
2 900.40217137696572536 81.13750000000000284 1015.57008262692716016 0.00000000000000000 1.00000000000000000 0.00000000000000000 0.00000000000000000 -0.00000000000000000 1.00000000000000000 1.00000000000000000 0.00000000000000000 -0.00000000000000000 2.63125000000000009
1 730.40217137696572536 81.75625000000002274 1017.95133262692718290 -0.00000000000000017 0.70710678118654757 0.70710678118654746 
2 730.40217137696572536 82.00625000000000853 1015.57008262692716016 0.00000000000000000 1.00000000000000000 0.00000000000000000 0.00000000000000000 -0.00000000000000000 1.00000000000000000 1.00000000000000000 0.00000000000000000 -0.00000000000000000 2.63125000000000009
1 730.40217137696572536 77.13750000000000284 1018.20133262692718290 0.00000000000000000 1.00000000000000000 0.00000000000000000 
2 730.40217137696572536 81.13750000000000284 1015.57008262692716016 0.00000000000000000 1.00000000000000000 0.00000000000000000 0.00000000000000000 -0.00000000000000000 1.00000000000000000 1.00000000000000000 0.00000000000000000 -0.00000000000000000 2.63125000000000009
1 772.90217137696572536 81.75625000000002274 1017.95133262692718290 -0.00000000000000017 0.70710678118654757 0.70710678118654746 
2 772.90217137696572536 82.00625000000000853 1015.57008262692716016 0.00000000000000000 1.00000000000000000 0.00000000000000000 0.00000000000000000 -0.00000000000000000 1.00000000000000000 1.00000000000000000 0.00000000000000000 -0.00000000000000000 2.63125000000000009
1 772.90217137696572536 77.13750000000000284 1018.20133262692718290 0.00000000000000000 1.00000000000000000 0.00000000000000000 
2 772.90217137696572536 81.13750000000000284 1015.57008262692716016 0.00000000000000000 1.00000000000000000 0.00000000000000000 0.00000000000000000 -0.00000000000000000 1.00000000000000000 1.00000000000000000 0.00000000000000000 -0.00000000000000000 2.63125000000000009
1 857.90217137696572536 81.75625000000002274 1017.95133262692718290 -0.00000000000000017 0.70710678118654757 0.70710678118654746 
2 857.90217137696572536 82.00625000000000853 1015.57008262692716016 0.00000000000000000 1.00000000000000000 0.00000000000000000 0.00000000000000000 -0.00000000000000000 1.00000000000000000 1.00000000000000000 0.00000000000000000 -0.00000000000000000 2.63125000000000009
1 857.90217137696572536 77.13750000000000284 1018.20133262692718290 0.00000000000000000 1.00000000000000000 0.00000000000000000 
2 857.90217137696572536 81.13750000000000284 1015.57008262692716016 0.00000000000000000 1.00000000000000000 0.00000000000000000 0.00000000000000000 -0.00000000000000000 1.00000000000000000 1.00000000000000000 0.00000000000000000 -0.00000000000000000 2.63125000000000009
1 815.40217137696572536 81.75625000000002274 1017.95133262692718290 -0.00000000000000017 0.70710678118654757 0.70710678118654746 
2 815.40217137696572536 82.00625000000000853 1015.57008262692716016 0.00000000000000000 1.00000000000000000 0.00000000000000000 0.00000000000000000 -0.00000000000000000 1.00000000000000000 1.00000000000000000 0.00000000000000000 -0.00000000000000000 2.63125000000000009
1 815.40217137696572536 77.13750000000000284 1018.20133262692718290 0.00000000000000000 1.00000000000000000 0.00000000000000000 
2 815.40217137696572536 81.13750000000000284 1015.57008262692716016 0.00000000000000000 1.00000000000000000 0.00000000000000000 0.00000000000000000 -0.00000000000000000 1.00000000000000000 1.00000000000000000 0.00000000000000000 -0.00000000000000000 2.63125000000000009
1 1402.07500000000004547 80.13750000000000284 827.36725580564996108 0.00000000000000000 1.00000000000000000 0.00000000000000000 
2 1402.07500000000004547 81.13750000000000284 823.14850580564996108 0.00000000000000000 1.00000000000000000 0.00000000000000000 0.00000000000000000 -0.00000000000000000 1.00000000000000000 1.00000000000000000 0.00000000000000000 -0.00000000000000000 4.21875000000000000
1 1101.80427021274522303 80.13750000000000284 976.28883262692716016 0.00000000000000000 1.00000000000000000 0.00000000000000000 
2 1101.80427021274522303 81.13750000000000284 972.07008262692716016 0.00000000000000000 1.00000000000000000 0.00000000000000000 0.00000000000000000 -0.00000000000000000 1.00000000000000000 1.00000000000000000 0.00000000000000000 -0.00000000000000000 4.21875000000000000
1 1161.80427021274522303 80.13750000000000284 976.28883262692716016 0.00000000000000000 1.00000000000000000 0.00000000000000000 
2 1161.80427021274522303 81.13750000000000284 972.07008262692716016 0.00000000000000000 1.00000000000000000 0.00000000000000000 0.00000000000000000 -0.00000000000000000 1.00000000000000000 1.00000000000000000 0.00000000000000000 -0.00000000000000000 4.21875000000000000
1 1402.07500000000004547 80.13750000000000284 710.85430595655043362 0.00000000000000000 1.00000000000000000 0.00000000000000000 
2 1402.07500000000004547 81.13750000000000284 706.63555595655043362 0.00000000000000000 1.00000000000000000 0.00000000000000000 0.00000000000000000 -0.00000000000000000 1.00000000000000000 1.00000000000000000 0.00000000000000000 -0.00000000000000000 4.21875000000000000
1 1402.07500000000004547 80.13750000000000284 769.11078088110025419 0.00000000000000000 1.00000000000000000 0.00000000000000000 
2 1402.07500000000004547 81.13750000000000284 764.89203088110025419 0.00000000000000000 1.00000000000000000 0.00000000000000000 0.00000000000000000 -0.00000000000000000 1.00000000000000000 1.00000000000000000 0.00000000000000000 -0.00000000000000000 4.21875000000000000
1 955.80427021274522303 80.13750000000000284 1076.28883262692716016 0.00000000000000000 1.00000000000000000 0.00000000000000000 
2 955.80427021274522303 81.13750000000000284 1072.07008262692716016 0.00000000000000000 1.00000000000000000 0.00000000000000000 0.00000000000000000 -0.00000000000000000 1.00000000000000000 1.00000000000000000 0.00000000000000000 -0.00000000000000000 4.21875000000000000
1 1402.07500000000004547 80.13750000000000284 885.62373073019978165 0.00000000000000000 1.00000000000000000 0.00000000000000000 
2 1402.07500000000004547 81.13750000000000284 881.40498073019978165 0.00000000000000000 1.00000000000000000 0.00000000000000000 0.00000000000000000 -0.00000000000000000 1.00000000000000000 1.00000000000000000 0.00000000000000000 -0.00000000000000000 4.21875000000000000
1 1402.07500000000004547 80.13750000000000284 943.88020565474960222 0.00000000000000000 1.00000000000000000 0.00000000000000000 
2 1402.07500000000004547 81.13750000000000284 939.66145565474960222 0.00000000000000000 1.00000000000000000 0.00000000000000000 0.00000000000000000 -0.00000000000000000 1.00000000000000000 1.00000000000000000 0.00000000000000000 -0.00000000000000000 4.21875000000000000
1 1402.07500000000004547 80.13750000000000284 1002.13668057929930910 0.00000000000000000 1.00000000000000000 0.00000000000000000 
2 1402.07500000000004547 81.13750000000000284 997.91793057929930910 0.00000000000000000 1.00000000000000000 0.00000000000000000 0.00000000000000000 -0.00000000000000000 1.00000000000000000 1.00000000000000000 0.00000000000000000 -0.00000000000000000 4.21875000000000000
1 1402.07500000000004547 80.13750000000000284 1060.39315550384912967 0.00000000000000000 1.00000000000000000 0.00000000000000000 
2 1402.07500000000004547 81.13750000000000284 1056.17440550384912967 0.00000000000000000 1.00000000000000000 0.00000000000000000 0.00000000000000000 -0.00000000000000000 1.00000000000000000 1.00000000000000000 0.00000000000000000 -0.00000000000000000 4.21875000000000000
1 1402.07500000000004547 80.13750000000000284 1118.64963042839895024 0.00000000000000000 1.00000000000000000 0.00000000000000000 
2 1402.07500000000004547 81.13750000000000284 1114.43088042839895024 0.00000000000000000 1.00000000000000000 0.00000000000000000 0.00000000000000000 -0.00000000000000000 1.00000000000000000 1.00000000000000000 0.00000000000000000 -0.00000000000000000 4.21875000000000000
1 1041.80427021274522303 80.13750000000000284 976.28883262692716016 0.00000000000000000 1.00000000000000000 0.00000000000000000 
2 1041.80427021274522303 81.13750000000000284 972.07008262692716016 0.00000000000000000 1.00000000000000000 0.00000000000000000 0.00000000000000000 -0.00000000000000000 1.00000000000000000 1.00000000000000000 0.00000000000000000 -0.00000000000000000 4.21875000000000000
1 955.80427021274522303 80.13750000000000284 1229.77933218515113367 0.00000000000000000 1.00000000000000000 0.00000000000000000 
2 955.80427021274522303 81.13750000000000284 1225.56058218515113367 0.00000000000000000 1.00000000000000000 0.00000000000000000 0.00000000000000000 -0.00000000000000000 1.00000000000000000 1.00000000000000000 0.00000000000000000 -0.00000000000000000 4.21875000000000000
1 955.80427021274522303 80.13750000000000284 1171.03408240603903323 0.00000000000000000 1.00000000000000000 0.00000000000000000 
2 955.80427021274522303 81.13750000000000284 1166.81533240603903323 0.00000000000000000 1.00000000000000000 0.00000000000000000 0.00000000000000000 -0.00000000000000000 1.00000000000000000 1.00000000000000000 0.00000000000000000 -0.00000000000000000 4.21875000000000000
1 874.00007254118611399 80.13750000000000284 994.28883262692716016 0.00000000000000000 1.00000000000000000 0.00000000000000000 
2 874.00007254118611399 81.13750000000000284 990.07008262692716016 0.00000000000000000 1.00000000000000000 0.00000000000000000 0.00000000000000000 -0.00000000000000000 1.00000000000000000 1.00000000000000000 0.00000000000000000 -0.00000000000000000 4.21875000000000000
1 840.66673920785274277 80.13750000000000284 994.28883262692716016 0.00000000000000000 1.00000000000000000 0.00000000000000000 
2 840.66673920785274277 81.13750000000000284 990.07008262692716016 0.00000000000000000 1.00000000000000000 0.00000000000000000 0.00000000000000000 -0.00000000000000000 1.00000000000000000 1.00000000000000000 0.00000000000000000 -0.00000000000000000 4.21875000000000000
1 807.33340587451948522 80.13750000000000284 994.28883262692716016 0.00000000000000000 1.00000000000000000 0.00000000000000000 
2 807.33340587451948522 81.13750000000000284 990.07008262692716016 0.00000000000000000 1.00000000000000000 0.00000000000000000 0.00000000000000000 -0.00000000000000000 1.00000000000000000 1.00000000000000000 0.00000000000000000 -0.00000000000000000 4.21875000000000000
1 774.00007254118611399 80.13750000000000284 994.28883262692716016 0.00000000000000000 1.00000000000000000 0.00000000000000000 
2 774.00007254118611399 81.13750000000000284 990.07008262692716016 0.00000000000000000 1.00000000000000000 0.00000000000000000 0.00000000000000000 -0.00000000000000000 1.00000000000000000 1.00000000000000000 0.00000000000000000 -0.00000000000000000 4.21875000000000000
1 1161.80427021274522303 80.13750000000000284 922.28883262692716016 0.00000000000000000 1.00000000000000000 0.00000000000000000 
2 1161.80427021274522303 81.13750000000000284 918.07008262692716016 0.00000000000000000 1.00000000000000000 0.00000000000000000 0.00000000000000000 -0.00000000000000000 1.00000000000000000 1.00000000000000000 0.00000000000000000 -0.00000000000000000 4.21875000000000000
1 1121.80427021274522303 80.13750000000000284 922.28883262692716016 0.00000000000000000 1.00000000000000000 0.00000000000000000 
2 1121.80427021274522303 81.13750000000000284 918.07008262692716016 0.00000000000000000 1.00000000000000000 0.00000000000000000 0.00000000000000000 -0.00000000000000000 1.00000000000000000 1.00000000000000000 0.00000000000000000 -0.00000000000000000 4.21875000000000000
1 1081.80427021274522303 80.13750000000000284 922.28883262692716016 0.00000000000000000 1.00000000000000000 0.00000000000000000 
2 1081.80427021274522303 81.13750000000000284 918.07008262692716016 0.00000000000000000 1.00000000000000000 0.00000000000000000 0.00000000000000000 -0.00000000000000000 1.00000000000000000 1.00000000000000000 0.00000000000000000 -0.00000000000000000 4.21875000000000000
1 1041.80427021274522303 80.13750000000000284 922.28883262692716016 0.00000000000000000 1.00000000000000000 0.00000000000000000 
2 1041.80427021274522303 81.13750000000000284 918.07008262692716016 0.00000000000000000 1.00000000000000000 0.00000000000000000 0.00000000000000000 -0.00000000000000000 1.00000000000000000 1.00000000000000000 0.00000000000000000 -0.00000000000000000 4.21875000000000000
1 1818.35481176036569195 81.13750000000000284 655.14816089509247377 -0.99937311051792621 0.00000000000000000 0.03540319157540664 
1 688.25949231249512650 81.13750000000000284 1341.61058606081883227 0.96859375029208661 0.00000000000000000 -0.24864864145036281 
1 688.25949231249512650 -81.13750000000000284 1341.61058606081883227 0.96859375029208661 0.00000000000000000 -0.24864864145036281 
1 1818.35481176036569195 -81.13750000000000284 655.14816089509247377 -0.99937311051792621 0.00000000000000000 0.03540319157540664 
Polygon3D 0
PolygonOnTriangulations 0
Surfaces 96
1 1515.00000000000000000 -66.00000000000000000 651.02641450931207601 0.26877099243748631 -0.96320410797720790 0.00000000000000000 -0.96320410797720790 -0.26877099243748631 0.00000000000000000 0.00000000000000000 -0.00000000000000000 -1.00000000000000000 
1 2023.43745870920724883 -66.00000000000000000 651.02641450931207601 0.00000000000000000 -1.00000000000000000 0.00000000000000000 -1.00000000000000000 0.00000000000000000 0.00000000000000000 -0.00000000000000000 -0.00000000000000000 -1.00000000000000000 
2 1825.23036278275321820 -84.13750000000000284 849.23351043576610664 0.00000000000000000 1.00000000000000000 0.00000000000000000 0.00000000000000000 -0.00000000000000000 1.00000000000000000 1.00000000000000000 0.00000000000000000 -0.00000000000000000 197.20709592645403063
2 1825.23036278275321820 -85.13750000000000284 849.23351043576610664 0.00000000000000000 1.00000000000000000 0.00000000000000000 0.00000000000000000 -0.00000000000000000 1.00000000000000000 1.00000000000000000 0.00000000000000000 -0.00000000000000000 79.00000000000000000
1 1515.00000000000000000 66.00000000000000000 651.02641450931207601 0.00000000000000000 1.00000000000000000 0.00000000000000000 1.00000000000000000 0.00000000000000000 0.00000000000000000 0.00000000000000000 0.00000000000000000 -1.00000000000000000 
2 1825.23036278275321820 -85.13750000000000284 849.23351043576610664 0.00000000000000000 1.00000000000000000 0.00000000000000000 0.00000000000000000 -0.00000000000000000 1.00000000000000000 1.00000000000000000 0.00000000000000000 -0.00000000000000000 79.00000000000000000
1 1450.00000000000000000 84.13750000000000284 651.02641450931207601 0.26877099243748631 0.96320410797720790 0.00000000000000000 0.96320410797720790 -0.26877099243748631 0.00000000000000000 0.00000000000000000 0.00000000000000000 -1.00000000000000000 
1 2023.43745870920724883 -63.00000000000000000 651.02641450931207601 0.00000000000000000 -1.00000000000000000 0.00000000000000000 -1.00000000000000000 0.00000000000000000 0.00000000000000000 -0.00000000000000000 -0.00000000000000000 -1.00000000000000000 
2 1825.23036278275321820 -81.13750000000000284 849.23351043576610664 0.00000000000000000 1.00000000000000000 0.00000000000000000 0.00000000000000000 -0.00000000000000000 1.00000000000000000 1.00000000000000000 0.00000000000000000 -0.00000000000000000 194.20709592645403063
1 1514.58928724016209344 63.00000000000000000 651.02641450931207601 0.00000000000000000 1.00000000000000000 0.00000000000000000 1.00000000000000000 0.00000000000000000 0.00000000000000000 0.00000000000000000 0.00000000000000000 -1.00000000000000000 
1 1449.58928724016209344 81.13750000000000284 651.02641450931207601 0.26877099243748631 0.96320410797720790 0.00000000000000000 0.96320410797720790 -0.26877099243748631 0.00000000000000000 0.00000000000000000 0.00000000000000000 -1.00000000000000000 
1 1514.58928724016209344 -63.00000000000000000 651.02641450931207601 0.26877099243748631 -0.96320410797720790 0.00000000000000000 -0.96320410797720790 -0.26877099243748631 0.00000000000000000 0.00000000000000000 -0.00000000000000000 -1.00000000000000000 
1 1398.36246730794800897 -0.00000000000000284 1162.41663609971260485 0.24864864145036292 0.00000000000000000 0.96859375029208661 0.96859375029208661 0.00000000000000000 -0.24864864145036292 -0.00000000000000000 1.00000000000000000 0.00000000000000000 
2 1401.08040543419861024 0.00000000000000000 1157.58921322894957484 0.24864864145036289 0.00000000000000000 0.96859375029208661 0.96859375029208661 0.00000000000000000 -0.24864864145036289 -0.00000000000000000 1.00000000000000000 0.00000000000000000 4.21875000000000000
2 954.80967564694378780 52.13750000000000284 1272.15180528284281536 0.24864864145036289 0.00000000000000000 0.96859375029208661 0.96859375029208661 0.00000000000000000 -0.24864864145036289 -0.00000000000000000 1.00000000000000000 0.00000000000000000 4.21875000000000000
2 954.80967564694378780 24.00000000000000000 1272.15180528284281536 0.24864864145036289 0.00000000000000000 0.96859375029208661 0.96859375029208661 0.00000000000000000 -0.24864864145036289 -0.00000000000000000 1.00000000000000000 0.00000000000000000 4.21875000000000000
2 954.80967564694378780 -52.13750000000000284 1272.15180528284281536 0.24864864145036289 0.00000000000000000 0.96859375029208661 0.96859375029208661 0.00000000000000000 -0.24864864145036289 -0.00000000000000000 1.00000000000000000 0.00000000000000000 4.21875000000000000
2 607.00007254118611399 -84.13750000000000284 1025.07008262692716016 0.00000000000000000 1.00000000000000000 0.00000000000000000 0.00000000000000000 -0.00000000000000000 1.00000000000000000 1.00000000000000000 0.00000000000000000 -0.00000000000000000 329.80419767155905220
1 276.19587486962706180 -85.13750000000003126 1024.57008262692716016 0.00000000000000000 0.00000000000000000 1.00000000000000000 1.00000000000000000 0.00000000000000000 -0.00000000000000000 -0.00000000000000000 1.00000000000000000 0.00000000000000000 
2 607.00007254118611399 -85.13750000000000284 1025.07008262692716016 0.00000000000000000 1.00000000000000000 0.00000000000000000 0.00000000000000000 -0.00000000000000000 1.00000000000000000 1.00000000000000000 0.00000000000000000 -0.00000000000000000 87.00000000000000000
2 607.00007254118611399 -81.13750000000000284 1025.07008262692716016 0.00000000000000000 1.00000000000000000 0.00000000000000000 0.00000000000000000 -0.00000000000000000 1.00000000000000000 1.00000000000000000 0.00000000000000000 -0.00000000000000000 326.80419767155905220
2 607.00007254118611399 -85.13750000000000284 1025.07008262692716016 0.00000000000000000 1.00000000000000000 0.00000000000000000 0.00000000000000000 -0.00000000000000000 1.00000000000000000 1.00000000000000000 0.00000000000000000 -0.00000000000000000 87.00000000000000000
1 276.19587486962706180 -85.13750000000003126 1024.57008262692716016 0.00000000000000000 0.00000000000000000 1.00000000000000000 1.00000000000000000 0.00000000000000000 -0.00000000000000000 -0.00000000000000000 1.00000000000000000 0.00000000000000000 
1 937.30427021274522303 -85.13750000000003126 1024.57008262692716016 1.00000000000000000 0.00000000000000000 0.00000000000000000 0.00000000000000000 0.00000000000000000 1.00000000000000000 0.00000000000000000 -1.00000000000000000 0.00000000000000000 
1 276.19587486962706180 -85.13750000000003126 1024.57008262692716016 0.00000000000000000 0.00000000000000000 1.00000000000000000 1.00000000000000000 0.00000000000000000 -0.00000000000000000 -0.00000000000000000 1.00000000000000000 0.00000000000000000 
1 919.56765765491809361 -84.13750000000003126 926.13404333215612496 -0.00000000000000000 -1.00000000000000000 -0.00000000000000000 0.00000000000000000 0.00000000000000000 -1.00000000000000000 1.00000000000000000 -0.00000000000000000 0.00000000000000000 
3 730.40217137696572536 -81.75625000000000853 1015.57008262692716016 0.00000000000000000 -1.00000000000000000 0.00000000000000000 0.00000000000000000 0.00000000000000000 -1.00000000000000000 1.00000000000000000 0.00000000000000000 0.00000000000000000 2.38125000000000009
0.78539816339744817
3 772.90217137696572536 -81.75625000000000853 1015.57008262692716016 0.00000000000000000 -1.00000000000000000 0.00000000000000000 0.00000000000000000 0.00000000000000000 -1.00000000000000000 1.00000000000000000 0.00000000000000000 0.00000000000000000 2.38125000000000009
0.78539816339744817
3 815.40217137696572536 -81.75625000000000853 1015.57008262692716016 0.00000000000000000 -1.00000000000000000 0.00000000000000000 0.00000000000000000 0.00000000000000000 -1.00000000000000000 1.00000000000000000 0.00000000000000000 0.00000000000000000 2.38125000000000009
0.78539816339744817
3 857.90217137696572536 -81.75625000000000853 1015.57008262692716016 0.00000000000000000 -1.00000000000000000 0.00000000000000000 0.00000000000000000 0.00000000000000000 -1.00000000000000000 1.00000000000000000 0.00000000000000000 0.00000000000000000 2.38125000000000009
0.78539816339744817
3 900.40217137696572536 -81.75625000000000853 1015.57008262692716016 0.00000000000000000 -1.00000000000000000 0.00000000000000000 0.00000000000000000 0.00000000000000000 -1.00000000000000000 1.00000000000000000 0.00000000000000000 0.00000000000000000 2.38125000000000009
0.78539816339744817
2 1402.07500000000004547 -80.13750000000000284 881.40498073019978165 0.00000000000000000 -1.00000000000000000 0.00000000000000000 0.00000000000000000 0.00000000000000000 -1.00000000000000000 1.00000000000000000 0.00000000000000000 0.00000000000000000 4.21875000000000000
2 1121.80427021274522303 -80.13750000000000284 918.07008262692716016 0.00000000000000000 -1.00000000000000000 0.00000000000000000 0.00000000000000000 0.00000000000000000 -1.00000000000000000 1.00000000000000000 0.00000000000000000 0.00000000000000000 4.21875000000000000
2 1161.80427021274522303 -80.13750000000000284 918.07008262692716016 0.00000000000000000 -1.00000000000000000 0.00000000000000000 0.00000000000000000 0.00000000000000000 -1.00000000000000000 1.00000000000000000 0.00000000000000000 0.00000000000000000 4.21875000000000000
2 1402.07500000000004547 -80.13750000000000284 1114.43088042839895024 0.00000000000000000 -1.00000000000000000 0.00000000000000000 0.00000000000000000 0.00000000000000000 -1.00000000000000000 1.00000000000000000 0.00000000000000000 0.00000000000000000 4.21875000000000000
2 1402.07500000000004547 -80.13750000000000284 1056.17440550384912967 0.00000000000000000 -1.00000000000000000 0.00000000000000000 0.00000000000000000 0.00000000000000000 -1.00000000000000000 1.00000000000000000 0.00000000000000000 0.00000000000000000 4.21875000000000000
2 1402.07500000000004547 -80.13750000000000284 997.91793057929930910 0.00000000000000000 -1.00000000000000000 0.00000000000000000 0.00000000000000000 0.00000000000000000 -1.00000000000000000 1.00000000000000000 0.00000000000000000 0.00000000000000000 4.21875000000000000
2 1402.07500000000004547 -80.13750000000000284 939.66145565474960222 0.00000000000000000 -1.00000000000000000 0.00000000000000000 0.00000000000000000 0.00000000000000000 -1.00000000000000000 1.00000000000000000 0.00000000000000000 0.00000000000000000 4.21875000000000000
2 1101.80427021274522303 -80.13750000000000284 972.07008262692716016 0.00000000000000000 -1.00000000000000000 0.00000000000000000 0.00000000000000000 0.00000000000000000 -1.00000000000000000 1.00000000000000000 0.00000000000000000 0.00000000000000000 4.21875000000000000
2 1402.07500000000004547 -80.13750000000000284 823.14850580564996108 0.00000000000000000 -1.00000000000000000 0.00000000000000000 0.00000000000000000 0.00000000000000000 -1.00000000000000000 1.00000000000000000 0.00000000000000000 0.00000000000000000 4.21875000000000000
2 1402.07500000000004547 -80.13750000000000284 764.89203088110025419 0.00000000000000000 -1.00000000000000000 0.00000000000000000 0.00000000000000000 0.00000000000000000 -1.00000000000000000 1.00000000000000000 0.00000000000000000 0.00000000000000000 4.21875000000000000
2 1402.07500000000004547 -80.13750000000000284 706.63555595655043362 0.00000000000000000 -1.00000000000000000 0.00000000000000000 0.00000000000000000 0.00000000000000000 -1.00000000000000000 1.00000000000000000 0.00000000000000000 0.00000000000000000 4.21875000000000000
2 1081.80427021274522303 -80.13750000000000284 918.07008262692716016 0.00000000000000000 -1.00000000000000000 0.00000000000000000 0.00000000000000000 0.00000000000000000 -1.00000000000000000 1.00000000000000000 0.00000000000000000 0.00000000000000000 4.21875000000000000
2 1041.80427021274522303 -80.13750000000000284 918.07008262692716016 0.00000000000000000 -1.00000000000000000 0.00000000000000000 0.00000000000000000 0.00000000000000000 -1.00000000000000000 1.00000000000000000 0.00000000000000000 0.00000000000000000 4.21875000000000000
2 1161.80427021274522303 -80.13750000000000284 972.07008262692716016 0.00000000000000000 -1.00000000000000000 0.00000000000000000 0.00000000000000000 0.00000000000000000 -1.00000000000000000 1.00000000000000000 0.00000000000000000 0.00000000000000000 4.21875000000000000
2 1041.80427021274522303 -80.13750000000000284 972.07008262692716016 0.00000000000000000 -1.00000000000000000 0.00000000000000000 0.00000000000000000 0.00000000000000000 -1.00000000000000000 1.00000000000000000 0.00000000000000000 0.00000000000000000 4.21875000000000000
2 874.00007254118611399 -80.13750000000000284 990.07008262692716016 0.00000000000000000 -1.00000000000000000 0.00000000000000000 0.00000000000000000 0.00000000000000000 -1.00000000000000000 1.00000000000000000 0.00000000000000000 0.00000000000000000 4.21875000000000000
2 955.80427021274522303 -80.13750000000000284 1072.07008262692716016 0.00000000000000000 -1.00000000000000000 0.00000000000000000 0.00000000000000000 0.00000000000000000 -1.00000000000000000 1.00000000000000000 0.00000000000000000 0.00000000000000000 4.21875000000000000
2 840.66673920785274277 -80.13750000000000284 990.07008262692716016 0.00000000000000000 -1.00000000000000000 0.00000000000000000 0.00000000000000000 0.00000000000000000 -1.00000000000000000 1.00000000000000000 0.00000000000000000 0.00000000000000000 4.21875000000000000
2 807.33340587451948522 -80.13750000000000284 990.07008262692716016 0.00000000000000000 -1.00000000000000000 0.00000000000000000 0.00000000000000000 0.00000000000000000 -1.00000000000000000 1.00000000000000000 0.00000000000000000 0.00000000000000000 4.21875000000000000
2 774.00007254118611399 -80.13750000000000284 990.07008262692716016 0.00000000000000000 -1.00000000000000000 0.00000000000000000 0.00000000000000000 0.00000000000000000 -1.00000000000000000 1.00000000000000000 0.00000000000000000 0.00000000000000000 4.21875000000000000
2 955.80427021274522303 -80.13750000000000284 1166.81533240603903323 0.00000000000000000 -1.00000000000000000 0.00000000000000000 0.00000000000000000 0.00000000000000000 -1.00000000000000000 1.00000000000000000 0.00000000000000000 0.00000000000000000 4.21875000000000000
2 955.80427021274522303 -80.13750000000000284 1225.56058218515113367 0.00000000000000000 -1.00000000000000000 0.00000000000000000 0.00000000000000000 0.00000000000000000 -1.00000000000000000 1.00000000000000000 0.00000000000000000 0.00000000000000000 4.21875000000000000
2 730.40217137696572536 -77.13750000000000284 1015.57008262692716016 0.00000000000000000 -1.00000000000000000 0.00000000000000000 0.00000000000000000 0.00000000000000000 -1.00000000000000000 1.00000000000000000 0.00000000000000000 0.00000000000000000 2.63125000000000009
2 772.90217137696572536 -77.13750000000000284 1015.57008262692716016 0.00000000000000000 -1.00000000000000000 0.00000000000000000 0.00000000000000000 0.00000000000000000 -1.00000000000000000 1.00000000000000000 0.00000000000000000 0.00000000000000000 2.63125000000000009
2 815.40217137696572536 -77.13750000000000284 1015.57008262692716016 0.00000000000000000 -1.00000000000000000 0.00000000000000000 0.00000000000000000 0.00000000000000000 -1.00000000000000000 1.00000000000000000 0.00000000000000000 0.00000000000000000 2.63125000000000009
2 857.90217137696572536 -77.13750000000000284 1015.57008262692716016 0.00000000000000000 -1.00000000000000000 0.00000000000000000 0.00000000000000000 0.00000000000000000 -1.00000000000000000 1.00000000000000000 0.00000000000000000 0.00000000000000000 2.63125000000000009
2 900.40217137696572536 -77.13750000000000284 1015.57008262692716016 0.00000000000000000 -1.00000000000000000 0.00000000000000000 0.00000000000000000 0.00000000000000000 -1.00000000000000000 1.00000000000000000 0.00000000000000000 0.00000000000000000 2.63125000000000009
1 919.56765765491820730 84.13750000000004547 926.13404333215646602 0.00000000000000000 1.00000000000000000 0.00000000000000000 0.00000000000000000 -0.00000000000000000 1.00000000000000000 1.00000000000000000 0.00000000000000000 -0.00000000000000000 
3 900.40217137696572536 81.75625000000000853 1015.57008262692716016 0.00000000000000000 1.00000000000000000 0.00000000000000000 0.00000000000000000 -0.00000000000000000 1.00000000000000000 1.00000000000000000 0.00000000000000000 -0.00000000000000000 2.38125000000000009
0.78539816339744817
3 730.40217137696572536 81.75625000000000853 1015.57008262692716016 0.00000000000000000 1.00000000000000000 0.00000000000000000 0.00000000000000000 -0.00000000000000000 1.00000000000000000 1.00000000000000000 0.00000000000000000 -0.00000000000000000 2.38125000000000009
0.78539816339744817
3 772.90217137696572536 81.75625000000000853 1015.57008262692716016 0.00000000000000000 1.00000000000000000 0.00000000000000000 0.00000000000000000 -0.00000000000000000 1.00000000000000000 1.00000000000000000 0.00000000000000000 -0.00000000000000000 2.38125000000000009
0.78539816339744817
3 857.90217137696572536 81.75625000000000853 1015.57008262692716016 0.00000000000000000 1.00000000000000000 0.00000000000000000 0.00000000000000000 -0.00000000000000000 1.00000000000000000 1.00000000000000000 0.00000000000000000 -0.00000000000000000 2.38125000000000009
0.78539816339744817
3 815.40217137696572536 81.75625000000000853 1015.57008262692716016 0.00000000000000000 1.00000000000000000 0.00000000000000000 0.00000000000000000 -0.00000000000000000 1.00000000000000000 1.00000000000000000 0.00000000000000000 -0.00000000000000000 2.38125000000000009
0.78539816339744817
2 1402.07500000000004547 80.13750000000000284 823.14850580564996108 0.00000000000000000 1.00000000000000000 0.00000000000000000 0.00000000000000000 -0.00000000000000000 1.00000000000000000 1.00000000000000000 0.00000000000000000 -0.00000000000000000 4.21875000000000000
2 1101.80427021274522303 80.13750000000000284 972.07008262692716016 0.00000000000000000 1.00000000000000000 0.00000000000000000 0.00000000000000000 -0.00000000000000000 1.00000000000000000 1.00000000000000000 0.00000000000000000 -0.00000000000000000 4.21875000000000000
2 1161.80427021274522303 80.13750000000000284 972.07008262692716016 0.00000000000000000 1.00000000000000000 0.00000000000000000 0.00000000000000000 -0.00000000000000000 1.00000000000000000 1.00000000000000000 0.00000000000000000 -0.00000000000000000 4.21875000000000000
2 1402.07500000000004547 80.13750000000000284 706.63555595655043362 0.00000000000000000 1.00000000000000000 0.00000000000000000 0.00000000000000000 -0.00000000000000000 1.00000000000000000 1.00000000000000000 0.00000000000000000 -0.00000000000000000 4.21875000000000000
2 1402.07500000000004547 80.13750000000000284 764.89203088110025419 0.00000000000000000 1.00000000000000000 0.00000000000000000 0.00000000000000000 -0.00000000000000000 1.00000000000000000 1.00000000000000000 0.00000000000000000 -0.00000000000000000 4.21875000000000000
2 955.80427021274522303 80.13750000000000284 1072.07008262692716016 0.00000000000000000 1.00000000000000000 0.00000000000000000 0.00000000000000000 -0.00000000000000000 1.00000000000000000 1.00000000000000000 0.00000000000000000 -0.00000000000000000 4.21875000000000000
2 1402.07500000000004547 80.13750000000000284 881.40498073019978165 0.00000000000000000 1.00000000000000000 0.00000000000000000 0.00000000000000000 -0.00000000000000000 1.00000000000000000 1.00000000000000000 0.00000000000000000 -0.00000000000000000 4.21875000000000000
2 1402.07500000000004547 80.13750000000000284 939.66145565474960222 0.00000000000000000 1.00000000000000000 0.00000000000000000 0.00000000000000000 -0.00000000000000000 1.00000000000000000 1.00000000000000000 0.00000000000000000 -0.00000000000000000 4.21875000000000000
2 1402.07500000000004547 80.13750000000000284 997.91793057929930910 0.00000000000000000 1.00000000000000000 0.00000000000000000 0.00000000000000000 -0.00000000000000000 1.00000000000000000 1.00000000000000000 0.00000000000000000 -0.00000000000000000 4.21875000000000000
2 1402.07500000000004547 80.13750000000000284 1056.17440550384912967 0.00000000000000000 1.00000000000000000 0.00000000000000000 0.00000000000000000 -0.00000000000000000 1.00000000000000000 1.00000000000000000 0.00000000000000000 -0.00000000000000000 4.21875000000000000
2 1402.07500000000004547 80.13750000000000284 1114.43088042839895024 0.00000000000000000 1.00000000000000000 0.00000000000000000 0.00000000000000000 -0.00000000000000000 1.00000000000000000 1.00000000000000000 0.00000000000000000 -0.00000000000000000 4.21875000000000000
2 1041.80427021274522303 80.13750000000000284 972.07008262692716016 0.00000000000000000 1.00000000000000000 0.00000000000000000 0.00000000000000000 -0.00000000000000000 1.00000000000000000 1.00000000000000000 0.00000000000000000 -0.00000000000000000 4.21875000000000000
2 955.80427021274522303 80.13750000000000284 1225.56058218515113367 0.00000000000000000 1.00000000000000000 0.00000000000000000 0.00000000000000000 -0.00000000000000000 1.00000000000000000 1.00000000000000000 0.00000000000000000 -0.00000000000000000 4.21875000000000000
2 955.80427021274522303 80.13750000000000284 1166.81533240603903323 0.00000000000000000 1.00000000000000000 0.00000000000000000 0.00000000000000000 -0.00000000000000000 1.00000000000000000 1.00000000000000000 0.00000000000000000 -0.00000000000000000 4.21875000000000000
2 874.00007254118611399 80.13750000000000284 990.07008262692716016 0.00000000000000000 1.00000000000000000 0.00000000000000000 0.00000000000000000 -0.00000000000000000 1.00000000000000000 1.00000000000000000 0.00000000000000000 -0.00000000000000000 4.21875000000000000
2 840.66673920785274277 80.13750000000000284 990.07008262692716016 0.00000000000000000 1.00000000000000000 0.00000000000000000 0.00000000000000000 -0.00000000000000000 1.00000000000000000 1.00000000000000000 0.00000000000000000 -0.00000000000000000 4.21875000000000000
2 807.33340587451948522 80.13750000000000284 990.07008262692716016 0.00000000000000000 1.00000000000000000 0.00000000000000000 0.00000000000000000 -0.00000000000000000 1.00000000000000000 1.00000000000000000 0.00000000000000000 -0.00000000000000000 4.21875000000000000
2 774.00007254118611399 80.13750000000000284 990.07008262692716016 0.00000000000000000 1.00000000000000000 0.00000000000000000 0.00000000000000000 -0.00000000000000000 1.00000000000000000 1.00000000000000000 0.00000000000000000 -0.00000000000000000 4.21875000000000000
2 1161.80427021274522303 80.13750000000000284 918.07008262692716016 0.00000000000000000 1.00000000000000000 0.00000000000000000 0.00000000000000000 -0.00000000000000000 1.00000000000000000 1.00000000000000000 0.00000000000000000 -0.00000000000000000 4.21875000000000000
2 1121.80427021274522303 80.13750000000000284 918.07008262692716016 0.00000000000000000 1.00000000000000000 0.00000000000000000 0.00000000000000000 -0.00000000000000000 1.00000000000000000 1.00000000000000000 0.00000000000000000 -0.00000000000000000 4.21875000000000000
2 1081.80427021274522303 80.13750000000000284 918.07008262692716016 0.00000000000000000 1.00000000000000000 0.00000000000000000 0.00000000000000000 -0.00000000000000000 1.00000000000000000 1.00000000000000000 0.00000000000000000 -0.00000000000000000 4.21875000000000000
2 1041.80427021274522303 80.13750000000000284 918.07008262692716016 0.00000000000000000 1.00000000000000000 0.00000000000000000 0.00000000000000000 -0.00000000000000000 1.00000000000000000 1.00000000000000000 0.00000000000000000 -0.00000000000000000 4.21875000000000000
2 900.40217137696572536 77.13750000000000284 1015.57008262692716016 0.00000000000000000 1.00000000000000000 0.00000000000000000 0.00000000000000000 -0.00000000000000000 1.00000000000000000 1.00000000000000000 0.00000000000000000 -0.00000000000000000 2.63125000000000009
2 730.40217137696572536 77.13750000000000284 1015.57008262692716016 0.00000000000000000 1.00000000000000000 0.00000000000000000 0.00000000000000000 -0.00000000000000000 1.00000000000000000 1.00000000000000000 0.00000000000000000 -0.00000000000000000 2.63125000000000009
2 772.90217137696572536 77.13750000000000284 1015.57008262692716016 0.00000000000000000 1.00000000000000000 0.00000000000000000 0.00000000000000000 -0.00000000000000000 1.00000000000000000 1.00000000000000000 0.00000000000000000 -0.00000000000000000 2.63125000000000009
2 857.90217137696572536 77.13750000000000284 1015.57008262692716016 0.00000000000000000 1.00000000000000000 0.00000000000000000 0.00000000000000000 -0.00000000000000000 1.00000000000000000 1.00000000000000000 0.00000000000000000 -0.00000000000000000 2.63125000000000009
2 815.40217137696572536 77.13750000000000284 1015.57008262692716016 0.00000000000000000 1.00000000000000000 0.00000000000000000 0.00000000000000000 -0.00000000000000000 1.00000000000000000 1.00000000000000000 0.00000000000000000 -0.00000000000000000 2.63125000000000009
1 1199.22534954219827341 -0.00000000000000033 674.07918751745546615 -0.03540319157540683 -0.00000000000000000 -0.99937311051792621 -0.99937311051792621 0.00000000000000000 0.03540319157540683 0.00000000000000000 1.00000000000000000 -0.00000000000000000 
1 919.98608241171905320 81.13750000000000284 926.45698809588486711 -0.00000000000000000 -1.00000000000000000 -0.00000000000000000 0.00000000000000000 0.00000000000000000 -1.00000000000000000 1.00000000000000000 -0.00000000000000000 0.00000000000000000 
1 1397.95034545622024780 -0.00000000000000659 1159.42515854724956625 -0.24864864145036267 -0.00000000000000044 -0.96859375029208661 -0.96859375029208661 -0.00000000000000000 0.24864864145036267 -0.00000000000000011 1.00000000000000000 -0.00000000000000043 
1 919.98608241171928057 -81.13750000000004547 926.45698809588509448 0.00000000000000000 1.00000000000000000 0.00000000000000000 0.00000000000000000 -0.00000000000000000 1.00000000000000000 1.00000000000000000 0.00000000000000000 -0.00000000000000000 
1 1199.29751694478341051 0.00000000000000000 677.07851280655324899 0.03540319157540665 0.00000000000000000 0.99937311051792621 0.99937311051792621 0.00000000000000000 -0.03540319157540665 -0.00000000000000000 1.00000000000000000 0.00000000000000000 
Triangulations 0

TShapes 765
Ve
0.000000150000115
1450.000000000000000 -84.137500000000003 665.195395369183302
0 0

0101101
*
Ve
0.000000150000114
1515.000000000000000 -66.000000000000000 662.892744409114130
0 0

0101101
*
Ed
 0.000000150000000 1 1 0
1  1 0 -211.432086166682637 -143.909711299577282
0

0101000
+765 3 -764 3 *
Ve
0.000000150000028
1450.000000000000000 -84.137500000000003 1149.160714979164823
0 0

0101101
*
Ed
 0.000000150000000 1 1 0
1  2 0 14.168980859871226 498.134300469852747
0

0101000
+765 3 -762 3 *
Ve
0.000000150000043
1515.000000000000000 -66.000000000000000 1132.474501910579875
0 0

0101101
*
Ed
 0.000000150000000 1 1 0
1  3 0 -356.203128769994521 -286.687672842408119
0

0101000
+760 3 -762 3 *
Ed
 0.000000100000000 1 1 0
1  4 0 11.866329899802054 481.448087401267799
0

0101000
+764 3 -760 3 *
Wi

0101100
+763 0 -761 0 +759 0 +758 0 *
Fa
0  0.000000100000000 1 0

0111000
+757 0 *
Ve
0.000000150000114
1818.248602185639356 -66.000000000000000 652.150041563538707
0 0

0101101
*
Ed
 0.000000150000000 1 1 0
1  5 0 -405.988827679072472 -102.550002885717319
0

0101000
+764 3 -755 3 *
Ve
0.000000150000000
1874.265639269237454 -66.000000000000000 1040.247071063381554
0 0

0101101
*
Ed
 0.000000150000000 1 1 0
1  6 0 -491.212845415637844 -120.298167140149971
0

0101000
+753 3 -760 3 *
Ed
 0.000000100000000 1 1 0
1  7 0 0.251284828964780 3.177003244983591
2  1 3 0 0.251284828964780 3.177003244983591
0

0101000
+753 3 -755 3 *
Wi

0101100
-758 0 +754 0 +752 0 -751 0 *
Ve
0.000000100000000
1825.230362782753218 -66.000000000000000 928.233510435766107
0 0

0101101
*
Ed
 0.000000100000000 1 1 0
1  8 0 0.000000000000000 6.283185307179586
2  2 4 0 0.000000000000000 6.283185307179586
0

0101100
+749 3 -749 3 *
Wi

0101100
+748 0 *
Fa
0  0.000000100000000 2 0

0111000
+750 0 +747 0 *
Ve
0.000000150000014
1874.265639269237454 65.999999999999986 1040.247071063381554
0 0

0101101
*
Ve
0.000000150000115
1818.248602185639356 65.999999999999986 652.150041563538707
0 0

0101101
*
Ed
 0.000000100000000 1 1 0
1  9 0 0.251284828964780 3.177003244983591
2  3 3 0 0.251284828964780 3.177003244983591
0

0101000
+745 3 -744 3 *
Ed
 0.000000150000000 1 1 0
1  10 0 18.137500000000003 150.137499999999989
2  4 3 0 18.137500000000003 150.137499999999989
0

0101000
+755 3 -744 3 *
Ed
 0.000000150000000 1 1 0
1  11 0 18.137500000000003 150.137499999999989
2  5 3 0 18.137500000000003 150.137499999999989
0

0101000
+753 3 -745 3 *
Wi

0101100
-743 0 +742 0 +751 0 -741 0 *
Fa
0  0.000000100000000 3 0

0111000
+740 0 *
Ve
0.000000150000114
1515.000000000000000 66.000000000000000 662.892744409114130
0 0

0101101
*
Ed
 0.000000150000000 1 1 0
1  12 0 -151.509359421307636 151.929465372047503
0

0101000
+744 3 -738 3 *
Ve
0.000000150000228
1515.000000000000000 66.000000000000000 1132.474501910579875
0 0

0101101
*
Ed
 0.000000100000000 1 1 0
1  13 0 11.866329899802054 481.448087401267799
0

0101000
+738 3 -736 3 *
Ed
 0.000000150000000 1 1 0
1  14 0 366.532839600214402 737.447517875702260
0

0101000
+736 3 -745 3 *
Wi

0101100
+737 0 +743 0 +735 0 +734 0 *
Ve
0.000000100000000
1825.230362782753218 65.999999999999986 928.233510435766107
0 0

0101101
*
Ed
 0.000000100000000 1 1 0
1  15 0 0.000000000000000 6.283185307179586
2  6 6 0 0.000000000000000 6.283185307179586
0

0101100
+732 3 -732 3 *
Wi

0101100
-731 0 *
Fa
0  0.000000100000000 5 0

0111000
+733 0 +730 0 *
Ve
0.000000150000014
1450.000000000000000 84.137500000000003 665.195395369183302
0 0

0101101
*
Ed
 0.000000150000000 1 1 0
1  16 0 132.788352663229233 200.310727530334617
0

0101000
+738 3 -728 3 *
Ve
0.000000150000227
1450.000000000000000 84.137500000000003 1149.160714979164823
0 0

0101101
*
Ed
 0.000000150000000 1 1 0
1  17 0 297.490170457575175 367.005626385161577
0

0101000
+726 3 -736 3 *
Ed
 0.000000150000000 1 1 0
1  18 0 14.168980859871226 498.134300469852747
0

0101000
+728 3 -726 3 *
Wi

0101100
+727 0 -735 0 +725 0 +724 0 *
Fa
0  0.000000100000000 7 0

0111000
+723 0 *
Ve
0.000000100000000
1825.230362782753218 -63.000000000000000 928.233510435766107
0 0

0101101
*
Ed
 0.000000100000000 1 1 0
1  19 0 0.000000000000000 6.283185307179586
2  7 4 0 0.000000000000000 6.283185307179586
0

0101100
+721 3 -721 3 *
Ed
 0.000000100000000 1 1 0
1  20 0 19.137500000000003 22.137500000000003
3  8 9CN 4 0 19.137500000000003 22.137500000000003
0

0101000
+749 3 -721 3 *
Wi

0101100
-720 0 +719 0 +748 0 -719 0 *
Fa
0  0.000000100000000 4 0

0111000
+718 0 *
Ve
0.000000100000000
1825.230362782753218 62.999999999999986 928.233510435766107
0 0

0101101
*
Ed
 0.000000100000000 1 1 0
1  21 0 148.137499999999989 151.137499999999989
3  8 9CN 6 0 148.137499999999989 151.137499999999989
0

0101000
+716 3 -732 3 *
Ed
 0.000000100000000 1 1 0
1  22 0 0.000000000000000 6.283185307179586
2  10 6 0 0.000000000000000 6.283185307179586
0

0101100
+716 3 -716 3 *
Wi

0101100
-731 0 +715 0 +714 0 -715 0 *
Fa
0  0.000000100000000 6 0

0111000
+713 0 *
Ve
0.000000150000050
1514.589287240162093 -63.000000000000000 665.909175920821212
0 0

0101101
*
Ve
0.000000150000227
1514.589287240162093 -63.000000000000000 1129.482662628769503
0 0

0101101
*
Ed
 0.000000100000000 1 1 0
1  23 0 14.882761411509136 478.456248119457427
0

0101000
+711 3 -710 3 *
Ve
0.000000150000000
1818.354811760365692 -63.000000000000000 655.148160895092474
0 0

0101101
*
Ed
 0.000000150000000 1 1 0
1  24 0 -406.506074270084014 -102.550002885717092
0

0101000
+711 3 -708 3 *
Ve
0.000000150000322
1873.519693344886264 -63.000000000000000 1037.341289812505238
0 0

0101101
*
Ed
 0.000000150000000 1 1 0
1  25 0 -491.212845415637730 -120.644270100665622
0

0101000
+706 3 -710 3 *
Ed
 0.000000100000000 1 1 0
1  26 0 0.251284828964780 3.177003244983590
2  11 9 0 0.251284828964780 3.177003244983590
0

0101000
+706 3 -708 3 *
Wi

0101100
-709 0 +707 0 +705 0 -704 0 *
Wi

0101100
+720 0 *
Fa
0  0.000000100000000 8 0

0111000
+703 0 +702 0 *
Ve
0.000000150000021
1818.354811760365692 62.999999999999986 655.148160895092474
0 0

0101101
*
Ve
0.000000150000007
1514.589287240162093 63.000000000000000 665.909175920821212
0 0

0101101
*
Ed
 0.000000150000000 1 1 0
1  27 0 -151.714587065472131 152.241484318894805
0

0101000
+700 3 -699 3 *
Ve
0.000000150000227
1873.519693344886264 62.999999999999986 1037.341289812505238
0 0

0101101
*
Ed
 0.000000100000000 1 1 0
1  28 0 0.251284828964780 3.177003244983590
2  12 9 0 0.251284828964780 3.177003244983590
0

0101000
+697 3 -700 3 *
Ve
0.000000150000057
1514.589287240162093 63.000000000000000 1129.482662628769503
0 0

0101101
*
Ed
 0.000000100000000 1 1 0
1  29 0 14.882761411509136 478.456248119457427
0

0101000
+699 3 -695 3 *
Ed
 0.000000150000000 1 1 0
1  30 0 367.077849466902308 737.646424781874316
0

0101000
+695 3 -697 3 *
Wi

0101100
+698 0 +696 0 +694 0 +693 0 *
Wi

0101100
-714 0 *
Fa
0  0.000000100000000 10 0

0111000
+692 0 +691 0 *
Ve
0.000000150000114
1449.589287240162093 81.137500000000003 668.211826880890385
0 0

0101101
*
Ed
 0.000000150000000 1 1 0
1  31 0 132.283060210823834 199.805435077929218
0

0101000
+699 3 -689 3 *
Ve
0.000000150000014
1449.589287240162321 81.137500000000003 1146.168875697354451
0 0

0101101
*
Ed
 0.000000150000000 1 1 0
1  32 0 298.799042014474765 368.314497942061053
0

0101000
+687 3 -695 3 *
Ed
 0.000000150000000 1 1 0
1  33 0 17.185412371578309 495.142461188042375
0

0101000
+689 3 -687 3 *
Wi

0101100
+688 0 -694 0 +686 0 +685 0 *
Fa
0  0.000000100000000 11 0

0111000
+684 0 *
Ve
0.000000150000043
1449.589287240162093 -81.137500000000003 668.211826880890385
0 0

0101101
*
Ed
 0.000000150000000 1 1 0
1  34 0 -211.732637704614916 -144.210262837509504
0

0101000
+682 3 -711 3 *
Ve
0.000000150000227
1449.589287240162321 -81.137500000000003 1146.168875697354451
0 0

0101101
*
Ed
 0.000000150000000 1 1 0
1  35 0 17.185412371578309 495.142461188042375
0

0101000
+682 3 -680 3 *
Ed
 0.000000150000000 1 1 0
1  36 0 -356.729260729290388 -287.213804801703873
0

0101000
+710 3 -680 3 *
Wi

0101100
+681 0 -679 0 +678 0 +709 0 *
Fa
0  0.000000100000000 12 0

0111000
+677 0 *
Ed
 0.000000150000000 1 1 0
1  37 0 18.137500000000003 144.137499999999989
2  13 9 0 18.137500000000003 144.137499999999989
0

0101000
+708 3 -700 3 *
Ed
 0.000000150000000 1 1 0
1  38 0 18.137500000000003 144.137499999999989
2  14 9 0 18.137500000000003 144.137499999999989
0

0101000
+706 3 -697 3 *
Wi

0101100
-696 0 +675 0 +704 0 -674 0 *
Fa
0  0.000000100000000 9 0

0111000
+673 0 *
Ve
0.000000150000227
937.304270212745223 -84.137500000000003 1280.775333234300660
0 0

0101101
*
Ed
 0.000000100000000 1 1 0
1  39 0 256.349818384666150 785.669494082189203
0

0101000
+671 3 -762 3 *
Ve
0.000000150000228
937.304270212745223 84.137500000000003 1280.775333234300660
0 0

0101101
*
Ed
 0.000000100000000 1 1 0
1  40 0 256.349818384666150 785.669494082189203
0

0101000
+669 3 -726 3 *
Ed
 0.000000150000000 1 1 0
1  41 0 -168.775000000000034 -0.500000000000014
0

0101000
+669 10 -671 10 *
Wi

0101000
+670 0 -759 0 -752 0 +741 0 -734 0 -725 0 -668 0 +667 9 *
Ve
0.000000100000227
1406.161254884044865 -0.000000000000001 1160.414601773999038
0 0

0101101
*
Ed
 0.000000100000000 1 1 0
1  42 0 0.000000000000000 6.283185307179586
2  15 14 0 0.000000000000000 6.283185307179586
0

0101100
+665 12 -665 12 *
Wi

0101100
-664 11 *
Ve
0.000000100000227
959.890525096789929 52.137500000000003 1274.977193827892279
0 0

0101101
*
Ed
 0.000000100000000 1 1 0
1  43 0 0.000000000000000 6.283185307179586
2  16 15 0 0.000000000000000 6.283185307179586
0

0101100
+662 14 -662 14 *
Wi

0101100
-661 13 *
Ve
0.000000100000227
959.890525096789929 24.000000000000000 1274.977193827892279
0 0

0101101
*
Ed
 0.000000100000000 1 1 0
1  44 0 0.000000000000000 6.283185307179586
2  17 16 0 0.000000000000000 6.283185307179586
0

0101100
+659 14 -659 14 *
Wi

0101100
-658 13 *
Ve
0.000000100000227
959.890525096789929 -52.137500000000003 1274.977193827892279
0 0

0101101
*
Ed
 0.000000100000000 1 1 0
1  45 0 0.000000000000000 6.283185307179586
2  18 17 0 0.000000000000000 6.283185307179586
0

0101100
+656 14 -656 14 *
Wi

0101100
-655 13 *
Fa
0  0.000000150000000 13 0

0111000
+666 0 +663 0 +660 0 +657 0 +654 0 *
Ve
0.000000150000000
595.323951348646574 84.137500000000003 695.472635738032295
0 0

0101101
*
Ve
0.000000150000014
277.196253882607209 84.137500000000003 1024.570082626927160
0 0

0101101
*
Ed
 0.000000150000000 1 1 0
1  46 0 3.177003244983591 4.710872928754467
2  19 18 0 3.177003244983591 4.710872928754467
0

0101000
+652 10 -651 10 *
Ve
0.000000150000028
277.196253882607209 -84.137500000000003 1024.570082626927160
0 0

0101101
*
Ed
 0.000000100000000 1 1 0
1  47 0 0.000000000000000 168.275000000000006
2  20 18 0 0.000000000000000 168.275000000000006
0

0101000
+649 10 -651 10 *
Ve
0.000000150000000
595.323951348646574 -84.137500000000003 695.472635738032295
0 0

0101101
*
Ed
 0.000000150000000 1 1 0
1  48 0 3.177003244983591 4.710872928754467
2  21 18 0 3.177003244983591 4.710872928754467
0

0101000
+647 10 -649 10 *
Ed
 0.000000150000000 1 1 0
1  49 0 0.000000000000000 168.275000000000006
2  22 18 0 0.000000000000000 168.275000000000006
0

0101000
+647 10 -652 10 *
Wi

0101100
-650 0 +648 0 +646 0 -645 0 *
Fa
0  0.000000100000000 18 0

0111000
+644 0 *
Ve
0.000000150000014
520.001509334659545 84.137500000000031 1024.570082626927160
0 0

0101101
*
Ed
 0.000000150000000 1 1 0
1  50 0 -424.855365927555283 -182.050110475502947
0

0101000
+651 10 -642 10 *
Ve
0.000000150000000
520.001509334659545 81.137500000000003 1024.570082626927160
0 0

0101101
*
Ed
 0.000000100000000 1 1 0
1  51 0 166.275000000000006 169.275000000000034
2  23 20 0 166.275000000000006 169.275000000000034
0

0101000
+640 10 -642 10 *
Ve
0.000000150000227
280.196257361877883 81.137500000000003 1024.570082626926933
0 0

0101101
*
Ed
 0.000000150000000 1 1 0
1  52 0 -421.816809312499117 -182.011557339717456
0

0101000
+638 10 -640 10 *
Ve
0.000000150000228
280.196257361877883 -81.137500000000003 1024.570082626926933
0 0

0101101
*
Ed
 0.000000100000000 1 1 0
1  53 0 0.000000000000000 162.275000000000006
2  24 21 0 0.000000000000000 162.275000000000006
0

0101000
+636 10 -638 10 *
Ve
0.000000150000000
520.001509334659545 -81.137499999999989 1024.570082626927160
0 0

0101101
*
Ed
 0.000000150000000 1 1 0
1  54 0 182.011557339717456 421.816809312499117
0

0101000
+634 10 -636 10 *
Ve
0.000000150000000
520.001509334659545 -84.137500000000031 1024.570082626927160
0 0

0101101
*
Ed
 0.000000100000000 1 1 0
1  55 0 0.999999999999972 4.000000000000014
2  25 22 0 0.999999999999972 4.000000000000014
0

0101000
+632 10 -634 10 *
Ed
 0.000000150000000 1 1 0
1  56 0 182.050110475503061 424.855365927555397
0

0101000
+632 10 -649 10 *
Wi

0101100
-648 0 -641 0 +639 0 +637 0 +635 0 +633 0 +631 0 -630 0 *
Fa
0  0.000000100000000 19 0

0111000
+629 0 *
Ve
0.000000150000000
693.998635747712683 -81.137499999999989 1024.570082626927160
0 0

0101101
*
Ed
 0.000000150000000 1 1 0
1  57 0 1.576543484869565 4.706641822310022
2  26 22 0 1.576543484869565 4.706641822310022
0

0101000
+627 10 -634 10 *
Ve
0.000000150000000
693.998635747712683 -84.137500000000031 1024.570082626927160
0 0

0101101
*
Ed
 0.000000150000000 1 1 0
1  58 0 1.576543484869565 4.706641822310022
2  27 22 0 1.576543484869565 4.706641822310022
0

0101000
+625 10 -632 10 *
Ed
 0.000000100000000 1 1 0
1  59 0 0.999999999999972 4.000000000000014
2  28 22 0 0.999999999999972 4.000000000000014
0

0101000
+625 10 -627 10 *
Wi

0101100
-626 0 +631 0 +624 0 -623 0 *
Fa
0  0.000000100000000 22 0

0111000
+622 0 *
Ve
0.000000150000000
937.304270212745223 -84.137500000000031 1024.570082626927160
0 0

0101101
*
Ed
 0.000000150000000 1 1 0
1  60 0 -235.252650402582674 8.052984062449923
0

0101000
+620 10 -625 10 *
Ve
0.000000150000000
937.304270212745223 -81.137499999999989 1024.570082626927160
0 0

0101101
*
Ed
 0.000000150000000 1 1 0
1  61 0 -235.291203538368279 8.014430926664318
0

0101000
+618 10 -627 10 *
Ed
 0.000000100000000 1 1 0
1  62 0 1.000000000000000 4.000000000000043
0

0101000
+620 10 -618 10 *
Wi

0101100
-619 0 -623 0 +617 0 +616 0 *
Fa
0  0.000000100000000 23 0

0111000
+615 0 *
Ed
 0.000000150000000 1 1 0
1  63 0 36.902265105592505 293.107515712966006
0

0101000
+620 10 -671 10 *
Ve
0.000000150000014
937.304270212745223 84.137500000000003 1024.570082626927160
0 0

0101101
*
Ed
 0.000000150000000 1 1 0
1  64 0 -293.107515712966006 -36.902265105592505
0

0101000
+669 10 -612 10 *
Ve
0.000000150000000
937.304270212745223 81.137500000000003 1024.570082626927160
0 0

0101101
*
Ed
 0.000000100000000 1 1 0
1  65 0 166.275000000000034 169.275000000000034
0

0101000
+610 10 -612 10 *
Ve
0.000000150000228
937.304270212745223 81.137500000000003 1277.678059481403352
0 0

0101101
*
Ed
 0.000000150000000 1 1 0
1  66 0 -290.010727328019357 -36.902750473543165
0

0101000
+608 10 -610 10 *
Ve
0.000000150000227
937.304270212745223 -81.137500000000003 1277.678059481403352
0 0

0101101
*
Ed
 0.000000150000000 1 1 0
1  67 0 -164.275000000000034 -2.000000000000014
0

0101000
+608 10 -606 10 *
Ed
 0.000000150000000 1 1 0
1  68 0 36.902750473543165 290.010727328019357
0

0101000
+618 10 -606 10 *
Wi

0101100
-613 0 +667 0 -611 0 +609 0 +607 0 -605 0 +604 0 +616 0 *
Fa
0  0.000000100000000 24 0

0111000
+603 0 *
Ve
0.000000150000000
693.998635747712683 81.137500000000003 1024.570082626927160
0 0

0101101
*
Ed
 0.000000150000000 1 1 0
1  69 0 -8.014430926664318 235.291203538368279
0

0101000
+601 10 -610 10 *
Ve
0.000000150000014
693.998635747712683 84.137500000000031 1024.570082626927160
0 0

0101101
*
Ed
 0.000000100000000 1 1 0
1  70 0 166.275000000000006 169.275000000000034
2  29 20 0 166.275000000000006 169.275000000000034
0

0101000
+601 10 -599 10 *
Ed
 0.000000150000000 1 1 0
1  71 0 -8.052984062449809 235.252650402582788
0

0101000
+599 10 -612 10 *
Wi

0101100
+609 0 +600 0 -598 0 -597 0 *
Fa
0  0.000000100000000 25 0

0111000
+596 0 *
Ed
 0.000000150000000 1 1 0
1  72 0 1.576543484869565 4.706641822310022
2  30 20 0 1.576543484869565 4.706641822310022
0

0101000
+599 10 -642 10 *
Ed
 0.000000150000000 1 1 0
1  73 0 1.576543484869565 4.706641822310022
2  31 20 0 1.576543484869565 4.706641822310022
0

0101000
+601 10 -640 10 *
Wi

0101100
-594 0 +639 0 +593 0 -598 0 *
Fa
0  0.000000100000000 20 0

0111000
+592 0 *
Ve
0.000000150000000
595.430160923372796 81.137500000000003 698.470755069585948
0 0

0101101
*
Ed
 0.000000150000000 1 1 0
1  74 0 3.177003244983591 4.710859011679791
2  32 21 0 3.177003244983591 4.710859011679791
0

0101000
+590 10 -638 10 *
Ve
0.000000150000000
595.430160923372796 -81.137500000000003 698.470755069585948
0 0

0101101
*
Ed
 0.000000150000000 1 1 0
1  75 0 3.177003244983591 4.710859011679791
2  33 21 0 3.177003244983591 4.710859011679791
0

0101000
+588 10 -636 10 *
Ed
 0.000000150000000 1 1 0
1  76 0 0.000000000000000 162.275000000000006
2  34 21 0 0.000000000000000 162.275000000000006
0

0101000
+588 10 -590 10 *
Wi

0101100
-589 0 +635 0 +587 0 -586 0 *
Fa
0  0.000000100000000 21 0

0111000
+585 0 *
Ve
0.000000100000322
1405.415308959693675 -0.000000000000001 1157.508820523122722
0 0

0101101
*
Ed
 0.000000100000000 1 1 0
1  77 0 0.999999999999695 3.999999999999776
3  35 36CN 14 0 0.999999999999695 3.999999999999776
0

0101000
+583 12 -665 12 *
Ed
 0.000000100000000 1 1 0
1  78 0 0.000000000000000 6.283185307179586
2  37 14 0 0.000000000000000 6.283185307179586
0

0101100
+583 12 -583 12 *
Wi

0101100
-664 0 +582 0 +581 0 -582 0 *
Fa
0  0.000000100000000 14 0

0111000
+580 0 *
Ve
0.000000100000227
959.144579172438853 52.137500000000003 1272.071412577015963
0 0

0101101
*
Ed
 0.000000100000000 1 1 0
1  79 0 0.999999999999724 3.999999999999776
3  38 39CN 15 0 0.999999999999724 3.999999999999776
0

0101000
+578 14 -662 14 *
Ed
 0.000000100000000 1 1 0
1  80 0 0.000000000000000 6.283185307179586
2  40 15 0 0.000000000000000 6.283185307179586
0

0101100
+578 14 -578 14 *
Wi

0101100
-661 0 +577 0 +576 0 -577 0 *
Fa
0  0.000000100000000 15 0

0111000
+575 0 *
Ve
0.000000100000227
959.144579172438853 24.000000000000000 1272.071412577015963
0 0

0101101
*
Ed
 0.000000100000000 1 1 0
1  81 0 0.999999999999724 3.999999999999776
3  41 42CN 16 0 0.999999999999724 3.999999999999776
0

0101000
+573 14 -659 14 *
Ed
 0.000000100000000 1 1 0
1  82 0 0.000000000000000 6.283185307179586
2  43 16 0 0.000000000000000 6.283185307179586
0

0101100
+573 14 -573 14 *
Wi

0101100
-658 0 +572 0 +571 0 -572 0 *
Fa
0  0.000000100000000 16 0

0111000
+570 0 *
Ve
0.000000100000227
959.144579172438853 -52.137500000000003 1272.071412577015963
0 0

0101101
*
Ed
 0.000000100000000 1 1 0
1  83 0 0.999999999999724 3.999999999999776
3  44 45CN 17 0 0.999999999999724 3.999999999999776
0

0101000
+568 14 -656 14 *
Ed
 0.000000100000000 1 1 0
1  84 0 0.000000000000000 6.283185307179586
2  46 17 0 0.000000000000000 6.283185307179586
0

0101100
+568 14 -568 14 *
Wi

0101100
-655 0 +567 0 +566 0 -567 0 *
Fa
0  0.000000100000000 17 0

0111000
+565 0 *
Ed
 0.000000100000000 1 1 0
1  85 0 368.479598170090981 1223.691770337117532
0

0101000
+765 3 -647 3 *
Wi

0101000
-563 0 +761 0 -670 0 -613 9 +619 9 +624 9 +630 9 -646 9 *
Ve
0.000000100000028
730.402171376965725 -84.137500000000003 1010.807582626927115
0 0

0101101
*
Ed
 0.000000100000028 1 1 0
1  86 0 0.000000000000000 6.283185307179586
2  47 27 0 0.000000000000000 6.283185307179586
0

0101000
+561 16 -561 16 *
Wi

0101100
-560 15 *
Ve
0.000000100000028
772.902171376965725 -84.137500000000003 1010.807582626927115
0 0

0101101
*
Ed
 0.000000100000028 1 1 0
1  87 0 0.000000000000000 6.283185307179586
2  48 28 0 0.000000000000000 6.283185307179586
0

0101000
+558 16 -558 16 *
Wi

0101100
-557 15 *
Ve
0.000000100000028
815.402171376965725 -84.137500000000003 1010.807582626927115
0 0

0101101
*
Ed
 0.000000100000028 1 1 0
1  88 0 0.000000000000000 6.283185307179586
2  49 29 0 0.000000000000000 6.283185307179586
0

0101000
+555 16 -555 16 *
Wi

0101100
-554 15 *
Ve
0.000000100000028
857.902171376965725 -84.137500000000003 1010.807582626927115
0 0

0101101
*
Ed
 0.000000100000028 1 1 0
1  89 0 0.000000000000000 6.283185307179586
2  50 30 0 0.000000000000000 6.283185307179586
0

0101000
+552 16 -552 16 *
Wi

0101100
-551 15 *
Ve
0.000000100000028
900.402171376965725 -84.137500000000003 1010.807582626927115
0 0

0101101
*
Ed
 0.000000100000028 1 1 0
1  90 0 0.000000000000000 6.283185307179586
2  51 31 0 0.000000000000000 6.283185307179586
0

0101000
+549 16 -549 16 *
Wi

0101100
-548 15 *
Ve
0.000000100000000
1402.075000000000045 -84.137500000000031 877.186230730199782
0 0

0101101
*
Ed
 0.000000100000000 1 1 0
1  91 0 0.000000000000000 6.283185307179586
2  52 32 0 0.000000000000000 6.283185307179586
0

0101100
+546 12 -546 12 *
Wi

0101100
-545 11 *
Ve
0.000000100000000
1121.804270212745223 -84.137500000000031 913.851332626927160
0 0

0101101
*
Ed
 0.000000100000000 1 1 0
1  92 0 0.000000000000000 6.283185307179586
2  53 33 0 0.000000000000000 6.283185307179586
0

0101100
+543 17 -543 17 *
Wi

0101100
-542 8 *
Ve
0.000000100000000
1161.804270212745223 -84.137500000000031 913.851332626927160
0 0

0101101
*
Ed
 0.000000100000000 1 1 0
1  93 0 0.000000000000000 6.283185307179586
2  54 34 0 0.000000000000000 6.283185307179586
0

0101100
+540 17 -540 17 *
Wi

0101100
-539 8 *
Ve
0.000000100000000
1402.075000000000045 -84.137500000000031 1110.212130428398950
0 0

0101101
*
Ed
 0.000000100000000 1 1 0
1  94 0 0.000000000000000 6.283185307179586
2  55 35 0 0.000000000000000 6.283185307179586
0

0101100
+537 12 -537 12 *
Wi

0101100
-536 11 *
Ve
0.000000100000000
1402.075000000000045 -84.137500000000031 1051.955655503849130
0 0

0101101
*
Ed
 0.000000100000000 1 1 0
1  95 0 0.000000000000000 6.283185307179586
2  56 36 0 0.000000000000000 6.283185307179586
0

0101100
+534 12 -534 12 *
Wi

0101100
-533 11 *
Ve
0.000000100000000
1402.075000000000045 -84.137500000000031 993.699180579299309
0 0

0101101
*
Ed
 0.000000100000000 1 1 0
1  96 0 0.000000000000000 6.283185307179586
2  57 37 0 0.000000000000000 6.283185307179586
0

0101100
+531 12 -531 12 *
Wi

0101100
-530 11 *
Ve
0.000000100000000
1402.075000000000045 -84.137500000000031 935.442705654749602
0 0

0101101
*
Ed
 0.000000100000000 1 1 0
1  97 0 0.000000000000000 6.283185307179586
2  58 38 0 0.000000000000000 6.283185307179586
0

0101100
+528 12 -528 12 *
Wi

0101100
-527 11 *
Ve
0.000000100000000
1101.804270212745223 -84.137500000000031 967.851332626927160
0 0

0101101
*
Ed
 0.000000100000000 1 1 0
1  98 0 0.000000000000000 6.283185307179586
2  59 39 0 0.000000000000000 6.283185307179586
0

0101100
+525 17 -525 17 *
Wi

0101100
-524 8 *
Ve
0.000000100000000
1402.075000000000045 -84.137500000000031 818.929755805649961
0 0

0101101
*
Ed
 0.000000100000000 1 1 0
1  99 0 0.000000000000000 6.283185307179586
2  60 40 0 0.000000000000000 6.283185307179586
0

0101100
+522 12 -522 12 *
Wi

0101100
-521 11 *
Ve
0.000000100000000
1402.075000000000045 -84.137500000000031 760.673280881100254
0 0

0101101
*
Ed
 0.000000100000000 1 1 0
1  100 0 0.000000000000000 6.283185307179586
2  61 41 0 0.000000000000000 6.283185307179586
0

0101100
+519 12 -519 12 *
Wi

0101100
-518 11 *
Ve
0.000000100000000
1402.075000000000045 -84.137500000000031 702.416805956550434
0 0

0101101
*
Ed
 0.000000100000000 1 1 0
1  101 0 0.000000000000000 6.283185307179586
2  62 42 0 0.000000000000000 6.283185307179586
0

0101100
+516 12 -516 12 *
Wi

0101100
-515 11 *
Ve
0.000000100000000
1081.804270212745223 -84.137500000000031 913.851332626927160
0 0

0101101
*
Ed
 0.000000100000000 1 1 0
1  102 0 0.000000000000000 6.283185307179586
2  63 43 0 0.000000000000000 6.283185307179586
0

0101100
+513 17 -513 17 *
Wi

0101100
-512 8 *
Ve
0.000000100000000
1041.804270212745223 -84.137500000000031 913.851332626927160
0 0

0101101
*
Ed
 0.000000100000000 1 1 0
1  103 0 0.000000000000000 6.283185307179586
2  64 44 0 0.000000000000000 6.283185307179586
0

0101100
+510 17 -510 17 *
Wi

0101100
-509 8 *
Ve
0.000000100000000
1161.804270212745223 -84.137500000000031 967.851332626927160
0 0

0101101
*
Ed
 0.000000100000000 1 1 0
1  104 0 0.000000000000000 6.283185307179586
2  65 45 0 0.000000000000000 6.283185307179586
0

0101100
+507 17 -507 17 *
Wi

0101100
-506 8 *
Ve
0.000000100000000
1041.804270212745223 -84.137500000000031 967.851332626927160
0 0

0101101
*
Ed
 0.000000100000000 1 1 0
1  105 0 0.000000000000000 6.283185307179586
2  66 46 0 0.000000000000000 6.283185307179586
0

0101100
+504 17 -504 17 *
Wi

0101100
-503 8 *
Ve
0.000000100000000
874.000072541186114 -84.137500000000031 985.851332626927160
0 0

0101101
*
Ed
 0.000000100000000 1 1 0
1  106 0 0.000000000000000 6.283185307179586
2  67 47 0 0.000000000000000 6.283185307179586
0

0101100
+501 16 -501 16 *
Wi

0101100
-500 15 *
Ve
0.000000100000000
955.804270212745223 -84.137500000000031 1067.851332626927160
0 0

0101101
*
Ed
 0.000000100000000 1 1 0
1  107 0 0.000000000000000 6.283185307179586
2  68 48 0 0.000000000000000 6.283185307179586
0

0101100
+498 14 -498 14 *
Wi

0101100
-497 13 *
Ve
0.000000100000000
840.666739207852743 -84.137500000000031 985.851332626927160
0 0

0101101
*
Ed
 0.000000100000000 1 1 0
1  108 0 0.000000000000000 6.283185307179586
2  69 49 0 0.000000000000000 6.283185307179586
0

0101100
+495 16 -495 16 *
Wi

0101100
-494 15 *
Ve
0.000000100000000
807.333405874519485 -84.137500000000031 985.851332626927160
0 0

0101101
*
Ed
 0.000000100000000 1 1 0
1  109 0 0.000000000000000 6.283185307179586
2  70 50 0 0.000000000000000 6.283185307179586
0

0101100
+492 16 -492 16 *
Wi

0101100
-491 15 *
Ve
0.000000100000000
774.000072541186114 -84.137500000000031 985.851332626927160
0 0

0101101
*
Ed
 0.000000100000000 1 1 0
1  110 0 0.000000000000000 6.283185307179586
2  71 51 0 0.000000000000000 6.283185307179586
0

0101100
+489 16 -489 16 *
Wi

0101100
-488 15 *
Ve
0.000000100000000
955.804270212745223 -84.137500000000031 1162.596582406039033
0 0

0101101
*
Ed
 0.000000100000000 1 1 0
1  111 0 0.000000000000000 6.283185307179586
2  72 52 0 0.000000000000000 6.283185307179586
0

0101100
+486 14 -486 14 *
Wi

0101100
-485 13 *
Ve
0.000000100000000
955.804270212745223 -84.137500000000031 1221.341832185151134
0 0

0101101
*
Ed
 0.000000100000000 1 1 0
1  112 0 0.000000000000000 6.283185307179586
2  73 53 0 0.000000000000000 6.283185307179586
0

0101100
+483 14 -483 14 *
Wi

0101100
-482 13 *
Fa
0  0.000000150000000 26 0

0111000
+562 0 +559 0 +556 0 +553 0 +550 0 +547 0 +544 0 +541 0 +538 0 +535 0 
+532 0 +529 0 +526 0 +523 0 +520 0 +517 0 +514 0 +511 0 +508 0 +505 0 
+502 0 +499 0 +496 0 +493 0 +490 0 +487 0 +484 0 +481 0 *
Ve
0.000000100000014
730.402171376965725 -82.006250000000023 1012.938832626927137
0 0

0101101
*
Ed
 0.000000100000000 1 1 0
1  113 0 0.353553390593274 3.367596045400933
3  74 75CN 27 0 0.353553390593274 3.367596045400933
0

0101000
+479 16 -561 16 *
Ed
 0.000000100000000 1 1 0
1  114 0 0.000000000000000 6.283185307179586
2  76 27 0 0.000000000000000 6.283185307179586
2  77 54 0 0.000000000000000 6.283185307179586
0

0101100
+479 16 -479 16 *
Wi

0101100
+478 0 +477 0 -478 0 -560 0 *
Fa
0  0.000000100000000 27 0

0111000
+476 0 *
Ve
0.000000100000000
730.402171376965725 -81.137499999999989 1012.938832626927137
0 0

0101101
*
Ed
 0.000000100000000 1 1 0
1  115 0 3.999999999999986 4.868750000000020
3  78 79CN 54 0 3.999999999999986 4.868750000000020
0

0101000
+474 16 -479 16 *
Ed
 0.000000100000000 1 1 0
1  116 0 0.000000000000000 6.283185307179586
2  80 54 0 0.000000000000000 6.283185307179586
0

0101100
+474 16 -474 16 *
Wi

0101100
+473 0 +472 0 -473 0 -477 0 *
Fa
0  0.000000100000000 54 0

0111000
+471 0 *
Ve
0.000000100000014
772.902171376965725 -82.006250000000023 1012.938832626927137
0 0

0101101
*
Ed
 0.000000100000000 1 1 0
1  117 0 0.353553390593274 3.367596045400933
3  81 82CN 28 0 0.353553390593274 3.367596045400933
0

0101000
+469 16 -558 16 *
Ed
 0.000000100000000 1 1 0
1  118 0 0.000000000000000 6.283185307179586
2  83 28 0 0.000000000000000 6.283185307179586
2  84 55 0 0.000000000000000 6.283185307179586
0

0101100
+469 16 -469 16 *
Wi

0101100
+468 0 +467 0 -468 0 -557 0 *
Fa
0  0.000000100000000 28 0

0111000
+466 0 *
Ve
0.000000100000000
772.902171376965725 -81.137499999999989 1012.938832626927137
0 0

0101101
*
Ed
 0.000000100000000 1 1 0
1  119 0 3.999999999999986 4.868750000000020
3  85 86CN 55 0 3.999999999999986 4.868750000000020
0

0101000
+464 16 -469 16 *
Ed
 0.000000100000000 1 1 0
1  120 0 0.000000000000000 6.283185307179586
2  87 55 0 0.000000000000000 6.283185307179586
0

0101100
+464 16 -464 16 *
Wi

0101100
+463 0 +462 0 -463 0 -467 0 *
Fa
0  0.000000100000000 55 0

0111000
+461 0 *
Ve
0.000000100000014
815.402171376965725 -82.006250000000023 1012.938832626927137
0 0

0101101
*
Ed
 0.000000100000000 1 1 0
1  121 0 0.353553390593274 3.367596045400933
3  88 89CN 29 0 0.353553390593274 3.367596045400933
0

0101000
+459 16 -555 16 *
Ed
 0.000000100000000 1 1 0
1  122 0 0.000000000000000 6.283185307179586
2  90 29 0 0.000000000000000 6.283185307179586
2  91 56 0 0.000000000000000 6.283185307179586
0

0101100
+459 16 -459 16 *
Wi

0101100
+458 0 +457 0 -458 0 -554 0 *
Fa
0  0.000000100000000 29 0

0111000
+456 0 *
Ve
0.000000100000000
815.402171376965725 -81.137499999999989 1012.938832626927137
0 0

0101101
*
Ed
 0.000000100000000 1 1 0
1  123 0 3.999999999999986 4.868750000000020
3  92 93CN 56 0 3.999999999999986 4.868750000000020
0

0101000
+454 16 -459 16 *
Ed
 0.000000100000000 1 1 0
1  124 0 0.000000000000000 6.283185307179586
2  94 56 0 0.000000000000000 6.283185307179586
0

0101100
+454 16 -454 16 *
Wi

0101100
+453 0 +452 0 -453 0 -457 0 *
Fa
0  0.000000100000000 56 0

0111000
+451 0 *
Ve
0.000000100000014
857.902171376965725 -82.006250000000023 1012.938832626927137
0 0

0101101
*
Ed
 0.000000100000000 1 1 0
1  125 0 0.353553390593274 3.367596045400933
3  95 96CN 30 0 0.353553390593274 3.367596045400933
0

0101000
+449 16 -552 16 *
Ed
 0.000000100000000 1 1 0
1  126 0 0.000000000000000 6.283185307179586
2  97 30 0 0.000000000000000 6.283185307179586
2  98 57 0 0.000000000000000 6.283185307179586
0

0101100
+449 16 -449 16 *
Wi

0101100
+448 0 +447 0 -448 0 -551 0 *
Fa
0  0.000000100000000 30 0

0111000
+446 0 *
Ve
0.000000100000000
857.902171376965725 -81.137499999999989 1012.938832626927137
0 0

0101101
*
Ed
 0.000000100000000 1 1 0
1  127 0 3.999999999999986 4.868750000000020
3  99 100CN 57 0 3.999999999999986 4.868750000000020
0

0101000
+444 16 -449 16 *
Ed
 0.000000100000000 1 1 0
1  128 0 0.000000000000000 6.283185307179586
2  101 57 0 0.000000000000000 6.283185307179586
0

0101100
+444 16 -444 16 *
Wi

0101100
+443 0 +442 0 -443 0 -447 0 *
Fa
0  0.000000100000000 57 0

0111000
+441 0 *
Ve
0.000000100000014
900.402171376965725 -82.006250000000023 1012.938832626927137
0 0

0101101
*
Ed
 0.000000100000000 1 1 0
1  129 0 0.353553390593274 3.367596045400933
3  102 103CN 31 0 0.353553390593274 3.367596045400933
0

0101000
+439 16 -549 16 *
Ed
 0.000000100000000 1 1 0
1  130 0 0.000000000000000 6.283185307179586
2  104 31 0 0.000000000000000 6.283185307179586
2  105 58 0 0.000000000000000 6.283185307179586
0

0101100
+439 16 -439 16 *
Wi

0101100
+438 0 +437 0 -438 0 -548 0 *
Fa
0  0.000000100000000 31 0

0111000
+436 0 *
Ve
0.000000100000000
900.402171376965725 -81.137499999999989 1012.938832626927137
0 0

0101101
*
Ed
 0.000000100000000 1 1 0
1  131 0 3.999999999999986 4.868750000000020
3  106 107CN 58 0 3.999999999999986 4.868750000000020
0

0101000
+434 16 -439 16 *
Ed
 0.000000100000000 1 1 0
1  132 0 0.000000000000000 6.283185307179586
2  108 58 0 0.000000000000000 6.283185307179586
0

0101100
+434 16 -434 16 *
Wi

0101100
+433 0 +432 0 -433 0 -437 0 *
Fa
0  0.000000100000000 58 0

0111000
+431 0 *
Ve
0.000000100000000
1402.075000000000045 -81.137499999999989 877.186230730199782
0 0

0101101
*
Ed
 0.000000100000000 1 1 0
1  133 0 0.999999999999986 4.000000000000028
3  109 110CN 32 0 0.999999999999986 4.000000000000028
0

0101000
+429 12 -546 12 *
Ed
 0.000000100000000 1 1 0
1  134 0 0.000000000000000 6.283185307179586
2  111 32 0 0.000000000000000 6.283185307179586
0

0101100
+429 12 -429 12 *
Wi

0101100
-545 0 +428 0 +427 0 -428 0 *
Fa
0  0.000000100000000 32 0

0111000
+426 0 *
Ve
0.000000100000000
1121.804270212745223 -81.137499999999989 913.851332626927160
0 0

0101101
*
Ed
 0.000000100000000 1 1 0
1  135 0 0.999999999999986 4.000000000000028
3  112 113CN 33 0 0.999999999999986 4.000000000000028
0

0101000
+424 17 -543 17 *
Ed
 0.000000100000000 1 1 0
1  136 0 0.000000000000000 6.283185307179586
2  114 33 0 0.000000000000000 6.283185307179586
0

0101100
+424 17 -424 17 *
Wi

0101100
-542 0 +423 0 +422 0 -423 0 *
Fa
0  0.000000100000000 33 0

0111000
+421 0 *
Ve
0.000000100000000
1161.804270212745223 -81.137499999999989 913.851332626927160
0 0

0101101
*
Ed
 0.000000100000000 1 1 0
1  137 0 0.999999999999986 4.000000000000028
3  115 116CN 34 0 0.999999999999986 4.000000000000028
0

0101000
+419 17 -540 17 *
Ed
 0.000000100000000 1 1 0
1  138 0 0.000000000000000 6.283185307179586
2  117 34 0 0.000000000000000 6.283185307179586
0

0101100
+419 17 -419 17 *
Wi

0101100
-539 0 +418 0 +417 0 -418 0 *
Fa
0  0.000000100000000 34 0

0111000
+416 0 *
Ve
0.000000100000000
1402.075000000000045 -81.137499999999989 1110.212130428398950
0 0

0101101
*
Ed
 0.000000100000000 1 1 0
1  139 0 0.999999999999986 4.000000000000028
3  118 119CN 35 0 0.999999999999986 4.000000000000028
0

0101000
+414 12 -537 12 *
Ed
 0.000000100000000 1 1 0
1  140 0 0.000000000000000 6.283185307179586
2  120 35 0 0.000000000000000 6.283185307179586
0

0101100
+414 12 -414 12 *
Wi

0101100
-536 0 +413 0 +412 0 -413 0 *
Fa
0  0.000000100000000 35 0

0111000
+411 0 *
Ve
0.000000100000000
1402.075000000000045 -81.137499999999989 1051.955655503849130
0 0

0101101
*
Ed
 0.000000100000000 1 1 0
1  141 0 0.999999999999986 4.000000000000028
3  121 122CN 36 0 0.999999999999986 4.000000000000028
0

0101000
+409 12 -534 12 *
Ed
 0.000000100000000 1 1 0
1  142 0 0.000000000000000 6.283185307179586
2  123 36 0 0.000000000000000 6.283185307179586
0

0101100
+409 12 -409 12 *
Wi

0101100
-533 0 +408 0 +407 0 -408 0 *
Fa
0  0.000000100000000 36 0

0111000
+406 0 *
Ve
0.000000100000000
1402.075000000000045 -81.137499999999989 993.699180579299309
0 0

0101101
*
Ed
 0.000000100000000 1 1 0
1  143 0 0.999999999999986 4.000000000000028
3  124 125CN 37 0 0.999999999999986 4.000000000000028
0

0101000
+404 12 -531 12 *
Ed
 0.000000100000000 1 1 0
1  144 0 0.000000000000000 6.283185307179586
2  126 37 0 0.000000000000000 6.283185307179586
0

0101100
+404 12 -404 12 *
Wi

0101100
-530 0 +403 0 +402 0 -403 0 *
Fa
0  0.000000100000000 37 0

0111000
+401 0 *
Ve
0.000000100000000
1402.075000000000045 -81.137499999999989 935.442705654749602
0 0

0101101
*
Ed
 0.000000100000000 1 1 0
1  145 0 0.999999999999986 4.000000000000028
3  127 128CN 38 0 0.999999999999986 4.000000000000028
0

0101000
+399 12 -528 12 *
Ed
 0.000000100000000 1 1 0
1  146 0 0.000000000000000 6.283185307179586
2  129 38 0 0.000000000000000 6.283185307179586
0

0101100
+399 12 -399 12 *
Wi

0101100
-527 0 +398 0 +397 0 -398 0 *
Fa
0  0.000000100000000 38 0

0111000
+396 0 *
Ve
0.000000100000000
1101.804270212745223 -81.137499999999989 967.851332626927160
0 0

0101101
*
Ed
 0.000000100000000 1 1 0
1  147 0 0.999999999999986 4.000000000000028
3  130 131CN 39 0 0.999999999999986 4.000000000000028
0

0101000
+394 17 -525 17 *
Ed
 0.000000100000000 1 1 0
1  148 0 0.000000000000000 6.283185307179586
2  132 39 0 0.000000000000000 6.283185307179586
0

0101100
+394 17 -394 17 *
Wi

0101100
-524 0 +393 0 +392 0 -393 0 *
Fa
0  0.000000100000000 39 0

0111000
+391 0 *
Ve
0.000000100000000
1402.075000000000045 -81.137499999999989 818.929755805649961
0 0

0101101
*
Ed
 0.000000100000000 1 1 0
1  149 0 0.999999999999986 4.000000000000028
3  133 134CN 40 0 0.999999999999986 4.000000000000028
0

0101000
+389 12 -522 12 *
Ed
 0.000000100000000 1 1 0
1  150 0 0.000000000000000 6.283185307179586
2  135 40 0 0.000000000000000 6.283185307179586
0

0101100
+389 12 -389 12 *
Wi

0101100
-521 0 +388 0 +387 0 -388 0 *
Fa
0  0.000000100000000 40 0

0111000
+386 0 *
Ve
0.000000100000000
1402.075000000000045 -81.137499999999989 760.673280881100254
0 0

0101101
*
Ed
 0.000000100000000 1 1 0
1  151 0 0.999999999999986 4.000000000000028
3  136 137CN 41 0 0.999999999999986 4.000000000000028
0

0101000
+384 12 -519 12 *
Ed
 0.000000100000000 1 1 0
1  152 0 0.000000000000000 6.283185307179586
2  138 41 0 0.000000000000000 6.283185307179586
0

0101100
+384 12 -384 12 *
Wi

0101100
-518 0 +383 0 +382 0 -383 0 *
Fa
0  0.000000100000000 41 0

0111000
+381 0 *
Ve
0.000000100000000
1402.075000000000045 -81.137499999999989 702.416805956550434
0 0

0101101
*
Ed
 0.000000100000000 1 1 0
1  153 0 0.999999999999986 4.000000000000028
3  139 140CN 42 0 0.999999999999986 4.000000000000028
0

0101000
+379 12 -516 12 *
Ed
 0.000000100000000 1 1 0
1  154 0 0.000000000000000 6.283185307179586
2  141 42 0 0.000000000000000 6.283185307179586
0

0101100
+379 12 -379 12 *
Wi

0101100
-515 0 +378 0 +377 0 -378 0 *
Fa
0  0.000000100000000 42 0

0111000
+376 0 *
Ve
0.000000100000000
1081.804270212745223 -81.137499999999989 913.851332626927160
0 0

0101101
*
Ed
 0.000000100000000 1 1 0
1  155 0 0.999999999999986 4.000000000000028
3  142 143CN 43 0 0.999999999999986 4.000000000000028
0

0101000
+374 17 -513 17 *
Ed
 0.000000100000000 1 1 0
1  156 0 0.000000000000000 6.283185307179586
2  144 43 0 0.000000000000000 6.283185307179586
0

0101100
+374 17 -374 17 *
Wi

0101100
-512 0 +373 0 +372 0 -373 0 *
Fa
0  0.000000100000000 43 0

0111000
+371 0 *
Ve
0.000000100000000
1041.804270212745223 -81.137499999999989 913.851332626927160
0 0

0101101
*
Ed
 0.000000100000000 1 1 0
1  157 0 0.999999999999986 4.000000000000028
3  145 146CN 44 0 0.999999999999986 4.000000000000028
0

0101000
+369 17 -510 17 *
Ed
 0.000000100000000 1 1 0
1  158 0 0.000000000000000 6.283185307179586
2  147 44 0 0.000000000000000 6.283185307179586
0

0101100
+369 17 -369 17 *
Wi

0101100
-509 0 +368 0 +367 0 -368 0 *
Fa
0  0.000000100000000 44 0

0111000
+366 0 *
Ve
0.000000100000000
1161.804270212745223 -81.137499999999989 967.851332626927160
0 0

0101101
*
Ed
 0.000000100000000 1 1 0
1  159 0 0.999999999999986 4.000000000000028
3  148 149CN 45 0 0.999999999999986 4.000000000000028
0

0101000
+364 17 -507 17 *
Ed
 0.000000100000000 1 1 0
1  160 0 0.000000000000000 6.283185307179586
2  150 45 0 0.000000000000000 6.283185307179586
0

0101100
+364 17 -364 17 *
Wi

0101100
-506 0 +363 0 +362 0 -363 0 *
Fa
0  0.000000100000000 45 0

0111000
+361 0 *
Ve
0.000000100000000
1041.804270212745223 -81.137499999999989 967.851332626927160
0 0

0101101
*
Ed
 0.000000100000000 1 1 0
1  161 0 0.999999999999986 4.000000000000028
3  151 152CN 46 0 0.999999999999986 4.000000000000028
0

0101000
+359 17 -504 17 *
Ed
 0.000000100000000 1 1 0
1  162 0 0.000000000000000 6.283185307179586
2  153 46 0 0.000000000000000 6.283185307179586
0

0101100
+359 17 -359 17 *
Wi

0101100
-503 0 +358 0 +357 0 -358 0 *
Fa
0  0.000000100000000 46 0

0111000
+356 0 *
Ve
0.000000100000000
874.000072541186114 -81.137499999999989 985.851332626927160
0 0

0101101
*
Ed
 0.000000100000000 1 1 0
1  163 0 0.999999999999986 4.000000000000028
3  154 155CN 47 0 0.999999999999986 4.000000000000028
0

0101000
+354 16 -501 16 *
Ed
 0.000000100000000 1 1 0
1  164 0 0.000000000000000 6.283185307179586
2  156 47 0 0.000000000000000 6.283185307179586
0

0101100
+354 16 -354 16 *
Wi

0101100
-500 0 +353 0 +352 0 -353 0 *
Fa
0  0.000000100000000 47 0

0111000
+351 0 *
Ve
0.000000100000000
955.804270212745223 -81.137499999999989 1067.851332626927160
0 0

0101101
*
Ed
 0.000000100000000 1 1 0
1  165 0 0.999999999999986 4.000000000000028
3  157 158CN 48 0 0.999999999999986 4.000000000000028
0

0101000
+349 14 -498 14 *
Ed
 0.000000100000000 1 1 0
1  166 0 0.000000000000000 6.283185307179586
2  159 48 0 0.000000000000000 6.283185307179586
0

0101100
+349 14 -349 14 *
Wi

0101100
-497 0 +348 0 +347 0 -348 0 *
Fa
0  0.000000100000000 48 0

0111000
+346 0 *
Ve
0.000000100000000
840.666739207852743 -81.137499999999989 985.851332626927160
0 0

0101101
*
Ed
 0.000000100000000 1 1 0
1  167 0 0.999999999999986 4.000000000000028
3  160 161CN 49 0 0.999999999999986 4.000000000000028
0

0101000
+344 16 -495 16 *
Ed
 0.000000100000000 1 1 0
1  168 0 0.000000000000000 6.283185307179586
2  162 49 0 0.000000000000000 6.283185307179586
0

0101100
+344 16 -344 16 *
Wi

0101100
-494 0 +343 0 +342 0 -343 0 *
Fa
0  0.000000100000000 49 0

0111000
+341 0 *
Ve
0.000000100000000
807.333405874519485 -81.137499999999989 985.851332626927160
0 0

0101101
*
Ed
 0.000000100000000 1 1 0
1  169 0 0.999999999999986 4.000000000000028
3  163 164CN 50 0 0.999999999999986 4.000000000000028
0

0101000
+339 16 -492 16 *
Ed
 0.000000100000000 1 1 0
1  170 0 0.000000000000000 6.283185307179586
2  165 50 0 0.000000000000000 6.283185307179586
0

0101100
+339 16 -339 16 *
Wi

0101100
-491 0 +338 0 +337 0 -338 0 *
Fa
0  0.000000100000000 50 0

0111000
+336 0 *
Ve
0.000000100000000
774.000072541186114 -81.137499999999989 985.851332626927160
0 0

0101101
*
Ed
 0.000000100000000 1 1 0
1  171 0 0.999999999999986 4.000000000000028
3  166 167CN 51 0 0.999999999999986 4.000000000000028
0

0101000
+334 16 -489 16 *
Ed
 0.000000100000000 1 1 0
1  172 0 0.000000000000000 6.283185307179586
2  168 51 0 0.000000000000000 6.283185307179586
0

0101100
+334 16 -334 16 *
Wi

0101100
-488 0 +333 0 +332 0 -333 0 *
Fa
0  0.000000100000000 51 0

0111000
+331 0 *
Ve
0.000000100000000
955.804270212745223 -81.137499999999989 1162.596582406039033
0 0

0101101
*
Ed
 0.000000100000000 1 1 0
1  173 0 0.999999999999986 4.000000000000028
3  169 170CN 52 0 0.999999999999986 4.000000000000028
0

0101000
+329 14 -486 14 *
Ed
 0.000000100000000 1 1 0
1  174 0 0.000000000000000 6.283185307179586
2  171 52 0 0.000000000000000 6.283185307179586
0

0101100
+329 14 -329 14 *
Wi

0101100
-485 0 +328 0 +327 0 -328 0 *
Fa
0  0.000000100000000 52 0

0111000
+326 0 *
Ve
0.000000100000000
955.804270212745223 -81.137499999999989 1221.341832185151134
0 0

0101101
*
Ed
 0.000000100000000 1 1 0
1  175 0 0.999999999999986 4.000000000000028
3  172 173CN 53 0 0.999999999999986 4.000000000000028
0

0101000
+324 14 -483 14 *
Ed
 0.000000100000000 1 1 0
1  176 0 0.000000000000000 6.283185307179586
2  174 53 0 0.000000000000000 6.283185307179586
0

0101100
+324 14 -324 14 *
Wi

0101100
-482 0 +323 0 +322 0 -323 0 *
Fa
0  0.000000100000000 53 0

0111000
+321 0 *
Ed
 0.000000100000000 1 1 0
1  177 0 368.479598170090981 1223.691770337117532
0

0101000
+728 3 -652 3 *
Wi

0101000
+668 0 -724 0 +319 0 +650 9 +641 9 -594 9 +597 9 -611 9 *
Ve
0.000000100000014
900.402171376965725 84.137500000000003 1020.332582626927206
0 0

0101101
*
Ed
 0.000000100000014 1 1 0
1  178 0 0.000000000000000 6.283185307179586
2  175 60 0 0.000000000000000 6.283185307179586
0

0101000
+317 16 -317 16 *
Wi

0101100
-316 15 *
Ve
0.000000100000014
730.402171376965725 84.137500000000003 1020.332582626927206
0 0

0101101
*
Ed
 0.000000100000014 1 1 0
1  179 0 0.000000000000000 6.283185307179586
2  176 61 0 0.000000000000000 6.283185307179586
0

0101000
+314 16 -314 16 *
Wi

0101100
-313 15 *
Ve
0.000000100000014
772.902171376965725 84.137500000000003 1020.332582626927206
0 0

0101101
*
Ed
 0.000000100000014 1 1 0
1  180 0 0.000000000000000 6.283185307179586
2  177 62 0 0.000000000000000 6.283185307179586
0

0101000
+311 16 -311 16 *
Wi

0101100
-310 15 *
Ve
0.000000100000014
857.902171376965725 84.137500000000003 1020.332582626927206
0 0

0101101
*
Ed
 0.000000100000014 1 1 0
1  181 0 0.000000000000000 6.283185307179586
2  178 63 0 0.000000000000000 6.283185307179586
0

0101000
+308 16 -308 16 *
Wi

0101100
-307 15 *
Ve
0.000000100000014
815.402171376965725 84.137500000000003 1020.332582626927206
0 0

0101101
*
Ed
 0.000000100000014 1 1 0
1  182 0 0.000000000000000 6.283185307179586
2  179 64 0 0.000000000000000 6.283185307179586
0

0101000
+305 16 -305 16 *
Wi

0101100
-304 15 *
Ve
0.000000100000000
1402.075000000000045 84.137500000000017 827.367255805649961
0 0

0101101
*
Ed
 0.000000100000000 1 1 0
1  183 0 0.000000000000000 6.283185307179586
2  180 65 0 0.000000000000000 6.283185307179586
0

0101100
+302 12 -302 12 *
Wi

0101100
-301 11 *
Ve
0.000000100000000
1101.804270212745223 84.137500000000017 976.288832626927160
0 0

0101101
*
Ed
 0.000000100000000 1 1 0
1  184 0 0.000000000000000 6.283185307179586
2  181 66 0 0.000000000000000 6.283185307179586
0

0101100
+299 17 -299 17 *
Wi

0101100
-298 8 *
Ve
0.000000100000000
1161.804270212745223 84.137500000000017 976.288832626927160
0 0

0101101
*
Ed
 0.000000100000000 1 1 0
1  185 0 0.000000000000000 6.283185307179586
2  182 67 0 0.000000000000000 6.283185307179586
0

0101100
+296 17 -296 17 *
Wi

0101100
-295 8 *
Ve
0.000000100000000
1402.075000000000045 84.137500000000017 710.854305956550434
0 0

0101101
*
Ed
 0.000000100000000 1 1 0
1  186 0 0.000000000000000 6.283185307179586
2  183 68 0 0.000000000000000 6.283185307179586
0

0101100
+293 12 -293 12 *
Wi

0101100
-292 11 *
Ve
0.000000100000000
1402.075000000000045 84.137500000000017 769.110780881100254
0 0

0101101
*
Ed
 0.000000100000000 1 1 0
1  187 0 0.000000000000000 6.283185307179586
2  184 69 0 0.000000000000000 6.283185307179586
0

0101100
+290 12 -290 12 *
Wi

0101100
-289 11 *
Ve
0.000000100000000
955.804270212745223 84.137500000000017 1076.288832626927160
0 0

0101101
*
Ed
 0.000000100000000 1 1 0
1  188 0 0.000000000000000 6.283185307179586
2  185 70 0 0.000000000000000 6.283185307179586
0

0101100
+287 14 -287 14 *
Wi

0101100
-286 13 *
Ve
0.000000100000000
1402.075000000000045 84.137500000000017 885.623730730199782
0 0

0101101
*
Ed
 0.000000100000000 1 1 0
1  189 0 0.000000000000000 6.283185307179586
2  186 71 0 0.000000000000000 6.283185307179586
0

0101100
+284 12 -284 12 *
Wi

0101100
-283 11 *
Ve
0.000000100000000
1402.075000000000045 84.137500000000017 943.880205654749602
0 0

0101101
*
Ed
 0.000000100000000 1 1 0
1  190 0 0.000000000000000 6.283185307179586
2  187 72 0 0.000000000000000 6.283185307179586
0

0101100
+281 12 -281 12 *
Wi

0101100
-280 11 *
Ve
0.000000100000000
1402.075000000000045 84.137500000000017 1002.136680579299309
0 0

0101101
*
Ed
 0.000000100000000 1 1 0
1  191 0 0.000000000000000 6.283185307179586
2  188 73 0 0.000000000000000 6.283185307179586
0

0101100
+278 12 -278 12 *
Wi

0101100
-277 11 *
Ve
0.000000100000000
1402.075000000000045 84.137500000000017 1060.393155503849130
0 0

0101101
*
Ed
 0.000000100000000 1 1 0
1  192 0 0.000000000000000 6.283185307179586
2  189 74 0 0.000000000000000 6.283185307179586
0

0101100
+275 12 -275 12 *
Wi

0101100
-274 11 *
Ve
0.000000100000000
1402.075000000000045 84.137500000000017 1118.649630428398950
0 0

0101101
*
Ed
 0.000000100000000 1 1 0
1  193 0 0.000000000000000 6.283185307179586
2  190 75 0 0.000000000000000 6.283185307179586
0

0101100
+272 12 -272 12 *
Wi

0101100
-271 11 *
Ve
0.000000100000000
1041.804270212745223 84.137500000000017 976.288832626927160
0 0

0101101
*
Ed
 0.000000100000000 1 1 0
1  194 0 0.000000000000000 6.283185307179586
2  191 76 0 0.000000000000000 6.283185307179586
0

0101100
+269 17 -269 17 *
Wi

0101100
-268 8 *
Ve
0.000000100000000
955.804270212745223 84.137500000000017 1229.779332185151134
0 0

0101101
*
Ed
 0.000000100000000 1 1 0
1  195 0 0.000000000000000 6.283185307179586
2  192 77 0 0.000000000000000 6.283185307179586
0

0101100
+266 14 -266 14 *
Wi

0101100
-265 13 *
Ve
0.000000100000000
955.804270212745223 84.137500000000017 1171.034082406039033
0 0

0101101
*
Ed
 0.000000100000000 1 1 0
1  196 0 0.000000000000000 6.283185307179586
2  193 78 0 0.000000000000000 6.283185307179586
0

0101100
+263 14 -263 14 *
Wi

0101100
-262 13 *
Ve
0.000000100000000
874.000072541186114 84.137500000000017 994.288832626927160
0 0

0101101
*
Ed
 0.000000100000000 1 1 0
1  197 0 0.000000000000000 6.283185307179586
2  194 79 0 0.000000000000000 6.283185307179586
0

0101100
+260 16 -260 16 *
Wi

0101100
-259 15 *
Ve
0.000000100000000
840.666739207852743 84.137500000000017 994.288832626927160
0 0

0101101
*
Ed
 0.000000100000000 1 1 0
1  198 0 0.000000000000000 6.283185307179586
2  195 80 0 0.000000000000000 6.283185307179586
0

0101100
+257 16 -257 16 *
Wi

0101100
-256 15 *
Ve
0.000000100000000
807.333405874519485 84.137500000000017 994.288832626927160
0 0

0101101
*
Ed
 0.000000100000000 1 1 0
1  199 0 0.000000000000000 6.283185307179586
2  196 81 0 0.000000000000000 6.283185307179586
0

0101100
+254 16 -254 16 *
Wi

0101100
-253 15 *
Ve
0.000000100000000
774.000072541186114 84.137500000000017 994.288832626927160
0 0

0101101
*
Ed
 0.000000100000000 1 1 0
1  200 0 0.000000000000000 6.283185307179586
2  197 82 0 0.000000000000000 6.283185307179586
0

0101100
+251 16 -251 16 *
Wi

0101100
-250 15 *
Ve
0.000000100000000
1161.804270212745223 84.137500000000017 922.288832626927160
0 0

0101101
*
Ed
 0.000000100000000 1 1 0
1  201 0 0.000000000000000 6.283185307179586
2  198 83 0 0.000000000000000 6.283185307179586
0

0101100
+248 17 -248 17 *
Wi

0101100
-247 8 *
Ve
0.000000100000000
1121.804270212745223 84.137500000000017 922.288832626927160
0 0

0101101
*
Ed
 0.000000100000000 1 1 0
1  202 0 0.000000000000000 6.283185307179586
2  199 84 0 0.000000000000000 6.283185307179586
0

0101100
+245 17 -245 17 *
Wi

0101100
-244 8 *
Ve
0.000000100000000
1081.804270212745223 84.137500000000017 922.288832626927160
0 0

0101101
*
Ed
 0.000000100000000 1 1 0
1  203 0 0.000000000000000 6.283185307179586
2  200 85 0 0.000000000000000 6.283185307179586
0

0101100
+242 17 -242 17 *
Wi

0101100
-241 8 *
Ve
0.000000100000000
1041.804270212745223 84.137500000000017 922.288832626927160
0 0

0101101
*
Ed
 0.000000100000000 1 1 0
1  204 0 0.000000000000000 6.283185307179586
2  201 86 0 0.000000000000000 6.283185307179586
0

0101100
+239 17 -239 17 *
Wi

0101100
-238 8 *
Fa
0  0.000000150000000 59 0

0111000
+318 0 +315 0 +312 0 +309 0 +306 0 +303 0 +300 0 +297 0 +294 0 +291 0 
+288 0 +285 0 +282 0 +279 0 +276 0 +273 0 +270 0 +267 0 +264 0 +261 0 
+258 0 +255 0 +252 0 +249 0 +246 0 +243 0 +240 0 +237 0 *
Ve
0.000000100000014
900.402171376965725 82.006250000000023 1018.201332626927183
0 0

0101101
*
Ed
 0.000000100000000 1 1 0
1  205 0 0.353553390593274 3.367596045400933
3  202 203CN 60 0 0.353553390593274 3.367596045400933
0

0101000
+235 16 -317 16 *
Ed
 0.000000100000000 1 1 0
1  206 0 0.000000000000000 6.283185307179586
2  204 60 0 0.000000000000000 6.283185307179586
2  205 87 0 0.000000000000000 6.283185307179586
0

0101100
+235 16 -235 16 *
Wi

0101100
+234 0 +233 0 -234 0 -316 0 *
Fa
0  0.000000100000000 60 0

0111000
+232 0 *
Ve
0.000000100000000
900.402171376965725 81.137500000000003 1018.201332626927183
0 0

0101101
*
Ed
 0.000000100000000 1 1 0
1  207 0 4.000000000000000 4.868750000000020
3  206 207CN 87 0 4.000000000000000 4.868750000000020
0

0101000
+230 16 -235 16 *
Ed
 0.000000100000000 1 1 0
1  208 0 0.000000000000000 6.283185307179586
2  208 87 0 0.000000000000000 6.283185307179586
0

0101100
+230 16 -230 16 *
Wi

0101100
+229 0 +228 0 -229 0 -233 0 *
Fa
0  0.000000100000000 87 0

0111000
+227 0 *
Ve
0.000000100000014
730.402171376965725 82.006250000000023 1018.201332626927183
0 0

0101101
*
Ed
 0.000000100000000 1 1 0
1  209 0 0.353553390593274 3.367596045400933
3  209 210CN 61 0 0.353553390593274 3.367596045400933
0

0101000
+225 16 -314 16 *
Ed
 0.000000100000000 1 1 0
1  210 0 0.000000000000000 6.283185307179586
2  211 61 0 0.000000000000000 6.283185307179586
2  212 88 0 0.000000000000000 6.283185307179586
0

0101100
+225 16 -225 16 *
Wi

0101100
+224 0 +223 0 -224 0 -313 0 *
Fa
0  0.000000100000000 61 0

0111000
+222 0 *
Ve
0.000000100000000
730.402171376965725 81.137500000000003 1018.201332626927183
0 0

0101101
*
Ed
 0.000000100000000 1 1 0
1  211 0 4.000000000000000 4.868750000000020
3  213 214CN 88 0 4.000000000000000 4.868750000000020
0

0101000
+220 16 -225 16 *
Ed
 0.000000100000000 1 1 0
1  212 0 0.000000000000000 6.283185307179586
2  215 88 0 0.000000000000000 6.283185307179586
0

0101100
+220 16 -220 16 *
Wi

0101100
+219 0 +218 0 -219 0 -223 0 *
Fa
0  0.000000100000000 88 0

0111000
+217 0 *
Ve
0.000000100000014
772.902171376965725 82.006250000000023 1018.201332626927183
0 0

0101101
*
Ed
 0.000000100000000 1 1 0
1  213 0 0.353553390593274 3.367596045400933
3  216 217CN 62 0 0.353553390593274 3.367596045400933
0

0101000
+215 16 -311 16 *
Ed
 0.000000100000000 1 1 0
1  214 0 0.000000000000000 6.283185307179586
2  218 62 0 0.000000000000000 6.283185307179586
2  219 89 0 0.000000000000000 6.283185307179586
0

0101100
+215 16 -215 16 *
Wi

0101100
+214 0 +213 0 -214 0 -310 0 *
Fa
0  0.000000100000000 62 0

0111000
+212 0 *
Ve
0.000000100000000
772.902171376965725 81.137500000000003 1018.201332626927183
0 0

0101101
*
Ed
 0.000000100000000 1 1 0
1  215 0 4.000000000000000 4.868750000000020
3  220 221CN 89 0 4.000000000000000 4.868750000000020
0

0101000
+210 16 -215 16 *
Ed
 0.000000100000000 1 1 0
1  216 0 0.000000000000000 6.283185307179586
2  222 89 0 0.000000000000000 6.283185307179586
0

0101100
+210 16 -210 16 *
Wi

0101100
+209 0 +208 0 -209 0 -213 0 *
Fa
0  0.000000100000000 89 0

0111000
+207 0 *
Ve
0.000000100000014
857.902171376965725 82.006250000000023 1018.201332626927183
0 0

0101101
*
Ed
 0.000000100000000 1 1 0
1  217 0 0.353553390593274 3.367596045400933
3  223 224CN 63 0 0.353553390593274 3.367596045400933
0

0101000
+205 16 -308 16 *
Ed
 0.000000100000000 1 1 0
1  218 0 0.000000000000000 6.283185307179586
2  225 63 0 0.000000000000000 6.283185307179586
2  226 90 0 0.000000000000000 6.283185307179586
0

0101100
+205 16 -205 16 *
Wi

0101100
+204 0 +203 0 -204 0 -307 0 *
Fa
0  0.000000100000000 63 0

0111000
+202 0 *
Ve
0.000000100000000
857.902171376965725 81.137500000000003 1018.201332626927183
0 0

0101101
*
Ed
 0.000000100000000 1 1 0
1  219 0 4.000000000000000 4.868750000000020
3  227 228CN 90 0 4.000000000000000 4.868750000000020
0

0101000
+200 16 -205 16 *
Ed
 0.000000100000000 1 1 0
1  220 0 0.000000000000000 6.283185307179586
2  229 90 0 0.000000000000000 6.283185307179586
0

0101100
+200 16 -200 16 *
Wi

0101100
+199 0 +198 0 -199 0 -203 0 *
Fa
0  0.000000100000000 90 0

0111000
+197 0 *
Ve
0.000000100000014
815.402171376965725 82.006250000000023 1018.201332626927183
0 0

0101101
*
Ed
 0.000000100000000 1 1 0
1  221 0 0.353553390593274 3.367596045400933
3  230 231CN 64 0 0.353553390593274 3.367596045400933
0

0101000
+195 16 -305 16 *
Ed
 0.000000100000000 1 1 0
1  222 0 0.000000000000000 6.283185307179586
2  232 64 0 0.000000000000000 6.283185307179586
2  233 91 0 0.000000000000000 6.283185307179586
0

0101100
+195 16 -195 16 *
Wi

0101100
+194 0 +193 0 -194 0 -304 0 *
Fa
0  0.000000100000000 64 0

0111000
+192 0 *
Ve
0.000000100000000
815.402171376965725 81.137500000000003 1018.201332626927183
0 0

0101101
*
Ed
 0.000000100000000 1 1 0
1  223 0 4.000000000000000 4.868750000000020
3  234 235CN 91 0 4.000000000000000 4.868750000000020
0

0101000
+190 16 -195 16 *
Ed
 0.000000100000000 1 1 0
1  224 0 0.000000000000000 6.283185307179586
2  236 91 0 0.000000000000000 6.283185307179586
0

0101100
+190 16 -190 16 *
Wi

0101100
+189 0 +188 0 -189 0 -193 0 *
Fa
0  0.000000100000000 91 0

0111000
+187 0 *
Ve
0.000000100000000
1402.075000000000045 81.137500000000003 827.367255805649961
0 0

0101101
*
Ed
 0.000000100000000 1 1 0
1  225 0 1.000000000000000 4.000000000000014
3  237 238CN 65 0 1.000000000000000 4.000000000000014
0

0101000
+185 12 -302 12 *
Ed
 0.000000100000000 1 1 0
1  226 0 0.000000000000000 6.283185307179586
2  239 65 0 0.000000000000000 6.283185307179586
0

0101100
+185 12 -185 12 *
Wi

0101100
-301 0 +184 0 +183 0 -184 0 *
Fa
0  0.000000100000000 65 0

0111000
+182 0 *
Ve
0.000000100000000
1101.804270212745223 81.137500000000003 976.288832626927160
0 0

0101101
*
Ed
 0.000000100000000 1 1 0
1  227 0 1.000000000000000 4.000000000000014
3  240 241CN 66 0 1.000000000000000 4.000000000000014
0

0101000
+180 17 -299 17 *
Ed
 0.000000100000000 1 1 0
1  228 0 0.000000000000000 6.283185307179586
2  242 66 0 0.000000000000000 6.283185307179586
0

0101100
+180 17 -180 17 *
Wi

0101100
-298 0 +179 0 +178 0 -179 0 *
Fa
0  0.000000100000000 66 0

0111000
+177 0 *
Ve
0.000000100000000
1161.804270212745223 81.137500000000003 976.288832626927160
0 0

0101101
*
Ed
 0.000000100000000 1 1 0
1  229 0 1.000000000000000 4.000000000000014
3  243 244CN 67 0 1.000000000000000 4.000000000000014
0

0101000
+175 17 -296 17 *
Ed
 0.000000100000000 1 1 0
1  230 0 0.000000000000000 6.283185307179586
2  245 67 0 0.000000000000000 6.283185307179586
0

0101100
+175 17 -175 17 *
Wi

0101100
-295 0 +174 0 +173 0 -174 0 *
Fa
0  0.000000100000000 67 0

0111000
+172 0 *
Ve
0.000000100000000
1402.075000000000045 81.137500000000003 710.854305956550434
0 0

0101101
*
Ed
 0.000000100000000 1 1 0
1  231 0 1.000000000000000 4.000000000000014
3  246 247CN 68 0 1.000000000000000 4.000000000000014
0

0101000
+170 12 -293 12 *
Ed
 0.000000100000000 1 1 0
1  232 0 0.000000000000000 6.283185307179586
2  248 68 0 0.000000000000000 6.283185307179586
0

0101100
+170 12 -170 12 *
Wi

0101100
-292 0 +169 0 +168 0 -169 0 *
Fa
0  0.000000100000000 68 0

0111000
+167 0 *
Ve
0.000000100000000
1402.075000000000045 81.137500000000003 769.110780881100254
0 0

0101101
*
Ed
 0.000000100000000 1 1 0
1  233 0 1.000000000000000 4.000000000000014
3  249 250CN 69 0 1.000000000000000 4.000000000000014
0

0101000
+165 12 -290 12 *
Ed
 0.000000100000000 1 1 0
1  234 0 0.000000000000000 6.283185307179586
2  251 69 0 0.000000000000000 6.283185307179586
0

0101100
+165 12 -165 12 *
Wi

0101100
-289 0 +164 0 +163 0 -164 0 *
Fa
0  0.000000100000000 69 0

0111000
+162 0 *
Ve
0.000000100000000
955.804270212745223 81.137500000000003 1076.288832626927160
0 0

0101101
*
Ed
 0.000000100000000 1 1 0
1  235 0 1.000000000000000 4.000000000000014
3  252 253CN 70 0 1.000000000000000 4.000000000000014
0

0101000
+160 14 -287 14 *
Ed
 0.000000100000000 1 1 0
1  236 0 0.000000000000000 6.283185307179586
2  254 70 0 0.000000000000000 6.283185307179586
0

0101100
+160 14 -160 14 *
Wi

0101100
-286 0 +159 0 +158 0 -159 0 *
Fa
0  0.000000100000000 70 0

0111000
+157 0 *
Ve
0.000000100000000
1402.075000000000045 81.137500000000003 885.623730730199782
0 0

0101101
*
Ed
 0.000000100000000 1 1 0
1  237 0 1.000000000000000 4.000000000000014
3  255 256CN 71 0 1.000000000000000 4.000000000000014
0

0101000
+155 12 -284 12 *
Ed
 0.000000100000000 1 1 0
1  238 0 0.000000000000000 6.283185307179586
2  257 71 0 0.000000000000000 6.283185307179586
0

0101100
+155 12 -155 12 *
Wi

0101100
-283 0 +154 0 +153 0 -154 0 *
Fa
0  0.000000100000000 71 0

0111000
+152 0 *
Ve
0.000000100000000
1402.075000000000045 81.137500000000003 943.880205654749602
0 0

0101101
*
Ed
 0.000000100000000 1 1 0
1  239 0 1.000000000000000 4.000000000000014
3  258 259CN 72 0 1.000000000000000 4.000000000000014
0

0101000
+150 12 -281 12 *
Ed
 0.000000100000000 1 1 0
1  240 0 0.000000000000000 6.283185307179586
2  260 72 0 0.000000000000000 6.283185307179586
0

0101100
+150 12 -150 12 *
Wi

0101100
-280 0 +149 0 +148 0 -149 0 *
Fa
0  0.000000100000000 72 0

0111000
+147 0 *
Ve
0.000000100000000
1402.075000000000045 81.137500000000003 1002.136680579299309
0 0

0101101
*
Ed
 0.000000100000000 1 1 0
1  241 0 1.000000000000000 4.000000000000014
3  261 262CN 73 0 1.000000000000000 4.000000000000014
0

0101000
+145 12 -278 12 *
Ed
 0.000000100000000 1 1 0
1  242 0 0.000000000000000 6.283185307179586
2  263 73 0 0.000000000000000 6.283185307179586
0

0101100
+145 12 -145 12 *
Wi

0101100
-277 0 +144 0 +143 0 -144 0 *
Fa
0  0.000000100000000 73 0

0111000
+142 0 *
Ve
0.000000100000000
1402.075000000000045 81.137500000000003 1060.393155503849130
0 0

0101101
*
Ed
 0.000000100000000 1 1 0
1  243 0 1.000000000000000 4.000000000000014
3  264 265CN 74 0 1.000000000000000 4.000000000000014
0

0101000
+140 12 -275 12 *
Ed
 0.000000100000000 1 1 0
1  244 0 0.000000000000000 6.283185307179586
2  266 74 0 0.000000000000000 6.283185307179586
0

0101100
+140 12 -140 12 *
Wi

0101100
-274 0 +139 0 +138 0 -139 0 *
Fa
0  0.000000100000000 74 0

0111000
+137 0 *
Ve
0.000000100000000
1402.075000000000045 81.137500000000003 1118.649630428398950
0 0

0101101
*
Ed
 0.000000100000000 1 1 0
1  245 0 1.000000000000000 4.000000000000014
3  267 268CN 75 0 1.000000000000000 4.000000000000014
0

0101000
+135 12 -272 12 *
Ed
 0.000000100000000 1 1 0
1  246 0 0.000000000000000 6.283185307179586
2  269 75 0 0.000000000000000 6.283185307179586
0

0101100
+135 12 -135 12 *
Wi

0101100
-271 0 +134 0 +133 0 -134 0 *
Fa
0  0.000000100000000 75 0

0111000
+132 0 *
Ve
0.000000100000000
1041.804270212745223 81.137500000000003 976.288832626927160
0 0

0101101
*
Ed
 0.000000100000000 1 1 0
1  247 0 1.000000000000000 4.000000000000014
3  270 271CN 76 0 1.000000000000000 4.000000000000014
0

0101000
+130 17 -269 17 *
Ed
 0.000000100000000 1 1 0
1  248 0 0.000000000000000 6.283185307179586
2  272 76 0 0.000000000000000 6.283185307179586
0

0101100
+130 17 -130 17 *
Wi

0101100
-268 0 +129 0 +128 0 -129 0 *
Fa
0  0.000000100000000 76 0

0111000
+127 0 *
Ve
0.000000100000000
955.804270212745223 81.137500000000003 1229.779332185151134
0 0

0101101
*
Ed
 0.000000100000000 1 1 0
1  249 0 1.000000000000000 4.000000000000014
3  273 274CN 77 0 1.000000000000000 4.000000000000014
0

0101000
+125 14 -266 14 *
Ed
 0.000000100000000 1 1 0
1  250 0 0.000000000000000 6.283185307179586
2  275 77 0 0.000000000000000 6.283185307179586
0

0101100
+125 14 -125 14 *
Wi

0101100
-265 0 +124 0 +123 0 -124 0 *
Fa
0  0.000000100000000 77 0

0111000
+122 0 *
Ve
0.000000100000000
955.804270212745223 81.137500000000003 1171.034082406039033
0 0

0101101
*
Ed
 0.000000100000000 1 1 0
1  251 0 1.000000000000000 4.000000000000014
3  276 277CN 78 0 1.000000000000000 4.000000000000014
0

0101000
+120 14 -263 14 *
Ed
 0.000000100000000 1 1 0
1  252 0 0.000000000000000 6.283185307179586
2  278 78 0 0.000000000000000 6.283185307179586
0

0101100
+120 14 -120 14 *
Wi

0101100
-262 0 +119 0 +118 0 -119 0 *
Fa
0  0.000000100000000 78 0

0111000
+117 0 *
Ve
0.000000100000000
874.000072541186114 81.137500000000003 994.288832626927160
0 0

0101101
*
Ed
 0.000000100000000 1 1 0
1  253 0 1.000000000000000 4.000000000000014
3  279 280CN 79 0 1.000000000000000 4.000000000000014
0

0101000
+115 16 -260 16 *
Ed
 0.000000100000000 1 1 0
1  254 0 0.000000000000000 6.283185307179586
2  281 79 0 0.000000000000000 6.283185307179586
0

0101100
+115 16 -115 16 *
Wi

0101100
-259 0 +114 0 +113 0 -114 0 *
Fa
0  0.000000100000000 79 0

0111000
+112 0 *
Ve
0.000000100000000
840.666739207852743 81.137500000000003 994.288832626927160
0 0

0101101
*
Ed
 0.000000100000000 1 1 0
1  255 0 1.000000000000000 4.000000000000014
3  282 283CN 80 0 1.000000000000000 4.000000000000014
0

0101000
+110 16 -257 16 *
Ed
 0.000000100000000 1 1 0
1  256 0 0.000000000000000 6.283185307179586
2  284 80 0 0.000000000000000 6.283185307179586
0

0101100
+110 16 -110 16 *
Wi

0101100
-256 0 +109 0 +108 0 -109 0 *
Fa
0  0.000000100000000 80 0

0111000
+107 0 *
Ve
0.000000100000000
807.333405874519485 81.137500000000003 994.288832626927160
0 0

0101101
*
Ed
 0.000000100000000 1 1 0
1  257 0 1.000000000000000 4.000000000000014
3  285 286CN 81 0 1.000000000000000 4.000000000000014
0

0101000
+105 16 -254 16 *
Ed
 0.000000100000000 1 1 0
1  258 0 0.000000000000000 6.283185307179586
2  287 81 0 0.000000000000000 6.283185307179586
0

0101100
+105 16 -105 16 *
Wi

0101100
-253 0 +104 0 +103 0 -104 0 *
Fa
0  0.000000100000000 81 0

0111000
+102 0 *
Ve
0.000000100000000
774.000072541186114 81.137500000000003 994.288832626927160
0 0

0101101
*
Ed
 0.000000100000000 1 1 0
1  259 0 1.000000000000000 4.000000000000014
3  288 289CN 82 0 1.000000000000000 4.000000000000014
0

0101000
+100 16 -251 16 *
Ed
 0.000000100000000 1 1 0
1  260 0 0.000000000000000 6.283185307179586
2  290 82 0 0.000000000000000 6.283185307179586
0

0101100
+100 16 -100 16 *
Wi

0101100
-250 0 +99 0 +98 0 -99 0 *
Fa
0  0.000000100000000 82 0

0111000
+97 0 *
Ve
0.000000100000000
1161.804270212745223 81.137500000000003 922.288832626927160
0 0

0101101
*
Ed
 0.000000100000000 1 1 0
1  261 0 1.000000000000000 4.000000000000014
3  291 292CN 83 0 1.000000000000000 4.000000000000014
0

0101000
+95 17 -248 17 *
Ed
 0.000000100000000 1 1 0
1  262 0 0.000000000000000 6.283185307179586
2  293 83 0 0.000000000000000 6.283185307179586
0

0101100
+95 17 -95 17 *
Wi

0101100
-247 0 +94 0 +93 0 -94 0 *
Fa
0  0.000000100000000 83 0

0111000
+92 0 *
Ve
0.000000100000000
1121.804270212745223 81.137500000000003 922.288832626927160
0 0

0101101
*
Ed
 0.000000100000000 1 1 0
1  263 0 1.000000000000000 4.000000000000014
3  294 295CN 84 0 1.000000000000000 4.000000000000014
0

0101000
+90 17 -245 17 *
Ed
 0.000000100000000 1 1 0
1  264 0 0.000000000000000 6.283185307179586
2  296 84 0 0.000000000000000 6.283185307179586
0

0101100
+90 17 -90 17 *
Wi

0101100
-244 0 +89 0 +88 0 -89 0 *
Fa
0  0.000000100000000 84 0

0111000
+87 0 *
Ve
0.000000100000000
1081.804270212745223 81.137500000000003 922.288832626927160
0 0

0101101
*
Ed
 0.000000100000000 1 1 0
1  265 0 1.000000000000000 4.000000000000014
3  297 298CN 85 0 1.000000000000000 4.000000000000014
0

0101000
+85 17 -242 17 *
Ed
 0.000000100000000 1 1 0
1  266 0 0.000000000000000 6.283185307179586
2  299 85 0 0.000000000000000 6.283185307179586
0

0101100
+85 17 -85 17 *
Wi

0101100
-241 0 +84 0 +83 0 -84 0 *
Fa
0  0.000000100000000 85 0

0111000
+82 0 *
Ve
0.000000100000000
1041.804270212745223 81.137500000000003 922.288832626927160
0 0

0101101
*
Ed
 0.000000100000000 1 1 0
1  267 0 1.000000000000000 4.000000000000014
3  300 301CN 86 0 1.000000000000000 4.000000000000014
0

0101000
+80 17 -239 17 *
Ed
 0.000000100000000 1 1 0
1  268 0 0.000000000000000 6.283185307179586
2  302 86 0 0.000000000000000 6.283185307179586
0

0101100
+80 17 -80 17 *
Wi

0101100
-238 0 +79 0 +78 0 -79 0 *
Fa
0  0.000000100000000 86 0

0111000
+77 0 *
Wi

0101000
+563 0 +645 9 -319 0 -727 0 -737 0 -742 0 -754 0 -763 0 *
Fa
0  0.000000150000000 92 0

0111000
+75 0 *
Ed
 0.000000100000000 1 1 0
1  269 0 368.996844761102807 1223.691770337117532
0

0101000
+689 3 -590 3 *
Ed
 0.000000100000000 1 1 0
1  270 0 257.119951295523890 786.015597042705053
0

0101000
+608 3 -687 3 *
Wi

0101000
+607 9 -600 9 +593 9 -637 9 -589 9 -73 0 +685 0 -72 0 *
Wi

0101100
+158 13 *
Wi

0101100
+133 11 *
Wi

0101100
+138 11 *
Wi

0101100
+143 11 *
Wi

0101100
+148 11 *
Wi

0101100
+153 11 *
Wi

0101100
+183 11 *
Wi

0101100
+163 11 *
Wi

0101100
+168 11 *
Wi

0101100
+173 8 *
Wi

0101100
+178 8 *
Wi

0101100
+128 8 *
Wi

0101100
+123 13 *
Wi

0101100
+118 13 *
Wi

0101100
+113 15 *
Wi

0101100
+108 15 *
Wi

0101100
+103 15 *
Wi

0101100
+98 15 *
Wi

0101100
+93 8 *
Wi

0101100
+88 8 *
Wi

0101100
+83 8 *
Wi

0101100
+78 8 *
Wi

0101100
+228 15 *
Wi

0101100
+198 15 *
Wi

0101100
+188 15 *
Wi

0101100
+208 15 *
Wi

0101100
+218 15 *
Fa
0  0.000000150000000 93 0

0111000
+71 0 +70 0 +69 0 +68 0 +67 0 +66 0 +65 0 +64 0 +63 0 +62 0 
+61 0 +60 0 +59 0 +58 0 +57 0 +56 0 +55 0 +54 0 +53 0 +52 0 
+51 0 +50 0 +49 0 +48 0 +47 0 +46 0 +45 0 +44 0 *
Ed
 0.000000100000000 1 1 0
1  271 0 257.119951295523890 786.015597042705053
0

0101000
+606 3 -680 3 *
Wi

0101000
-605 9 +72 0 +686 0 +693 0 -674 0 +705 0 +678 0 -42 0 *
Wi

0101100
+581 11 *
Wi

0101100
+576 13 *
Wi

0101100
+571 13 *
Wi

0101100
+566 13 *
Fa
0  0.000000150000000 94 0

0111000
+41 0 +40 0 +39 0 +38 0 +37 0 *
Ed
 0.000000100000000 1 1 0
1  272 0 368.996844761102807 1223.691770337117532
0

0101000
+682 3 -588 3 *
Wi

0101000
+587 9 -633 9 -626 9 -617 9 +604 9 +42 0 -679 0 +35 0 *
Wi

0101100
+392 8 *
Wi

0101100
+377 11 *
Wi

0101100
+382 11 *
Wi

0101100
+387 11 *
Wi

0101100
+427 11 *
Wi

0101100
+397 11 *
Wi

0101100
+402 11 *
Wi

0101100
+407 11 *
Wi

0101100
+412 11 *
Wi

0101100
+417 8 *
Wi

0101100
+422 8 *
Wi

0101100
+372 8 *
Wi

0101100
+367 8 *
Wi

0101100
+362 8 *
Wi

0101100
+357 8 *
Wi

0101100
+347 13 *
Wi

0101100
+352 15 *
Wi

0101100
+342 15 *
Wi

0101100
+337 15 *
Wi

0101100
+332 15 *
Wi

0101100
+327 13 *
Wi

0101100
+322 13 *
Wi

0101100
+432 15 *
Wi

0101100
+442 15 *
Wi

0101100
+452 15 *
Wi

0101100
+462 15 *
Wi

0101100
+472 15 *
Fa
0  0.000000150000000 95 0

0111000
+34 0 +33 0 +32 0 +31 0 +30 0 +29 0 +28 0 +27 0 +26 0 +25 0 
+24 0 +23 0 +22 0 +21 0 +20 0 +19 0 +18 0 +17 0 +16 0 +15 0 
+14 0 +13 0 +12 0 +11 0 +10 0 +9 0 +8 0 +7 0 *
Wi

0101000
-35 0 +681 0 +707 0 +675 0 +698 0 +688 0 +73 0 -586 9 *
Fa
0  0.000000150000000 96 0

0111000
+5 0 *
Sh

0101000
+756 0 +746 0 +739 0 +729 0 +722 0 -717 0 -712 0 -701 0 -690 0 -683 0 
-676 0 -672 0 +653 0 +643 9 +628 9 -621 9 +614 9 -602 9 +595 9 -591 9 
-584 9 -579 11 -574 13 -569 13 -564 13 +480 0 -475 15 -470 15 -465 15 -460 15 
-455 15 -450 15 -445 15 -440 15 -435 15 -430 15 -425 11 -420 8 -415 8 -410 11 
-405 11 -400 11 -395 11 -390 8 -385 11 -380 11 -375 11 -370 8 -365 8 -360 8 
-355 8 -350 15 -345 13 -340 15 -335 15 -330 15 -325 13 -320 13 +236 0 -231 15 
-226 15 -221 15 -216 15 -211 15 -206 15 -201 15 -196 15 -191 15 -186 15 -181 11 
-176 8 -171 8 -166 11 -161 11 -156 13 -151 11 -146 11 -141 11 -136 11 -131 11 
-126 8 -121 13 -116 13 -111 15 -106 15 -101 15 -96 15 -91 8 -86 8 -81 8 
-76 8 +74 0 +43 0 +36 0 +6 0 +4 0 *
So

0100000
+3 0 *
Co

1100000
+2 0 *

+1 1 