ISO-10303-21;
HEADER;
FILE_DESCRIPTION(('FreeCAD Model'),'2;1');
FILE_NAME('Open CASCADE Shape Model','2026-09-21T06:04:55',('FreeCAD'),(
    'FreeCAD'),'Open CASCADE STEP processor 7.8','FreeCAD','Unknown');
FILE_SCHEMA(('AUTOMOTIVE_DESIGN { 1 0 10303 214 1 1 1 1 }'));
ENDSEC;
DATA;
#1 = APPLICATION_PROTOCOL_DEFINITION('international standard',
  'automotive_design',2000,#2);
#2 = APPLICATION_CONTEXT(
  'core data for automotive mechanical design processes');
#3 = SHAPE_DEFINITION_REPRESENTATION(#4,#10);
#4 = PRODUCT_DEFINITION_SHAPE('','',#5);
#5 = PRODUCT_DEFINITION('design','',#6,#9);
#6 = PRODUCT_DEFINITION_FORMATION('','',#7);
#7 = PRODUCT('Open CASCADE STEP translator 7.8 1',
  'Open CASCADE STEP translator 7.8 1','',(#8));
#8 = PRODUCT_CONTEXT('',#2,'mechanical');
#9 = PRODUCT_DEFINITION_CONTEXT('part definition',#2,'design');
#10 = SHAPE_REPRESENTATION('',(#11,#15,#393,#530,#791,#1744,#2005,#2260,
    #2566,#2714,#4200,#5703,#5789,#6364,#6905,#7160,#7545,#8059),#10636
  );
#11 = AXIS2_PLACEMENT_3D('',#12,#13,#14);
#12 = CARTESIAN_POINT('',(0.,0.,0.));
#13 = DIRECTION('',(0.,0.,1.));
#14 = DIRECTION('',(1.,0.,-0.));
#15 = MANIFOLD_SOLID_BREP('',#16);
#16 = CLOSED_SHELL('',(#17,#57,#90,#123,#201,#279,#296,#313,#325,#342,
    #359,#376));
#17 = ADVANCED_FACE('',(#18),#52,.F.);
#18 = FACE_BOUND('',#19,.F.);
#19 = EDGE_LOOP('',(#20,#30,#38,#46));
#20 = ORIENTED_EDGE('',*,*,#21,.T.);
#21 = EDGE_CURVE('',#22,#24,#26,.T.);
#22 = VERTEX_POINT('',#23);
#23 = CARTESIAN_POINT('',(-8.647889466101,36.021355173865,0.));
#24 = VERTEX_POINT('',#25);
#25 = CARTESIAN_POINT('',(-8.647889466101,36.021355173865,8.));
#26 = LINE('',#27,#28);
#27 = CARTESIAN_POINT('',(-8.647889466101,36.021355173865,0.));
#28 = VECTOR('',#29,1.);
#29 = DIRECTION('',(0.,0.,1.));
#30 = ORIENTED_EDGE('',*,*,#31,.T.);
#31 = EDGE_CURVE('',#24,#32,#34,.T.);
#32 = VERTEX_POINT('',#33);
#33 = CARTESIAN_POINT('',(-35.6478894661,-10.47864482613,8.));
#34 = LINE('',#35,#36);
#35 = CARTESIAN_POINT('',(-8.647889466101,36.021355173865,8.));
#36 = VECTOR('',#37,1.);
#37 = DIRECTION('',(-0.502135517387,-0.86478894661,0.));
#38 = ORIENTED_EDGE('',*,*,#39,.F.);
#39 = EDGE_CURVE('',#40,#32,#42,.T.);
#40 = VERTEX_POINT('',#41);
#41 = CARTESIAN_POINT('',(-35.6478894661,-10.47864482613,0.));
#42 = LINE('',#43,#44);
#43 = CARTESIAN_POINT('',(-35.6478894661,-10.47864482613,0.));
#44 = VECTOR('',#45,1.);
#45 = DIRECTION('',(0.,0.,1.));
#46 = ORIENTED_EDGE('',*,*,#47,.F.);
#47 = EDGE_CURVE('',#22,#40,#48,.T.);
#48 = LINE('',#49,#50);
#49 = CARTESIAN_POINT('',(-8.647889466101,36.021355173865,0.));
#50 = VECTOR('',#51,1.);
#51 = DIRECTION('',(-0.502135517387,-0.86478894661,0.));
#52 = PLANE('',#53);
#53 = AXIS2_PLACEMENT_3D('',#54,#55,#56);
#54 = CARTESIAN_POINT('',(-8.647889466101,36.021355173865,0.));
#55 = DIRECTION('',(0.86478894661,-0.502135517387,0.));
#56 = DIRECTION('',(-0.502135517387,-0.86478894661,0.));
#57 = ADVANCED_FACE('',(#58),#85,.T.);
#58 = FACE_BOUND('',#59,.F.);
#59 = EDGE_LOOP('',(#60,#70,#77,#78));
#60 = ORIENTED_EDGE('',*,*,#61,.T.);
#61 = EDGE_CURVE('',#62,#64,#66,.T.);
#62 = VERTEX_POINT('',#63);
#63 = CARTESIAN_POINT('',(8.647889466101,36.021355173865,0.));
#64 = VERTEX_POINT('',#65);
#65 = CARTESIAN_POINT('',(8.647889466101,36.021355173865,8.));
#66 = LINE('',#67,#68);
#67 = CARTESIAN_POINT('',(8.647889466101,36.021355173865,0.));
#68 = VECTOR('',#69,1.);
#69 = DIRECTION('',(0.,0.,1.));
#70 = ORIENTED_EDGE('',*,*,#71,.T.);
#71 = EDGE_CURVE('',#64,#24,#72,.T.);
#72 = CIRCLE('',#73,10.);
#73 = AXIS2_PLACEMENT_3D('',#74,#75,#76);
#74 = CARTESIAN_POINT('',(-4.4E-16,31.,8.));
#75 = DIRECTION('',(0.,-0.,1.));
#76 = DIRECTION('',(0.86478894661,0.502135517387,0.));
#77 = ORIENTED_EDGE('',*,*,#21,.F.);
#78 = ORIENTED_EDGE('',*,*,#79,.F.);
#79 = EDGE_CURVE('',#62,#22,#80,.T.);
#80 = CIRCLE('',#81,10.);
#81 = AXIS2_PLACEMENT_3D('',#82,#83,#84);
#82 = CARTESIAN_POINT('',(-4.4E-16,31.,0.));
#83 = DIRECTION('',(0.,-0.,1.));
#84 = DIRECTION('',(0.86478894661,0.502135517387,0.));
#85 = CYLINDRICAL_SURFACE('',#86,10.);
#86 = AXIS2_PLACEMENT_3D('',#87,#88,#89);
#87 = CARTESIAN_POINT('',(-4.4E-16,31.,0.));
#88 = DIRECTION('',(-0.,-0.,-1.));
#89 = DIRECTION('',(0.86478894661,0.502135517387,0.));
#90 = ADVANCED_FACE('',(#91),#118,.T.);
#91 = FACE_BOUND('',#92,.F.);
#92 = EDGE_LOOP('',(#93,#94,#103,#111));
#93 = ORIENTED_EDGE('',*,*,#39,.T.);
#94 = ORIENTED_EDGE('',*,*,#95,.T.);
#95 = EDGE_CURVE('',#32,#96,#98,.T.);
#96 = VERTEX_POINT('',#97);
#97 = CARTESIAN_POINT('',(-27.,-25.5,8.));
#98 = CIRCLE('',#99,10.);
#99 = AXIS2_PLACEMENT_3D('',#100,#101,#102);
#100 = CARTESIAN_POINT('',(-27.,-15.5,8.));
#101 = DIRECTION('',(0.,0.,1.));
#102 = DIRECTION('',(-0.86478894661,0.502135517387,0.));
#103 = ORIENTED_EDGE('',*,*,#104,.F.);
#104 = EDGE_CURVE('',#105,#96,#107,.T.);
#105 = VERTEX_POINT('',#106);
#106 = CARTESIAN_POINT('',(-27.,-25.5,0.));
#107 = LINE('',#108,#109);
#108 = CARTESIAN_POINT('',(-27.,-25.5,0.));
#109 = VECTOR('',#110,1.);
#110 = DIRECTION('',(0.,0.,1.));
#111 = ORIENTED_EDGE('',*,*,#112,.F.);
#112 = EDGE_CURVE('',#40,#105,#113,.T.);
#113 = CIRCLE('',#114,10.);
#114 = AXIS2_PLACEMENT_3D('',#115,#116,#117);
#115 = CARTESIAN_POINT('',(-27.,-15.5,0.));
#116 = DIRECTION('',(0.,0.,1.));
#117 = DIRECTION('',(-0.86478894661,0.502135517387,0.));
#118 = CYLINDRICAL_SURFACE('',#119,10.);
#119 = AXIS2_PLACEMENT_3D('',#120,#121,#122);
#120 = CARTESIAN_POINT('',(-27.,-15.5,0.));
#121 = DIRECTION('',(-0.,-0.,-1.));
#122 = DIRECTION('',(-0.86478894661,0.502135517387,0.));
#123 = ADVANCED_FACE('',(#124,#152,#163,#174,#185),#196,.F.);
#124 = FACE_BOUND('',#125,.F.);
#125 = EDGE_LOOP('',(#126,#127,#128,#136,#145,#151));
#126 = ORIENTED_EDGE('',*,*,#47,.T.);
#127 = ORIENTED_EDGE('',*,*,#112,.T.);
#128 = ORIENTED_EDGE('',*,*,#129,.T.);
#129 = EDGE_CURVE('',#105,#130,#132,.T.);
#130 = VERTEX_POINT('',#131);
#131 = CARTESIAN_POINT('',(27.,-25.5,0.));
#132 = LINE('',#133,#134);
#133 = CARTESIAN_POINT('',(-27.,-25.5,0.));
#134 = VECTOR('',#135,1.);
#135 = DIRECTION('',(1.,0.,0.));
#136 = ORIENTED_EDGE('',*,*,#137,.T.);
#137 = EDGE_CURVE('',#130,#138,#140,.T.);
#138 = VERTEX_POINT('',#139);
#139 = CARTESIAN_POINT('',(35.647889466101,-10.47864482613,0.));
#140 = CIRCLE('',#141,10.);
#141 = AXIS2_PLACEMENT_3D('',#142,#143,#144);
#142 = CARTESIAN_POINT('',(27.,-15.5,0.));
#143 = DIRECTION('',(-0.,0.,1.));
#144 = DIRECTION('',(0.,-1.,0.));
#145 = ORIENTED_EDGE('',*,*,#146,.T.);
#146 = EDGE_CURVE('',#138,#62,#147,.T.);
#147 = LINE('',#148,#149);
#148 = CARTESIAN_POINT('',(35.647889466101,-10.47864482613,0.));
#149 = VECTOR('',#150,1.);
#150 = DIRECTION('',(-0.502135517387,0.86478894661,0.));
#151 = ORIENTED_EDGE('',*,*,#79,.T.);
#152 = FACE_BOUND('',#153,.F.);
#153 = EDGE_LOOP('',(#154));
#154 = ORIENTED_EDGE('',*,*,#155,.F.);
#155 = EDGE_CURVE('',#156,#156,#158,.T.);
#156 = VERTEX_POINT('',#157);
#157 = CARTESIAN_POINT('',(-22.0875,-15.5,0.));
#158 = CIRCLE('',#159,4.9125);
#159 = AXIS2_PLACEMENT_3D('',#160,#161,#162);
#160 = CARTESIAN_POINT('',(-27.,-15.5,0.));
#161 = DIRECTION('',(0.,0.,1.));
#162 = DIRECTION('',(1.,0.,0.));
#163 = FACE_BOUND('',#164,.F.);
#164 = EDGE_LOOP('',(#165));
#165 = ORIENTED_EDGE('',*,*,#166,.F.);
#166 = EDGE_CURVE('',#167,#167,#169,.T.);
#167 = VERTEX_POINT('',#168);
#168 = CARTESIAN_POINT('',(11.15,-3.E-15,0.));
#169 = CIRCLE('',#170,11.15);
#170 = AXIS2_PLACEMENT_3D('',#171,#172,#173);
#171 = CARTESIAN_POINT('',(0.,0.,0.));
#172 = DIRECTION('',(0.,0.,1.));
#173 = DIRECTION('',(1.,0.,0.));
#174 = FACE_BOUND('',#175,.F.);
#175 = EDGE_LOOP('',(#176));
#176 = ORIENTED_EDGE('',*,*,#177,.F.);
#177 = EDGE_CURVE('',#178,#178,#180,.T.);
#178 = VERTEX_POINT('',#179);
#179 = CARTESIAN_POINT('',(31.9125,-15.5,0.));
#180 = CIRCLE('',#181,4.9125);
#181 = AXIS2_PLACEMENT_3D('',#182,#183,#184);
#182 = CARTESIAN_POINT('',(27.,-15.5,0.));
#183 = DIRECTION('',(0.,0.,1.));
#184 = DIRECTION('',(1.,0.,0.));
#185 = FACE_BOUND('',#186,.F.);
#186 = EDGE_LOOP('',(#187));
#187 = ORIENTED_EDGE('',*,*,#188,.F.);
#188 = EDGE_CURVE('',#189,#189,#191,.T.);
#189 = VERTEX_POINT('',#190);
#190 = CARTESIAN_POINT('',(4.9125,31.,0.));
#191 = CIRCLE('',#192,4.9125);
#192 = AXIS2_PLACEMENT_3D('',#193,#194,#195);
#193 = CARTESIAN_POINT('',(0.,31.,0.));
#194 = DIRECTION('',(0.,0.,1.));
#195 = DIRECTION('',(1.,0.,0.));
#196 = PLANE('',#197);
#197 = AXIS2_PLACEMENT_3D('',#198,#199,#200);
#198 = CARTESIAN_POINT('',(-1.27E-15,-2.529479129034E-02,0.));
#199 = DIRECTION('',(0.,0.,1.));
#200 = DIRECTION('',(1.,0.,0.));
#201 = ADVANCED_FACE('',(#202,#230,#241,#252,#263),#274,.T.);
#202 = FACE_BOUND('',#203,.T.);
#203 = EDGE_LOOP('',(#204,#205,#206,#214,#223,#229));
#204 = ORIENTED_EDGE('',*,*,#31,.T.);
#205 = ORIENTED_EDGE('',*,*,#95,.T.);
#206 = ORIENTED_EDGE('',*,*,#207,.T.);
#207 = EDGE_CURVE('',#96,#208,#210,.T.);
#208 = VERTEX_POINT('',#209);
#209 = CARTESIAN_POINT('',(27.,-25.5,8.));
#210 = LINE('',#211,#212);
#211 = CARTESIAN_POINT('',(-27.,-25.5,8.));
#212 = VECTOR('',#213,1.);
#213 = DIRECTION('',(1.,0.,0.));
#214 = ORIENTED_EDGE('',*,*,#215,.T.);
#215 = EDGE_CURVE('',#208,#216,#218,.T.);
#216 = VERTEX_POINT('',#217);
#217 = CARTESIAN_POINT('',(35.647889466101,-10.47864482613,8.));
#218 = CIRCLE('',#219,10.);
#219 = AXIS2_PLACEMENT_3D('',#220,#221,#222);
#220 = CARTESIAN_POINT('',(27.,-15.5,8.));
#221 = DIRECTION('',(-0.,0.,1.));
#222 = DIRECTION('',(0.,-1.,0.));
#223 = ORIENTED_EDGE('',*,*,#224,.T.);
#224 = EDGE_CURVE('',#216,#64,#225,.T.);
#225 = LINE('',#226,#227);
#226 = CARTESIAN_POINT('',(35.647889466101,-10.47864482613,8.));
#227 = VECTOR('',#228,1.);
#228 = DIRECTION('',(-0.502135517387,0.86478894661,0.));
#229 = ORIENTED_EDGE('',*,*,#71,.T.);
#230 = FACE_BOUND('',#231,.T.);
#231 = EDGE_LOOP('',(#232));
#232 = ORIENTED_EDGE('',*,*,#233,.F.);
#233 = EDGE_CURVE('',#234,#234,#236,.T.);
#234 = VERTEX_POINT('',#235);
#235 = CARTESIAN_POINT('',(-22.0875,-15.5,8.));
#236 = CIRCLE('',#237,4.9125);
#237 = AXIS2_PLACEMENT_3D('',#238,#239,#240);
#238 = CARTESIAN_POINT('',(-27.,-15.5,8.));
#239 = DIRECTION('',(0.,0.,1.));
#240 = DIRECTION('',(1.,0.,0.));
#241 = FACE_BOUND('',#242,.T.);
#242 = EDGE_LOOP('',(#243));
#243 = ORIENTED_EDGE('',*,*,#244,.F.);
#244 = EDGE_CURVE('',#245,#245,#247,.T.);
#245 = VERTEX_POINT('',#246);
#246 = CARTESIAN_POINT('',(11.15,-3.E-15,8.));
#247 = CIRCLE('',#248,11.15);
#248 = AXIS2_PLACEMENT_3D('',#249,#250,#251);
#249 = CARTESIAN_POINT('',(0.,0.,8.));
#250 = DIRECTION('',(0.,0.,1.));
#251 = DIRECTION('',(1.,0.,0.));
#252 = FACE_BOUND('',#253,.T.);
#253 = EDGE_LOOP('',(#254));
#254 = ORIENTED_EDGE('',*,*,#255,.F.);
#255 = EDGE_CURVE('',#256,#256,#258,.T.);
#256 = VERTEX_POINT('',#257);
#257 = CARTESIAN_POINT('',(31.9125,-15.5,8.));
#258 = CIRCLE('',#259,4.9125);
#259 = AXIS2_PLACEMENT_3D('',#260,#261,#262);
#260 = CARTESIAN_POINT('',(27.,-15.5,8.));
#261 = DIRECTION('',(0.,0.,1.));
#262 = DIRECTION('',(1.,0.,0.));
#263 = FACE_BOUND('',#264,.T.);
#264 = EDGE_LOOP('',(#265));
#265 = ORIENTED_EDGE('',*,*,#266,.F.);
#266 = EDGE_CURVE('',#267,#267,#269,.T.);
#267 = VERTEX_POINT('',#268);
#268 = CARTESIAN_POINT('',(4.9125,31.,8.));
#269 = CIRCLE('',#270,4.9125);
#270 = AXIS2_PLACEMENT_3D('',#271,#272,#273);
#271 = CARTESIAN_POINT('',(0.,31.,8.));
#272 = DIRECTION('',(0.,0.,1.));
#273 = DIRECTION('',(1.,0.,0.));
#274 = PLANE('',#275);
#275 = AXIS2_PLACEMENT_3D('',#276,#277,#278);
#276 = CARTESIAN_POINT('',(-1.27E-15,-2.529479129034E-02,8.));
#277 = DIRECTION('',(0.,0.,1.));
#278 = DIRECTION('',(1.,0.,0.));
#279 = ADVANCED_FACE('',(#280),#291,.F.);
#280 = FACE_BOUND('',#281,.F.);
#281 = EDGE_LOOP('',(#282,#288,#289,#290));
#282 = ORIENTED_EDGE('',*,*,#283,.T.);
#283 = EDGE_CURVE('',#138,#216,#284,.T.);
#284 = LINE('',#285,#286);
#285 = CARTESIAN_POINT('',(35.647889466101,-10.47864482613,0.));
#286 = VECTOR('',#287,1.);
#287 = DIRECTION('',(0.,0.,1.));
#288 = ORIENTED_EDGE('',*,*,#224,.T.);
#289 = ORIENTED_EDGE('',*,*,#61,.F.);
#290 = ORIENTED_EDGE('',*,*,#146,.F.);
#291 = PLANE('',#292);
#292 = AXIS2_PLACEMENT_3D('',#293,#294,#295);
#293 = CARTESIAN_POINT('',(35.647889466101,-10.47864482613,0.));
#294 = DIRECTION('',(-0.86478894661,-0.502135517387,0.));
#295 = DIRECTION('',(-0.502135517387,0.86478894661,0.));
#296 = ADVANCED_FACE('',(#297),#308,.F.);
#297 = FACE_BOUND('',#298,.F.);
#298 = EDGE_LOOP('',(#299,#300,#301,#307));
#299 = ORIENTED_EDGE('',*,*,#104,.T.);
#300 = ORIENTED_EDGE('',*,*,#207,.T.);
#301 = ORIENTED_EDGE('',*,*,#302,.F.);
#302 = EDGE_CURVE('',#130,#208,#303,.T.);
#303 = LINE('',#304,#305);
#304 = CARTESIAN_POINT('',(27.,-25.5,0.));
#305 = VECTOR('',#306,1.);
#306 = DIRECTION('',(0.,0.,1.));
#307 = ORIENTED_EDGE('',*,*,#129,.F.);
#308 = PLANE('',#309);
#309 = AXIS2_PLACEMENT_3D('',#310,#311,#312);
#310 = CARTESIAN_POINT('',(-27.,-25.5,0.));
#311 = DIRECTION('',(0.,1.,0.));
#312 = DIRECTION('',(1.,0.,0.));
#313 = ADVANCED_FACE('',(#314),#320,.T.);
#314 = FACE_BOUND('',#315,.F.);
#315 = EDGE_LOOP('',(#316,#317,#318,#319));
#316 = ORIENTED_EDGE('',*,*,#302,.T.);
#317 = ORIENTED_EDGE('',*,*,#215,.T.);
#318 = ORIENTED_EDGE('',*,*,#283,.F.);
#319 = ORIENTED_EDGE('',*,*,#137,.F.);
#320 = CYLINDRICAL_SURFACE('',#321,10.);
#321 = AXIS2_PLACEMENT_3D('',#322,#323,#324);
#322 = CARTESIAN_POINT('',(27.,-15.5,0.));
#323 = DIRECTION('',(-0.,-0.,-1.));
#324 = DIRECTION('',(0.,-1.,0.));
#325 = ADVANCED_FACE('',(#326),#337,.F.);
#326 = FACE_BOUND('',#327,.F.);
#327 = EDGE_LOOP('',(#328,#329,#335,#336));
#328 = ORIENTED_EDGE('',*,*,#233,.F.);
#329 = ORIENTED_EDGE('',*,*,#330,.F.);
#330 = EDGE_CURVE('',#156,#234,#331,.T.);
#331 = LINE('',#332,#333);
#332 = CARTESIAN_POINT('',(-22.0875,-15.5,-1.));
#333 = VECTOR('',#334,1.);
#334 = DIRECTION('',(0.,0.,1.));
#335 = ORIENTED_EDGE('',*,*,#155,.T.);
#336 = ORIENTED_EDGE('',*,*,#330,.T.);
#337 = CYLINDRICAL_SURFACE('',#338,4.9125);
#338 = AXIS2_PLACEMENT_3D('',#339,#340,#341);
#339 = CARTESIAN_POINT('',(-27.,-15.5,-1.));
#340 = DIRECTION('',(0.,0.,1.));
#341 = DIRECTION('',(1.,0.,0.));
#342 = ADVANCED_FACE('',(#343),#354,.F.);
#343 = FACE_BOUND('',#344,.F.);
#344 = EDGE_LOOP('',(#345,#346,#352,#353));
#345 = ORIENTED_EDGE('',*,*,#244,.F.);
#346 = ORIENTED_EDGE('',*,*,#347,.F.);
#347 = EDGE_CURVE('',#167,#245,#348,.T.);
#348 = LINE('',#349,#350);
#349 = CARTESIAN_POINT('',(11.15,-2.73E-15,-1.));
#350 = VECTOR('',#351,1.);
#351 = DIRECTION('',(0.,0.,1.));
#352 = ORIENTED_EDGE('',*,*,#166,.T.);
#353 = ORIENTED_EDGE('',*,*,#347,.T.);
#354 = CYLINDRICAL_SURFACE('',#355,11.15);
#355 = AXIS2_PLACEMENT_3D('',#356,#357,#358);
#356 = CARTESIAN_POINT('',(0.,0.,-1.));
#357 = DIRECTION('',(0.,0.,1.));
#358 = DIRECTION('',(1.,0.,0.));
#359 = ADVANCED_FACE('',(#360),#371,.F.);
#360 = FACE_BOUND('',#361,.F.);
#361 = EDGE_LOOP('',(#362,#363,#369,#370));
#362 = ORIENTED_EDGE('',*,*,#255,.F.);
#363 = ORIENTED_EDGE('',*,*,#364,.F.);
#364 = EDGE_CURVE('',#178,#256,#365,.T.);
#365 = LINE('',#366,#367);
#366 = CARTESIAN_POINT('',(31.9125,-15.5,-1.));
#367 = VECTOR('',#368,1.);
#368 = DIRECTION('',(0.,0.,1.));
#369 = ORIENTED_EDGE('',*,*,#177,.T.);
#370 = ORIENTED_EDGE('',*,*,#364,.T.);
#371 = CYLINDRICAL_SURFACE('',#372,4.9125);
#372 = AXIS2_PLACEMENT_3D('',#373,#374,#375);
#373 = CARTESIAN_POINT('',(27.,-15.5,-1.));
#374 = DIRECTION('',(0.,0.,1.));
#375 = DIRECTION('',(1.,0.,0.));
#376 = ADVANCED_FACE('',(#377),#388,.F.);
#377 = FACE_BOUND('',#378,.F.);
#378 = EDGE_LOOP('',(#379,#380,#386,#387));
#379 = ORIENTED_EDGE('',*,*,#266,.F.);
#380 = ORIENTED_EDGE('',*,*,#381,.F.);
#381 = EDGE_CURVE('',#189,#267,#382,.T.);
#382 = LINE('',#383,#384);
#383 = CARTESIAN_POINT('',(4.9125,31.,-1.));
#384 = VECTOR('',#385,1.);
#385 = DIRECTION('',(0.,0.,1.));
#386 = ORIENTED_EDGE('',*,*,#188,.T.);
#387 = ORIENTED_EDGE('',*,*,#381,.T.);
#388 = CYLINDRICAL_SURFACE('',#389,4.9125);
#389 = AXIS2_PLACEMENT_3D('',#390,#391,#392);
#390 = CARTESIAN_POINT('',(0.,31.,-1.));
#391 = DIRECTION('',(0.,0.,1.));
#392 = DIRECTION('',(1.,0.,0.));
#393 = MANIFOLD_SOLID_BREP('',#394);
#394 = CLOSED_SHELL('',(#395,#428,#448,#468,#493,#518));
#395 = ADVANCED_FACE('',(#396),#423,.T.);
#396 = FACE_BOUND('',#397,.T.);
#397 = EDGE_LOOP('',(#398,#407,#415,#422));
#398 = ORIENTED_EDGE('',*,*,#399,.F.);
#399 = EDGE_CURVE('',#400,#400,#402,.T.);
#400 = VERTEX_POINT('',#401);
#401 = CARTESIAN_POINT('',(11.,-3.E-15,8.));
#402 = CIRCLE('',#403,11.);
#403 = AXIS2_PLACEMENT_3D('',#404,#405,#406);
#404 = CARTESIAN_POINT('',(0.,0.,8.));
#405 = DIRECTION('',(0.,0.,1.));
#406 = DIRECTION('',(1.,0.,0.));
#407 = ORIENTED_EDGE('',*,*,#408,.F.);
#408 = EDGE_CURVE('',#409,#400,#411,.T.);
#409 = VERTEX_POINT('',#410);
#410 = CARTESIAN_POINT('',(11.,-3.E-15,-8.));
#411 = LINE('',#412,#413);
#412 = CARTESIAN_POINT('',(11.,-2.69E-15,-8.));
#413 = VECTOR('',#414,1.);
#414 = DIRECTION('',(0.,0.,1.));
#415 = ORIENTED_EDGE('',*,*,#416,.T.);
#416 = EDGE_CURVE('',#409,#409,#417,.T.);
#417 = CIRCLE('',#418,11.);
#418 = AXIS2_PLACEMENT_3D('',#419,#420,#421);
#419 = CARTESIAN_POINT('',(0.,0.,-8.));
#420 = DIRECTION('',(0.,0.,1.));
#421 = DIRECTION('',(1.,0.,0.));
#422 = ORIENTED_EDGE('',*,*,#408,.T.);
#423 = CYLINDRICAL_SURFACE('',#424,11.);
#424 = AXIS2_PLACEMENT_3D('',#425,#426,#427);
#425 = CARTESIAN_POINT('',(0.,0.,-8.));
#426 = DIRECTION('',(0.,0.,1.));
#427 = DIRECTION('',(1.,0.,0.));
#428 = ADVANCED_FACE('',(#429,#440),#443,.F.);
#429 = FACE_BOUND('',#430,.F.);
#430 = EDGE_LOOP('',(#431));
#431 = ORIENTED_EDGE('',*,*,#432,.T.);
#432 = EDGE_CURVE('',#433,#433,#435,.T.);
#433 = VERTEX_POINT('',#434);
#434 = CARTESIAN_POINT('',(14.,-3.E-15,8.));
#435 = CIRCLE('',#436,14.);
#436 = AXIS2_PLACEMENT_3D('',#437,#438,#439);
#437 = CARTESIAN_POINT('',(0.,0.,8.));
#438 = DIRECTION('',(0.,0.,1.));
#439 = DIRECTION('',(1.,0.,0.));
#440 = FACE_BOUND('',#441,.F.);
#441 = EDGE_LOOP('',(#442));
#442 = ORIENTED_EDGE('',*,*,#399,.F.);
#443 = PLANE('',#444);
#444 = AXIS2_PLACEMENT_3D('',#445,#446,#447);
#445 = CARTESIAN_POINT('',(0.,0.,8.));
#446 = DIRECTION('',(0.,0.,1.));
#447 = DIRECTION('',(1.,0.,0.));
#448 = ADVANCED_FACE('',(#449,#452),#463,.F.);
#449 = FACE_BOUND('',#450,.F.);
#450 = EDGE_LOOP('',(#451));
#451 = ORIENTED_EDGE('',*,*,#416,.T.);
#452 = FACE_BOUND('',#453,.F.);
#453 = EDGE_LOOP('',(#454));
#454 = ORIENTED_EDGE('',*,*,#455,.F.);
#455 = EDGE_CURVE('',#456,#456,#458,.T.);
#456 = VERTEX_POINT('',#457);
#457 = CARTESIAN_POINT('',(8.1,-2.E-15,-8.));
#458 = CIRCLE('',#459,8.1);
#459 = AXIS2_PLACEMENT_3D('',#460,#461,#462);
#460 = CARTESIAN_POINT('',(0.,0.,-8.));
#461 = DIRECTION('',(0.,0.,1.));
#462 = DIRECTION('',(1.,0.,0.));
#463 = PLANE('',#464);
#464 = AXIS2_PLACEMENT_3D('',#465,#466,#467);
#465 = CARTESIAN_POINT('',(0.,0.,-8.));
#466 = DIRECTION('',(0.,0.,1.));
#467 = DIRECTION('',(1.,0.,0.));
#468 = ADVANCED_FACE('',(#469),#488,.T.);
#469 = FACE_BOUND('',#470,.T.);
#470 = EDGE_LOOP('',(#471,#480,#486,#487));
#471 = ORIENTED_EDGE('',*,*,#472,.F.);
#472 = EDGE_CURVE('',#473,#473,#475,.T.);
#473 = VERTEX_POINT('',#474);
#474 = CARTESIAN_POINT('',(14.,-3.E-15,9.5));
#475 = CIRCLE('',#476,14.);
#476 = AXIS2_PLACEMENT_3D('',#477,#478,#479);
#477 = CARTESIAN_POINT('',(0.,0.,9.5));
#478 = DIRECTION('',(0.,0.,1.));
#479 = DIRECTION('',(1.,0.,0.));
#480 = ORIENTED_EDGE('',*,*,#481,.F.);
#481 = EDGE_CURVE('',#433,#473,#482,.T.);
#482 = LINE('',#483,#484);
#483 = CARTESIAN_POINT('',(14.,-3.43E-15,8.));
#484 = VECTOR('',#485,1.);
#485 = DIRECTION('',(0.,0.,1.));
#486 = ORIENTED_EDGE('',*,*,#432,.T.);
#487 = ORIENTED_EDGE('',*,*,#481,.T.);
#488 = CYLINDRICAL_SURFACE('',#489,14.);
#489 = AXIS2_PLACEMENT_3D('',#490,#491,#492);
#490 = CARTESIAN_POINT('',(0.,0.,8.));
#491 = DIRECTION('',(0.,0.,1.));
#492 = DIRECTION('',(1.,0.,0.));
#493 = ADVANCED_FACE('',(#494),#513,.F.);
#494 = FACE_BOUND('',#495,.F.);
#495 = EDGE_LOOP('',(#496,#505,#511,#512));
#496 = ORIENTED_EDGE('',*,*,#497,.F.);
#497 = EDGE_CURVE('',#498,#498,#500,.T.);
#498 = VERTEX_POINT('',#499);
#499 = CARTESIAN_POINT('',(8.1,-2.E-15,9.5));
#500 = CIRCLE('',#501,8.1);
#501 = AXIS2_PLACEMENT_3D('',#502,#503,#504);
#502 = CARTESIAN_POINT('',(0.,0.,9.5));
#503 = DIRECTION('',(0.,0.,1.));
#504 = DIRECTION('',(1.,0.,0.));
#505 = ORIENTED_EDGE('',*,*,#506,.F.);
#506 = EDGE_CURVE('',#456,#498,#507,.T.);
#507 = LINE('',#508,#509);
#508 = CARTESIAN_POINT('',(8.1,-1.98E-15,-16.));
#509 = VECTOR('',#510,1.);
#510 = DIRECTION('',(0.,0.,1.));
#511 = ORIENTED_EDGE('',*,*,#455,.T.);
#512 = ORIENTED_EDGE('',*,*,#506,.T.);
#513 = CYLINDRICAL_SURFACE('',#514,8.1);
#514 = AXIS2_PLACEMENT_3D('',#515,#516,#517);
#515 = CARTESIAN_POINT('',(0.,0.,-16.));
#516 = DIRECTION('',(0.,0.,1.));
#517 = DIRECTION('',(1.,0.,0.));
#518 = ADVANCED_FACE('',(#519,#522),#525,.T.);
#519 = FACE_BOUND('',#520,.T.);
#520 = EDGE_LOOP('',(#521));
#521 = ORIENTED_EDGE('',*,*,#472,.T.);
#522 = FACE_BOUND('',#523,.T.);
#523 = EDGE_LOOP('',(#524));
#524 = ORIENTED_EDGE('',*,*,#497,.F.);
#525 = PLANE('',#526);
#526 = AXIS2_PLACEMENT_3D('',#527,#528,#529);
#527 = CARTESIAN_POINT('',(0.,0.,9.5));
#528 = DIRECTION('',(0.,0.,1.));
#529 = DIRECTION('',(1.,0.,0.));
#530 = MANIFOLD_SOLID_BREP('',#531);
#531 = CLOSED_SHELL('',(#532,#565,#624,#633,#664,#688,#712,#736,#760,
    #777));
#532 = ADVANCED_FACE('',(#533),#560,.T.);
#533 = FACE_BOUND('',#534,.T.);
#534 = EDGE_LOOP('',(#535,#544,#552,#559));
#535 = ORIENTED_EDGE('',*,*,#536,.F.);
#536 = EDGE_CURVE('',#537,#537,#539,.T.);
#537 = VERTEX_POINT('',#538);
#538 = CARTESIAN_POINT('',(4.7625,-1.E-15,0.));
#539 = CIRCLE('',#540,4.7625);
#540 = AXIS2_PLACEMENT_3D('',#541,#542,#543);
#541 = CARTESIAN_POINT('',(0.,0.,0.));
#542 = DIRECTION('',(0.,0.,1.));
#543 = DIRECTION('',(1.,0.,0.));
#544 = ORIENTED_EDGE('',*,*,#545,.F.);
#545 = EDGE_CURVE('',#546,#537,#548,.T.);
#546 = VERTEX_POINT('',#547);
#547 = CARTESIAN_POINT('',(4.7625,-1.E-15,-19.05));
#548 = LINE('',#549,#550);
#549 = CARTESIAN_POINT('',(4.7625,-1.17E-15,-19.05));
#550 = VECTOR('',#551,1.);
#551 = DIRECTION('',(0.,0.,1.));
#552 = ORIENTED_EDGE('',*,*,#553,.T.);
#553 = EDGE_CURVE('',#546,#546,#554,.T.);
#554 = CIRCLE('',#555,4.7625);
#555 = AXIS2_PLACEMENT_3D('',#556,#557,#558);
#556 = CARTESIAN_POINT('',(0.,0.,-19.05));
#557 = DIRECTION('',(0.,0.,1.));
#558 = DIRECTION('',(1.,0.,0.));
#559 = ORIENTED_EDGE('',*,*,#545,.T.);
#560 = CYLINDRICAL_SURFACE('',#561,4.7625);
#561 = AXIS2_PLACEMENT_3D('',#562,#563,#564);
#562 = CARTESIAN_POINT('',(0.,0.,-19.05));
#563 = DIRECTION('',(0.,0.,1.));
#564 = DIRECTION('',(1.,0.,0.));
#565 = ADVANCED_FACE('',(#566,#616),#619,.F.);
#566 = FACE_BOUND('',#567,.F.);
#567 = EDGE_LOOP('',(#568,#578,#586,#594,#602,#610));
#568 = ORIENTED_EDGE('',*,*,#569,.T.);
#569 = EDGE_CURVE('',#570,#572,#574,.T.);
#570 = VERTEX_POINT('',#571);
#571 = CARTESIAN_POINT('',(8.248891971047,0.,0.));
#572 = VERTEX_POINT('',#573);
#573 = CARTESIAN_POINT('',(4.124445985523,7.14375,0.));
#574 = LINE('',#575,#576);
#575 = CARTESIAN_POINT('',(8.248891971047,0.,0.));
#576 = VECTOR('',#577,1.);
#577 = DIRECTION('',(-0.5,0.866025403784,0.));
#578 = ORIENTED_EDGE('',*,*,#579,.T.);
#579 = EDGE_CURVE('',#572,#580,#582,.T.);
#580 = VERTEX_POINT('',#581);
#581 = CARTESIAN_POINT('',(-4.124445985523,7.14375,0.));
#582 = LINE('',#583,#584);
#583 = CARTESIAN_POINT('',(4.124445985523,7.14375,0.));
#584 = VECTOR('',#585,1.);
#585 = DIRECTION('',(-1.,1.1E-16,0.));
#586 = ORIENTED_EDGE('',*,*,#587,.T.);
#587 = EDGE_CURVE('',#580,#588,#590,.T.);
#588 = VERTEX_POINT('',#589);
#589 = CARTESIAN_POINT('',(-8.248891971047,1.E-15,0.));
#590 = LINE('',#591,#592);
#591 = CARTESIAN_POINT('',(-4.124445985523,7.14375,0.));
#592 = VECTOR('',#593,1.);
#593 = DIRECTION('',(-0.5,-0.866025403784,0.));
#594 = ORIENTED_EDGE('',*,*,#595,.T.);
#595 = EDGE_CURVE('',#588,#596,#598,.T.);
#596 = VERTEX_POINT('',#597);
#597 = CARTESIAN_POINT('',(-4.124445985523,-7.14375,0.));
#598 = LINE('',#599,#600);
#599 = CARTESIAN_POINT('',(-8.248891971047,1.01E-15,0.));
#600 = VECTOR('',#601,1.);
#601 = DIRECTION('',(0.5,-0.866025403784,0.));
#602 = ORIENTED_EDGE('',*,*,#603,.T.);
#603 = EDGE_CURVE('',#596,#604,#606,.T.);
#604 = VERTEX_POINT('',#605);
#605 = CARTESIAN_POINT('',(4.124445985523,-7.14375,0.));
#606 = LINE('',#607,#608);
#607 = CARTESIAN_POINT('',(-4.124445985523,-7.14375,0.));
#608 = VECTOR('',#609,1.);
#609 = DIRECTION('',(1.,-2.2E-16,0.));
#610 = ORIENTED_EDGE('',*,*,#611,.T.);
#611 = EDGE_CURVE('',#604,#570,#612,.T.);
#612 = LINE('',#613,#614);
#613 = CARTESIAN_POINT('',(4.124445985523,-7.14375,0.));
#614 = VECTOR('',#615,1.);
#615 = DIRECTION('',(0.5,0.866025403784,0.));
#616 = FACE_BOUND('',#617,.F.);
#617 = EDGE_LOOP('',(#618));
#618 = ORIENTED_EDGE('',*,*,#536,.F.);
#619 = PLANE('',#620);
#620 = AXIS2_PLACEMENT_3D('',#621,#622,#623);
#621 = CARTESIAN_POINT('',(-1.4E-16,1.4E-16,0.));
#622 = DIRECTION('',(0.,0.,1.));
#623 = DIRECTION('',(1.,0.,0.));
#624 = ADVANCED_FACE('',(#625),#628,.F.);
#625 = FACE_BOUND('',#626,.T.);
#626 = EDGE_LOOP('',(#627));
#627 = ORIENTED_EDGE('',*,*,#553,.F.);
#628 = PLANE('',#629);
#629 = AXIS2_PLACEMENT_3D('',#630,#631,#632);
#630 = CARTESIAN_POINT('',(0.,0.,-19.05));
#631 = DIRECTION('',(0.,0.,1.));
#632 = DIRECTION('',(1.,0.,0.));
#633 = ADVANCED_FACE('',(#634),#659,.F.);
#634 = FACE_BOUND('',#635,.F.);
#635 = EDGE_LOOP('',(#636,#644,#652,#658));
#636 = ORIENTED_EDGE('',*,*,#637,.T.);
#637 = EDGE_CURVE('',#570,#638,#640,.T.);
#638 = VERTEX_POINT('',#639);
#639 = CARTESIAN_POINT('',(8.248891971047,0.,6.35));
#640 = LINE('',#641,#642);
#641 = CARTESIAN_POINT('',(8.248891971047,0.,0.));
#642 = VECTOR('',#643,1.);
#643 = DIRECTION('',(0.,0.,1.));
#644 = ORIENTED_EDGE('',*,*,#645,.T.);
#645 = EDGE_CURVE('',#638,#646,#648,.T.);
#646 = VERTEX_POINT('',#647);
#647 = CARTESIAN_POINT('',(4.124445985523,7.14375,6.35));
#648 = LINE('',#649,#650);
#649 = CARTESIAN_POINT('',(8.248891971047,0.,6.35));
#650 = VECTOR('',#651,1.);
#651 = DIRECTION('',(-0.5,0.866025403784,0.));
#652 = ORIENTED_EDGE('',*,*,#653,.F.);
#653 = EDGE_CURVE('',#572,#646,#654,.T.);
#654 = LINE('',#655,#656);
#655 = CARTESIAN_POINT('',(4.124445985523,7.14375,0.));
#656 = VECTOR('',#657,1.);
#657 = DIRECTION('',(0.,0.,1.));
#658 = ORIENTED_EDGE('',*,*,#569,.F.);
#659 = PLANE('',#660);
#660 = AXIS2_PLACEMENT_3D('',#661,#662,#663);
#661 = CARTESIAN_POINT('',(8.248891971047,0.,0.));
#662 = DIRECTION('',(-0.866025403784,-0.5,0.));
#663 = DIRECTION('',(-0.5,0.866025403784,0.));
#664 = ADVANCED_FACE('',(#665),#683,.F.);
#665 = FACE_BOUND('',#666,.F.);
#666 = EDGE_LOOP('',(#667,#675,#681,#682));
#667 = ORIENTED_EDGE('',*,*,#668,.T.);
#668 = EDGE_CURVE('',#604,#669,#671,.T.);
#669 = VERTEX_POINT('',#670);
#670 = CARTESIAN_POINT('',(4.124445985523,-7.14375,6.35));
#671 = LINE('',#672,#673);
#672 = CARTESIAN_POINT('',(4.124445985523,-7.14375,0.));
#673 = VECTOR('',#674,1.);
#674 = DIRECTION('',(0.,0.,1.));
#675 = ORIENTED_EDGE('',*,*,#676,.T.);
#676 = EDGE_CURVE('',#669,#638,#677,.T.);
#677 = LINE('',#678,#679);
#678 = CARTESIAN_POINT('',(4.124445985523,-7.14375,6.35));
#679 = VECTOR('',#680,1.);
#680 = DIRECTION('',(0.5,0.866025403784,0.));
#681 = ORIENTED_EDGE('',*,*,#637,.F.);
#682 = ORIENTED_EDGE('',*,*,#611,.F.);
#683 = PLANE('',#684);
#684 = AXIS2_PLACEMENT_3D('',#685,#686,#687);
#685 = CARTESIAN_POINT('',(4.124445985523,-7.14375,0.));
#686 = DIRECTION('',(-0.866025403784,0.5,0.));
#687 = DIRECTION('',(0.5,0.866025403784,0.));
#688 = ADVANCED_FACE('',(#689),#707,.F.);
#689 = FACE_BOUND('',#690,.F.);
#690 = EDGE_LOOP('',(#691,#692,#700,#706));
#691 = ORIENTED_EDGE('',*,*,#653,.T.);
#692 = ORIENTED_EDGE('',*,*,#693,.T.);
#693 = EDGE_CURVE('',#646,#694,#696,.T.);
#694 = VERTEX_POINT('',#695);
#695 = CARTESIAN_POINT('',(-4.124445985523,7.14375,6.35));
#696 = LINE('',#697,#698);
#697 = CARTESIAN_POINT('',(4.124445985523,7.14375,6.35));
#698 = VECTOR('',#699,1.);
#699 = DIRECTION('',(-1.,1.1E-16,0.));
#700 = ORIENTED_EDGE('',*,*,#701,.F.);
#701 = EDGE_CURVE('',#580,#694,#702,.T.);
#702 = LINE('',#703,#704);
#703 = CARTESIAN_POINT('',(-4.124445985523,7.14375,0.));
#704 = VECTOR('',#705,1.);
#705 = DIRECTION('',(0.,0.,1.));
#706 = ORIENTED_EDGE('',*,*,#579,.F.);
#707 = PLANE('',#708);
#708 = AXIS2_PLACEMENT_3D('',#709,#710,#711);
#709 = CARTESIAN_POINT('',(4.124445985523,7.14375,0.));
#710 = DIRECTION('',(-1.1E-16,-1.,0.));
#711 = DIRECTION('',(-1.,1.1E-16,0.));
#712 = ADVANCED_FACE('',(#713),#731,.F.);
#713 = FACE_BOUND('',#714,.F.);
#714 = EDGE_LOOP('',(#715,#723,#729,#730));
#715 = ORIENTED_EDGE('',*,*,#716,.T.);
#716 = EDGE_CURVE('',#596,#717,#719,.T.);
#717 = VERTEX_POINT('',#718);
#718 = CARTESIAN_POINT('',(-4.124445985523,-7.14375,6.35));
#719 = LINE('',#720,#721);
#720 = CARTESIAN_POINT('',(-4.124445985523,-7.14375,0.));
#721 = VECTOR('',#722,1.);
#722 = DIRECTION('',(0.,0.,1.));
#723 = ORIENTED_EDGE('',*,*,#724,.T.);
#724 = EDGE_CURVE('',#717,#669,#725,.T.);
#725 = LINE('',#726,#727);
#726 = CARTESIAN_POINT('',(-4.124445985523,-7.14375,6.35));
#727 = VECTOR('',#728,1.);
#728 = DIRECTION('',(1.,-2.2E-16,0.));
#729 = ORIENTED_EDGE('',*,*,#668,.F.);
#730 = ORIENTED_EDGE('',*,*,#603,.F.);
#731 = PLANE('',#732);
#732 = AXIS2_PLACEMENT_3D('',#733,#734,#735);
#733 = CARTESIAN_POINT('',(-4.124445985523,-7.14375,0.));
#734 = DIRECTION('',(2.2E-16,1.,0.));
#735 = DIRECTION('',(1.,-2.2E-16,0.));
#736 = ADVANCED_FACE('',(#737),#755,.F.);
#737 = FACE_BOUND('',#738,.F.);
#738 = EDGE_LOOP('',(#739,#740,#748,#754));
#739 = ORIENTED_EDGE('',*,*,#701,.T.);
#740 = ORIENTED_EDGE('',*,*,#741,.T.);
#741 = EDGE_CURVE('',#694,#742,#744,.T.);
#742 = VERTEX_POINT('',#743);
#743 = CARTESIAN_POINT('',(-8.248891971047,1.E-15,6.35));
#744 = LINE('',#745,#746);
#745 = CARTESIAN_POINT('',(-4.124445985523,7.14375,6.35));
#746 = VECTOR('',#747,1.);
#747 = DIRECTION('',(-0.5,-0.866025403784,0.));
#748 = ORIENTED_EDGE('',*,*,#749,.F.);
#749 = EDGE_CURVE('',#588,#742,#750,.T.);
#750 = LINE('',#751,#752);
#751 = CARTESIAN_POINT('',(-8.248891971047,1.01E-15,0.));
#752 = VECTOR('',#753,1.);
#753 = DIRECTION('',(0.,0.,1.));
#754 = ORIENTED_EDGE('',*,*,#587,.F.);
#755 = PLANE('',#756);
#756 = AXIS2_PLACEMENT_3D('',#757,#758,#759);
#757 = CARTESIAN_POINT('',(-4.124445985523,7.14375,0.));
#758 = DIRECTION('',(0.866025403784,-0.5,0.));
#759 = DIRECTION('',(-0.5,-0.866025403784,0.));
#760 = ADVANCED_FACE('',(#761),#772,.F.);
#761 = FACE_BOUND('',#762,.F.);
#762 = EDGE_LOOP('',(#763,#764,#770,#771));
#763 = ORIENTED_EDGE('',*,*,#749,.T.);
#764 = ORIENTED_EDGE('',*,*,#765,.T.);
#765 = EDGE_CURVE('',#742,#717,#766,.T.);
#766 = LINE('',#767,#768);
#767 = CARTESIAN_POINT('',(-8.248891971047,1.01E-15,6.35));
#768 = VECTOR('',#769,1.);
#769 = DIRECTION('',(0.5,-0.866025403784,0.));
#770 = ORIENTED_EDGE('',*,*,#716,.F.);
#771 = ORIENTED_EDGE('',*,*,#595,.F.);
#772 = PLANE('',#773);
#773 = AXIS2_PLACEMENT_3D('',#774,#775,#776);
#774 = CARTESIAN_POINT('',(-8.248891971047,1.01E-15,0.));
#775 = DIRECTION('',(0.866025403784,0.5,0.));
#776 = DIRECTION('',(0.5,-0.866025403784,0.));
#777 = ADVANCED_FACE('',(#778),#786,.T.);
#778 = FACE_BOUND('',#779,.T.);
#779 = EDGE_LOOP('',(#780,#781,#782,#783,#784,#785));
#780 = ORIENTED_EDGE('',*,*,#645,.T.);
#781 = ORIENTED_EDGE('',*,*,#693,.T.);
#782 = ORIENTED_EDGE('',*,*,#741,.T.);
#783 = ORIENTED_EDGE('',*,*,#765,.T.);
#784 = ORIENTED_EDGE('',*,*,#724,.T.);
#785 = ORIENTED_EDGE('',*,*,#676,.T.);
#786 = PLANE('',#787);
#787 = AXIS2_PLACEMENT_3D('',#788,#789,#790);
#788 = CARTESIAN_POINT('',(-1.4E-16,1.4E-16,6.35));
#789 = DIRECTION('',(0.,0.,1.));
#790 = DIRECTION('',(1.,0.,0.));
#791 = MANIFOLD_SOLID_BREP('',#792);
#792 = CLOSED_SHELL('',(#793,#833,#857,#881,#1132,#1163,#1194,#1236,
    #1258,#1275,#1306,#1337,#1370,#1390,#1415,#1440,#1452,#1517,#1582,
    #1631,#1680,#1712,#1728));
#793 = ADVANCED_FACE('',(#794),#828,.F.);
#794 = FACE_BOUND('',#795,.F.);
#795 = EDGE_LOOP('',(#796,#806,#814,#822));
#796 = ORIENTED_EDGE('',*,*,#797,.F.);
#797 = EDGE_CURVE('',#798,#800,#802,.T.);
#798 = VERTEX_POINT('',#799);
#799 = CARTESIAN_POINT('',(-23.,0.,57.));
#800 = VERTEX_POINT('',#801);
#801 = CARTESIAN_POINT('',(-20.65979750146,-3.764673584607,57.));
#802 = LINE('',#803,#804);
#803 = CARTESIAN_POINT('',(-23.,0.,57.));
#804 = VECTOR('',#805,1.);
#805 = DIRECTION('',(0.527934121126,-0.849285325289,0.));
#806 = ORIENTED_EDGE('',*,*,#807,.T.);
#807 = EDGE_CURVE('',#798,#808,#810,.T.);
#808 = VERTEX_POINT('',#809);
#809 = CARTESIAN_POINT('',(-23.,0.,62.));
#810 = LINE('',#811,#812);
#811 = CARTESIAN_POINT('',(-23.,0.,57.));
#812 = VECTOR('',#813,1.);
#813 = DIRECTION('',(0.,0.,1.));
#814 = ORIENTED_EDGE('',*,*,#815,.T.);
#815 = EDGE_CURVE('',#808,#816,#818,.T.);
#816 = VERTEX_POINT('',#817);
#817 = CARTESIAN_POINT('',(-20.65979750146,-3.764673584607,62.));
#818 = LINE('',#819,#820);
#819 = CARTESIAN_POINT('',(-23.,0.,62.));
#820 = VECTOR('',#821,1.);
#821 = DIRECTION('',(0.527934121126,-0.849285325289,0.));
#822 = ORIENTED_EDGE('',*,*,#823,.F.);
#823 = EDGE_CURVE('',#800,#816,#824,.T.);
#824 = LINE('',#825,#826);
#825 = CARTESIAN_POINT('',(-20.65979750146,-3.764673584607,57.));
#826 = VECTOR('',#827,1.);
#827 = DIRECTION('',(0.,0.,1.));
#828 = PLANE('',#829);
#829 = AXIS2_PLACEMENT_3D('',#830,#831,#832);
#830 = CARTESIAN_POINT('',(-23.,0.,57.));
#831 = DIRECTION('',(0.849285325289,0.527934121126,0.));
#832 = DIRECTION('',(0.527934121126,-0.849285325289,0.));
#833 = ADVANCED_FACE('',(#834),#852,.T.);
#834 = FACE_BOUND('',#835,.T.);
#835 = EDGE_LOOP('',(#836,#844,#845));
#836 = ORIENTED_EDGE('',*,*,#837,.T.);
#837 = EDGE_CURVE('',#838,#808,#840,.T.);
#838 = VERTEX_POINT('',#839);
#839 = CARTESIAN_POINT('',(-20.65979750146,3.764673584607,62.));
#840 = LINE('',#841,#842);
#841 = CARTESIAN_POINT('',(0.,37.,62.));
#842 = VECTOR('',#843,1.);
#843 = DIRECTION('',(-0.527934121126,-0.849285325289,0.));
#844 = ORIENTED_EDGE('',*,*,#815,.T.);
#845 = ORIENTED_EDGE('',*,*,#846,.F.);
#846 = EDGE_CURVE('',#838,#816,#847,.T.);
#847 = CIRCLE('',#848,21.);
#848 = AXIS2_PLACEMENT_3D('',#849,#850,#851);
#849 = CARTESIAN_POINT('',(0.,0.,62.));
#850 = DIRECTION('',(0.,0.,1.));
#851 = DIRECTION('',(1.,0.,0.));
#852 = PLANE('',#853);
#853 = AXIS2_PLACEMENT_3D('',#854,#855,#856);
#854 = CARTESIAN_POINT('',(0.,0.,62.));
#855 = DIRECTION('',(0.,0.,1.));
#856 = DIRECTION('',(1.,0.,0.));
#857 = ADVANCED_FACE('',(#858),#876,.F.);
#858 = FACE_BOUND('',#859,.F.);
#859 = EDGE_LOOP('',(#860,#868,#874,#875));
#860 = ORIENTED_EDGE('',*,*,#861,.F.);
#861 = EDGE_CURVE('',#862,#798,#864,.T.);
#862 = VERTEX_POINT('',#863);
#863 = CARTESIAN_POINT('',(-20.65979750146,3.764673584607,57.));
#864 = LINE('',#865,#866);
#865 = CARTESIAN_POINT('',(0.,37.,57.));
#866 = VECTOR('',#867,1.);
#867 = DIRECTION('',(-0.527934121126,-0.849285325289,0.));
#868 = ORIENTED_EDGE('',*,*,#869,.T.);
#869 = EDGE_CURVE('',#862,#838,#870,.T.);
#870 = LINE('',#871,#872);
#871 = CARTESIAN_POINT('',(-20.65979750146,3.764673584607,57.));
#872 = VECTOR('',#873,1.);
#873 = DIRECTION('',(0.,0.,1.));
#874 = ORIENTED_EDGE('',*,*,#837,.T.);
#875 = ORIENTED_EDGE('',*,*,#807,.F.);
#876 = PLANE('',#877);
#877 = AXIS2_PLACEMENT_3D('',#878,#879,#880);
#878 = CARTESIAN_POINT('',(0.,37.,57.));
#879 = DIRECTION('',(0.849285325289,-0.527934121126,0.));
#880 = DIRECTION('',(-0.527934121126,-0.849285325289,0.));
#881 = ADVANCED_FACE('',(#882,#1022,#1033,#1080),#1127,.T.);
#882 = FACE_BOUND('',#883,.T.);
#883 = EDGE_LOOP('',(#884,#885,#894,#902,#911,#920,#929,#937,#946,#954,
    #962,#971,#979,#988,#997,#1006,#1014,#1021));
#884 = ORIENTED_EDGE('',*,*,#861,.F.);
#885 = ORIENTED_EDGE('',*,*,#886,.F.);
#886 = EDGE_CURVE('',#887,#862,#889,.T.);
#887 = VERTEX_POINT('',#888);
#888 = CARTESIAN_POINT('',(-12.51933843109,16.860194697797,57.));
#889 = CIRCLE('',#890,21.);
#890 = AXIS2_PLACEMENT_3D('',#891,#892,#893);
#891 = CARTESIAN_POINT('',(0.,0.,57.));
#892 = DIRECTION('',(0.,0.,1.));
#893 = DIRECTION('',(1.,0.,0.));
#894 = ORIENTED_EDGE('',*,*,#895,.F.);
#895 = EDGE_CURVE('',#896,#887,#898,.T.);
#896 = VERTEX_POINT('',#897);
#897 = CARTESIAN_POINT('',(-6.277133825079,26.902002107482,57.));
#898 = LINE('',#899,#900);
#899 = CARTESIAN_POINT('',(0.,37.,57.));
#900 = VECTOR('',#901,1.);
#901 = DIRECTION('',(-0.527934121126,-0.849285325289,0.));
#902 = ORIENTED_EDGE('',*,*,#903,.F.);
#903 = EDGE_CURVE('',#904,#896,#906,.T.);
#904 = VERTEX_POINT('',#905);
#905 = CARTESIAN_POINT('',(0.,37.,57.));
#906 = CIRCLE('',#907,7.);
#907 = AXIS2_PLACEMENT_3D('',#908,#909,#910);
#908 = CARTESIAN_POINT('',(0.,30.,57.));
#909 = DIRECTION('',(0.,0.,1.));
#910 = DIRECTION('',(1.,0.,0.));
#911 = ORIENTED_EDGE('',*,*,#912,.F.);
#912 = EDGE_CURVE('',#913,#904,#915,.T.);
#913 = VERTEX_POINT('',#914);
#914 = CARTESIAN_POINT('',(7.,30.,57.));
#915 = CIRCLE('',#916,7.);
#916 = AXIS2_PLACEMENT_3D('',#917,#918,#919);
#917 = CARTESIAN_POINT('',(0.,30.,57.));
#918 = DIRECTION('',(0.,0.,1.));
#919 = DIRECTION('',(1.,0.,0.));
#920 = ORIENTED_EDGE('',*,*,#921,.F.);
#921 = EDGE_CURVE('',#922,#913,#924,.T.);
#922 = VERTEX_POINT('',#923);
#923 = CARTESIAN_POINT('',(6.277133825079,26.902002107482,57.));
#924 = CIRCLE('',#925,7.);
#925 = AXIS2_PLACEMENT_3D('',#926,#927,#928);
#926 = CARTESIAN_POINT('',(0.,30.,57.));
#927 = DIRECTION('',(0.,0.,1.));
#928 = DIRECTION('',(1.,0.,0.));
#929 = ORIENTED_EDGE('',*,*,#930,.F.);
#930 = EDGE_CURVE('',#931,#922,#933,.T.);
#931 = VERTEX_POINT('',#932);
#932 = CARTESIAN_POINT('',(12.519338431099,16.860194697797,57.));
#933 = LINE('',#934,#935);
#934 = CARTESIAN_POINT('',(23.,0.,57.));
#935 = VECTOR('',#936,1.);
#936 = DIRECTION('',(-0.527934121126,0.849285325289,0.));
#937 = ORIENTED_EDGE('',*,*,#938,.F.);
#938 = EDGE_CURVE('',#939,#931,#941,.T.);
#939 = VERTEX_POINT('',#940);
#940 = CARTESIAN_POINT('',(20.659797501461,3.764673584607,57.));
#941 = CIRCLE('',#942,21.);
#942 = AXIS2_PLACEMENT_3D('',#943,#944,#945);
#943 = CARTESIAN_POINT('',(0.,0.,57.));
#944 = DIRECTION('',(0.,0.,1.));
#945 = DIRECTION('',(1.,0.,0.));
#946 = ORIENTED_EDGE('',*,*,#947,.F.);
#947 = EDGE_CURVE('',#948,#939,#950,.T.);
#948 = VERTEX_POINT('',#949);
#949 = CARTESIAN_POINT('',(23.,0.,57.));
#950 = LINE('',#951,#952);
#951 = CARTESIAN_POINT('',(23.,0.,57.));
#952 = VECTOR('',#953,1.);
#953 = DIRECTION('',(-0.527934121126,0.849285325289,0.));
#954 = ORIENTED_EDGE('',*,*,#955,.F.);
#955 = EDGE_CURVE('',#956,#948,#958,.T.);
#956 = VERTEX_POINT('',#957);
#957 = CARTESIAN_POINT('',(20.659797501461,-3.764673584607,57.));
#958 = LINE('',#959,#960);
#959 = CARTESIAN_POINT('',(0.,-37.,57.));
#960 = VECTOR('',#961,1.);
#961 = DIRECTION('',(0.527934121126,0.849285325289,0.));
#962 = ORIENTED_EDGE('',*,*,#963,.F.);
#963 = EDGE_CURVE('',#964,#956,#966,.T.);
#964 = VERTEX_POINT('',#965);
#965 = CARTESIAN_POINT('',(12.519338431099,-16.86019469779,57.));
#966 = CIRCLE('',#967,21.);
#967 = AXIS2_PLACEMENT_3D('',#968,#969,#970);
#968 = CARTESIAN_POINT('',(0.,0.,57.));
#969 = DIRECTION('',(0.,0.,1.));
#970 = DIRECTION('',(1.,0.,0.));
#971 = ORIENTED_EDGE('',*,*,#972,.F.);
#972 = EDGE_CURVE('',#973,#964,#975,.T.);
#973 = VERTEX_POINT('',#974);
#974 = CARTESIAN_POINT('',(6.277133825079,-26.90200210748,57.));
#975 = LINE('',#976,#977);
#976 = CARTESIAN_POINT('',(0.,-37.,57.));
#977 = VECTOR('',#978,1.);
#978 = DIRECTION('',(0.527934121126,0.849285325289,0.));
#979 = ORIENTED_EDGE('',*,*,#980,.F.);
#980 = EDGE_CURVE('',#981,#973,#983,.T.);
#981 = VERTEX_POINT('',#982);
#982 = CARTESIAN_POINT('',(7.,-30.,57.));
#983 = CIRCLE('',#984,7.);
#984 = AXIS2_PLACEMENT_3D('',#985,#986,#987);
#985 = CARTESIAN_POINT('',(0.,-30.,57.));
#986 = DIRECTION('',(0.,0.,1.));
#987 = DIRECTION('',(1.,0.,0.));
#988 = ORIENTED_EDGE('',*,*,#989,.F.);
#989 = EDGE_CURVE('',#990,#981,#992,.T.);
#990 = VERTEX_POINT('',#991);
#991 = CARTESIAN_POINT('',(0.,-37.,57.));
#992 = CIRCLE('',#993,7.);
#993 = AXIS2_PLACEMENT_3D('',#994,#995,#996);
#994 = CARTESIAN_POINT('',(0.,-30.,57.));
#995 = DIRECTION('',(0.,0.,1.));
#996 = DIRECTION('',(1.,0.,0.));
#997 = ORIENTED_EDGE('',*,*,#998,.F.);
#998 = EDGE_CURVE('',#999,#990,#1001,.T.);
#999 = VERTEX_POINT('',#1000);
#1000 = CARTESIAN_POINT('',(-6.277133825079,-26.90200210748,57.));
#1001 = CIRCLE('',#1002,7.);
#1002 = AXIS2_PLACEMENT_3D('',#1003,#1004,#1005);
#1003 = CARTESIAN_POINT('',(0.,-30.,57.));
#1004 = DIRECTION('',(0.,0.,1.));
#1005 = DIRECTION('',(1.,0.,0.));
#1006 = ORIENTED_EDGE('',*,*,#1007,.F.);
#1007 = EDGE_CURVE('',#1008,#999,#1010,.T.);
#1008 = VERTEX_POINT('',#1009);
#1009 = CARTESIAN_POINT('',(-12.51933843109,-16.86019469779,57.));
#1010 = LINE('',#1011,#1012);
#1011 = CARTESIAN_POINT('',(-23.,0.,57.));
#1012 = VECTOR('',#1013,1.);
#1013 = DIRECTION('',(0.527934121126,-0.849285325289,0.));
#1014 = ORIENTED_EDGE('',*,*,#1015,.F.);
#1015 = EDGE_CURVE('',#800,#1008,#1016,.T.);
#1016 = CIRCLE('',#1017,21.);
#1017 = AXIS2_PLACEMENT_3D('',#1018,#1019,#1020);
#1018 = CARTESIAN_POINT('',(0.,0.,57.));
#1019 = DIRECTION('',(0.,0.,1.));
#1020 = DIRECTION('',(1.,0.,0.));
#1021 = ORIENTED_EDGE('',*,*,#797,.F.);
#1022 = FACE_BOUND('',#1023,.T.);
#1023 = EDGE_LOOP('',(#1024));
#1024 = ORIENTED_EDGE('',*,*,#1025,.T.);
#1025 = EDGE_CURVE('',#1026,#1026,#1028,.T.);
#1026 = VERTEX_POINT('',#1027);
#1027 = CARTESIAN_POINT('',(16.5,-4.E-15,57.));
#1028 = CIRCLE('',#1029,16.5);
#1029 = AXIS2_PLACEMENT_3D('',#1030,#1031,#1032);
#1030 = CARTESIAN_POINT('',(0.,0.,57.));
#1031 = DIRECTION('',(0.,0.,1.));
#1032 = DIRECTION('',(1.,0.,0.));
#1033 = FACE_BOUND('',#1034,.T.);
#1034 = EDGE_LOOP('',(#1035,#1046,#1055,#1064,#1073));
#1035 = ORIENTED_EDGE('',*,*,#1036,.T.);
#1036 = EDGE_CURVE('',#1037,#1039,#1041,.T.);
#1037 = VERTEX_POINT('',#1038);
#1038 = CARTESIAN_POINT('',(-4.098637166094,30.406540211066,57.));
#1039 = VERTEX_POINT('',#1040);
#1040 = CARTESIAN_POINT('',(4.11875,30.,57.));
#1041 = CIRCLE('',#1042,4.11875);
#1042 = AXIS2_PLACEMENT_3D('',#1043,#1044,#1045);
#1043 = CARTESIAN_POINT('',(0.,30.,57.));
#1044 = DIRECTION('',(0.,0.,1.));
#1045 = DIRECTION('',(1.,0.,0.));
#1046 = ORIENTED_EDGE('',*,*,#1047,.T.);
#1047 = EDGE_CURVE('',#1039,#1048,#1050,.T.);
#1048 = VERTEX_POINT('',#1049);
#1049 = CARTESIAN_POINT('',(4.098637166094,30.406540211066,57.));
#1050 = CIRCLE('',#1051,4.11875);
#1051 = AXIS2_PLACEMENT_3D('',#1052,#1053,#1054);
#1052 = CARTESIAN_POINT('',(0.,30.,57.));
#1053 = DIRECTION('',(0.,0.,1.));
#1054 = DIRECTION('',(1.,0.,0.));
#1055 = ORIENTED_EDGE('',*,*,#1056,.T.);
#1056 = EDGE_CURVE('',#1048,#1057,#1059,.T.);
#1057 = VERTEX_POINT('',#1058);
#1058 = CARTESIAN_POINT('',(2.178496658985,33.495461896415,57.));
#1059 = CIRCLE('',#1060,4.11875);
#1060 = AXIS2_PLACEMENT_3D('',#1061,#1062,#1063);
#1061 = CARTESIAN_POINT('',(0.,30.,57.));
#1062 = DIRECTION('',(0.,0.,1.));
#1063 = DIRECTION('',(1.,0.,0.));
#1064 = ORIENTED_EDGE('',*,*,#1065,.T.);
#1065 = EDGE_CURVE('',#1057,#1066,#1068,.T.);
#1066 = VERTEX_POINT('',#1067);
#1067 = CARTESIAN_POINT('',(-2.178496658985,33.495461896415,57.));
#1068 = CIRCLE('',#1069,4.11875);
#1069 = AXIS2_PLACEMENT_3D('',#1070,#1071,#1072);
#1070 = CARTESIAN_POINT('',(0.,30.,57.));
#1071 = DIRECTION('',(0.,0.,1.));
#1072 = DIRECTION('',(1.,0.,0.));
#1073 = ORIENTED_EDGE('',*,*,#1074,.T.);
#1074 = EDGE_CURVE('',#1066,#1037,#1075,.T.);
#1075 = CIRCLE('',#1076,4.11875);
#1076 = AXIS2_PLACEMENT_3D('',#1077,#1078,#1079);
#1077 = CARTESIAN_POINT('',(0.,30.,57.));
#1078 = DIRECTION('',(0.,0.,1.));
#1079 = DIRECTION('',(1.,0.,0.));
#1080 = FACE_BOUND('',#1081,.T.);
#1081 = EDGE_LOOP('',(#1082,#1093,#1102,#1111,#1120));
#1082 = ORIENTED_EDGE('',*,*,#1083,.T.);
#1083 = EDGE_CURVE('',#1084,#1086,#1088,.T.);
#1084 = VERTEX_POINT('',#1085);
#1085 = CARTESIAN_POINT('',(4.098637166094,-30.40654021106,57.));
#1086 = VERTEX_POINT('',#1087);
#1087 = CARTESIAN_POINT('',(4.11875,-30.,57.));
#1088 = CIRCLE('',#1089,4.11875);
#1089 = AXIS2_PLACEMENT_3D('',#1090,#1091,#1092);
#1090 = CARTESIAN_POINT('',(0.,-30.,57.));
#1091 = DIRECTION('',(0.,0.,1.));
#1092 = DIRECTION('',(1.,0.,0.));
#1093 = ORIENTED_EDGE('',*,*,#1094,.T.);
#1094 = EDGE_CURVE('',#1086,#1095,#1097,.T.);
#1095 = VERTEX_POINT('',#1096);
#1096 = CARTESIAN_POINT('',(-4.098637166094,-30.40654021106,57.));
#1097 = CIRCLE('',#1098,4.11875);
#1098 = AXIS2_PLACEMENT_3D('',#1099,#1100,#1101);
#1099 = CARTESIAN_POINT('',(0.,-30.,57.));
#1100 = DIRECTION('',(0.,0.,1.));
#1101 = DIRECTION('',(1.,0.,0.));
#1102 = ORIENTED_EDGE('',*,*,#1103,.T.);
#1103 = EDGE_CURVE('',#1095,#1104,#1106,.T.);
#1104 = VERTEX_POINT('',#1105);
#1105 = CARTESIAN_POINT('',(-2.178496658985,-33.49546189641,57.));
#1106 = CIRCLE('',#1107,4.11875);
#1107 = AXIS2_PLACEMENT_3D('',#1108,#1109,#1110);
#1108 = CARTESIAN_POINT('',(0.,-30.,57.));
#1109 = DIRECTION('',(0.,0.,1.));
#1110 = DIRECTION('',(1.,0.,0.));
#1111 = ORIENTED_EDGE('',*,*,#1112,.T.);
#1112 = EDGE_CURVE('',#1104,#1113,#1115,.T.);
#1113 = VERTEX_POINT('',#1114);
#1114 = CARTESIAN_POINT('',(2.178496658985,-33.49546189641,57.));
#1115 = CIRCLE('',#1116,4.11875);
#1116 = AXIS2_PLACEMENT_3D('',#1117,#1118,#1119);
#1117 = CARTESIAN_POINT('',(0.,-30.,57.));
#1118 = DIRECTION('',(0.,0.,1.));
#1119 = DIRECTION('',(1.,0.,0.));
#1120 = ORIENTED_EDGE('',*,*,#1121,.T.);
#1121 = EDGE_CURVE('',#1113,#1084,#1122,.T.);
#1122 = CIRCLE('',#1123,4.11875);
#1123 = AXIS2_PLACEMENT_3D('',#1124,#1125,#1126);
#1124 = CARTESIAN_POINT('',(0.,-30.,57.));
#1125 = DIRECTION('',(0.,0.,1.));
#1126 = DIRECTION('',(1.,0.,0.));
#1127 = PLANE('',#1128);
#1128 = AXIS2_PLACEMENT_3D('',#1129,#1130,#1131);
#1129 = CARTESIAN_POINT('',(2.468420829625E-02,1.29E-15,57.));
#1130 = DIRECTION('',(-0.,-0.,-1.));
#1131 = DIRECTION('',(-1.,0.,0.));
#1132 = ADVANCED_FACE('',(#1133),#1158,.F.);
#1133 = FACE_BOUND('',#1134,.F.);
#1134 = EDGE_LOOP('',(#1135,#1136,#1144,#1152));
#1135 = ORIENTED_EDGE('',*,*,#895,.F.);
#1136 = ORIENTED_EDGE('',*,*,#1137,.T.);
#1137 = EDGE_CURVE('',#896,#1138,#1140,.T.);
#1138 = VERTEX_POINT('',#1139);
#1139 = CARTESIAN_POINT('',(-6.277133825079,26.902002107482,62.));
#1140 = LINE('',#1141,#1142);
#1141 = CARTESIAN_POINT('',(-6.277133825079,26.902002107482,57.));
#1142 = VECTOR('',#1143,1.);
#1143 = DIRECTION('',(0.,0.,1.));
#1144 = ORIENTED_EDGE('',*,*,#1145,.T.);
#1145 = EDGE_CURVE('',#1138,#1146,#1148,.T.);
#1146 = VERTEX_POINT('',#1147);
#1147 = CARTESIAN_POINT('',(-12.51933843109,16.860194697797,62.));
#1148 = LINE('',#1149,#1150);
#1149 = CARTESIAN_POINT('',(0.,37.,62.));
#1150 = VECTOR('',#1151,1.);
#1151 = DIRECTION('',(-0.527934121126,-0.849285325289,0.));
#1152 = ORIENTED_EDGE('',*,*,#1153,.F.);
#1153 = EDGE_CURVE('',#887,#1146,#1154,.T.);
#1154 = LINE('',#1155,#1156);
#1155 = CARTESIAN_POINT('',(-12.5193384311,16.860194697796,57.));
#1156 = VECTOR('',#1157,1.);
#1157 = DIRECTION('',(0.,0.,1.));
#1158 = PLANE('',#1159);
#1159 = AXIS2_PLACEMENT_3D('',#1160,#1161,#1162);
#1160 = CARTESIAN_POINT('',(0.,37.,57.));
#1161 = DIRECTION('',(0.849285325289,-0.527934121126,0.));
#1162 = DIRECTION('',(-0.527934121126,-0.849285325289,0.));
#1163 = ADVANCED_FACE('',(#1164),#1189,.F.);
#1164 = FACE_BOUND('',#1165,.F.);
#1165 = EDGE_LOOP('',(#1166,#1167,#1175,#1183));
#1166 = ORIENTED_EDGE('',*,*,#930,.F.);
#1167 = ORIENTED_EDGE('',*,*,#1168,.T.);
#1168 = EDGE_CURVE('',#931,#1169,#1171,.T.);
#1169 = VERTEX_POINT('',#1170);
#1170 = CARTESIAN_POINT('',(12.519338431099,16.860194697797,62.));
#1171 = LINE('',#1172,#1173);
#1172 = CARTESIAN_POINT('',(12.5193384311,16.860194697796,57.));
#1173 = VECTOR('',#1174,1.);
#1174 = DIRECTION('',(0.,0.,1.));
#1175 = ORIENTED_EDGE('',*,*,#1176,.T.);
#1176 = EDGE_CURVE('',#1169,#1177,#1179,.T.);
#1177 = VERTEX_POINT('',#1178);
#1178 = CARTESIAN_POINT('',(6.277133825079,26.902002107482,62.));
#1179 = LINE('',#1180,#1181);
#1180 = CARTESIAN_POINT('',(23.,0.,62.));
#1181 = VECTOR('',#1182,1.);
#1182 = DIRECTION('',(-0.527934121126,0.849285325289,0.));
#1183 = ORIENTED_EDGE('',*,*,#1184,.F.);
#1184 = EDGE_CURVE('',#922,#1177,#1185,.T.);
#1185 = LINE('',#1186,#1187);
#1186 = CARTESIAN_POINT('',(6.277133825079,26.902002107482,57.));
#1187 = VECTOR('',#1188,1.);
#1188 = DIRECTION('',(0.,0.,1.));
#1189 = PLANE('',#1190);
#1190 = AXIS2_PLACEMENT_3D('',#1191,#1192,#1193);
#1191 = CARTESIAN_POINT('',(23.,0.,57.));
#1192 = DIRECTION('',(-0.849285325289,-0.527934121126,0.));
#1193 = DIRECTION('',(-0.527934121126,0.849285325289,0.));
#1194 = ADVANCED_FACE('',(#1195),#1231,.T.);
#1195 = FACE_BOUND('',#1196,.T.);
#1196 = EDGE_LOOP('',(#1197,#1208,#1216,#1224));
#1197 = ORIENTED_EDGE('',*,*,#1198,.F.);
#1198 = EDGE_CURVE('',#1199,#1201,#1203,.T.);
#1199 = VERTEX_POINT('',#1200);
#1200 = CARTESIAN_POINT('',(20.659797501461,-3.764673584607,62.));
#1201 = VERTEX_POINT('',#1202);
#1202 = CARTESIAN_POINT('',(21.,-5.E-15,62.));
#1203 = CIRCLE('',#1204,21.);
#1204 = AXIS2_PLACEMENT_3D('',#1205,#1206,#1207);
#1205 = CARTESIAN_POINT('',(0.,0.,62.));
#1206 = DIRECTION('',(0.,0.,1.));
#1207 = DIRECTION('',(1.,0.,0.));
#1208 = ORIENTED_EDGE('',*,*,#1209,.T.);
#1209 = EDGE_CURVE('',#1199,#1210,#1212,.T.);
#1210 = VERTEX_POINT('',#1211);
#1211 = CARTESIAN_POINT('',(23.,0.,62.));
#1212 = LINE('',#1213,#1214);
#1213 = CARTESIAN_POINT('',(0.,-37.,62.));
#1214 = VECTOR('',#1215,1.);
#1215 = DIRECTION('',(0.527934121126,0.849285325289,0.));
#1216 = ORIENTED_EDGE('',*,*,#1217,.T.);
#1217 = EDGE_CURVE('',#1210,#1218,#1220,.T.);
#1218 = VERTEX_POINT('',#1219);
#1219 = CARTESIAN_POINT('',(20.659797501461,3.764673584607,62.));
#1220 = LINE('',#1221,#1222);
#1221 = CARTESIAN_POINT('',(23.,0.,62.));
#1222 = VECTOR('',#1223,1.);
#1223 = DIRECTION('',(-0.527934121126,0.849285325289,0.));
#1224 = ORIENTED_EDGE('',*,*,#1225,.F.);
#1225 = EDGE_CURVE('',#1201,#1218,#1226,.T.);
#1226 = CIRCLE('',#1227,21.);
#1227 = AXIS2_PLACEMENT_3D('',#1228,#1229,#1230);
#1228 = CARTESIAN_POINT('',(0.,0.,62.));
#1229 = DIRECTION('',(0.,0.,1.));
#1230 = DIRECTION('',(1.,0.,0.));
#1231 = PLANE('',#1232);
#1232 = AXIS2_PLACEMENT_3D('',#1233,#1234,#1235);
#1233 = CARTESIAN_POINT('',(0.,0.,62.));
#1234 = DIRECTION('',(0.,0.,1.));
#1235 = DIRECTION('',(1.,0.,0.));
#1236 = ADVANCED_FACE('',(#1237),#1253,.F.);
#1237 = FACE_BOUND('',#1238,.F.);
#1238 = EDGE_LOOP('',(#1239,#1240,#1246,#1247));
#1239 = ORIENTED_EDGE('',*,*,#947,.F.);
#1240 = ORIENTED_EDGE('',*,*,#1241,.T.);
#1241 = EDGE_CURVE('',#948,#1210,#1242,.T.);
#1242 = LINE('',#1243,#1244);
#1243 = CARTESIAN_POINT('',(23.,0.,57.));
#1244 = VECTOR('',#1245,1.);
#1245 = DIRECTION('',(0.,0.,1.));
#1246 = ORIENTED_EDGE('',*,*,#1217,.T.);
#1247 = ORIENTED_EDGE('',*,*,#1248,.F.);
#1248 = EDGE_CURVE('',#939,#1218,#1249,.T.);
#1249 = LINE('',#1250,#1251);
#1250 = CARTESIAN_POINT('',(20.659797501461,3.764673584607,57.));
#1251 = VECTOR('',#1252,1.);
#1252 = DIRECTION('',(0.,0.,1.));
#1253 = PLANE('',#1254);
#1254 = AXIS2_PLACEMENT_3D('',#1255,#1256,#1257);
#1255 = CARTESIAN_POINT('',(23.,0.,57.));
#1256 = DIRECTION('',(-0.849285325289,-0.527934121126,0.));
#1257 = DIRECTION('',(-0.527934121126,0.849285325289,0.));
#1258 = ADVANCED_FACE('',(#1259),#1270,.F.);
#1259 = FACE_BOUND('',#1260,.F.);
#1260 = EDGE_LOOP('',(#1261,#1262,#1268,#1269));
#1261 = ORIENTED_EDGE('',*,*,#955,.F.);
#1262 = ORIENTED_EDGE('',*,*,#1263,.T.);
#1263 = EDGE_CURVE('',#956,#1199,#1264,.T.);
#1264 = LINE('',#1265,#1266);
#1265 = CARTESIAN_POINT('',(20.659797501461,-3.764673584607,57.));
#1266 = VECTOR('',#1267,1.);
#1267 = DIRECTION('',(0.,0.,1.));
#1268 = ORIENTED_EDGE('',*,*,#1209,.T.);
#1269 = ORIENTED_EDGE('',*,*,#1241,.F.);
#1270 = PLANE('',#1271);
#1271 = AXIS2_PLACEMENT_3D('',#1272,#1273,#1274);
#1272 = CARTESIAN_POINT('',(0.,-37.,57.));
#1273 = DIRECTION('',(-0.849285325289,0.527934121126,0.));
#1274 = DIRECTION('',(0.527934121126,0.849285325289,0.));
#1275 = ADVANCED_FACE('',(#1276),#1301,.F.);
#1276 = FACE_BOUND('',#1277,.F.);
#1277 = EDGE_LOOP('',(#1278,#1279,#1287,#1295));
#1278 = ORIENTED_EDGE('',*,*,#972,.F.);
#1279 = ORIENTED_EDGE('',*,*,#1280,.T.);
#1280 = EDGE_CURVE('',#973,#1281,#1283,.T.);
#1281 = VERTEX_POINT('',#1282);
#1282 = CARTESIAN_POINT('',(6.277133825079,-26.90200210748,62.));
#1283 = LINE('',#1284,#1285);
#1284 = CARTESIAN_POINT('',(6.277133825079,-26.90200210748,57.));
#1285 = VECTOR('',#1286,1.);
#1286 = DIRECTION('',(0.,0.,1.));
#1287 = ORIENTED_EDGE('',*,*,#1288,.T.);
#1288 = EDGE_CURVE('',#1281,#1289,#1291,.T.);
#1289 = VERTEX_POINT('',#1290);
#1290 = CARTESIAN_POINT('',(12.519338431099,-16.86019469779,62.));
#1291 = LINE('',#1292,#1293);
#1292 = CARTESIAN_POINT('',(0.,-37.,62.));
#1293 = VECTOR('',#1294,1.);
#1294 = DIRECTION('',(0.527934121126,0.849285325289,0.));
#1295 = ORIENTED_EDGE('',*,*,#1296,.F.);
#1296 = EDGE_CURVE('',#964,#1289,#1297,.T.);
#1297 = LINE('',#1298,#1299);
#1298 = CARTESIAN_POINT('',(12.5193384311,-16.86019469779,57.));
#1299 = VECTOR('',#1300,1.);
#1300 = DIRECTION('',(0.,0.,1.));
#1301 = PLANE('',#1302);
#1302 = AXIS2_PLACEMENT_3D('',#1303,#1304,#1305);
#1303 = CARTESIAN_POINT('',(0.,-37.,57.));
#1304 = DIRECTION('',(-0.849285325289,0.527934121126,0.));
#1305 = DIRECTION('',(0.527934121126,0.849285325289,0.));
#1306 = ADVANCED_FACE('',(#1307),#1332,.F.);
#1307 = FACE_BOUND('',#1308,.F.);
#1308 = EDGE_LOOP('',(#1309,#1310,#1318,#1326));
#1309 = ORIENTED_EDGE('',*,*,#1007,.F.);
#1310 = ORIENTED_EDGE('',*,*,#1311,.T.);
#1311 = EDGE_CURVE('',#1008,#1312,#1314,.T.);
#1312 = VERTEX_POINT('',#1313);
#1313 = CARTESIAN_POINT('',(-12.51933843109,-16.86019469779,62.));
#1314 = LINE('',#1315,#1316);
#1315 = CARTESIAN_POINT('',(-12.5193384311,-16.86019469779,57.));
#1316 = VECTOR('',#1317,1.);
#1317 = DIRECTION('',(0.,0.,1.));
#1318 = ORIENTED_EDGE('',*,*,#1319,.T.);
#1319 = EDGE_CURVE('',#1312,#1320,#1322,.T.);
#1320 = VERTEX_POINT('',#1321);
#1321 = CARTESIAN_POINT('',(-6.277133825079,-26.90200210748,62.));
#1322 = LINE('',#1323,#1324);
#1323 = CARTESIAN_POINT('',(-23.,0.,62.));
#1324 = VECTOR('',#1325,1.);
#1325 = DIRECTION('',(0.527934121126,-0.849285325289,0.));
#1326 = ORIENTED_EDGE('',*,*,#1327,.F.);
#1327 = EDGE_CURVE('',#999,#1320,#1328,.T.);
#1328 = LINE('',#1329,#1330);
#1329 = CARTESIAN_POINT('',(-6.277133825079,-26.90200210748,57.));
#1330 = VECTOR('',#1331,1.);
#1331 = DIRECTION('',(0.,0.,1.));
#1332 = PLANE('',#1333);
#1333 = AXIS2_PLACEMENT_3D('',#1334,#1335,#1336);
#1334 = CARTESIAN_POINT('',(-23.,0.,57.));
#1335 = DIRECTION('',(0.849285325289,0.527934121126,0.));
#1336 = DIRECTION('',(0.527934121126,-0.849285325289,0.));
#1337 = ADVANCED_FACE('',(#1338),#1365,.T.);
#1338 = FACE_BOUND('',#1339,.T.);
#1339 = EDGE_LOOP('',(#1340,#1349,#1357,#1364));
#1340 = ORIENTED_EDGE('',*,*,#1341,.F.);
#1341 = EDGE_CURVE('',#1342,#1342,#1344,.T.);
#1342 = VERTEX_POINT('',#1343);
#1343 = CARTESIAN_POINT('',(12.,-3.E-15,93.));
#1344 = CIRCLE('',#1345,12.);
#1345 = AXIS2_PLACEMENT_3D('',#1346,#1347,#1348);
#1346 = CARTESIAN_POINT('',(0.,0.,93.));
#1347 = DIRECTION('',(0.,0.,1.));
#1348 = DIRECTION('',(1.,0.,0.));
#1349 = ORIENTED_EDGE('',*,*,#1350,.F.);
#1350 = EDGE_CURVE('',#1351,#1342,#1353,.T.);
#1351 = VERTEX_POINT('',#1352);
#1352 = CARTESIAN_POINT('',(21.,-5.E-15,87.));
#1353 = LINE('',#1354,#1355);
#1354 = CARTESIAN_POINT('',(21.,-5.14E-15,87.));
#1355 = VECTOR('',#1356,1.);
#1356 = DIRECTION('',(-0.832050294338,2.E-16,0.554700196225));
#1357 = ORIENTED_EDGE('',*,*,#1358,.T.);
#1358 = EDGE_CURVE('',#1351,#1351,#1359,.T.);
#1359 = CIRCLE('',#1360,21.);
#1360 = AXIS2_PLACEMENT_3D('',#1361,#1362,#1363);
#1361 = CARTESIAN_POINT('',(0.,0.,87.));
#1362 = DIRECTION('',(0.,0.,1.));
#1363 = DIRECTION('',(1.,0.,0.));
#1364 = ORIENTED_EDGE('',*,*,#1350,.T.);
#1365 = CONICAL_SURFACE('',#1366,21.,0.982793723247);
#1366 = AXIS2_PLACEMENT_3D('',#1367,#1368,#1369);
#1367 = CARTESIAN_POINT('',(0.,0.,87.));
#1368 = DIRECTION('',(-0.,-0.,-1.));
#1369 = DIRECTION('',(1.,0.,0.));
#1370 = ADVANCED_FACE('',(#1371,#1374),#1385,.T.);
#1371 = FACE_BOUND('',#1372,.T.);
#1372 = EDGE_LOOP('',(#1373));
#1373 = ORIENTED_EDGE('',*,*,#1341,.T.);
#1374 = FACE_BOUND('',#1375,.T.);
#1375 = EDGE_LOOP('',(#1376));
#1376 = ORIENTED_EDGE('',*,*,#1377,.F.);
#1377 = EDGE_CURVE('',#1378,#1378,#1380,.T.);
#1378 = VERTEX_POINT('',#1379);
#1379 = CARTESIAN_POINT('',(6.5,-2.E-15,93.));
#1380 = CIRCLE('',#1381,6.5);
#1381 = AXIS2_PLACEMENT_3D('',#1382,#1383,#1384);
#1382 = CARTESIAN_POINT('',(0.,0.,93.));
#1383 = DIRECTION('',(0.,0.,1.));
#1384 = DIRECTION('',(1.,0.,0.));
#1385 = PLANE('',#1386);
#1386 = AXIS2_PLACEMENT_3D('',#1387,#1388,#1389);
#1387 = CARTESIAN_POINT('',(0.,0.,93.));
#1388 = DIRECTION('',(0.,0.,1.));
#1389 = DIRECTION('',(1.,0.,0.));
#1390 = ADVANCED_FACE('',(#1391),#1410,.F.);
#1391 = FACE_BOUND('',#1392,.F.);
#1392 = EDGE_LOOP('',(#1393,#1394,#1402,#1409));
#1393 = ORIENTED_EDGE('',*,*,#1377,.F.);
#1394 = ORIENTED_EDGE('',*,*,#1395,.F.);
#1395 = EDGE_CURVE('',#1396,#1378,#1398,.T.);
#1396 = VERTEX_POINT('',#1397);
#1397 = CARTESIAN_POINT('',(6.5,-2.E-15,87.));
#1398 = LINE('',#1399,#1400);
#1399 = CARTESIAN_POINT('',(6.5,-1.59E-15,86.));
#1400 = VECTOR('',#1401,1.);
#1401 = DIRECTION('',(0.,0.,1.));
#1402 = ORIENTED_EDGE('',*,*,#1403,.T.);
#1403 = EDGE_CURVE('',#1396,#1396,#1404,.T.);
#1404 = CIRCLE('',#1405,6.5);
#1405 = AXIS2_PLACEMENT_3D('',#1406,#1407,#1408);
#1406 = CARTESIAN_POINT('',(0.,0.,87.));
#1407 = DIRECTION('',(0.,0.,1.));
#1408 = DIRECTION('',(1.,0.,0.));
#1409 = ORIENTED_EDGE('',*,*,#1395,.T.);
#1410 = CYLINDRICAL_SURFACE('',#1411,6.5);
#1411 = AXIS2_PLACEMENT_3D('',#1412,#1413,#1414);
#1412 = CARTESIAN_POINT('',(0.,0.,86.));
#1413 = DIRECTION('',(0.,0.,1.));
#1414 = DIRECTION('',(1.,0.,0.));
#1415 = ADVANCED_FACE('',(#1416),#1435,.F.);
#1416 = FACE_BOUND('',#1417,.F.);
#1417 = EDGE_LOOP('',(#1418,#1426,#1433,#1434));
#1418 = ORIENTED_EDGE('',*,*,#1419,.T.);
#1419 = EDGE_CURVE('',#1026,#1420,#1422,.T.);
#1420 = VERTEX_POINT('',#1421);
#1421 = CARTESIAN_POINT('',(16.5,-4.E-15,87.));
#1422 = LINE('',#1423,#1424);
#1423 = CARTESIAN_POINT('',(16.5,-4.04E-15,56.));
#1424 = VECTOR('',#1425,1.);
#1425 = DIRECTION('',(0.,0.,1.));
#1426 = ORIENTED_EDGE('',*,*,#1427,.F.);
#1427 = EDGE_CURVE('',#1420,#1420,#1428,.T.);
#1428 = CIRCLE('',#1429,16.5);
#1429 = AXIS2_PLACEMENT_3D('',#1430,#1431,#1432);
#1430 = CARTESIAN_POINT('',(0.,0.,87.));
#1431 = DIRECTION('',(0.,0.,1.));
#1432 = DIRECTION('',(1.,0.,0.));
#1433 = ORIENTED_EDGE('',*,*,#1419,.F.);
#1434 = ORIENTED_EDGE('',*,*,#1025,.T.);
#1435 = CYLINDRICAL_SURFACE('',#1436,16.5);
#1436 = AXIS2_PLACEMENT_3D('',#1437,#1438,#1439);
#1437 = CARTESIAN_POINT('',(0.,0.,56.));
#1438 = DIRECTION('',(0.,0.,1.));
#1439 = DIRECTION('',(1.,0.,0.));
#1440 = ADVANCED_FACE('',(#1441,#1444),#1447,.F.);
#1441 = FACE_BOUND('',#1442,.F.);
#1442 = EDGE_LOOP('',(#1443));
#1443 = ORIENTED_EDGE('',*,*,#1427,.T.);
#1444 = FACE_BOUND('',#1445,.F.);
#1445 = EDGE_LOOP('',(#1446));
#1446 = ORIENTED_EDGE('',*,*,#1403,.F.);
#1447 = PLANE('',#1448);
#1448 = AXIS2_PLACEMENT_3D('',#1449,#1450,#1451);
#1449 = CARTESIAN_POINT('',(0.,0.,87.));
#1450 = DIRECTION('',(0.,0.,1.));
#1451 = DIRECTION('',(1.,0.,0.));
#1452 = ADVANCED_FACE('',(#1453),#1512,.F.);
#1453 = FACE_BOUND('',#1454,.F.);
#1454 = EDGE_LOOP('',(#1455,#1466,#1472,#1473,#1474,#1475,#1476,#1477,
    #1478,#1487,#1496,#1505));
#1455 = ORIENTED_EDGE('',*,*,#1456,.F.);
#1456 = EDGE_CURVE('',#1457,#1459,#1461,.T.);
#1457 = VERTEX_POINT('',#1458);
#1458 = CARTESIAN_POINT('',(4.11875,30.,62.));
#1459 = VERTEX_POINT('',#1460);
#1460 = CARTESIAN_POINT('',(4.098637166094,30.406540211066,62.));
#1461 = CIRCLE('',#1462,4.11875);
#1462 = AXIS2_PLACEMENT_3D('',#1463,#1464,#1465);
#1463 = CARTESIAN_POINT('',(0.,30.,62.));
#1464 = DIRECTION('',(0.,0.,1.));
#1465 = DIRECTION('',(1.,0.,0.));
#1466 = ORIENTED_EDGE('',*,*,#1467,.F.);
#1467 = EDGE_CURVE('',#1039,#1457,#1468,.T.);
#1468 = LINE('',#1469,#1470);
#1469 = CARTESIAN_POINT('',(4.11875,30.,56.));
#1470 = VECTOR('',#1471,1.);
#1471 = DIRECTION('',(0.,0.,1.));
#1472 = ORIENTED_EDGE('',*,*,#1047,.T.);
#1473 = ORIENTED_EDGE('',*,*,#1056,.T.);
#1474 = ORIENTED_EDGE('',*,*,#1065,.T.);
#1475 = ORIENTED_EDGE('',*,*,#1074,.T.);
#1476 = ORIENTED_EDGE('',*,*,#1036,.T.);
#1477 = ORIENTED_EDGE('',*,*,#1467,.T.);
#1478 = ORIENTED_EDGE('',*,*,#1479,.F.);
#1479 = EDGE_CURVE('',#1480,#1457,#1482,.T.);
#1480 = VERTEX_POINT('',#1481);
#1481 = CARTESIAN_POINT('',(-4.098637166094,30.406540211066,62.));
#1482 = CIRCLE('',#1483,4.11875);
#1483 = AXIS2_PLACEMENT_3D('',#1484,#1485,#1486);
#1484 = CARTESIAN_POINT('',(0.,30.,62.));
#1485 = DIRECTION('',(0.,0.,1.));
#1486 = DIRECTION('',(1.,0.,0.));
#1487 = ORIENTED_EDGE('',*,*,#1488,.F.);
#1488 = EDGE_CURVE('',#1489,#1480,#1491,.T.);
#1489 = VERTEX_POINT('',#1490);
#1490 = CARTESIAN_POINT('',(-2.178496658985,33.495461896415,62.));
#1491 = CIRCLE('',#1492,4.11875);
#1492 = AXIS2_PLACEMENT_3D('',#1493,#1494,#1495);
#1493 = CARTESIAN_POINT('',(0.,30.,62.));
#1494 = DIRECTION('',(0.,0.,1.));
#1495 = DIRECTION('',(1.,0.,0.));
#1496 = ORIENTED_EDGE('',*,*,#1497,.F.);
#1497 = EDGE_CURVE('',#1498,#1489,#1500,.T.);
#1498 = VERTEX_POINT('',#1499);
#1499 = CARTESIAN_POINT('',(2.178496658985,33.495461896415,62.));
#1500 = CIRCLE('',#1501,4.11875);
#1501 = AXIS2_PLACEMENT_3D('',#1502,#1503,#1504);
#1502 = CARTESIAN_POINT('',(0.,30.,62.));
#1503 = DIRECTION('',(0.,0.,1.));
#1504 = DIRECTION('',(1.,0.,0.));
#1505 = ORIENTED_EDGE('',*,*,#1506,.F.);
#1506 = EDGE_CURVE('',#1459,#1498,#1507,.T.);
#1507 = CIRCLE('',#1508,4.11875);
#1508 = AXIS2_PLACEMENT_3D('',#1509,#1510,#1511);
#1509 = CARTESIAN_POINT('',(0.,30.,62.));
#1510 = DIRECTION('',(0.,0.,1.));
#1511 = DIRECTION('',(1.,0.,0.));
#1512 = CYLINDRICAL_SURFACE('',#1513,4.11875);
#1513 = AXIS2_PLACEMENT_3D('',#1514,#1515,#1516);
#1514 = CARTESIAN_POINT('',(0.,30.,56.));
#1515 = DIRECTION('',(0.,0.,1.));
#1516 = DIRECTION('',(1.,0.,0.));
#1517 = ADVANCED_FACE('',(#1518),#1577,.F.);
#1518 = FACE_BOUND('',#1519,.F.);
#1519 = EDGE_LOOP('',(#1520,#1531,#1537,#1538,#1539,#1540,#1541,#1542,
    #1543,#1552,#1561,#1570));
#1520 = ORIENTED_EDGE('',*,*,#1521,.F.);
#1521 = EDGE_CURVE('',#1522,#1524,#1526,.T.);
#1522 = VERTEX_POINT('',#1523);
#1523 = CARTESIAN_POINT('',(4.11875,-30.,62.));
#1524 = VERTEX_POINT('',#1525);
#1525 = CARTESIAN_POINT('',(-4.098637166094,-30.40654021106,62.));
#1526 = CIRCLE('',#1527,4.11875);
#1527 = AXIS2_PLACEMENT_3D('',#1528,#1529,#1530);
#1528 = CARTESIAN_POINT('',(0.,-30.,62.));
#1529 = DIRECTION('',(0.,0.,1.));
#1530 = DIRECTION('',(1.,0.,0.));
#1531 = ORIENTED_EDGE('',*,*,#1532,.F.);
#1532 = EDGE_CURVE('',#1086,#1522,#1533,.T.);
#1533 = LINE('',#1534,#1535);
#1534 = CARTESIAN_POINT('',(4.11875,-30.,56.));
#1535 = VECTOR('',#1536,1.);
#1536 = DIRECTION('',(0.,0.,1.));
#1537 = ORIENTED_EDGE('',*,*,#1094,.T.);
#1538 = ORIENTED_EDGE('',*,*,#1103,.T.);
#1539 = ORIENTED_EDGE('',*,*,#1112,.T.);
#1540 = ORIENTED_EDGE('',*,*,#1121,.T.);
#1541 = ORIENTED_EDGE('',*,*,#1083,.T.);
#1542 = ORIENTED_EDGE('',*,*,#1532,.T.);
#1543 = ORIENTED_EDGE('',*,*,#1544,.F.);
#1544 = EDGE_CURVE('',#1545,#1522,#1547,.T.);
#1545 = VERTEX_POINT('',#1546);
#1546 = CARTESIAN_POINT('',(4.098637166094,-30.40654021106,62.));
#1547 = CIRCLE('',#1548,4.11875);
#1548 = AXIS2_PLACEMENT_3D('',#1549,#1550,#1551);
#1549 = CARTESIAN_POINT('',(0.,-30.,62.));
#1550 = DIRECTION('',(0.,0.,1.));
#1551 = DIRECTION('',(1.,0.,0.));
#1552 = ORIENTED_EDGE('',*,*,#1553,.F.);
#1553 = EDGE_CURVE('',#1554,#1545,#1556,.T.);
#1554 = VERTEX_POINT('',#1555);
#1555 = CARTESIAN_POINT('',(2.178496658985,-33.49546189641,62.));
#1556 = CIRCLE('',#1557,4.11875);
#1557 = AXIS2_PLACEMENT_3D('',#1558,#1559,#1560);
#1558 = CARTESIAN_POINT('',(0.,-30.,62.));
#1559 = DIRECTION('',(0.,0.,1.));
#1560 = DIRECTION('',(1.,0.,0.));
#1561 = ORIENTED_EDGE('',*,*,#1562,.F.);
#1562 = EDGE_CURVE('',#1563,#1554,#1565,.T.);
#1563 = VERTEX_POINT('',#1564);
#1564 = CARTESIAN_POINT('',(-2.178496658985,-33.49546189641,62.));
#1565 = CIRCLE('',#1566,4.11875);
#1566 = AXIS2_PLACEMENT_3D('',#1567,#1568,#1569);
#1567 = CARTESIAN_POINT('',(0.,-30.,62.));
#1568 = DIRECTION('',(0.,0.,1.));
#1569 = DIRECTION('',(1.,0.,0.));
#1570 = ORIENTED_EDGE('',*,*,#1571,.F.);
#1571 = EDGE_CURVE('',#1524,#1563,#1572,.T.);
#1572 = CIRCLE('',#1573,4.11875);
#1573 = AXIS2_PLACEMENT_3D('',#1574,#1575,#1576);
#1574 = CARTESIAN_POINT('',(0.,-30.,62.));
#1575 = DIRECTION('',(0.,0.,1.));
#1576 = DIRECTION('',(1.,0.,0.));
#1577 = CYLINDRICAL_SURFACE('',#1578,4.11875);
#1578 = AXIS2_PLACEMENT_3D('',#1579,#1580,#1581);
#1579 = CARTESIAN_POINT('',(0.,-30.,56.));
#1580 = DIRECTION('',(0.,0.,1.));
#1581 = DIRECTION('',(1.,0.,0.));
#1582 = ADVANCED_FACE('',(#1583,#1619),#1626,.T.);
#1583 = FACE_BOUND('',#1584,.T.);
#1584 = EDGE_LOOP('',(#1585,#1592,#1593,#1602,#1611,#1618));
#1585 = ORIENTED_EDGE('',*,*,#1586,.F.);
#1586 = EDGE_CURVE('',#1312,#1289,#1587,.T.);
#1587 = CIRCLE('',#1588,21.);
#1588 = AXIS2_PLACEMENT_3D('',#1589,#1590,#1591);
#1589 = CARTESIAN_POINT('',(0.,0.,62.));
#1590 = DIRECTION('',(0.,0.,1.));
#1591 = DIRECTION('',(1.,0.,0.));
#1592 = ORIENTED_EDGE('',*,*,#1319,.T.);
#1593 = ORIENTED_EDGE('',*,*,#1594,.T.);
#1594 = EDGE_CURVE('',#1320,#1595,#1597,.T.);
#1595 = VERTEX_POINT('',#1596);
#1596 = CARTESIAN_POINT('',(0.,-37.,62.));
#1597 = CIRCLE('',#1598,7.);
#1598 = AXIS2_PLACEMENT_3D('',#1599,#1600,#1601);
#1599 = CARTESIAN_POINT('',(0.,-30.,62.));
#1600 = DIRECTION('',(0.,0.,1.));
#1601 = DIRECTION('',(1.,0.,0.));
#1602 = ORIENTED_EDGE('',*,*,#1603,.T.);
#1603 = EDGE_CURVE('',#1595,#1604,#1606,.T.);
#1604 = VERTEX_POINT('',#1605);
#1605 = CARTESIAN_POINT('',(7.,-30.,62.));
#1606 = CIRCLE('',#1607,7.);
#1607 = AXIS2_PLACEMENT_3D('',#1608,#1609,#1610);
#1608 = CARTESIAN_POINT('',(0.,-30.,62.));
#1609 = DIRECTION('',(0.,0.,1.));
#1610 = DIRECTION('',(1.,0.,0.));
#1611 = ORIENTED_EDGE('',*,*,#1612,.T.);
#1612 = EDGE_CURVE('',#1604,#1281,#1613,.T.);
#1613 = CIRCLE('',#1614,7.);
#1614 = AXIS2_PLACEMENT_3D('',#1615,#1616,#1617);
#1615 = CARTESIAN_POINT('',(0.,-30.,62.));
#1616 = DIRECTION('',(0.,0.,1.));
#1617 = DIRECTION('',(1.,0.,0.));
#1618 = ORIENTED_EDGE('',*,*,#1288,.T.);
#1619 = FACE_BOUND('',#1620,.T.);
#1620 = EDGE_LOOP('',(#1621,#1622,#1623,#1624,#1625));
#1621 = ORIENTED_EDGE('',*,*,#1544,.F.);
#1622 = ORIENTED_EDGE('',*,*,#1553,.F.);
#1623 = ORIENTED_EDGE('',*,*,#1562,.F.);
#1624 = ORIENTED_EDGE('',*,*,#1571,.F.);
#1625 = ORIENTED_EDGE('',*,*,#1521,.F.);
#1626 = PLANE('',#1627);
#1627 = AXIS2_PLACEMENT_3D('',#1628,#1629,#1630);
#1628 = CARTESIAN_POINT('',(2.901568239514E-02,-24.97947056412,62.));
#1629 = DIRECTION('',(0.,0.,1.));
#1630 = DIRECTION('',(1.,0.,0.));
#1631 = ADVANCED_FACE('',(#1632,#1668),#1675,.T.);
#1632 = FACE_BOUND('',#1633,.T.);
#1633 = EDGE_LOOP('',(#1634,#1635,#1644,#1653,#1660,#1661));
#1634 = ORIENTED_EDGE('',*,*,#1176,.T.);
#1635 = ORIENTED_EDGE('',*,*,#1636,.T.);
#1636 = EDGE_CURVE('',#1177,#1637,#1639,.T.);
#1637 = VERTEX_POINT('',#1638);
#1638 = CARTESIAN_POINT('',(7.,30.,62.));
#1639 = CIRCLE('',#1640,7.);
#1640 = AXIS2_PLACEMENT_3D('',#1641,#1642,#1643);
#1641 = CARTESIAN_POINT('',(0.,30.,62.));
#1642 = DIRECTION('',(0.,0.,1.));
#1643 = DIRECTION('',(1.,0.,0.));
#1644 = ORIENTED_EDGE('',*,*,#1645,.T.);
#1645 = EDGE_CURVE('',#1637,#1646,#1648,.T.);
#1646 = VERTEX_POINT('',#1647);
#1647 = CARTESIAN_POINT('',(0.,37.,62.));
#1648 = CIRCLE('',#1649,7.);
#1649 = AXIS2_PLACEMENT_3D('',#1650,#1651,#1652);
#1650 = CARTESIAN_POINT('',(0.,30.,62.));
#1651 = DIRECTION('',(0.,0.,1.));
#1652 = DIRECTION('',(1.,0.,0.));
#1653 = ORIENTED_EDGE('',*,*,#1654,.T.);
#1654 = EDGE_CURVE('',#1646,#1138,#1655,.T.);
#1655 = CIRCLE('',#1656,7.);
#1656 = AXIS2_PLACEMENT_3D('',#1657,#1658,#1659);
#1657 = CARTESIAN_POINT('',(0.,30.,62.));
#1658 = DIRECTION('',(0.,0.,1.));
#1659 = DIRECTION('',(1.,0.,0.));
#1660 = ORIENTED_EDGE('',*,*,#1145,.T.);
#1661 = ORIENTED_EDGE('',*,*,#1662,.F.);
#1662 = EDGE_CURVE('',#1169,#1146,#1663,.T.);
#1663 = CIRCLE('',#1664,21.);
#1664 = AXIS2_PLACEMENT_3D('',#1665,#1666,#1667);
#1665 = CARTESIAN_POINT('',(0.,0.,62.));
#1666 = DIRECTION('',(0.,0.,1.));
#1667 = DIRECTION('',(1.,0.,0.));
#1668 = FACE_BOUND('',#1669,.T.);
#1669 = EDGE_LOOP('',(#1670,#1671,#1672,#1673,#1674));
#1670 = ORIENTED_EDGE('',*,*,#1479,.F.);
#1671 = ORIENTED_EDGE('',*,*,#1488,.F.);
#1672 = ORIENTED_EDGE('',*,*,#1497,.F.);
#1673 = ORIENTED_EDGE('',*,*,#1506,.F.);
#1674 = ORIENTED_EDGE('',*,*,#1456,.F.);
#1675 = PLANE('',#1676);
#1676 = AXIS2_PLACEMENT_3D('',#1677,#1678,#1679);
#1677 = CARTESIAN_POINT('',(2.901568239515E-02,24.979470564121,62.));
#1678 = DIRECTION('',(0.,0.,1.));
#1679 = DIRECTION('',(1.,0.,0.));
#1680 = ADVANCED_FACE('',(#1681),#1707,.T.);
#1681 = FACE_BOUND('',#1682,.T.);
#1682 = EDGE_LOOP('',(#1683,#1684,#1685,#1686,#1687,#1688,#1689,#1690,
    #1691,#1692,#1693,#1694,#1695,#1696,#1697,#1698,#1699,#1704,#1705,
    #1706));
#1683 = ORIENTED_EDGE('',*,*,#1248,.F.);
#1684 = ORIENTED_EDGE('',*,*,#938,.T.);
#1685 = ORIENTED_EDGE('',*,*,#1168,.T.);
#1686 = ORIENTED_EDGE('',*,*,#1662,.T.);
#1687 = ORIENTED_EDGE('',*,*,#1153,.F.);
#1688 = ORIENTED_EDGE('',*,*,#886,.T.);
#1689 = ORIENTED_EDGE('',*,*,#869,.T.);
#1690 = ORIENTED_EDGE('',*,*,#846,.T.);
#1691 = ORIENTED_EDGE('',*,*,#823,.F.);
#1692 = ORIENTED_EDGE('',*,*,#1015,.T.);
#1693 = ORIENTED_EDGE('',*,*,#1311,.T.);
#1694 = ORIENTED_EDGE('',*,*,#1586,.T.);
#1695 = ORIENTED_EDGE('',*,*,#1296,.F.);
#1696 = ORIENTED_EDGE('',*,*,#963,.T.);
#1697 = ORIENTED_EDGE('',*,*,#1263,.T.);
#1698 = ORIENTED_EDGE('',*,*,#1198,.T.);
#1699 = ORIENTED_EDGE('',*,*,#1700,.T.);
#1700 = EDGE_CURVE('',#1201,#1351,#1701,.T.);
#1701 = B_SPLINE_CURVE_WITH_KNOTS('',1,(#1702,#1703),.UNSPECIFIED.,.F.,
  .F.,(2,2),(5.,30.),.PIECEWISE_BEZIER_KNOTS.);
#1702 = CARTESIAN_POINT('',(21.,0.,62.));
#1703 = CARTESIAN_POINT('',(21.,0.,87.));
#1704 = ORIENTED_EDGE('',*,*,#1358,.F.);
#1705 = ORIENTED_EDGE('',*,*,#1700,.F.);
#1706 = ORIENTED_EDGE('',*,*,#1225,.T.);
#1707 = CYLINDRICAL_SURFACE('',#1708,21.);
#1708 = AXIS2_PLACEMENT_3D('',#1709,#1710,#1711);
#1709 = CARTESIAN_POINT('',(0.,0.,57.));
#1710 = DIRECTION('',(0.,0.,1.));
#1711 = DIRECTION('',(1.,0.,0.));
#1712 = ADVANCED_FACE('',(#1713),#1723,.T.);
#1713 = FACE_BOUND('',#1714,.T.);
#1714 = EDGE_LOOP('',(#1715,#1716,#1717,#1718,#1719,#1720,#1721,#1722));
#1715 = ORIENTED_EDGE('',*,*,#980,.T.);
#1716 = ORIENTED_EDGE('',*,*,#1280,.T.);
#1717 = ORIENTED_EDGE('',*,*,#1612,.F.);
#1718 = ORIENTED_EDGE('',*,*,#1603,.F.);
#1719 = ORIENTED_EDGE('',*,*,#1594,.F.);
#1720 = ORIENTED_EDGE('',*,*,#1327,.F.);
#1721 = ORIENTED_EDGE('',*,*,#998,.T.);
#1722 = ORIENTED_EDGE('',*,*,#989,.T.);
#1723 = CYLINDRICAL_SURFACE('',#1724,7.);
#1724 = AXIS2_PLACEMENT_3D('',#1725,#1726,#1727);
#1725 = CARTESIAN_POINT('',(0.,-30.,57.));
#1726 = DIRECTION('',(0.,0.,1.));
#1727 = DIRECTION('',(1.,0.,0.));
#1728 = ADVANCED_FACE('',(#1729),#1739,.T.);
#1729 = FACE_BOUND('',#1730,.T.);
#1730 = EDGE_LOOP('',(#1731,#1732,#1733,#1734,#1735,#1736,#1737,#1738));
#1731 = ORIENTED_EDGE('',*,*,#1636,.F.);
#1732 = ORIENTED_EDGE('',*,*,#1184,.F.);
#1733 = ORIENTED_EDGE('',*,*,#921,.T.);
#1734 = ORIENTED_EDGE('',*,*,#912,.T.);
#1735 = ORIENTED_EDGE('',*,*,#903,.T.);
#1736 = ORIENTED_EDGE('',*,*,#1137,.T.);
#1737 = ORIENTED_EDGE('',*,*,#1654,.F.);
#1738 = ORIENTED_EDGE('',*,*,#1645,.F.);
#1739 = CYLINDRICAL_SURFACE('',#1740,7.);
#1740 = AXIS2_PLACEMENT_3D('',#1741,#1742,#1743);
#1741 = CARTESIAN_POINT('',(0.,30.,57.));
#1742 = DIRECTION('',(0.,0.,1.));
#1743 = DIRECTION('',(1.,0.,0.));
#1744 = MANIFOLD_SOLID_BREP('',#1745);
#1745 = CLOSED_SHELL('',(#1746,#1779,#1838,#1847,#1878,#1902,#1926,#1950
    ,#1974,#1991));
#1746 = ADVANCED_FACE('',(#1747),#1774,.T.);
#1747 = FACE_BOUND('',#1748,.T.);
#1748 = EDGE_LOOP('',(#1749,#1758,#1766,#1773));
#1749 = ORIENTED_EDGE('',*,*,#1750,.F.);
#1750 = EDGE_CURVE('',#1751,#1751,#1753,.T.);
#1751 = VERTEX_POINT('',#1752);
#1752 = CARTESIAN_POINT('',(3.96875,-1.E-15,0.));
#1753 = CIRCLE('',#1754,3.96875);
#1754 = AXIS2_PLACEMENT_3D('',#1755,#1756,#1757);
#1755 = CARTESIAN_POINT('',(0.,0.,0.));
#1756 = DIRECTION('',(0.,0.,1.));
#1757 = DIRECTION('',(1.,0.,0.));
#1758 = ORIENTED_EDGE('',*,*,#1759,.F.);
#1759 = EDGE_CURVE('',#1760,#1751,#1762,.T.);
#1760 = VERTEX_POINT('',#1761);
#1761 = CARTESIAN_POINT('',(3.96875,-1.E-15,-19.05));
#1762 = LINE('',#1763,#1764);
#1763 = CARTESIAN_POINT('',(3.96875,-9.7E-16,-19.05));
#1764 = VECTOR('',#1765,1.);
#1765 = DIRECTION('',(0.,0.,1.));
#1766 = ORIENTED_EDGE('',*,*,#1767,.T.);
#1767 = EDGE_CURVE('',#1760,#1760,#1768,.T.);
#1768 = CIRCLE('',#1769,3.96875);
#1769 = AXIS2_PLACEMENT_3D('',#1770,#1771,#1772);
#1770 = CARTESIAN_POINT('',(0.,0.,-19.05));
#1771 = DIRECTION('',(0.,0.,1.));
#1772 = DIRECTION('',(1.,0.,0.));
#1773 = ORIENTED_EDGE('',*,*,#1759,.T.);
#1774 = CYLINDRICAL_SURFACE('',#1775,3.96875);
#1775 = AXIS2_PLACEMENT_3D('',#1776,#1777,#1778);
#1776 = CARTESIAN_POINT('',(0.,0.,-19.05));
#1777 = DIRECTION('',(0.,0.,1.));
#1778 = DIRECTION('',(1.,0.,0.));
#1779 = ADVANCED_FACE('',(#1780,#1830),#1833,.F.);
#1780 = FACE_BOUND('',#1781,.F.);
#1781 = EDGE_LOOP('',(#1782,#1792,#1800,#1808,#1816,#1824));
#1782 = ORIENTED_EDGE('',*,*,#1783,.T.);
#1783 = EDGE_CURVE('',#1784,#1786,#1788,.T.);
#1784 = VERTEX_POINT('',#1785);
#1785 = CARTESIAN_POINT('',(7.332348418708,0.,0.));
#1786 = VERTEX_POINT('',#1787);
#1787 = CARTESIAN_POINT('',(3.666174209354,6.35,0.));
#1788 = LINE('',#1789,#1790);
#1789 = CARTESIAN_POINT('',(7.332348418708,0.,0.));
#1790 = VECTOR('',#1791,1.);
#1791 = DIRECTION('',(-0.5,0.866025403784,0.));
#1792 = ORIENTED_EDGE('',*,*,#1793,.T.);
#1793 = EDGE_CURVE('',#1786,#1794,#1796,.T.);
#1794 = VERTEX_POINT('',#1795);
#1795 = CARTESIAN_POINT('',(-3.666174209354,6.35,0.));
#1796 = LINE('',#1797,#1798);
#1797 = CARTESIAN_POINT('',(3.666174209354,6.35,0.));
#1798 = VECTOR('',#1799,1.);
#1799 = DIRECTION('',(-1.,1.2E-16,0.));
#1800 = ORIENTED_EDGE('',*,*,#1801,.T.);
#1801 = EDGE_CURVE('',#1794,#1802,#1804,.T.);
#1802 = VERTEX_POINT('',#1803);
#1803 = CARTESIAN_POINT('',(-7.332348418708,1.E-15,0.));
#1804 = LINE('',#1805,#1806);
#1805 = CARTESIAN_POINT('',(-3.666174209354,6.35,0.));
#1806 = VECTOR('',#1807,1.);
#1807 = DIRECTION('',(-0.5,-0.866025403784,0.));
#1808 = ORIENTED_EDGE('',*,*,#1809,.T.);
#1809 = EDGE_CURVE('',#1802,#1810,#1812,.T.);
#1810 = VERTEX_POINT('',#1811);
#1811 = CARTESIAN_POINT('',(-3.666174209354,-6.35,0.));
#1812 = LINE('',#1813,#1814);
#1813 = CARTESIAN_POINT('',(-7.332348418708,9.E-16,0.));
#1814 = VECTOR('',#1815,1.);
#1815 = DIRECTION('',(0.5,-0.866025403784,0.));
#1816 = ORIENTED_EDGE('',*,*,#1817,.T.);
#1817 = EDGE_CURVE('',#1810,#1818,#1820,.T.);
#1818 = VERTEX_POINT('',#1819);
#1819 = CARTESIAN_POINT('',(3.666174209354,-6.35,0.));
#1820 = LINE('',#1821,#1822);
#1821 = CARTESIAN_POINT('',(-3.666174209354,-6.35,0.));
#1822 = VECTOR('',#1823,1.);
#1823 = DIRECTION('',(1.,-2.4E-16,0.));
#1824 = ORIENTED_EDGE('',*,*,#1825,.T.);
#1825 = EDGE_CURVE('',#1818,#1784,#1826,.T.);
#1826 = LINE('',#1827,#1828);
#1827 = CARTESIAN_POINT('',(3.666174209354,-6.35,0.));
#1828 = VECTOR('',#1829,1.);
#1829 = DIRECTION('',(0.5,0.866025403784,0.));
#1830 = FACE_BOUND('',#1831,.F.);
#1831 = EDGE_LOOP('',(#1832));
#1832 = ORIENTED_EDGE('',*,*,#1750,.F.);
#1833 = PLANE('',#1834);
#1834 = AXIS2_PLACEMENT_3D('',#1835,#1836,#1837);
#1835 = CARTESIAN_POINT('',(8.E-17,-8.E-17,0.));
#1836 = DIRECTION('',(0.,0.,1.));
#1837 = DIRECTION('',(1.,0.,0.));
#1838 = ADVANCED_FACE('',(#1839),#1842,.F.);
#1839 = FACE_BOUND('',#1840,.T.);
#1840 = EDGE_LOOP('',(#1841));
#1841 = ORIENTED_EDGE('',*,*,#1767,.F.);
#1842 = PLANE('',#1843);
#1843 = AXIS2_PLACEMENT_3D('',#1844,#1845,#1846);
#1844 = CARTESIAN_POINT('',(0.,0.,-19.05));
#1845 = DIRECTION('',(0.,0.,1.));
#1846 = DIRECTION('',(1.,0.,0.));
#1847 = ADVANCED_FACE('',(#1848),#1873,.F.);
#1848 = FACE_BOUND('',#1849,.F.);
#1849 = EDGE_LOOP('',(#1850,#1858,#1866,#1872));
#1850 = ORIENTED_EDGE('',*,*,#1851,.T.);
#1851 = EDGE_CURVE('',#1784,#1852,#1854,.T.);
#1852 = VERTEX_POINT('',#1853);
#1853 = CARTESIAN_POINT('',(7.332348418708,0.,5.5));
#1854 = LINE('',#1855,#1856);
#1855 = CARTESIAN_POINT('',(7.332348418708,0.,0.));
#1856 = VECTOR('',#1857,1.);
#1857 = DIRECTION('',(0.,0.,1.));
#1858 = ORIENTED_EDGE('',*,*,#1859,.T.);
#1859 = EDGE_CURVE('',#1852,#1860,#1862,.T.);
#1860 = VERTEX_POINT('',#1861);
#1861 = CARTESIAN_POINT('',(3.666174209354,6.35,5.5));
#1862 = LINE('',#1863,#1864);
#1863 = CARTESIAN_POINT('',(7.332348418708,0.,5.5));
#1864 = VECTOR('',#1865,1.);
#1865 = DIRECTION('',(-0.5,0.866025403784,0.));
#1866 = ORIENTED_EDGE('',*,*,#1867,.F.);
#1867 = EDGE_CURVE('',#1786,#1860,#1868,.T.);
#1868 = LINE('',#1869,#1870);
#1869 = CARTESIAN_POINT('',(3.666174209354,6.35,0.));
#1870 = VECTOR('',#1871,1.);
#1871 = DIRECTION('',(0.,0.,1.));
#1872 = ORIENTED_EDGE('',*,*,#1783,.F.);
#1873 = PLANE('',#1874);
#1874 = AXIS2_PLACEMENT_3D('',#1875,#1876,#1877);
#1875 = CARTESIAN_POINT('',(7.332348418708,0.,0.));
#1876 = DIRECTION('',(-0.866025403784,-0.5,0.));
#1877 = DIRECTION('',(-0.5,0.866025403784,0.));
#1878 = ADVANCED_FACE('',(#1879),#1897,.F.);
#1879 = FACE_BOUND('',#1880,.F.);
#1880 = EDGE_LOOP('',(#1881,#1889,#1895,#1896));
#1881 = ORIENTED_EDGE('',*,*,#1882,.T.);
#1882 = EDGE_CURVE('',#1818,#1883,#1885,.T.);
#1883 = VERTEX_POINT('',#1884);
#1884 = CARTESIAN_POINT('',(3.666174209354,-6.35,5.5));
#1885 = LINE('',#1886,#1887);
#1886 = CARTESIAN_POINT('',(3.666174209354,-6.35,0.));
#1887 = VECTOR('',#1888,1.);
#1888 = DIRECTION('',(0.,0.,1.));
#1889 = ORIENTED_EDGE('',*,*,#1890,.T.);
#1890 = EDGE_CURVE('',#1883,#1852,#1891,.T.);
#1891 = LINE('',#1892,#1893);
#1892 = CARTESIAN_POINT('',(3.666174209354,-6.35,5.5));
#1893 = VECTOR('',#1894,1.);
#1894 = DIRECTION('',(0.5,0.866025403784,0.));
#1895 = ORIENTED_EDGE('',*,*,#1851,.F.);
#1896 = ORIENTED_EDGE('',*,*,#1825,.F.);
#1897 = PLANE('',#1898);
#1898 = AXIS2_PLACEMENT_3D('',#1899,#1900,#1901);
#1899 = CARTESIAN_POINT('',(3.666174209354,-6.35,0.));
#1900 = DIRECTION('',(-0.866025403784,0.5,0.));
#1901 = DIRECTION('',(0.5,0.866025403784,0.));
#1902 = ADVANCED_FACE('',(#1903),#1921,.F.);
#1903 = FACE_BOUND('',#1904,.F.);
#1904 = EDGE_LOOP('',(#1905,#1906,#1914,#1920));
#1905 = ORIENTED_EDGE('',*,*,#1867,.T.);
#1906 = ORIENTED_EDGE('',*,*,#1907,.T.);
#1907 = EDGE_CURVE('',#1860,#1908,#1910,.T.);
#1908 = VERTEX_POINT('',#1909);
#1909 = CARTESIAN_POINT('',(-3.666174209354,6.35,5.5));
#1910 = LINE('',#1911,#1912);
#1911 = CARTESIAN_POINT('',(3.666174209354,6.35,5.5));
#1912 = VECTOR('',#1913,1.);
#1913 = DIRECTION('',(-1.,1.2E-16,0.));
#1914 = ORIENTED_EDGE('',*,*,#1915,.F.);
#1915 = EDGE_CURVE('',#1794,#1908,#1916,.T.);
#1916 = LINE('',#1917,#1918);
#1917 = CARTESIAN_POINT('',(-3.666174209354,6.35,0.));
#1918 = VECTOR('',#1919,1.);
#1919 = DIRECTION('',(0.,0.,1.));
#1920 = ORIENTED_EDGE('',*,*,#1793,.F.);
#1921 = PLANE('',#1922);
#1922 = AXIS2_PLACEMENT_3D('',#1923,#1924,#1925);
#1923 = CARTESIAN_POINT('',(3.666174209354,6.35,0.));
#1924 = DIRECTION('',(-1.2E-16,-1.,0.));
#1925 = DIRECTION('',(-1.,1.2E-16,0.));
#1926 = ADVANCED_FACE('',(#1927),#1945,.F.);
#1927 = FACE_BOUND('',#1928,.F.);
#1928 = EDGE_LOOP('',(#1929,#1937,#1943,#1944));
#1929 = ORIENTED_EDGE('',*,*,#1930,.T.);
#1930 = EDGE_CURVE('',#1810,#1931,#1933,.T.);
#1931 = VERTEX_POINT('',#1932);
#1932 = CARTESIAN_POINT('',(-3.666174209354,-6.35,5.5));
#1933 = LINE('',#1934,#1935);
#1934 = CARTESIAN_POINT('',(-3.666174209354,-6.35,0.));
#1935 = VECTOR('',#1936,1.);
#1936 = DIRECTION('',(0.,0.,1.));
#1937 = ORIENTED_EDGE('',*,*,#1938,.T.);
#1938 = EDGE_CURVE('',#1931,#1883,#1939,.T.);
#1939 = LINE('',#1940,#1941);
#1940 = CARTESIAN_POINT('',(-3.666174209354,-6.35,5.5));
#1941 = VECTOR('',#1942,1.);
#1942 = DIRECTION('',(1.,-2.4E-16,0.));
#1943 = ORIENTED_EDGE('',*,*,#1882,.F.);
#1944 = ORIENTED_EDGE('',*,*,#1817,.F.);
#1945 = PLANE('',#1946);
#1946 = AXIS2_PLACEMENT_3D('',#1947,#1948,#1949);
#1947 = CARTESIAN_POINT('',(-3.666174209354,-6.35,0.));
#1948 = DIRECTION('',(2.4E-16,1.,0.));
#1949 = DIRECTION('',(1.,-2.4E-16,0.));
#1950 = ADVANCED_FACE('',(#1951),#1969,.F.);
#1951 = FACE_BOUND('',#1952,.F.);
#1952 = EDGE_LOOP('',(#1953,#1954,#1962,#1968));
#1953 = ORIENTED_EDGE('',*,*,#1915,.T.);
#1954 = ORIENTED_EDGE('',*,*,#1955,.T.);
#1955 = EDGE_CURVE('',#1908,#1956,#1958,.T.);
#1956 = VERTEX_POINT('',#1957);
#1957 = CARTESIAN_POINT('',(-7.332348418708,1.E-15,5.5));
#1958 = LINE('',#1959,#1960);
#1959 = CARTESIAN_POINT('',(-3.666174209354,6.35,5.5));
#1960 = VECTOR('',#1961,1.);
#1961 = DIRECTION('',(-0.5,-0.866025403784,0.));
#1962 = ORIENTED_EDGE('',*,*,#1963,.F.);
#1963 = EDGE_CURVE('',#1802,#1956,#1964,.T.);
#1964 = LINE('',#1965,#1966);
#1965 = CARTESIAN_POINT('',(-7.332348418708,9.E-16,0.));
#1966 = VECTOR('',#1967,1.);
#1967 = DIRECTION('',(0.,0.,1.));
#1968 = ORIENTED_EDGE('',*,*,#1801,.F.);
#1969 = PLANE('',#1970);
#1970 = AXIS2_PLACEMENT_3D('',#1971,#1972,#1973);
#1971 = CARTESIAN_POINT('',(-3.666174209354,6.35,0.));
#1972 = DIRECTION('',(0.866025403784,-0.5,0.));
#1973 = DIRECTION('',(-0.5,-0.866025403784,0.));
#1974 = ADVANCED_FACE('',(#1975),#1986,.F.);
#1975 = FACE_BOUND('',#1976,.F.);
#1976 = EDGE_LOOP('',(#1977,#1978,#1984,#1985));
#1977 = ORIENTED_EDGE('',*,*,#1963,.T.);
#1978 = ORIENTED_EDGE('',*,*,#1979,.T.);
#1979 = EDGE_CURVE('',#1956,#1931,#1980,.T.);
#1980 = LINE('',#1981,#1982);
#1981 = CARTESIAN_POINT('',(-7.332348418708,9.E-16,5.5));
#1982 = VECTOR('',#1983,1.);
#1983 = DIRECTION('',(0.5,-0.866025403784,0.));
#1984 = ORIENTED_EDGE('',*,*,#1930,.F.);
#1985 = ORIENTED_EDGE('',*,*,#1809,.F.);
#1986 = PLANE('',#1987);
#1987 = AXIS2_PLACEMENT_3D('',#1988,#1989,#1990);
#1988 = CARTESIAN_POINT('',(-7.332348418708,9.E-16,0.));
#1989 = DIRECTION('',(0.866025403784,0.5,0.));
#1990 = DIRECTION('',(0.5,-0.866025403784,0.));
#1991 = ADVANCED_FACE('',(#1992),#2000,.T.);
#1992 = FACE_BOUND('',#1993,.T.);
#1993 = EDGE_LOOP('',(#1994,#1995,#1996,#1997,#1998,#1999));
#1994 = ORIENTED_EDGE('',*,*,#1859,.T.);
#1995 = ORIENTED_EDGE('',*,*,#1907,.T.);
#1996 = ORIENTED_EDGE('',*,*,#1955,.T.);
#1997 = ORIENTED_EDGE('',*,*,#1979,.T.);
#1998 = ORIENTED_EDGE('',*,*,#1938,.T.);
#1999 = ORIENTED_EDGE('',*,*,#1890,.T.);
#2000 = PLANE('',#2001);
#2001 = AXIS2_PLACEMENT_3D('',#2002,#2003,#2004);
#2002 = CARTESIAN_POINT('',(8.E-17,-8.E-17,5.5));
#2003 = DIRECTION('',(0.,0.,1.));
#2004 = DIRECTION('',(1.,0.,0.));
#2005 = MANIFOLD_SOLID_BREP('',#2006);
#2006 = CLOSED_SHELL('',(#2007,#2047,#2078,#2109,#2153,#2197,#2214,#2231
    ,#2243));
#2007 = ADVANCED_FACE('',(#2008),#2042,.F.);
#2008 = FACE_BOUND('',#2009,.F.);
#2009 = EDGE_LOOP('',(#2010,#2020,#2028,#2036));
#2010 = ORIENTED_EDGE('',*,*,#2011,.T.);
#2011 = EDGE_CURVE('',#2012,#2014,#2016,.T.);
#2012 = VERTEX_POINT('',#2013);
#2013 = CARTESIAN_POINT('',(12.701705922172,0.,93.));
#2014 = VERTEX_POINT('',#2015);
#2015 = CARTESIAN_POINT('',(12.701705922172,0.,99.));
#2016 = LINE('',#2017,#2018);
#2017 = CARTESIAN_POINT('',(12.701705922172,0.,93.));
#2018 = VECTOR('',#2019,1.);
#2019 = DIRECTION('',(0.,0.,1.));
#2020 = ORIENTED_EDGE('',*,*,#2021,.T.);
#2021 = EDGE_CURVE('',#2014,#2022,#2024,.T.);
#2022 = VERTEX_POINT('',#2023);
#2023 = CARTESIAN_POINT('',(6.350852961086,11.,99.));
#2024 = LINE('',#2025,#2026);
#2025 = CARTESIAN_POINT('',(12.701705922172,0.,99.));
#2026 = VECTOR('',#2027,1.);
#2027 = DIRECTION('',(-0.5,0.866025403784,0.));
#2028 = ORIENTED_EDGE('',*,*,#2029,.F.);
#2029 = EDGE_CURVE('',#2030,#2022,#2032,.T.);
#2030 = VERTEX_POINT('',#2031);
#2031 = CARTESIAN_POINT('',(6.350852961086,11.,93.));
#2032 = LINE('',#2033,#2034);
#2033 = CARTESIAN_POINT('',(6.350852961086,11.,93.));
#2034 = VECTOR('',#2035,1.);
#2035 = DIRECTION('',(0.,0.,1.));
#2036 = ORIENTED_EDGE('',*,*,#2037,.F.);
#2037 = EDGE_CURVE('',#2012,#2030,#2038,.T.);
#2038 = LINE('',#2039,#2040);
#2039 = CARTESIAN_POINT('',(12.701705922172,0.,93.));
#2040 = VECTOR('',#2041,1.);
#2041 = DIRECTION('',(-0.5,0.866025403784,0.));
#2042 = PLANE('',#2043);
#2043 = AXIS2_PLACEMENT_3D('',#2044,#2045,#2046);
#2044 = CARTESIAN_POINT('',(12.701705922172,0.,93.));
#2045 = DIRECTION('',(-0.866025403784,-0.5,0.));
#2046 = DIRECTION('',(-0.5,0.866025403784,0.));
#2047 = ADVANCED_FACE('',(#2048),#2073,.F.);
#2048 = FACE_BOUND('',#2049,.F.);
#2049 = EDGE_LOOP('',(#2050,#2060,#2066,#2067));
#2050 = ORIENTED_EDGE('',*,*,#2051,.T.);
#2051 = EDGE_CURVE('',#2052,#2054,#2056,.T.);
#2052 = VERTEX_POINT('',#2053);
#2053 = CARTESIAN_POINT('',(6.350852961086,-11.,93.));
#2054 = VERTEX_POINT('',#2055);
#2055 = CARTESIAN_POINT('',(6.350852961086,-11.,99.));
#2056 = LINE('',#2057,#2058);
#2057 = CARTESIAN_POINT('',(6.350852961086,-11.,93.));
#2058 = VECTOR('',#2059,1.);
#2059 = DIRECTION('',(0.,0.,1.));
#2060 = ORIENTED_EDGE('',*,*,#2061,.T.);
#2061 = EDGE_CURVE('',#2054,#2014,#2062,.T.);
#2062 = LINE('',#2063,#2064);
#2063 = CARTESIAN_POINT('',(6.350852961086,-11.,99.));
#2064 = VECTOR('',#2065,1.);
#2065 = DIRECTION('',(0.5,0.866025403784,0.));
#2066 = ORIENTED_EDGE('',*,*,#2011,.F.);
#2067 = ORIENTED_EDGE('',*,*,#2068,.F.);
#2068 = EDGE_CURVE('',#2052,#2012,#2069,.T.);
#2069 = LINE('',#2070,#2071);
#2070 = CARTESIAN_POINT('',(6.350852961086,-11.,93.));
#2071 = VECTOR('',#2072,1.);
#2072 = DIRECTION('',(0.5,0.866025403784,0.));
#2073 = PLANE('',#2074);
#2074 = AXIS2_PLACEMENT_3D('',#2075,#2076,#2077);
#2075 = CARTESIAN_POINT('',(6.350852961086,-11.,93.));
#2076 = DIRECTION('',(-0.866025403784,0.5,0.));
#2077 = DIRECTION('',(0.5,0.866025403784,0.));
#2078 = ADVANCED_FACE('',(#2079),#2104,.F.);
#2079 = FACE_BOUND('',#2080,.F.);
#2080 = EDGE_LOOP('',(#2081,#2082,#2090,#2098));
#2081 = ORIENTED_EDGE('',*,*,#2029,.T.);
#2082 = ORIENTED_EDGE('',*,*,#2083,.T.);
#2083 = EDGE_CURVE('',#2022,#2084,#2086,.T.);
#2084 = VERTEX_POINT('',#2085);
#2085 = CARTESIAN_POINT('',(-6.350852961086,11.,99.));
#2086 = LINE('',#2087,#2088);
#2087 = CARTESIAN_POINT('',(6.350852961086,11.,99.));
#2088 = VECTOR('',#2089,1.);
#2089 = DIRECTION('',(-1.,1.4E-16,0.));
#2090 = ORIENTED_EDGE('',*,*,#2091,.F.);
#2091 = EDGE_CURVE('',#2092,#2084,#2094,.T.);
#2092 = VERTEX_POINT('',#2093);
#2093 = CARTESIAN_POINT('',(-6.350852961086,11.,93.));
#2094 = LINE('',#2095,#2096);
#2095 = CARTESIAN_POINT('',(-6.350852961086,11.,93.));
#2096 = VECTOR('',#2097,1.);
#2097 = DIRECTION('',(0.,0.,1.));
#2098 = ORIENTED_EDGE('',*,*,#2099,.F.);
#2099 = EDGE_CURVE('',#2030,#2092,#2100,.T.);
#2100 = LINE('',#2101,#2102);
#2101 = CARTESIAN_POINT('',(6.350852961086,11.,93.));
#2102 = VECTOR('',#2103,1.);
#2103 = DIRECTION('',(-1.,1.4E-16,0.));
#2104 = PLANE('',#2105);
#2105 = AXIS2_PLACEMENT_3D('',#2106,#2107,#2108);
#2106 = CARTESIAN_POINT('',(6.350852961086,11.,93.));
#2107 = DIRECTION('',(-1.4E-16,-1.,0.));
#2108 = DIRECTION('',(-1.,1.4E-16,0.));
#2109 = ADVANCED_FACE('',(#2110,#2137),#2148,.F.);
#2110 = FACE_BOUND('',#2111,.F.);
#2111 = EDGE_LOOP('',(#2112,#2113,#2114,#2122,#2130,#2136));
#2112 = ORIENTED_EDGE('',*,*,#2037,.T.);
#2113 = ORIENTED_EDGE('',*,*,#2099,.T.);
#2114 = ORIENTED_EDGE('',*,*,#2115,.T.);
#2115 = EDGE_CURVE('',#2092,#2116,#2118,.T.);
#2116 = VERTEX_POINT('',#2117);
#2117 = CARTESIAN_POINT('',(-12.70170592217,2.E-15,93.));
#2118 = LINE('',#2119,#2120);
#2119 = CARTESIAN_POINT('',(-6.350852961086,11.,93.));
#2120 = VECTOR('',#2121,1.);
#2121 = DIRECTION('',(-0.5,-0.866025403784,0.));
#2122 = ORIENTED_EDGE('',*,*,#2123,.T.);
#2123 = EDGE_CURVE('',#2116,#2124,#2126,.T.);
#2124 = VERTEX_POINT('',#2125);
#2125 = CARTESIAN_POINT('',(-6.350852961086,-11.,93.));
#2126 = LINE('',#2127,#2128);
#2127 = CARTESIAN_POINT('',(-12.70170592217,1.56E-15,93.));
#2128 = VECTOR('',#2129,1.);
#2129 = DIRECTION('',(0.5,-0.866025403784,0.));
#2130 = ORIENTED_EDGE('',*,*,#2131,.T.);
#2131 = EDGE_CURVE('',#2124,#2052,#2132,.T.);
#2132 = LINE('',#2133,#2134);
#2133 = CARTESIAN_POINT('',(-6.350852961086,-11.,93.));
#2134 = VECTOR('',#2135,1.);
#2135 = DIRECTION('',(1.,-2.8E-16,0.));
#2136 = ORIENTED_EDGE('',*,*,#2068,.T.);
#2137 = FACE_BOUND('',#2138,.F.);
#2138 = EDGE_LOOP('',(#2139));
#2139 = ORIENTED_EDGE('',*,*,#2140,.F.);
#2140 = EDGE_CURVE('',#2141,#2141,#2143,.T.);
#2141 = VERTEX_POINT('',#2142);
#2142 = CARTESIAN_POINT('',(6.5,-2.E-15,93.));
#2143 = CIRCLE('',#2144,6.5);
#2144 = AXIS2_PLACEMENT_3D('',#2145,#2146,#2147);
#2145 = CARTESIAN_POINT('',(0.,0.,93.));
#2146 = DIRECTION('',(0.,0.,1.));
#2147 = DIRECTION('',(1.,0.,0.));
#2148 = PLANE('',#2149);
#2149 = AXIS2_PLACEMENT_3D('',#2150,#2151,#2152);
#2150 = CARTESIAN_POINT('',(0.,-7.5E-16,93.));
#2151 = DIRECTION('',(0.,0.,1.));
#2152 = DIRECTION('',(1.,0.,0.));
#2153 = ADVANCED_FACE('',(#2154,#2181),#2192,.T.);
#2154 = FACE_BOUND('',#2155,.T.);
#2155 = EDGE_LOOP('',(#2156,#2157,#2158,#2166,#2174,#2180));
#2156 = ORIENTED_EDGE('',*,*,#2021,.T.);
#2157 = ORIENTED_EDGE('',*,*,#2083,.T.);
#2158 = ORIENTED_EDGE('',*,*,#2159,.T.);
#2159 = EDGE_CURVE('',#2084,#2160,#2162,.T.);
#2160 = VERTEX_POINT('',#2161);
#2161 = CARTESIAN_POINT('',(-12.70170592217,2.E-15,99.));
#2162 = LINE('',#2163,#2164);
#2163 = CARTESIAN_POINT('',(-6.350852961086,11.,99.));
#2164 = VECTOR('',#2165,1.);
#2165 = DIRECTION('',(-0.5,-0.866025403784,0.));
#2166 = ORIENTED_EDGE('',*,*,#2167,.T.);
#2167 = EDGE_CURVE('',#2160,#2168,#2170,.T.);
#2168 = VERTEX_POINT('',#2169);
#2169 = CARTESIAN_POINT('',(-6.350852961086,-11.,99.));
#2170 = LINE('',#2171,#2172);
#2171 = CARTESIAN_POINT('',(-12.70170592217,1.56E-15,99.));
#2172 = VECTOR('',#2173,1.);
#2173 = DIRECTION('',(0.5,-0.866025403784,0.));
#2174 = ORIENTED_EDGE('',*,*,#2175,.T.);
#2175 = EDGE_CURVE('',#2168,#2054,#2176,.T.);
#2176 = LINE('',#2177,#2178);
#2177 = CARTESIAN_POINT('',(-6.350852961086,-11.,99.));
#2178 = VECTOR('',#2179,1.);
#2179 = DIRECTION('',(1.,-2.8E-16,0.));
#2180 = ORIENTED_EDGE('',*,*,#2061,.T.);
#2181 = FACE_BOUND('',#2182,.T.);
#2182 = EDGE_LOOP('',(#2183));
#2183 = ORIENTED_EDGE('',*,*,#2184,.F.);
#2184 = EDGE_CURVE('',#2185,#2185,#2187,.T.);
#2185 = VERTEX_POINT('',#2186);
#2186 = CARTESIAN_POINT('',(6.5,-2.E-15,99.));
#2187 = CIRCLE('',#2188,6.5);
#2188 = AXIS2_PLACEMENT_3D('',#2189,#2190,#2191);
#2189 = CARTESIAN_POINT('',(0.,0.,99.));
#2190 = DIRECTION('',(0.,0.,1.));
#2191 = DIRECTION('',(1.,0.,0.));
#2192 = PLANE('',#2193);
#2193 = AXIS2_PLACEMENT_3D('',#2194,#2195,#2196);
#2194 = CARTESIAN_POINT('',(0.,-7.5E-16,99.));
#2195 = DIRECTION('',(0.,0.,1.));
#2196 = DIRECTION('',(1.,0.,0.));
#2197 = ADVANCED_FACE('',(#2198),#2209,.F.);
#2198 = FACE_BOUND('',#2199,.F.);
#2199 = EDGE_LOOP('',(#2200,#2206,#2207,#2208));
#2200 = ORIENTED_EDGE('',*,*,#2201,.T.);
#2201 = EDGE_CURVE('',#2124,#2168,#2202,.T.);
#2202 = LINE('',#2203,#2204);
#2203 = CARTESIAN_POINT('',(-6.350852961086,-11.,93.));
#2204 = VECTOR('',#2205,1.);
#2205 = DIRECTION('',(0.,0.,1.));
#2206 = ORIENTED_EDGE('',*,*,#2175,.T.);
#2207 = ORIENTED_EDGE('',*,*,#2051,.F.);
#2208 = ORIENTED_EDGE('',*,*,#2131,.F.);
#2209 = PLANE('',#2210);
#2210 = AXIS2_PLACEMENT_3D('',#2211,#2212,#2213);
#2211 = CARTESIAN_POINT('',(-6.350852961086,-11.,93.));
#2212 = DIRECTION('',(2.8E-16,1.,0.));
#2213 = DIRECTION('',(1.,-2.8E-16,0.));
#2214 = ADVANCED_FACE('',(#2215),#2226,.F.);
#2215 = FACE_BOUND('',#2216,.F.);
#2216 = EDGE_LOOP('',(#2217,#2218,#2219,#2225));
#2217 = ORIENTED_EDGE('',*,*,#2091,.T.);
#2218 = ORIENTED_EDGE('',*,*,#2159,.T.);
#2219 = ORIENTED_EDGE('',*,*,#2220,.F.);
#2220 = EDGE_CURVE('',#2116,#2160,#2221,.T.);
#2221 = LINE('',#2222,#2223);
#2222 = CARTESIAN_POINT('',(-12.70170592217,1.56E-15,93.));
#2223 = VECTOR('',#2224,1.);
#2224 = DIRECTION('',(0.,0.,1.));
#2225 = ORIENTED_EDGE('',*,*,#2115,.F.);
#2226 = PLANE('',#2227);
#2227 = AXIS2_PLACEMENT_3D('',#2228,#2229,#2230);
#2228 = CARTESIAN_POINT('',(-6.350852961086,11.,93.));
#2229 = DIRECTION('',(0.866025403784,-0.5,0.));
#2230 = DIRECTION('',(-0.5,-0.866025403784,0.));
#2231 = ADVANCED_FACE('',(#2232),#2238,.F.);
#2232 = FACE_BOUND('',#2233,.F.);
#2233 = EDGE_LOOP('',(#2234,#2235,#2236,#2237));
#2234 = ORIENTED_EDGE('',*,*,#2220,.T.);
#2235 = ORIENTED_EDGE('',*,*,#2167,.T.);
#2236 = ORIENTED_EDGE('',*,*,#2201,.F.);
#2237 = ORIENTED_EDGE('',*,*,#2123,.F.);
#2238 = PLANE('',#2239);
#2239 = AXIS2_PLACEMENT_3D('',#2240,#2241,#2242);
#2240 = CARTESIAN_POINT('',(-12.70170592217,1.56E-15,93.));
#2241 = DIRECTION('',(0.866025403784,0.5,0.));
#2242 = DIRECTION('',(0.5,-0.866025403784,0.));
#2243 = ADVANCED_FACE('',(#2244),#2255,.F.);
#2244 = FACE_BOUND('',#2245,.F.);
#2245 = EDGE_LOOP('',(#2246,#2247,#2253,#2254));
#2246 = ORIENTED_EDGE('',*,*,#2184,.F.);
#2247 = ORIENTED_EDGE('',*,*,#2248,.F.);
#2248 = EDGE_CURVE('',#2141,#2185,#2249,.T.);
#2249 = LINE('',#2250,#2251);
#2250 = CARTESIAN_POINT('',(6.5,-1.59E-15,92.));
#2251 = VECTOR('',#2252,1.);
#2252 = DIRECTION('',(0.,0.,1.));
#2253 = ORIENTED_EDGE('',*,*,#2140,.T.);
#2254 = ORIENTED_EDGE('',*,*,#2248,.T.);
#2255 = CYLINDRICAL_SURFACE('',#2256,6.5);
#2256 = AXIS2_PLACEMENT_3D('',#2257,#2258,#2259);
#2257 = CARTESIAN_POINT('',(0.,0.,92.));
#2258 = DIRECTION('',(0.,0.,1.));
#2259 = DIRECTION('',(1.,0.,0.));
#2260 = MANIFOLD_SOLID_BREP('',#2261);
#2261 = CLOSED_SHELL('',(#2262,#2295,#2315,#2324,#2349,#2408,#2439,#2463
    ,#2487,#2511,#2535,#2552));
#2262 = ADVANCED_FACE('',(#2263),#2290,.T.);
#2263 = FACE_BOUND('',#2264,.T.);
#2264 = EDGE_LOOP('',(#2265,#2274,#2282,#2289));
#2265 = ORIENTED_EDGE('',*,*,#2266,.F.);
#2266 = EDGE_CURVE('',#2267,#2267,#2269,.T.);
#2267 = VERTEX_POINT('',#2268);
#2268 = CARTESIAN_POINT('',(5.5,-1.E-15,87.));
#2269 = CIRCLE('',#2270,5.5);
#2270 = AXIS2_PLACEMENT_3D('',#2271,#2272,#2273);
#2271 = CARTESIAN_POINT('',(0.,0.,87.));
#2272 = DIRECTION('',(0.,0.,1.));
#2273 = DIRECTION('',(1.,0.,0.));
#2274 = ORIENTED_EDGE('',*,*,#2275,.F.);
#2275 = EDGE_CURVE('',#2276,#2267,#2278,.T.);
#2276 = VERTEX_POINT('',#2277);
#2277 = CARTESIAN_POINT('',(5.5,-1.E-15,67.));
#2278 = LINE('',#2279,#2280);
#2279 = CARTESIAN_POINT('',(5.5,-1.35E-15,67.));
#2280 = VECTOR('',#2281,1.);
#2281 = DIRECTION('',(0.,0.,1.));
#2282 = ORIENTED_EDGE('',*,*,#2283,.T.);
#2283 = EDGE_CURVE('',#2276,#2276,#2284,.T.);
#2284 = CIRCLE('',#2285,5.5);
#2285 = AXIS2_PLACEMENT_3D('',#2286,#2287,#2288);
#2286 = CARTESIAN_POINT('',(0.,0.,67.));
#2287 = DIRECTION('',(0.,0.,1.));
#2288 = DIRECTION('',(1.,0.,0.));
#2289 = ORIENTED_EDGE('',*,*,#2275,.T.);
#2290 = CYLINDRICAL_SURFACE('',#2291,5.5);
#2291 = AXIS2_PLACEMENT_3D('',#2292,#2293,#2294);
#2292 = CARTESIAN_POINT('',(0.,0.,67.));
#2293 = DIRECTION('',(0.,0.,1.));
#2294 = DIRECTION('',(1.,0.,0.));
#2295 = ADVANCED_FACE('',(#2296,#2307),#2310,.F.);
#2296 = FACE_BOUND('',#2297,.F.);
#2297 = EDGE_LOOP('',(#2298));
#2298 = ORIENTED_EDGE('',*,*,#2299,.T.);
#2299 = EDGE_CURVE('',#2300,#2300,#2302,.T.);
#2300 = VERTEX_POINT('',#2301);
#2301 = CARTESIAN_POINT('',(6.35,-2.E-15,87.));
#2302 = CIRCLE('',#2303,6.35);
#2303 = AXIS2_PLACEMENT_3D('',#2304,#2305,#2306);
#2304 = CARTESIAN_POINT('',(0.,0.,87.));
#2305 = DIRECTION('',(0.,0.,1.));
#2306 = DIRECTION('',(1.,0.,0.));
#2307 = FACE_BOUND('',#2308,.F.);
#2308 = EDGE_LOOP('',(#2309));
#2309 = ORIENTED_EDGE('',*,*,#2266,.F.);
#2310 = PLANE('',#2311);
#2311 = AXIS2_PLACEMENT_3D('',#2312,#2313,#2314);
#2312 = CARTESIAN_POINT('',(0.,0.,87.));
#2313 = DIRECTION('',(0.,0.,1.));
#2314 = DIRECTION('',(1.,0.,0.));
#2315 = ADVANCED_FACE('',(#2316),#2319,.F.);
#2316 = FACE_BOUND('',#2317,.T.);
#2317 = EDGE_LOOP('',(#2318));
#2318 = ORIENTED_EDGE('',*,*,#2283,.F.);
#2319 = PLANE('',#2320);
#2320 = AXIS2_PLACEMENT_3D('',#2321,#2322,#2323);
#2321 = CARTESIAN_POINT('',(0.,0.,67.));
#2322 = DIRECTION('',(0.,0.,1.));
#2323 = DIRECTION('',(1.,0.,0.));
#2324 = ADVANCED_FACE('',(#2325),#2344,.T.);
#2325 = FACE_BOUND('',#2326,.T.);
#2326 = EDGE_LOOP('',(#2327,#2336,#2342,#2343));
#2327 = ORIENTED_EDGE('',*,*,#2328,.F.);
#2328 = EDGE_CURVE('',#2329,#2329,#2331,.T.);
#2329 = VERTEX_POINT('',#2330);
#2330 = CARTESIAN_POINT('',(6.35,-2.E-15,111.));
#2331 = CIRCLE('',#2332,6.35);
#2332 = AXIS2_PLACEMENT_3D('',#2333,#2334,#2335);
#2333 = CARTESIAN_POINT('',(0.,0.,111.));
#2334 = DIRECTION('',(0.,0.,1.));
#2335 = DIRECTION('',(1.,0.,0.));
#2336 = ORIENTED_EDGE('',*,*,#2337,.F.);
#2337 = EDGE_CURVE('',#2300,#2329,#2338,.T.);
#2338 = LINE('',#2339,#2340);
#2339 = CARTESIAN_POINT('',(6.35,-1.56E-15,87.));
#2340 = VECTOR('',#2341,1.);
#2341 = DIRECTION('',(0.,0.,1.));
#2342 = ORIENTED_EDGE('',*,*,#2299,.T.);
#2343 = ORIENTED_EDGE('',*,*,#2337,.T.);
#2344 = CYLINDRICAL_SURFACE('',#2345,6.35);
#2345 = AXIS2_PLACEMENT_3D('',#2346,#2347,#2348);
#2346 = CARTESIAN_POINT('',(0.,0.,87.));
#2347 = DIRECTION('',(0.,0.,1.));
#2348 = DIRECTION('',(1.,0.,0.));
#2349 = ADVANCED_FACE('',(#2350,#2400),#2403,.F.);
#2350 = FACE_BOUND('',#2351,.F.);
#2351 = EDGE_LOOP('',(#2352,#2362,#2370,#2378,#2386,#2394));
#2352 = ORIENTED_EDGE('',*,*,#2353,.T.);
#2353 = EDGE_CURVE('',#2354,#2356,#2358,.T.);
#2354 = VERTEX_POINT('',#2355);
#2355 = CARTESIAN_POINT('',(12.124355652982,0.,111.));
#2356 = VERTEX_POINT('',#2357);
#2357 = CARTESIAN_POINT('',(6.062177826491,10.5,111.));
#2358 = LINE('',#2359,#2360);
#2359 = CARTESIAN_POINT('',(12.124355652982,0.,111.));
#2360 = VECTOR('',#2361,1.);
#2361 = DIRECTION('',(-0.5,0.866025403784,0.));
#2362 = ORIENTED_EDGE('',*,*,#2363,.T.);
#2363 = EDGE_CURVE('',#2356,#2364,#2366,.T.);
#2364 = VERTEX_POINT('',#2365);
#2365 = CARTESIAN_POINT('',(-6.062177826491,10.5,111.));
#2366 = LINE('',#2367,#2368);
#2367 = CARTESIAN_POINT('',(6.062177826491,10.5,111.));
#2368 = VECTOR('',#2369,1.);
#2369 = DIRECTION('',(-1.,1.5E-16,0.));
#2370 = ORIENTED_EDGE('',*,*,#2371,.T.);
#2371 = EDGE_CURVE('',#2364,#2372,#2374,.T.);
#2372 = VERTEX_POINT('',#2373);
#2373 = CARTESIAN_POINT('',(-12.12435565298,1.E-15,111.));
#2374 = LINE('',#2375,#2376);
#2375 = CARTESIAN_POINT('',(-6.062177826491,10.5,111.));
#2376 = VECTOR('',#2377,1.);
#2377 = DIRECTION('',(-0.5,-0.866025403784,0.));
#2378 = ORIENTED_EDGE('',*,*,#2379,.T.);
#2379 = EDGE_CURVE('',#2372,#2380,#2382,.T.);
#2380 = VERTEX_POINT('',#2381);
#2381 = CARTESIAN_POINT('',(-6.062177826491,-10.5,111.));
#2382 = LINE('',#2383,#2384);
#2383 = CARTESIAN_POINT('',(-12.12435565298,1.48E-15,111.));
#2384 = VECTOR('',#2385,1.);
#2385 = DIRECTION('',(0.5,-0.866025403784,0.));
#2386 = ORIENTED_EDGE('',*,*,#2387,.T.);
#2387 = EDGE_CURVE('',#2380,#2388,#2390,.T.);
#2388 = VERTEX_POINT('',#2389);
#2389 = CARTESIAN_POINT('',(6.062177826491,-10.5,111.));
#2390 = LINE('',#2391,#2392);
#2391 = CARTESIAN_POINT('',(-6.062177826491,-10.5,111.));
#2392 = VECTOR('',#2393,1.);
#2393 = DIRECTION('',(1.,-1.5E-16,0.));
#2394 = ORIENTED_EDGE('',*,*,#2395,.T.);
#2395 = EDGE_CURVE('',#2388,#2354,#2396,.T.);
#2396 = LINE('',#2397,#2398);
#2397 = CARTESIAN_POINT('',(6.062177826491,-10.5,111.));
#2398 = VECTOR('',#2399,1.);
#2399 = DIRECTION('',(0.5,0.866025403784,0.));
#2400 = FACE_BOUND('',#2401,.F.);
#2401 = EDGE_LOOP('',(#2402));
#2402 = ORIENTED_EDGE('',*,*,#2328,.F.);
#2403 = PLANE('',#2404);
#2404 = AXIS2_PLACEMENT_3D('',#2405,#2406,#2407);
#2405 = CARTESIAN_POINT('',(2.E-16,2.E-16,111.));
#2406 = DIRECTION('',(0.,0.,1.));
#2407 = DIRECTION('',(1.,0.,0.));
#2408 = ADVANCED_FACE('',(#2409),#2434,.F.);
#2409 = FACE_BOUND('',#2410,.F.);
#2410 = EDGE_LOOP('',(#2411,#2419,#2427,#2433));
#2411 = ORIENTED_EDGE('',*,*,#2412,.T.);
#2412 = EDGE_CURVE('',#2354,#2413,#2415,.T.);
#2413 = VERTEX_POINT('',#2414);
#2414 = CARTESIAN_POINT('',(12.124355652982,0.,116.));
#2415 = LINE('',#2416,#2417);
#2416 = CARTESIAN_POINT('',(12.124355652982,0.,111.));
#2417 = VECTOR('',#2418,1.);
#2418 = DIRECTION('',(0.,0.,1.));
#2419 = ORIENTED_EDGE('',*,*,#2420,.T.);
#2420 = EDGE_CURVE('',#2413,#2421,#2423,.T.);
#2421 = VERTEX_POINT('',#2422);
#2422 = CARTESIAN_POINT('',(6.062177826491,10.5,116.));
#2423 = LINE('',#2424,#2425);
#2424 = CARTESIAN_POINT('',(12.124355652982,0.,116.));
#2425 = VECTOR('',#2426,1.);
#2426 = DIRECTION('',(-0.5,0.866025403784,0.));
#2427 = ORIENTED_EDGE('',*,*,#2428,.F.);
#2428 = EDGE_CURVE('',#2356,#2421,#2429,.T.);
#2429 = LINE('',#2430,#2431);
#2430 = CARTESIAN_POINT('',(6.062177826491,10.5,111.));
#2431 = VECTOR('',#2432,1.);
#2432 = DIRECTION('',(0.,0.,1.));
#2433 = ORIENTED_EDGE('',*,*,#2353,.F.);
#2434 = PLANE('',#2435);
#2435 = AXIS2_PLACEMENT_3D('',#2436,#2437,#2438);
#2436 = CARTESIAN_POINT('',(12.124355652982,0.,111.));
#2437 = DIRECTION('',(-0.866025403784,-0.5,0.));
#2438 = DIRECTION('',(-0.5,0.866025403784,0.));
#2439 = ADVANCED_FACE('',(#2440),#2458,.F.);
#2440 = FACE_BOUND('',#2441,.F.);
#2441 = EDGE_LOOP('',(#2442,#2450,#2456,#2457));
#2442 = ORIENTED_EDGE('',*,*,#2443,.T.);
#2443 = EDGE_CURVE('',#2388,#2444,#2446,.T.);
#2444 = VERTEX_POINT('',#2445);
#2445 = CARTESIAN_POINT('',(6.062177826491,-10.5,116.));
#2446 = LINE('',#2447,#2448);
#2447 = CARTESIAN_POINT('',(6.062177826491,-10.5,111.));
#2448 = VECTOR('',#2449,1.);
#2449 = DIRECTION('',(0.,0.,1.));
#2450 = ORIENTED_EDGE('',*,*,#2451,.T.);
#2451 = EDGE_CURVE('',#2444,#2413,#2452,.T.);
#2452 = LINE('',#2453,#2454);
#2453 = CARTESIAN_POINT('',(6.062177826491,-10.5,116.));
#2454 = VECTOR('',#2455,1.);
#2455 = DIRECTION('',(0.5,0.866025403784,0.));
#2456 = ORIENTED_EDGE('',*,*,#2412,.F.);
#2457 = ORIENTED_EDGE('',*,*,#2395,.F.);
#2458 = PLANE('',#2459);
#2459 = AXIS2_PLACEMENT_3D('',#2460,#2461,#2462);
#2460 = CARTESIAN_POINT('',(6.062177826491,-10.5,111.));
#2461 = DIRECTION('',(-0.866025403784,0.5,0.));
#2462 = DIRECTION('',(0.5,0.866025403784,0.));
#2463 = ADVANCED_FACE('',(#2464),#2482,.F.);
#2464 = FACE_BOUND('',#2465,.F.);
#2465 = EDGE_LOOP('',(#2466,#2467,#2475,#2481));
#2466 = ORIENTED_EDGE('',*,*,#2428,.T.);
#2467 = ORIENTED_EDGE('',*,*,#2468,.T.);
#2468 = EDGE_CURVE('',#2421,#2469,#2471,.T.);
#2469 = VERTEX_POINT('',#2470);
#2470 = CARTESIAN_POINT('',(-6.062177826491,10.5,116.));
#2471 = LINE('',#2472,#2473);
#2472 = CARTESIAN_POINT('',(6.062177826491,10.5,116.));
#2473 = VECTOR('',#2474,1.);
#2474 = DIRECTION('',(-1.,1.5E-16,0.));
#2475 = ORIENTED_EDGE('',*,*,#2476,.F.);
#2476 = EDGE_CURVE('',#2364,#2469,#2477,.T.);
#2477 = LINE('',#2478,#2479);
#2478 = CARTESIAN_POINT('',(-6.062177826491,10.5,111.));
#2479 = VECTOR('',#2480,1.);
#2480 = DIRECTION('',(0.,0.,1.));
#2481 = ORIENTED_EDGE('',*,*,#2363,.F.);
#2482 = PLANE('',#2483);
#2483 = AXIS2_PLACEMENT_3D('',#2484,#2485,#2486);
#2484 = CARTESIAN_POINT('',(6.062177826491,10.5,111.));
#2485 = DIRECTION('',(-1.5E-16,-1.,0.));
#2486 = DIRECTION('',(-1.,1.5E-16,0.));
#2487 = ADVANCED_FACE('',(#2488),#2506,.F.);
#2488 = FACE_BOUND('',#2489,.F.);
#2489 = EDGE_LOOP('',(#2490,#2498,#2504,#2505));
#2490 = ORIENTED_EDGE('',*,*,#2491,.T.);
#2491 = EDGE_CURVE('',#2380,#2492,#2494,.T.);
#2492 = VERTEX_POINT('',#2493);
#2493 = CARTESIAN_POINT('',(-6.062177826491,-10.5,116.));
#2494 = LINE('',#2495,#2496);
#2495 = CARTESIAN_POINT('',(-6.062177826491,-10.5,111.));
#2496 = VECTOR('',#2497,1.);
#2497 = DIRECTION('',(0.,0.,1.));
#2498 = ORIENTED_EDGE('',*,*,#2499,.T.);
#2499 = EDGE_CURVE('',#2492,#2444,#2500,.T.);
#2500 = LINE('',#2501,#2502);
#2501 = CARTESIAN_POINT('',(-6.062177826491,-10.5,116.));
#2502 = VECTOR('',#2503,1.);
#2503 = DIRECTION('',(1.,-1.5E-16,0.));
#2504 = ORIENTED_EDGE('',*,*,#2443,.F.);
#2505 = ORIENTED_EDGE('',*,*,#2387,.F.);
#2506 = PLANE('',#2507);
#2507 = AXIS2_PLACEMENT_3D('',#2508,#2509,#2510);
#2508 = CARTESIAN_POINT('',(-6.062177826491,-10.5,111.));
#2509 = DIRECTION('',(1.5E-16,1.,0.));
#2510 = DIRECTION('',(1.,-1.5E-16,0.));
#2511 = ADVANCED_FACE('',(#2512),#2530,.F.);
#2512 = FACE_BOUND('',#2513,.F.);
#2513 = EDGE_LOOP('',(#2514,#2515,#2523,#2529));
#2514 = ORIENTED_EDGE('',*,*,#2476,.T.);
#2515 = ORIENTED_EDGE('',*,*,#2516,.T.);
#2516 = EDGE_CURVE('',#2469,#2517,#2519,.T.);
#2517 = VERTEX_POINT('',#2518);
#2518 = CARTESIAN_POINT('',(-12.12435565298,1.E-15,116.));
#2519 = LINE('',#2520,#2521);
#2520 = CARTESIAN_POINT('',(-6.062177826491,10.5,116.));
#2521 = VECTOR('',#2522,1.);
#2522 = DIRECTION('',(-0.5,-0.866025403784,0.));
#2523 = ORIENTED_EDGE('',*,*,#2524,.F.);
#2524 = EDGE_CURVE('',#2372,#2517,#2525,.T.);
#2525 = LINE('',#2526,#2527);
#2526 = CARTESIAN_POINT('',(-12.12435565298,1.48E-15,111.));
#2527 = VECTOR('',#2528,1.);
#2528 = DIRECTION('',(0.,0.,1.));
#2529 = ORIENTED_EDGE('',*,*,#2371,.F.);
#2530 = PLANE('',#2531);
#2531 = AXIS2_PLACEMENT_3D('',#2532,#2533,#2534);
#2532 = CARTESIAN_POINT('',(-6.062177826491,10.5,111.));
#2533 = DIRECTION('',(0.866025403784,-0.5,0.));
#2534 = DIRECTION('',(-0.5,-0.866025403784,0.));
#2535 = ADVANCED_FACE('',(#2536),#2547,.F.);
#2536 = FACE_BOUND('',#2537,.F.);
#2537 = EDGE_LOOP('',(#2538,#2539,#2545,#2546));
#2538 = ORIENTED_EDGE('',*,*,#2524,.T.);
#2539 = ORIENTED_EDGE('',*,*,#2540,.T.);
#2540 = EDGE_CURVE('',#2517,#2492,#2541,.T.);
#2541 = LINE('',#2542,#2543);
#2542 = CARTESIAN_POINT('',(-12.12435565298,1.48E-15,116.));
#2543 = VECTOR('',#2544,1.);
#2544 = DIRECTION('',(0.5,-0.866025403784,0.));
#2545 = ORIENTED_EDGE('',*,*,#2491,.F.);
#2546 = ORIENTED_EDGE('',*,*,#2379,.F.);
#2547 = PLANE('',#2548);
#2548 = AXIS2_PLACEMENT_3D('',#2549,#2550,#2551);
#2549 = CARTESIAN_POINT('',(-12.12435565298,1.48E-15,111.));
#2550 = DIRECTION('',(0.866025403784,0.5,0.));
#2551 = DIRECTION('',(0.5,-0.866025403784,0.));
#2552 = ADVANCED_FACE('',(#2553),#2561,.T.);
#2553 = FACE_BOUND('',#2554,.T.);
#2554 = EDGE_LOOP('',(#2555,#2556,#2557,#2558,#2559,#2560));
#2555 = ORIENTED_EDGE('',*,*,#2420,.T.);
#2556 = ORIENTED_EDGE('',*,*,#2468,.T.);
#2557 = ORIENTED_EDGE('',*,*,#2516,.T.);
#2558 = ORIENTED_EDGE('',*,*,#2540,.T.);
#2559 = ORIENTED_EDGE('',*,*,#2499,.T.);
#2560 = ORIENTED_EDGE('',*,*,#2451,.T.);
#2561 = PLANE('',#2562);
#2562 = AXIS2_PLACEMENT_3D('',#2563,#2564,#2565);
#2563 = CARTESIAN_POINT('',(2.E-16,2.E-16,116.));
#2564 = DIRECTION('',(0.,0.,1.));
#2565 = DIRECTION('',(1.,0.,0.));
#2566 = MANIFOLD_SOLID_BREP('',#2567);
#2567 = CLOSED_SHELL('',(#2568,#2601,#2626,#2635,#2660,#2680,#2705));
#2568 = ADVANCED_FACE('',(#2569),#2596,.T.);
#2569 = FACE_BOUND('',#2570,.T.);
#2570 = EDGE_LOOP('',(#2571,#2580,#2588,#2595));
#2571 = ORIENTED_EDGE('',*,*,#2572,.F.);
#2572 = EDGE_CURVE('',#2573,#2573,#2575,.T.);
#2573 = VERTEX_POINT('',#2574);
#2574 = CARTESIAN_POINT('',(5.,-1.E-15,16.));
#2575 = CIRCLE('',#2576,5.);
#2576 = AXIS2_PLACEMENT_3D('',#2577,#2578,#2579);
#2577 = CARTESIAN_POINT('',(0.,0.,16.));
#2578 = DIRECTION('',(0.,0.,1.));
#2579 = DIRECTION('',(1.,0.,0.));
#2580 = ORIENTED_EDGE('',*,*,#2581,.F.);
#2581 = EDGE_CURVE('',#2582,#2573,#2584,.T.);
#2582 = VERTEX_POINT('',#2583);
#2583 = CARTESIAN_POINT('',(5.,-1.E-15,0.));
#2584 = LINE('',#2585,#2586);
#2585 = CARTESIAN_POINT('',(5.,-1.22E-15,0.));
#2586 = VECTOR('',#2587,1.);
#2587 = DIRECTION('',(0.,0.,1.));
#2588 = ORIENTED_EDGE('',*,*,#2589,.T.);
#2589 = EDGE_CURVE('',#2582,#2582,#2590,.T.);
#2590 = CIRCLE('',#2591,5.);
#2591 = AXIS2_PLACEMENT_3D('',#2592,#2593,#2594);
#2592 = CARTESIAN_POINT('',(0.,0.,0.));
#2593 = DIRECTION('',(0.,0.,1.));
#2594 = DIRECTION('',(1.,0.,0.));
#2595 = ORIENTED_EDGE('',*,*,#2581,.T.);
#2596 = CYLINDRICAL_SURFACE('',#2597,5.);
#2597 = AXIS2_PLACEMENT_3D('',#2598,#2599,#2600);
#2598 = CARTESIAN_POINT('',(0.,0.,0.));
#2599 = DIRECTION('',(0.,0.,1.));
#2600 = DIRECTION('',(1.,0.,0.));
#2601 = ADVANCED_FACE('',(#2602),#2621,.T.);
#2602 = FACE_BOUND('',#2603,.T.);
#2603 = EDGE_LOOP('',(#2604,#2613,#2619,#2620));
#2604 = ORIENTED_EDGE('',*,*,#2605,.F.);
#2605 = EDGE_CURVE('',#2606,#2606,#2608,.T.);
#2606 = VERTEX_POINT('',#2607);
#2607 = CARTESIAN_POINT('',(16.3,-4.E-15,22.));
#2608 = CIRCLE('',#2609,16.3);
#2609 = AXIS2_PLACEMENT_3D('',#2610,#2611,#2612);
#2610 = CARTESIAN_POINT('',(0.,0.,22.));
#2611 = DIRECTION('',(0.,0.,1.));
#2612 = DIRECTION('',(1.,0.,0.));
#2613 = ORIENTED_EDGE('',*,*,#2614,.F.);
#2614 = EDGE_CURVE('',#2573,#2606,#2615,.T.);
#2615 = LINE('',#2616,#2617);
#2616 = CARTESIAN_POINT('',(5.,-1.22E-15,16.));
#2617 = VECTOR('',#2618,1.);
#2618 = DIRECTION('',(0.88321689719,-2.2E-16,0.468964724172));
#2619 = ORIENTED_EDGE('',*,*,#2572,.T.);
#2620 = ORIENTED_EDGE('',*,*,#2614,.T.);
#2621 = CONICAL_SURFACE('',#2622,5.,1.082678078928);
#2622 = AXIS2_PLACEMENT_3D('',#2623,#2624,#2625);
#2623 = CARTESIAN_POINT('',(0.,0.,16.));
#2624 = DIRECTION('',(0.,0.,1.));
#2625 = DIRECTION('',(1.,0.,0.));
#2626 = ADVANCED_FACE('',(#2627),#2630,.F.);
#2627 = FACE_BOUND('',#2628,.T.);
#2628 = EDGE_LOOP('',(#2629));
#2629 = ORIENTED_EDGE('',*,*,#2589,.F.);
#2630 = PLANE('',#2631);
#2631 = AXIS2_PLACEMENT_3D('',#2632,#2633,#2634);
#2632 = CARTESIAN_POINT('',(0.,0.,0.));
#2633 = DIRECTION('',(0.,0.,1.));
#2634 = DIRECTION('',(1.,0.,0.));
#2635 = ADVANCED_FACE('',(#2636),#2655,.T.);
#2636 = FACE_BOUND('',#2637,.T.);
#2637 = EDGE_LOOP('',(#2638,#2647,#2653,#2654));
#2638 = ORIENTED_EDGE('',*,*,#2639,.F.);
#2639 = EDGE_CURVE('',#2640,#2640,#2642,.T.);
#2640 = VERTEX_POINT('',#2641);
#2641 = CARTESIAN_POINT('',(16.3,-4.E-15,62.));
#2642 = CIRCLE('',#2643,16.3);
#2643 = AXIS2_PLACEMENT_3D('',#2644,#2645,#2646);
#2644 = CARTESIAN_POINT('',(0.,0.,62.));
#2645 = DIRECTION('',(0.,0.,1.));
#2646 = DIRECTION('',(1.,0.,0.));
#2647 = ORIENTED_EDGE('',*,*,#2648,.F.);
#2648 = EDGE_CURVE('',#2606,#2640,#2649,.T.);
#2649 = LINE('',#2650,#2651);
#2650 = CARTESIAN_POINT('',(16.3,-3.99E-15,22.));
#2651 = VECTOR('',#2652,1.);
#2652 = DIRECTION('',(0.,0.,1.));
#2653 = ORIENTED_EDGE('',*,*,#2605,.T.);
#2654 = ORIENTED_EDGE('',*,*,#2648,.T.);
#2655 = CYLINDRICAL_SURFACE('',#2656,16.3);
#2656 = AXIS2_PLACEMENT_3D('',#2657,#2658,#2659);
#2657 = CARTESIAN_POINT('',(0.,0.,22.));
#2658 = DIRECTION('',(0.,0.,1.));
#2659 = DIRECTION('',(1.,0.,0.));
#2660 = ADVANCED_FACE('',(#2661,#2664),#2675,.T.);
#2661 = FACE_BOUND('',#2662,.T.);
#2662 = EDGE_LOOP('',(#2663));
#2663 = ORIENTED_EDGE('',*,*,#2639,.T.);
#2664 = FACE_BOUND('',#2665,.T.);
#2665 = EDGE_LOOP('',(#2666));
#2666 = ORIENTED_EDGE('',*,*,#2667,.F.);
#2667 = EDGE_CURVE('',#2668,#2668,#2670,.T.);
#2668 = VERTEX_POINT('',#2669);
#2669 = CARTESIAN_POINT('',(13.,-3.E-15,62.));
#2670 = CIRCLE('',#2671,13.);
#2671 = AXIS2_PLACEMENT_3D('',#2672,#2673,#2674);
#2672 = CARTESIAN_POINT('',(0.,0.,62.));
#2673 = DIRECTION('',(0.,0.,1.));
#2674 = DIRECTION('',(1.,0.,0.));
#2675 = PLANE('',#2676);
#2676 = AXIS2_PLACEMENT_3D('',#2677,#2678,#2679);
#2677 = CARTESIAN_POINT('',(0.,0.,62.));
#2678 = DIRECTION('',(0.,0.,1.));
#2679 = DIRECTION('',(1.,0.,0.));
#2680 = ADVANCED_FACE('',(#2681),#2700,.F.);
#2681 = FACE_BOUND('',#2682,.F.);
#2682 = EDGE_LOOP('',(#2683,#2684,#2692,#2699));
#2683 = ORIENTED_EDGE('',*,*,#2667,.F.);
#2684 = ORIENTED_EDGE('',*,*,#2685,.F.);
#2685 = EDGE_CURVE('',#2686,#2668,#2688,.T.);
#2686 = VERTEX_POINT('',#2687);
#2687 = CARTESIAN_POINT('',(13.,-3.E-15,25.));
#2688 = LINE('',#2689,#2690);
#2689 = CARTESIAN_POINT('',(13.,-3.18E-15,25.));
#2690 = VECTOR('',#2691,1.);
#2691 = DIRECTION('',(0.,0.,1.));
#2692 = ORIENTED_EDGE('',*,*,#2693,.T.);
#2693 = EDGE_CURVE('',#2686,#2686,#2694,.T.);
#2694 = CIRCLE('',#2695,13.);
#2695 = AXIS2_PLACEMENT_3D('',#2696,#2697,#2698);
#2696 = CARTESIAN_POINT('',(0.,0.,25.));
#2697 = DIRECTION('',(0.,0.,1.));
#2698 = DIRECTION('',(1.,0.,0.));
#2699 = ORIENTED_EDGE('',*,*,#2685,.T.);
#2700 = CYLINDRICAL_SURFACE('',#2701,13.);
#2701 = AXIS2_PLACEMENT_3D('',#2702,#2703,#2704);
#2702 = CARTESIAN_POINT('',(0.,0.,25.));
#2703 = DIRECTION('',(0.,0.,1.));
#2704 = DIRECTION('',(1.,0.,0.));
#2705 = ADVANCED_FACE('',(#2706),#2709,.T.);
#2706 = FACE_BOUND('',#2707,.F.);
#2707 = EDGE_LOOP('',(#2708));
#2708 = ORIENTED_EDGE('',*,*,#2693,.F.);
#2709 = PLANE('',#2710);
#2710 = AXIS2_PLACEMENT_3D('',#2711,#2712,#2713);
#2711 = CARTESIAN_POINT('',(0.,0.,25.));
#2712 = DIRECTION('',(0.,0.,1.));
#2713 = DIRECTION('',(1.,0.,0.));
#2714 = MANIFOLD_SOLID_BREP('',#2715);
#2715 = CLOSED_SHELL('',(#2716,#4148,#4164,#4174,#4190));
#2716 = ADVANCED_FACE('',(#2717),#3188,.T.);
#2717 = FACE_BOUND('',#2718,.T.);
#2718 = EDGE_LOOP('',(#2719,#2733,#2875,#2887,#3027,#3037,#3038,#3050));
#2719 = ORIENTED_EDGE('',*,*,#2720,.T.);
#2720 = EDGE_CURVE('',#2721,#2723,#2725,.T.);
#2721 = VERTEX_POINT('',#2722);
#2722 = CARTESIAN_POINT('',(8.800001812849,1.58611617558E-04,-1.E-15));
#2723 = VERTEX_POINT('',#2724);
#2724 = CARTESIAN_POINT('',(11.2,0.,2.079825948696E-03));
#2725 = ( BOUNDED_CURVE() B_SPLINE_CURVE(6,(#2726,#2727,#2728,#2729,
#2730,#2731,#2732),.UNSPECIFIED.,.T.,.F.) B_SPLINE_CURVE_WITH_KNOTS((1,6
    ,6,1),(-6.28318530718,0.,6.28318530718,12.566370614359),
.UNSPECIFIED.) CURVE() GEOMETRIC_REPRESENTATION_ITEM() 
RATIONAL_B_SPLINE_CURVE((1.669078461068,1.03672962321,1.038346699848,
    0.853534330196,1.038346699848,1.03672962321,1.669078461068)) 
REPRESENTATION_ITEM('') );
#2726 = CARTESIAN_POINT('',(11.2,0.,2.079825948696E-03));
#2727 = CARTESIAN_POINT('',(11.2,0.151614803396,-1.98599902456));
#2728 = CARTESIAN_POINT('',(8.734542171342,0.173384108816,
    -2.271453312169));
#2729 = CARTESIAN_POINT('',(6.70105969479,0.,2.079825948688E-03));
#2730 = CARTESIAN_POINT('',(8.734542171342,-0.173384108816,
    2.275612964066));
#2731 = CARTESIAN_POINT('',(11.2,-0.151614803396,1.990158676457));
#2732 = CARTESIAN_POINT('',(11.2,0.,2.079825948696E-03));
#2733 = ORIENTED_EDGE('',*,*,#2734,.T.);
#2734 = EDGE_CURVE('',#2723,#2735,#2737,.T.);
#2735 = VERTEX_POINT('',#2736);
#2736 = CARTESIAN_POINT('',(-11.19999999999,2.31131447E-07,
    45.523049470657));
#2737 = ( BOUNDED_CURVE() B_SPLINE_CURVE(9,(#2738,#2739,#2740,#2741,
    #2742,#2743,#2744,#2745,#2746,#2747,#2748,#2749,#2750,#2751,#2752,
    #2753,#2754,#2755,#2756,#2757,#2758,#2759,#2760,#2761,#2762,#2763,
    #2764,#2765,#2766,#2767,#2768,#2769,#2770,#2771,#2772,#2773,#2774,
    #2775,#2776,#2777,#2778,#2779,#2780,#2781,#2782,#2783,#2784,#2785,
    #2786,#2787,#2788,#2789,#2790,#2791,#2792,#2793,#2794,#2795,#2796,
    #2797,#2798,#2799,#2800,#2801,#2802,#2803,#2804,#2805,#2806,#2807,
    #2808,#2809,#2810,#2811,#2812,#2813,#2814,#2815,#2816,#2817,#2818,
    #2819,#2820,#2821,#2822,#2823,#2824,#2825,#2826,#2827,#2828,#2829,
    #2830,#2831,#2832,#2833,#2834,#2835,#2836,#2837,#2838,#2839,#2840,
    #2841,#2842,#2843,#2844,#2845,#2846,#2847,#2848,#2849,#2850,#2851,
    #2852,#2853,#2854,#2855,#2856,#2857,#2858,#2859,#2860,#2861,#2862,
    #2863,#2864,#2865,#2866,#2867,#2868,#2869,#2870,#2871,#2872,#2873,
#2874),.UNSPECIFIED.,.F.,.F.) B_SPLINE_CURVE_WITH_KNOTS((10,8,9,8,9,8,9,
    8,9,8,9,8,9,8,9,8,10),(0.,4.691700447275,9.38340089455,
    14.075101341825,18.7668017891,23.458502236374,28.150202683649,
    32.841903130924,37.533603578199,42.225304025474,46.917004472749,
    51.608704920024,56.300405367299,60.992105814573,65.683806261848,
70.375506709123,75.067207156398),.UNSPECIFIED.) CURVE() 
GEOMETRIC_REPRESENTATION_ITEM() RATIONAL_B_SPLINE_CURVE((1.669078461068,
    1.669078461068,1.669078461068,1.669078461068,1.669078461068,
    1.669078461068,1.669078461068,1.669078461068,1.669078461068,
    1.669078461068,1.669078461068,1.669078461068,1.669078461069,
    1.669078461068,1.669078461068,1.669078461068,1.669078461068,
    1.669078461068,1.669078461068,1.669078461068,1.669078461068,
    1.669078461068,1.669078461068,1.669078461068,1.669078461068,
    1.669078461068,1.669078461068,1.669078461068,1.669078461068,
    1.669078461068,1.669078461068,1.669078461068,1.669078461068,
    1.669078461068,1.669078461068,1.669078461068,1.669078461068,
    1.669078461068,1.669078461068,1.669078461068,1.669078461068,
    1.669078461068,1.669078461068,1.669078461068,1.669078461068,
    1.669078461068,1.669078461068,1.669078461068,1.669078461068,
    1.669078461068,1.669078461068,1.669078461068,1.669078461068,
    1.669078461068,1.669078461068,1.669078461068,1.669078461068,
    1.669078461068,1.669078461068,1.669078461068,1.669078461068,
    1.669078461068,1.669078461069,1.669078461068,1.669078461069,
    1.669078461068,1.669078461068,1.669078461068,1.669078461068,
    1.669078461068,1.669078461068,1.669078461069,1.669078461068,
    1.669078461069,1.669078461068,1.669078461068,1.669078461068,
    1.669078461068,1.669078461068,1.669078461068,1.669078461069,
    1.669078461068,1.669078461069,1.669078461068,1.669078461068,
    1.669078461068,1.669078461068,1.669078461068,1.669078461068,
    1.669078461068,1.669078461069,1.669078461068,1.669078461068,
    1.669078461068,1.669078461068,1.669078461068,1.669078461068,
    1.669078461068,1.669078461068,1.669078461068,1.669078461068,
    1.669078461068,1.669078461068,1.669078461068,1.669078461068,
    1.669078461068,1.669078461068,1.669078461068,1.669078461068,
    1.669078461068,1.669078461068,1.669078461068,1.669078461068,
    1.669078461068,1.669078461068,1.669078461068,1.669078461068,
    1.669078461068,1.669078461068,1.669078461068,1.669078461068,
    1.669078461068,1.669078461069,1.669078461068,1.669078461069,
    1.669078461068,1.669078461068,1.669078461068,1.669078461068,
    1.669078461068,1.669078461069,1.669078461068,1.669078461069,
    1.669078461068,1.669078461068,1.669078461068,1.669078461068)) 
REPRESENTATION_ITEM('') );
#2738 = CARTESIAN_POINT('',(11.2,0.,2.079825948696E-03));
#2739 = CARTESIAN_POINT('',(11.199999999534,4.642593212895,
    0.318209943918));
#2740 = CARTESIAN_POINT('',(9.034972694365,9.285278720168,0.634284178744
    ));
#2741 = CARTESIAN_POINT('',(4.705320587013,12.77289925543,0.950497105165
    ));
#2742 = CARTESIAN_POINT('',(-1.072810842097,13.958370901156,
    1.266474258766));
#2743 = CARTESIAN_POINT('',(-6.862965314867,12.202350724121,
    1.582733990142));
#2744 = CARTESIAN_POINT('',(-11.00847985879,8.005914047523,
    1.898758197471));
#2745 = CARTESIAN_POINT('',(-12.67097891204,2.700947485466,2.21491236567
    ));
#2746 = CARTESIAN_POINT('',(-11.89173474589,-2.362226016683,
    2.531024144558));
#2747 = CARTESIAN_POINT('',(-6.73318236144,-10.08254544039,
    3.163259245787));
#2748 = CARTESIAN_POINT('',(-2.353623777503,-12.74006590356,
    3.479372218421));
#2749 = CARTESIAN_POINT('',(3.183736770267,-13.23423987789,
    3.795522272368));
#2750 = CARTESIAN_POINT('',(8.647159145385,-11.0101909818,4.111555216912
    ));
#2751 = CARTESIAN_POINT('',(12.485305542364,-6.332785294823,
    4.427801217673));
#2752 = CARTESIAN_POINT('',(13.601269046232,-0.540828081288,
    4.743795304601));
#2753 = CARTESIAN_POINT('',(12.036012868015,4.793903997865,
    5.059991464912));
#2754 = CARTESIAN_POINT('',(8.575251856449,8.570806919886,5.376079095374
    ));
#2755 = CARTESIAN_POINT('',(4.286054442489,10.347450764127,
    5.692200652687));
#2756 = CARTESIAN_POINT('',(-3.142404860602E-03,12.124094269484,
    6.008330770671));
#2757 = CARTESIAN_POINT('',(-5.120944601217,11.900548680215,
    6.32440500548));
#2758 = CARTESIAN_POINT('',(-9.999971960309,9.23512631258,6.64061793191)
  );
#2759 = CARTESIAN_POINT('',(-13.3064001181,4.350489307397,6.956595085512
    ));
#2760 = CARTESIAN_POINT('',(-13.89984520543,-1.670915728702,
    7.272854816883));
#2761 = CARTESIAN_POINT('',(-11.60926298503,-7.106778558677,
    7.588879024216));
#2762 = CARTESIAN_POINT('',(-7.344323801699,-10.67285021934,
    7.905033192413));
#2763 = CARTESIAN_POINT('',(-2.368357601355,-11.89051509787,
    8.221144971302));
#2764 = CARTESIAN_POINT('',(6.738380031184,-10.0790724685,8.85338007253)
  );
#2765 = CARTESIAN_POINT('',(10.869593305477,-7.049876983804,
    9.169493045169));
#2766 = CARTESIAN_POINT('',(13.445206666533,-2.12313510225,9.4856430991)
  );
#2767 = CARTESIAN_POINT('',(13.481214639065,3.775515672853,
    9.801676043678));
#2768 = CARTESIAN_POINT('',(10.628650296786,9.11146623472,
    10.117922044386));
#2769 = CARTESIAN_POINT('',(5.704640318017,12.358968141495,
    10.433916131373));
#2770 = CARTESIAN_POINT('',(0.176992931884,12.954373578151,
    10.750112291637));
#2771 = CARTESIAN_POINT('',(-4.63678627657,11.202405486539,
    11.066199922126));
#2772 = CARTESIAN_POINT('',(-7.91959594929,7.919595949289,
    11.382321479428));
#2773 = CARTESIAN_POINT('',(-11.20240509228,4.636786806297,
    11.698451604031));
#2774 = CARTESIAN_POINT('',(-12.95437400745,-0.176993090134,
    12.014525805008));
#2775 = CARTESIAN_POINT('',(-12.35896777561,-5.704639579497,
    12.330738825311));
#2776 = CARTESIAN_POINT('',(-9.111466893688,-10.62865054823,
    12.646715793989));
#2777 = CARTESIAN_POINT('',(-3.775515634996,-13.48121424519,
    12.962975806021));
#2778 = CARTESIAN_POINT('',(2.123134651285,-13.4452068838,
    13.278999673556));
#2779 = CARTESIAN_POINT('',(7.04987682584,-10.86959338462,
    13.595154174694));
#2780 = CARTESIAN_POINT('',(10.079072317162,-6.738380251472,
    13.911265689188));
#2781 = CARTESIAN_POINT('',(11.890515152617,2.368357361845,
    14.543501127167));
#2782 = CARTESIAN_POINT('',(10.672850362514,7.344323573057,
    14.859612641661));
#2783 = CARTESIAN_POINT('',(7.106778807853,11.609262847953,15.1757671428
    ));
#2784 = CARTESIAN_POINT('',(1.670916006716,13.899845162165,
    15.491791010332));
#2785 = CARTESIAN_POINT('',(-4.350489026318,13.306400214327,
    15.808051022368));
#2786 = CARTESIAN_POINT('',(-9.235126109897,9.99997214723,
    16.124027991043));
#2787 = CARTESIAN_POINT('',(-11.90054857301,5.120944848312,
    16.440241011346));
#2788 = CARTESIAN_POINT('',(-12.12409426979,3.142654692567E-03,
    16.756315212327));
#2789 = CARTESIAN_POINT('',(-10.34745085257,-4.286054228952,
    17.072445336924));
#2790 = CARTESIAN_POINT('',(-8.570807096336,-8.575251679568,
    17.388566887628));
#2791 = CARTESIAN_POINT('',(-4.793904248368,-12.03601276911,
    17.7046545519));
#2792 = CARTESIAN_POINT('',(0.54082780577,-13.60126905732,
    18.020850618376));
#2793 = CARTESIAN_POINT('',(6.332785028064,-12.48530567313,
    18.336844890183));
#2794 = CARTESIAN_POINT('',(11.010190815789,-8.647159372525,
    18.653090610321));
#2795 = CARTESIAN_POINT('',(13.234239798644,-3.183737043411,
    18.969123894639));
#2796 = CARTESIAN_POINT('',(12.740065964002,2.353623514599,
    19.285273615657));
#2797 = CARTESIAN_POINT('',(10.082545571049,6.73318215337,
    19.601386852681));
#2798 = CARTESIAN_POINT('',(2.362226279468,11.891734697146,
    20.233621617162));
#2799 = CARTESIAN_POINT('',(-2.700947317802,12.670978967782,
    20.549734854188));
#2800 = CARTESIAN_POINT('',(-8.005913575006,11.008480024034,
    20.865884575197));
#2801 = CARTESIAN_POINT('',(-12.2023510294,6.862965566608,
    21.181917859535));
#2802 = CARTESIAN_POINT('',(-13.95837025738,1.072811130264,
    21.498163579641));
#2803 = CARTESIAN_POINT('',(-12.77290003637,-4.705320323529,
    21.814157851487));
#2804 = CARTESIAN_POINT('',(-9.285278304689,-9.03497250269,
    22.130353917925));
#2805 = CARTESIAN_POINT('',(-4.642593866254,-11.19999990374,
    22.446441582227));
#2806 = CARTESIAN_POINT('',(5.7958E-13,-11.2,22.762563132913));
#2807 = CARTESIAN_POINT('',(4.642593212704,-11.2,23.078693257525));
#2808 = CARTESIAN_POINT('',(9.285278720956,-9.034972692446,
    23.394767458488));
#2809 = CARTESIAN_POINT('',(12.772899253492,-4.705320591714,
    23.710980478801));
#2810 = CARTESIAN_POINT('',(13.958370904602,1.072810850436,
    24.026957447477));
#2811 = CARTESIAN_POINT('',(12.202350719386,6.862965303419,
    24.343217459508));
#2812 = CARTESIAN_POINT('',(8.005914052697,11.008479871294,
    24.659241327044));
#2813 = CARTESIAN_POINT('',(2.700947480928,12.670978901089,
    24.975395828181));
#2814 = CARTESIAN_POINT('',(-2.362226013507,11.891734753564,
    25.291507342676));
#2815 = CARTESIAN_POINT('',(-10.08254544705,6.733182345383,
    25.923742780654));
#2816 = CARTESIAN_POINT('',(-12.74006586766,2.35362386418,
    26.239854295149));
#2817 = CARTESIAN_POINT('',(-13.23423997178,-3.183736996915,
    26.556008796286));
#2818 = CARTESIAN_POINT('',(-11.01019081076,-8.647158732516,
    26.872032663823));
#2819 = CARTESIAN_POINT('',(-6.332785532734,-12.48530611665,
    27.188292675851));
#2820 = CARTESIAN_POINT('',(-0.540827819573,-13.60126841445,
    27.504269644532));
#2821 = CARTESIAN_POINT('',(4.793903767503,-12.03601342412,
    27.82048266484));
#2822 = CARTESIAN_POINT('',(8.570807081473,-8.57525146636,
    28.136556865805));
#2823 = CARTESIAN_POINT('',(10.347450675673,-4.286054656025,
    28.452686990418));
#2824 = CARTESIAN_POINT('',(12.124094431422,3.142794588091E-03,
    28.768808547717));
#2825 = CARTESIAN_POINT('',(11.900548448403,5.120944046575,
    29.084896178186));
#2826 = CARTESIAN_POINT('',(9.235126577859,9.999972588501,29.40109233851
    ));
#2827 = CARTESIAN_POINT('',(4.350489063145,13.30639955018,
    29.717086425412));
#2828 = CARTESIAN_POINT('',(-1.670915548931,13.89984560956,
    30.033332426197));
#2829 = CARTESIAN_POINT('',(-7.106778662127,11.609262767946,
    30.349365370727));
#2830 = CARTESIAN_POINT('',(-10.67285017505,7.34432387999,30.66551542468
    ));
#2831 = CARTESIAN_POINT('',(-11.89051511039,2.368357591169,
    30.981628397312));
#2832 = CARTESIAN_POINT('',(-10.07907245304,-6.738380035804,
    31.613863498541));
#2833 = CARTESIAN_POINT('',(-7.049877054683,-10.86959325009,
    31.929975277428));
#2834 = CARTESIAN_POINT('',(-2.123134923607,-13.44520682751,
    32.246129445629));
#2835 = CARTESIAN_POINT('',(3.77551535213,-13.48121433449,
    32.562153652954));
#2836 = CARTESIAN_POINT('',(9.111466677695,-10.62865072801,
    32.878413384336));
#2837 = CARTESIAN_POINT('',(12.358967656033,-5.704639839156,
    33.194390537935));
#2838 = CARTESIAN_POINT('',(12.954374004551,-0.1769933556,
    33.510603464349));
#2839 = CARTESIAN_POINT('',(11.202405187796,4.636786574667,
    33.826677699189));
#2840 = CARTESIAN_POINT('',(7.91959611272,7.919595785854,34.142807817149
    ));
#2841 = CARTESIAN_POINT('',(4.636786507279,11.202405390651,
    34.458929367865));
#2842 = CARTESIAN_POINT('',(-0.176992662593,12.954373582623,
    34.775017032157));
#2843 = CARTESIAN_POINT('',(-5.704640067739,12.358968257221,
    35.091213098542));
#2844 = CARTESIAN_POINT('',(-10.62865010034,9.111466457581,
    35.40720737049));
#2845 = CARTESIAN_POINT('',(-13.48121457263,3.775515946266,
    35.723453090497));
#2846 = CARTESIAN_POINT('',(-13.44520669783,-2.123134819586,
    36.039486374899));
#2847 = CARTESIAN_POINT('',(-10.86959346192,-7.049876764036,
    36.355636095878));
#2848 = CARTESIAN_POINT('',(-6.738380231513,-10.07907232627,
    36.671749332915));
#2849 = CARTESIAN_POINT('',(2.368357339918,-11.89051515339,
    37.303984097389));
#2850 = CARTESIAN_POINT('',(7.344323668125,-10.67285033499,
    37.620097334434));
#2851 = CARTESIAN_POINT('',(11.609262611727,-7.106778892169,
    37.936247055387));
#2852 = CARTESIAN_POINT('',(13.89984558381,-1.670915844453,
    38.252280339843));
#2853 = CARTESIAN_POINT('',(13.30639963363,4.35048879481,38.568526059769
    ));
#2854 = CARTESIAN_POINT('',(9.999972782626,9.235126367994,
    38.884520331816));
#2855 = CARTESIAN_POINT('',(5.120944290722,11.900548344143,
    39.200716398094));
#2856 = CARTESIAN_POINT('',(3.143045141078E-03,12.124094431011,
    39.516804062483));
#2857 = CARTESIAN_POINT('',(-4.28605444249,10.347450764126,
    39.832925613134));
#2858 = CARTESIAN_POINT('',(-8.575251289479,8.570807258415,
    40.149055737766));
#2859 = CARTESIAN_POINT('',(-12.03601332523,4.793904015948,
    40.465129938717));
#2860 = CARTESIAN_POINT('',(-13.60126842553,-0.540827538993,
    40.781342959028));
#2861 = CARTESIAN_POINT('',(-12.48530624744,-6.332785274971,
    41.097319927715));
#2862 = CARTESIAN_POINT('',(-8.647158959647,-11.01019063238,
    41.413579939735));
#2863 = CARTESIAN_POINT('',(-3.183737270064,-13.23423990605,
    41.729603807276));
#2864 = CARTESIAN_POINT('',(2.353623601277,-12.74006591623,
    42.045758308413));
#2865 = CARTESIAN_POINT('',(6.733182137313,-10.082545586,42.361869822907
    ));
#2866 = CARTESIAN_POINT('',(11.891734704816,-2.362226258911,
    42.994105260886));
#2867 = CARTESIAN_POINT('',(12.670978956823,2.700947219442,
    43.31021677538));
#2868 = CARTESIAN_POINT('',(11.008480036533,8.005913825512,
    43.626371276517));
#2869 = CARTESIAN_POINT('',(6.862965555169,12.202350577771,
    43.942395144056));
#2870 = CARTESIAN_POINT('',(1.072811138593,13.958370882459,
    44.258655156079));
#2871 = CARTESIAN_POINT('',(-4.705320328224,12.772899350582,
    44.574632124764));
#2872 = CARTESIAN_POINT('',(-9.034972500769,9.28527890742,
    44.890845145075));
#2873 = CARTESIAN_POINT('',(-11.19999990421,4.64259344383,
    45.206919346028));
#2874 = CARTESIAN_POINT('',(-11.19999999999,2.3113144731E-07,
    45.523049470657));
#2875 = ORIENTED_EDGE('',*,*,#2876,.F.);
#2876 = EDGE_CURVE('',#2877,#2735,#2879,.T.);
#2877 = VERTEX_POINT('',#2878);
#2878 = CARTESIAN_POINT('',(-11.19999818715,1.58611617364E-04,
    45.525126265847));
#2879 = ( BOUNDED_CURVE() B_SPLINE_CURVE(6,(#2880,#2881,#2882,#2883,
#2884,#2885,#2886),.UNSPECIFIED.,.T.,.F.) B_SPLINE_CURVE_WITH_KNOTS((1,6
    ,6,1),(-6.28318530718,0.,6.28318530718,12.566370614359),
.UNSPECIFIED.) CURVE() GEOMETRIC_REPRESENTATION_ITEM() 
RATIONAL_B_SPLINE_CURVE((1.669078461068,1.03672962321,1.038346699848,
    0.853534330196,1.038346699848,1.03672962321,1.669078461068)) 
REPRESENTATION_ITEM('') );
#2880 = CARTESIAN_POINT('',(-11.19999999999,2.3113144731E-07,
    45.523049470657));
#2881 = CARTESIAN_POINT('',(-11.20000505035,-0.151614572261,
    43.534970620155));
#2882 = CARTESIAN_POINT('',(-8.734547946851,-0.173384352551,
    43.249510105707));
#2883 = CARTESIAN_POINT('',(-6.7010596948,-6.3540726991E-07,
    45.523038107987));
#2884 = CARTESIAN_POINT('',(-8.734536395841,0.173383865073,
    47.796576381927));
#2885 = CARTESIAN_POINT('',(-11.19999494963,0.151615034524,
    47.51112832116));
#2886 = CARTESIAN_POINT('',(-11.19999999999,2.3113144731E-07,
    45.523049470657));
#2887 = ORIENTED_EDGE('',*,*,#2888,.T.);
#2888 = EDGE_CURVE('',#2877,#2889,#2891,.T.);
#2889 = VERTEX_POINT('',#2890);
#2890 = CARTESIAN_POINT('',(-8.800001812849,1.58611617806E-04,
    45.525126265847));
#2891 = B_SPLINE_CURVE_WITH_KNOTS('',8,(#2892,#2893,#2894,#2895,#2896,
    #2897,#2898,#2899,#2900,#2901,#2902,#2903,#2904,#2905,#2906,#2907,
    #2908,#2909,#2910,#2911,#2912,#2913,#2914,#2915,#2916,#2917,#2918,
    #2919,#2920,#2921,#2922,#2923,#2924,#2925,#2926,#2927,#2928,#2929,
    #2930,#2931,#2932,#2933,#2934,#2935,#2936,#2937,#2938,#2939,#2940,
    #2941,#2942,#2943,#2944,#2945,#2946,#2947,#2948,#2949,#2950,#2951,
    #2952,#2953,#2954,#2955,#2956,#2957,#2958,#2959,#2960,#2961,#2962,
    #2963,#2964,#2965,#2966,#2967,#2968,#2969,#2970,#2971,#2972,#2973,
    #2974,#2975,#2976,#2977,#2978,#2979,#2980,#2981,#2982,#2983,#2984,
    #2985,#2986,#2987,#2988,#2989,#2990,#2991,#2992,#2993,#2994,#2995,
    #2996,#2997,#2998,#2999,#3000,#3001,#3002,#3003,#3004,#3005,#3006,
    #3007,#3008,#3009,#3010,#3011,#3012,#3013,#3014,#3015,#3016,#3017,
    #3018,#3019,#3020,#3021,#3022,#3023,#3024,#3025,#3026),
  .UNSPECIFIED.,.F.,.F.,(9,7,7,7,7,7,7,7,7,7,7,7,7,7,7,7,7,7,7,9),(0.,
    0.190568501988,0.255970147974,0.327674883227,0.39555680813,
    0.446044247537,0.480275871612,0.516535343729,0.532289138374,
    0.538802190672,0.543216254278,0.55003896649,0.557362459996,
    0.567383019032,0.593066315319,0.644392636666,0.700254141201,
    0.762821493797,0.821745839468,1.),.UNSPECIFIED.);
#2892 = CARTESIAN_POINT('',(-11.19999818715,1.58611617368E-04,
    45.525126265847));
#2893 = CARTESIAN_POINT('',(-11.19989688494,0.766574469162,
    45.525126265847));
#2894 = CARTESIAN_POINT('',(-11.13727571917,1.533077277037,
    45.525126265847));
#2895 = CARTESIAN_POINT('',(-11.01211158026,2.293572266866,
    45.525126265847));
#2896 = CARTESIAN_POINT('',(-10.82505580811,3.04209506409,
    45.525126265847));
#2897 = CARTESIAN_POINT('',(-10.57736144507,3.772796873593,
    45.525126265847));
#2898 = CARTESIAN_POINT('',(-10.27086083026,4.479943304825,
    45.525126265847));
#2899 = CARTESIAN_POINT('',(-9.907993535235,5.15792683644,
    45.525126265847));
#2900 = CARTESIAN_POINT('',(-9.349079265214,6.022091218305,
    45.525126265847));
#2901 = CARTESIAN_POINT('',(-9.199997990809,6.238820042378,
    45.525126265847));
#2902 = CARTESIAN_POINT('',(-9.044763937273,6.45126216959,
    45.525126265847));
#2903 = CARTESIAN_POINT('',(-8.883508156131,6.659203631005,
    45.525126265847));
#2904 = CARTESIAN_POINT('',(-8.716369614137,6.86243368141,
    45.525126265847));
#2905 = CARTESIAN_POINT('',(-8.543495176267,7.060744768904,
    45.525126265847));
#2906 = CARTESIAN_POINT('',(-8.365039588714,7.253932504492,
    45.525126265847));
#2907 = CARTESIAN_POINT('',(-7.979570450213,7.647764083917,
    45.525126265847));
#2908 = CARTESIAN_POINT('',(-7.771462655865,7.847331780567,
    45.525126265847));
#2909 = CARTESIAN_POINT('',(-7.557055483572,8.040234010476,
    45.525126265847));
#2910 = CARTESIAN_POINT('',(-7.336574168605,8.226210517938,
    45.525126265847));
#2911 = CARTESIAN_POINT('',(-7.11025553104,8.405004994294,
    45.525126265847));
#2912 = CARTESIAN_POINT('',(-6.878347730033,8.576364569542,
    45.525126265847));
#2913 = CARTESIAN_POINT('',(-6.641110018098,8.740039303947,
    45.525126265847));
#2914 = CARTESIAN_POINT('',(-6.169432633891,9.04322092777,
    45.525126265847));
#2915 = CARTESIAN_POINT('',(-5.935522167574,9.183548207378,
    45.525126265847));
#2916 = CARTESIAN_POINT('',(-5.697306997182,9.316556162732,
    45.525126265847));
#2917 = CARTESIAN_POINT('',(-5.455024983233,9.4420345473,45.525126265847
    ));
#2918 = CARTESIAN_POINT('',(-5.208926536232,9.559771535662,
    45.525126265847));
#2919 = CARTESIAN_POINT('',(-4.959274201558,9.669552296468,
    45.525126265847));
#2920 = CARTESIAN_POINT('',(-4.706341239016,9.771154826489,
    45.525126265847));
#2921 = CARTESIAN_POINT('',(-4.260058769006,9.933652137655,
    45.525126265847));
#2922 = CARTESIAN_POINT('',(-4.068056276052,9.998303973595,
    45.525126265847));
#2923 = CARTESIAN_POINT('',(-3.874513954805,10.058203768627,
    45.525126265847));
#2924 = CARTESIAN_POINT('',(-3.679552775227,10.113247704164,
    45.525126265847));
#2925 = CARTESIAN_POINT('',(-3.483302709651,10.163324409043,
    45.525126265847));
#2926 = CARTESIAN_POINT('',(-3.285902381563,10.208312165165,
    45.525126265847));
#2927 = CARTESIAN_POINT('',(-3.087498094147,10.248071837689,
    45.525126265847));
#2928 = CARTESIAN_POINT('',(-2.753142268729,10.305734889073,
    45.525126265847));
#2929 = CARTESIAN_POINT('',(-2.617657404328,10.326552293912,
    45.525126265847));
#2930 = CARTESIAN_POINT('',(-2.481831901897,10.344836736445,
    45.525126265847));
#2931 = CARTESIAN_POINT('',(-2.345717251001,10.360527824658,
    45.525126265847));
#2932 = CARTESIAN_POINT('',(-2.209372146026,10.373556867479,
    45.525126265847));
#2933 = CARTESIAN_POINT('',(-2.072862570572,10.383843569381,
    45.525126265847));
#2934 = CARTESIAN_POINT('',(-1.936261994485,10.391288334503,
    45.525126265847));
#2935 = CARTESIAN_POINT('',(-1.654948710905,10.400496933879,
    45.525126265847));
#2936 = CARTESIAN_POINT('',(-1.510352389969,10.401893202039,
    45.525126265847));
#2937 = CARTESIAN_POINT('',(-1.365848246345,10.399811887008,
    45.525126265847));
#2938 = CARTESIAN_POINT('',(-1.221520003964,10.394027723076,
    45.525126265847));
#2939 = CARTESIAN_POINT('',(-1.077516446797,10.384324274096,
    45.525126265847));
#2940 = CARTESIAN_POINT('',(-0.934130603724,10.370240463265,
    45.525126265847));
#2941 = CARTESIAN_POINT('',(-0.791717556003,10.351371822661,
    45.525126265847));
#2942 = CARTESIAN_POINT('',(-0.589769861477,10.315547324882,
    45.525126265847));
#2943 = CARTESIAN_POINT('',(-0.529035593589,10.303565255401,
    45.525126265847));
#2944 = CARTESIAN_POINT('',(-0.468682655007,10.290337759497,
    45.525126265847));
#2945 = CARTESIAN_POINT('',(-0.408769083534,10.275699096973,
    45.525126265847));
#2946 = CARTESIAN_POINT('',(-0.349409119659,10.259501193564,
    45.525126265847));
#2947 = CARTESIAN_POINT('',(-0.290899720224,10.241424581632,
    45.525126265847));
#2948 = CARTESIAN_POINT('',(-0.233579080152,10.221205956665,
    45.525126265847));
#2949 = CARTESIAN_POINT('',(-0.155351684836,10.188296288449,
    45.525126265847));
#2950 = CARTESIAN_POINT('',(-0.132876911419,10.178175639069,
    45.525126265847));
#2951 = CARTESIAN_POINT('',(-0.110813466021,10.167477641899,
    45.525126265847));
#2952 = CARTESIAN_POINT('',(-8.922623760948E-02,10.156120462775,
    45.525126265847));
#2953 = CARTESIAN_POINT('',(-6.826434572229E-02,10.144007698569,
    45.525126265847));
#2954 = CARTESIAN_POINT('',(-4.815034905468E-02,10.131036822801,
    45.525126265847));
#2955 = CARTESIAN_POINT('',(-2.919576142686E-02,10.117082841649,
    45.525126265847));
#2956 = CARTESIAN_POINT('',(-1.847682967526E-04,10.091624313828,
    45.525126265847));
#2957 = CARTESIAN_POINT('',(1.077506950478E-02,10.080775233721,
    45.525126265847));
#2958 = CARTESIAN_POINT('',(2.07968866064E-02,10.069304191101,
    45.525126265847));
#2959 = CARTESIAN_POINT('',(2.959814162726E-02,10.057188678599,
    45.525126265847));
#2960 = CARTESIAN_POINT('',(3.682731378091E-02,10.044449865878,
    45.525126265847));
#2961 = CARTESIAN_POINT('',(4.209059511217E-02,10.031160162493,
    45.525126265847));
#2962 = CARTESIAN_POINT('',(4.504271509405E-02,10.017469970502,
    45.525126265847));
#2963 = CARTESIAN_POINT('',(4.649747512096E-02,9.982351057397,
    45.525126265847));
#2964 = CARTESIAN_POINT('',(4.167274507867E-02,9.961264122856,
    45.525126265847));
#2965 = CARTESIAN_POINT('',(3.135064375999E-02,9.941355242656,
    45.525126265847));
#2966 = CARTESIAN_POINT('',(1.714702733824E-02,9.922832130196,
    45.525126265847));
#2967 = CARTESIAN_POINT('',(3.347794605588E-04,9.905748243356,
    45.525126265847));
#2968 = CARTESIAN_POINT('',(-1.805923198324E-02,9.889994016375,
    45.525126265847));
#2969 = CARTESIAN_POINT('',(-3.753365130968E-02,9.875352690746,
    45.525126265847));
#2970 = CARTESIAN_POINT('',(-8.008858167814E-02,9.846628604262,
    45.525126265847));
#2971 = CARTESIAN_POINT('',(-0.103208782926,9.832746912769,
    45.525126265847));
#2972 = CARTESIAN_POINT('',(-0.127094357998,9.819620283494,
    45.525126265847));
#2973 = CARTESIAN_POINT('',(-0.151548042318,9.807120182307,
    45.525126265847));
#2974 = CARTESIAN_POINT('',(-0.176430419634,9.795148715131,
    45.525126265847));
#2975 = CARTESIAN_POINT('',(-0.20164607677,9.783621571066,
    45.525126265847));
#2976 = CARTESIAN_POINT('',(-0.227147575555,9.772470908116,
    45.525126265847));
#2977 = CARTESIAN_POINT('',(-0.288183514348,9.746798171932,
    45.525126265847));
#2978 = CARTESIAN_POINT('',(-0.323893227651,9.73257249894,
    45.525126265847));
#2979 = CARTESIAN_POINT('',(-0.359939233876,9.718816014893,
    45.525126265847));
#2980 = CARTESIAN_POINT('',(-0.396246306716,9.705436594078,
    45.525126265847));
#2981 = CARTESIAN_POINT('',(-0.432761339989,9.69236734421,
    45.525126265847));
#2982 = CARTESIAN_POINT('',(-0.469445584037,9.679553779842,
    45.525126265847));
#2983 = CARTESIAN_POINT('',(-0.506271563844,9.666948419796,
    45.525126265847));
#2984 = CARTESIAN_POINT('',(-0.637937738147,9.622639588309,
    45.525126265847));
#2985 = CARTESIAN_POINT('',(-0.733421634101,9.591899716464,
    45.525126265847));
#2986 = CARTESIAN_POINT('',(-0.829336857311,9.561658735173,
    45.525126265847));
#2987 = CARTESIAN_POINT('',(-0.925510810102,9.531610363924,
    45.525126265847));
#2988 = CARTESIAN_POINT('',(-1.021823220967,9.501536311544,
    45.525126265847));
#2989 = CARTESIAN_POINT('',(-1.118185140132,9.471259844192,
    45.525126265847));
#2990 = CARTESIAN_POINT('',(-1.214547827328,9.440662590007,
    45.525126265847));
#2991 = CARTESIAN_POINT('',(-1.503386828892,9.347625655449,
    45.525126265847));
#2992 = CARTESIAN_POINT('',(-1.695690411111,9.283922074241,
    45.525126265847));
#2993 = CARTESIAN_POINT('',(-1.887393845722,9.217726838672,
    45.525126265847));
#2994 = CARTESIAN_POINT('',(-2.078273194917,9.148659153413,
    45.525126265847));
#2995 = CARTESIAN_POINT('',(-2.268122620304,9.076418898557,
    45.525126265847));
#2996 = CARTESIAN_POINT('',(-2.456770042566,9.000820735228,
    45.525126265847));
#2997 = CARTESIAN_POINT('',(-2.644044384784,8.921720088897,
    45.525126265847));
#2998 = CARTESIAN_POINT('',(-3.031925897922,8.749018399525,
    45.525126265847));
#2999 = CARTESIAN_POINT('',(-3.232264878897,8.654746111067,
    45.525126265847));
#3000 = CARTESIAN_POINT('',(-3.43059041563,8.55607855649,45.525126265847
    ));
#3001 = CARTESIAN_POINT('',(-3.626714039781,8.452938768188,
    45.525126265847));
#3002 = CARTESIAN_POINT('',(-3.820455801319,8.345284837298,
    45.525126265847));
#3003 = CARTESIAN_POINT('',(-4.011638564341,8.233100217879,
    45.525126265847));
#3004 = CARTESIAN_POINT('',(-4.200085527362,8.116389688904,
    45.525126265847));
#3005 = CARTESIAN_POINT('',(-4.593428857194,7.859421859395,
    45.525126265847));
#3006 = CARTESIAN_POINT('',(-4.797592443234,7.71801409453,
    45.525126265847));
#3007 = CARTESIAN_POINT('',(-4.997867890316,7.570992417465,
    45.525126265847));
#3008 = CARTESIAN_POINT('',(-5.19402165157,7.418416666769,
    45.525126265847));
#3009 = CARTESIAN_POINT('',(-5.385827369286,7.260367980085,
    45.525126265847));
#3010 = CARTESIAN_POINT('',(-5.573063999954,7.096946508479,
    45.525126265847));
#3011 = CARTESIAN_POINT('',(-5.755515164243,6.928270646627,
    45.525126265847));
#3012 = CARTESIAN_POINT('',(-6.100091923213,6.590804064161,
    45.525126265847));
#3013 = CARTESIAN_POINT('',(-6.26278560754,6.422588574729,
    45.525126265847));
#3014 = CARTESIAN_POINT('',(-6.420875574967,6.249944628784,
    45.525126265847));
#3015 = CARTESIAN_POINT('',(-6.574193538439,6.072996006181,
    45.525126265847));
#3016 = CARTESIAN_POINT('',(-6.722577963496,5.891876768919,
    45.525126265847));
#3017 = CARTESIAN_POINT('',(-6.865873908011,5.706731081681,
    45.525126265847));
#3018 = CARTESIAN_POINT('',(-7.003932861926,5.517713032363,
    45.525126265847));
#3019 = CARTESIAN_POINT('',(-7.537986802389,4.741962334256,
    45.525126265847));
#3020 = CARTESIAN_POINT('',(-7.890293644737,4.124767085527,
    45.525126265847));
#3021 = CARTESIAN_POINT('',(-8.189337697538,3.478187258168,
    45.525126265847));
#3022 = CARTESIAN_POINT('',(-8.431923226001,2.807473565933,
    45.525126265847));
#3023 = CARTESIAN_POINT('',(-8.615610598412,2.118224759718,
    45.525126265847));
#3024 = CARTESIAN_POINT('',(-8.738653565556,1.416357241406,
    45.525126265847));
#3025 = CARTESIAN_POINT('',(-8.800095389471,0.708125519755,
    45.525126265847));
#3026 = CARTESIAN_POINT('',(-8.800001812849,1.586116178026E-04,
    45.525126265847));
#3027 = ORIENTED_EDGE('',*,*,#3028,.F.);
#3028 = EDGE_CURVE('',#2735,#2889,#3029,.T.);
#3029 = ( BOUNDED_CURVE() B_SPLINE_CURVE(6,(#3030,#3031,#3032,#3033,
#3034,#3035,#3036),.UNSPECIFIED.,.T.,.F.) B_SPLINE_CURVE_WITH_KNOTS((1,6
    ,6,1),(-6.28318530718,0.,6.28318530718,12.566370614359),
.UNSPECIFIED.) CURVE() GEOMETRIC_REPRESENTATION_ITEM() 
RATIONAL_B_SPLINE_CURVE((1.669078461068,1.03672962321,1.038346699848,
    0.853534330196,1.038346699848,1.03672962321,1.669078461068)) 
REPRESENTATION_ITEM('') );
#3030 = CARTESIAN_POINT('',(-11.19999999999,2.3113144731E-07,
    45.523049470657));
#3031 = CARTESIAN_POINT('',(-11.20000505035,-0.151614572261,
    43.534970620155));
#3032 = CARTESIAN_POINT('',(-8.734547946851,-0.173384352551,
    43.249510105707));
#3033 = CARTESIAN_POINT('',(-6.7010596948,-6.3540726991E-07,
    45.523038107987));
#3034 = CARTESIAN_POINT('',(-8.734536395841,0.173383865073,
    47.796576381927));
#3035 = CARTESIAN_POINT('',(-11.19999494963,0.151615034524,
    47.51112832116));
#3036 = CARTESIAN_POINT('',(-11.19999999999,2.3113144731E-07,
    45.523049470657));
#3037 = ORIENTED_EDGE('',*,*,#2734,.F.);
#3038 = ORIENTED_EDGE('',*,*,#3039,.T.);
#3039 = EDGE_CURVE('',#2723,#3040,#3042,.T.);
#3040 = VERTEX_POINT('',#3041);
#3041 = CARTESIAN_POINT('',(11.199998187151,1.58611617557E-04,0.));
#3042 = ( BOUNDED_CURVE() B_SPLINE_CURVE(6,(#3043,#3044,#3045,#3046,
#3047,#3048,#3049),.UNSPECIFIED.,.T.,.F.) B_SPLINE_CURVE_WITH_KNOTS((1,6
    ,6,1),(-6.28318530718,0.,6.28318530718,12.566370614359),
.UNSPECIFIED.) CURVE() GEOMETRIC_REPRESENTATION_ITEM() 
RATIONAL_B_SPLINE_CURVE((1.669078461068,1.03672962321,1.038346699848,
    0.853534330196,1.038346699848,1.03672962321,1.669078461068)) 
REPRESENTATION_ITEM('') );
#3043 = CARTESIAN_POINT('',(11.2,0.,2.079825948696E-03));
#3044 = CARTESIAN_POINT('',(11.2,0.151614803396,-1.98599902456));
#3045 = CARTESIAN_POINT('',(8.734542171342,0.173384108816,
    -2.271453312169));
#3046 = CARTESIAN_POINT('',(6.70105969479,0.,2.079825948688E-03));
#3047 = CARTESIAN_POINT('',(8.734542171342,-0.173384108816,
    2.275612964066));
#3048 = CARTESIAN_POINT('',(11.2,-0.151614803396,1.990158676457));
#3049 = CARTESIAN_POINT('',(11.2,0.,2.079825948696E-03));
#3050 = ORIENTED_EDGE('',*,*,#3051,.T.);
#3051 = EDGE_CURVE('',#3040,#2721,#3052,.T.);
#3052 = B_SPLINE_CURVE_WITH_KNOTS('',8,(#3053,#3054,#3055,#3056,#3057,
    #3058,#3059,#3060,#3061,#3062,#3063,#3064,#3065,#3066,#3067,#3068,
    #3069,#3070,#3071,#3072,#3073,#3074,#3075,#3076,#3077,#3078,#3079,
    #3080,#3081,#3082,#3083,#3084,#3085,#3086,#3087,#3088,#3089,#3090,
    #3091,#3092,#3093,#3094,#3095,#3096,#3097,#3098,#3099,#3100,#3101,
    #3102,#3103,#3104,#3105,#3106,#3107,#3108,#3109,#3110,#3111,#3112,
    #3113,#3114,#3115,#3116,#3117,#3118,#3119,#3120,#3121,#3122,#3123,
    #3124,#3125,#3126,#3127,#3128,#3129,#3130,#3131,#3132,#3133,#3134,
    #3135,#3136,#3137,#3138,#3139,#3140,#3141,#3142,#3143,#3144,#3145,
    #3146,#3147,#3148,#3149,#3150,#3151,#3152,#3153,#3154,#3155,#3156,
    #3157,#3158,#3159,#3160,#3161,#3162,#3163,#3164,#3165,#3166,#3167,
    #3168,#3169,#3170,#3171,#3172,#3173,#3174,#3175,#3176,#3177,#3178,
    #3179,#3180,#3181,#3182,#3183,#3184,#3185,#3186,#3187),
  .UNSPECIFIED.,.F.,.F.,(9,7,7,7,7,7,7,7,7,7,7,7,7,7,7,7,7,7,7,9),(0.,
    0.190568471939,0.25597010462,0.327674823425,0.395556730788,
    0.446044155742,0.480275769134,0.516535228644,0.532289016924,
    0.538802066262,0.543216128104,0.550038962429,0.557362509889,
    0.567383126764,0.593066529604,0.644392991762,0.700254602127,
    0.762822041906,0.821746449412,1.),.UNSPECIFIED.);
#3053 = CARTESIAN_POINT('',(11.199998187151,1.586116175568E-04,0.));
#3054 = CARTESIAN_POINT('',(11.199896884866,0.766574529469,0.));
#3055 = CARTESIAN_POINT('',(11.137275709315,1.533077397595,0.));
#3056 = CARTESIAN_POINT('',(11.012111550751,2.293572446209,0.));
#3057 = CARTESIAN_POINT('',(10.825055749309,3.042095299377,0.));
#3058 = CARTESIAN_POINT('',(10.577361347766,3.772797160633,0.));
#3059 = CARTESIAN_POINT('',(10.270860685797,4.47994363811,0.));
#3060 = CARTESIAN_POINT('',(9.907993335727,5.157927209189,0.));
#3061 = CARTESIAN_POINT('',(9.349078989056,6.022091623217,0.));
#3062 = CARTESIAN_POINT('',(9.199997699689,6.238820447424,0.));
#3063 = CARTESIAN_POINT('',(9.044763630973,6.451262574187,0.));
#3064 = CARTESIAN_POINT('',(8.883507834454,6.659204034553,0.));
#3065 = CARTESIAN_POINT('',(8.716369276908,6.862434083291,0.));
#3066 = CARTESIAN_POINT('',(8.543494823338,7.060745168486,0.));
#3067 = CARTESIAN_POINT('',(8.365039219959,7.253932901126,0.));
#3068 = CARTESIAN_POINT('',(7.979570053315,7.647764467628,0.));
#3069 = CARTESIAN_POINT('',(7.771462246966,7.847332154501,0.));
#3070 = CARTESIAN_POINT('',(7.557055062911,8.040234374167,0.));
#3071 = CARTESIAN_POINT('',(7.336573736439,8.226210870921,0.));
#3072 = CARTESIAN_POINT('',(7.110255087642,8.405005336103,0.));
#3073 = CARTESIAN_POINT('',(6.878347275698,8.57636489971,0.));
#3074 = CARTESIAN_POINT('',(6.64110955314,8.740039622006,0.));
#3075 = CARTESIAN_POINT('',(6.169432155547,9.043221217064,0.));
#3076 = CARTESIAN_POINT('',(5.935521686698,9.183548480477,0.));
#3077 = CARTESIAN_POINT('',(5.697306514333,9.31655641964,0.));
#3078 = CARTESIAN_POINT('',(5.455024498964,9.442034788036,0.));
#3079 = CARTESIAN_POINT('',(5.208926051095,9.559771760255,0.));
#3080 = CARTESIAN_POINT('',(4.959273716102,9.669552504956,0.));
#3081 = CARTESIAN_POINT('',(4.706340753786,9.771155018913,0.));
#3082 = CARTESIAN_POINT('',(4.260058290424,9.933652300202,0.));
#3083 = CARTESIAN_POINT('',(4.068055803746,9.99830412257,0.));
#3084 = CARTESIAN_POINT('',(3.874513489157,10.058203904318,0.));
#3085 = CARTESIAN_POINT('',(3.679552316611,10.113247826863,0.));
#3086 = CARTESIAN_POINT('',(3.483302258428,10.163324519044,0.));
#3087 = CARTESIAN_POINT('',(3.285901938088,10.20831226276,0.));
#3088 = CARTESIAN_POINT('',(3.087497658769,10.248071923167,0.));
#3089 = CARTESIAN_POINT('',(2.753141851001,10.305734954068,0.));
#3090 = CARTESIAN_POINT('',(2.617656995989,10.326552350525,0.));
#3091 = CARTESIAN_POINT('',(2.48183150312,10.344836784927,0.));
#3092 = CARTESIAN_POINT('',(2.345716861956,10.360527865258,0.));
#3093 = CARTESIAN_POINT('',(2.209371766877,10.373556900441,0.));
#3094 = CARTESIAN_POINT('',(2.072862201484,10.383843594941,0.));
#3095 = CARTESIAN_POINT('',(1.936261635624,10.391288352885,0.));
#3096 = CARTESIAN_POINT('',(1.654948378602,10.400496937725,0.));
#3097 = CARTESIAN_POINT('',(1.51035207407,10.401893198791,0.));
#3098 = CARTESIAN_POINT('',(1.365847947041,10.399811877134,0.));
#3099 = CARTESIAN_POINT('',(1.221519721413,10.394027706979,0.));
#3100 = CARTESIAN_POINT('',(1.077516181198,10.384324252228,0.));
#3101 = CARTESIAN_POINT('',(0.934130355288,10.370240435916,0.));
#3102 = CARTESIAN_POINT('',(0.791717325055,10.351371790152,0.));
#3103 = CARTESIAN_POINT('',(0.589769659866,10.315547285436,0.));
#3104 = CARTESIAN_POINT('',(0.529035403427,10.303565214413,0.));
#3105 = CARTESIAN_POINT('',(0.468682476349,10.290337717074,0.));
#3106 = CARTESIAN_POINT('',(0.408768916529,10.275699053173,0.));
#3107 = CARTESIAN_POINT('',(0.34940896436,10.259501148455,0.));
#3108 = CARTESIAN_POINT('',(0.290899576934,10.241424535174,0.));
#3109 = CARTESIAN_POINT('',(0.233578949238,10.221205908837,0.));
#3110 = CARTESIAN_POINT('',(0.155351573751,10.188296238712,0.));
#3111 = CARTESIAN_POINT('',(0.132876807091,10.178175589138,0.));
#3112 = CARTESIAN_POINT('',(0.110813368584,10.167477591769,0.));
#3113 = CARTESIAN_POINT('',(8.922614723444E-02,10.156120412423,0.));
#3114 = CARTESIAN_POINT('',(6.826426265204E-02,10.144007647972,0.));
#3115 = CARTESIAN_POINT('',(4.815027364408E-02,10.131036771946,0.));
#3116 = CARTESIAN_POINT('',(2.919569418503E-02,10.117082790551,0.));
#3117 = CARTESIAN_POINT('',(1.847152868982E-04,10.091624261934,0.));
#3118 = CARTESIAN_POINT('',(-1.07751168661E-02,10.080775181048,0.));
#3119 = CARTESIAN_POINT('',(-2.079692775667E-02,10.06930413767,0.));
#3120 = CARTESIAN_POINT('',(-2.959817584749E-02,10.057188624597,0.));
#3121 = CARTESIAN_POINT('',(-3.682734030491E-02,10.044449811661,0.));
#3122 = CARTESIAN_POINT('',(-4.209061334639E-02,10.031160108618,0.));
#3123 = CARTESIAN_POINT('',(-4.504272493411E-02,10.017469917752,0.));
#3124 = CARTESIAN_POINT('',(-4.649748139588E-02,9.982350619802,0.));
#3125 = CARTESIAN_POINT('',(-4.167254743999E-02,9.961263332174,0.));
#3126 = CARTESIAN_POINT('',(-3.13500712411E-02,9.941354159967,0.));
#3127 = CARTESIAN_POINT('',(-1.714600763829E-02,9.922830805515,0.));
#3128 = CARTESIAN_POINT('',(-3.332826299425E-04,9.905746721158,0.));
#3129 = CARTESIAN_POINT('',(1.806120062593E-02,9.889992329933,0.));
#3130 = CARTESIAN_POINT('',(3.753608690279E-02,9.875350860578,0.));
#3131 = CARTESIAN_POINT('',(8.009178475031E-02,9.846626642094,0.));
#3132 = CARTESIAN_POINT('',(0.103212250992,9.832744951251,0.));
#3133 = CARTESIAN_POINT('',(0.127098077546,9.819618317338,0.));
#3134 = CARTESIAN_POINT('',(0.151552003956,9.807118206633,0.));
#3135 = CARTESIAN_POINT('',(0.176434616856,9.79514672552,0.));
#3136 = CARTESIAN_POINT('',(0.201650504934,9.783619563704,0.));
#3137 = CARTESIAN_POINT('',(0.227152230666,9.772468879792,0.));
#3138 = CARTESIAN_POINT('',(0.288188640778,9.746796111888,0.));
#3139 = CARTESIAN_POINT('',(0.323898595122,9.732570423194,0.));
#3140 = CARTESIAN_POINT('',(0.359944837086,9.718813917732,0.));
#3141 = CARTESIAN_POINT('',(0.396252141756,9.705434470673,0.));
#3142 = CARTESIAN_POINT('',(0.432767403842,9.692365190271,0.));
#3143 = CARTESIAN_POINT('',(0.46945187428,9.679551591514,0.));
#3144 = CARTESIAN_POINT('',(0.50627807841,9.666946193642,0.));
#3145 = CARTESIAN_POINT('',(0.637944891013,9.622637267962,0.));
#3146 = CARTESIAN_POINT('',(0.73342918896,9.591897318062,0.));
#3147 = CARTESIAN_POINT('',(0.829344805666,9.561656241618,0.));
#3148 = CARTESIAN_POINT('',(0.925519145527,9.53160776024,0.));
#3149 = CARTESIAN_POINT('',(1.021831938339,9.501533584236,0.));
#3150 = CARTESIAN_POINT('',(1.118194235128,9.471256981145,0.));
#3151 = CARTESIAN_POINT('',(1.2145572955,9.440659579644,0.));
#3152 = CARTESIAN_POINT('',(1.503397131048,9.347622258319,0.));
#3153 = CARTESIAN_POINT('',(1.695701162756,9.283918409419,0.));
#3154 = CARTESIAN_POINT('',(1.887405033151,9.21772287496,0.));
#3155 = CARTESIAN_POINT('',(2.078284804497,9.148654861841,0.));
#3156 = CARTESIAN_POINT('',(2.268134638328,9.076414252557,0.));
#3157 = CARTESIAN_POINT('',(2.456782454756,9.000815709355,0.));
#3158 = CARTESIAN_POINT('',(2.64405717611,8.921714659011,0.));
#3159 = CARTESIAN_POINT('',(3.031939276148,8.749012154124,0.));
#3160 = CARTESIAN_POINT('',(3.232278465166,8.654739457072,0.));
#3161 = CARTESIAN_POINT('',(3.430604193802,8.556071475355,0.));
#3162 = CARTESIAN_POINT('',(3.626727993098,8.45293124263,0.));
#3163 = CARTESIAN_POINT('',(3.820469912358,8.345276851119,0.));
#3164 = CARTESIAN_POINT('',(4.011652815008,8.233091755901,0.));
#3165 = CARTESIAN_POINT('',(4.200099898918,8.116380736946,0.));
#3166 = CARTESIAN_POINT('',(4.593443339852,7.859411908665,0.));
#3167 = CARTESIAN_POINT('',(4.797606914808,7.718003637304,0.));
#3168 = CARTESIAN_POINT('',(4.997882329603,7.570981444141,0.));
#3169 = CARTESIAN_POINT('',(5.19403603684,7.418405168992,0.));
#3170 = CARTESIAN_POINT('',(5.385841678312,7.260355950707,0.));
#3171 = CARTESIAN_POINT('',(5.573078210062,7.096933941551,0.));
#3172 = CARTESIAN_POINT('',(5.755529252366,6.928257537401,0.));
#3173 = CARTESIAN_POINT('',(6.100105671538,6.590789951348,0.));
#3174 = CARTESIAN_POINT('',(6.262799143737,6.422574004147,0.));
#3175 = CARTESIAN_POINT('',(6.420888881217,6.249929601307,0.));
#3176 = CARTESIAN_POINT('',(6.574206596854,6.07298052356,0.));
#3177 = CARTESIAN_POINT('',(6.722590756155,5.891860833775,0.));
#3178 = CARTESIAN_POINT('',(6.865886416999,5.70671469749,0.));
#3179 = CARTESIAN_POINT('',(7.003945069381,5.517696203457,0.));
#3180 = CARTESIAN_POINT('',(7.537995930012,4.74194634297,0.));
#3181 = CARTESIAN_POINT('',(7.890300285979,4.124752726259,0.));
#3182 = CARTESIAN_POINT('',(8.189342187928,3.478174844007,0.));
#3183 = CARTESIAN_POINT('',(8.431925946476,2.807463358735,0.));
#3184 = CARTESIAN_POINT('',(8.615611965026,2.118216963795,0.));
#3185 = CARTESIAN_POINT('',(8.738654020376,1.416351997904,0.));
#3186 = CARTESIAN_POINT('',(8.800095389216,0.708122900389,0.));
#3187 = CARTESIAN_POINT('',(8.800001812849,1.586116175587E-04,0.));
#3188 = ( BOUNDED_SURFACE() B_SPLINE_SURFACE(6,9,(
    (#3189,#3190,#3191,#3192,#3193,#3194,#3195,#3196,#3197,#3198,#3199
      ,#3200,#3201,#3202,#3203,#3204,#3205,#3206,#3207,#3208,#3209,#3210
      ,#3211,#3212,#3213,#3214,#3215,#3216,#3217,#3218,#3219,#3220,#3221
      ,#3222,#3223,#3224,#3225,#3226,#3227,#3228,#3229,#3230,#3231,#3232
      ,#3233,#3234,#3235,#3236,#3237,#3238,#3239,#3240,#3241,#3242,#3243
      ,#3244,#3245,#3246,#3247,#3248,#3249,#3250,#3251,#3252,#3253,#3254
      ,#3255,#3256,#3257,#3258,#3259,#3260,#3261,#3262,#3263,#3264,#3265
      ,#3266,#3267,#3268,#3269,#3270,#3271,#3272,#3273,#3274,#3275,#3276
      ,#3277,#3278,#3279,#3280,#3281,#3282,#3283,#3284,#3285,#3286,#3287
      ,#3288,#3289,#3290,#3291,#3292,#3293,#3294,#3295,#3296,#3297,#3298
      ,#3299,#3300,#3301,#3302,#3303,#3304,#3305,#3306,#3307,#3308,#3309
      ,#3310,#3311,#3312,#3313,#3314,#3315,#3316,#3317,#3318,#3319,#3320
      ,#3321,#3322,#3323,#3324,#3325)
    ,(#3326,#3327,#3328,#3329,#3330,#3331,#3332,#3333,#3334,#3335,#3336
      ,#3337,#3338,#3339,#3340,#3341,#3342,#3343,#3344,#3345,#3346,#3347
      ,#3348,#3349,#3350,#3351,#3352,#3353,#3354,#3355,#3356,#3357,#3358
      ,#3359,#3360,#3361,#3362,#3363,#3364,#3365,#3366,#3367,#3368,#3369
      ,#3370,#3371,#3372,#3373,#3374,#3375,#3376,#3377,#3378,#3379,#3380
      ,#3381,#3382,#3383,#3384,#3385,#3386,#3387,#3388,#3389,#3390,#3391
      ,#3392,#3393,#3394,#3395,#3396,#3397,#3398,#3399,#3400,#3401,#3402
      ,#3403,#3404,#3405,#3406,#3407,#3408,#3409,#3410,#3411,#3412,#3413
      ,#3414,#3415,#3416,#3417,#3418,#3419,#3420,#3421,#3422,#3423,#3424
      ,#3425,#3426,#3427,#3428,#3429,#3430,#3431,#3432,#3433,#3434,#3435
      ,#3436,#3437,#3438,#3439,#3440,#3441,#3442,#3443,#3444,#3445,#3446
      ,#3447,#3448,#3449,#3450,#3451,#3452,#3453,#3454,#3455,#3456,#3457
      ,#3458,#3459,#3460,#3461,#3462)
    ,(#3463,#3464,#3465,#3466,#3467,#3468,#3469,#3470,#3471,#3472,#3473
      ,#3474,#3475,#3476,#3477,#3478,#3479,#3480,#3481,#3482,#3483,#3484
      ,#3485,#3486,#3487,#3488,#3489,#3490,#3491,#3492,#3493,#3494,#3495
      ,#3496,#3497,#3498,#3499,#3500,#3501,#3502,#3503,#3504,#3505,#3506
      ,#3507,#3508,#3509,#3510,#3511,#3512,#3513,#3514,#3515,#3516,#3517
      ,#3518,#3519,#3520,#3521,#3522,#3523,#3524,#3525,#3526,#3527,#3528
      ,#3529,#3530,#3531,#3532,#3533,#3534,#3535,#3536,#3537,#3538,#3539
      ,#3540,#3541,#3542,#3543,#3544,#3545,#3546,#3547,#3548,#3549,#3550
      ,#3551,#3552,#3553,#3554,#3555,#3556,#3557,#3558,#3559,#3560,#3561
      ,#3562,#3563,#3564,#3565,#3566,#3567,#3568,#3569,#3570,#3571,#3572
      ,#3573,#3574,#3575,#3576,#3577,#3578,#3579,#3580,#3581,#3582,#3583
      ,#3584,#3585,#3586,#3587,#3588,#3589,#3590,#3591,#3592,#3593,#3594
      ,#3595,#3596,#3597,#3598,#3599)
    ,(#3600,#3601,#3602,#3603,#3604,#3605,#3606,#3607,#3608,#3609,#3610
      ,#3611,#3612,#3613,#3614,#3615,#3616,#3617,#3618,#3619,#3620,#3621
      ,#3622,#3623,#3624,#3625,#3626,#3627,#3628,#3629,#3630,#3631,#3632
      ,#3633,#3634,#3635,#3636,#3637,#3638,#3639,#3640,#3641,#3642,#3643
      ,#3644,#3645,#3646,#3647,#3648,#3649,#3650,#3651,#3652,#3653,#3654
      ,#3655,#3656,#3657,#3658,#3659,#3660,#3661,#3662,#3663,#3664,#3665
      ,#3666,#3667,#3668,#3669,#3670,#3671,#3672,#3673,#3674,#3675,#3676
      ,#3677,#3678,#3679,#3680,#3681,#3682,#3683,#3684,#3685,#3686,#3687
      ,#3688,#3689,#3690,#3691,#3692,#3693,#3694,#3695,#3696,#3697,#3698
      ,#3699,#3700,#3701,#3702,#3703,#3704,#3705,#3706,#3707,#3708,#3709
      ,#3710,#3711,#3712,#3713,#3714,#3715,#3716,#3717,#3718,#3719,#3720
      ,#3721,#3722,#3723,#3724,#3725,#3726,#3727,#3728,#3729,#3730,#3731
      ,#3732,#3733,#3734,#3735,#3736)
    ,(#3737,#3738,#3739,#3740,#3741,#3742,#3743,#3744,#3745,#3746,#3747
      ,#3748,#3749,#3750,#3751,#3752,#3753,#3754,#3755,#3756,#3757,#3758
      ,#3759,#3760,#3761,#3762,#3763,#3764,#3765,#3766,#3767,#3768,#3769
      ,#3770,#3771,#3772,#3773,#3774,#3775,#3776,#3777,#3778,#3779,#3780
      ,#3781,#3782,#3783,#3784,#3785,#3786,#3787,#3788,#3789,#3790,#3791
      ,#3792,#3793,#3794,#3795,#3796,#3797,#3798,#3799,#3800,#3801,#3802
      ,#3803,#3804,#3805,#3806,#3807,#3808,#3809,#3810,#3811,#3812,#3813
      ,#3814,#3815,#3816,#3817,#3818,#3819,#3820,#3821,#3822,#3823,#3824
      ,#3825,#3826,#3827,#3828,#3829,#3830,#3831,#3832,#3833,#3834,#3835
      ,#3836,#3837,#3838,#3839,#3840,#3841,#3842,#3843,#3844,#3845,#3846
      ,#3847,#3848,#3849,#3850,#3851,#3852,#3853,#3854,#3855,#3856,#3857
      ,#3858,#3859,#3860,#3861,#3862,#3863,#3864,#3865,#3866,#3867,#3868
      ,#3869,#3870,#3871,#3872,#3873)
    ,(#3874,#3875,#3876,#3877,#3878,#3879,#3880,#3881,#3882,#3883,#3884
      ,#3885,#3886,#3887,#3888,#3889,#3890,#3891,#3892,#3893,#3894,#3895
      ,#3896,#3897,#3898,#3899,#3900,#3901,#3902,#3903,#3904,#3905,#3906
      ,#3907,#3908,#3909,#3910,#3911,#3912,#3913,#3914,#3915,#3916,#3917
      ,#3918,#3919,#3920,#3921,#3922,#3923,#3924,#3925,#3926,#3927,#3928
      ,#3929,#3930,#3931,#3932,#3933,#3934,#3935,#3936,#3937,#3938,#3939
      ,#3940,#3941,#3942,#3943,#3944,#3945,#3946,#3947,#3948,#3949,#3950
      ,#3951,#3952,#3953,#3954,#3955,#3956,#3957,#3958,#3959,#3960,#3961
      ,#3962,#3963,#3964,#3965,#3966,#3967,#3968,#3969,#3970,#3971,#3972
      ,#3973,#3974,#3975,#3976,#3977,#3978,#3979,#3980,#3981,#3982,#3983
      ,#3984,#3985,#3986,#3987,#3988,#3989,#3990,#3991,#3992,#3993,#3994
      ,#3995,#3996,#3997,#3998,#3999,#4000,#4001,#4002,#4003,#4004,#4005
      ,#4006,#4007,#4008,#4009,#4010)
    ,(#4011,#4012,#4013,#4014,#4015,#4016,#4017,#4018,#4019,#4020,#4021
      ,#4022,#4023,#4024,#4025,#4026,#4027,#4028,#4029,#4030,#4031,#4032
      ,#4033,#4034,#4035,#4036,#4037,#4038,#4039,#4040,#4041,#4042,#4043
      ,#4044,#4045,#4046,#4047,#4048,#4049,#4050,#4051,#4052,#4053,#4054
      ,#4055,#4056,#4057,#4058,#4059,#4060,#4061,#4062,#4063,#4064,#4065
      ,#4066,#4067,#4068,#4069,#4070,#4071,#4072,#4073,#4074,#4075,#4076
      ,#4077,#4078,#4079,#4080,#4081,#4082,#4083,#4084,#4085,#4086,#4087
      ,#4088,#4089,#4090,#4091,#4092,#4093,#4094,#4095,#4096,#4097,#4098
      ,#4099,#4100,#4101,#4102,#4103,#4104,#4105,#4106,#4107,#4108,#4109
      ,#4110,#4111,#4112,#4113,#4114,#4115,#4116,#4117,#4118,#4119,#4120
      ,#4121,#4122,#4123,#4124,#4125,#4126,#4127,#4128,#4129,#4130,#4131
      ,#4132,#4133,#4134,#4135,#4136,#4137,#4138,#4139,#4140,#4141,#4142
      ,#4143,#4144,#4145,#4146,#4147
)),.UNSPECIFIED.,.T.,.F.,.F.) B_SPLINE_SURFACE_WITH_KNOTS((1,6,6,1),(10,
    8,9,8,9,8,9,8,9,8,9,8,9,8,9,8,10),(-6.28318530718,0.,6.28318530718,
    12.566370614359),(0.,4.691700447275,9.38340089455,14.075101341825,
    18.7668017891,23.458502236374,28.150202683649,32.841903130924,
    37.533603578199,42.225304025474,46.917004472749,51.608704920024,
    56.300405367299,60.992105814573,65.683806261848,70.375506709123,
75.067207156398),.UNSPECIFIED.) GEOMETRIC_REPRESENTATION_ITEM() 
RATIONAL_B_SPLINE_SURFACE((
    (1.669078461068,1.669078461068,1.669078461068,1.669078461068
      ,1.669078461068,1.669078461068,1.669078461068,1.669078461068
      ,1.669078461068,1.669078461068,1.669078461068,1.669078461068
      ,1.669078461069,1.669078461068,1.669078461068,1.669078461068
      ,1.669078461068,1.669078461068,1.669078461068,1.669078461068
      ,1.669078461068,1.669078461068,1.669078461068,1.669078461068
      ,1.669078461068,1.669078461068,1.669078461068,1.669078461068
      ,1.669078461068,1.669078461068,1.669078461068,1.669078461068
      ,1.669078461068,1.669078461068,1.669078461068,1.669078461068
      ,1.669078461068,1.669078461068,1.669078461068,1.669078461068
      ,1.669078461068,1.669078461068,1.669078461068,1.669078461068
      ,1.669078461068,1.669078461068,1.669078461068,1.669078461068
      ,1.669078461068,1.669078461068,1.669078461068,1.669078461068
      ,1.669078461068,1.669078461068,1.669078461068,1.669078461068
      ,1.669078461068,1.669078461068,1.669078461068,1.669078461068
      ,1.669078461068,1.669078461068,1.669078461069,1.669078461068
      ,1.669078461069,1.669078461068,1.669078461068,1.669078461068
      ,1.669078461068,1.669078461068,1.669078461068,1.669078461069
      ,1.669078461068,1.669078461069,1.669078461068,1.669078461068
      ,1.669078461068,1.669078461068,1.669078461068,1.669078461068
      ,1.669078461069,1.669078461068,1.669078461069,1.669078461068
      ,1.669078461068,1.669078461068,1.669078461068,1.669078461068
      ,1.669078461068,1.669078461068,1.669078461069,1.669078461068
      ,1.669078461068,1.669078461068,1.669078461068,1.669078461068
      ,1.669078461068,1.669078461068,1.669078461068,1.669078461068
      ,1.669078461068,1.669078461068,1.669078461068,1.669078461068
      ,1.669078461068,1.669078461068,1.669078461068,1.669078461068
      ,1.669078461068,1.669078461068,1.669078461068,1.669078461068
      ,1.669078461068,1.669078461068,1.669078461068,1.669078461068
      ,1.669078461068,1.669078461068,1.669078461068,1.669078461068
      ,1.669078461068,1.669078461068,1.669078461069,1.669078461068
      ,1.669078461069,1.669078461068,1.669078461068,1.669078461068
      ,1.669078461068,1.669078461068,1.669078461069,1.669078461068
      ,1.669078461069,1.669078461068,1.669078461068,1.669078461068
      ,1.669078461068)
    ,(1.03672962321,1.03672962321,1.03672962321,1.03672962321
      ,1.03672962321,1.036729623209,1.03672962321,1.03672962321
      ,1.03672962321,1.03672962321,1.03672962321,1.03672962321
      ,1.03672962321,1.03672962321,1.03672962321,1.03672962321
      ,1.03672962321,1.03672962321,1.03672962321,1.03672962321
      ,1.03672962321,1.03672962321,1.03672962321,1.03672962321
      ,1.03672962321,1.03672962321,1.03672962321,1.03672962321
      ,1.03672962321,1.03672962321,1.036729623209,1.03672962321
      ,1.03672962321,1.03672962321,1.03672962321,1.03672962321
      ,1.03672962321,1.03672962321,1.03672962321,1.03672962321
      ,1.03672962321,1.03672962321,1.03672962321,1.03672962321
      ,1.03672962321,1.03672962321,1.03672962321,1.03672962321
      ,1.03672962321,1.03672962321,1.03672962321,1.03672962321
      ,1.03672962321,1.03672962321,1.03672962321,1.036729623209
      ,1.03672962321,1.03672962321,1.03672962321,1.03672962321
      ,1.03672962321,1.036729623209,1.03672962321,1.036729623209
      ,1.03672962321,1.036729623209,1.03672962321,1.03672962321
      ,1.03672962321,1.03672962321,1.036729623209,1.03672962321
      ,1.036729623209,1.03672962321,1.036729623209,1.03672962321
      ,1.03672962321,1.03672962321,1.03672962321,1.036729623209
      ,1.03672962321,1.036729623209,1.03672962321,1.03672962321
      ,1.03672962321,1.03672962321,1.03672962321,1.03672962321
      ,1.03672962321,1.036729623209,1.03672962321,1.036729623209
      ,1.03672962321,1.03672962321,1.03672962321,1.03672962321
      ,1.03672962321,1.036729623209,1.03672962321,1.03672962321
      ,1.03672962321,1.03672962321,1.03672962321,1.03672962321
      ,1.03672962321,1.03672962321,1.036729623209,1.03672962321
      ,1.036729623209,1.03672962321,1.03672962321,1.03672962321
      ,1.03672962321,1.03672962321,1.03672962321,1.03672962321
      ,1.03672962321,1.03672962321,1.03672962321,1.03672962321
      ,1.03672962321,1.03672962321,1.03672962321,1.036729623209
      ,1.03672962321,1.036729623209,1.03672962321,1.03672962321
      ,1.03672962321,1.03672962321,1.03672962321,1.036729623209
      ,1.03672962321,1.036729623209,1.03672962321,1.03672962321
      ,1.03672962321)
    ,(1.038346699848,1.038346699847,1.038346699848,1.038346699847
      ,1.038346699848,1.038346699847,1.038346699848,1.038346699847
      ,1.038346699848,1.038346699847,1.038346699848,1.038346699847
      ,1.038346699848,1.038346699847,1.038346699848,1.038346699847
      ,1.038346699848,1.038346699848,1.038346699848,1.038346699847
      ,1.038346699848,1.038346699847,1.038346699848,1.038346699847
      ,1.038346699848,1.038346699848,1.038346699847,1.038346699848
      ,1.038346699847,1.038346699848,1.038346699847,1.038346699848
      ,1.038346699847,1.038346699848,1.038346699848,1.038346699848
      ,1.038346699848,1.038346699847,1.038346699848,1.038346699847
      ,1.038346699848,1.038346699847,1.038346699848,1.038346699847
      ,1.038346699848,1.038346699847,1.038346699848,1.038346699847
      ,1.038346699848,1.038346699847,1.038346699848,1.038346699848
      ,1.038346699848,1.038346699847,1.038346699848,1.038346699847
      ,1.038346699848,1.038346699847,1.038346699848,1.038346699847
      ,1.038346699848,1.038346699847,1.038346699848,1.038346699847
      ,1.038346699848,1.038346699847,1.038346699848,1.038346699847
      ,1.038346699848,1.038346699848,1.038346699847,1.038346699848
      ,1.038346699847,1.038346699848,1.038346699847,1.038346699848
      ,1.038346699847,1.038346699847,1.038346699848,1.038346699847
      ,1.038346699848,1.038346699847,1.038346699848,1.038346699847
      ,1.038346699848,1.038346699848,1.038346699848,1.038346699847
      ,1.038346699848,1.038346699847,1.038346699848,1.038346699847
      ,1.038346699848,1.038346699847,1.038346699848,1.038346699847
      ,1.038346699848,1.038346699847,1.038346699848,1.038346699847
      ,1.038346699848,1.038346699847,1.038346699848,1.038346699848
      ,1.038346699847,1.038346699848,1.038346699847,1.038346699848
      ,1.038346699847,1.038346699848,1.038346699847,1.038346699848
      ,1.038346699848,1.038346699847,1.038346699848,1.038346699847
      ,1.038346699848,1.038346699847,1.038346699848,1.038346699848
      ,1.038346699848,1.038346699847,1.038346699848,1.038346699847
      ,1.038346699848,1.038346699847,1.038346699848,1.038346699847
      ,1.038346699848,1.038346699847,1.038346699848,1.038346699847
      ,1.038346699848,1.038346699847,1.038346699848,1.038346699847
      ,1.038346699848)
    ,(0.853534330196,0.853534330196,0.853534330196,0.853534330196
      ,0.853534330196,0.853534330196,0.853534330196,0.853534330196
      ,0.853534330196,0.853534330196,0.853534330196,0.853534330196
      ,0.853534330196,0.853534330196,0.853534330196,0.853534330196
      ,0.853534330196,0.853534330196,0.853534330196,0.853534330196
      ,0.853534330196,0.853534330196,0.853534330196,0.853534330196
      ,0.853534330196,0.853534330196,0.853534330196,0.853534330196
      ,0.853534330196,0.853534330196,0.853534330196,0.853534330196
      ,0.853534330196,0.853534330196,0.853534330196,0.853534330196
      ,0.853534330196,0.853534330196,0.853534330196,0.853534330196
      ,0.853534330196,0.853534330196,0.853534330196,0.853534330196
      ,0.853534330196,0.853534330196,0.853534330196,0.853534330196
      ,0.853534330196,0.853534330196,0.853534330196,0.853534330196
      ,0.853534330196,0.853534330196,0.853534330196,0.853534330196
      ,0.853534330196,0.853534330196,0.853534330196,0.853534330196
      ,0.853534330196,0.853534330196,0.853534330196,0.853534330196
      ,0.853534330196,0.853534330196,0.853534330196,0.853534330196
      ,0.853534330196,0.853534330196,0.853534330196,0.853534330196
      ,0.853534330196,0.853534330197,0.853534330196,0.853534330196
      ,0.853534330196,0.853534330196,0.853534330196,0.853534330196
      ,0.853534330196,0.853534330196,0.853534330196,0.853534330196
      ,0.853534330196,0.853534330196,0.853534330196,0.853534330196
      ,0.853534330196,0.853534330196,0.853534330196,0.853534330196
      ,0.853534330196,0.853534330196,0.853534330196,0.853534330196
      ,0.853534330196,0.853534330196,0.853534330196,0.853534330196
      ,0.853534330196,0.853534330196,0.853534330196,0.853534330196
      ,0.853534330196,0.853534330196,0.853534330196,0.853534330196
      ,0.853534330196,0.853534330196,0.853534330196,0.853534330196
      ,0.853534330196,0.853534330196,0.853534330196,0.853534330196
      ,0.853534330196,0.853534330196,0.853534330196,0.853534330196
      ,0.853534330196,0.853534330196,0.853534330196,0.853534330196
      ,0.853534330196,0.853534330196,0.853534330196,0.853534330196
      ,0.853534330196,0.853534330196,0.853534330196,0.853534330196
      ,0.853534330196,0.853534330196,0.853534330196,0.853534330196
      ,0.853534330196)
    ,(1.038346699848,1.038346699847,1.038346699848,1.038346699847
      ,1.038346699848,1.038346699847,1.038346699848,1.038346699847
      ,1.038346699848,1.038346699847,1.038346699848,1.038346699847
      ,1.038346699848,1.038346699847,1.038346699848,1.038346699847
      ,1.038346699848,1.038346699848,1.038346699848,1.038346699848
      ,1.038346699848,1.038346699847,1.038346699848,1.038346699848
      ,1.038346699848,1.038346699848,1.038346699847,1.038346699848
      ,1.038346699847,1.038346699848,1.038346699847,1.038346699848
      ,1.038346699847,1.038346699848,1.038346699848,1.038346699848
      ,1.038346699848,1.038346699847,1.038346699848,1.038346699847
      ,1.038346699848,1.038346699847,1.038346699848,1.038346699847
      ,1.038346699848,1.038346699847,1.038346699848,1.038346699847
      ,1.038346699848,1.038346699847,1.038346699848,1.038346699848
      ,1.038346699848,1.038346699847,1.038346699848,1.038346699847
      ,1.038346699848,1.038346699847,1.038346699848,1.038346699847
      ,1.038346699848,1.038346699847,1.038346699848,1.038346699847
      ,1.038346699848,1.038346699847,1.038346699848,1.038346699847
      ,1.038346699848,1.038346699848,1.038346699847,1.038346699848
      ,1.038346699847,1.038346699848,1.038346699847,1.038346699848
      ,1.038346699847,1.038346699847,1.038346699848,1.038346699847
      ,1.038346699848,1.038346699847,1.038346699848,1.038346699847
      ,1.038346699848,1.038346699848,1.038346699848,1.038346699847
      ,1.038346699848,1.038346699847,1.038346699848,1.038346699847
      ,1.038346699848,1.038346699847,1.038346699848,1.038346699847
      ,1.038346699848,1.038346699847,1.038346699848,1.038346699847
      ,1.038346699848,1.038346699848,1.038346699848,1.038346699848
      ,1.038346699848,1.038346699848,1.038346699847,1.038346699848
      ,1.038346699848,1.038346699848,1.038346699848,1.038346699848
      ,1.038346699848,1.038346699847,1.038346699848,1.038346699847
      ,1.038346699848,1.038346699847,1.038346699848,1.038346699848
      ,1.038346699848,1.038346699847,1.038346699848,1.038346699847
      ,1.038346699848,1.038346699847,1.038346699848,1.038346699847
      ,1.038346699848,1.038346699847,1.038346699848,1.038346699847
      ,1.038346699848,1.038346699847,1.038346699848,1.038346699847
      ,1.038346699848)
    ,(1.03672962321,1.03672962321,1.03672962321,1.03672962321
      ,1.03672962321,1.03672962321,1.03672962321,1.03672962321
      ,1.03672962321,1.03672962321,1.03672962321,1.03672962321
      ,1.03672962321,1.03672962321,1.03672962321,1.03672962321
      ,1.03672962321,1.03672962321,1.03672962321,1.03672962321
      ,1.03672962321,1.03672962321,1.03672962321,1.03672962321
      ,1.03672962321,1.03672962321,1.03672962321,1.03672962321
      ,1.03672962321,1.03672962321,1.03672962321,1.03672962321
      ,1.03672962321,1.03672962321,1.03672962321,1.03672962321
      ,1.03672962321,1.03672962321,1.03672962321,1.03672962321
      ,1.03672962321,1.03672962321,1.03672962321,1.03672962321
      ,1.03672962321,1.03672962321,1.03672962321,1.03672962321
      ,1.03672962321,1.03672962321,1.03672962321,1.03672962321
      ,1.03672962321,1.03672962321,1.03672962321,1.03672962321
      ,1.03672962321,1.03672962321,1.03672962321,1.03672962321
      ,1.03672962321,1.036729623209,1.03672962321,1.036729623209
      ,1.03672962321,1.036729623209,1.03672962321,1.03672962321
      ,1.03672962321,1.03672962321,1.036729623209,1.03672962321
      ,1.036729623209,1.03672962321,1.036729623209,1.03672962321
      ,1.03672962321,1.03672962321,1.03672962321,1.036729623209
      ,1.03672962321,1.036729623209,1.03672962321,1.03672962321
      ,1.03672962321,1.03672962321,1.03672962321,1.03672962321
      ,1.03672962321,1.036729623209,1.03672962321,1.036729623209
      ,1.03672962321,1.03672962321,1.03672962321,1.03672962321
      ,1.03672962321,1.03672962321,1.03672962321,1.03672962321
      ,1.03672962321,1.03672962321,1.03672962321,1.03672962321
      ,1.03672962321,1.03672962321,1.036729623209,1.03672962321
      ,1.036729623209,1.03672962321,1.03672962321,1.03672962321
      ,1.03672962321,1.03672962321,1.03672962321,1.03672962321
      ,1.03672962321,1.03672962321,1.03672962321,1.03672962321
      ,1.03672962321,1.03672962321,1.03672962321,1.036729623209
      ,1.03672962321,1.036729623209,1.03672962321,1.03672962321
      ,1.03672962321,1.03672962321,1.03672962321,1.036729623209
      ,1.03672962321,1.036729623209,1.03672962321,1.03672962321
      ,1.03672962321)
    ,(1.669078461068,1.669078461068,1.669078461068,1.669078461068
      ,1.669078461068,1.669078461068,1.669078461068,1.669078461068
      ,1.669078461068,1.669078461068,1.669078461068,1.669078461068
      ,1.669078461069,1.669078461068,1.669078461068,1.669078461068
      ,1.669078461068,1.669078461068,1.669078461068,1.669078461068
      ,1.669078461068,1.669078461068,1.669078461068,1.669078461068
      ,1.669078461068,1.669078461068,1.669078461068,1.669078461068
      ,1.669078461068,1.669078461068,1.669078461068,1.669078461068
      ,1.669078461068,1.669078461068,1.669078461068,1.669078461068
      ,1.669078461068,1.669078461068,1.669078461068,1.669078461068
      ,1.669078461068,1.669078461068,1.669078461068,1.669078461068
      ,1.669078461068,1.669078461068,1.669078461068,1.669078461068
      ,1.669078461068,1.669078461068,1.669078461068,1.669078461068
      ,1.669078461068,1.669078461068,1.669078461068,1.669078461068
      ,1.669078461068,1.669078461068,1.669078461068,1.669078461068
      ,1.669078461068,1.669078461068,1.669078461069,1.669078461068
      ,1.669078461069,1.669078461068,1.669078461068,1.669078461068
      ,1.669078461068,1.669078461068,1.669078461068,1.669078461069
      ,1.669078461068,1.669078461069,1.669078461068,1.669078461068
      ,1.669078461068,1.669078461068,1.669078461068,1.669078461068
      ,1.669078461069,1.669078461068,1.669078461069,1.669078461068
      ,1.669078461068,1.669078461068,1.669078461068,1.669078461068
      ,1.669078461068,1.669078461068,1.669078461069,1.669078461068
      ,1.669078461068,1.669078461068,1.669078461068,1.669078461068
      ,1.669078461068,1.669078461068,1.669078461068,1.669078461068
      ,1.669078461068,1.669078461068,1.669078461068,1.669078461068
      ,1.669078461068,1.669078461068,1.669078461068,1.669078461068
      ,1.669078461068,1.669078461068,1.669078461068,1.669078461068
      ,1.669078461068,1.669078461068,1.669078461068,1.669078461068
      ,1.669078461068,1.669078461068,1.669078461068,1.669078461068
      ,1.669078461068,1.669078461068,1.669078461069,1.669078461068
      ,1.669078461069,1.669078461068,1.669078461068,1.669078461068
      ,1.669078461068,1.669078461068,1.669078461069,1.669078461068
      ,1.669078461069,1.669078461068,1.669078461068,1.669078461068
,1.669078461068))) REPRESENTATION_ITEM('') SURFACE() );
#3189 = CARTESIAN_POINT('',(11.2,0.,2.079825948696E-03));
#3190 = CARTESIAN_POINT('',(11.199999999534,4.642593212895,
    0.318209943918));
#3191 = CARTESIAN_POINT('',(9.034972694365,9.285278720168,0.634284178744
    ));
#3192 = CARTESIAN_POINT('',(4.705320587013,12.77289925543,0.950497105165
    ));
#3193 = CARTESIAN_POINT('',(-1.072810842097,13.958370901156,
    1.266474258766));
#3194 = CARTESIAN_POINT('',(-6.862965314867,12.202350724121,
    1.582733990142));
#3195 = CARTESIAN_POINT('',(-11.00847985879,8.005914047523,
    1.898758197471));
#3196 = CARTESIAN_POINT('',(-12.67097891204,2.700947485466,2.21491236567
    ));
#3197 = CARTESIAN_POINT('',(-11.89173474589,-2.362226016683,
    2.531024144558));
#3198 = CARTESIAN_POINT('',(-6.73318236144,-10.08254544039,
    3.163259245787));
#3199 = CARTESIAN_POINT('',(-2.353623777503,-12.74006590356,
    3.479372218421));
#3200 = CARTESIAN_POINT('',(3.183736770267,-13.23423987789,
    3.795522272368));
#3201 = CARTESIAN_POINT('',(8.647159145385,-11.0101909818,4.111555216912
    ));
#3202 = CARTESIAN_POINT('',(12.485305542364,-6.332785294823,
    4.427801217673));
#3203 = CARTESIAN_POINT('',(13.601269046232,-0.540828081288,
    4.743795304601));
#3204 = CARTESIAN_POINT('',(12.036012868015,4.793903997865,
    5.059991464912));
#3205 = CARTESIAN_POINT('',(8.575251856449,8.570806919886,5.376079095374
    ));
#3206 = CARTESIAN_POINT('',(4.286054442489,10.347450764127,
    5.692200652687));
#3207 = CARTESIAN_POINT('',(-3.142404860602E-03,12.124094269484,
    6.008330770671));
#3208 = CARTESIAN_POINT('',(-5.120944601217,11.900548680215,
    6.32440500548));
#3209 = CARTESIAN_POINT('',(-9.999971960309,9.23512631258,6.64061793191)
  );
#3210 = CARTESIAN_POINT('',(-13.3064001181,4.350489307397,6.956595085512
    ));
#3211 = CARTESIAN_POINT('',(-13.89984520543,-1.670915728702,
    7.272854816883));
#3212 = CARTESIAN_POINT('',(-11.60926298503,-7.106778558677,
    7.588879024216));
#3213 = CARTESIAN_POINT('',(-7.344323801699,-10.67285021934,
    7.905033192413));
#3214 = CARTESIAN_POINT('',(-2.368357601355,-11.89051509787,
    8.221144971302));
#3215 = CARTESIAN_POINT('',(6.738380031184,-10.0790724685,8.85338007253)
  );
#3216 = CARTESIAN_POINT('',(10.869593305477,-7.049876983804,
    9.169493045169));
#3217 = CARTESIAN_POINT('',(13.445206666533,-2.12313510225,9.4856430991)
  );
#3218 = CARTESIAN_POINT('',(13.481214639065,3.775515672853,
    9.801676043678));
#3219 = CARTESIAN_POINT('',(10.628650296786,9.11146623472,
    10.117922044386));
#3220 = CARTESIAN_POINT('',(5.704640318017,12.358968141495,
    10.433916131373));
#3221 = CARTESIAN_POINT('',(0.176992931884,12.954373578151,
    10.750112291637));
#3222 = CARTESIAN_POINT('',(-4.63678627657,11.202405486539,
    11.066199922126));
#3223 = CARTESIAN_POINT('',(-7.91959594929,7.919595949289,
    11.382321479428));
#3224 = CARTESIAN_POINT('',(-11.20240509228,4.636786806297,
    11.698451604031));
#3225 = CARTESIAN_POINT('',(-12.95437400745,-0.176993090134,
    12.014525805008));
#3226 = CARTESIAN_POINT('',(-12.35896777561,-5.704639579497,
    12.330738825311));
#3227 = CARTESIAN_POINT('',(-9.111466893688,-10.62865054823,
    12.646715793989));
#3228 = CARTESIAN_POINT('',(-3.775515634996,-13.48121424519,
    12.962975806021));
#3229 = CARTESIAN_POINT('',(2.123134651285,-13.4452068838,
    13.278999673556));
#3230 = CARTESIAN_POINT('',(7.04987682584,-10.86959338462,
    13.595154174694));
#3231 = CARTESIAN_POINT('',(10.079072317162,-6.738380251472,
    13.911265689188));
#3232 = CARTESIAN_POINT('',(11.890515152617,2.368357361845,
    14.543501127167));
#3233 = CARTESIAN_POINT('',(10.672850362514,7.344323573057,
    14.859612641661));
#3234 = CARTESIAN_POINT('',(7.106778807853,11.609262847953,15.1757671428
    ));
#3235 = CARTESIAN_POINT('',(1.670916006716,13.899845162165,
    15.491791010332));
#3236 = CARTESIAN_POINT('',(-4.350489026318,13.306400214327,
    15.808051022368));
#3237 = CARTESIAN_POINT('',(-9.235126109897,9.99997214723,
    16.124027991043));
#3238 = CARTESIAN_POINT('',(-11.90054857301,5.120944848312,
    16.440241011346));
#3239 = CARTESIAN_POINT('',(-12.12409426979,3.142654692567E-03,
    16.756315212327));
#3240 = CARTESIAN_POINT('',(-10.34745085257,-4.286054228952,
    17.072445336924));
#3241 = CARTESIAN_POINT('',(-8.570807096336,-8.575251679568,
    17.388566887628));
#3242 = CARTESIAN_POINT('',(-4.793904248368,-12.03601276911,
    17.7046545519));
#3243 = CARTESIAN_POINT('',(0.54082780577,-13.60126905732,
    18.020850618376));
#3244 = CARTESIAN_POINT('',(6.332785028064,-12.48530567313,
    18.336844890183));
#3245 = CARTESIAN_POINT('',(11.010190815789,-8.647159372525,
    18.653090610321));
#3246 = CARTESIAN_POINT('',(13.234239798644,-3.183737043411,
    18.969123894639));
#3247 = CARTESIAN_POINT('',(12.740065964002,2.353623514599,
    19.285273615657));
#3248 = CARTESIAN_POINT('',(10.082545571049,6.73318215337,
    19.601386852681));
#3249 = CARTESIAN_POINT('',(2.362226279468,11.891734697146,
    20.233621617162));
#3250 = CARTESIAN_POINT('',(-2.700947317802,12.670978967782,
    20.549734854188));
#3251 = CARTESIAN_POINT('',(-8.005913575006,11.008480024034,
    20.865884575197));
#3252 = CARTESIAN_POINT('',(-12.2023510294,6.862965566608,
    21.181917859535));
#3253 = CARTESIAN_POINT('',(-13.95837025738,1.072811130264,
    21.498163579641));
#3254 = CARTESIAN_POINT('',(-12.77290003637,-4.705320323529,
    21.814157851487));
#3255 = CARTESIAN_POINT('',(-9.285278304689,-9.03497250269,
    22.130353917925));
#3256 = CARTESIAN_POINT('',(-4.642593866254,-11.19999990374,
    22.446441582227));
#3257 = CARTESIAN_POINT('',(5.7958E-13,-11.2,22.762563132913));
#3258 = CARTESIAN_POINT('',(4.642593212704,-11.2,23.078693257525));
#3259 = CARTESIAN_POINT('',(9.285278720956,-9.034972692446,
    23.394767458488));
#3260 = CARTESIAN_POINT('',(12.772899253492,-4.705320591714,
    23.710980478801));
#3261 = CARTESIAN_POINT('',(13.958370904602,1.072810850436,
    24.026957447477));
#3262 = CARTESIAN_POINT('',(12.202350719386,6.862965303419,
    24.343217459508));
#3263 = CARTESIAN_POINT('',(8.005914052697,11.008479871294,
    24.659241327044));
#3264 = CARTESIAN_POINT('',(2.700947480928,12.670978901089,
    24.975395828181));
#3265 = CARTESIAN_POINT('',(-2.362226013507,11.891734753564,
    25.291507342676));
#3266 = CARTESIAN_POINT('',(-10.08254544705,6.733182345383,
    25.923742780654));
#3267 = CARTESIAN_POINT('',(-12.74006586766,2.35362386418,
    26.239854295149));
#3268 = CARTESIAN_POINT('',(-13.23423997178,-3.183736996915,
    26.556008796286));
#3269 = CARTESIAN_POINT('',(-11.01019081076,-8.647158732516,
    26.872032663823));
#3270 = CARTESIAN_POINT('',(-6.332785532734,-12.48530611665,
    27.188292675851));
#3271 = CARTESIAN_POINT('',(-0.540827819573,-13.60126841445,
    27.504269644532));
#3272 = CARTESIAN_POINT('',(4.793903767503,-12.03601342412,
    27.82048266484));
#3273 = CARTESIAN_POINT('',(8.570807081473,-8.57525146636,
    28.136556865805));
#3274 = CARTESIAN_POINT('',(10.347450675673,-4.286054656025,
    28.452686990418));
#3275 = CARTESIAN_POINT('',(12.124094431422,3.142794588091E-03,
    28.768808547717));
#3276 = CARTESIAN_POINT('',(11.900548448403,5.120944046575,
    29.084896178186));
#3277 = CARTESIAN_POINT('',(9.235126577859,9.999972588501,29.40109233851
    ));
#3278 = CARTESIAN_POINT('',(4.350489063145,13.30639955018,
    29.717086425412));
#3279 = CARTESIAN_POINT('',(-1.670915548931,13.89984560956,
    30.033332426197));
#3280 = CARTESIAN_POINT('',(-7.106778662127,11.609262767946,
    30.349365370727));
#3281 = CARTESIAN_POINT('',(-10.67285017505,7.34432387999,30.66551542468
    ));
#3282 = CARTESIAN_POINT('',(-11.89051511039,2.368357591169,
    30.981628397312));
#3283 = CARTESIAN_POINT('',(-10.07907245304,-6.738380035804,
    31.613863498541));
#3284 = CARTESIAN_POINT('',(-7.049877054683,-10.86959325009,
    31.929975277428));
#3285 = CARTESIAN_POINT('',(-2.123134923607,-13.44520682751,
    32.246129445629));
#3286 = CARTESIAN_POINT('',(3.77551535213,-13.48121433449,
    32.562153652954));
#3287 = CARTESIAN_POINT('',(9.111466677695,-10.62865072801,
    32.878413384336));
#3288 = CARTESIAN_POINT('',(12.358967656033,-5.704639839156,
    33.194390537935));
#3289 = CARTESIAN_POINT('',(12.954374004551,-0.1769933556,
    33.510603464349));
#3290 = CARTESIAN_POINT('',(11.202405187796,4.636786574667,
    33.826677699189));
#3291 = CARTESIAN_POINT('',(7.91959611272,7.919595785854,34.142807817149
    ));
#3292 = CARTESIAN_POINT('',(4.636786507279,11.202405390651,
    34.458929367865));
#3293 = CARTESIAN_POINT('',(-0.176992662593,12.954373582623,
    34.775017032157));
#3294 = CARTESIAN_POINT('',(-5.704640067739,12.358968257221,
    35.091213098542));
#3295 = CARTESIAN_POINT('',(-10.62865010034,9.111466457581,
    35.40720737049));
#3296 = CARTESIAN_POINT('',(-13.48121457263,3.775515946266,
    35.723453090497));
#3297 = CARTESIAN_POINT('',(-13.44520669783,-2.123134819586,
    36.039486374899));
#3298 = CARTESIAN_POINT('',(-10.86959346192,-7.049876764036,
    36.355636095878));
#3299 = CARTESIAN_POINT('',(-6.738380231513,-10.07907232627,
    36.671749332915));
#3300 = CARTESIAN_POINT('',(2.368357339918,-11.89051515339,
    37.303984097389));
#3301 = CARTESIAN_POINT('',(7.344323668125,-10.67285033499,
    37.620097334434));
#3302 = CARTESIAN_POINT('',(11.609262611727,-7.106778892169,
    37.936247055387));
#3303 = CARTESIAN_POINT('',(13.89984558381,-1.670915844453,
    38.252280339843));
#3304 = CARTESIAN_POINT('',(13.30639963363,4.35048879481,38.568526059769
    ));
#3305 = CARTESIAN_POINT('',(9.999972782626,9.235126367994,
    38.884520331816));
#3306 = CARTESIAN_POINT('',(5.120944290722,11.900548344143,
    39.200716398094));
#3307 = CARTESIAN_POINT('',(3.143045141078E-03,12.124094431011,
    39.516804062483));
#3308 = CARTESIAN_POINT('',(-4.28605444249,10.347450764126,
    39.832925613134));
#3309 = CARTESIAN_POINT('',(-8.575251289479,8.570807258415,
    40.149055737766));
#3310 = CARTESIAN_POINT('',(-12.03601332523,4.793904015948,
    40.465129938717));
#3311 = CARTESIAN_POINT('',(-13.60126842553,-0.540827538993,
    40.781342959028));
#3312 = CARTESIAN_POINT('',(-12.48530624744,-6.332785274971,
    41.097319927715));
#3313 = CARTESIAN_POINT('',(-8.647158959647,-11.01019063238,
    41.413579939735));
#3314 = CARTESIAN_POINT('',(-3.183737270064,-13.23423990605,
    41.729603807276));
#3315 = CARTESIAN_POINT('',(2.353623601277,-12.74006591623,
    42.045758308413));
#3316 = CARTESIAN_POINT('',(6.733182137313,-10.082545586,42.361869822907
    ));
#3317 = CARTESIAN_POINT('',(11.891734704816,-2.362226258911,
    42.994105260886));
#3318 = CARTESIAN_POINT('',(12.670978956823,2.700947219442,
    43.31021677538));
#3319 = CARTESIAN_POINT('',(11.008480036533,8.005913825512,
    43.626371276517));
#3320 = CARTESIAN_POINT('',(6.862965555169,12.202350577771,
    43.942395144056));
#3321 = CARTESIAN_POINT('',(1.072811138593,13.958370882459,
    44.258655156079));
#3322 = CARTESIAN_POINT('',(-4.705320328224,12.772899350582,
    44.574632124764));
#3323 = CARTESIAN_POINT('',(-9.034972500769,9.28527890742,
    44.890845145075));
#3324 = CARTESIAN_POINT('',(-11.19999990421,4.64259344383,
    45.206919346028));
#3325 = CARTESIAN_POINT('',(-11.19999999999,2.3113144731E-07,
    45.523049470657));
#3326 = CARTESIAN_POINT('',(11.2,0.151614803396,-1.98599902456));
#3327 = CARTESIAN_POINT('',(11.137171459898,4.794209046816,
    -1.669868827225));
#3328 = CARTESIAN_POINT('',(8.909235742148,9.407587917853,
    -1.353794900837));
#3329 = CARTESIAN_POINT('',(4.532488919016,12.836601581265,
    -1.037581418806));
#3330 = CARTESIAN_POINT('',(-1.261846631774,13.943838336332,
    -0.721604935254));
#3331 = CARTESIAN_POINT('',(-7.028096172516,12.109465988089,
    -0.405344529677));
#3332 = CARTESIAN_POINT('',(-11.11688090504,7.85688440813,
    -8.932088336538E-02));
#3333 = CARTESIAN_POINT('',(-12.7075397025,2.529422602629,0.226833586576
    ));
#3334 = CARTESIAN_POINT('',(-11.85975986382,-2.523205289553,
    0.542945294843));
#3335 = CARTESIAN_POINT('',(-6.596696163769,-10.17369537746,
    1.175180396071));
#3336 = CARTESIAN_POINT('',(-2.181164776094,-12.77193171927,
    1.491293439303));
#3337 = CARTESIAN_POINT('',(3.362905167996,-13.19113246393,
    1.807443191651));
#3338 = CARTESIAN_POINT('',(8.796173661097,-10.89317135514,
    2.123476696838));
#3339 = CARTESIAN_POINT('',(12.571073374937,-6.163715773788,
    2.439722023965));
#3340 = CARTESIAN_POINT('',(13.608567327834,-0.356761055185,
    2.755716780387));
#3341 = CARTESIAN_POINT('',(11.971131791236,4.956865508542,
    3.071912385454));
#3342 = CARTESIAN_POINT('',(8.459227918288,8.686886177785,3.388000324198
    ));
#3343 = CARTESIAN_POINT('',(4.145980628802,10.40547123748,3.704121802178
    ));
#3344 = CARTESIAN_POINT('',(-0.167260611816,12.124069135398,
    4.020251999529));
#3345 = CARTESIAN_POINT('',(-5.282061014064,11.831188587146,
    4.336325925899));
#3346 = CARTESIAN_POINT('',(-10.12496505122,9.099828496655,
    4.652539407941));
#3347 = CARTESIAN_POINT('',(-13.36531464377,4.170281638613,
    4.968515891489));
#3348 = CARTESIAN_POINT('',(-13.8772237423,-1.859022197872,
    5.284776297066));
#3349 = CARTESIAN_POINT('',(-11.51306083592,-7.263959240543,
    5.600799943378));
#3350 = CARTESIAN_POINT('',(-7.19984668191,-10.77226771624,5.91695441332
    ));
#3351 = CARTESIAN_POINT('',(-2.207395888372,-11.92257825945,
    6.233066121587));
#3352 = CARTESIAN_POINT('',(6.874822599025,-9.987857234788,
    6.865301222814));
#3353 = CARTESIAN_POINT('',(10.965030682994,-6.902740161929,
    7.18141426605));
#3354 = CARTESIAN_POINT('',(13.473945386497,-1.941108593597,
    7.497564018384));
#3355 = CARTESIAN_POINT('',(13.430127987431,3.95796860638,7.813597523602
    ));
#3356 = CARTESIAN_POINT('',(10.505272355292,9.255405484361,8.12984285068
    ));
#3357 = CARTESIAN_POINT('',(5.537377491439,12.43615027586,8.445837607159
    ));
#3358 = CARTESIAN_POINT('',(1.607214431741E-03,12.956793949495,
    8.762033212178));
#3359 = CARTESIAN_POINT('',(-4.788429965991,11.139634953637,
    9.07812115095));
#3360 = CARTESIAN_POINT('',(-8.026803804889,7.81238809367,9.394242628919
    ));
#3361 = CARTESIAN_POINT('',(-11.26518720035,4.48515173137,9.71037283289)
  );
#3362 = CARTESIAN_POINT('',(-12.95195017707,-0.352388187456,
    10.026446725426));
#3363 = CARTESIAN_POINT('',(-12.28180178036,-5.871894412982,
    10.342660301343));
#3364 = CARTESIAN_POINT('',(-8.967522147721,-10.75204288648,
    10.658636599965));
#3365 = CARTESIAN_POINT('',(-3.593071309053,-13.53230007123,
    10.974897286205));
#3366 = CARTESIAN_POINT('',(2.305165907907,-13.41647801696,
    11.290920592717));
#3367 = CARTESIAN_POINT('',(7.197015377045,-10.77415945887,
    11.607075395601));
#3368 = CARTESIAN_POINT('',(10.170292364287,-6.601940990638,
    11.923186839473));
#3369 = CARTESIAN_POINT('',(11.858457224464,2.529320271036,
    12.555422277452));
#3370 = CARTESIAN_POINT('',(10.57343786151,7.488803821324,12.87153386254
    ));
#3371 = CARTESIAN_POINT('',(6.949601121551,11.705470440804,
    13.18768806209));
#3372 = CARTESIAN_POINT('',(1.482810482334,13.922472702115,
    13.503712490245));
#3373 = CARTESIAN_POINT('',(-4.530698796138,13.247491827544,
    13.819971828677));
#3374 = CARTESIAN_POINT('',(-9.370428011674,9.874983487525,
    14.135949466811));
#3375 = CARTESIAN_POINT('',(-11.9699140643,4.959830776405,
    14.452161931904));
#3376 = CARTESIAN_POINT('',(-12.12412486313,-0.160975558578,
    14.76823644114));
#3377 = CARTESIAN_POINT('',(-10.28943504511,-4.426129975314,
    15.084366486422));
#3378 = CARTESIAN_POINT('',(-8.454731703178,-8.691279473542,
    15.400488116474));
#3379 = CARTESIAN_POINT('',(-4.630944899512,-12.10089931829,
    15.716575472336));
#3380 = CARTESIAN_POINT('',(0.724895076068,-13.59397679823,
    16.032772094386));
#3381 = CARTESIAN_POINT('',(6.501857404301,-12.39954366703,
    16.348765696181));
#3382 = CARTESIAN_POINT('',(11.12721540746,-8.498148485738,
    16.665012090489));
#3383 = CARTESIAN_POINT('',(13.277353180103,-3.00457037679,
    16.981044813809));
#3384 = CARTESIAN_POINT('',(12.70820589309,2.526083836466,
    17.297194836561));
#3385 = CARTESIAN_POINT('',(9.991400180422,6.869671205788,
    17.613308002967));
#3386 = CARTESIAN_POINT('',(2.20124807178,11.923715321213,
    18.245542767446));
#3387 = CARTESIAN_POINT('',(-2.872473418581,12.634421840916,
    18.56165607507));
#3388 = CARTESIAN_POINT('',(-8.154946824296,10.900089302289,
    18.87780549448));
#3389 = CARTESIAN_POINT('',(-12.29524126813,6.697828038734,
    19.19383933946));
#3390 = CARTESIAN_POINT('',(-13.97290911577,0.883789407077,
    19.510084385934));
#3391 = CARTESIAN_POINT('',(-12.70920347063,-4.878169055531,
    19.826079327273));
#3392 = CARTESIAN_POINT('',(-9.162973293671,-9.16070037646,
    20.142274838466));
#3393 = CARTESIAN_POINT('',(-4.490980125847,-11.26284271961,
    20.458362811051));
#3394 = CARTESIAN_POINT('',(0.151614803397,-11.19999999998,
    20.774484282404));
#3395 = CARTESIAN_POINT('',(4.794209056806,-11.13717146461,
    21.090614486383));
#3396 = CARTESIAN_POINT('',(9.407587876765,-8.909235722827,
    21.406688378907));
#3397 = CARTESIAN_POINT('',(12.836601681902,-4.532488966267,
    21.722901954832));
#3398 = CARTESIAN_POINT('',(13.943838157754,1.261846715561,
    22.038878253456));
#3399 = CARTESIAN_POINT('',(12.109466233328,7.028096057496,
    22.355138939689));
#3400 = CARTESIAN_POINT('',(7.856884140201,11.116881030685,
    22.671162246207));
#3401 = CARTESIAN_POINT('',(2.52942283754,12.707539592363,
    22.987317049087));
#3402 = CARTESIAN_POINT('',(-2.523205453964,11.859759940911,
    23.303428492961));
#3403 = CARTESIAN_POINT('',(-10.17369503327,6.596696002387,
    23.935663930939));
#3404 = CARTESIAN_POINT('',(-12.77193357736,2.181165647286,
    24.251775516028));
#3405 = CARTESIAN_POINT('',(-13.19112760525,-3.36290744605,
    24.567929715577));
#3406 = CARTESIAN_POINT('',(-10.89318020584,-8.796169511341,
    24.883954143736));
#3407 = CARTESIAN_POINT('',(-6.163703462676,-12.57107914715,
    25.200213482161));
#3408 = CARTESIAN_POINT('',(-0.356774598495,-13.60856097787,
    25.516191120299));
#3409 = CARTESIAN_POINT('',(4.956877429591,-11.9711373806,
    25.832403585397));
#3410 = CARTESIAN_POINT('',(8.686877815733,-8.459223997591,
    26.148478094617));
#3411 = CARTESIAN_POINT('',(10.40547581494,-4.145982775024,
    26.464608139915));
#3412 = CARTESIAN_POINT('',(12.124060781491,0.167264539944,
    26.780729776563));
#3413 = CARTESIAN_POINT('',(11.831200474654,5.282055394058,
    27.096817098624));
#3414 = CARTESIAN_POINT('',(9.099815035503,10.12497147623,27.41301381452
    ));
#3415 = CARTESIAN_POINT('',(4.170293803969,13.365308738467,
    27.729007231409));
#3416 = CARTESIAN_POINT('',(-1.859030848444,13.877228074742,
    28.045253906364));
#3417 = CARTESIAN_POINT('',(-7.263954600476,11.513058358364,
    28.361286289897));
#3418 = CARTESIAN_POINT('',(-10.77226938267,7.199847727992,
    28.677436645583));
#3419 = CARTESIAN_POINT('',(-11.92257804939,2.207395604594,
    28.993549547598));
#3420 = CARTESIAN_POINT('',(-9.987857118382,-6.874822265701,
    29.625784648826));
#3421 = CARTESIAN_POINT('',(-6.902741442964,-10.96503217639,
    29.941896498308));
#3422 = CARTESIAN_POINT('',(-1.941104897524,-13.47394164381,
    30.258050364919));
#3423 = CARTESIAN_POINT('',(3.95796163071,-13.43013469133,
    30.574075132867));
#3424 = CARTESIAN_POINT('',(9.255415349877,-10.50526310654,
    30.890334190646));
#3425 = CARTESIAN_POINT('',(12.436139327115,-5.537387620934,
    31.206312013702));
#3426 = CARTESIAN_POINT('',(12.956803634261,-1.598320554668E-03,
    31.522524384907));
#3427 = CARTESIAN_POINT('',(11.13962814139,4.788423736186,
    31.838598928001));
#3428 = CARTESIAN_POINT('',(7.812391828232,8.026807212583,
    32.154728966646));
#3429 = CARTESIAN_POINT('',(4.485144912881,11.265180964854,
    32.470850596712));
#3430 = CARTESIAN_POINT('',(-0.352378477026,12.951959094412,
    32.786937952593));
#3431 = CARTESIAN_POINT('',(-5.871905424573,12.281791593423,
    33.103134574553));
#3432 = CARTESIAN_POINT('',(-10.75203290945,8.967531498335,
    33.419128176488));
#3433 = CARTESIAN_POINT('',(-13.53230720004,3.593064465333,
    33.735374570663));
#3434 = CARTESIAN_POINT('',(-13.41647415359,-2.305162012532,
    34.05140729407));
#3435 = CARTESIAN_POINT('',(-10.77416088658,-7.197017004305,
    34.36755731678));
#3436 = CARTESIAN_POINT('',(-6.60194077157,-10.17029193728,
    34.683670483201));
#3437 = CARTESIAN_POINT('',(2.529320266169,-11.85845770436,
    35.315905247673));
#3438 = CARTESIAN_POINT('',(7.488803315138,-10.5734357567,
    35.632018555317));
#3439 = CARTESIAN_POINT('',(11.705472046969,-6.949606367524,
    35.948167974668));
#3440 = CARTESIAN_POINT('',(13.922469578189,-1.482801106901,
    36.264201819772));
#3441 = CARTESIAN_POINT('',(13.247496305452,4.530685876158,
    36.580446866057));
#3442 = CARTESIAN_POINT('',(9.874978483249,9.370442153422,
    36.896441807605));
#3443 = CARTESIAN_POINT('',(4.959835220025,11.969901651904,
    37.212637318633));
#3444 = CARTESIAN_POINT('',(-0.160978690951,12.124133555809,
    37.528725291307));
#3445 = CARTESIAN_POINT('',(-4.426128256158,10.289430290735,
    37.844846762626));
#3446 = CARTESIAN_POINT('',(-8.691282625085,8.454740388918,
    38.160976966624));
#3447 = CARTESIAN_POINT('',(-12.10089479581,4.630932515658,
    38.477050859135));
#3448 = CARTESIAN_POINT('',(-13.59398199565,-0.724881004247,
    38.793264435059));
#3449 = CARTESIAN_POINT('',(-12.39953884639,-6.501870200237,
    39.109240733693));
#3450 = CARTESIAN_POINT('',(-8.498152080316,-11.12720620231,
    39.425501419916));
#3451 = CARTESIAN_POINT('',(-3.004568256436,-13.27735824008,
    39.741524726439));
#3452 = CARTESIAN_POINT('',(2.526082879453,-12.70820395133,
    40.057679529318));
#3453 = CARTESIAN_POINT('',(6.869671516452,-9.99140054622,
    40.373790973192));
#3454 = CARTESIAN_POINT('',(11.923714879713,-2.201247883637,
    41.00602641117));
#3455 = CARTESIAN_POINT('',(12.634423979185,2.872473080776,
    41.322137996259));
#3456 = CARTESIAN_POINT('',(10.900083841043,8.154947347891,
    41.638292195806));
#3457 = CARTESIAN_POINT('',(6.697837895899,12.295240566553,
    41.954316623971));
#3458 = CARTESIAN_POINT('',(0.883775757031,13.972909922827,
    42.270575962386));
#3459 = CARTESIAN_POINT('',(-4.878154075255,12.709202682309,
    42.586553600533));
#3460 = CARTESIAN_POINT('',(-9.160713544518,9.162973938256,
    42.902766065631));
#3461 = CARTESIAN_POINT('',(-11.2628334899,4.490979693244,
    43.218840574841));
#3462 = CARTESIAN_POINT('',(-11.20000505035,-0.151614572261,
    43.534970620155));
#3463 = CARTESIAN_POINT('',(8.734542171342,0.173384108816,
    -2.271453312169));
#3464 = CARTESIAN_POINT('',(8.662692523191,3.793971774609,-1.95534836259
    ));
#3465 = CARTESIAN_POINT('',(6.902290335428,7.381315032046,
    -1.639184925029));
#3466 = CARTESIAN_POINT('',(3.471956764003,10.033788098715,
    -1.32316675633));
#3467 = CARTESIAN_POINT('',(-1.052923352814,10.869382321037,
    -1.006901355472));
#3468 = CARTESIAN_POINT('',(-5.540988969188,9.409827970023,
    -0.690932409235));
#3469 = CARTESIAN_POINT('',(-8.709179713485,6.073218022874,
    -0.374716504113));
#3470 = CARTESIAN_POINT('',(-9.923517737661,1.910220776395,
    -5.863666235534E-02));
#3471 = CARTESIAN_POINT('',(-9.237439937944,-2.026320640161,
    0.257487455148));
#3472 = CARTESIAN_POINT('',(-5.094921134719,-7.967311931635,
    0.889723678542));
#3473 = CARTESIAN_POINT('',(-1.63830879453,-9.972022802809,
    1.205846698676));
#3474 = CARTESIAN_POINT('',(2.687851796018,-10.27174651827,1.52193018914
    ));
#3475 = CARTESIAN_POINT('',(6.913915097422,-8.452552540842,
    1.838138163159));
#3476 = CARTESIAN_POINT('',(9.835228826756,-4.745599169167,2.15412004763
    ));
#3477 = CARTESIAN_POINT('',(10.615350089733,-0.211117781789,
    2.47036912336));
#3478 = CARTESIAN_POINT('',(9.312444227422,3.924909261952,2.786403702373
    ));
#3479 = CARTESIAN_POINT('',(6.554866730814,6.816872894506,3.102553718864
    ));
#3480 = CARTESIAN_POINT('',(3.182378548866,8.136015963831,3.41866751458)
  );
#3481 = CARTESIAN_POINT('',(-0.19010396118,9.455174459638,3.734772464142
    ));
#3482 = CARTESIAN_POINT('',(-4.178053724403,9.20159174016,4.050935901731
    ));
#3483 = CARTESIAN_POINT('',(-7.941351126455,7.047434261285,
    4.366954070399));
#3484 = CARTESIAN_POINT('',(-10.44493618015,3.186758199326,
    4.683219471282));
#3485 = CARTESIAN_POINT('',(-10.81399214336,-1.518221032969,
    4.999188417504));
#3486 = CARTESIAN_POINT('',(-8.943780613661,-5.722112963756,
    5.315404322632));
#3487 = CARTESIAN_POINT('',(-5.56237970687,-8.437125085052,
    5.631484164389));
#3488 = CARTESIAN_POINT('',(-1.66293905597,-9.309721029118,
    5.947608281891));
#3489 = CARTESIAN_POINT('',(5.411094515308,-7.756051632849,
    6.579844505287));
#3490 = CARTESIAN_POINT('',(8.585994132479,-5.329727876998,
    6.895967525416));
#3491 = CARTESIAN_POINT('',(10.518452722391,-1.447575953243,
    7.212051015893));
#3492 = CARTESIAN_POINT('',(10.454981050482,3.152972829468,
    7.528258989888));
#3493 = CARTESIAN_POINT('',(8.148141067463,7.270504431901,7.844240874391
    ));
#3494 = CARTESIAN_POINT('',(4.257366005602,9.726513400995,8.160489950089
    ));
#3495 = CARTESIAN_POINT('',(-6.242521340185E-02,10.105574367441,
    8.476524529126));
#3496 = CARTESIAN_POINT('',(-3.789530443731,8.664611528211,
    8.792674545603));
#3497 = CARTESIAN_POINT('',(-6.298855078998,6.053652920812,
    9.108788341328));
#3498 = CARTESIAN_POINT('',(-8.8081918074,3.442705451735,9.424893283905)
  );
#3499 = CARTESIAN_POINT('',(-10.10003416804,-0.338721589505,
    9.741056757181));
#3500 = CARTESIAN_POINT('',(-9.550003892711,-4.639915487291,
    10.057074826841));
#3501 = CARTESIAN_POINT('',(-6.941284499098,-8.430343094368,
    10.373340422752));
#3502 = CARTESIAN_POINT('',(-2.735682573711,-10.57182417246,
    10.689309072989));
#3503 = CARTESIAN_POINT('',(1.863906693247,-10.45273353903,
    11.005525336459));
#3504 = CARTESIAN_POINT('',(5.666256351927,-8.367716875057,
    11.321604827111));
#3505 = CARTESIAN_POINT('',(7.96468167474,-5.099031267936,
    11.637729223429));
#3506 = CARTESIAN_POINT('',(9.23639318445,2.031086827593,12.269965091706
    ));
#3507 = CARTESIAN_POINT('',(8.209746332382,5.892826676289,
    12.586089649516));
#3508 = CARTESIAN_POINT('',(5.362617821247,9.163817264516,
    12.902168450207));
#3509 = CARTESIAN_POINT('',(1.087991106773,10.865738178757,
    13.218385996367));
#3510 = CARTESIAN_POINT('',(-3.598925744572,10.310195801321,
    13.534353105278));
#3511 = CARTESIAN_POINT('',(-7.356887706792,7.655476053738,
    13.850620233024));
#3512 = CARTESIAN_POINT('',(-9.360236070513,3.809556165566,
    14.166637032378));
#3513 = CARTESIAN_POINT('',(-9.455238188241,-0.185261886162,
    14.482801210881));
#3514 = CARTESIAN_POINT('',(-8.003318754652,-3.502753043029,
    14.798905972007));
#3515 = CARTESIAN_POINT('',(-6.551384600545,-6.820237328894,
    15.115019956159));
#3516 = CARTESIAN_POINT('',(-3.552191449711,-9.460844380246,
    15.431169231738));
#3517 = CARTESIAN_POINT('',(0.632110188389,-10.59866458397,
    15.747205180055));
#3518 = CARTESIAN_POINT('',(5.132292769325,-9.639070084663,
    16.06345252894));
#3519 = CARTESIAN_POINT('',(8.720201700766,-6.573098079683,
    16.379436250702));
#3520 = CARTESIAN_POINT('',(10.370347236089,-2.278065626943,
    16.695642583706));
#3521 = CARTESIAN_POINT('',(9.899146899697,2.03275293966,17.011727115226
    ));
#3522 = CARTESIAN_POINT('',(7.758841959613,5.407091204345,
    17.327849695056));
#3523 = CARTESIAN_POINT('',(1.658135267704,9.310578417706,
    17.960086273568));
#3524 = CARTESIAN_POINT('',(-2.302528219643,9.839901273036,
    18.276209014886));
#3525 = CARTESIAN_POINT('',(-6.41407816791,8.46126016294,18.592292856456
    ));
#3526 = CARTESIAN_POINT('',(-9.622276747471,5.163299398908,
    18.908500472127));
#3527 = CARTESIAN_POINT('',(-10.90262858477,0.620582911416,
    19.224482652596));
#3528 = CARTESIAN_POINT('',(-9.888096070966,-3.86727126413,
    19.540731533278));
#3529 = CARTESIAN_POINT('',(-7.101578824231,-7.189861432849,
    19.856766211321));
#3530 = CARTESIAN_POINT('',(-3.447202905109,-8.806408247544,
    20.172916192109));
#3531 = CARTESIAN_POINT('',(0.173384108815,-8.734542171326,
    20.489029994814));
#3532 = CARTESIAN_POINT('',(3.793971786458,-8.662692527565,
    20.805134937387));
#3533 = CARTESIAN_POINT('',(7.381314983312,-6.902290317547,
    21.12129841068));
#3534 = CARTESIAN_POINT('',(10.033788218079,-3.471956807717,
    21.437316480316));
#3535 = CARTESIAN_POINT('',(10.86938210923,1.052923430315,
    21.753582076249));
#3536 = CARTESIAN_POINT('',(9.409828260893,5.540988862805,
    22.069550726471));
#3537 = CARTESIAN_POINT('',(6.073217705095,8.709179829684,
    22.385766989948));
#3538 = CARTESIAN_POINT('',(1.910221055013,9.923517635789,
    22.701846480598));
#3539 = CARTESIAN_POINT('',(-2.026320835162,9.237440009241,
    23.017970876917));
#3540 = CARTESIAN_POINT('',(-7.967311523399,5.09492098546,
    23.650206745194));
#3541 = CARTESIAN_POINT('',(-9.972025006612,1.638309600281,
    23.966331303004));
#3542 = CARTESIAN_POINT('',(-10.2717407556,-2.687853902947,
    24.282410103693));
#3543 = CARTESIAN_POINT('',(-8.452563038282,-6.913911259394,
    24.598627649859));
#3544 = CARTESIAN_POINT('',(-4.745584567474,-9.835234165361,
    24.914594758755));
#3545 = CARTESIAN_POINT('',(-0.211133844944,-10.61534421677,
    25.230861886527));
#3546 = CARTESIAN_POINT('',(3.924923401016,-9.312449396923,
    25.546878685847));
#3547 = CARTESIAN_POINT('',(6.816862976617,-6.554863104633,
    25.863042864382));
#3548 = CARTESIAN_POINT('',(8.136021392968,-3.182380533869,
    26.179147625489));
#3549 = CARTESIAN_POINT('',(9.455164550284,0.190107596652,
    26.495261602686));
#3550 = CARTESIAN_POINT('',(9.20160584409,4.178048516624,26.811410913906
    ));
#3551 = CARTESIAN_POINT('',(7.047418284186,7.941357093148,
    27.127446763267));
#3552 = CARTESIAN_POINT('',(3.186772648351,10.444930675311,
    27.443694307133));
#3553 = CARTESIAN_POINT('',(-1.518231320797,10.813996209548,
    27.759677732945));
#3554 = CARTESIAN_POINT('',(-5.722107430054,8.943778257553,
    28.07588442427));
#3555 = CARTESIAN_POINT('',(-8.437127088112,5.562380731057,
    28.391968604694));
#3556 = CARTESIAN_POINT('',(-9.309720761376,1.662938753837,
    28.708091463337));
#3557 = CARTESIAN_POINT('',(-7.756051533725,-5.411094123969,
    29.340327686732));
#3558 = CARTESIAN_POINT('',(-5.329729186164,-8.585995962053,
    29.656451965726));
#3559 = CARTESIAN_POINT('',(-1.44757211917,-10.51844808846,
    29.972531117525));
#3560 = CARTESIAN_POINT('',(3.152965557233,-10.45498938644,
    30.28874830533));
#3561 = CARTESIAN_POINT('',(7.270514740175,-8.148129542839,
    30.604715710254));
#3562 = CARTESIAN_POINT('',(9.72650194735,-4.257378642132,
    30.920982642928));
#3563 = CARTESIAN_POINT('',(10.105584505465,6.243631567874E-02,
    31.236999541339));
#3564 = CARTESIAN_POINT('',(8.664604394522,3.789522664176,31.55316368412
    ));
#3565 = CARTESIAN_POINT('',(6.05365683235,6.298859335233,31.869268452237
    ));
#3566 = CARTESIAN_POINT('',(3.442698311511,8.808184020732,
    32.185382436371));
#3567 = CARTESIAN_POINT('',(-0.338711424615,10.100045299606,
    32.501531711991));
#3568 = CARTESIAN_POINT('',(-4.639927006736,9.549991184457,
    32.817567660278));
#3569 = CARTESIAN_POINT('',(-8.43033266932,6.941296150928,
    33.133815009164));
#3570 = CARTESIAN_POINT('',(-10.57183160507,2.735674063134,
    33.449798730948));
#3571 = CARTESIAN_POINT('',(-10.45272952973,-1.863901868616,
    33.766005063923));
#3572 = CARTESIAN_POINT('',(-8.367718337857,-5.666258348687,
    34.082089595465));
#3573 = CARTESIAN_POINT('',(-5.099031061285,-7.964681166395,
    34.398212175284));
#3574 = CARTESIAN_POINT('',(2.031086870226,-9.236393731536,
    35.030448753802));
#3575 = CARTESIAN_POINT('',(5.892825888451,-8.20974398585,
    35.346571495104));
#3576 = CARTESIAN_POINT('',(9.163819620554,-5.362623635118,
    35.662655336715));
#3577 = CARTESIAN_POINT('',(10.865733679457,-1.087980741852,
    35.978862952316));
#3578 = CARTESIAN_POINT('',(10.310202198625,3.59891147837,
    36.294845132874));
#3579 = CARTESIAN_POINT('',(7.655468934255,7.356903311735,
    36.611094013472));
#3580 = CARTESIAN_POINT('',(3.809562472863,9.360222378989,
    36.927128691574));
#3581 = CARTESIAN_POINT('',(-0.185266326545,9.45524777466,
    37.243278672329));
#3582 = CARTESIAN_POINT('',(-3.502750607645,8.003313512047,
    37.559392475058));
#3583 = CARTESIAN_POINT('',(-6.820241790413,6.551394177144,37.8754974176
    ));
#3584 = CARTESIAN_POINT('',(-9.46083798601,3.55217779862,38.19166089093)
  );
#3585 = CARTESIAN_POINT('',(-10.5986719164,-0.632094682478,
    38.507678960532));
#3586 = CARTESIAN_POINT('',(-9.639063309463,-5.132306859838,
    38.823944556491));
#3587 = CARTESIAN_POINT('',(-6.573103097948,-8.720191577053,
    39.139913206695));
#3588 = CARTESIAN_POINT('',(-2.278062703924,-10.37035278649,
    39.456129470182));
#3589 = CARTESIAN_POINT('',(2.032751654703,-9.899144784129,
    39.772208960828));
#3590 = CARTESIAN_POINT('',(5.407091594909,-7.758842345066,
    40.088333357148));
#3591 = CARTESIAN_POINT('',(9.310577895954,-1.658135097732,
    40.720569225425));
#3592 = CARTESIAN_POINT('',(9.839903742416,2.302528049542,
    41.036693783235));
#3593 = CARTESIAN_POINT('',(8.46125389007,6.414078216038,41.352772583922
    ));
#3594 = CARTESIAN_POINT('',(5.163310696554,9.622276937916,
    41.668990130096));
#3595 = CARTESIAN_POINT('',(0.620567283129,10.902628133702,
    41.984957238975));
#3596 = CARTESIAN_POINT('',(-3.867254122606,9.88809667691,
    42.301224366774));
#3597 = CARTESIAN_POINT('',(-7.189876495847,7.101578236494,
    42.61724116606));
#3598 = CARTESIAN_POINT('',(-8.806397691572,3.447203338931,
    42.933405344631));
#3599 = CARTESIAN_POINT('',(-8.734547946851,-0.173384352551,
    43.249510105707));
#3600 = CARTESIAN_POINT('',(6.70105969479,0.,2.079825948688E-03));
#3601 = CARTESIAN_POINT('',(6.701059696071,2.777646590601,0.318163851296
    ));
#3602 = CARTESIAN_POINT('',(5.405664977476,5.555712197084,0.634401505937
    ));
#3603 = CARTESIAN_POINT('',(2.815356576002,7.641665506769,0.950257881167
    ));
#3604 = CARTESIAN_POINT('',(-0.642040931827,8.351945066601,
    1.266762423445));
#3605 = CARTESIAN_POINT('',(-4.106042748852,7.300417590841,
    1.582490126383));
#3606 = CARTESIAN_POINT('',(-6.586531218126,4.790146316437,1.89886531246
    ));
#3607 = CARTESIAN_POINT('',(-7.581147034879,1.615975811099,
    2.214883220914));
#3608 = CARTESIAN_POINT('',(-7.11493190792,-1.413338417507,2.53101766254
    ));
#3609 = CARTESIAN_POINT('',(-4.028520383865,-6.032479145687,
    3.163254811488));
#3610 = CARTESIAN_POINT('',(-1.408211907193,-7.622473815939,
    3.479385971364));
#3611 = CARTESIAN_POINT('',(1.904963139532,-7.918271056797,
    3.795415190379));
#3612 = CARTESIAN_POINT('',(5.173391347841,-6.587236790131,
    4.111766356829));
#3613 = CARTESIAN_POINT('',(7.470494614445,-3.789319401547,
    4.427531806837));
#3614 = CARTESIAN_POINT('',(8.137366967553,-0.323286990997,
    4.743989797417));
#3615 = CARTESIAN_POINT('',(7.201468472101,2.86810427492,5.059892264643)
  );
#3616 = CARTESIAN_POINT('',(5.130593799931,5.128013497411,5.376093093118
    ));
#3617 = CARTESIAN_POINT('',(2.564384524486,6.190971898153,5.692200652706
    ));
#3618 = CARTESIAN_POINT('',(-1.826308628604E-03,7.253931230526,
    6.008284678009));
#3619 = CARTESIAN_POINT('',(-3.064150359615,7.120262245114,
    6.324522332718));
#3620 = CARTESIAN_POINT('',(-5.982588038165,5.525389102407,6.64037870788
    ));
#3621 = CARTESIAN_POINT('',(-7.961889531201,2.602982529062,
    6.956883250208));
#3622 = CARTESIAN_POINT('',(-8.316020923533,-0.99973999392,
    7.272610953118));
#3623 = CARTESIAN_POINT('',(-6.946074513422,-4.252051748768,
    7.588986139206));
#3624 = CARTESIAN_POINT('',(-4.39414634548,-6.385659408473,
    7.905004047658));
#3625 = CARTESIAN_POINT('',(-1.41701212712,-7.114201161644,
    8.221138489283));
#3626 = CARTESIAN_POINT('',(4.031636005151,-6.0303973541,8.853375638234)
  );
#3627 = CARTESIAN_POINT('',(6.503348179503,-4.218012601493,
    9.169506798099));
#3628 = CARTESIAN_POINT('',(8.044526395035,-1.270234691602,
    9.485536017145));
#3629 = CARTESIAN_POINT('',(8.065584404127,2.258763995275,9.801887183534
    ));
#3630 = CARTESIAN_POINT('',(6.359709157807,5.451727317133,10.11765263363
    ));
#3631 = CARTESIAN_POINT('',(3.412713755631,7.394230214484,
    10.434110624114));
#3632 = CARTESIAN_POINT('',(0.106099836281,7.750865313715,
    10.750013091418));
#3633 = CARTESIAN_POINT('',(-2.774273467272,6.702456407788,
    11.066213919847));
#3634 = CARTESIAN_POINT('',(-4.738364751322,4.738364751322,
    11.382321479459));
#3635 = CARTESIAN_POINT('',(-6.702457491652,2.774272010994,
    11.698405486557));
#3636 = CARTESIAN_POINT('',(-7.750864133454,-0.106099401213,
    12.014643234293));
#3637 = CARTESIAN_POINT('',(-7.394231220402,-3.412715785958,
    12.330499351358));
#3638 = CARTESIAN_POINT('',(-5.45172550548,-6.359708466477,
    12.647004402097));
#3639 = CARTESIAN_POINT('',(-2.258764099397,-8.065585486989,
    12.962731333408));
#3640 = CARTESIAN_POINT('',(1.270235931374,-8.044525797699,
    13.279107453659));
#3641 = CARTESIAN_POINT('',(4.218013035752,-6.503347961924,
    13.595124446812));
#3642 = CARTESIAN_POINT('',(6.030397770169,-4.031635399555,
    13.911259615288));
#3643 = CARTESIAN_POINT('',(7.114201011144,1.41701278556,14.543495838471
    ));
#3644 = CARTESIAN_POINT('',(6.385659014891,4.394146974031,
    14.859631006948));
#3645 = CARTESIAN_POINT('',(4.252051063747,6.946074890323,15.1756480001)
  );
#3646 = CARTESIAN_POINT('',(0.999739229657,8.316021042395,
    15.492024120348));
#3647 = CARTESIAN_POINT('',(-2.60298330183,7.961889266813,
    15.807751051668));
#3648 = CARTESIAN_POINT('',(-5.525389659556,5.982587524197,
    16.124256102391));
#3649 = CARTESIAN_POINT('',(-7.120262539841,3.064149680368,
    16.44011221948));
#3650 = CARTESIAN_POINT('',(-7.253931229663,1.825621808186E-03,
    16.756349967186));
#3651 = CARTESIAN_POINT('',(-6.190971655004,-2.564385111527,
    17.072433974315));
#3652 = CARTESIAN_POINT('',(-5.128013012325,-5.130594286185,
    17.388541552075));
#3653 = CARTESIAN_POINT('',(-2.868103586271,-7.201468744022,
    17.70474228757));
#3654 = CARTESIAN_POINT('',(0.32328774844,-8.137366936977,
    18.020645012823));
#3655 = CARTESIAN_POINT('',(3.789320134898,-7.470494255019,
    18.337102495076));
#3656 = CARTESIAN_POINT('',(6.587237246513,-5.173390723337,
    18.652868716605));
#3657 = CARTESIAN_POINT('',(7.918271274663,-1.904962388661,
    18.969218948948));
#3658 = CARTESIAN_POINT('',(7.622473649795,1.408212629956,
    19.285249083231));
#3659 = CARTESIAN_POINT('',(6.032478786517,4.028520955872,
    19.601379516269));
#3660 = CARTESIAN_POINT('',(1.413337695082,7.114932041936,
    20.233617590978));
#3661 = CARTESIAN_POINT('',(-1.615976272021,7.581146881665,
    20.549748024009));
#3662 = CARTESIAN_POINT('',(-4.790147615457,6.586530763845,
    20.865778158317));
#3663 = CARTESIAN_POINT('',(-7.300416751541,4.1060420568,21.182128390607
    ));
#3664 = CARTESIAN_POINT('',(-8.351946836448,0.642040139614,
    21.497894612219));
#3665 = CARTESIAN_POINT('',(-7.641663359842,-2.815357300351,
    21.81435209437));
#3666 = CARTESIAN_POINT('',(-5.555713339285,-5.405665504411,
    22.130254819724));
#3667 = CARTESIAN_POINT('',(-2.777644794448,-6.701059959411,
    22.44645555514));
#3668 = CARTESIAN_POINT('',(-1.4667E-12,-6.70105969479,22.762563132947)
  );
#3669 = CARTESIAN_POINT('',(2.777646591135,-6.701059694791,
    23.078647140028));
#3670 = CARTESIAN_POINT('',(5.555712194893,-5.405664982743,
    23.394884887806));
#3671 = CARTESIAN_POINT('',(7.641665512127,-2.815356563097,
    23.710741004822));
#3672 = CARTESIAN_POINT('',(8.351945057104,0.642040908926,
    24.027246055601));
#3673 = CARTESIAN_POINT('',(7.300417603877,4.106042780302,
    24.342972986887));
#3674 = CARTESIAN_POINT('',(4.7901463022,6.586531183768,24.65934910715)
  );
#3675 = CARTESIAN_POINT('',(1.61597582358,7.581147065004,24.975366100298
    ));
#3676 = CARTESIAN_POINT('',(-1.413338426242,7.114931886836,
    25.291501268775));
#3677 = CARTESIAN_POINT('',(-6.032479127402,4.028520428007,
    25.923737491959));
#3678 = CARTESIAN_POINT('',(-7.622473914642,1.408211668901,
    26.239872660436));
#3679 = CARTESIAN_POINT('',(-7.918270798705,-1.904962516427,
    26.555889653583));
#3680 = CARTESIAN_POINT('',(-6.587237260273,-5.173392482907,
    26.872265773846));
#3681 = CARTESIAN_POINT('',(-3.789318747583,-7.470493035597,
    27.187992705136));
#3682 = CARTESIAN_POINT('',(-0.323287710432,-8.137368704423,
    27.504497755908));
#3683 = CARTESIAN_POINT('',(2.868104908194,-7.201466943283,
    27.82035387293));
#3684 = CARTESIAN_POINT('',(5.128013053192,-5.130594872322,
    28.136591620707));
#3685 = CARTESIAN_POINT('',(6.190972141321,-2.564383937452,
    28.452675627788));
#3686 = CARTESIAN_POINT('',(7.253930785326,1.825237230895E-03,
    28.768783187416));
#3687 = CARTESIAN_POINT('',(7.120262882434,3.064151884368,
    29.084984015828));
#3688 = CARTESIAN_POINT('',(5.525388373061,5.982586311219,
    29.400886483102));
#3689 = CARTESIAN_POINT('',(2.602983200598,7.961891092477,
    29.717344473664));
#3690 = CARTESIAN_POINT('',(-0.999740488167,8.316019812568,
    30.033109923671));
#3691 = CARTESIAN_POINT('',(-4.252051464364,6.946075110216,
    30.349461090128));
#3692 = CARTESIAN_POINT('',(-6.385659530237,4.39414613025,
    30.665490309135));
#3693 = CARTESIAN_POINT('',(-7.114201127222,1.417012155123,
    30.981621469016));
#3694 = CARTESIAN_POINT('',(-6.030397396618,-4.03163599245,
    31.613858617962));
#3695 = CARTESIAN_POINT('',(-4.218012406635,-6.503348331762,
    31.92999305959));
#3696 = CARTESIAN_POINT('',(-1.270235182734,-8.044525952476,
    32.246010968043));
#3697 = CARTESIAN_POINT('',(2.258764877035,-8.065585241446,
    32.562386154116));
#3698 = CARTESIAN_POINT('',(5.451726099263,-6.359707972276,
    32.87811385707));
#3699 = CARTESIAN_POINT('',(7.394231549153,-3.412715072098,
    33.194618399313));
#3700 = CARTESIAN_POINT('',(7.750864141444,-0.106098671423,
    33.510474774593));
#3701 = CARTESIAN_POINT('',(6.702457229077,2.774272647768,33.82671242919
    ));
#3702 = CARTESIAN_POINT('',(4.73836430203,4.738365200628,34.14279645455)
  );
#3703 = CARTESIAN_POINT('',(2.774272833035,6.702456671396,
    34.458904032265));
#3704 = CARTESIAN_POINT('',(-0.106100576574,7.750865301394,
    34.775104767822));
#3705 = CARTESIAN_POINT('',(-3.412714443719,7.394229896393,
    35.091007493089));
#3706 = CARTESIAN_POINT('',(-6.359709697773,5.451726704404,
    35.407464975234));
#3707 = CARTESIAN_POINT('',(-8.065584586798,2.258763243672,
    35.723231196908));
#3708 = CARTESIAN_POINT('',(-8.044526308963,-1.270235468696,
    36.039581429131));
#3709 = CARTESIAN_POINT('',(-6.503347749417,-4.218013205657,
    36.355611563487));
#3710 = CARTESIAN_POINT('',(-4.031635454425,-6.030397745117,
    36.671741996493));
#3711 = CARTESIAN_POINT('',(1.41701284584,-7.114201008999,
    37.303980071218));
#3712 = CARTESIAN_POINT('',(4.394146712678,-6.385659090533,
    37.620110504204));
#3713 = CARTESIAN_POINT('',(6.946075539736,-4.252050831962,
    37.936140638632));
#3714 = CARTESIAN_POINT('',(8.316019883241,-0.999739675714,
    38.252490870698));
#3715 = CARTESIAN_POINT('',(7.961890863211,2.602983938238,
    38.568257092621));
#3716 = CARTESIAN_POINT('',(5.982585777428,5.525388950043,38.88471457445
    ));
#3717 = CARTESIAN_POINT('',(3.064151213238,7.120263169034,
    39.200617300047));
#3718 = CARTESIAN_POINT('',(1.824548422908E-03,7.25393078646,
    39.516818035329));
#3719 = CARTESIAN_POINT('',(-2.564384524482,6.190971898154,
    39.832925613209));
#3720 = CARTESIAN_POINT('',(-5.130595358588,5.128012566761,
    40.149009620218));
#3721 = CARTESIAN_POINT('',(-7.201467215197,2.868104225192,
    40.465247368075));
#3722 = CARTESIAN_POINT('',(-8.137368673846,-0.323288481792,
    40.781103485027));
#3723 = CARTESIAN_POINT('',(-7.470492676175,-3.789319456178,
    41.097608535847));
#3724 = CARTESIAN_POINT('',(-5.173391858399,-6.58723775068,
    41.41333546711));
#3725 = CARTESIAN_POINT('',(-1.904961765556,-7.91827097939,
    41.729711587384));
#3726 = CARTESIAN_POINT('',(1.408212391663,-7.622473781102,
    42.045728580529));
#3727 = CARTESIAN_POINT('',(4.028521000014,-6.032478745412,
    42.361863749006));
#3728 = CARTESIAN_POINT('',(7.11493202085,-1.413337751594,42.99409997219
    ));
#3729 = CARTESIAN_POINT('',(7.581146911796,1.615976542424,
    43.310235140667));
#3730 = CARTESIAN_POINT('',(6.586530729472,4.790146926783,
    43.626252133812));
#3731 = CARTESIAN_POINT('',(4.10604208827,7.300417993148,43.942628254086
    ));
#3732 = CARTESIAN_POINT('',(0.642040116687,8.351945118036,44.25835518535
    ));
#3733 = CARTESIAN_POINT('',(-2.815357287419,7.641665245156,
    44.574860236168));
#3734 = CARTESIAN_POINT('',(-5.405665509705,5.55571168232,
    44.890716353124));
#3735 = CARTESIAN_POINT('',(-6.701059958111,2.777645955734,
    45.206954100976));
#3736 = CARTESIAN_POINT('',(-6.7010596948,-6.3540726991E-07,
    45.523038107987));
#3737 = CARTESIAN_POINT('',(8.734542171342,-0.173384108816,
    2.275612964066));
#3738 = CARTESIAN_POINT('',(8.806391820477,3.447201199996,2.591717732121
    ));
#3739 = CARTESIAN_POINT('',(7.189871612678,7.101573598285,2.90788187513)
  );
#3740 = CARTESIAN_POINT('',(3.867251472167,9.888090307381,3.223898773059
    ));
#3741 = CARTESIAN_POINT('',(-0.620567129107,10.902620708639,
    3.54016570643));
#3742 = CARTESIAN_POINT('',(-5.163307292332,9.622270776646,3.85613311066
    ));
#3743 = CARTESIAN_POINT('',(-8.461248530263,6.414073541393,
    4.172350298919));
#3744 = CARTESIAN_POINT('',(-9.839897142186,2.302526650019,
    4.488429450543));
#3745 = CARTESIAN_POINT('',(-9.310571799849,-1.658134326699,
    4.804553729566));
#3746 = CARTESIAN_POINT('',(-5.407087720285,-7.758836898157,
    5.436789952964));
#3747 = CARTESIAN_POINT('',(-2.032751152357,-9.89914039378,
    5.752912811629));
#3748 = CARTESIAN_POINT('',(2.278063935303,-10.37034032818,
    6.068996991898));
#3749 = CARTESIAN_POINT('',(6.573094169273,-8.720195847796,
    6.385203683637));
#3750 = CARTESIAN_POINT('',(9.639063559477,-5.132289222856,
    6.701187108818));
#3751 = CARTESIAN_POINT('',(10.598657708474,-0.632109618579,
    7.017434653305));
#3752 = CARTESIAN_POINT('',(9.460838017795,3.55218924165,7.333470502255)
  );
#3753 = CARTESIAN_POINT('',(6.820232732928,6.55138036697,7.649619813652)
  );
#3754 = CARTESIAN_POINT('',(3.502750607668,8.00331351209,7.965733790815)
  );
#3755 = CARTESIAN_POINT('',(0.185261615479,9.455231945464,8.281838558852
    ));
#3756 = CARTESIAN_POINT('',(-3.809553749054,9.360229784136,
    8.598002701892));
#3757 = CARTESIAN_POINT('',(-7.655471183457,7.35688282057,8.914019599785
    ));
#3758 = CARTESIAN_POINT('',(-10.31018888239,3.598923045421,
    9.230286533187));
#3759 = CARTESIAN_POINT('',(-10.86573118383,-1.087990319492,
    9.546253937397));
#3760 = CARTESIAN_POINT('',(-9.163810894561,-5.362614658344,
    9.862471125666));
#3761 = CARTESIAN_POINT('',(-5.892822857508,-8.209740770138,
    10.178550277287));
#3762 = CARTESIAN_POINT('',(-2.031085207056,-9.236387257321,
    10.494674556309));
#3763 = CARTESIAN_POINT('',(5.099027718402,-7.964676010612,
    11.126910779708));
#3764 = CARTESIAN_POINT('',(8.367713011141,-5.666254207715,
    11.443033638369));
#3765 = CARTESIAN_POINT('',(10.452722500305,-1.863900787978,
    11.75911781865));
#3766 = CARTESIAN_POINT('',(10.5718247012,2.735672690277,12.075324510367
    ));
#3767 = CARTESIAN_POINT('',(8.430326895685,6.941291479556,
    12.391307935577));
#3768 = CARTESIAN_POINT('',(4.639923849224,9.54998505042,12.707555480034
    ));
#3769 = CARTESIAN_POINT('',(0.338711029739,10.100038576486,
    13.023591329008));
#3770 = CARTESIAN_POINT('',(-3.442696158968,8.808178154467,
    13.33974064039));
#3771 = CARTESIAN_POINT('',(-6.053652920835,6.29885507902,
    13.655854617562));
#3772 = CARTESIAN_POINT('',(-8.664598706811,3.789520033722,
    13.971959378615));
#3773 = CARTESIAN_POINT('',(-10.10557787038,6.243610695503E-02,
    14.288123557342));
#3774 = CARTESIAN_POINT('',(-9.726495330458,-4.257375925199,
    14.604140356227));
#3775 = CARTESIAN_POINT('',(-7.270510022453,-8.148124338376,
    14.920407484657));
#3776 = CARTESIAN_POINT('',(-3.15296302593,-10.45498240999,
    15.236374592882));
#3777 = CARTESIAN_POINT('',(1.447570999121,-10.51844122538,
    15.552592139493));
#3778 = CARTESIAN_POINT('',(5.329726065945,-8.585990101641,
    15.868670940009));
#3779 = CARTESIAN_POINT('',(7.756046287924,-5.411090501167,
    16.184795497848));
#3780 = CARTESIAN_POINT('',(9.309714986527,1.662937940582,
    16.817031366127));
#3781 = CARTESIAN_POINT('',(8.437119220856,5.562376370302,
    17.133155762475));
#3782 = CARTESIAN_POINT('',(5.722109275308,8.94377453288,17.44923525295)
  );
#3783 = CARTESIAN_POINT('',(1.518219659363,10.813985239585,
    17.765451516872));
#3784 = CARTESIAN_POINT('',(-3.186756093055,10.444929058434,
    18.081420166427));
#3785 = CARTESIAN_POINT('',(-7.047429802483,7.941345861825,
    18.39768576301));
#3786 = CARTESIAN_POINT('',(-9.201585679907,4.178050786797,
    18.713703832222));
#3787 = CARTESIAN_POINT('',(-9.455168216197,0.19010370494,
    19.029867305695));
#3788 = CARTESIAN_POINT('',(-8.136010534726,-3.182376563878,
    19.345972248227));
#3789 = CARTESIAN_POINT('',(-6.816868288776,-6.554862507894,
    19.662086050897));
#3790 = CARTESIAN_POINT('',(-3.924906525571,-9.312438073598,
    19.978236031859));
#3791 = CARTESIAN_POINT('',(0.211117793085,-10.61534319075,
    20.294270709488));
#3792 = CARTESIAN_POINT('',(4.745596185318,-9.835222025849,
    20.610519590803));
#3793 = CARTESIAN_POINT('',(8.452547038,-6.913910707879,20.926501770625)
  );
#3794 = CARTESIAN_POINT('',(10.27173977752,-2.687849528326,
    21.242709386724));
#3795 = CARTESIAN_POINT('',(9.972016169427,1.638307561727,21.55879322813
    ));
#3796 = CARTESIAN_POINT('',(7.967306594628,5.094918089498,
    21.874915969473));
#3797 = CARTESIAN_POINT('',(2.026319144917,9.237433422903,
    22.507152547989));
#3798 = CARTESIAN_POINT('',(-1.910219560383,9.923513489266,
    22.823275127839));
#3799 = CARTESIAN_POINT('',(-6.073214392959,8.709167732285,
    23.139359659214));
#3800 = CARTESIAN_POINT('',(-9.409821355279,5.54099633168,
    23.455565992605));
#3801 = CARTESIAN_POINT('',(-10.86937580273,1.052906962724,
    23.771549713783));
#3802 = CARTESIAN_POINT('',(-10.03378068801,-3.471937527753,
    24.087797063224));
#3803 = CARTESIAN_POINT('',(-7.381310682389,-6.902300919515,
    24.403833011202));
#3804 = CARTESIAN_POINT('',(-3.793968691507,-8.662676298156,
    24.719982286897));
#3805 = CARTESIAN_POINT('',(-0.173384108816,-8.73454217136,
    25.036096271049));
#3806 = CARTESIAN_POINT('',(3.447201188561,-8.806391815122,
    25.352201032097));
#3807 = CARTESIAN_POINT('',(7.101573645332,-7.189871634597,
    25.668365210841));
#3808 = CARTESIAN_POINT('',(9.888090192134,-3.867251418559,
    25.984382009702));
#3809 = CARTESIAN_POINT('',(10.902620913154,0.620567034046,
    26.300649138154));
#3810 = CARTESIAN_POINT('',(9.62227049578,5.163307422833,26.616616246364
    ));
#3811 = CARTESIAN_POINT('',(6.414073848246,8.461248387711,
    26.932833792983));
#3812 = CARTESIAN_POINT('',(2.302526380977,9.839897267166,
    27.248912593495));
#3813 = CARTESIAN_POINT('',(-1.658134138399,9.310571712377,
    27.565037151336));
#3814 = CARTESIAN_POINT('',(-7.758837292365,5.407087903409,
    28.197273019614));
#3815 = CARTESIAN_POINT('',(-9.8991382657,2.03275016379,28.513397415963)
  );
#3816 = CARTESIAN_POINT('',(-10.37034589286,-2.278061350326,
    28.829476906436));
#3817 = CARTESIAN_POINT('',(-8.720185711022,-6.573098878129,
    29.145693170366));
#3818 = CARTESIAN_POINT('',(-5.13230332286,-9.639057009576,
    29.461661819904));
#3819 = CARTESIAN_POINT('',(-0.63209410735,-10.59866491395,
    29.777927416513));
#3820 = CARTESIAN_POINT('',(3.552175588422,-9.460831675395,
    30.093945485693));
#3821 = CARTESIAN_POINT('',(6.551389944059,-6.820237181835,
    30.410108959195));
#3822 = CARTESIAN_POINT('',(8.003308269507,-3.502748172299,
    30.726213901709));
#3823 = CARTESIAN_POINT('',(9.455241513262,-0.185266072914,
    31.042327697424));
#3824 = CARTESIAN_POINT('',(9.360216169166,3.809560126603,
    31.358477714026));
#3825 = CARTESIAN_POINT('',(7.356898238099,7.655463891876,
    31.674512292699));
#3826 = CARTESIAN_POINT('',(3.598909111614,10.310195585021,
    31.990761368996));
#3827 = CARTESIAN_POINT('',(-1.087980410857,10.865726265326,
    32.306743252868));
#3828 = CARTESIAN_POINT('',(-5.362619973849,9.163813708522,
    32.622951227288));
#3829 = CARTESIAN_POINT('',(-8.209738860495,5.892821668198,
    32.939034717598));
#3830 = CARTESIAN_POINT('',(-9.236387498655,2.031085530672,
    33.255157737755));
#3831 = CARTESIAN_POINT('',(-7.964676142354,-5.099028099997,
    33.887393961152));
#3832 = CARTESIAN_POINT('',(-5.666252749056,-8.36771129838,
    34.203518078684));
#3833 = CARTESIAN_POINT('',(-1.86390499885,-10.45272679469,
    34.519597920269));
#3834 = CARTESIAN_POINT('',(2.735680639007,-10.57181700762,
    34.835813825834));
#3835 = CARTESIAN_POINT('',(6.941280236916,-8.430337510772,
    35.151782771404));
#3836 = CARTESIAN_POINT('',(9.549997528035,-4.639912222683,
    35.468048172915));
#3837 = CARTESIAN_POINT('',(10.100027539092,-0.338721238343,
    35.784066341183));
#3838 = CARTESIAN_POINT('',(8.808185918243,3.442703309808,
    36.100229778934));
#3839 = CARTESIAN_POINT('',(6.298850822789,6.053649009303,
    36.416334728457));
#3840 = CARTESIAN_POINT('',(3.789527804609,8.664605864184,
    36.732448531107));
#3841 = CARTESIAN_POINT('',(6.242504033738E-02,10.105567634859,
    37.048598512115));
#3842 = CARTESIAN_POINT('',(-4.257363376001,9.726507022938,
    37.364633189707));
#3843 = CARTESIAN_POINT('',(-8.148135708064,7.27049929043,
    37.680882071028));
#3844 = CARTESIAN_POINT('',(-10.45497428676,3.152970880001,
    37.996864250871));
#3845 = CARTESIAN_POINT('',(-10.51844562692,-1.447575468789,
    38.31307186694));
#3846 = CARTESIAN_POINT('',(-8.585988475807,-5.329724199535,
    38.62915570837));
#3847 = CARTESIAN_POINT('',(-5.411090749913,-7.75604677705,
    38.945278449701));
#3848 = CARTESIAN_POINT('',(1.662937944195,-9.309714437795,
    39.577515028224));
#3849 = CARTESIAN_POINT('',(5.562376957632,-8.43712162542,
    39.893637608056));
#3850 = CARTESIAN_POINT('',(8.943772675063,-5.722103283615,
    40.209722139475));
#3851 = CARTESIAN_POINT('',(10.813988849599,-1.51823036649,
    40.525928472791));
#3852 = CARTESIAN_POINT('',(10.444923885864,3.186770847494,
    40.841912194065));
#3853 = CARTESIAN_POINT('',(7.94135164121,7.047413653215,41.158159543413
    ));
#3854 = CARTESIAN_POINT('',(4.178045655497,9.201599854139,
    41.474195491458));
#3855 = CARTESIAN_POINT('',(0.190107321834,9.455158289756,
    41.790344767115));
#3856 = CARTESIAN_POINT('',(-3.182378548885,8.136015963874,
    42.106458751293));
#3857 = CARTESIAN_POINT('',(-6.554858869115,6.816858370349,
    42.422563512309));
#3858 = CARTESIAN_POINT('',(-9.312443294931,3.924920666826,
    42.738727691093));
#3859 = CARTESIAN_POINT('',(-10.61533719082,-0.211133861601,
    43.054744489915));
#3860 = CARTESIAN_POINT('',(-9.835227589771,-4.745581574116,
    43.371011618399));
#3861 = CARTESIAN_POINT('',(-6.913906560426,-8.452557548493,
    43.686978726586));
#3862 = CARTESIAN_POINT('',(-2.687851973303,-10.27173400058,
    44.003196273218));
#3863 = CARTESIAN_POINT('',(1.638308663866,-9.972018385732,
    44.319275073725));
#3864 = CARTESIAN_POINT('',(5.094917732799,-7.96730617764,
    44.635399631567));
#3865 = CARTESIAN_POINT('',(9.237433928478,-2.026319358244,
    45.267635499845));
#3866 = CARTESIAN_POINT('',(9.923511043004,1.910219937935,
    45.583759896196));
#3867 = CARTESIAN_POINT('',(8.709173978781,6.073213816486,
    45.899839386662));
#3868 = CARTESIAN_POINT('',(5.540985058185,9.409822117386,
    46.216055650607));
#3869 = CARTESIAN_POINT('',(1.052922573412,10.869374935451,
    46.53202430012));
#3870 = CARTESIAN_POINT('',(-3.471954659347,10.033781528465,
    46.848289896763));
#3871 = CARTESIAN_POINT('',(-6.902285860583,7.381309998922,
    47.164307965904));
#3872 = CARTESIAN_POINT('',(-8.662686853131,3.79396914861,
    47.480471439444));
#3873 = CARTESIAN_POINT('',(-8.734536395841,0.173383865073,
    47.796576381927));
#3874 = CARTESIAN_POINT('',(11.2,-0.151614803396,1.990158676457));
#3875 = CARTESIAN_POINT('',(11.262828539171,4.490977378974,2.30628871506
    ));
#3876 = CARTESIAN_POINT('',(9.160709646582,9.16296952248,2.622363258324)
  );
#3877 = CARTESIAN_POINT('',(4.878152255011,12.709196929599,
    2.938575629135));
#3878 = CARTESIAN_POINT('',(-0.88377505242,13.972903465976,
    3.254553452786));
#3879 = CARTESIAN_POINT('',(-6.697834457218,12.295235460157,
    3.570812509962));
#3880 = CARTESIAN_POINT('',(-10.90007881253,8.154943686915,
    3.886837278308));
#3881 = CARTESIAN_POINT('',(-12.63441812158,2.872472368304,
    4.202991144765));
#3882 = CARTESIAN_POINT('',(-11.92370962796,-2.201246743813,
    4.519102994272));
#3883 = CARTESIAN_POINT('',(-6.86966855911,-9.991395503333,
    5.151338095502));
#3884 = CARTESIAN_POINT('',(-2.526082778913,-12.70820008786,
    5.46745099754));
#3885 = CARTESIAN_POINT('',(3.004568372538,-13.27734729185,
    5.783601353084));
#3886 = CARTESIAN_POINT('',(8.498144629672,-11.12721060846,
    6.099633736988));
#3887 = CARTESIAN_POINT('',(12.399537709791,-6.501854815859,
    6.41588041138));
#3888 = CARTESIAN_POINT('',(13.59397076463,-0.724895107391,
    6.731873828815));
#3889 = CARTESIAN_POINT('',(12.100893944794,4.630942487188,
    7.048070544371));
#3890 = CARTESIAN_POINT('',(8.69127579461,8.454727661987,7.36415786655)
  );
#3891 = CARTESIAN_POINT('',(4.426128256175,10.289430290774,
    7.680279503196));
#3892 = CARTESIAN_POINT('',(0.160975802095,12.12411940357,7.996409541813
    ));
#3893 = CARTESIAN_POINT('',(-4.95982818837,11.969908773285,8.31248408506
    ));
#3894 = CARTESIAN_POINT('',(-9.874978869394,9.370424128502,
    8.628696455881));
#3895 = CARTESIAN_POINT('',(-13.24748559244,4.530696976181,
    8.944674279532));
#3896 = CARTESIAN_POINT('',(-13.92246666856,-1.482809259533,
    9.260933336704));
#3897 = CARTESIAN_POINT('',(-11.70546513414,-6.949597876813,
    9.576958105052));
#3898 = CARTESIAN_POINT('',(-7.488800921487,-10.57343272244,
    9.893111971508));
#3899 = CARTESIAN_POINT('',(-2.529319314338,-11.85845193629,
    10.209223821016));
#3900 = CARTESIAN_POINT('',(6.601937463343,-10.17028770223,
    10.841458922246));
#3901 = CARTESIAN_POINT('',(10.774155927961,-7.197013805679,
    11.157571824287));
#3902 = CARTESIAN_POINT('',(13.416467946569,-2.305161610905,
    11.473722179818));
#3903 = CARTESIAN_POINT('',(13.5323012907,3.593062739328,11.789754563751
    ));
#3904 = CARTESIAN_POINT('',(10.752028238281,8.967526985077,
    12.106001238096));
#3905 = CARTESIAN_POINT('',(5.871903144596,12.281786007133,
    12.421994655585));
#3906 = CARTESIAN_POINT('',(0.352378649337,12.951953206805,
    12.738191371097));
#3907 = CARTESIAN_POINT('',(-4.48514258715,11.26517601944,
    13.054278693301));
#3908 = CARTESIAN_POINT('',(-7.812388093691,8.026803804908,
    13.370400329936));
#3909 = CARTESIAN_POINT('',(-11.13962298421,4.788421881225,
    13.686530375173));
#3910 = CARTESIAN_POINT('',(-12.95679783784,-1.597992811504E-03,
    14.002604884588));
#3911 = CARTESIAN_POINT('',(-12.43613377086,-5.537384746012,
    14.318817349282));
#3912 = CARTESIAN_POINT('',(-9.255411639655,-10.50525820998,
    14.634794988008));
#3913 = CARTESIAN_POINT('',(-3.95795996094,-13.43012841914,
    14.951054325843));
#3914 = CARTESIAN_POINT('',(1.941103394664,-13.47393575064,
    15.267078754392));
#3915 = CARTESIAN_POINT('',(6.902738274635,-10.96502731037,
    15.583232953789));
#3916 = CARTESIAN_POINT('',(9.987852270038,-6.874819512305,
    15.899344538903));
#3917 = CARTESIAN_POINT('',(11.92257308077,2.207394452655,
    16.531579976882));
#3918 = CARTESIAN_POINT('',(10.772262863518,7.19984332479,
    16.847691420782));
#3919 = CARTESIAN_POINT('',(7.263956494154,11.5130552551,17.16384622351)
  );
#3920 = CARTESIAN_POINT('',(1.859021531098,13.877217622216,
    17.479869530419));
#3921 = CARTESIAN_POINT('',(-4.170279256497,13.365308601108,
    17.796130216059));
#3922 = CARTESIAN_POINT('',(-9.09982420812,10.124960806936,
    18.112106515276));
#3923 = CARTESIAN_POINT('',(-11.83118308172,5.282058920219,
    18.428320090789));
#3924 = CARTESIAN_POINT('',(-12.12406367645,0.167260867963,
    18.744393983515));
#3925 = CARTESIAN_POINT('',(-10.40546666003,-4.14597848259,
    19.060524187426));
#3926 = CARTESIAN_POINT('',(-8.686882489493,-8.459223885593,
    19.376645658783));
#3927 = CARTESIAN_POINT('',(-4.956863597225,-11.97112621994,
    19.692733631463));
#3928 = CARTESIAN_POINT('',(0.356760535472,-13.60856131642,
    20.008929142366));
#3929 = CARTESIAN_POINT('',(6.163712651828,-12.57106767924,
    20.324924084186));
#3930 = CARTESIAN_POINT('',(10.893166224115,-8.796170259312,
    20.641169130153));
#3931 = CARTESIAN_POINT('',(13.191126417187,-3.362903710032,
    20.957202975469));
#3932 = CARTESIAN_POINT('',(12.771926034914,2.181163192732,
    21.273352394754));
#3933 = CARTESIAN_POINT('',(10.173690961675,6.596693100952,
    21.589465702395));
#3934 = CARTESIAN_POINT('',(2.523204487155,11.859754073079,
    22.221700466878));
#3935 = CARTESIAN_POINT('',(-2.529421217023,12.707536094649,
    22.537813633306));
#3936 = CARTESIAN_POINT('',(-7.856880325717,11.116870745777,
    22.853963655913));
#3937 = CARTESIAN_POINT('',(-12.10946079068,7.028103094485,
    23.16999637961));
#3938 = CARTESIAN_POINT('',(-13.94383139899,1.261832853449,
    23.486242773348));
#3939 = CARTESIAN_POINT('',(-12.83659660211,-4.532471591525,
    23.802236375702));
#3940 = CARTESIAN_POINT('',(-9.407583315708,-8.90924462892,
    24.118432997383));
#3941 = CARTESIAN_POINT('',(-4.79420760666,-11.13715708788,
    24.434520353403));
#3942 = CARTESIAN_POINT('',(-0.151614803395,-11.20000000001,
    24.750641983422));
#3943 = CARTESIAN_POINT('',(4.490977368602,-11.26282853538,
    25.066772028667));
#3944 = CARTESIAN_POINT('',(9.162969565148,-9.160709662065,
    25.382846538069));
#3945 = CARTESIAN_POINT('',(12.70919682508,-4.87815221716,
    25.699059002771));
#3946 = CARTESIAN_POINT('',(13.972903651452,0.883774985311,
    26.015036641499));
#3947 = CARTESIAN_POINT('',(12.295235205441,6.697834549341,
    26.331295979327));
#3948 = CARTESIAN_POINT('',(8.154943965194,10.900078711906,
    26.647320407881));
#3949 = CARTESIAN_POINT('',(2.872472124316,12.634418209814,
    26.963474607275));
#3950 = CARTESIAN_POINT('',(-2.201246573049,11.923709566218,
    27.279586192391));
#3951 = CARTESIAN_POINT('',(-9.99139586083,6.869668688379,27.91182163037
    ));
#3952 = CARTESIAN_POINT('',(-12.70819815795,2.526082081073,
    28.22793307427));
#3953 = CARTESIAN_POINT('',(-13.27735233831,-3.004566547779,
    28.544087876996));
#3954 = CARTESIAN_POINT('',(-11.12720141567,-8.498147953693,
    28.86011118391));
#3955 = CARTESIAN_POINT('',(-6.501867602792,-12.39953308616,
    29.176371869542));
#3956 = CARTESIAN_POINT('',(-0.72488104065,-13.59397585103,
    29.492348168763));
#3957 = CARTESIAN_POINT('',(4.630930105416,-12.10088946764,
    29.808561744283));
#3958 = CARTESIAN_POINT('',(8.454736347213,-8.691278935129,
    30.124635636992));
#3959 = CARTESIAN_POINT('',(10.289425536405,-4.426126537026,
    30.44076584092));
#3960 = CARTESIAN_POINT('',(12.124128081354,-0.160978950768,
    30.756887318871));
#3961 = CARTESIAN_POINT('',(11.969896422151,4.959832699093,
    31.07297525775));
#3962 = CARTESIAN_POINT('',(9.370438120215,9.874973700771,31.3891708625)
  );
#3963 = CARTESIAN_POINT('',(4.530684322321,13.247490361894,
    31.705165619415));
#3964 = CARTESIAN_POINT('',(-1.482800249416,13.922463144377,
    32.021410946029));
#3965 = CARTESIAN_POINT('',(-6.949602723778,11.705467177529,
    32.337444451557));
#3966 = CARTESIAN_POINT('',(-10.57343096743,7.488800031988,
    32.653594203776));
#3967 = CARTESIAN_POINT('',(-11.85845217139,2.529319577743,
    32.969707247026));
#3968 = CARTESIAN_POINT('',(-10.1702877877,-6.601937805906,
    33.601942348257));
#3969 = CARTESIAN_POINT('',(-7.197012666403,-10.77415432378,
    33.918054056549));
#3970 = CARTESIAN_POINT('',(-2.30516494969,-13.4164720112,
    34.234208526339));
#3971 = CARTESIAN_POINT('',(3.593069073548,-13.53229397765,
    34.55023217304));
#3972 = CARTESIAN_POINT('',(8.967518005514,-10.75203834948,
    34.866492578027));
#3973 = CARTESIAN_POINT('',(12.281795984949,-5.871892057378,
    35.182469062167));
#3974 = CARTESIAN_POINT('',(12.951944374841,-0.352388390645,
    35.498682543791));
#3975 = CARTESIAN_POINT('',(11.265182234201,4.485149413148,
    35.814756470376));
#3976 = CARTESIAN_POINT('',(8.026800397207,7.812384359125,
    36.130886667651));
#3977 = CARTESIAN_POINT('',(4.788428101677,11.139629816448,
    36.447008139018));
#3978 = CARTESIAN_POINT('',(-1.606848160527E-03,12.956788070836,
    36.763096111723));
#3979 = CARTESIAN_POINT('',(-5.537374710905,12.436144921015,
    37.079291622529));
#3980 = CARTESIAN_POINT('',(-10.50526729124,9.255401416832,
    37.395286564496));
#3981 = CARTESIAN_POINT('',(-13.43012194522,3.957967427196,
    37.711531610327));
#3982 = CARTESIAN_POINT('',(-13.47393924207,-1.941107626639,
    38.02756545573));
#3983 = CARTESIAN_POINT('',(-10.96502603725,-6.902736523768,
    38.343714874974));
#3984 = CARTESIAN_POINT('',(-6.874819691456,-9.987852715267,
    38.659828182629));
#3985 = CARTESIAN_POINT('',(2.207394413667,-11.92257260243,
    39.292062947105));
#3986 = CARTESIAN_POINT('',(7.199844021112,-10.77226491328,
    39.608176113553));
#3987 = CARTESIAN_POINT('',(11.513053176483,-7.263951416814,
    39.924326136102));
#3988 = CARTESIAN_POINT('',(13.877221589436,-1.859030582005,
    40.240358859921));
#3989 = CARTESIAN_POINT('',(13.365302961803,4.17029171346,
    40.556605253473));
#3990 = CARTESIAN_POINT('',(10.124967082006,9.099810582568,
    40.872598856031));
#3991 = CARTESIAN_POINT('',(5.282053361419,11.831195036381,
    41.188795477553));
#3992 = CARTESIAN_POINT('',(0.167264781233,12.124055306214,
    41.504882833658));
#3993 = CARTESIAN_POINT('',(-4.145980628822,10.405471237517,
    41.821004463643));
#3994 = CARTESIAN_POINT('',(-8.459219953873,8.686874127912,
    42.137134508907));
#3995 = CARTESIAN_POINT('',(-11.97113185464,4.956875516239,
    42.453209018298));
#3996 = CARTESIAN_POINT('',(-13.60855485542,-0.35677407374,
    42.769421482997));
#3997 = CARTESIAN_POINT('',(-12.57107364849,-6.163700349704,
    43.085399121736));
#3998 = CARTESIAN_POINT('',(-8.796165838977,-10.89317506244,
    43.401658459554));
#3999 = CARTESIAN_POINT('',(-3.362906283694,-13.19112157203,
    43.717682888113));
#4000 = CARTESIAN_POINT('',(2.181164323102,-12.77192788114,
    44.033837087506));
#4001 = CARTESIAN_POINT('',(6.596692758175,-10.17369062578,
    44.349948672622));
#4002 = CARTESIAN_POINT('',(11.859754529919,-2.523204634186,
    44.982184110601));
#4003 = CARTESIAN_POINT('',(12.707533934461,2.52942135811,
    45.298295554501));
#4004 = CARTESIAN_POINT('',(11.116876232023,7.856880303132,
    45.614450357227));
#4005 = CARTESIAN_POINT('',(7.028093214438,12.109460588991,
    45.930473664143));
#4006 = CARTESIAN_POINT('',(1.261846520156,13.943831842089,
    46.24673434977));
#4007 = CARTESIAN_POINT('',(-4.532486581192,12.836596018856,
    46.562710648996));
#4008 = CARTESIAN_POINT('',(-8.909231457019,9.407583876584,
    46.878924224519));
#4009 = CARTESIAN_POINT('',(-11.13716631853,4.794207194416,
    47.194998117215));
#4010 = CARTESIAN_POINT('',(-11.19999494963,0.151615034524,
    47.51112832116));
#4011 = CARTESIAN_POINT('',(11.2,0.,2.079825948696E-03));
#4012 = CARTESIAN_POINT('',(11.199999999534,4.642593212895,
    0.318209943918));
#4013 = CARTESIAN_POINT('',(9.034972694365,9.285278720168,0.634284178744
    ));
#4014 = CARTESIAN_POINT('',(4.705320587013,12.77289925543,0.950497105165
    ));
#4015 = CARTESIAN_POINT('',(-1.072810842097,13.958370901156,
    1.266474258766));
#4016 = CARTESIAN_POINT('',(-6.862965314867,12.202350724121,
    1.582733990142));
#4017 = CARTESIAN_POINT('',(-11.00847985879,8.005914047523,
    1.898758197471));
#4018 = CARTESIAN_POINT('',(-12.67097891204,2.700947485466,2.21491236567
    ));
#4019 = CARTESIAN_POINT('',(-11.89173474589,-2.362226016683,
    2.531024144558));
#4020 = CARTESIAN_POINT('',(-6.73318236144,-10.08254544039,
    3.163259245787));
#4021 = CARTESIAN_POINT('',(-2.353623777503,-12.74006590356,
    3.479372218421));
#4022 = CARTESIAN_POINT('',(3.183736770267,-13.23423987789,
    3.795522272368));
#4023 = CARTESIAN_POINT('',(8.647159145385,-11.0101909818,4.111555216912
    ));
#4024 = CARTESIAN_POINT('',(12.485305542364,-6.332785294823,
    4.427801217673));
#4025 = CARTESIAN_POINT('',(13.601269046232,-0.540828081288,
    4.743795304601));
#4026 = CARTESIAN_POINT('',(12.036012868015,4.793903997865,
    5.059991464912));
#4027 = CARTESIAN_POINT('',(8.575251856449,8.570806919886,5.376079095374
    ));
#4028 = CARTESIAN_POINT('',(4.286054442489,10.347450764127,
    5.692200652687));
#4029 = CARTESIAN_POINT('',(-3.142404860602E-03,12.124094269484,
    6.008330770671));
#4030 = CARTESIAN_POINT('',(-5.120944601217,11.900548680215,
    6.32440500548));
#4031 = CARTESIAN_POINT('',(-9.999971960309,9.23512631258,6.64061793191)
  );
#4032 = CARTESIAN_POINT('',(-13.3064001181,4.350489307397,6.956595085512
    ));
#4033 = CARTESIAN_POINT('',(-13.89984520543,-1.670915728702,
    7.272854816883));
#4034 = CARTESIAN_POINT('',(-11.60926298503,-7.106778558677,
    7.588879024216));
#4035 = CARTESIAN_POINT('',(-7.344323801699,-10.67285021934,
    7.905033192413));
#4036 = CARTESIAN_POINT('',(-2.368357601355,-11.89051509787,
    8.221144971302));
#4037 = CARTESIAN_POINT('',(6.738380031184,-10.0790724685,8.85338007253)
  );
#4038 = CARTESIAN_POINT('',(10.869593305477,-7.049876983804,
    9.169493045169));
#4039 = CARTESIAN_POINT('',(13.445206666533,-2.12313510225,9.4856430991)
  );
#4040 = CARTESIAN_POINT('',(13.481214639065,3.775515672853,
    9.801676043678));
#4041 = CARTESIAN_POINT('',(10.628650296786,9.11146623472,
    10.117922044386));
#4042 = CARTESIAN_POINT('',(5.704640318017,12.358968141495,
    10.433916131373));
#4043 = CARTESIAN_POINT('',(0.176992931884,12.954373578151,
    10.750112291637));
#4044 = CARTESIAN_POINT('',(-4.63678627657,11.202405486539,
    11.066199922126));
#4045 = CARTESIAN_POINT('',(-7.91959594929,7.919595949289,
    11.382321479428));
#4046 = CARTESIAN_POINT('',(-11.20240509228,4.636786806297,
    11.698451604031));
#4047 = CARTESIAN_POINT('',(-12.95437400745,-0.176993090134,
    12.014525805008));
#4048 = CARTESIAN_POINT('',(-12.35896777561,-5.704639579497,
    12.330738825311));
#4049 = CARTESIAN_POINT('',(-9.111466893688,-10.62865054823,
    12.646715793989));
#4050 = CARTESIAN_POINT('',(-3.775515634996,-13.48121424519,
    12.962975806021));
#4051 = CARTESIAN_POINT('',(2.123134651285,-13.4452068838,
    13.278999673556));
#4052 = CARTESIAN_POINT('',(7.04987682584,-10.86959338462,
    13.595154174694));
#4053 = CARTESIAN_POINT('',(10.079072317162,-6.738380251472,
    13.911265689188));
#4054 = CARTESIAN_POINT('',(11.890515152617,2.368357361845,
    14.543501127167));
#4055 = CARTESIAN_POINT('',(10.672850362514,7.344323573057,
    14.859612641661));
#4056 = CARTESIAN_POINT('',(7.106778807853,11.609262847953,15.1757671428
    ));
#4057 = CARTESIAN_POINT('',(1.670916006716,13.899845162165,
    15.491791010332));
#4058 = CARTESIAN_POINT('',(-4.350489026318,13.306400214327,
    15.808051022368));
#4059 = CARTESIAN_POINT('',(-9.235126109897,9.99997214723,
    16.124027991043));
#4060 = CARTESIAN_POINT('',(-11.90054857301,5.120944848312,
    16.440241011346));
#4061 = CARTESIAN_POINT('',(-12.12409426979,3.142654692567E-03,
    16.756315212327));
#4062 = CARTESIAN_POINT('',(-10.34745085257,-4.286054228952,
    17.072445336924));
#4063 = CARTESIAN_POINT('',(-8.570807096336,-8.575251679568,
    17.388566887628));
#4064 = CARTESIAN_POINT('',(-4.793904248368,-12.03601276911,
    17.7046545519));
#4065 = CARTESIAN_POINT('',(0.54082780577,-13.60126905732,
    18.020850618376));
#4066 = CARTESIAN_POINT('',(6.332785028064,-12.48530567313,
    18.336844890183));
#4067 = CARTESIAN_POINT('',(11.010190815789,-8.647159372525,
    18.653090610321));
#4068 = CARTESIAN_POINT('',(13.234239798644,-3.183737043411,
    18.969123894639));
#4069 = CARTESIAN_POINT('',(12.740065964002,2.353623514599,
    19.285273615657));
#4070 = CARTESIAN_POINT('',(10.082545571049,6.73318215337,
    19.601386852681));
#4071 = CARTESIAN_POINT('',(2.362226279468,11.891734697146,
    20.233621617162));
#4072 = CARTESIAN_POINT('',(-2.700947317802,12.670978967782,
    20.549734854188));
#4073 = CARTESIAN_POINT('',(-8.005913575006,11.008480024034,
    20.865884575197));
#4074 = CARTESIAN_POINT('',(-12.2023510294,6.862965566608,
    21.181917859535));
#4075 = CARTESIAN_POINT('',(-13.95837025738,1.072811130264,
    21.498163579641));
#4076 = CARTESIAN_POINT('',(-12.77290003637,-4.705320323529,
    21.814157851487));
#4077 = CARTESIAN_POINT('',(-9.285278304689,-9.03497250269,
    22.130353917925));
#4078 = CARTESIAN_POINT('',(-4.642593866254,-11.19999990374,
    22.446441582227));
#4079 = CARTESIAN_POINT('',(5.7958E-13,-11.2,22.762563132913));
#4080 = CARTESIAN_POINT('',(4.642593212704,-11.2,23.078693257525));
#4081 = CARTESIAN_POINT('',(9.285278720956,-9.034972692446,
    23.394767458488));
#4082 = CARTESIAN_POINT('',(12.772899253492,-4.705320591714,
    23.710980478801));
#4083 = CARTESIAN_POINT('',(13.958370904602,1.072810850436,
    24.026957447477));
#4084 = CARTESIAN_POINT('',(12.202350719386,6.862965303419,
    24.343217459508));
#4085 = CARTESIAN_POINT('',(8.005914052697,11.008479871294,
    24.659241327044));
#4086 = CARTESIAN_POINT('',(2.700947480928,12.670978901089,
    24.975395828181));
#4087 = CARTESIAN_POINT('',(-2.362226013507,11.891734753564,
    25.291507342676));
#4088 = CARTESIAN_POINT('',(-10.08254544705,6.733182345383,
    25.923742780654));
#4089 = CARTESIAN_POINT('',(-12.74006586766,2.35362386418,
    26.239854295149));
#4090 = CARTESIAN_POINT('',(-13.23423997178,-3.183736996915,
    26.556008796286));
#4091 = CARTESIAN_POINT('',(-11.01019081076,-8.647158732516,
    26.872032663823));
#4092 = CARTESIAN_POINT('',(-6.332785532734,-12.48530611665,
    27.188292675851));
#4093 = CARTESIAN_POINT('',(-0.540827819573,-13.60126841445,
    27.504269644532));
#4094 = CARTESIAN_POINT('',(4.793903767503,-12.03601342412,
    27.82048266484));
#4095 = CARTESIAN_POINT('',(8.570807081473,-8.57525146636,
    28.136556865805));
#4096 = CARTESIAN_POINT('',(10.347450675673,-4.286054656025,
    28.452686990418));
#4097 = CARTESIAN_POINT('',(12.124094431422,3.142794588091E-03,
    28.768808547717));
#4098 = CARTESIAN_POINT('',(11.900548448403,5.120944046575,
    29.084896178186));
#4099 = CARTESIAN_POINT('',(9.235126577859,9.999972588501,29.40109233851
    ));
#4100 = CARTESIAN_POINT('',(4.350489063145,13.30639955018,
    29.717086425412));
#4101 = CARTESIAN_POINT('',(-1.670915548931,13.89984560956,
    30.033332426197));
#4102 = CARTESIAN_POINT('',(-7.106778662127,11.609262767946,
    30.349365370727));
#4103 = CARTESIAN_POINT('',(-10.67285017505,7.34432387999,30.66551542468
    ));
#4104 = CARTESIAN_POINT('',(-11.89051511039,2.368357591169,
    30.981628397312));
#4105 = CARTESIAN_POINT('',(-10.07907245304,-6.738380035804,
    31.613863498541));
#4106 = CARTESIAN_POINT('',(-7.049877054683,-10.86959325009,
    31.929975277428));
#4107 = CARTESIAN_POINT('',(-2.123134923607,-13.44520682751,
    32.246129445629));
#4108 = CARTESIAN_POINT('',(3.77551535213,-13.48121433449,
    32.562153652954));
#4109 = CARTESIAN_POINT('',(9.111466677695,-10.62865072801,
    32.878413384336));
#4110 = CARTESIAN_POINT('',(12.358967656033,-5.704639839156,
    33.194390537935));
#4111 = CARTESIAN_POINT('',(12.954374004551,-0.1769933556,
    33.510603464349));
#4112 = CARTESIAN_POINT('',(11.202405187796,4.636786574667,
    33.826677699189));
#4113 = CARTESIAN_POINT('',(7.91959611272,7.919595785854,34.142807817149
    ));
#4114 = CARTESIAN_POINT('',(4.636786507279,11.202405390651,
    34.458929367865));
#4115 = CARTESIAN_POINT('',(-0.176992662593,12.954373582623,
    34.775017032157));
#4116 = CARTESIAN_POINT('',(-5.704640067739,12.358968257221,
    35.091213098542));
#4117 = CARTESIAN_POINT('',(-10.62865010034,9.111466457581,
    35.40720737049));
#4118 = CARTESIAN_POINT('',(-13.48121457263,3.775515946266,
    35.723453090497));
#4119 = CARTESIAN_POINT('',(-13.44520669783,-2.123134819586,
    36.039486374899));
#4120 = CARTESIAN_POINT('',(-10.86959346192,-7.049876764036,
    36.355636095878));
#4121 = CARTESIAN_POINT('',(-6.738380231513,-10.07907232627,
    36.671749332915));
#4122 = CARTESIAN_POINT('',(2.368357339918,-11.89051515339,
    37.303984097389));
#4123 = CARTESIAN_POINT('',(7.344323668125,-10.67285033499,
    37.620097334434));
#4124 = CARTESIAN_POINT('',(11.609262611727,-7.106778892169,
    37.936247055387));
#4125 = CARTESIAN_POINT('',(13.89984558381,-1.670915844453,
    38.252280339843));
#4126 = CARTESIAN_POINT('',(13.30639963363,4.35048879481,38.568526059769
    ));
#4127 = CARTESIAN_POINT('',(9.999972782626,9.235126367994,
    38.884520331816));
#4128 = CARTESIAN_POINT('',(5.120944290722,11.900548344143,
    39.200716398094));
#4129 = CARTESIAN_POINT('',(3.143045141078E-03,12.124094431011,
    39.516804062483));
#4130 = CARTESIAN_POINT('',(-4.28605444249,10.347450764126,
    39.832925613134));
#4131 = CARTESIAN_POINT('',(-8.575251289479,8.570807258415,
    40.149055737766));
#4132 = CARTESIAN_POINT('',(-12.03601332523,4.793904015948,
    40.465129938717));
#4133 = CARTESIAN_POINT('',(-13.60126842553,-0.540827538993,
    40.781342959028));
#4134 = CARTESIAN_POINT('',(-12.48530624744,-6.332785274971,
    41.097319927715));
#4135 = CARTESIAN_POINT('',(-8.647158959647,-11.01019063238,
    41.413579939735));
#4136 = CARTESIAN_POINT('',(-3.183737270064,-13.23423990605,
    41.729603807276));
#4137 = CARTESIAN_POINT('',(2.353623601277,-12.74006591623,
    42.045758308413));
#4138 = CARTESIAN_POINT('',(6.733182137313,-10.082545586,42.361869822907
    ));
#4139 = CARTESIAN_POINT('',(11.891734704816,-2.362226258911,
    42.994105260886));
#4140 = CARTESIAN_POINT('',(12.670978956823,2.700947219442,
    43.31021677538));
#4141 = CARTESIAN_POINT('',(11.008480036533,8.005913825512,
    43.626371276517));
#4142 = CARTESIAN_POINT('',(6.862965555169,12.202350577771,
    43.942395144056));
#4143 = CARTESIAN_POINT('',(1.072811138593,13.958370882459,
    44.258655156079));
#4144 = CARTESIAN_POINT('',(-4.705320328224,12.772899350582,
    44.574632124764));
#4145 = CARTESIAN_POINT('',(-9.034972500769,9.28527890742,
    44.890845145075));
#4146 = CARTESIAN_POINT('',(-11.19999990421,4.64259344383,
    45.206919346028));
#4147 = CARTESIAN_POINT('',(-11.19999999999,2.3113144731E-07,
    45.523049470657));
#4148 = ADVANCED_FACE('',(#4149),#4159,.F.);
#4149 = FACE_BOUND('',#4150,.F.);
#4150 = EDGE_LOOP('',(#4151,#4152,#4153));
#4151 = ORIENTED_EDGE('',*,*,#2720,.T.);
#4152 = ORIENTED_EDGE('',*,*,#3039,.T.);
#4153 = ORIENTED_EDGE('',*,*,#4154,.F.);
#4154 = EDGE_CURVE('',#2721,#3040,#4155,.T.);
#4155 = LINE('',#4156,#4157);
#4156 = CARTESIAN_POINT('',(5.000095053941,1.58611617559E-04,0.));
#4157 = VECTOR('',#4158,1.);
#4158 = DIRECTION('',(1.,-3.2E-16,0.));
#4159 = PLANE('',#4160);
#4160 = AXIS2_PLACEMENT_3D('',#4161,#4162,#4163);
#4161 = CARTESIAN_POINT('',(10.000190107882,4.4E-16,2.079825948694E-03)
  );
#4162 = DIRECTION('',(3.1E-16,0.997104679248,7.604116399668E-02));
#4163 = DIRECTION('',(-3.08148791102E-33,-7.604116399668E-02,
    0.997104679248));
#4164 = ADVANCED_FACE('',(#4165),#4169,.F.);
#4165 = FACE_BOUND('',#4166,.F.);
#4166 = EDGE_LOOP('',(#4167,#4168));
#4167 = ORIENTED_EDGE('',*,*,#4154,.T.);
#4168 = ORIENTED_EDGE('',*,*,#3051,.T.);
#4169 = PLANE('',#4170);
#4170 = AXIS2_PLACEMENT_3D('',#4171,#4172,#4173);
#4171 = CARTESIAN_POINT('',(0.,0.,0.));
#4172 = DIRECTION('',(0.,0.,1.));
#4173 = DIRECTION('',(1.,0.,0.));
#4174 = ADVANCED_FACE('',(#4175),#4185,.T.);
#4175 = FACE_BOUND('',#4176,.T.);
#4176 = EDGE_LOOP('',(#4177,#4178,#4179));
#4177 = ORIENTED_EDGE('',*,*,#2876,.T.);
#4178 = ORIENTED_EDGE('',*,*,#3028,.T.);
#4179 = ORIENTED_EDGE('',*,*,#4180,.T.);
#4180 = EDGE_CURVE('',#2889,#2877,#4181,.T.);
#4181 = LINE('',#4182,#4183);
#4182 = CARTESIAN_POINT('',(-5.000095053941,1.586116185278E-04,
    45.525126265847));
#4183 = VECTOR('',#4184,1.);
#4184 = DIRECTION('',(-1.,-1.8985E-13,0.));
#4185 = PLANE('',#4186);
#4186 = AXIS2_PLACEMENT_3D('',#4187,#4188,#4189);
#4187 = CARTESIAN_POINT('',(-10.00019010788,3.664342E-11,45.523046440379
    ));
#4188 = DIRECTION('',(1.893E-13,-0.997104679248,7.604116399514E-02));
#4189 = DIRECTION('',(0.,-7.604116399514E-02,-0.997104679248));
#4190 = ADVANCED_FACE('',(#4191),#4195,.T.);
#4191 = FACE_BOUND('',#4192,.T.);
#4192 = EDGE_LOOP('',(#4193,#4194));
#4193 = ORIENTED_EDGE('',*,*,#2888,.F.);
#4194 = ORIENTED_EDGE('',*,*,#4180,.F.);
#4195 = PLANE('',#4196);
#4196 = AXIS2_PLACEMENT_3D('',#4197,#4198,#4199);
#4197 = CARTESIAN_POINT('',(0.,0.,45.525126265847));
#4198 = DIRECTION('',(0.,0.,1.));
#4199 = DIRECTION('',(1.,0.,0.));
#4200 = MANIFOLD_SOLID_BREP('',#4201);
#4201 = CLOSED_SHELL('',(#4202,#5651,#5667,#5677,#5693));
#4202 = ADVANCED_FACE('',(#4203),#4691,.T.);
#4203 = FACE_BOUND('',#4204,.T.);
#4204 = EDGE_LOOP('',(#4205,#4217,#4359,#4513,#4525,#4533,#4534,#4681));
#4205 = ORIENTED_EDGE('',*,*,#4206,.T.);
#4206 = EDGE_CURVE('',#4207,#4209,#4211,.T.);
#4207 = VERTEX_POINT('',#4208);
#4208 = CARTESIAN_POINT('',(11.192279642773,-1.151215544374E-02,4.E-15)
  );
#4209 = VERTEX_POINT('',#4210);
#4210 = CARTESIAN_POINT('',(11.058228318807,1.776394201892,0.));
#4211 = B_SPLINE_CURVE_WITH_KNOTS('',4,(#4212,#4213,#4214,#4215,#4216),
  .UNSPECIFIED.,.F.,.F.,(5,5),(0.,1.),.PIECEWISE_BEZIER_KNOTS.);
#4212 = CARTESIAN_POINT('',(11.192279642773,-1.151215544374E-02,0.));
#4213 = CARTESIAN_POINT('',(11.196612454306,0.437224237861,0.));
#4214 = CARTESIAN_POINT('',(11.175646882743,0.886214197298,0.));
#4215 = CARTESIAN_POINT('',(11.12940543395,1.333309238809,0.));
#4216 = CARTESIAN_POINT('',(11.058228318807,1.776394201892,0.));
#4217 = ORIENTED_EDGE('',*,*,#4218,.T.);
#4218 = EDGE_CURVE('',#4209,#4219,#4221,.T.);
#4219 = VERTEX_POINT('',#4220);
#4220 = CARTESIAN_POINT('',(-11.05822122538,1.776438358976,
    50.474873734153));
#4221 = ( BOUNDED_CURVE() B_SPLINE_CURVE(9,(#4222,#4223,#4224,#4225,
    #4226,#4227,#4228,#4229,#4230,#4231,#4232,#4233,#4234,#4235,#4236,
    #4237,#4238,#4239,#4240,#4241,#4242,#4243,#4244,#4245,#4246,#4247,
    #4248,#4249,#4250,#4251,#4252,#4253,#4254,#4255,#4256,#4257,#4258,
    #4259,#4260,#4261,#4262,#4263,#4264,#4265,#4266,#4267,#4268,#4269,
    #4270,#4271,#4272,#4273,#4274,#4275,#4276,#4277,#4278,#4279,#4280,
    #4281,#4282,#4283,#4284,#4285,#4286,#4287,#4288,#4289,#4290,#4291,
    #4292,#4293,#4294,#4295,#4296,#4297,#4298,#4299,#4300,#4301,#4302,
    #4303,#4304,#4305,#4306,#4307,#4308,#4309,#4310,#4311,#4312,#4313,
    #4314,#4315,#4316,#4317,#4318,#4319,#4320,#4321,#4322,#4323,#4324,
    #4325,#4326,#4327,#4328,#4329,#4330,#4331,#4332,#4333,#4334,#4335,
    #4336,#4337,#4338,#4339,#4340,#4341,#4342,#4343,#4344,#4345,#4346,
    #4347,#4348,#4349,#4350,#4351,#4352,#4353,#4354,#4355,#4356,#4357,
#4358),.UNSPECIFIED.,.F.,.F.) B_SPLINE_CURVE_WITH_KNOTS((10,8,9,8,9,8,9,
    8,9,8,9,8,9,8,9,8,10),(0.,4.896608066525,9.793216133051,
    14.689824199576,19.586432266102,24.483040332627,29.379648399153,
    34.276256465678,39.172864532204,44.069472598729,48.966080665255,
    53.86268873178,58.759296798306,63.655904864831,68.552512931357,
73.449120997882,78.345729064408),.UNSPECIFIED.) CURVE() 
GEOMETRIC_REPRESENTATION_ITEM() RATIONAL_B_SPLINE_CURVE((1.669078461068,
    1.669078461068,1.669078461068,1.669078461069,1.669078461068,
    1.669078461069,1.669078461068,1.669078461068,1.669078461068,
    1.669078461068,1.669078461068,1.669078461068,1.669078461068,
    1.669078461068,1.669078461068,1.669078461068,1.669078461068,
    1.669078461068,1.669078461068,1.669078461068,1.669078461068,
    1.669078461069,1.669078461068,1.669078461068,1.669078461068,
    1.669078461068,1.669078461068,1.669078461068,1.669078461068,
    1.669078461069,1.669078461068,1.669078461068,1.669078461068,
    1.669078461068,1.669078461068,1.669078461068,1.669078461068,
    1.669078461068,1.669078461068,1.669078461068,1.669078461068,
    1.669078461068,1.669078461068,1.669078461068,1.669078461068,
    1.669078461068,1.669078461068,1.669078461068,1.669078461068,
    1.669078461068,1.669078461068,1.669078461068,1.669078461068,
    1.669078461068,1.669078461068,1.669078461068,1.669078461069,
    1.669078461068,1.669078461068,1.669078461068,1.669078461068,
    1.669078461068,1.669078461068,1.669078461068,1.669078461068,
    1.669078461068,1.669078461068,1.669078461068,1.669078461068,
    1.669078461068,1.669078461068,1.669078461068,1.669078461068,
    1.669078461068,1.669078461068,1.669078461068,1.669078461068,
    1.669078461068,1.669078461068,1.669078461068,1.669078461069,
    1.669078461068,1.669078461068,1.669078461068,1.669078461068,
    1.669078461068,1.669078461068,1.669078461068,1.669078461068,
    1.669078461068,1.669078461068,1.669078461068,1.669078461068,
    1.669078461068,1.669078461068,1.669078461068,1.669078461068,
    1.669078461068,1.669078461068,1.669078461068,1.669078461068,
    1.669078461068,1.669078461068,1.669078461068,1.669078461068,
    1.669078461068,1.669078461068,1.669078461068,1.669078461068,
    1.669078461068,1.669078461068,1.669078461068,1.669078461068,
    1.669078461068,1.669078461068,1.669078461068,1.669078461068,
    1.669078461068,1.669078461068,1.669078461068,1.669078461068,
    1.669078461068,1.669078461068,1.669078461069,1.669078461068,
    1.669078461068,1.669078461068,1.669078461068,1.669078461068,
    1.669078461068,1.669078461068,1.669078461069,1.669078461068,
    1.669078461068,1.669078461068,1.669078461068,1.669078461068)) 
REPRESENTATION_ITEM('') );
#4222 = CARTESIAN_POINT('',(11.2,-4.44E-15,-0.135413159282));
#4223 = CARTESIAN_POINT('',(11.199999999421,4.642592986876,
    0.217001221672));
#4224 = CARTESIAN_POINT('',(9.034972747468,9.285279267974,0.569353392729
    ));
#4225 = CARTESIAN_POINT('',(4.705320627573,12.772898272231,
    0.921859957211));
#4226 = CARTESIAN_POINT('',(-1.072810932663,13.95837194804,
    1.274104056089));
#4227 = CARTESIAN_POINT('',(-6.862965102604,12.202350035892,
    1.626662724503));
#4228 = CARTESIAN_POINT('',(-11.00847994867,8.0059143642,1.97895920425)
  );
#4229 = CARTESIAN_POINT('',(-12.67097887932,2.700947454095,
    2.331400358257));
#4230 = CARTESIAN_POINT('',(-11.89173475098,-2.362225986279,
    2.683794323888));
#4231 = CARTESIAN_POINT('',(-6.73318238931,-10.08254542365,
    3.388595105487));
#4232 = CARTESIAN_POINT('',(-2.35362383643,-12.74006585541,3.74099040001
    ));
#4233 = CARTESIAN_POINT('',(3.183736907991,-13.23424007859,
    4.093426973989));
#4234 = CARTESIAN_POINT('',(8.647158635553,-11.01019060352,
    4.445733180092));
#4235 = CARTESIAN_POINT('',(12.485306304963,-6.332785786102,
    4.798276563447));
#4236 = CARTESIAN_POINT('',(13.60126830299,-0.540827797001,
    5.150539512673));
#4237 = CARTESIAN_POINT('',(12.036013284259,4.79390383242,5.503027412955
    ));
#4238 = CARTESIAN_POINT('',(8.57525178422,8.570806924819,5.855394496168)
  );
#4239 = CARTESIAN_POINT('',(4.286054442489,10.347450764126,
    6.207799347311));
#4240 = CARTESIAN_POINT('',(-3.142196088593E-03,12.124094182883,
    6.560213728256));
#4241 = CARTESIAN_POINT('',(-5.120945087005,11.90054893892,
    6.912565899322));
#4242 = CARTESIAN_POINT('',(-9.999971036428,9.235125973785,
    7.265072463802));
#4243 = CARTESIAN_POINT('',(-13.30640111996,4.350489624365,
    7.617316562676));
#4244 = CARTESIAN_POINT('',(-13.89984448836,-1.670915795983,
    7.969875231095));
#4245 = CARTESIAN_POINT('',(-11.609263312,-7.106778520522,8.322171710838
    ));
#4246 = CARTESIAN_POINT('',(-7.344323760191,-10.67285020112,
    8.674612864847));
#4247 = CARTESIAN_POINT('',(-2.368357631394,-11.89051509094,
    9.027006830478));
#4248 = CARTESIAN_POINT('',(6.738380005048,-10.07907248785,
    9.731807612076));
#4249 = CARTESIAN_POINT('',(10.869593238442,-7.04987701982,
    10.084202906602));
#4250 = CARTESIAN_POINT('',(13.445206904653,-2.123135051804,
    10.43663948057));
#4251 = CARTESIAN_POINT('',(13.481214094508,3.775515346563,
    10.788945686699));
#4252 = CARTESIAN_POINT('',(10.628651042465,9.111466751295,
    11.141489070011));
#4253 = CARTESIAN_POINT('',(5.704639770975,12.358967563605,
    11.493752019293));
#4254 = CARTESIAN_POINT('',(0.176993244007,12.954373899397,
    11.846239919515));
#4255 = CARTESIAN_POINT('',(-4.636786308765,11.2024054217,
    12.198607002781));
#4256 = CARTESIAN_POINT('',(-7.919595949289,7.91959594929,12.55101185389
    ));
#4257 = CARTESIAN_POINT('',(-11.20240493219,4.636786965571,
    12.903426234863));
#4258 = CARTESIAN_POINT('',(-12.95437443315,-0.176993438027,
    13.2557784059));
#4259 = CARTESIAN_POINT('',(-12.35896710712,-5.704638860285,
    13.608284970391));
#4260 = CARTESIAN_POINT('',(-9.111467573357,-10.62865134419,
    13.960529069271));
#4261 = CARTESIAN_POINT('',(-3.775515293698,-13.48121361989,
    14.31308773768));
#4262 = CARTESIAN_POINT('',(2.123134485738,-13.44520715878,
    14.66538421743));
#4263 = CARTESIAN_POINT('',(7.049876829422,-10.86959335026,
    15.017825371436));
#4264 = CARTESIAN_POINT('',(10.079072296089,-6.738380268903,
    15.370219337067));
#4265 = CARTESIAN_POINT('',(11.890515167134,2.36835731424,
    16.075020118665));
#4266 = CARTESIAN_POINT('',(10.672850334233,7.344323584025,
    16.427415413193));
#4267 = CARTESIAN_POINT('',(7.10677894625,11.609262860583,
    16.779851987156));
#4268 = CARTESIAN_POINT('',(1.670915928763,13.899844947103,
    17.132158193296));
#4269 = CARTESIAN_POINT('',(-4.350488980337,13.306400526586,
    17.484701576592));
#4270 = CARTESIAN_POINT('',(-9.235126047022,9.999972052494,
    17.836964525887));
#4271 = CARTESIAN_POINT('',(-11.90054852003,5.120944703492,
    18.189452426108));
#4272 = CARTESIAN_POINT('',(-12.12409438378,3.142990222495E-03,
    18.541819509363));
#4273 = CARTESIAN_POINT('',(-10.34745076412,-4.286054442489,
    18.894224360483));
#4274 = CARTESIAN_POINT('',(-8.5708073443,-8.575251080625,
    19.246638741447));
#4275 = CARTESIAN_POINT('',(-4.793903857445,-12.03601385165,
    19.598990912491));
#4276 = CARTESIAN_POINT('',(0.540827130347,-13.6012675327,
    19.951497476984));
#4277 = CARTESIAN_POINT('',(6.332785750248,-12.48530717997,
    20.303741575857));
#4278 = CARTESIAN_POINT('',(11.01019018529,-8.647158405037,
    20.656300244272));
#4279 = CARTESIAN_POINT('',(13.234240096751,-3.183737528241,
    21.008596724017));
#4280 = CARTESIAN_POINT('',(12.74006588586,2.353623617738,
    21.361037878027));
#4281 = CARTESIAN_POINT('',(10.082545594041,6.733182111173,
    21.713431843656));
#4282 = CARTESIAN_POINT('',(2.362226308448,11.891734700011,
    22.418232625257));
#4283 = CARTESIAN_POINT('',(-2.700947240397,12.670978934886,
    22.77062791977));
#4284 = CARTESIAN_POINT('',(-8.005913784225,11.008480169253,
    23.123064493779));
#4285 = CARTESIAN_POINT('',(-12.20235040889,6.862965400802,
    23.475370699825));
#4286 = CARTESIAN_POINT('',(-13.95837115337,1.072811300626,
    23.827914083266));
#4287 = CARTESIAN_POINT('',(-12.77289923897,-4.705320306428,
    24.180177032383));
#4288 = CARTESIAN_POINT('',(-9.285278753357,-9.03497250722,
    24.532664932781));
#4289 = CARTESIAN_POINT('',(-4.642593797437,-11.19999988112,
    24.885032015895));
#4290 = CARTESIAN_POINT('',(-1.30874E-12,-11.19999999999,25.237436867101
    ));
#4291 = CARTESIAN_POINT('',(4.64259298688,-11.19999999942,
    25.589851247993));
#4292 = CARTESIAN_POINT('',(9.285279267969,-9.034972747468,
    25.942203419109));
#4293 = CARTESIAN_POINT('',(12.772898272236,-4.705320627573,
    26.294709983576));
#4294 = CARTESIAN_POINT('',(13.958371948036,1.072810932661,
    26.646954082428));
#4295 = CARTESIAN_POINT('',(12.202350035895,6.862965102607,
    26.999512750877));
#4296 = CARTESIAN_POINT('',(8.005914364199,11.008479948669,27.3518092306
    ));
#4297 = CARTESIAN_POINT('',(2.700947454095,12.670978879324,
    27.704250384619));
#4298 = CARTESIAN_POINT('',(-2.362225986279,11.891734750989,
    28.056644350244));
#4299 = CARTESIAN_POINT('',(-10.08254542365,6.73318238931,28.76144513185
    ));
#4300 = CARTESIAN_POINT('',(-12.74006585541,2.353623836436,
    29.113840426345));
#4301 = CARTESIAN_POINT('',(-13.23424007859,-3.183736908016,
    29.466277000408));
#4302 = CARTESIAN_POINT('',(-11.01019060352,-8.647158635502,
    29.818583206338));
#4303 = CARTESIAN_POINT('',(-6.332785786107,-12.48530630502,
    30.17112658996));
#4304 = CARTESIAN_POINT('',(-0.540827796996,-13.60126830294,
    30.523389538874));
#4305 = CARTESIAN_POINT('',(4.793903832415,-12.03601328428,
    30.875877439433));
#4306 = CARTESIAN_POINT('',(8.570806924822,-8.575251784213,
    31.22824452246));
#4307 = CARTESIAN_POINT('',(10.347450764125,-4.286054442491,
    31.5806493737));
#4308 = CARTESIAN_POINT('',(12.124094182884,3.142196091709E-03,
    31.933063754573));
#4309 = CARTESIAN_POINT('',(11.900548938921,5.120945087004,
    32.285415925705));
#4310 = CARTESIAN_POINT('',(9.235125973783,9.999971036426,
    32.637922490165));
#4311 = CARTESIAN_POINT('',(4.350489624368,13.306401119965,
    32.990166589015));
#4312 = CARTESIAN_POINT('',(-1.670915795984,13.899844488364,
    33.342725257468));
#4313 = CARTESIAN_POINT('',(-7.106778520523,11.609263312004,
    33.695021737191));
#4314 = CARTESIAN_POINT('',(-10.67285020111,7.344323760191,
    34.047462891207));
#4315 = CARTESIAN_POINT('',(-11.89051509094,2.368357631394,
    34.399856856835));
#4316 = CARTESIAN_POINT('',(-10.07907248785,-6.738380005048,
    35.104657638436));
#4317 = CARTESIAN_POINT('',(-7.049877019819,-10.86959323844,
    35.45705293295));
#4318 = CARTESIAN_POINT('',(-2.123135051815,-13.44520690466,
    35.809489506958));
#4319 = CARTESIAN_POINT('',(3.77551534659,-13.48121409449,36.161795713)
  );
#4320 = CARTESIAN_POINT('',(9.11146675126,-10.62865104248,
    36.514339096448));
#4321 = CARTESIAN_POINT('',(12.358967563632,-5.704639770959,
    36.866602045579));
#4322 = CARTESIAN_POINT('',(12.954373899385,-0.176993244014,
    37.219089945916));
#4323 = CARTESIAN_POINT('',(11.2024054217,4.636786308765,37.571457029125
    ));
#4324 = CARTESIAN_POINT('',(7.91959594929,7.919595949289,37.923861880254
    ));
#4325 = CARTESIAN_POINT('',(4.636786965571,11.20240493219,
    38.276276261217));
#4326 = CARTESIAN_POINT('',(-0.176993438027,12.954374433164,
    38.628628432261));
#4327 = CARTESIAN_POINT('',(-5.704638860284,12.358967107118,
    38.981134996748));
#4328 = CARTESIAN_POINT('',(-10.6286513442,9.111467573364,
    39.333379095631));
#4329 = CARTESIAN_POINT('',(-13.48121361988,3.775515293694,
    39.685937764038));
#4330 = CARTESIAN_POINT('',(-13.44520715878,-2.123134485737,
    40.038234243789));
#4331 = CARTESIAN_POINT('',(-10.86959335026,-7.049876829422,
    40.390675397793));
#4332 = CARTESIAN_POINT('',(-6.738380268903,-10.07907229608,
    40.743069363426));
#4333 = CARTESIAN_POINT('',(2.36835731424,-11.89051516713,
    41.447870145023));
#4334 = CARTESIAN_POINT('',(7.344323584025,-10.67285033423,
    41.800265439558));
#4335 = CARTESIAN_POINT('',(11.609262860584,-7.106778946256,
    42.152702013498));
#4336 = CARTESIAN_POINT('',(13.8998449471,-1.670915928752,
    42.505008219684));
#4337 = CARTESIAN_POINT('',(13.306400526589,4.350488980324,
    42.857551602908));
#4338 = CARTESIAN_POINT('',(9.999972052497,9.235126047032,
    43.209814552295));
#4339 = CARTESIAN_POINT('',(5.120944703485,11.900548520026,
    43.562302452421));
#4340 = CARTESIAN_POINT('',(3.142990228312E-03,12.124094383782,
    43.914669535753));
#4341 = CARTESIAN_POINT('',(-4.286054442491,10.347450764126,
    44.267074386827));
#4342 = CARTESIAN_POINT('',(-8.575251080623,8.570807344927,
    44.619488775192));
#4343 = CARTESIAN_POINT('',(-12.03601385165,4.793903854869,
    44.971840908538));
#4344 = CARTESIAN_POINT('',(-13.6012675327,-0.540827124041,
    45.324347577546));
#4345 = CARTESIAN_POINT('',(-12.48530717997,-6.332785761435,
    45.676591470568));
#4346 = CARTESIAN_POINT('',(-8.647158405035,-11.01019016992,
    46.029150451403));
#4347 = CARTESIAN_POINT('',(-3.183737528243,-13.23424011353,
    46.381446552891));
#4348 = CARTESIAN_POINT('',(2.353623617739,-12.74006587114,
    46.733888077529));
#4349 = CARTESIAN_POINT('',(6.733182111173,-10.08254560434,
    47.086281748835));
#4350 = CARTESIAN_POINT('',(11.891734700011,-2.362226286881,
    47.791082905307));
#4351 = CARTESIAN_POINT('',(12.670978934885,2.700947123966,
    48.143476576613));
#4352 = CARTESIAN_POINT('',(11.008480169249,8.005914088681,
    48.495918101249));
#4353 = CARTESIAN_POINT('',(6.862965400814,12.20234985429,
    48.848214202741));
#4354 = CARTESIAN_POINT('',(1.072811300608,13.958371924815,
    49.200773183571));
#4355 = CARTESIAN_POINT('',(-4.705320306417,12.772898390333,
    49.5530170766));
#4356 = CARTESIAN_POINT('',(-9.034972507218,9.285279500342,49.9055237456
    ));
#4357 = CARTESIAN_POINT('',(-11.19999988113,4.642593273463,
    50.25787587895));
#4358 = CARTESIAN_POINT('',(-11.19999999999,2.8683130271E-07,
    50.610290267318));
#4359 = ORIENTED_EDGE('',*,*,#4360,.T.);
#4360 = EDGE_CURVE('',#4219,#4361,#4363,.T.);
#4361 = VERTEX_POINT('',#4362);
#4362 = CARTESIAN_POINT('',(-8.807720357227,-1.151215544352E-02,
    50.474873734153));
#4363 = B_SPLINE_CURVE_WITH_KNOTS('',8,(#4364,#4365,#4366,#4367,#4368,
    #4369,#4370,#4371,#4372,#4373,#4374,#4375,#4376,#4377,#4378,#4379,
    #4380,#4381,#4382,#4383,#4384,#4385,#4386,#4387,#4388,#4389,#4390,
    #4391,#4392,#4393,#4394,#4395,#4396,#4397,#4398,#4399,#4400,#4401,
    #4402,#4403,#4404,#4405,#4406,#4407,#4408,#4409,#4410,#4411,#4412,
    #4413,#4414,#4415,#4416,#4417,#4418,#4419,#4420,#4421,#4422,#4423,
    #4424,#4425,#4426,#4427,#4428,#4429,#4430,#4431,#4432,#4433,#4434,
    #4435,#4436,#4437,#4438,#4439,#4440,#4441,#4442,#4443,#4444,#4445,
    #4446,#4447,#4448,#4449,#4450,#4451,#4452,#4453,#4454,#4455,#4456,
    #4457,#4458,#4459,#4460,#4461,#4462,#4463,#4464,#4465,#4466,#4467,
    #4468,#4469,#4470,#4471,#4472,#4473,#4474,#4475,#4476,#4477,#4478,
    #4479,#4480,#4481,#4482,#4483,#4484,#4485,#4486,#4487,#4488,#4489,
    #4490,#4491,#4492,#4493,#4494,#4495,#4496,#4497,#4498,#4499,#4500,
    #4501,#4502,#4503,#4504,#4505,#4506,#4507,#4508,#4509,#4510,#4511,
    #4512),.UNSPECIFIED.,.F.,.F.,(9,7,7,7,7,7,7,7,7,7,7,7,7,7,7,7,7,7,7,
    7,7,9),(0.,0.168534470455,0.228407594155,0.295255089928,
    0.359735578291,0.412388568937,0.448668437739,0.472383970399,
    0.490921138169,0.504988164731,0.512293291715,0.517618728905,
    0.525707743761,0.534795783794,0.547258130351,0.571655884072,
    0.626136568648,0.681387040521,0.740172145768,0.794586904255,
    0.836724680939,1.),.UNSPECIFIED.);
#4364 = CARTESIAN_POINT('',(-11.05822122538,1.776438358976,
    50.474873734153));
#4365 = CARTESIAN_POINT('',(-10.95645690617,2.409914840256,
    50.474873734153));
#4366 = CARTESIAN_POINT('',(-10.8109978707,3.036407371478,
    50.474873734153));
#4367 = CARTESIAN_POINT('',(-10.62240975699,3.65234613232,
    50.474873734153));
#4368 = CARTESIAN_POINT('',(-10.391567677,4.254254680397,50.474873734153
    ));
#4369 = CARTESIAN_POINT('',(-10.11963628523,4.83874364641,
    50.474873734153));
#4370 = CARTESIAN_POINT('',(-9.80806333574,5.402509340089,
    50.474873734153));
#4371 = CARTESIAN_POINT('',(-9.458586727365,5.94233726691,
    50.474873734153));
#4372 = CARTESIAN_POINT('',(-8.936363089524,6.637277078933,
    50.474873734153));
#4373 = CARTESIAN_POINT('',(-8.794943995788,6.81603167324,
    50.474873734153));
#4374 = CARTESIAN_POINT('',(-8.649088359211,6.991235708334,
    50.474873734153));
#4375 = CARTESIAN_POINT('',(-8.498891207004,7.162752418859,
    50.474873734153));
#4376 = CARTESIAN_POINT('',(-8.344451966865,7.330446866297,
    50.474873734153));
#4377 = CARTESIAN_POINT('',(-8.185874443292,7.494185900964,
    50.474873734153));
#4378 = CARTESIAN_POINT('',(-8.023266793915,7.653838124015,
    50.474873734153));
#4379 = CARTESIAN_POINT('',(-7.670818376945,7.982815638414,
    50.474873734153));
#4380 = CARTESIAN_POINT('',(-7.480012278457,8.151100989305,
    50.474873734153));
#4381 = CARTESIAN_POINT('',(-7.284479126856,8.313949738605,
    50.474873734153));
#4382 = CARTESIAN_POINT('',(-7.084382146817,8.471184085525,
    50.474873734153));
#4383 = CARTESIAN_POINT('',(-6.87989169354,8.622628210195,
    50.474873734153));
#4384 = CARTESIAN_POINT('',(-6.671185075119,8.768107891864,
    50.474873734153));
#4385 = CARTESIAN_POINT('',(-6.458446374909,8.907450127094,
    50.474873734153));
#4386 = CARTESIAN_POINT('',(-6.032955072034,9.168804807943,
    50.474873734153));
#4387 = CARTESIAN_POINT('',(-5.820472529333,9.291254285344,
    50.474873734153));
#4388 = CARTESIAN_POINT('',(-5.604587685804,9.407678223251,
    50.474873734153));
#4389 = CARTESIAN_POINT('',(-5.385477785378,9.51792122283,
    50.474873734153));
#4390 = CARTESIAN_POINT('',(-5.16332857302,9.621826048267,
    50.474873734153));
#4391 = CARTESIAN_POINT('',(-4.938334004384,9.719232600162,
    50.474873734153));
#4392 = CARTESIAN_POINT('',(-4.710695367993,9.809975257379,
    50.474873734153));
#4393 = CARTESIAN_POINT('',(-4.292746464983,9.962391735434,
    50.474873734153));
#4394 = CARTESIAN_POINT('',(-4.103254535731,10.026342021112,
    50.474873734153));
#4395 = CARTESIAN_POINT('',(-3.912253221994,10.085636206518,
    50.474873734153));
#4396 = CARTESIAN_POINT('',(-3.71986022371,10.140172343864,
    50.474873734153));
#4397 = CARTESIAN_POINT('',(-3.526201998296,10.189841044328,
    50.474873734153));
#4398 = CARTESIAN_POINT('',(-3.331413450976,10.234522868943,
    50.474873734153));
#4399 = CARTESIAN_POINT('',(-3.135637068129,10.274081841482,
    50.474873734153));
#4400 = CARTESIAN_POINT('',(-2.803546050384,10.331970621674,
    50.474873734153));
#4401 = CARTESIAN_POINT('',(-2.667678666168,10.353075321161,
    50.474873734153));
#4402 = CARTESIAN_POINT('',(-2.531464799738,10.371617186546,
    50.474873734153));
#4403 = CARTESIAN_POINT('',(-2.394957224282,10.387534996988,
    50.474873734153));
#4404 = CARTESIAN_POINT('',(-2.258216012191,10.400759257333,
    50.474873734153));
#4405 = CARTESIAN_POINT('',(-2.121308634816,10.411209032348,
    50.474873734153));
#4406 = CARTESIAN_POINT('',(-1.984310177204,10.418784663922,
    50.474873734153));
#4407 = CARTESIAN_POINT('',(-1.757744844848,10.426344818479,
    50.474873734153));
#4408 = CARTESIAN_POINT('',(-1.668187757282,10.42804934333,
    50.474873734153));
#4409 = CARTESIAN_POINT('',(-1.578653037023,10.428434265664,
    50.474873734153));
#4410 = CARTESIAN_POINT('',(-1.489167611218,10.427456532983,
    50.474873734153));
#4411 = CARTESIAN_POINT('',(-1.39976459765,10.425066247075,
    50.474873734153));
#4412 = CARTESIAN_POINT('',(-1.310483783937,10.421203809304,
    50.474873734153));
#4413 = CARTESIAN_POINT('',(-1.221372690536,10.415793684538,
    50.474873734153));
#4414 = CARTESIAN_POINT('',(-1.063011962866,10.403217217224,
    50.474873734153));
#4415 = CARTESIAN_POINT('',(-0.993685951838,10.396692757537,
    50.474873734153));
#4416 = CARTESIAN_POINT('',(-0.924527913285,10.389114361443,
    50.474873734153));
#4417 = CARTESIAN_POINT('',(-0.855570878783,10.380420816519,
    50.474873734153));
#4418 = CARTESIAN_POINT('',(-0.786861592092,10.370540859886,
    50.474873734153));
#4419 = CARTESIAN_POINT('',(-0.718462495225,10.359386896908,
    50.474873734153));
#4420 = CARTESIAN_POINT('',(-0.650457291171,10.346838319824,
    50.474873734153));
#4421 = CARTESIAN_POINT('',(-0.531739474617,10.321996436003,
    50.474873734153));
#4422 = CARTESIAN_POINT('',(-0.480866826124,10.310383291669,
    50.474873734153));
#4423 = CARTESIAN_POINT('',(-0.430345449729,10.297784499373,
    50.474873734153));
#4424 = CARTESIAN_POINT('',(-0.380221026599,10.284103869171,
    50.474873734153));
#4425 = CARTESIAN_POINT('',(-0.330610129828,10.269200497367,
    50.474873734153));
#4426 = CARTESIAN_POINT('',(-0.281686951413,10.252909754353,
    50.474873734153));
#4427 = CARTESIAN_POINT('',(-0.233700242961,10.23501135311,
    50.474873734153));
#4428 = CARTESIAN_POINT('',(-0.162888670173,10.20465590322,
    50.474873734153));
#4429 = CARTESIAN_POINT('',(-0.139121904784,10.193746883407,
    50.474873734153));
#4430 = CARTESIAN_POINT('',(-0.115802501131,10.182219573297,
    50.474873734153));
#4431 = CARTESIAN_POINT('',(-9.300338078423E-02,10.169989567686,
    50.474873734153));
#4432 = CARTESIAN_POINT('',(-7.088102694344E-02,10.156959264139,
    50.474873734153));
#4433 = CARTESIAN_POINT('',(-4.96667807408E-02,10.143024890298,
    50.474873734153));
#4434 = CARTESIAN_POINT('',(-2.968230341373E-02,10.128060995831,
    50.474873734153));
#4435 = CARTESIAN_POINT('',(1.870686503489E-03,10.100013362435,
    50.474873734153));
#4436 = CARTESIAN_POINT('',(1.427465712921E-02,10.087498603647,
    50.474873734153));
#4437 = CARTESIAN_POINT('',(2.553918514771E-02,10.07423561961,
    50.474873734153));
#4438 = CARTESIAN_POINT('',(3.530222352626E-02,10.060208919804,
    50.474873734153));
#4439 = CARTESIAN_POINT('',(4.312351461558E-02,10.04545867051,
    50.474873734153));
#4440 = CARTESIAN_POINT('',(4.852596297835E-02,10.030090777723,
    50.474873734153));
#4441 = CARTESIAN_POINT('',(5.112162747049E-02,10.014310802711,
    50.474873734153));
#4442 = CARTESIAN_POINT('',(5.058784631783E-02,9.974502967185,
    50.474873734153));
#4443 = CARTESIAN_POINT('',(4.379650508027E-02,9.951103861753,
    50.474873734153));
#4444 = CARTESIAN_POINT('',(3.115560364295E-02,9.929155918221,
    50.474873734153));
#4445 = CARTESIAN_POINT('',(1.447978220274E-02,9.908778751275,
    50.474873734153));
#4446 = CARTESIAN_POINT('',(-4.91013076963E-03,9.889982730536,
    50.474873734153));
#4447 = CARTESIAN_POINT('',(-2.594414360977E-02,9.872620190616,
    50.474873734153));
#4448 = CARTESIAN_POINT('',(-4.812199789655E-02,9.856448572221,
    50.474873734153));
#4449 = CARTESIAN_POINT('',(-9.759841625885E-02,9.823897514891,
    50.474873734153));
#4450 = CARTESIAN_POINT('',(-0.125031407518,9.80784441501,
    50.474873734153));
#4451 = CARTESIAN_POINT('',(-0.153334817637,9.792668544391,
    50.474873734153));
#4452 = CARTESIAN_POINT('',(-0.182279004848,9.778213694493,
    50.474873734153));
#4453 = CARTESIAN_POINT('',(-0.211702752554,9.764361677729,
    50.474873734153));
#4454 = CARTESIAN_POINT('',(-0.241496330296,9.751010978273,
    50.474873734153));
#4455 = CARTESIAN_POINT('',(-0.271607127389,9.738081384344,
    50.474873734153));
#4456 = CARTESIAN_POINT('',(-0.343724563168,9.708233913218,
    50.474873734153));
#4457 = CARTESIAN_POINT('',(-0.385923745317,9.691648125806,
    50.474873734153));
#4458 = CARTESIAN_POINT('',(-0.428491818166,9.675573231168,
    50.474873734153));
#4459 = CARTESIAN_POINT('',(-0.47134333361,9.659900166264,
    50.474873734153));
#4460 = CARTESIAN_POINT('',(-0.514418256757,9.644550124997,
    50.474873734153));
#4461 = CARTESIAN_POINT('',(-0.557672785223,9.629459091735,
    50.474873734153));
#4462 = CARTESIAN_POINT('',(-0.601075714613,9.614571365555,
    50.474873734153));
#4463 = CARTESIAN_POINT('',(-0.729838867306,9.571006286002,
    50.474873734153));
#4464 = CARTESIAN_POINT('',(-0.815535208462,9.542788403657,
    50.474873734153));
#4465 = CARTESIAN_POINT('',(-0.901520832282,9.514857603195,
    50.474873734153));
#4466 = CARTESIAN_POINT('',(-0.987687377957,9.487018439761,
    50.474873734153));
#4467 = CARTESIAN_POINT('',(-1.073956409652,9.459127460369,
    50.474873734153));
#4468 = CARTESIAN_POINT('',(-1.16026850798,9.431069991908,
    50.474873734153));
#4469 = CARTESIAN_POINT('',(-1.246583067161,9.40275918011,
    50.474873734153));
#4470 = CARTESIAN_POINT('',(-1.525550997243,9.31016603526,
    50.474873734153));
#4471 = CARTESIAN_POINT('',(-1.718053828071,9.244585569722,
    50.474873734153));
#4472 = CARTESIAN_POINT('',(-1.90997467528,9.176582140958,
    50.474873734153));
#4473 = CARTESIAN_POINT('',(-2.101072967741,9.105748728356,
    50.474873734153));
#4474 = CARTESIAN_POINT('',(-2.291147834446,9.031801632731,
    50.474873734153));
#4475 = CARTESIAN_POINT('',(-2.480011484792,8.954524091202,
    50.474873734153));
#4476 = CARTESIAN_POINT('',(-2.667496143136,8.873781123138,
    50.474873734153));
#4477 = CARTESIAN_POINT('',(-3.041993050252,8.703963064764,
    50.474873734153));
#4478 = CARTESIAN_POINT('',(-3.228974213074,8.614781195809,
    50.474873734153));
#4479 = CARTESIAN_POINT('',(-3.414205058817,8.521813824442,
    50.474873734153));
#4480 = CARTESIAN_POINT('',(-3.597529910243,8.424992015897,
    50.474873734153));
#4481 = CARTESIAN_POINT('',(-3.778800151715,8.324274896236,
    50.474873734153));
#4482 = CARTESIAN_POINT('',(-3.957869867419,8.219642358699,
    50.474873734153));
#4483 = CARTESIAN_POINT('',(-4.134593817728,8.111091798291,
    50.474873734153));
#4484 = CARTESIAN_POINT('',(-4.494208256749,7.878991806786,
    50.474873734153));
#4485 = CARTESIAN_POINT('',(-4.676775094843,7.754923284352,
    50.474873734153));
#4486 = CARTESIAN_POINT('',(-4.856357219265,7.626450143349,
    50.474873734153));
#4487 = CARTESIAN_POINT('',(-5.032789219991,7.493605054193,
    50.474873734153));
#4488 = CARTESIAN_POINT('',(-5.20591047715,7.356435407626,
    50.474873734153));
#4489 = CARTESIAN_POINT('',(-5.375564312445,7.215002200675,
    50.474873734153));
#4490 = CARTESIAN_POINT('',(-5.541597140562,7.069378922609,
    50.474873734153));
#4491 = CARTESIAN_POINT('',(-5.854054933243,6.781053441942,
    50.474873734153));
#4492 = CARTESIAN_POINT('',(-6.00102197604,6.638937281559,
    50.474873734153));
#4493 = CARTESIAN_POINT('',(-6.144639814213,6.493369034018,
    50.474873734153));
#4494 = CARTESIAN_POINT('',(-6.284793507454,6.344422532781,
    50.474873734153));
#4495 = CARTESIAN_POINT('',(-6.421371968875,6.192178223408,
    50.474873734153));
#4496 = CARTESIAN_POINT('',(-6.554267823974,6.036723016477,
    50.474873734153));
#4497 = CARTESIAN_POINT('',(-6.683377269591,5.878150140485,
    50.474873734153));
#4498 = CARTESIAN_POINT('',(-6.905570033787,5.591425817635,
    50.474873734153));
#4499 = CARTESIAN_POINT('',(-7.000209798049,5.464482141379,
    50.474873734153));
#4500 = CARTESIAN_POINT('',(-7.092472850758,5.335773963271,
    50.474873734153));
#4501 = CARTESIAN_POINT('',(-7.182314442279,5.205349004926,
    50.474873734153));
#4502 = CARTESIAN_POINT('',(-7.269691448253,5.073256712292,
    50.474873734153));
#4503 = CARTESIAN_POINT('',(-7.354562369594,4.939548255663,
    50.474873734153));
#4504 = CARTESIAN_POINT('',(-7.436887332492,4.804276529668,
    50.474873734153));
#4505 = CARTESIAN_POINT('',(-7.825607308209,4.137499998907,
    50.474873734153));
#4506 = CARTESIAN_POINT('',(-8.095857206184,3.58473145551,
    50.474873734153));
#4507 = CARTESIAN_POINT('',(-8.325027957389,3.012516086724,
    50.474873734153));
#4508 = CARTESIAN_POINT('',(-8.511329492816,2.424378394648,
    50.474873734153));
#4509 = CARTESIAN_POINT('',(-8.653425839845,1.824003550116,
    50.474873734153));
#4510 = CARTESIAN_POINT('',(-8.750401024751,1.215219611105,
    50.474873734153));
#4511 = CARTESIAN_POINT('',(-8.801796537272,0.602000229262,
    50.474873734153));
#4512 = CARTESIAN_POINT('',(-8.807720357227,-1.151215544351E-02,
    50.474873734153));
#4513 = ORIENTED_EDGE('',*,*,#4514,.F.);
#4514 = EDGE_CURVE('',#4515,#4361,#4517,.T.);
#4515 = VERTEX_POINT('',#4516);
#4516 = CARTESIAN_POINT('',(-11.19227964277,-1.151215544303E-02,
    50.474873734153));
#4517 = ( BOUNDED_CURVE() B_SPLINE_CURVE(6,(#4518,#4519,#4520,#4521,
#4522,#4523,#4524),.UNSPECIFIED.,.T.,.F.) B_SPLINE_CURVE_WITH_KNOTS((1,6
    ,6,1),(-6.28318530718,0.,6.28318530718,12.566370614359),
.UNSPECIFIED.) CURVE() GEOMETRIC_REPRESENTATION_ITEM() 
RATIONAL_B_SPLINE_CURVE((1.669078461068,1.03672962321,1.038346699848,
    0.853534330196,1.038346699848,1.03672962321,1.669078461068)) 
REPRESENTATION_ITEM('') );
#4518 = CARTESIAN_POINT('',(-11.19999999999,2.8683130271E-07,
    50.610290267318));
#4519 = CARTESIAN_POINT('',(-11.20000562606,-0.168897837129,
    48.623605091418));
#4520 = CARTESIAN_POINT('',(-8.734548605229,-0.193149322543,
    48.338343979959));
#4521 = CARTESIAN_POINT('',(-6.701059694803,-7.8853191976E-07,
    50.610277618236));
#4522 = CARTESIAN_POINT('',(-8.734535737464,0.193148717589,
    52.882222691066));
#4523 = CARTESIAN_POINT('',(-11.19999437392,0.168898410792,
    52.596975443218));
#4524 = CARTESIAN_POINT('',(-11.19999999999,2.8683130271E-07,
    50.610290267318));
#4525 = ORIENTED_EDGE('',*,*,#4526,.T.);
#4526 = EDGE_CURVE('',#4515,#4219,#4527,.T.);
#4527 = B_SPLINE_CURVE_WITH_KNOTS('',4,(#4528,#4529,#4530,#4531,#4532),
  .UNSPECIFIED.,.F.,.F.,(5,5),(0.,1.),.PIECEWISE_BEZIER_KNOTS.);
#4528 = CARTESIAN_POINT('',(-11.19227964277,-1.151215544302E-02,
    50.474873734153));
#4529 = CARTESIAN_POINT('',(-11.19661256236,0.437235417969,
    50.474873734153));
#4530 = CARTESIAN_POINT('',(-11.17564583815,0.886236569929,
    50.474873734153));
#4531 = CARTESIAN_POINT('',(-11.12940197769,1.333342656546,
    50.474873734153));
#4532 = CARTESIAN_POINT('',(-11.05822122538,1.776438358976,
    50.474873734153));
#4533 = ORIENTED_EDGE('',*,*,#4218,.F.);
#4534 = ORIENTED_EDGE('',*,*,#4535,.F.);
#4535 = EDGE_CURVE('',#4536,#4209,#4538,.T.);
#4536 = VERTEX_POINT('',#4537);
#4537 = CARTESIAN_POINT('',(8.807720357227,-1.151215544374E-02,-1.E-15)
  );
#4538 = B_SPLINE_CURVE_WITH_KNOTS('',8,(#4539,#4540,#4541,#4542,#4543,
    #4544,#4545,#4546,#4547,#4548,#4549,#4550,#4551,#4552,#4553,#4554,
    #4555,#4556,#4557,#4558,#4559,#4560,#4561,#4562,#4563,#4564,#4565,
    #4566,#4567,#4568,#4569,#4570,#4571,#4572,#4573,#4574,#4575,#4576,
    #4577,#4578,#4579,#4580,#4581,#4582,#4583,#4584,#4585,#4586,#4587,
    #4588,#4589,#4590,#4591,#4592,#4593,#4594,#4595,#4596,#4597,#4598,
    #4599,#4600,#4601,#4602,#4603,#4604,#4605,#4606,#4607,#4608,#4609,
    #4610,#4611,#4612,#4613,#4614,#4615,#4616,#4617,#4618,#4619,#4620,
    #4621,#4622,#4623,#4624,#4625,#4626,#4627,#4628,#4629,#4630,#4631,
    #4632,#4633,#4634,#4635,#4636,#4637,#4638,#4639,#4640,#4641,#4642,
    #4643,#4644,#4645,#4646,#4647,#4648,#4649,#4650,#4651,#4652,#4653,
    #4654,#4655,#4656,#4657,#4658,#4659,#4660,#4661,#4662,#4663,#4664,
    #4665,#4666,#4667,#4668,#4669,#4670,#4671,#4672,#4673,#4674,#4675,
    #4676,#4677,#4678,#4679,#4680),.UNSPECIFIED.,.F.,.F.,(9,7,7,7,7,7,7,
    7,7,7,7,7,7,7,7,7,7,7,7,7,9),(0.,6.237499189188E-02,0.216895330765,
    0.273099927582,0.345725910876,0.42423597772,0.498052458396,
    0.569089408724,0.606953627093,0.621661319939,0.633074899475,
    0.645322339801,0.650275718418,0.655679401939,0.668411008176,
    0.697326578548,0.72423866609,0.76128361888,0.806261699715,
    0.850589087726,1.),.UNSPECIFIED.);
#4539 = CARTESIAN_POINT('',(8.807720357227,-1.151215544374E-02,0.));
#4540 = CARTESIAN_POINT('',(8.806020483053,0.164538748973,0.));
#4541 = CARTESIAN_POINT('',(8.800576416776,0.340554569708,0.));
#4542 = CARTESIAN_POINT('',(8.79138637558,0.516441837678,0.));
#4543 = CARTESIAN_POINT('',(8.778451892807,0.692107249619,0.));
#4544 = CARTESIAN_POINT('',(8.761777817958,0.867457668089,0.));
#4545 = CARTESIAN_POINT('',(8.741372316695,1.042400121465,0.));
#4546 = CARTESIAN_POINT('',(8.71724687084,1.216841803943,0.));
#4547 = CARTESIAN_POINT('',(8.620472099811,1.821360974648,0.));
#4548 = CARTESIAN_POINT('',(8.528785589126,2.248416798832,0.));
#4549 = CARTESIAN_POINT('',(8.41458239632,2.670417674496,0.));
#4550 = CARTESIAN_POINT('',(8.278216924704,3.08597980742,0.));
#4551 = CARTESIAN_POINT('',(8.12015753545,3.493771089065,0.));
#4552 = CARTESIAN_POINT('',(7.940981406822,3.892510214811,0.));
#4553 = CARTESIAN_POINT('',(7.741379048112,4.280969314136,0.));
#4554 = CARTESIAN_POINT('',(7.442433707452,4.795112453172,0.));
#4555 = CARTESIAN_POINT('',(7.360102908611,4.930733270025,0.));
#4556 = CARTESIAN_POINT('',(7.27521446299,5.064787545966,0.));
#4557 = CARTESIAN_POINT('',(7.187808401416,5.197222017617,0.));
#4558 = CARTESIAN_POINT('',(7.097926394282,5.327985155542,0.));
#4559 = CARTESIAN_POINT('',(7.005611751546,5.457027164245,0.));
#4560 = CARTESIAN_POINT('',(6.910909422735,5.584299982176,0.));
#4561 = CARTESIAN_POINT('',(6.68846923903,5.87186964009,0.));
#4562 = CARTESIAN_POINT('',(6.559162798505,6.030951530998,0.));
#4563 = CARTESIAN_POINT('',(6.426047705366,6.186902648917,0.));
#4564 = CARTESIAN_POINT('',(6.289228459625,6.339628914066,0.));
#4565 = CARTESIAN_POINT('',(6.148813173279,6.48904262055,0.));
#4566 = CARTESIAN_POINT('',(6.004913712291,6.635062584485,0.));
#4567 = CARTESIAN_POINT('',(5.857645838558,6.777614292132,0.));
#4568 = CARTESIAN_POINT('',(5.544418172034,7.066908719547,0.));
#4569 = CARTESIAN_POINT('',(5.37790826247,7.213057244021,0.));
#4570 = CARTESIAN_POINT('',(5.207752373355,7.354989797715,0.));
#4571 = CARTESIAN_POINT('',(5.034105525965,7.492632070773,0.));
#4572 = CARTESIAN_POINT('',(4.857125873445,7.625922397745,0.));
#4573 = CARTESIAN_POINT('',(4.676975561572,7.754812888125,0.));
#4574 = CARTESIAN_POINT('',(4.493821589513,7.879270556883,0.));
#4575 = CARTESIAN_POINT('',(4.132970532695,8.112111892157,0.));
#4576 = CARTESIAN_POINT('',(3.955597188055,8.221015136513,0.));
#4577 = CARTESIAN_POINT('',(3.775862477214,8.325972371544,0.));
#4578 = CARTESIAN_POINT('',(3.593913242297,8.426986351941,0.));
#4579 = CARTESIAN_POINT('',(3.409896991271,8.524077597556,0.));
#4580 = CARTESIAN_POINT('',(3.223963962684,8.617287727683,0.));
#4581 = CARTESIAN_POINT('',(3.036271590839,8.706686935646,0.));
#4582 = CARTESIAN_POINT('',(2.664838423728,8.874857322394,0.));
#4583 = CARTESIAN_POINT('',(2.481203512393,8.953906567672,0.));
#4584 = CARTESIAN_POINT('',(2.296246714512,9.029632486511,0.));
#4585 = CARTESIAN_POINT('',(2.110126086872,9.10216354991,0.));
#4586 = CARTESIAN_POINT('',(1.923017157133,9.171701164375,0.));
#4587 = CARTESIAN_POINT('',(1.735108153808,9.238509474562,0.));
#4588 = CARTESIAN_POINT('',(1.546623977651,9.30296607238,0.));
#4589 = CARTESIAN_POINT('',(1.25735500102,9.399273937583,0.));
#4590 = CARTESIAN_POINT('',(1.156740769772,9.432288476328,0.));
#4591 = CARTESIAN_POINT('',(1.056123558791,9.464947344353,0.));
#4592 = CARTESIAN_POINT('',(0.955567092468,9.497396745279,0.));
#4593 = CARTESIAN_POINT('',(0.855158433026,9.529803919801,0.));
#4594 = CARTESIAN_POINT('',(0.755046241196,9.562433387224,0.));
#4595 = CARTESIAN_POINT('',(0.655417723677,9.595603739618,0.));
#4596 = CARTESIAN_POINT('',(0.518297882277,9.643380160997,0.));
#4597 = CARTESIAN_POINT('',(0.480078777511,9.656929982253,0.));
#4598 = CARTESIAN_POINT('',(0.442018114705,9.670705118271,0.));
#4599 = CARTESIAN_POINT('',(0.404146518856,9.684756566463,0.));
#4600 = CARTESIAN_POINT('',(0.366507133357,9.699142731143,0.));
#4601 = CARTESIAN_POINT('',(0.329158988883,9.71393511971,0.));
#4602 = CARTESIAN_POINT('',(0.292185404217,9.729231741344,0.));
#4603 = CARTESIAN_POINT('',(0.227399485879,9.757553110952,0.));
#4604 = CARTESIAN_POINT('',(0.199440104185,9.770297297583,0.));
#4605 = CARTESIAN_POINT('',(0.171841057955,9.78349898354,0.));
#4606 = CARTESIAN_POINT('',(0.144661340615,9.797245724212,0.));
#4607 = CARTESIAN_POINT('',(0.118032282294,9.811646441911,0.));
#4608 = CARTESIAN_POINT('',(9.21489988066E-02,9.826824900053,0.));
#4609 = CARTESIAN_POINT('',(6.72895418909E-02,9.842942168048,0.));
#4610 = CARTESIAN_POINT('',(1.884960015362E-02,9.878937623197,0.));
#4611 = CARTESIAN_POINT('',(-5.864521121975E-03,9.900016848772,0.));
#4612 = CARTESIAN_POINT('',(-2.838536091446E-02,9.923507162335,0.));
#4613 = CARTESIAN_POINT('',(-4.622642351024E-02,9.94917889334,0.));
#4614 = CARTESIAN_POINT('',(-5.681064146929E-02,9.976639470903,0.));
#4615 = CARTESIAN_POINT('',(-5.770878600139E-02,10.005169351161,0.));
#4616 = CARTESIAN_POINT('',(-4.865053847941E-02,10.033453851592,0.));
#4617 = CARTESIAN_POINT('',(-2.74693562246E-02,10.069532788796,0.));
#4618 = CARTESIAN_POINT('',(-2.013844289287E-02,10.079916546721,0.));
#4619 = CARTESIAN_POINT('',(-1.157223707616E-02,10.090290149116,0.));
#4620 = CARTESIAN_POINT('',(-1.766962689239E-03,10.100648618709,0.));
#4621 = CARTESIAN_POINT('',(9.280935842111E-03,10.110986139563,0.));
#4622 = CARTESIAN_POINT('',(2.157479358113E-02,10.121296057073,0.));
#4623 = CARTESIAN_POINT('',(3.511772508004E-02,10.13157087797,0.));
#4624 = CARTESIAN_POINT('',(6.60525078257E-02,10.152963784609,0.));
#4625 = CARTESIAN_POINT('',(8.368228629231E-02,10.164073613282,0.));
#4626 = CARTESIAN_POINT('',(0.102805726722,10.175120916631,0.));
#4627 = CARTESIAN_POINT('',(0.123426192187,10.186093674455,0.));
#4628 = CARTESIAN_POINT('',(0.145546641894,10.196978686063,0.));
#4629 = CARTESIAN_POINT('',(0.169169631178,10.207761570273,0.));
#4630 = CARTESIAN_POINT('',(0.194297311508,10.218426765411,0.));
#4631 = CARTESIAN_POINT('',(0.283684016559,10.253769037767,0.));
#4632 = CARTESIAN_POINT('',(0.348410218866,10.275309393438,0.));
#4633 = CARTESIAN_POINT('',(0.414359819502,10.294488757946,0.));
#4634 = CARTESIAN_POINT('',(0.481187864223,10.311594629621,0.));
#4635 = CARTESIAN_POINT('',(0.54860369206,10.326947572793,0.));
#4636 = CARTESIAN_POINT('',(0.61648277424,10.34070865895,0.));
#4637 = CARTESIAN_POINT('',(0.684761958247,10.353046945871,0.));
#4638 = CARTESIAN_POINT('',(0.909551367496,10.389138845997,0.));
#4639 = CARTESIAN_POINT('',(1.067280167078,10.407373149882,0.));
#4640 = CARTESIAN_POINT('',(1.225993672593,10.420121398154,0.));
#4641 = CARTESIAN_POINT('',(1.385302948845,10.427825824374,0.));
#4642 = CARTESIAN_POINT('',(1.544892023744,10.430964780826,0.));
#4643 = CARTESIAN_POINT('',(1.704585915034,10.429779354098,0.));
#4644 = CARTESIAN_POINT('',(1.864281901939,10.42450922711,0.));
#4645 = CARTESIAN_POINT('',(2.172608022269,10.406735164787,0.));
#4646 = CARTESIAN_POINT('',(2.321134209199,10.3947645822,0.));
#4647 = CARTESIAN_POINT('',(2.469462890409,10.379529065025,0.));
#4648 = CARTESIAN_POINT('',(2.617508674683,10.361135257491,0.));
#4649 = CARTESIAN_POINT('',(2.765193858213,10.339670648268,0.));
#4650 = CARTESIAN_POINT('',(2.912448422821,10.315211040322,0.));
#4651 = CARTESIAN_POINT('',(3.059210024049,10.287823745371,0.));
#4652 = CARTESIAN_POINT('',(3.406689986984,10.215916886762,0.));
#4653 = CARTESIAN_POINT('',(3.60690571156,10.168832252414,0.));
#4654 = CARTESIAN_POINT('',(3.805919459916,10.1164672171,0.));
#4655 = CARTESIAN_POINT('',(4.003584974915,10.058954559023,0.));
#4656 = CARTESIAN_POINT('',(4.199762861685,9.996413521809,0.));
#4657 = CARTESIAN_POINT('',(4.3943214643,9.928955028881,0.));
#4658 = CARTESIAN_POINT('',(4.587137182642,9.856683807784,0.));
#4659 = CARTESIAN_POINT('',(5.009944477375,9.686224508172,0.));
#4660 = CARTESIAN_POINT('',(5.239046884684,9.585804052426,0.));
#4661 = CARTESIAN_POINT('',(5.4651889089,9.478614272092,0.));
#4662 = CARTESIAN_POINT('',(5.688164104692,9.364826088389,0.));
#4663 = CARTESIAN_POINT('',(5.907773441985,9.244606594338,0.));
#4664 = CARTESIAN_POINT('',(6.12382609311,9.118121199016,0.));
#4665 = CARTESIAN_POINT('',(6.336139689052,8.985534450638,0.));
#4666 = CARTESIAN_POINT('',(6.749925496032,8.710488650579,0.));
#4667 = CARTESIAN_POINT('',(6.951507890447,8.56820175641,0.));
#4668 = CARTESIAN_POINT('',(7.149118790354,8.420306449364,0.));
#4669 = CARTESIAN_POINT('',(7.342595595763,8.26696157982,0.));
#4670 = CARTESIAN_POINT('',(7.531781667513,8.108327501197,0.));
#4671 = CARTESIAN_POINT('',(7.71652645042,7.944566316012,0.));
#4672 = CARTESIAN_POINT('',(7.896685596441,7.775842121952,0.));
#4673 = CARTESIAN_POINT('',(8.663447985006,7.017447847719,0.));
#4674 = CARTESIAN_POINT('',(9.20115727744,6.378030690028,0.));
#4675 = CARTESIAN_POINT('',(9.679861514432,5.690500346584,0.));
#4676 = CARTESIAN_POINT('',(10.095032519622,4.961585488147,0.));
#4677 = CARTESIAN_POINT('',(10.442967674539,4.198302572094,0.));
#4678 = CARTESIAN_POINT('',(10.720747761593,3.40793187157,0.));
#4679 = CARTESIAN_POINT('',(10.926243551331,2.59801314089,0.));
#4680 = CARTESIAN_POINT('',(11.058228318807,1.776394201892,0.));
#4681 = ORIENTED_EDGE('',*,*,#4682,.T.);
#4682 = EDGE_CURVE('',#4536,#4207,#4683,.T.);
#4683 = ( BOUNDED_CURVE() B_SPLINE_CURVE(6,(#4684,#4685,#4686,#4687,
#4688,#4689,#4690),.UNSPECIFIED.,.T.,.F.) B_SPLINE_CURVE_WITH_KNOTS((1,6
    ,6,1),(-6.28318530718,0.,6.28318530718,12.566370614359),
.UNSPECIFIED.) CURVE() GEOMETRIC_REPRESENTATION_ITEM() 
RATIONAL_B_SPLINE_CURVE((1.669078461068,1.03672962321,1.038346699848,
    0.853534330196,1.038346699848,1.03672962321,1.669078461068)) 
REPRESENTATION_ITEM('') );
#4684 = CARTESIAN_POINT('',(11.2,-4.44E-15,-0.135413159282));
#4685 = CARTESIAN_POINT('',(11.2,0.168898123964,-2.122098335189));
#4686 = CARTESIAN_POINT('',(8.734542171342,0.193149020071,
    -2.407352514844));
#4687 = CARTESIAN_POINT('',(6.70105969479,0.,-0.135413159282));
#4688 = CARTESIAN_POINT('',(8.734542171342,-0.193149020071,2.13652619628
    ));
#4689 = CARTESIAN_POINT('',(11.2,-0.168898123964,1.851272016625));
#4690 = CARTESIAN_POINT('',(11.2,-4.44E-15,-0.135413159282));
#4691 = ( BOUNDED_SURFACE() B_SPLINE_SURFACE(6,9,(
    (#4692,#4693,#4694,#4695,#4696,#4697,#4698,#4699,#4700,#4701,#4702
      ,#4703,#4704,#4705,#4706,#4707,#4708,#4709,#4710,#4711,#4712,#4713
      ,#4714,#4715,#4716,#4717,#4718,#4719,#4720,#4721,#4722,#4723,#4724
      ,#4725,#4726,#4727,#4728,#4729,#4730,#4731,#4732,#4733,#4734,#4735
      ,#4736,#4737,#4738,#4739,#4740,#4741,#4742,#4743,#4744,#4745,#4746
      ,#4747,#4748,#4749,#4750,#4751,#4752,#4753,#4754,#4755,#4756,#4757
      ,#4758,#4759,#4760,#4761,#4762,#4763,#4764,#4765,#4766,#4767,#4768
      ,#4769,#4770,#4771,#4772,#4773,#4774,#4775,#4776,#4777,#4778,#4779
      ,#4780,#4781,#4782,#4783,#4784,#4785,#4786,#4787,#4788,#4789,#4790
      ,#4791,#4792,#4793,#4794,#4795,#4796,#4797,#4798,#4799,#4800,#4801
      ,#4802,#4803,#4804,#4805,#4806,#4807,#4808,#4809,#4810,#4811,#4812
      ,#4813,#4814,#4815,#4816,#4817,#4818,#4819,#4820,#4821,#4822,#4823
      ,#4824,#4825,#4826,#4827,#4828)
    ,(#4829,#4830,#4831,#4832,#4833,#4834,#4835,#4836,#4837,#4838,#4839
      ,#4840,#4841,#4842,#4843,#4844,#4845,#4846,#4847,#4848,#4849,#4850
      ,#4851,#4852,#4853,#4854,#4855,#4856,#4857,#4858,#4859,#4860,#4861
      ,#4862,#4863,#4864,#4865,#4866,#4867,#4868,#4869,#4870,#4871,#4872
      ,#4873,#4874,#4875,#4876,#4877,#4878,#4879,#4880,#4881,#4882,#4883
      ,#4884,#4885,#4886,#4887,#4888,#4889,#4890,#4891,#4892,#4893,#4894
      ,#4895,#4896,#4897,#4898,#4899,#4900,#4901,#4902,#4903,#4904,#4905
      ,#4906,#4907,#4908,#4909,#4910,#4911,#4912,#4913,#4914,#4915,#4916
      ,#4917,#4918,#4919,#4920,#4921,#4922,#4923,#4924,#4925,#4926,#4927
      ,#4928,#4929,#4930,#4931,#4932,#4933,#4934,#4935,#4936,#4937,#4938
      ,#4939,#4940,#4941,#4942,#4943,#4944,#4945,#4946,#4947,#4948,#4949
      ,#4950,#4951,#4952,#4953,#4954,#4955,#4956,#4957,#4958,#4959,#4960
      ,#4961,#4962,#4963,#4964,#4965)
    ,(#4966,#4967,#4968,#4969,#4970,#4971,#4972,#4973,#4974,#4975,#4976
      ,#4977,#4978,#4979,#4980,#4981,#4982,#4983,#4984,#4985,#4986,#4987
      ,#4988,#4989,#4990,#4991,#4992,#4993,#4994,#4995,#4996,#4997,#4998
      ,#4999,#5000,#5001,#5002,#5003,#5004,#5005,#5006,#5007,#5008,#5009
      ,#5010,#5011,#5012,#5013,#5014,#5015,#5016,#5017,#5018,#5019,#5020
      ,#5021,#5022,#5023,#5024,#5025,#5026,#5027,#5028,#5029,#5030,#5031
      ,#5032,#5033,#5034,#5035,#5036,#5037,#5038,#5039,#5040,#5041,#5042
      ,#5043,#5044,#5045,#5046,#5047,#5048,#5049,#5050,#5051,#5052,#5053
      ,#5054,#5055,#5056,#5057,#5058,#5059,#5060,#5061,#5062,#5063,#5064
      ,#5065,#5066,#5067,#5068,#5069,#5070,#5071,#5072,#5073,#5074,#5075
      ,#5076,#5077,#5078,#5079,#5080,#5081,#5082,#5083,#5084,#5085,#5086
      ,#5087,#5088,#5089,#5090,#5091,#5092,#5093,#5094,#5095,#5096,#5097
      ,#5098,#5099,#5100,#5101,#5102)
    ,(#5103,#5104,#5105,#5106,#5107,#5108,#5109,#5110,#5111,#5112,#5113
      ,#5114,#5115,#5116,#5117,#5118,#5119,#5120,#5121,#5122,#5123,#5124
      ,#5125,#5126,#5127,#5128,#5129,#5130,#5131,#5132,#5133,#5134,#5135
      ,#5136,#5137,#5138,#5139,#5140,#5141,#5142,#5143,#5144,#5145,#5146
      ,#5147,#5148,#5149,#5150,#5151,#5152,#5153,#5154,#5155,#5156,#5157
      ,#5158,#5159,#5160,#5161,#5162,#5163,#5164,#5165,#5166,#5167,#5168
      ,#5169,#5170,#5171,#5172,#5173,#5174,#5175,#5176,#5177,#5178,#5179
      ,#5180,#5181,#5182,#5183,#5184,#5185,#5186,#5187,#5188,#5189,#5190
      ,#5191,#5192,#5193,#5194,#5195,#5196,#5197,#5198,#5199,#5200,#5201
      ,#5202,#5203,#5204,#5205,#5206,#5207,#5208,#5209,#5210,#5211,#5212
      ,#5213,#5214,#5215,#5216,#5217,#5218,#5219,#5220,#5221,#5222,#5223
      ,#5224,#5225,#5226,#5227,#5228,#5229,#5230,#5231,#5232,#5233,#5234
      ,#5235,#5236,#5237,#5238,#5239)
    ,(#5240,#5241,#5242,#5243,#5244,#5245,#5246,#5247,#5248,#5249,#5250
      ,#5251,#5252,#5253,#5254,#5255,#5256,#5257,#5258,#5259,#5260,#5261
      ,#5262,#5263,#5264,#5265,#5266,#5267,#5268,#5269,#5270,#5271,#5272
      ,#5273,#5274,#5275,#5276,#5277,#5278,#5279,#5280,#5281,#5282,#5283
      ,#5284,#5285,#5286,#5287,#5288,#5289,#5290,#5291,#5292,#5293,#5294
      ,#5295,#5296,#5297,#5298,#5299,#5300,#5301,#5302,#5303,#5304,#5305
      ,#5306,#5307,#5308,#5309,#5310,#5311,#5312,#5313,#5314,#5315,#5316
      ,#5317,#5318,#5319,#5320,#5321,#5322,#5323,#5324,#5325,#5326,#5327
      ,#5328,#5329,#5330,#5331,#5332,#5333,#5334,#5335,#5336,#5337,#5338
      ,#5339,#5340,#5341,#5342,#5343,#5344,#5345,#5346,#5347,#5348,#5349
      ,#5350,#5351,#5352,#5353,#5354,#5355,#5356,#5357,#5358,#5359,#5360
      ,#5361,#5362,#5363,#5364,#5365,#5366,#5367,#5368,#5369,#5370,#5371
      ,#5372,#5373,#5374,#5375,#5376)
    ,(#5377,#5378,#5379,#5380,#5381,#5382,#5383,#5384,#5385,#5386,#5387
      ,#5388,#5389,#5390,#5391,#5392,#5393,#5394,#5395,#5396,#5397,#5398
      ,#5399,#5400,#5401,#5402,#5403,#5404,#5405,#5406,#5407,#5408,#5409
      ,#5410,#5411,#5412,#5413,#5414,#5415,#5416,#5417,#5418,#5419,#5420
      ,#5421,#5422,#5423,#5424,#5425,#5426,#5427,#5428,#5429,#5430,#5431
      ,#5432,#5433,#5434,#5435,#5436,#5437,#5438,#5439,#5440,#5441,#5442
      ,#5443,#5444,#5445,#5446,#5447,#5448,#5449,#5450,#5451,#5452,#5453
      ,#5454,#5455,#5456,#5457,#5458,#5459,#5460,#5461,#5462,#5463,#5464
      ,#5465,#5466,#5467,#5468,#5469,#5470,#5471,#5472,#5473,#5474,#5475
      ,#5476,#5477,#5478,#5479,#5480,#5481,#5482,#5483,#5484,#5485,#5486
      ,#5487,#5488,#5489,#5490,#5491,#5492,#5493,#5494,#5495,#5496,#5497
      ,#5498,#5499,#5500,#5501,#5502,#5503,#5504,#5505,#5506,#5507,#5508
      ,#5509,#5510,#5511,#5512,#5513)
    ,(#5514,#5515,#5516,#5517,#5518,#5519,#5520,#5521,#5522,#5523,#5524
      ,#5525,#5526,#5527,#5528,#5529,#5530,#5531,#5532,#5533,#5534,#5535
      ,#5536,#5537,#5538,#5539,#5540,#5541,#5542,#5543,#5544,#5545,#5546
      ,#5547,#5548,#5549,#5550,#5551,#5552,#5553,#5554,#5555,#5556,#5557
      ,#5558,#5559,#5560,#5561,#5562,#5563,#5564,#5565,#5566,#5567,#5568
      ,#5569,#5570,#5571,#5572,#5573,#5574,#5575,#5576,#5577,#5578,#5579
      ,#5580,#5581,#5582,#5583,#5584,#5585,#5586,#5587,#5588,#5589,#5590
      ,#5591,#5592,#5593,#5594,#5595,#5596,#5597,#5598,#5599,#5600,#5601
      ,#5602,#5603,#5604,#5605,#5606,#5607,#5608,#5609,#5610,#5611,#5612
      ,#5613,#5614,#5615,#5616,#5617,#5618,#5619,#5620,#5621,#5622,#5623
      ,#5624,#5625,#5626,#5627,#5628,#5629,#5630,#5631,#5632,#5633,#5634
      ,#5635,#5636,#5637,#5638,#5639,#5640,#5641,#5642,#5643,#5644,#5645
      ,#5646,#5647,#5648,#5649,#5650
)),.UNSPECIFIED.,.T.,.F.,.F.) B_SPLINE_SURFACE_WITH_KNOTS((1,6,6,1),(10,
    8,9,8,9,8,9,8,9,8,9,8,9,8,9,8,10),(-6.28318530718,0.,6.28318530718,
    12.566370614359),(0.,4.896608066525,9.793216133051,14.689824199576,
    19.586432266102,24.483040332627,29.379648399153,34.276256465678,
    39.172864532204,44.069472598729,48.966080665255,53.86268873178,
    58.759296798306,63.655904864831,68.552512931357,73.449120997882,
78.345729064408),.UNSPECIFIED.) GEOMETRIC_REPRESENTATION_ITEM() 
RATIONAL_B_SPLINE_SURFACE((
    (1.669078461068,1.669078461068,1.669078461068,1.669078461069
      ,1.669078461068,1.669078461069,1.669078461068,1.669078461068
      ,1.669078461068,1.669078461068,1.669078461068,1.669078461068
      ,1.669078461068,1.669078461068,1.669078461068,1.669078461068
      ,1.669078461068,1.669078461068,1.669078461068,1.669078461068
      ,1.669078461068,1.669078461069,1.669078461068,1.669078461068
      ,1.669078461068,1.669078461068,1.669078461068,1.669078461068
      ,1.669078461068,1.669078461069,1.669078461068,1.669078461068
      ,1.669078461068,1.669078461068,1.669078461068,1.669078461068
      ,1.669078461068,1.669078461068,1.669078461068,1.669078461068
      ,1.669078461068,1.669078461068,1.669078461068,1.669078461068
      ,1.669078461068,1.669078461068,1.669078461068,1.669078461068
      ,1.669078461068,1.669078461068,1.669078461068,1.669078461068
      ,1.669078461068,1.669078461068,1.669078461068,1.669078461068
      ,1.669078461069,1.669078461068,1.669078461068,1.669078461068
      ,1.669078461068,1.669078461068,1.669078461068,1.669078461068
      ,1.669078461068,1.669078461068,1.669078461068,1.669078461068
      ,1.669078461068,1.669078461068,1.669078461068,1.669078461068
      ,1.669078461068,1.669078461068,1.669078461068,1.669078461068
      ,1.669078461068,1.669078461068,1.669078461068,1.669078461068
      ,1.669078461069,1.669078461068,1.669078461068,1.669078461068
      ,1.669078461068,1.669078461068,1.669078461068,1.669078461068
      ,1.669078461068,1.669078461068,1.669078461068,1.669078461068
      ,1.669078461068,1.669078461068,1.669078461068,1.669078461068
      ,1.669078461068,1.669078461068,1.669078461068,1.669078461068
      ,1.669078461068,1.669078461068,1.669078461068,1.669078461068
      ,1.669078461068,1.669078461068,1.669078461068,1.669078461068
      ,1.669078461068,1.669078461068,1.669078461068,1.669078461068
      ,1.669078461068,1.669078461068,1.669078461068,1.669078461068
      ,1.669078461068,1.669078461068,1.669078461068,1.669078461068
      ,1.669078461068,1.669078461068,1.669078461068,1.669078461069
      ,1.669078461068,1.669078461068,1.669078461068,1.669078461068
      ,1.669078461068,1.669078461068,1.669078461068,1.669078461069
      ,1.669078461068,1.669078461068,1.669078461068,1.669078461068
      ,1.669078461068)
    ,(1.03672962321,1.03672962321,1.03672962321,1.03672962321
      ,1.036729623209,1.03672962321,1.03672962321,1.03672962321
      ,1.03672962321,1.03672962321,1.03672962321,1.03672962321
      ,1.03672962321,1.03672962321,1.03672962321,1.03672962321
      ,1.03672962321,1.03672962321,1.03672962321,1.03672962321
      ,1.036729623209,1.03672962321,1.036729623209,1.03672962321
      ,1.03672962321,1.03672962321,1.03672962321,1.03672962321
      ,1.036729623209,1.03672962321,1.036729623209,1.03672962321
      ,1.03672962321,1.03672962321,1.03672962321,1.03672962321
      ,1.03672962321,1.03672962321,1.03672962321,1.03672962321
      ,1.03672962321,1.03672962321,1.03672962321,1.03672962321
      ,1.03672962321,1.03672962321,1.03672962321,1.03672962321
      ,1.03672962321,1.03672962321,1.03672962321,1.03672962321
      ,1.03672962321,1.03672962321,1.03672962321,1.036729623209
      ,1.03672962321,1.03672962321,1.03672962321,1.03672962321
      ,1.03672962321,1.03672962321,1.03672962321,1.03672962321
      ,1.03672962321,1.03672962321,1.03672962321,1.03672962321
      ,1.03672962321,1.03672962321,1.03672962321,1.03672962321
      ,1.03672962321,1.03672962321,1.03672962321,1.03672962321
      ,1.03672962321,1.03672962321,1.03672962321,1.03672962321
      ,1.03672962321,1.03672962321,1.03672962321,1.03672962321
      ,1.03672962321,1.03672962321,1.03672962321,1.03672962321
      ,1.03672962321,1.03672962321,1.03672962321,1.03672962321
      ,1.03672962321,1.03672962321,1.03672962321,1.03672962321
      ,1.03672962321,1.03672962321,1.03672962321,1.03672962321
      ,1.03672962321,1.03672962321,1.03672962321,1.03672962321
      ,1.03672962321,1.03672962321,1.03672962321,1.03672962321
      ,1.03672962321,1.03672962321,1.03672962321,1.03672962321
      ,1.03672962321,1.03672962321,1.03672962321,1.03672962321
      ,1.03672962321,1.03672962321,1.03672962321,1.03672962321
      ,1.03672962321,1.03672962321,1.03672962321,1.03672962321
      ,1.036729623209,1.03672962321,1.03672962321,1.03672962321
      ,1.03672962321,1.03672962321,1.036729623209,1.03672962321
      ,1.036729623209,1.03672962321,1.03672962321,1.03672962321
      ,1.03672962321)
    ,(1.038346699848,1.038346699848,1.038346699847,1.038346699848
      ,1.038346699847,1.038346699848,1.038346699847,1.038346699848
      ,1.038346699847,1.038346699848,1.038346699847,1.038346699848
      ,1.038346699847,1.038346699848,1.038346699847,1.038346699848
      ,1.038346699848,1.038346699848,1.038346699847,1.038346699848
      ,1.038346699847,1.038346699848,1.038346699847,1.038346699848
      ,1.038346699847,1.038346699848,1.038346699847,1.038346699848
      ,1.038346699847,1.038346699848,1.038346699847,1.038346699848
      ,1.038346699847,1.038346699848,1.038346699848,1.038346699847
      ,1.038346699848,1.038346699847,1.038346699848,1.038346699847
      ,1.038346699848,1.038346699847,1.038346699848,1.038346699847
      ,1.038346699848,1.038346699847,1.038346699848,1.038346699847
      ,1.038346699848,1.038346699847,1.038346699848,1.038346699848
      ,1.038346699848,1.038346699847,1.038346699848,1.038346699847
      ,1.038346699848,1.038346699847,1.038346699848,1.038346699847
      ,1.038346699848,1.038346699848,1.038346699847,1.038346699848
      ,1.038346699847,1.038346699848,1.038346699847,1.038346699848
      ,1.038346699848,1.038346699847,1.038346699848,1.038346699847
      ,1.038346699848,1.038346699847,1.038346699848,1.038346699847
      ,1.038346699848,1.038346699847,1.038346699848,1.038346699847
      ,1.038346699848,1.038346699847,1.038346699848,1.038346699847
      ,1.038346699848,1.038346699848,1.038346699847,1.038346699848
      ,1.038346699847,1.038346699848,1.038346699847,1.038346699848
      ,1.038346699847,1.038346699848,1.038346699847,1.038346699848
      ,1.038346699847,1.038346699848,1.038346699847,1.038346699848
      ,1.038346699847,1.038346699848,1.038346699848,1.038346699847
      ,1.038346699848,1.038346699847,1.038346699848,1.038346699847
      ,1.038346699848,1.038346699847,1.038346699848,1.038346699847
      ,1.038346699848,1.038346699847,1.038346699848,1.038346699847
      ,1.038346699848,1.038346699847,1.038346699848,1.038346699848
      ,1.038346699847,1.038346699848,1.038346699847,1.038346699848
      ,1.038346699847,1.038346699848,1.038346699847,1.038346699848
      ,1.038346699847,1.038346699848,1.038346699847,1.038346699848
      ,1.038346699847,1.038346699848,1.038346699847,1.038346699848
      ,1.038346699848)
    ,(0.853534330196,0.853534330196,0.853534330196,0.853534330196
      ,0.853534330196,0.853534330196,0.853534330196,0.853534330196
      ,0.853534330196,0.853534330196,0.853534330196,0.853534330196
      ,0.853534330196,0.853534330196,0.853534330196,0.853534330196
      ,0.853534330196,0.853534330196,0.853534330196,0.853534330196
      ,0.853534330196,0.853534330196,0.853534330196,0.853534330196
      ,0.853534330196,0.853534330196,0.853534330196,0.853534330196
      ,0.853534330196,0.853534330196,0.853534330196,0.853534330196
      ,0.853534330196,0.853534330196,0.853534330196,0.853534330196
      ,0.853534330196,0.853534330196,0.853534330196,0.853534330196
      ,0.853534330196,0.853534330196,0.853534330196,0.853534330196
      ,0.853534330196,0.853534330196,0.853534330196,0.853534330196
      ,0.853534330196,0.853534330196,0.853534330196,0.853534330196
      ,0.853534330196,0.853534330196,0.853534330196,0.853534330196
      ,0.853534330196,0.853534330196,0.853534330196,0.853534330196
      ,0.853534330196,0.853534330196,0.853534330196,0.853534330196
      ,0.853534330196,0.853534330196,0.853534330196,0.853534330196
      ,0.853534330196,0.853534330196,0.853534330196,0.853534330196
      ,0.853534330196,0.853534330196,0.853534330196,0.853534330196
      ,0.853534330196,0.853534330196,0.853534330196,0.853534330196
      ,0.853534330196,0.853534330196,0.853534330196,0.853534330196
      ,0.853534330196,0.853534330196,0.853534330196,0.853534330196
      ,0.853534330196,0.853534330196,0.853534330196,0.853534330196
      ,0.853534330196,0.853534330196,0.853534330196,0.853534330196
      ,0.853534330196,0.853534330196,0.853534330196,0.853534330196
      ,0.853534330196,0.853534330196,0.853534330196,0.853534330196
      ,0.853534330196,0.853534330196,0.853534330196,0.853534330196
      ,0.853534330196,0.853534330196,0.853534330196,0.853534330196
      ,0.853534330196,0.853534330196,0.853534330196,0.853534330196
      ,0.853534330196,0.853534330196,0.853534330196,0.853534330196
      ,0.853534330196,0.853534330196,0.853534330196,0.853534330196
      ,0.853534330196,0.853534330196,0.853534330196,0.853534330196
      ,0.853534330196,0.853534330196,0.853534330196,0.853534330196
      ,0.853534330196,0.853534330196,0.853534330196,0.853534330196
      ,0.853534330196)
    ,(1.038346699848,1.038346699848,1.038346699847,1.038346699848
      ,1.038346699847,1.038346699848,1.038346699847,1.038346699848
      ,1.038346699847,1.038346699848,1.038346699847,1.038346699848
      ,1.038346699847,1.038346699848,1.038346699847,1.038346699848
      ,1.038346699848,1.038346699848,1.038346699847,1.038346699848
      ,1.038346699847,1.038346699848,1.038346699847,1.038346699848
      ,1.038346699847,1.038346699848,1.038346699847,1.038346699848
      ,1.038346699847,1.038346699848,1.038346699847,1.038346699848
      ,1.038346699847,1.038346699848,1.038346699848,1.038346699847
      ,1.038346699848,1.038346699847,1.038346699848,1.038346699847
      ,1.038346699848,1.038346699847,1.038346699848,1.038346699847
      ,1.038346699848,1.038346699847,1.038346699848,1.038346699847
      ,1.038346699848,1.038346699847,1.038346699848,1.038346699848
      ,1.038346699848,1.038346699847,1.038346699848,1.038346699847
      ,1.038346699848,1.038346699847,1.038346699848,1.038346699847
      ,1.038346699848,1.038346699848,1.038346699847,1.038346699848
      ,1.038346699847,1.038346699848,1.038346699847,1.038346699848
      ,1.038346699848,1.038346699847,1.038346699848,1.038346699847
      ,1.038346699848,1.038346699847,1.038346699848,1.038346699847
      ,1.038346699848,1.038346699847,1.038346699848,1.038346699847
      ,1.038346699848,1.038346699847,1.038346699848,1.038346699847
      ,1.038346699848,1.038346699848,1.038346699847,1.038346699848
      ,1.038346699847,1.038346699848,1.038346699847,1.038346699848
      ,1.038346699847,1.038346699848,1.038346699848,1.038346699848
      ,1.038346699848,1.038346699848,1.038346699847,1.038346699848
      ,1.038346699847,1.038346699848,1.038346699848,1.038346699848
      ,1.038346699848,1.038346699847,1.038346699848,1.038346699847
      ,1.038346699848,1.038346699847,1.038346699848,1.038346699847
      ,1.038346699848,1.038346699847,1.038346699848,1.038346699847
      ,1.038346699848,1.038346699847,1.038346699848,1.038346699848
      ,1.038346699847,1.038346699848,1.038346699847,1.038346699848
      ,1.038346699847,1.038346699848,1.038346699847,1.038346699848
      ,1.038346699847,1.038346699848,1.038346699847,1.038346699848
      ,1.038346699847,1.038346699848,1.038346699847,1.038346699848
      ,1.038346699848)
    ,(1.03672962321,1.03672962321,1.03672962321,1.03672962321
      ,1.036729623209,1.03672962321,1.036729623209,1.03672962321
      ,1.03672962321,1.03672962321,1.03672962321,1.03672962321
      ,1.03672962321,1.03672962321,1.03672962321,1.03672962321
      ,1.03672962321,1.03672962321,1.03672962321,1.03672962321
      ,1.036729623209,1.03672962321,1.036729623209,1.03672962321
      ,1.03672962321,1.03672962321,1.03672962321,1.03672962321
      ,1.036729623209,1.03672962321,1.036729623209,1.03672962321
      ,1.03672962321,1.03672962321,1.03672962321,1.03672962321
      ,1.03672962321,1.03672962321,1.03672962321,1.03672962321
      ,1.03672962321,1.03672962321,1.03672962321,1.03672962321
      ,1.03672962321,1.03672962321,1.03672962321,1.03672962321
      ,1.03672962321,1.03672962321,1.03672962321,1.03672962321
      ,1.03672962321,1.03672962321,1.03672962321,1.036729623209
      ,1.03672962321,1.036729623209,1.03672962321,1.03672962321
      ,1.03672962321,1.03672962321,1.03672962321,1.03672962321
      ,1.03672962321,1.03672962321,1.03672962321,1.03672962321
      ,1.03672962321,1.03672962321,1.03672962321,1.03672962321
      ,1.03672962321,1.03672962321,1.03672962321,1.03672962321
      ,1.03672962321,1.03672962321,1.03672962321,1.036729623209
      ,1.03672962321,1.036729623209,1.03672962321,1.03672962321
      ,1.03672962321,1.03672962321,1.03672962321,1.03672962321
      ,1.03672962321,1.03672962321,1.03672962321,1.03672962321
      ,1.03672962321,1.03672962321,1.03672962321,1.03672962321
      ,1.03672962321,1.03672962321,1.03672962321,1.03672962321
      ,1.03672962321,1.03672962321,1.03672962321,1.03672962321
      ,1.03672962321,1.03672962321,1.03672962321,1.03672962321
      ,1.03672962321,1.03672962321,1.03672962321,1.03672962321
      ,1.03672962321,1.03672962321,1.03672962321,1.03672962321
      ,1.03672962321,1.03672962321,1.03672962321,1.03672962321
      ,1.03672962321,1.03672962321,1.03672962321,1.03672962321
      ,1.03672962321,1.03672962321,1.03672962321,1.03672962321
      ,1.03672962321,1.03672962321,1.036729623209,1.03672962321
      ,1.036729623209,1.03672962321,1.03672962321,1.03672962321
      ,1.03672962321)
    ,(1.669078461068,1.669078461068,1.669078461068,1.669078461069
      ,1.669078461068,1.669078461069,1.669078461068,1.669078461068
      ,1.669078461068,1.669078461068,1.669078461068,1.669078461068
      ,1.669078461068,1.669078461068,1.669078461068,1.669078461068
      ,1.669078461068,1.669078461068,1.669078461068,1.669078461068
      ,1.669078461068,1.669078461069,1.669078461068,1.669078461068
      ,1.669078461068,1.669078461068,1.669078461068,1.669078461068
      ,1.669078461068,1.669078461069,1.669078461068,1.669078461068
      ,1.669078461068,1.669078461068,1.669078461068,1.669078461068
      ,1.669078461068,1.669078461068,1.669078461068,1.669078461068
      ,1.669078461068,1.669078461068,1.669078461068,1.669078461068
      ,1.669078461068,1.669078461068,1.669078461068,1.669078461068
      ,1.669078461068,1.669078461068,1.669078461068,1.669078461068
      ,1.669078461068,1.669078461068,1.669078461068,1.669078461068
      ,1.669078461069,1.669078461068,1.669078461068,1.669078461068
      ,1.669078461068,1.669078461068,1.669078461068,1.669078461068
      ,1.669078461068,1.669078461068,1.669078461068,1.669078461068
      ,1.669078461068,1.669078461068,1.669078461068,1.669078461068
      ,1.669078461068,1.669078461068,1.669078461068,1.669078461068
      ,1.669078461068,1.669078461068,1.669078461068,1.669078461068
      ,1.669078461069,1.669078461068,1.669078461068,1.669078461068
      ,1.669078461068,1.669078461068,1.669078461068,1.669078461068
      ,1.669078461068,1.669078461068,1.669078461068,1.669078461068
      ,1.669078461068,1.669078461068,1.669078461068,1.669078461068
      ,1.669078461068,1.669078461068,1.669078461068,1.669078461068
      ,1.669078461068,1.669078461068,1.669078461068,1.669078461068
      ,1.669078461068,1.669078461068,1.669078461068,1.669078461068
      ,1.669078461068,1.669078461068,1.669078461068,1.669078461068
      ,1.669078461068,1.669078461068,1.669078461068,1.669078461068
      ,1.669078461068,1.669078461068,1.669078461068,1.669078461068
      ,1.669078461068,1.669078461068,1.669078461068,1.669078461069
      ,1.669078461068,1.669078461068,1.669078461068,1.669078461068
      ,1.669078461068,1.669078461068,1.669078461068,1.669078461069
      ,1.669078461068,1.669078461068,1.669078461068,1.669078461068
,1.669078461068))) REPRESENTATION_ITEM('') SURFACE() );
#4692 = CARTESIAN_POINT('',(11.2,-4.44E-15,-0.135413159282));
#4693 = CARTESIAN_POINT('',(11.199999999421,4.642592986876,
    0.217001221672));
#4694 = CARTESIAN_POINT('',(9.034972747468,9.285279267974,0.569353392729
    ));
#4695 = CARTESIAN_POINT('',(4.705320627573,12.772898272231,
    0.921859957211));
#4696 = CARTESIAN_POINT('',(-1.072810932663,13.95837194804,
    1.274104056089));
#4697 = CARTESIAN_POINT('',(-6.862965102604,12.202350035892,
    1.626662724503));
#4698 = CARTESIAN_POINT('',(-11.00847994867,8.0059143642,1.97895920425)
  );
#4699 = CARTESIAN_POINT('',(-12.67097887932,2.700947454095,
    2.331400358257));
#4700 = CARTESIAN_POINT('',(-11.89173475098,-2.362225986279,
    2.683794323888));
#4701 = CARTESIAN_POINT('',(-6.73318238931,-10.08254542365,
    3.388595105487));
#4702 = CARTESIAN_POINT('',(-2.35362383643,-12.74006585541,3.74099040001
    ));
#4703 = CARTESIAN_POINT('',(3.183736907991,-13.23424007859,
    4.093426973989));
#4704 = CARTESIAN_POINT('',(8.647158635553,-11.01019060352,
    4.445733180092));
#4705 = CARTESIAN_POINT('',(12.485306304963,-6.332785786102,
    4.798276563447));
#4706 = CARTESIAN_POINT('',(13.60126830299,-0.540827797001,
    5.150539512673));
#4707 = CARTESIAN_POINT('',(12.036013284259,4.79390383242,5.503027412955
    ));
#4708 = CARTESIAN_POINT('',(8.57525178422,8.570806924819,5.855394496168)
  );
#4709 = CARTESIAN_POINT('',(4.286054442489,10.347450764126,
    6.207799347311));
#4710 = CARTESIAN_POINT('',(-3.142196088593E-03,12.124094182883,
    6.560213728256));
#4711 = CARTESIAN_POINT('',(-5.120945087005,11.90054893892,
    6.912565899322));
#4712 = CARTESIAN_POINT('',(-9.999971036428,9.235125973785,
    7.265072463802));
#4713 = CARTESIAN_POINT('',(-13.30640111996,4.350489624365,
    7.617316562676));
#4714 = CARTESIAN_POINT('',(-13.89984448836,-1.670915795983,
    7.969875231095));
#4715 = CARTESIAN_POINT('',(-11.609263312,-7.106778520522,8.322171710838
    ));
#4716 = CARTESIAN_POINT('',(-7.344323760191,-10.67285020112,
    8.674612864847));
#4717 = CARTESIAN_POINT('',(-2.368357631394,-11.89051509094,
    9.027006830478));
#4718 = CARTESIAN_POINT('',(6.738380005048,-10.07907248785,
    9.731807612076));
#4719 = CARTESIAN_POINT('',(10.869593238442,-7.04987701982,
    10.084202906602));
#4720 = CARTESIAN_POINT('',(13.445206904653,-2.123135051804,
    10.43663948057));
#4721 = CARTESIAN_POINT('',(13.481214094508,3.775515346563,
    10.788945686699));
#4722 = CARTESIAN_POINT('',(10.628651042465,9.111466751295,
    11.141489070011));
#4723 = CARTESIAN_POINT('',(5.704639770975,12.358967563605,
    11.493752019293));
#4724 = CARTESIAN_POINT('',(0.176993244007,12.954373899397,
    11.846239919515));
#4725 = CARTESIAN_POINT('',(-4.636786308765,11.2024054217,
    12.198607002781));
#4726 = CARTESIAN_POINT('',(-7.919595949289,7.91959594929,12.55101185389
    ));
#4727 = CARTESIAN_POINT('',(-11.20240493219,4.636786965571,
    12.903426234863));
#4728 = CARTESIAN_POINT('',(-12.95437443315,-0.176993438027,
    13.2557784059));
#4729 = CARTESIAN_POINT('',(-12.35896710712,-5.704638860285,
    13.608284970391));
#4730 = CARTESIAN_POINT('',(-9.111467573357,-10.62865134419,
    13.960529069271));
#4731 = CARTESIAN_POINT('',(-3.775515293698,-13.48121361989,
    14.31308773768));
#4732 = CARTESIAN_POINT('',(2.123134485738,-13.44520715878,
    14.66538421743));
#4733 = CARTESIAN_POINT('',(7.049876829422,-10.86959335026,
    15.017825371436));
#4734 = CARTESIAN_POINT('',(10.079072296089,-6.738380268903,
    15.370219337067));
#4735 = CARTESIAN_POINT('',(11.890515167134,2.36835731424,
    16.075020118665));
#4736 = CARTESIAN_POINT('',(10.672850334233,7.344323584025,
    16.427415413193));
#4737 = CARTESIAN_POINT('',(7.10677894625,11.609262860583,
    16.779851987156));
#4738 = CARTESIAN_POINT('',(1.670915928763,13.899844947103,
    17.132158193296));
#4739 = CARTESIAN_POINT('',(-4.350488980337,13.306400526586,
    17.484701576592));
#4740 = CARTESIAN_POINT('',(-9.235126047022,9.999972052494,
    17.836964525887));
#4741 = CARTESIAN_POINT('',(-11.90054852003,5.120944703492,
    18.189452426108));
#4742 = CARTESIAN_POINT('',(-12.12409438378,3.142990222495E-03,
    18.541819509363));
#4743 = CARTESIAN_POINT('',(-10.34745076412,-4.286054442489,
    18.894224360483));
#4744 = CARTESIAN_POINT('',(-8.5708073443,-8.575251080625,
    19.246638741447));
#4745 = CARTESIAN_POINT('',(-4.793903857445,-12.03601385165,
    19.598990912491));
#4746 = CARTESIAN_POINT('',(0.540827130347,-13.6012675327,
    19.951497476984));
#4747 = CARTESIAN_POINT('',(6.332785750248,-12.48530717997,
    20.303741575857));
#4748 = CARTESIAN_POINT('',(11.01019018529,-8.647158405037,
    20.656300244272));
#4749 = CARTESIAN_POINT('',(13.234240096751,-3.183737528241,
    21.008596724017));
#4750 = CARTESIAN_POINT('',(12.74006588586,2.353623617738,
    21.361037878027));
#4751 = CARTESIAN_POINT('',(10.082545594041,6.733182111173,
    21.713431843656));
#4752 = CARTESIAN_POINT('',(2.362226308448,11.891734700011,
    22.418232625257));
#4753 = CARTESIAN_POINT('',(-2.700947240397,12.670978934886,
    22.77062791977));
#4754 = CARTESIAN_POINT('',(-8.005913784225,11.008480169253,
    23.123064493779));
#4755 = CARTESIAN_POINT('',(-12.20235040889,6.862965400802,
    23.475370699825));
#4756 = CARTESIAN_POINT('',(-13.95837115337,1.072811300626,
    23.827914083266));
#4757 = CARTESIAN_POINT('',(-12.77289923897,-4.705320306428,
    24.180177032383));
#4758 = CARTESIAN_POINT('',(-9.285278753357,-9.03497250722,
    24.532664932781));
#4759 = CARTESIAN_POINT('',(-4.642593797437,-11.19999988112,
    24.885032015895));
#4760 = CARTESIAN_POINT('',(-1.30874E-12,-11.19999999999,25.237436867101
    ));
#4761 = CARTESIAN_POINT('',(4.64259298688,-11.19999999942,
    25.589851247993));
#4762 = CARTESIAN_POINT('',(9.285279267969,-9.034972747468,
    25.942203419109));
#4763 = CARTESIAN_POINT('',(12.772898272236,-4.705320627573,
    26.294709983576));
#4764 = CARTESIAN_POINT('',(13.958371948036,1.072810932661,
    26.646954082428));
#4765 = CARTESIAN_POINT('',(12.202350035895,6.862965102607,
    26.999512750877));
#4766 = CARTESIAN_POINT('',(8.005914364199,11.008479948669,27.3518092306
    ));
#4767 = CARTESIAN_POINT('',(2.700947454095,12.670978879324,
    27.704250384619));
#4768 = CARTESIAN_POINT('',(-2.362225986279,11.891734750989,
    28.056644350244));
#4769 = CARTESIAN_POINT('',(-10.08254542365,6.73318238931,28.76144513185
    ));
#4770 = CARTESIAN_POINT('',(-12.74006585541,2.353623836436,
    29.113840426345));
#4771 = CARTESIAN_POINT('',(-13.23424007859,-3.183736908016,
    29.466277000408));
#4772 = CARTESIAN_POINT('',(-11.01019060352,-8.647158635502,
    29.818583206338));
#4773 = CARTESIAN_POINT('',(-6.332785786107,-12.48530630502,
    30.17112658996));
#4774 = CARTESIAN_POINT('',(-0.540827796996,-13.60126830294,
    30.523389538874));
#4775 = CARTESIAN_POINT('',(4.793903832415,-12.03601328428,
    30.875877439433));
#4776 = CARTESIAN_POINT('',(8.570806924822,-8.575251784213,
    31.22824452246));
#4777 = CARTESIAN_POINT('',(10.347450764125,-4.286054442491,
    31.5806493737));
#4778 = CARTESIAN_POINT('',(12.124094182884,3.142196091709E-03,
    31.933063754573));
#4779 = CARTESIAN_POINT('',(11.900548938921,5.120945087004,
    32.285415925705));
#4780 = CARTESIAN_POINT('',(9.235125973783,9.999971036426,
    32.637922490165));
#4781 = CARTESIAN_POINT('',(4.350489624368,13.306401119965,
    32.990166589015));
#4782 = CARTESIAN_POINT('',(-1.670915795984,13.899844488364,
    33.342725257468));
#4783 = CARTESIAN_POINT('',(-7.106778520523,11.609263312004,
    33.695021737191));
#4784 = CARTESIAN_POINT('',(-10.67285020111,7.344323760191,
    34.047462891207));
#4785 = CARTESIAN_POINT('',(-11.89051509094,2.368357631394,
    34.399856856835));
#4786 = CARTESIAN_POINT('',(-10.07907248785,-6.738380005048,
    35.104657638436));
#4787 = CARTESIAN_POINT('',(-7.049877019819,-10.86959323844,
    35.45705293295));
#4788 = CARTESIAN_POINT('',(-2.123135051815,-13.44520690466,
    35.809489506958));
#4789 = CARTESIAN_POINT('',(3.77551534659,-13.48121409449,36.161795713)
  );
#4790 = CARTESIAN_POINT('',(9.11146675126,-10.62865104248,
    36.514339096448));
#4791 = CARTESIAN_POINT('',(12.358967563632,-5.704639770959,
    36.866602045579));
#4792 = CARTESIAN_POINT('',(12.954373899385,-0.176993244014,
    37.219089945916));
#4793 = CARTESIAN_POINT('',(11.2024054217,4.636786308765,37.571457029125
    ));
#4794 = CARTESIAN_POINT('',(7.91959594929,7.919595949289,37.923861880254
    ));
#4795 = CARTESIAN_POINT('',(4.636786965571,11.20240493219,
    38.276276261217));
#4796 = CARTESIAN_POINT('',(-0.176993438027,12.954374433164,
    38.628628432261));
#4797 = CARTESIAN_POINT('',(-5.704638860284,12.358967107118,
    38.981134996748));
#4798 = CARTESIAN_POINT('',(-10.6286513442,9.111467573364,
    39.333379095631));
#4799 = CARTESIAN_POINT('',(-13.48121361988,3.775515293694,
    39.685937764038));
#4800 = CARTESIAN_POINT('',(-13.44520715878,-2.123134485737,
    40.038234243789));
#4801 = CARTESIAN_POINT('',(-10.86959335026,-7.049876829422,
    40.390675397793));
#4802 = CARTESIAN_POINT('',(-6.738380268903,-10.07907229608,
    40.743069363426));
#4803 = CARTESIAN_POINT('',(2.36835731424,-11.89051516713,
    41.447870145023));
#4804 = CARTESIAN_POINT('',(7.344323584025,-10.67285033423,
    41.800265439558));
#4805 = CARTESIAN_POINT('',(11.609262860584,-7.106778946256,
    42.152702013498));
#4806 = CARTESIAN_POINT('',(13.8998449471,-1.670915928752,
    42.505008219684));
#4807 = CARTESIAN_POINT('',(13.306400526589,4.350488980324,
    42.857551602908));
#4808 = CARTESIAN_POINT('',(9.999972052497,9.235126047032,
    43.209814552295));
#4809 = CARTESIAN_POINT('',(5.120944703485,11.900548520026,
    43.562302452421));
#4810 = CARTESIAN_POINT('',(3.142990228312E-03,12.124094383782,
    43.914669535753));
#4811 = CARTESIAN_POINT('',(-4.286054442491,10.347450764126,
    44.267074386827));
#4812 = CARTESIAN_POINT('',(-8.575251080623,8.570807344927,
    44.619488775192));
#4813 = CARTESIAN_POINT('',(-12.03601385165,4.793903854869,
    44.971840908538));
#4814 = CARTESIAN_POINT('',(-13.6012675327,-0.540827124041,
    45.324347577546));
#4815 = CARTESIAN_POINT('',(-12.48530717997,-6.332785761435,
    45.676591470568));
#4816 = CARTESIAN_POINT('',(-8.647158405035,-11.01019016992,
    46.029150451403));
#4817 = CARTESIAN_POINT('',(-3.183737528243,-13.23424011353,
    46.381446552891));
#4818 = CARTESIAN_POINT('',(2.353623617739,-12.74006587114,
    46.733888077529));
#4819 = CARTESIAN_POINT('',(6.733182111173,-10.08254560434,
    47.086281748835));
#4820 = CARTESIAN_POINT('',(11.891734700011,-2.362226286881,
    47.791082905307));
#4821 = CARTESIAN_POINT('',(12.670978934885,2.700947123966,
    48.143476576613));
#4822 = CARTESIAN_POINT('',(11.008480169249,8.005914088681,
    48.495918101249));
#4823 = CARTESIAN_POINT('',(6.862965400814,12.20234985429,
    48.848214202741));
#4824 = CARTESIAN_POINT('',(1.072811300608,13.958371924815,
    49.200773183571));
#4825 = CARTESIAN_POINT('',(-4.705320306417,12.772898390333,
    49.5530170766));
#4826 = CARTESIAN_POINT('',(-9.034972507218,9.285279500342,49.9055237456
    ));
#4827 = CARTESIAN_POINT('',(-11.19999988113,4.642593273463,
    50.25787587895));
#4828 = CARTESIAN_POINT('',(-11.19999999999,2.8683130271E-07,
    50.610290267318));
#4829 = CARTESIAN_POINT('',(11.2,0.168898123964,-2.122098335189));
#4830 = CARTESIAN_POINT('',(11.130009324115,4.811492257215,
    -1.769683855812));
#4831 = CARTESIAN_POINT('',(8.894902419972,9.421531101171,
    -1.417332067254));
#4832 = CARTESIAN_POINT('',(4.512787019308,12.843862330535,
    -1.064824813752));
#4833 = CARTESIAN_POINT('',(-1.283395839437,13.942182755906,
    -0.712581545812));
#4834 = CARTESIAN_POINT('',(-7.046920047012,12.098876902466,
    -0.360022041312));
#4835 = CARTESIAN_POINT('',(-11.12923816461,7.83989610198,
    -7.726257290801E-03));
#4836 = CARTESIAN_POINT('',(-12.71170741501,2.509869602229,
    0.344715270911));
#4837 = CARTESIAN_POINT('',(-11.85611489412,-2.541556081846,
    0.697109148965));
#4838 = CARTESIAN_POINT('',(-6.581137455603,-10.1840859924,
    1.401909930563));
#4839 = CARTESIAN_POINT('',(-2.161505381182,-12.77556421288,
    1.754305312634));
#4840 = CARTESIAN_POINT('',(3.383329594241,-13.18621863778,
    2.106741512599));
#4841 = CARTESIAN_POINT('',(8.81316006068,-10.87983133024,2.459048413958
    ));
#4842 = CARTESIAN_POINT('',(12.580851223374,-6.14444319661,
    2.811590961936));
#4843 = CARTESIAN_POINT('',(13.609398563067,-0.335778061022,
    3.163854741406));
#4844 = CARTESIAN_POINT('',(11.963736087236,4.97544213205,3.516341953125
    ));
#4845 = CARTESIAN_POINT('',(8.44600170556,8.700118630222,3.868709418642)
  );
#4846 = CARTESIAN_POINT('',(4.130012922681,10.412085277931,
    4.221114171404));
#4847 = CARTESIAN_POINT('',(-0.185969046875,12.124066182988,
    4.573528650772));
#4848 = CARTESIAN_POINT('',(-5.30042796065,11.823282149439,
    4.925880439339));
#4849 = CARTESIAN_POINT('',(-10.13921269951,9.084404883188,
    5.278387692839));
#4850 = CARTESIAN_POINT('',(-13.37203161161,4.14973920353,5.630630960774
    ));
#4851 = CARTESIAN_POINT('',(-13.87464428776,-1.880465457884,
    5.983190465281));
#4852 = CARTESIAN_POINT('',(-11.50209460607,-7.281877003039,
    6.335486249297));
#4853 = CARTESIAN_POINT('',(-7.183376979569,-10.78360078983,
    6.687927777501));
#4854 = CARTESIAN_POINT('',(-2.189047097453,-11.92623329073,
    7.040321655555));
#4855 = CARTESIAN_POINT('',(6.890376335344,-9.977459178952,
    7.745122437152));
#4856 = CARTESIAN_POINT('',(10.975909994218,-6.885967344474,
    8.097517819227));
#4857 = CARTESIAN_POINT('',(13.477221692632,-1.920358444355,
    8.449954019178));
#4858 = CARTESIAN_POINT('',(13.424303825163,3.978766999768,
    8.802260920568));
#4859 = CARTESIAN_POINT('',(10.491208636301,9.271814334426,
    9.154803468497));
#4860 = CARTESIAN_POINT('',(5.518309832541,12.444948081293,
    9.507067248029));
#4861 = CARTESIAN_POINT('',(-1.838556118682E-02,12.957070175972,
    9.859554459683));
#4862 = CARTESIAN_POINT('',(-4.805716610461,11.132479366746,
    10.211921925255));
#4863 = CARTESIAN_POINT('',(-8.039024958066,7.800166940498,
    10.564326677983));
#4864 = CARTESIAN_POINT('',(-11.27234387047,4.467866265065,
    10.916741157379));
#4865 = CARTESIAN_POINT('',(-12.95167434993,-0.372382711673,
    11.269092945917));
#4866 = CARTESIAN_POINT('',(-12.27300445395,-5.890959847106,
    11.621600199429));
#4867 = CARTESIAN_POINT('',(-8.951114070238,-10.76610987228,
    11.973843467369));
#4868 = CARTESIAN_POINT('',(-3.572272950744,-13.53812285417,
    12.326402971866));
#4869 = CARTESIAN_POINT('',(2.325916078127,-13.41320347315,
    12.678698755888));
#4870 = CARTESIAN_POINT('',(7.213788697988,-10.76328032924,
    13.031140284091));
#4871 = CARTESIAN_POINT('',(10.180690780402,-6.586387699925,
    13.383534162145));
#4872 = CARTESIAN_POINT('',(11.854803188197,2.547669342641,
    14.088334943741));
#4873 = CARTESIAN_POINT('',(10.562103201018,7.505272975809,
    14.440730325818));
#4874 = CARTESIAN_POINT('',(6.931689317909,11.716439916071,
    14.793166525764));
#4875 = CARTESIAN_POINT('',(1.461357269203,13.925047754366,
    15.145473427164));
#4876 = CARTESIAN_POINT('',(-4.55122776222,13.240782664089,
    15.498015975079));
#4877 = CARTESIAN_POINT('',(-9.385867067895,9.860728955732,
    15.850279754622));
#4878 = CARTESIAN_POINT('',(-11.97780778656,4.941470044645,
    16.202766966276));
#4879 = CARTESIAN_POINT('',(-12.12413796049,-0.179687800652,
    16.555134431837));
#4880 = CARTESIAN_POINT('',(-10.28281625032,-4.442095962297,
    16.907539184576));
#4881 = CARTESIAN_POINT('',(-8.441509439433,-8.704509387692,
    17.259953663963));
#4882 = CARTESIAN_POINT('',(-4.612354429548,-12.10829153791,
    17.612305452508));
#4883 = CARTESIAN_POINT('',(0.745861759728,-13.59315035165,
    17.964812706022));
#4884 = CARTESIAN_POINT('',(6.521145499878,-12.3897629618,
    18.317055973956));
#4885 = CARTESIAN_POINT('',(11.140544939464,-8.481165185363,
    18.669615478457));
#4886 = CARTESIAN_POINT('',(13.28227370243,-2.984144485191,
    19.021911262477));
#4887 = CARTESIAN_POINT('',(12.704571818172,2.545742670026,
    19.374352790682));
#4888 = CARTESIAN_POINT('',(9.981010480837,6.885230386947,
    19.726746668733));
#4889 = CARTESIAN_POINT('',(2.182897212799,11.927360876094,
    20.431547450333));
#4890 = CARTESIAN_POINT('',(-2.8920261823,12.630254590931,
    20.783942832394));
#4891 = CARTESIAN_POINT('',(-8.171936372088,10.887733328681,
    21.136379032387));
#4892 = CARTESIAN_POINT('',(-12.30582939381,6.679003141267,
    21.488685933693));
#4893 = CARTESIAN_POINT('',(-13.9745675593,0.862241979674,
    21.841228481752));
#4894 = CARTESIAN_POINT('',(-12.7019414831,-4.897872876367,
    22.193492261119));
#4895 = CARTESIAN_POINT('',(-9.149031630748,-9.175032740877,
    22.545979472949));
#4896 = CARTESIAN_POINT('',(-4.473696847918,-11.27000645525,
    22.898346938369));
#4897 = CARTESIAN_POINT('',(0.168898123965,-11.20000000003,
    23.250751691194));
#4898 = CARTESIAN_POINT('',(4.81149225722,-11.13000932404,
    23.603166170508));
#4899 = CARTESIAN_POINT('',(9.421531101124,-8.894902420058,
    23.955517959128));
#4900 = CARTESIAN_POINT('',(12.843862330628,-4.512787019242,
    24.308025212611));
#4901 = CARTESIAN_POINT('',(13.942182755805,1.283395839402,
    24.660268480529));
#4902 = CARTESIAN_POINT('',(12.098876902534,7.046920047021,
    25.012827985061));
#4903 = CARTESIAN_POINT('',(7.839896101951,11.12923816462,25.36512376906
    ));
#4904 = CARTESIAN_POINT('',(2.509869602238,12.711707415011,
    25.717565297274));
#4905 = CARTESIAN_POINT('',(-2.541556081848,11.856114894128,
    26.069959175321));
#4906 = CARTESIAN_POINT('',(-10.1840859924,6.5811374556,26.774759956925)
  );
#4907 = CARTESIAN_POINT('',(-12.77556421291,2.161505381206,
    27.12715533897));
#4908 = CARTESIAN_POINT('',(-13.18621863771,-3.383329594322,
    27.479591539016));
#4909 = CARTESIAN_POINT('',(-10.87983133036,-8.813160060519,
    27.831898440206));
#4910 = CARTESIAN_POINT('',(-6.144443196459,-12.58085122358,
    28.184440988447));
#4911 = CARTESIAN_POINT('',(-0.335778061175,-13.60939856287,
    28.536704767608));
#4912 = CARTESIAN_POINT('',(4.975442132176,-11.96373608735,
    28.889191979603));
#4913 = CARTESIAN_POINT('',(8.700118630139,-8.446001705513,
    29.241559444933));
#4914 = CARTESIAN_POINT('',(10.412085277976,-4.130012922698,
    29.593964197793));
#4915 = CARTESIAN_POINT('',(12.12406618291,0.185969046916,
    29.946378677087));
#4916 = CARTESIAN_POINT('',(11.823282149509,5.300427960564,
    30.298730465725));
#4917 = CARTESIAN_POINT('',(9.084404883157,10.139212699636,30.6512377192
    ));
#4918 = CARTESIAN_POINT('',(4.149739203524,13.372031611495,
    31.003480987116));
#4919 = CARTESIAN_POINT('',(-1.880465457865,13.874644287839,
    31.356040491651));
#4920 = CARTESIAN_POINT('',(-7.281877003053,11.502094606047,
    31.708336275651));
#4921 = CARTESIAN_POINT('',(-10.78360078983,7.183376979576,
    32.060777803861));
#4922 = CARTESIAN_POINT('',(-11.92623329073,2.189047097452,
    32.413171681912));
#4923 = CARTESIAN_POINT('',(-9.977459178949,-6.890376335342,
    33.117972463512));
#4924 = CARTESIAN_POINT('',(-6.885967344488,-10.97590999422,
    33.470367845575));
#4925 = CARTESIAN_POINT('',(-1.92035844432,-13.47722169262,
    33.822804045568));
#4926 = CARTESIAN_POINT('',(3.978766999709,-13.42430382515,
    34.175110946866));
#4927 = CARTESIAN_POINT('',(9.2718143345,-10.49120863633,34.527653494937
    ));
#4928 = CARTESIAN_POINT('',(12.444948081228,-5.518309832515,
    34.879917274312));
#4929 = CARTESIAN_POINT('',(12.957070176007,1.838556118019E-02,
    35.232404486087));
#4930 = CARTESIAN_POINT('',(11.132479366735,4.805716610453,
    35.584771951598));
#4931 = CARTESIAN_POINT('',(7.800166940504,8.039024958075,
    35.937176704346));
#4932 = CARTESIAN_POINT('',(4.467866265055,11.272343870464,
    36.289591183733));
#4933 = CARTESIAN_POINT('',(-0.372382711659,12.951674349944,
    36.641942972279));
#4934 = CARTESIAN_POINT('',(-5.89095984712,12.273004453951,
    36.994450225786));
#4935 = CARTESIAN_POINT('',(-10.76610987227,8.951114070238,
    37.346693493729));
#4936 = CARTESIAN_POINT('',(-13.53812285418,3.572272950744,
    37.699252998223));
#4937 = CARTESIAN_POINT('',(-13.41320347315,-2.325916078127,
    38.051548782249));
#4938 = CARTESIAN_POINT('',(-10.76328032924,-7.213788697989,
    38.403990310448));
#4939 = CARTESIAN_POINT('',(-6.586387699926,-10.1806907804,
    38.756384188504));
#4940 = CARTESIAN_POINT('',(2.547669342642,-11.85480318819,
    39.461184970099));
#4941 = CARTESIAN_POINT('',(7.505272975805,-10.562103201,39.813580352183
    ));
#4942 = CARTESIAN_POINT('',(11.716439916083,-6.931689317941,
    40.166016552104));
#4943 = CARTESIAN_POINT('',(13.92504775434,-1.461357269142,
    40.518323453555));
#4944 = CARTESIAN_POINT('',(13.240782664123,4.551227762135,
    40.870866001392));
#4945 = CARTESIAN_POINT('',(9.860728955702,9.385867067986,
    41.223129781032));
#4946 = CARTESIAN_POINT('',(4.941470044666,11.977807786493,
    41.575616992588));
#4947 = CARTESIAN_POINT('',(-0.179687800663,12.124137960539,
    41.927984458228));
#4948 = CARTESIAN_POINT('',(-4.442095962288,10.282816250302,
    42.280389210919));
#4949 = CARTESIAN_POINT('',(-8.704509399982,8.441509440104,
    42.632803697708));
#4950 = CARTESIAN_POINT('',(-12.1082914874,4.612354426909,
    42.985155448554));
#4951 = CARTESIAN_POINT('',(-13.59315047535,-0.745861753356,
    43.337662806585));
#4952 = CARTESIAN_POINT('',(-12.3897627423,-6.521145511118,
    43.689905868666));
#4953 = CARTESIAN_POINT('',(-8.48116548678,-11.14054492407,
    44.042465685589));
#4954 = CARTESIAN_POINT('',(-2.984144155892,-13.28227371922,
    44.39476109135));
#4955 = CARTESIAN_POINT('',(2.545742381306,-12.70457180345,
    44.747202990184));
#4956 = CARTESIAN_POINT('',(6.885230589019,-9.981010491139,
    45.099596573912));
#4957 = CARTESIAN_POINT('',(11.927360453055,-2.182897191232,
    45.804397730383));
#4958 = CARTESIAN_POINT('',(12.630256874648,2.892026065872,
    46.156791489235));
#4959 = CARTESIAN_POINT('',(10.887727357033,8.171936676526,
    46.509232639866));
#4960 = CARTESIAN_POINT('',(6.679014019384,12.305828839251,
    46.861529436594));
#4961 = CARTESIAN_POINT('',(0.862226848472,13.974568330677,
    47.214087582079));
#4962 = CARTESIAN_POINT('',(-4.897856230716,12.70194063452,
    47.566332305313));
#4963 = CARTESIAN_POINT('',(-9.17504739266,9.1490323777,47.918838285788)
  );
#4964 = CARTESIAN_POINT('',(-11.26999617771,4.473696323948,
    48.27119080141));
#4965 = CARTESIAN_POINT('',(-11.20000562606,-0.168897837129,
    48.623605091418));
#4966 = CARTESIAN_POINT('',(8.734542171342,0.193149020071,
    -2.407352514844));
#4967 = CARTESIAN_POINT('',(8.65450202685,3.813737056696,-2.054966140176
    ));
#4968 = CARTESIAN_POINT('',(6.885898875407,7.397259015035,
    -1.702514712148));
#4969 = CARTESIAN_POINT('',(3.449425917643,10.04209352921,
    -1.350224874056));
#4970 = CARTESIAN_POINT('',(-1.077566460873,10.867486726251,
    -0.997659991537));
#4971 = CARTESIAN_POINT('',(-5.562516098275,9.397719984737,
    -0.645424931368));
#4972 = CARTESIAN_POINT('',(-8.723311067655,6.053789788989,
    -0.292915132373));
#4973 = CARTESIAN_POINT('',(-9.928283934684,1.88786036687,
    5.944332418987E-02));
#4974 = CARTESIAN_POINT('',(-9.233271601435,-2.047306360745,
    0.411851015092));
#4975 = CARTESIAN_POINT('',(-5.077128399592,-7.979194498852,1.1166530459
    ));
#4976 = CARTESIAN_POINT('',(-1.615826515561,-9.976176966526,
    1.469059535695));
#4977 = CARTESIAN_POINT('',(2.711208519509,-10.26612670916,
    1.821421966471));
#4978 = CARTESIAN_POINT('',(6.933341575618,-8.437297946871,2.17392309927
    ));
#4979 = CARTESIAN_POINT('',(9.846408931467,-4.723558298054,2.5261723668)
  );
#4980 = CARTESIAN_POINT('',(10.616302309984,-0.187122611645,
    2.87871927043));
#4981 = CARTESIAN_POINT('',(9.303985711223,3.946153536096,3.231027215433
    ));
#4982 = CARTESIAN_POINT('',(6.539741617804,6.832005291068,3.58346379249)
  );
#4983 = CARTESIAN_POINT('',(3.164118151901,8.143579667925,3.935859991742
    ));
#4984 = CARTESIAN_POINT('',(-0.211499068023,9.455171273667,
    4.288246366421));
#4985 = CARTESIAN_POINT('',(-4.199056784098,9.192549503909,
    4.640697794431));
#4986 = CARTESIAN_POINT('',(-7.957646525377,7.02979682411,4.992987632543
    ));
#4987 = CARTESIAN_POINT('',(-10.45261538804,3.163265523462,
    5.345552515046));
#4988 = CARTESIAN_POINT('',(-10.81104389926,-1.542743032295,
    5.697787575224));
#4989 = CARTESIAN_POINT('',(-8.931239101124,-5.742603495867,
    6.050297374217));
#4990 = CARTESIAN_POINT('',(-5.543545326811,-8.450085435197,
    6.402655830779));
#4991 = CARTESIAN_POINT('',(-1.641955624925,-9.313900875915,
    6.755063521682));
#4992 = CARTESIAN_POINT('',(5.428881560903,-7.744160550645,7.45986555249
    ));
#4993 = CARTESIAN_POINT('',(8.598435674996,-5.310546689246,7.81227204228
    ));
#4994 = CARTESIAN_POINT('',(10.522198926881,-1.423846546606,
    8.164634473075));
#4995 = CARTESIAN_POINT('',(10.448321834703,3.176758235408,
    8.517135605831));
#4996 = CARTESIAN_POINT('',(8.132056398597,7.28926817806,8.869384873429)
  );
#4997 = CARTESIAN_POINT('',(4.235561757936,9.736575691853,9.221931776976
    ));
#4998 = CARTESIAN_POINT('',(-8.528929745958E-02,10.105889549183,
    9.57423972206));
#4999 = CARTESIAN_POINT('',(-3.809299085373,8.656428663354,
    9.926676299056));
#5000 = CARTESIAN_POINT('',(-6.312830981778,6.039677018037,
    10.279072498341));
#5001 = CARTESIAN_POINT('',(-8.81637640545,3.422937736546,
    10.631458872987));
#5002 = CARTESIAN_POINT('',(-10.09971780107,-0.361586222396,
    10.983910301053));
#5003 = CARTESIAN_POINT('',(-9.53994488938,-4.661719974203,
    11.336200139102));
#5004 = CARTESIAN_POINT('',(-6.922519006936,-8.446428110285,
    11.688765021658));
#5005 = CARTESIAN_POINT('',(-2.711898675336,-10.57848438243,
    12.041000081801));
#5006 = CARTESIAN_POINT('',(1.887636598657,-10.44898822201,
    12.393509880811));
#5007 = CARTESIAN_POINT('',(5.685438028417,-8.355275763106,
    12.745868337368));
#5008 = CARTESIAN_POINT('',(7.97657317276,-5.081244751063,
    13.098276028271));
#5009 = CARTESIAN_POINT('',(9.232214458852,2.052070618239,13.80307805908
    ));
#5010 = CARTESIAN_POINT('',(8.196784269717,5.911660496971,
    14.155484548869));
#5011 = CARTESIAN_POINT('',(5.342133883218,9.176361741928,
    14.507846979663));
#5012 = CARTESIAN_POINT('',(1.063457748721,10.868683437526,
    14.860348112426));
#5013 = CARTESIAN_POINT('',(-3.622402421888,10.302522629654,
    15.212597380008));
#5014 = CARTESIAN_POINT('',(-7.374543686925,7.639175022125,
    15.565144283581));
#5015 = CARTESIAN_POINT('',(-9.36926331342,3.788559463498,
    15.917452228633));
#5016 = CARTESIAN_POINT('',(-9.455252915597,-0.206661625269,
    16.269888805656));
#5017 = CARTESIAN_POINT('',(-7.995749807995,-3.521011004632,
    16.622285004928));
#5018 = CARTESIAN_POINT('',(-6.536263299704,-6.835368150113,
    16.974671379584));
#5019 = CARTESIAN_POINT('',(-3.530932563942,-9.46929561723,
    17.327122807633));
#5020 = CARTESIAN_POINT('',(0.656088815639,-10.59772282505,
    17.679412645699));
#5021 = CARTESIAN_POINT('',(5.154348719726,-9.627881724379,
    18.031977528243));
#5022 = CARTESIAN_POINT('',(8.735446512614,-6.553678393091,
    18.384212588392));
#5023 = CARTESIAN_POINT('',(10.375973606406,-2.254705859216,
    18.736722387401));
#5024 = CARTESIAN_POINT('',(9.894991205235,2.055234220429,
    19.089080843956));
#5025 = CARTESIAN_POINT('',(7.746960425451,5.42488451187,19.441488534862
    ));
#5026 = CARTESIAN_POINT('',(1.637149473986,9.314747405927,
    20.146290565667));
#5027 = CARTESIAN_POINT('',(-2.324888597617,9.835135749182,
    20.498697055472));
#5028 = CARTESIAN_POINT('',(-6.4335066657,8.447129762615,20.851059486217
    ));
#5029 = CARTESIAN_POINT('',(-9.634386511823,5.141771930983,
    21.20356061908));
#5030 = CARTESIAN_POINT('',(-10.90452318298,0.595941265707,
    21.555809886508));
#5031 = CARTESIAN_POINT('',(-9.879793138453,-3.889804255903,
    21.908356790268));
#5032 = CARTESIAN_POINT('',(-7.085634389538,-7.206251670913,
    22.260664735138));
#5033 = CARTESIAN_POINT('',(-3.427438193882,-8.814600623429,
    22.613101312301));
#5034 = CARTESIAN_POINT('',(0.193149020075,-8.734542171383,
    22.965497511494));
#5035 = CARTESIAN_POINT('',(3.813737056697,-8.654502026764,
    23.317883886234));
#5036 = CARTESIAN_POINT('',(7.397259014983,-6.88589887551,
    23.670335314143));
#5037 = CARTESIAN_POINT('',(10.042093529324,-3.449425917558,
    24.022625152362));
#5038 = CARTESIAN_POINT('',(10.867486726122,1.077566460823,
    24.37519003478));
#5039 = CARTESIAN_POINT('',(9.397719984826,5.562516098294,24.72742509501
    ));
#5040 = CARTESIAN_POINT('',(6.05378978895,8.723311067651,25.079934893981
    ));
#5041 = CARTESIAN_POINT('',(1.887860366881,9.928283934684,
    25.432293350547));
#5042 = CARTESIAN_POINT('',(-2.047306360748,9.233271601436,
    25.784701041453));
#5043 = CARTESIAN_POINT('',(-7.979194498845,5.07712839959,
    26.489503072254));
#5044 = CARTESIAN_POINT('',(-9.976176966563,1.615826515583,
    26.841909562074));
#5045 = CARTESIAN_POINT('',(-10.26612670906,-2.711208519584,
    27.194271992781));
#5046 = CARTESIAN_POINT('',(-8.437297947029,-6.933341575465,
    27.546773125709));
#5047 = CARTESIAN_POINT('',(-4.723558297852,-9.846408931672,
    27.899022393054));
#5048 = CARTESIAN_POINT('',(-0.187122611846,-10.61630230979,
    28.251569296892));
#5049 = CARTESIAN_POINT('',(3.946153536256,-9.303985711337,
    28.603877241709));
#5050 = CARTESIAN_POINT('',(6.832005290966,-6.53974161776,
    28.956313818901));
#5051 = CARTESIAN_POINT('',(8.143579667978,-3.164118151916,
    29.308710018071));
#5052 = CARTESIAN_POINT('',(9.455171273574,0.211499068064,
    29.661096392842));
#5053 = CARTESIAN_POINT('',(9.192549503997,4.199056784001,
    30.013547820712));
#5054 = CARTESIAN_POINT('',(7.029796824065,7.957646525523,
    30.365837658971));
#5055 = CARTESIAN_POINT('',(3.163265523464,10.452615387899,
    30.718402541356));
#5056 = CARTESIAN_POINT('',(-1.542743032279,10.811043899352,
    31.070637601609));
#5057 = CARTESIAN_POINT('',(-5.74260349588,8.931239101089,
    31.423147400566));
#5058 = CARTESIAN_POINT('',(-8.450085435193,5.543545326819,
    31.775505857139));
#5059 = CARTESIAN_POINT('',(-9.313900875916,1.641955624923,
    32.127913548041));
#5060 = CARTESIAN_POINT('',(-7.744160550643,-5.4288815609,
    32.832715578847));
#5061 = CARTESIAN_POINT('',(-5.310546689262,-8.598435675006,
    33.185122068647));
#5062 = CARTESIAN_POINT('',(-1.423846546564,-10.52219892686,
    33.537484499415));
#5063 = CARTESIAN_POINT('',(3.176758235331,-10.4483218347,
    33.889985632216));
#5064 = CARTESIAN_POINT('',(7.289268178161,-8.132056398613,
    34.24223489976));
#5065 = CARTESIAN_POINT('',(9.736575691764,-4.23556175792,
    34.594781803353));
#5066 = CARTESIAN_POINT('',(10.105889549231,8.528929745821E-02,
    34.947089748411));
#5067 = CARTESIAN_POINT('',(8.656428663339,3.809299085362,
    35.299526325418));
#5068 = CARTESIAN_POINT('',(6.039677018044,6.312830981789,
    35.651922524691));
#5069 = CARTESIAN_POINT('',(3.422937736534,8.816376405442,
    36.004308899355));
#5070 = CARTESIAN_POINT('',(-0.36158622238,10.099717801079,
    36.356760327401));
#5071 = CARTESIAN_POINT('',(-4.661719974217,9.539944889382,
    36.70905016547));
#5072 = CARTESIAN_POINT('',(-8.446428110278,6.922519006931,
    37.061615048008));
#5073 = CARTESIAN_POINT('',(-10.57848438243,2.71189867534,
    37.413850108165));
#5074 = CARTESIAN_POINT('',(-10.44898822201,-1.887636598659,
    37.766359907166));
#5075 = CARTESIAN_POINT('',(-8.355275763106,-5.685438028418,
    38.118718363728));
#5076 = CARTESIAN_POINT('',(-5.081244751064,-7.976573172759,
    38.471126054629));
#5077 = CARTESIAN_POINT('',(2.05207061824,-9.232214458854,39.17592808544
    ));
#5078 = CARTESIAN_POINT('',(5.911660496964,-8.196784269705,
    39.52833457522));
#5079 = CARTESIAN_POINT('',(9.176361741948,-5.342133883252,
    39.880697006043));
#5080 = CARTESIAN_POINT('',(10.868683437488,-1.063457748657,
    40.233198138747));
#5081 = CARTESIAN_POINT('',(10.302522629705,3.622402421801,
    40.585447406419));
#5082 = CARTESIAN_POINT('',(7.639175022078,7.374543687019,
    40.937994309882));
#5083 = CARTESIAN_POINT('',(3.788559463532,9.369263313339,
    41.290302255041));
#5084 = CARTESIAN_POINT('',(-0.206661625289,9.455252915648,
    41.642738831984));
#5085 = CARTESIAN_POINT('',(-3.521011004619,7.995749807972,41.9951350313
    ));
#5086 = CARTESIAN_POINT('',(-6.835368164174,6.536263299094,
    42.347521398146));
#5087 = CARTESIAN_POINT('',(-9.469295559457,3.530932566584,
    42.699972865983));
#5088 = CARTESIAN_POINT('',(-10.59772296652,-0.656088822214,
    43.052262593765));
#5089 = CARTESIAN_POINT('',(-9.627881473364,-5.154348707982,
    43.404827693469));
#5090 = CARTESIAN_POINT('',(-6.553678737792,-8.735446528792,
    43.757062424095));
#5091 = CARTESIAN_POINT('',(-2.254705482633,-10.3759735887,
    44.109572622024));
#5092 = CARTESIAN_POINT('',(2.055233890253,-9.894991220757,
    44.461930687726));
#5093 = CARTESIAN_POINT('',(5.424884742956,-7.746960414586,
    44.81433868901));
#5094 = CARTESIAN_POINT('',(9.314746922146,-1.63714949673,
    45.519140324497));
#5095 = CARTESIAN_POINT('',(9.835138360806,2.3248887204,45.871548526049)
  );
#5096 = CARTESIAN_POINT('',(8.447122933532,6.433506344628,
    46.223905736119));
#5097 = CARTESIAN_POINT('',(5.141784371026,9.63438709671,46.576417524735
    ));
#5098 = CARTESIAN_POINT('',(0.595923961906,10.904522369411,
    46.928650343931));
#5099 = CARTESIAN_POINT('',(-3.8897852202,9.879794033449,47.281217343301
    ));
#5100 = CARTESIAN_POINT('',(-7.206268426464,7.08563360177,
    47.633505495736));
#5101 = CARTESIAN_POINT('',(-8.814588870187,3.427438746443,
    47.985957838163));
#5102 = CARTESIAN_POINT('',(-8.734548605229,-0.193149322543,
    48.338343979959));
#5103 = CARTESIAN_POINT('',(6.70105969479,0.,-0.135413159282));
#5104 = CARTESIAN_POINT('',(6.701059696379,2.777647211955,0.21694991072)
  );
#5105 = CARTESIAN_POINT('',(5.4056648315,5.555710691095,0.569484003004)
  );
#5106 = CARTESIAN_POINT('',(2.815356464486,7.641668209704,0.921593649706
    ));
#5107 = CARTESIAN_POINT('',(-0.642040682848,8.35194218859,1.274424845048
    ));
#5108 = CARTESIAN_POINT('',(-4.106043332383,7.300419482866,
    1.626391251947));
#5109 = CARTESIAN_POINT('',(-6.586530971041,4.79014544585,1.979078446159
    ));
#5110 = CARTESIAN_POINT('',(-7.581147124843,1.615975897344,
    2.331367913904));
#5111 = CARTESIAN_POINT('',(-7.114931893915,-1.413338501092,
    2.683787108017));
#5112 = CARTESIAN_POINT('',(-4.028520307245,-6.032479191721,
    3.38859016916));
#5113 = CARTESIAN_POINT('',(-1.408211745189,-7.622473948311,
    3.741005709997));
#5114 = CARTESIAN_POINT('',(1.904962760873,-7.91827050506,4.093307768771
    ));
#5115 = CARTESIAN_POINT('',(5.173392749514,-6.587237829994,
    4.445968224095));
#5116 = CARTESIAN_POINT('',(7.470492517868,-3.789318051038,
    4.797976651405));
#5117 = CARTESIAN_POINT('',(8.137369010885,-0.32328777248,5.150756024937
    ));
#5118 = CARTESIAN_POINT('',(7.201467327775,2.868104729724,5.50291698171)
  );
#5119 = CARTESIAN_POINT('',(5.130593998493,5.128013483854,5.855410078729
    ));
#5120 = CARTESIAN_POINT('',(2.564384524485,6.190971898153,6.207799347298
    ));
#5121 = CARTESIAN_POINT('',(-1.82688257145E-03,7.253931468591,
    6.56016241733));
#5122 = CARTESIAN_POINT('',(-3.064149024114,7.120261533933,
    6.912696509569));
#5123 = CARTESIAN_POINT('',(-5.982590578041,5.525390033749,
    7.264806156316));
#5124 = CARTESIAN_POINT('',(-7.961886776971,2.602981657718,
    7.617637351622));
#5125 = CARTESIAN_POINT('',(-8.316022894853,-0.999739808984,
    7.969603758547));
#5126 = CARTESIAN_POINT('',(-6.946073614546,-4.25205185365,
    8.322290952742));
#5127 = CARTESIAN_POINT('',(-4.394146459588,-6.385659458585,
    8.674580420496));
#5128 = CARTESIAN_POINT('',(-1.417012044538,-7.114201180691,
    9.026999614606));
#5129 = CARTESIAN_POINT('',(4.031636077003,-6.030397300929,
    9.731802675752));
#5130 = CARTESIAN_POINT('',(6.503348363801,-4.218012502478,
    10.084218216574));
#5131 = CARTESIAN_POINT('',(8.044525740364,-1.270234830287,
    10.436520275396));
#5132 = CARTESIAN_POINT('',(8.06558590129,2.258764892293,10.789180730618
    ));
#5133 = CARTESIAN_POINT('',(6.359707107701,5.451725896988,
    11.141189158088));
#5134 = CARTESIAN_POINT('',(3.412715259631,7.394231803202,
    11.493968531423));
#5135 = CARTESIAN_POINT('',(0.10609897816,7.750864430547,11.846129488392
    ));
#5136 = CARTESIAN_POINT('',(-2.77427337876,6.702456586047,
    12.198622585257));
#5137 = CARTESIAN_POINT('',(-4.738364751321,4.738364751322,
    12.551011853914));
#5138 = CARTESIAN_POINT('',(-6.702457931764,2.77427157313,12.90337492386
    ));
#5139 = CARTESIAN_POINT('',(-7.750862963158,-0.106098444815,
    13.255909016228));
#5140 = CARTESIAN_POINT('',(-7.394233058155,-3.412717763157,
    13.60801866285));
#5141 = CARTESIAN_POINT('',(-5.451723636992,-6.359706278273,
    13.960849858248));
#5142 = CARTESIAN_POINT('',(-2.258765037664,-8.065587206015,
    14.312816265117));
#5143 = CARTESIAN_POINT('',(1.270236386485,-8.044525041748,
    14.66550345934));
#5144 = CARTESIAN_POINT('',(4.218013025905,-6.503348056396,
    15.017792927084));
#5145 = CARTESIAN_POINT('',(6.030397828102,-4.031635351633,
    15.370212121195));
#5146 = CARTESIAN_POINT('',(7.114200971233,1.417012916433,
    16.075015182342));
#5147 = CARTESIAN_POINT('',(6.385659092642,4.394146943899,
    16.427430723163));
#5148 = CARTESIAN_POINT('',(4.252050683258,6.946074855516,
    16.779732781984));
#5149 = CARTESIAN_POINT('',(0.999739443993,8.316021633809,
    17.132393237214));
#5150 = CARTESIAN_POINT('',(-2.602983428272,7.961888408135,
    17.484401664663));
#5151 = CARTESIAN_POINT('',(-5.525389832386,5.98258778482,
    17.837181038038));
#5152 = CARTESIAN_POINT('',(-7.120262685517,3.064150078419,
    18.18934199495));
#5153 = CARTESIAN_POINT('',(-7.253930916298,1.824699398522E-03,
    18.541835091872));
#5154 = CARTESIAN_POINT('',(-6.190971898153,-2.564384524486,
    18.894224360497));
#5155 = CARTESIAN_POINT('',(-5.128012330652,-5.130595932756,
    19.246587430468));
#5156 = CARTESIAN_POINT('',(-2.868104660942,-7.201465767989,
    19.599121522801));
#5157 = CARTESIAN_POINT('',(0.323289605223,-8.137371128352,
    19.951231169448));
#5158 = CARTESIAN_POINT('',(3.789318149565,-7.470490112521,
    20.304062364836));
#5159 = CARTESIAN_POINT('',(6.587238979804,-5.173393383094,
    20.656028771705));
#5160 = CARTESIAN_POINT('',(7.91827045514,-1.904961055795,
    21.008715965933));
#5161 = CARTESIAN_POINT('',(7.622473864615,1.408212346412,
    21.361005433669));
#5162 = CARTESIAN_POINT('',(6.032478723308,4.028521071877,
    21.713424627788));
#5163 = CARTESIAN_POINT('',(1.413337615411,7.114932034061,
    22.418227688925));
#5164 = CARTESIAN_POINT('',(-1.615976484832,7.581146972091,
    22.770643229788));
#5165 = CARTESIAN_POINT('',(-4.790147040239,6.586530364651,
    23.122945288481));
#5166 = CARTESIAN_POINT('',(-7.300418457504,4.106042512566,
    23.47560574397));
#5167 = CARTESIAN_POINT('',(-8.351944373129,0.642039671326,
    23.827614171021));
#5168 = CARTESIAN_POINT('',(-7.641665552072,-2.815357347395,
    24.180393544882));
#5169 = CARTESIAN_POINT('',(-5.555712105812,-5.405665491952,
    24.532554501316));
#5170 = CARTESIAN_POINT('',(-2.77764498363,-6.701060021588,
    24.88504759861));
#5171 = CARTESIAN_POINT('',(5.41167E-12,-6.701059694789,25.237436867019)
  );
#5172 = CARTESIAN_POINT('',(2.777647211949,-6.701059696376,
    25.589799937207));
#5173 = CARTESIAN_POINT('',(5.555710691094,-5.405664831512,
    25.942334029217));
#5174 = CARTESIAN_POINT('',(7.641668209715,-2.815356464467,
    26.294443676176));
#5175 = CARTESIAN_POINT('',(8.351942188574,0.64204068283,26.647274871341
    ));
#5176 = CARTESIAN_POINT('',(7.300419482879,4.106043332396,
    26.999241278336));
#5177 = CARTESIAN_POINT('',(4.790145445845,6.586530971035,27.35192847251
    ));
#5178 = CARTESIAN_POINT('',(1.615975897345,7.581147124845,
    27.704217940258));
#5179 = CARTESIAN_POINT('',(-1.413338501093,7.114931893915,
    28.056637134381));
#5180 = CARTESIAN_POINT('',(-6.032479191721,4.028520307246,
    28.761440195508));
#5181 = CARTESIAN_POINT('',(-7.622473948316,1.408211745186,
    29.113855736411));
#5182 = CARTESIAN_POINT('',(-7.918270505043,-1.904962760874,
    29.466157794991));
#5183 = CARTESIAN_POINT('',(-6.587237830032,-5.173392749508,
    29.818818250696));
#5184 = CARTESIAN_POINT('',(-3.789318050988,-7.470492517873,
    30.170826677443));
#5185 = CARTESIAN_POINT('',(-0.323287772523,-8.137369010888,
    30.523606051621));
#5186 = CARTESIAN_POINT('',(2.868104729747,-7.201467327765,
    30.875767007816));
#5187 = CARTESIAN_POINT('',(5.128013483846,-5.130593998502,
    31.22826010524));
#5188 = CARTESIAN_POINT('',(6.190971898155,-2.56438452448,
    31.580649373577));
#5189 = CARTESIAN_POINT('',(7.253931468585,1.826882565105E-03,
    31.933012443839));
#5190 = CARTESIAN_POINT('',(7.120261533948,3.064149024116,
    32.285546535762));
#5191 = CARTESIAN_POINT('',(5.52539003373,5.982590578045,32.637656182802
    ));
#5192 = CARTESIAN_POINT('',(2.602981657734,7.961886776965,
    32.990487377906));
#5193 = CARTESIAN_POINT('',(-0.999739808992,8.316022894857,
    33.342453784941));
#5194 = CARTESIAN_POINT('',(-4.252051853648,6.946073614544,
    33.69514097909));
#5195 = CARTESIAN_POINT('',(-6.385659458585,4.394146459589,
    34.047430446853));
#5196 = CARTESIAN_POINT('',(-7.114201180692,1.417012044538,
    34.399849640967));
#5197 = CARTESIAN_POINT('',(-6.030397300929,-4.031636077003,
    35.104652702106));
#5198 = CARTESIAN_POINT('',(-4.218012502476,-6.503348363802,
    35.457068242958));
#5199 = CARTESIAN_POINT('',(-1.270234830295,-8.044525740363,
    35.809370301693));
#5200 = CARTESIAN_POINT('',(2.258764892308,-8.065585901292,
    36.162030757077));
#5201 = CARTESIAN_POINT('',(5.451725896972,-6.359707107698,
    36.514039184326));
#5202 = CARTESIAN_POINT('',(7.39423180321,-3.412715259635,
    36.866818557881));
#5203 = CARTESIAN_POINT('',(7.750864430545,-0.106098978157,
    37.218979514698));
#5204 = CARTESIAN_POINT('',(6.702456586045,2.774273378758,
    37.571472611635));
#5205 = CARTESIAN_POINT('',(4.738364751322,4.738364751322,
    37.923861880253));
#5206 = CARTESIAN_POINT('',(2.774271573128,6.702457931764,38.27622495024
    ));
#5207 = CARTESIAN_POINT('',(-0.106098444812,7.750862963158,
    38.628759042567));
#5208 = CARTESIAN_POINT('',(-3.412717763155,7.394233058156,
    38.980868689224));
#5209 = CARTESIAN_POINT('',(-6.35970627828,5.45172363699,39.333699884597
    ));
#5210 = CARTESIAN_POINT('',(-8.065587206008,2.258765037667,
    39.685666291482));
#5211 = CARTESIAN_POINT('',(-8.044525041751,-1.270236386487,
    40.038353485695));
#5212 = CARTESIAN_POINT('',(-6.503348056395,-4.218013025904,
    40.390642953445));
#5213 = CARTESIAN_POINT('',(-4.031635351633,-6.030397828102,
    40.743062147552));
#5214 = CARTESIAN_POINT('',(1.417012916433,-7.114200971233,
    41.447865208704));
#5215 = CARTESIAN_POINT('',(4.394146943897,-6.385659092642,
    41.800280749503));
#5216 = CARTESIAN_POINT('',(6.946074855523,-4.25205068326,
    42.152582808391));
#5217 = CARTESIAN_POINT('',(8.316021633795,-0.99973944399,
    42.505243263483));
#5218 = CARTESIAN_POINT('',(7.961888408153,2.60298342827,42.857251691148
    ));
#5219 = CARTESIAN_POINT('',(5.982587784806,5.525389832386,
    43.210031064256));
#5220 = CARTESIAN_POINT('',(3.064150078426,7.120262685519,
    43.562192021432));
#5221 = CARTESIAN_POINT('',(1.824699396136E-03,7.253930916294,
    43.914685118148));
#5222 = CARTESIAN_POINT('',(-2.564384524483,6.190971898154,
    44.267074386891));
#5223 = CARTESIAN_POINT('',(-5.130595932763,5.12801232893,
    44.619437436506));
#5224 = CARTESIAN_POINT('',(-7.201465767977,2.868104668021,
    44.971971632541));
#5225 = CARTESIAN_POINT('',(-8.137371128365,-0.323289622561,
    45.324080991731));
#5226 = CARTESIAN_POINT('',(-7.470490112511,-3.7893181188,
    45.676912753187));
#5227 = CARTESIAN_POINT('',(-5.173393383099,-6.587239022053,
    46.028878301051));
#5228 = CARTESIAN_POINT('',(-1.904961055793,-7.918270408985,
    46.381566535219));
#5229 = CARTESIAN_POINT('',(1.408212346411,-7.622473905082,
    46.733854984032));
#5230 = CARTESIAN_POINT('',(4.028521071877,-6.032478694986,
    47.086274987284));
#5231 = CARTESIAN_POINT('',(7.11493203406,-1.413337674703,
    47.791077017857));
#5232 = CARTESIAN_POINT('',(7.581146972097,1.61597680491,48.143497021109
    ));
#5233 = CARTESIAN_POINT('',(6.586530364632,4.790146203276,
    48.495785469921));
#5234 = CARTESIAN_POINT('',(4.106042512604,7.30041998214,48.848473704091
    ));
#5235 = CARTESIAN_POINT('',(0.642039671274,8.351942252393,
    49.200439251953));
#5236 = CARTESIAN_POINT('',(-2.815357347345,7.641667885071,
    49.553271013409));
#5237 = CARTESIAN_POINT('',(-5.405665491988,5.555710052265,
    49.905380372597));
#5238 = CARTESIAN_POINT('',(-6.701060021566,2.777646424097,
    50.257914568644));
#5239 = CARTESIAN_POINT('',(-6.701059694803,-7.8853191976E-07,
    50.610277618236));
#5240 = CARTESIAN_POINT('',(8.734542171342,-0.193149020071,2.13652619628
    ));
#5241 = CARTESIAN_POINT('',(8.814582317052,3.427436394607,2.488912345838
    ));
#5242 = CARTESIAN_POINT('',(7.206262960711,7.085628459915,2.841364648703
    ));
#5243 = CARTESIAN_POINT('',(3.889782232969,9.879786950551,3.193652910893
    ));
#5244 = CARTESIAN_POINT('',(-0.595923830033,10.904514095444,
    3.546219693906));
#5245 = CARTESIAN_POINT('',(-5.141780610922,9.634380213474,
    3.898452841807));
#5246 = CARTESIAN_POINT('',(-8.447116986535,6.433501107372,
    4.250964232043));
#5247 = CARTESIAN_POINT('',(-9.83513101418,2.32488712571,4.603321832759)
  );
#5248 = CARTESIAN_POINT('',(-9.314740125614,-1.637148670241,
    4.955729723965));
#5249 = CARTESIAN_POINT('',(-5.42488039663,-7.746954366258,
    5.660531754776));
#5250 = CARTESIAN_POINT('',(-2.055233307036,-9.894986331616,
    6.012938044333));
#5251 = CARTESIAN_POINT('',(2.254706921294,-10.37595971402,
    6.365301330545));
#5252 = CARTESIAN_POINT('',(6.55366876646,-8.735451239523,6.71780087317)
  );
#5253 = CARTESIAN_POINT('',(9.627881846253,-5.154329057895,
    7.070052051356));
#5254 = CARTESIAN_POINT('',(10.597707055875,-0.65610538825,
    7.422597056069));
#5255 = CARTESIAN_POINT('',(9.469295656067,3.53094531642,7.77490657594)
  );
#5256 = CARTESIAN_POINT('',(6.835357998272,6.536247960009,8.1273422786)
  );
#5257 = CARTESIAN_POINT('',(3.521011004632,7.995749807995,8.479738702866
    ));
#5258 = CARTESIAN_POINT('',(0.206656281997,9.455235314074,8.832124852436
    ));
#5259 = CARTESIAN_POINT('',(-3.788549664772,9.369271474787,
    9.184577155281));
#5260 = CARTESIAN_POINT('',(-7.639177733111,7.374520972247,
    9.536865417494));
#5261 = CARTESIAN_POINT('',(-10.30250756147,3.622415052813,
    9.889432200488));
#5262 = CARTESIAN_POINT('',(-10.86868094031,-1.063468178294,
    10.241665348401));
#5263 = CARTESIAN_POINT('',(-9.176351717486,-5.342124206692,
    10.594176738631));
#5264 = CARTESIAN_POINT('',(-5.91165732511,-8.196780458441,
    10.946534339349));
#5265 = CARTESIAN_POINT('',(-2.052068574745,-9.232207425136,
    11.298942230554));
#5266 = CARTESIAN_POINT('',(5.081240727932,-7.976567052023,
    12.003744261366));
#5267 = CARTESIAN_POINT('',(8.355271610018,-5.685435319504,
    12.356150550917));
#5268 = CARTESIAN_POINT('',(10.448975793541,-1.887630301013,
    12.70851383715));
#5269 = CARTESIAN_POINT('',(10.578485065624,2.711887972521,
    13.061013379731));
#5270 = CARTESIAN_POINT('',(8.446409991682,6.92252664387,13.413264557986
    ));
#5271 = CARTESIAN_POINT('',(4.661729250784,9.539923978419,
    13.765809562615));
#5272 = CARTESIAN_POINT('',(0.361574455436,10.099722717179,
    14.118119082567));
#5273 = CARTESIAN_POINT('',(-3.422927449419,8.816361156085,
    14.470554785166));
#5274 = CARTESIAN_POINT('',(-6.039677018053,6.312830981796,
    14.822951209465));
#5275 = CARTESIAN_POINT('',(-8.65641444641,3.809287412986,
    15.175337359001));
#5276 = CARTESIAN_POINT('',(-10.10589333951,8.530147358506E-02,
    15.527789661905));
#5277 = CARTESIAN_POINT('',(-9.736555743694,-4.235572955177,
    15.880077924051));
#5278 = CARTESIAN_POINT('',(-7.289274081128,-8.132037643687,
    16.232644707101));
#5279 = CARTESIAN_POINT('',(-3.176747644134,-10.44832351885,
    16.584877854978));
#5280 = CARTESIAN_POINT('',(1.423841442867,-10.52218596243,
    16.937389245225));
#5281 = CARTESIAN_POINT('',(5.310544381901,-8.59843128607,
    17.289746845938));
#5282 = CARTESIAN_POINT('',(7.74415483435,-5.428876981274,
    17.642154737144));
#5283 = CARTESIAN_POINT('',(9.313893681505,1.641954250341,
    18.346956767956));
#5284 = CARTESIAN_POINT('',(8.450081343173,5.543542526511,
    18.699363057507));
#5285 = CARTESIAN_POINT('',(5.742592921422,8.931230028734,
    19.051726343737));
#5286 = CARTESIAN_POINT('',(1.542753181863,10.81104043461,
    19.404225886327));
#5287 = CARTESIAN_POINT('',(-3.163279512754,10.452601571248,
    19.756477064563));
#5288 = CARTESIAN_POINT('',(-7.029773954938,7.957647093449,
    20.10902206922));
#5289 = CARTESIAN_POINT('',(-9.192558548762,4.199047794218,
    20.461331589141));
#5290 = CARTESIAN_POINT('',(-9.455153248431,0.211502736384,
    20.813767291766));
#5291 = CARTESIAN_POINT('',(-8.143579667924,-3.164118151903,
    21.166163716053));
#5292 = CARTESIAN_POINT('',(-6.831989066647,-6.539732949912,
    21.518549865598));
#5293 = CARTESIAN_POINT('',(-3.94616623581,-9.303984553423,
    21.871002168486));
#5294 = CARTESIAN_POINT('',(0.187140590329,-10.61628816526,
    22.223290430647));
#5295 = CARTESIAN_POINT('',(4.723538711801,-9.84640720804,
    22.575857213688));
#5296 = CARTESIAN_POINT('',(8.43730355591,-6.933332435017,
    22.928090361568));
#5297 = CARTESIAN_POINT('',(10.266112778476,-2.711208273488,
    23.280601751817));
#5298 = CARTESIAN_POINT('',(9.976172028697,1.615826063425,
    23.632959352525));
#5299 = CARTESIAN_POINT('',(7.979188080297,5.077124870971,
    23.985367243735));
#5300 = CARTESIAN_POINT('',(2.047304877513,9.23326442864,24.690169274543
    ));
#5301 = CARTESIAN_POINT('',(-1.887859345681,9.928279082493,
    25.04257556411));
#5302 = CARTESIAN_POINT('',(-6.053785453851,8.723297826363,
    25.394938850292));
#5303 = CARTESIAN_POINT('',(-9.397712899762,5.562524149246,
    25.74743839298));
#5304 = CARTESIAN_POINT('',(-10.86747931464,1.077548249186,
    26.099689571065));
#5305 = CARTESIAN_POINT('',(-10.04208530241,-3.449404572083,
    26.452234575907));
#5306 = CARTESIAN_POINT('',(-7.397254170761,-6.885910671891,
    26.804544095646));
#5307 = CARTESIAN_POINT('',(-3.813733547871,-8.654483969971,
    27.156979798411));
#5308 = CARTESIAN_POINT('',(-0.19314902007,-8.7345421713,27.509376222618
    ));
#5309 = CARTESIAN_POINT('',(3.427436394602,-8.814582317136,
    27.861762372251));
#5310 = CARTESIAN_POINT('',(7.085628459962,-7.206262960619,
    28.21421467499));
#5311 = CARTESIAN_POINT('',(9.879786950453,-3.889782233036,
    28.566502937316));
#5312 = CARTESIAN_POINT('',(10.904514095552,0.595923830064,
    28.91906972022));
#5313 = CARTESIAN_POINT('',(9.634380213401,5.141780610919,
    29.271302868188));
#5314 = CARTESIAN_POINT('',(6.433501107404,8.447116986529,
    29.623814258396));
#5315 = CARTESIAN_POINT('',(2.3248871257,9.835131014184,29.976171859116)
  );
#5316 = CARTESIAN_POINT('',(-1.637148670237,9.314740125612,
    30.328579750326));
#5317 = CARTESIAN_POINT('',(-7.746954366265,5.424880396633,
    31.03338178113));
#5318 = CARTESIAN_POINT('',(-9.894986331583,2.055233307017,
    31.385788070711));
#5319 = CARTESIAN_POINT('',(-10.37595971409,-2.254706921244,
    31.738151356855));
#5320 = CARTESIAN_POINT('',(-8.735451239399,-6.553668766558,
    32.09065089961));
#5321 = CARTESIAN_POINT('',(-5.15432905805,-9.627881846114,
    32.442902077608));
#5322 = CARTESIAN_POINT('',(-0.65610538809,-10.59770705601,
    32.795447082535));
#5323 = CARTESIAN_POINT('',(3.53094531628,-9.469295655964,
    33.147756602213));
#5324 = CARTESIAN_POINT('',(6.536247960106,-6.835357998321,
    33.500192305013));
#5325 = CARTESIAN_POINT('',(7.995749807942,-3.521011004613,
    33.852588729195));
#5326 = CARTESIAN_POINT('',(9.455235314161,-0.206656282041,
    34.20497487886));
#5327 = CARTESIAN_POINT('',(9.369271474715,3.788549664868,
    34.557427181557));
#5328 = CARTESIAN_POINT('',(7.374520972269,7.63917773297,34.909715443927
    ));
#5329 = CARTESIAN_POINT('',(3.622415052831,10.302507561612,
    35.262282226793));
#5330 = CARTESIAN_POINT('',(-1.063468178321,10.868680940227,
    35.614515374788));
#5331 = CARTESIAN_POINT('',(-5.342124206676,9.17635171752,35.96702676498
    ));
#5332 = CARTESIAN_POINT('',(-8.196780458445,5.911657325102,
    36.319384365708));
#5333 = CARTESIAN_POINT('',(-9.232207425135,2.052068574746,
    36.671792256914));
#5334 = CARTESIAN_POINT('',(-7.976567052025,-5.081240727934,
    37.376594287723));
#5335 = CARTESIAN_POINT('',(-5.685435319484,-8.355271610009,
    37.729000577284));
#5336 = CARTESIAN_POINT('',(-1.887630301075,-10.44897579355,
    38.081363863489));
#5337 = CARTESIAN_POINT('',(2.711887972642,-10.57848506561,
    38.433863406119));
#5338 = CARTESIAN_POINT('',(6.922526643717,-8.44640999168,
    38.786114584312));
#5339 = CARTESIAN_POINT('',(9.539923978545,-4.661729250791,
    39.138659588998));
#5340 = CARTESIAN_POINT('',(10.099722717117,-0.361574455436,
    39.490969108914));
#5341 = CARTESIAN_POINT('',(8.816361156097,3.422927449427,39.84340481153
    ));
#5342 = CARTESIAN_POINT('',(6.312830981789,6.039677018043,
    40.195801235815));
#5343 = CARTESIAN_POINT('',(3.809287412995,8.656414446418,
    40.548187385369));
#5344 = CARTESIAN_POINT('',(8.530147357223E-02,10.105893339513,
    40.900639688254));
#5345 = CARTESIAN_POINT('',(-4.23557295516,9.736555743689,
    41.252927950417));
#5346 = CARTESIAN_POINT('',(-8.132037643704,7.289274081133,
    41.605494733454));
#5347 = CARTESIAN_POINT('',(-10.44832351884,3.176747644131,
    41.957727881339));
#5348 = CARTESIAN_POINT('',(-10.52218596244,-1.423841442868,
    42.310239271583));
#5349 = CARTESIAN_POINT('',(-8.598431286069,-5.310544381899,
    42.662596872297));
#5350 = CARTESIAN_POINT('',(-5.428876981274,-7.744154834351,
    43.015004763502));
#5351 = CARTESIAN_POINT('',(1.64195425034,-9.313893681503,
    43.719806794316));
#5352 = CARTESIAN_POINT('',(5.543542526515,-8.450081343184,
    44.072213083857));
#5353 = CARTESIAN_POINT('',(8.931230028724,-5.742592921395,
    44.424576370116));
#5354 = CARTESIAN_POINT('',(10.811040434628,-1.542753181913,
    44.777075912647));
#5355 = CARTESIAN_POINT('',(10.45260157122,3.163279512828,
    45.129327090974));
#5356 = CARTESIAN_POINT('',(7.957647093483,7.029773954851,
    45.481872095522));
#5357 = CARTESIAN_POINT('',(4.199047794187,9.192558548842,
    45.834181615548));
#5358 = CARTESIAN_POINT('',(0.211502736406,9.455153248375,
    46.186617318093));
#5359 = CARTESIAN_POINT('',(-3.164118151913,8.143579667948,
    46.539013742425));
#5360 = CARTESIAN_POINT('',(-6.539732935857,6.831989065936,
    46.891399884159));
#5361 = CARTESIAN_POINT('',(-9.303984611186,3.946166238597,
    47.243852226838));
#5362 = CARTESIAN_POINT('',(-10.6162880238,-0.187140597057,
    47.596140378709));
#5363 = CARTESIAN_POINT('',(-9.846407459044,-4.723538699938,
    47.948707378917));
#5364 = CARTESIAN_POINT('',(-6.933332090321,-8.43730357215,
    48.300940197267));
#5365 = CARTESIAN_POINT('',(-2.711208650071,-10.26611276076,
    48.653451986442));
#5366 = CARTESIAN_POINT('',(1.615826393601,-9.976172044222,
    49.005809196294));
#5367 = CARTESIAN_POINT('',(5.077124639885,-7.979188069432,
    49.358217397883));
#5368 = CARTESIAN_POINT('',(9.233264912421,-2.047304900257,
    50.063019033372));
#5369 = CARTESIAN_POINT('',(9.928276470874,1.887859468456,
    50.415427034694));
#5370 = CARTESIAN_POINT('',(8.723304655422,6.053785132819,
    50.767785100175));
#5371 = CARTESIAN_POINT('',(5.562511709256,9.397713484547,
    51.120295298668));
#5372 = CARTESIAN_POINT('',(1.077565552914,10.867478501219,
    51.472530028442));
#5373 = CARTESIAN_POINT('',(-3.449423607722,10.04208619727,
    51.825095128989));
#5374 = CARTESIAN_POINT('',(-6.885893916379,7.397253383068,
    52.177384856199));
#5375 = CARTESIAN_POINT('',(-8.654495723196,3.813734100423,
    52.529836324304));
#5376 = CARTESIAN_POINT('',(-8.734535737464,0.193148717589,
    52.882222691066));
#5377 = CARTESIAN_POINT('',(11.2,-0.168898123964,1.851272016625));
#5378 = CARTESIAN_POINT('',(11.269990674727,4.473693716538,
    2.203686299156));
#5379 = CARTESIAN_POINT('',(9.175043074963,9.149027434776,2.556038852711
    ));
#5380 = CARTESIAN_POINT('',(4.897854235839,12.701934213931,
    2.908544728176));
#5381 = CARTESIAN_POINT('',(-0.862226025889,13.974561140171,
    3.260789657988));
#5382 = CARTESIAN_POINT('',(-6.679010158196,12.305823169322,
    3.613347490321));
#5383 = CARTESIAN_POINT('',(-10.88772173272,8.171932626419,
    3.965644665788));
#5384 = CARTESIAN_POINT('',(-12.63025034363,2.892025305961,
    4.318085445603));
#5385 = CARTESIAN_POINT('',(-11.92735460785,-2.182895890712,
    4.67047949881));
#5386 = CARTESIAN_POINT('',(-6.885227323018,-9.981004854901,
    5.375280280411));
#5387 = CARTESIAN_POINT('',(-2.545742291678,-12.70456749794,
    5.727675487384));
#5388 = CARTESIAN_POINT('',(2.984144221739,-13.2822615194,6.080112435382
    ));
#5389 = CARTESIAN_POINT('',(8.481157210428,-11.1405498768,6.432417946221
    ));
#5390 = CARTESIAN_POINT('',(12.389761386549,-6.521128375594,
    6.784962164963));
#5391 = CARTESIAN_POINT('',(13.593138042914,-0.74587753298,
    7.137224283936));
#5392 = CARTESIAN_POINT('',(12.108290481281,4.612365532789,
    7.489712872788));
#5393 = CARTESIAN_POINT('',(8.704501862879,8.441495219416,7.842079573694
    ));
#5394 = CARTESIAN_POINT('',(4.442095962297,10.282816250322,
    8.194484523219));
#5395 = CARTESIAN_POINT('',(0.179684654698,12.124122182778,8.54689880574
    ));
#5396 = CARTESIAN_POINT('',(-4.941462213359,11.977815728401,
    8.899251359304));
#5397 = CARTESIAN_POINT('',(-9.860729373347,9.385847064382,
    9.251757234765));
#5398 = CARTESIAN_POINT('',(-13.2407706283,4.551240045201,9.604002164576
    ));
#5399 = CARTESIAN_POINT('',(-13.92504468897,-1.461366134083,
    9.956559996911));
#5400 = CARTESIAN_POINT('',(-11.71643201792,-6.931680038005,
    10.308857172378));
#5401 = CARTESIAN_POINT('',(-7.505270540814,-10.5620996124,
    10.661297952192));
#5402 = CARTESIAN_POINT('',(-2.547668165336,-11.85479689115,
    11.0136920054));
#5403 = CARTESIAN_POINT('',(6.586383674751,-10.18068579674,11.718492787)
  );
#5404 = CARTESIAN_POINT('',(10.763276482667,-7.213786695165,
    12.070887993978));
#5405 = CARTESIAN_POINT('',(13.413192116675,-2.325911659255,
    12.42332494196));
#5406 = CARTESIAN_POINT('',(13.538124363851,3.572263693358,
    12.775630452832));
#5407 = CARTESIAN_POINT('',(10.76609344863,8.951119168166,
    13.128174671523));
#5408 = CARTESIAN_POINT('',(5.890969709409,12.272987045915,
    13.480436790559));
#5409 = CARTESIAN_POINT('',(0.372372049202,12.951677622824,
    13.832925379346));
#5410 = CARTESIAN_POINT('',(-4.467856007069,11.272331476653,
    14.185292080307));
#5411 = CARTESIAN_POINT('',(-7.800166940512,8.039024958082,
    14.537697029797));
#5412 = CARTESIAN_POINT('',(-11.13246599391,4.805707666078,
    14.890111312347));
#5413 = CARTESIAN_POINT('',(-12.95707451638,1.839583561832E-02,
    15.242463865883));
#5414 = CARTESIAN_POINT('',(-12.44492976029,-5.518317873462,
    15.594969741353));
#5415 = CARTESIAN_POINT('',(-9.271821076479,-10.49119281611,
    15.947214671173));
#5416 = CARTESIAN_POINT('',(-3.978757636651,-13.4243043856,
    16.299772503496));
#5417 = CARTESIAN_POINT('',(1.920352893348,-13.47721084441,
    16.65206967897));
#5418 = CARTESIAN_POINT('',(6.885964960857,-10.97590637127,
    17.004510458781));
#5419 = CARTESIAN_POINT('',(9.977453811776,-6.890372837881,
    17.35690451199));
#5420 = CARTESIAN_POINT('',(11.926227146072,2.189045285839,
    18.06170529359));
#5421 = CARTESIAN_POINT('',(10.783597467449,7.18337419224,
    18.414100500568));
#5422 = CARTESIAN_POINT('',(7.281868574592,11.502085805097,
    18.766537448547));
#5423 = CARTESIAN_POINT('',(1.880474588322,13.874642139838,
    19.118842959427));
#5424 = CARTESIAN_POINT('',(-4.149750198453,13.372018389087,
    19.471387178106));
#5425 = CARTESIAN_POINT('',(-9.084385026149,10.139215149253,
    19.823649297151));
#5426 = CARTESIAN_POINT('',(-11.82328925349,5.300419362339,
    20.17613788594));
#5427 = CARTESIAN_POINT('',(-12.12405080707,0.185973781096,
    20.528504586889));
#5428 = CARTESIAN_POINT('',(-10.41208527793,-4.130012922682,
    20.880909536391));
#5429 = CARTESIAN_POINT('',(-8.700105249168,-8.445992773558,
    21.233323818931));
#5430 = CARTESIAN_POINT('',(-4.975453285341,-11.96373616539,
    21.585676372473));
#5431 = CARTESIAN_POINT('',(0.335792500965,-13.60938471376,
    21.938182247946));
#5432 = CARTESIAN_POINT('',(6.144426000619,-12.58085139815,
    22.290427177759));
#5433 = CARTESIAN_POINT('',(10.879835431115,-8.813151624712,
    22.642985010087));
#5434 = CARTESIAN_POINT('',(13.186206491074,-3.38333057129,
    22.995282185558));
#5435 = CARTESIAN_POINT('',(12.775559953548,2.161504565449,
    23.347722965372));
#5436 = CARTESIAN_POINT('',(10.184080707245,6.581133835399,
    23.700117018579));
#5437 = CARTESIAN_POINT('',(2.541555404097,11.856108523927,
    24.404917800182));
#5438 = CARTESIAN_POINT('',(-2.509868298494,12.711703278842,
    24.757313007145));
#5439 = CARTESIAN_POINT('',(-7.839891196361,11.129227009823,
    25.10974995517));
#5440 = CARTESIAN_POINT('',(-12.09887142398,7.046927660339,
    25.462055465956));
#5441 = CARTESIAN_POINT('',(-13.94217474744,1.283380621577,
    25.814599684779));
#5442 = CARTESIAN_POINT('',(-12.84385699485,-4.512767736488,
    26.166861803648));
#5443 = CARTESIAN_POINT('',(-9.421525875966,-8.894912273562,
    26.519350392613));
#5444 = CARTESIAN_POINT('',(-4.811490746956,-11.12999330699,
    26.871717093421));
#5445 = CARTESIAN_POINT('',(-0.168898123968,-11.19999999996,
    27.224122043008));
#5446 = CARTESIAN_POINT('',(4.473693716538,-11.2699906748,
    27.576536325478));
#5447 = CARTESIAN_POINT('',(9.149027434816,-9.175043074878,
    27.928888879089));
#5448 = CARTESIAN_POINT('',(12.70193421384,-4.897854235906,
    28.28139475454));
#5449 = CARTESIAN_POINT('',(13.974561140274,0.862226025924,
    28.633639684329));
#5450 = CARTESIAN_POINT('',(12.30582316925,6.679010158187,
    28.986197516692));
#5451 = CARTESIAN_POINT('',(8.171932626451,10.887721732724,
    29.338494692141));
#5452 = CARTESIAN_POINT('',(2.892025305951,12.630250343634,
    29.690935471964));
#5453 = CARTESIAN_POINT('',(-2.182895890709,11.927354607851,
    30.043329525167));
#5454 = CARTESIAN_POINT('',(-9.981004854907,6.88522732302,
    30.748130306774));
#5455 = CARTESIAN_POINT('',(-12.70456749791,2.545742291666,
    31.100525513721));
#5456 = CARTESIAN_POINT('',(-13.28226151948,-2.98414422171,
    31.452962461799));
#5457 = CARTESIAN_POINT('',(-11.14054987668,-8.481157210485,
    31.805267972471));
#5458 = CARTESIAN_POINT('',(-6.521128375756,-12.38976138646,
    32.157812191471));
#5459 = CARTESIAN_POINT('',(-0.745877532816,-13.593138043,
    32.510074310141));
#5460 = CARTESIAN_POINT('',(4.612365532653,-12.10829048121,
    32.862562899263));
#5461 = CARTESIAN_POINT('',(8.441495219507,-8.704501862912,
    33.214929599987));
#5462 = CARTESIAN_POINT('',(10.282816250274,-4.442095962285,
    33.567334549607));
#5463 = CARTESIAN_POINT('',(12.124122182858,-0.179684654732,
    33.919748832058));
#5464 = CARTESIAN_POINT('',(11.977815728332,4.941462213443,
    34.272101385685));
#5465 = CARTESIAN_POINT('',(9.385847064409,9.860729373217,
    34.624607261129));
#5466 = CARTESIAN_POINT('',(4.551240045211,13.240770628435,
    34.976852190916));
#5467 = CARTESIAN_POINT('',(-1.461366134103,13.92504468889,
    35.329410023283));
#5468 = CARTESIAN_POINT('',(-6.931680037993,11.71643201796,
    35.681707198732));
#5469 = CARTESIAN_POINT('',(-10.5620996124,7.505270540806,
    36.034147978552));
#5470 = CARTESIAN_POINT('',(-11.85479689115,2.547668165337,
    36.386542031758));
#5471 = CARTESIAN_POINT('',(-10.18068579675,-6.586383674754,
    37.09134281336));
#5472 = CARTESIAN_POINT('',(-7.213786695148,-10.76327648265,
    37.443738020325));
#5473 = CARTESIAN_POINT('',(-2.325911659312,-13.41319211669,
    37.79617496835));
#5474 = CARTESIAN_POINT('',(3.572263693473,-13.53812436383,
    38.148480479131));
#5475 = CARTESIAN_POINT('',(8.951119168018,-10.76609344864,
    38.50102469796));
#5476 = CARTESIAN_POINT('',(12.272987046038,-5.890969709404,
    38.853286816845));
#5477 = CARTESIAN_POINT('',(12.951677622763,-0.372372049208,
    39.205775405746));
#5478 = CARTESIAN_POINT('',(11.272331476665,4.467856007077,
    39.558142106651));
#5479 = CARTESIAN_POINT('',(8.039024958076,7.800166940503,
    39.910547056161));
#5480 = CARTESIAN_POINT('',(4.805707666086,11.132465993916,
    40.262961338701));
#5481 = CARTESIAN_POINT('',(1.839583560649E-02,12.957074516383,
    40.615313892244));
#5482 = CARTESIAN_POINT('',(-5.518317873449,12.444929760285,
    40.96781976771));
#5483 = CARTESIAN_POINT('',(-10.49119281612,9.271821076489,
    41.320064697533));
#5484 = CARTESIAN_POINT('',(-13.42430438559,3.978757636645,
    41.672622529852));
#5485 = CARTESIAN_POINT('',(-13.47721084441,-1.920352893347,
    42.024919705331));
#5486 = CARTESIAN_POINT('',(-10.97590637127,-6.885964960856,
    42.377360485138));
#5487 = CARTESIAN_POINT('',(-6.890372837881,-9.977453811777,
    42.729754538349));
#5488 = CARTESIAN_POINT('',(2.189045285838,-11.92622714607,
    43.434555319947));
#5489 = CARTESIAN_POINT('',(7.183374192245,-10.78359746745,
    43.786950526934));
#5490 = CARTESIAN_POINT('',(11.502085805084,-7.28186857457,
    44.139387474888));
#5491 = CARTESIAN_POINT('',(13.874642139861,-1.880474588361,
    44.491692985818));
#5492 = CARTESIAN_POINT('',(13.372018389053,4.149750198511,
    44.844237204419));
#5493 = CARTESIAN_POINT('',(10.139215149293,9.084385026079,
    45.196499323561));
#5494 = CARTESIAN_POINT('',(5.300419362304,11.823289253559,
    45.548987912252));
#5495 = CARTESIAN_POINT('',(0.18597378112,12.124050807026,
    45.901354613279));
#5496 = CARTESIAN_POINT('',(-4.130012922693,10.41208527795,
    46.253759562734));
#5497 = CARTESIAN_POINT('',(-8.445992761263,8.70010524975,
    46.606173852675));
#5498 = CARTESIAN_POINT('',(-11.96373621591,4.975453282829,
    46.958526368523));
#5499 = CARTESIAN_POINT('',(-13.60938459005,-0.335792494726,
    47.311032348506));
#5500 = CARTESIAN_POINT('',(-12.58085161765,-6.144426011754,
    47.663277072473));
#5501 = CARTESIAN_POINT('',(-8.813151323288,-10.87983541578,
    48.015835217214));
#5502 = CARTESIAN_POINT('',(-3.383330900593,-13.18620650785,
    48.368132014435));
#5503 = CARTESIAN_POINT('',(2.161504854171,-12.77555993883,
    48.720573164873));
#5504 = CARTESIAN_POINT('',(6.581133633327,-10.18408071754,
    49.072966923758));
#5505 = CARTESIAN_POINT('',(11.856108946967,-2.54155538253,
    49.77776808023));
#5506 = CARTESIAN_POINT('',(12.711700995122,2.509868182059,
    50.130161663991));
#5507 = CARTESIAN_POINT('',(11.129232981465,7.839891500834,
    50.482603562634));
#5508 = CARTESIAN_POINT('',(7.046916782244,12.09887086933,
    50.834898968885));
#5509 = CARTESIAN_POINT('',(1.283395752745,13.942175518951,
    51.187458785067));
#5510 = CARTESIAN_POINT('',(-4.512784382119,12.843856146147,
    51.539701847884));
#5511 = CARTESIAN_POINT('',(-8.894897621777,9.421526622983,
    51.892209205415));
#5512 = CARTESIAN_POINT('',(-11.13000358455,4.811490222978,
    52.244560956489));
#5513 = CARTESIAN_POINT('',(-11.19999437392,0.168898410792,
    52.596975443218));
#5514 = CARTESIAN_POINT('',(11.2,-4.44E-15,-0.135413159282));
#5515 = CARTESIAN_POINT('',(11.199999999421,4.642592986876,
    0.217001221672));
#5516 = CARTESIAN_POINT('',(9.034972747468,9.285279267974,0.569353392729
    ));
#5517 = CARTESIAN_POINT('',(4.705320627573,12.772898272231,
    0.921859957211));
#5518 = CARTESIAN_POINT('',(-1.072810932663,13.95837194804,
    1.274104056089));
#5519 = CARTESIAN_POINT('',(-6.862965102604,12.202350035892,
    1.626662724503));
#5520 = CARTESIAN_POINT('',(-11.00847994867,8.0059143642,1.97895920425)
  );
#5521 = CARTESIAN_POINT('',(-12.67097887932,2.700947454095,
    2.331400358257));
#5522 = CARTESIAN_POINT('',(-11.89173475098,-2.362225986279,
    2.683794323888));
#5523 = CARTESIAN_POINT('',(-6.73318238931,-10.08254542365,
    3.388595105487));
#5524 = CARTESIAN_POINT('',(-2.35362383643,-12.74006585541,3.74099040001
    ));
#5525 = CARTESIAN_POINT('',(3.183736907991,-13.23424007859,
    4.093426973989));
#5526 = CARTESIAN_POINT('',(8.647158635553,-11.01019060352,
    4.445733180092));
#5527 = CARTESIAN_POINT('',(12.485306304963,-6.332785786102,
    4.798276563447));
#5528 = CARTESIAN_POINT('',(13.60126830299,-0.540827797001,
    5.150539512673));
#5529 = CARTESIAN_POINT('',(12.036013284259,4.79390383242,5.503027412955
    ));
#5530 = CARTESIAN_POINT('',(8.57525178422,8.570806924819,5.855394496168)
  );
#5531 = CARTESIAN_POINT('',(4.286054442489,10.347450764126,
    6.207799347311));
#5532 = CARTESIAN_POINT('',(-3.142196088593E-03,12.124094182883,
    6.560213728256));
#5533 = CARTESIAN_POINT('',(-5.120945087005,11.90054893892,
    6.912565899322));
#5534 = CARTESIAN_POINT('',(-9.999971036428,9.235125973785,
    7.265072463802));
#5535 = CARTESIAN_POINT('',(-13.30640111996,4.350489624365,
    7.617316562676));
#5536 = CARTESIAN_POINT('',(-13.89984448836,-1.670915795983,
    7.969875231095));
#5537 = CARTESIAN_POINT('',(-11.609263312,-7.106778520522,8.322171710838
    ));
#5538 = CARTESIAN_POINT('',(-7.344323760191,-10.67285020112,
    8.674612864847));
#5539 = CARTESIAN_POINT('',(-2.368357631394,-11.89051509094,
    9.027006830478));
#5540 = CARTESIAN_POINT('',(6.738380005048,-10.07907248785,
    9.731807612076));
#5541 = CARTESIAN_POINT('',(10.869593238442,-7.04987701982,
    10.084202906602));
#5542 = CARTESIAN_POINT('',(13.445206904653,-2.123135051804,
    10.43663948057));
#5543 = CARTESIAN_POINT('',(13.481214094508,3.775515346563,
    10.788945686699));
#5544 = CARTESIAN_POINT('',(10.628651042465,9.111466751295,
    11.141489070011));
#5545 = CARTESIAN_POINT('',(5.704639770975,12.358967563605,
    11.493752019293));
#5546 = CARTESIAN_POINT('',(0.176993244007,12.954373899397,
    11.846239919515));
#5547 = CARTESIAN_POINT('',(-4.636786308765,11.2024054217,
    12.198607002781));
#5548 = CARTESIAN_POINT('',(-7.919595949289,7.91959594929,12.55101185389
    ));
#5549 = CARTESIAN_POINT('',(-11.20240493219,4.636786965571,
    12.903426234863));
#5550 = CARTESIAN_POINT('',(-12.95437443315,-0.176993438027,
    13.2557784059));
#5551 = CARTESIAN_POINT('',(-12.35896710712,-5.704638860285,
    13.608284970391));
#5552 = CARTESIAN_POINT('',(-9.111467573357,-10.62865134419,
    13.960529069271));
#5553 = CARTESIAN_POINT('',(-3.775515293698,-13.48121361989,
    14.31308773768));
#5554 = CARTESIAN_POINT('',(2.123134485738,-13.44520715878,
    14.66538421743));
#5555 = CARTESIAN_POINT('',(7.049876829422,-10.86959335026,
    15.017825371436));
#5556 = CARTESIAN_POINT('',(10.079072296089,-6.738380268903,
    15.370219337067));
#5557 = CARTESIAN_POINT('',(11.890515167134,2.36835731424,
    16.075020118665));
#5558 = CARTESIAN_POINT('',(10.672850334233,7.344323584025,
    16.427415413193));
#5559 = CARTESIAN_POINT('',(7.10677894625,11.609262860583,
    16.779851987156));
#5560 = CARTESIAN_POINT('',(1.670915928763,13.899844947103,
    17.132158193296));
#5561 = CARTESIAN_POINT('',(-4.350488980337,13.306400526586,
    17.484701576592));
#5562 = CARTESIAN_POINT('',(-9.235126047022,9.999972052494,
    17.836964525887));
#5563 = CARTESIAN_POINT('',(-11.90054852003,5.120944703492,
    18.189452426108));
#5564 = CARTESIAN_POINT('',(-12.12409438378,3.142990222495E-03,
    18.541819509363));
#5565 = CARTESIAN_POINT('',(-10.34745076412,-4.286054442489,
    18.894224360483));
#5566 = CARTESIAN_POINT('',(-8.5708073443,-8.575251080625,
    19.246638741447));
#5567 = CARTESIAN_POINT('',(-4.793903857445,-12.03601385165,
    19.598990912491));
#5568 = CARTESIAN_POINT('',(0.540827130347,-13.6012675327,
    19.951497476984));
#5569 = CARTESIAN_POINT('',(6.332785750248,-12.48530717997,
    20.303741575857));
#5570 = CARTESIAN_POINT('',(11.01019018529,-8.647158405037,
    20.656300244272));
#5571 = CARTESIAN_POINT('',(13.234240096751,-3.183737528241,
    21.008596724017));
#5572 = CARTESIAN_POINT('',(12.74006588586,2.353623617738,
    21.361037878027));
#5573 = CARTESIAN_POINT('',(10.082545594041,6.733182111173,
    21.713431843656));
#5574 = CARTESIAN_POINT('',(2.362226308448,11.891734700011,
    22.418232625257));
#5575 = CARTESIAN_POINT('',(-2.700947240397,12.670978934886,
    22.77062791977));
#5576 = CARTESIAN_POINT('',(-8.005913784225,11.008480169253,
    23.123064493779));
#5577 = CARTESIAN_POINT('',(-12.20235040889,6.862965400802,
    23.475370699825));
#5578 = CARTESIAN_POINT('',(-13.95837115337,1.072811300626,
    23.827914083266));
#5579 = CARTESIAN_POINT('',(-12.77289923897,-4.705320306428,
    24.180177032383));
#5580 = CARTESIAN_POINT('',(-9.285278753357,-9.03497250722,
    24.532664932781));
#5581 = CARTESIAN_POINT('',(-4.642593797437,-11.19999988112,
    24.885032015895));
#5582 = CARTESIAN_POINT('',(-1.30874E-12,-11.19999999999,25.237436867101
    ));
#5583 = CARTESIAN_POINT('',(4.64259298688,-11.19999999942,
    25.589851247993));
#5584 = CARTESIAN_POINT('',(9.285279267969,-9.034972747468,
    25.942203419109));
#5585 = CARTESIAN_POINT('',(12.772898272236,-4.705320627573,
    26.294709983576));
#5586 = CARTESIAN_POINT('',(13.958371948036,1.072810932661,
    26.646954082428));
#5587 = CARTESIAN_POINT('',(12.202350035895,6.862965102607,
    26.999512750877));
#5588 = CARTESIAN_POINT('',(8.005914364199,11.008479948669,27.3518092306
    ));
#5589 = CARTESIAN_POINT('',(2.700947454095,12.670978879324,
    27.704250384619));
#5590 = CARTESIAN_POINT('',(-2.362225986279,11.891734750989,
    28.056644350244));
#5591 = CARTESIAN_POINT('',(-10.08254542365,6.73318238931,28.76144513185
    ));
#5592 = CARTESIAN_POINT('',(-12.74006585541,2.353623836436,
    29.113840426345));
#5593 = CARTESIAN_POINT('',(-13.23424007859,-3.183736908016,
    29.466277000408));
#5594 = CARTESIAN_POINT('',(-11.01019060352,-8.647158635502,
    29.818583206338));
#5595 = CARTESIAN_POINT('',(-6.332785786107,-12.48530630502,
    30.17112658996));
#5596 = CARTESIAN_POINT('',(-0.540827796996,-13.60126830294,
    30.523389538874));
#5597 = CARTESIAN_POINT('',(4.793903832415,-12.03601328428,
    30.875877439433));
#5598 = CARTESIAN_POINT('',(8.570806924822,-8.575251784213,
    31.22824452246));
#5599 = CARTESIAN_POINT('',(10.347450764125,-4.286054442491,
    31.5806493737));
#5600 = CARTESIAN_POINT('',(12.124094182884,3.142196091709E-03,
    31.933063754573));
#5601 = CARTESIAN_POINT('',(11.900548938921,5.120945087004,
    32.285415925705));
#5602 = CARTESIAN_POINT('',(9.235125973783,9.999971036426,
    32.637922490165));
#5603 = CARTESIAN_POINT('',(4.350489624368,13.306401119965,
    32.990166589015));
#5604 = CARTESIAN_POINT('',(-1.670915795984,13.899844488364,
    33.342725257468));
#5605 = CARTESIAN_POINT('',(-7.106778520523,11.609263312004,
    33.695021737191));
#5606 = CARTESIAN_POINT('',(-10.67285020111,7.344323760191,
    34.047462891207));
#5607 = CARTESIAN_POINT('',(-11.89051509094,2.368357631394,
    34.399856856835));
#5608 = CARTESIAN_POINT('',(-10.07907248785,-6.738380005048,
    35.104657638436));
#5609 = CARTESIAN_POINT('',(-7.049877019819,-10.86959323844,
    35.45705293295));
#5610 = CARTESIAN_POINT('',(-2.123135051815,-13.44520690466,
    35.809489506958));
#5611 = CARTESIAN_POINT('',(3.77551534659,-13.48121409449,36.161795713)
  );
#5612 = CARTESIAN_POINT('',(9.11146675126,-10.62865104248,
    36.514339096448));
#5613 = CARTESIAN_POINT('',(12.358967563632,-5.704639770959,
    36.866602045579));
#5614 = CARTESIAN_POINT('',(12.954373899385,-0.176993244014,
    37.219089945916));
#5615 = CARTESIAN_POINT('',(11.2024054217,4.636786308765,37.571457029125
    ));
#5616 = CARTESIAN_POINT('',(7.91959594929,7.919595949289,37.923861880254
    ));
#5617 = CARTESIAN_POINT('',(4.636786965571,11.20240493219,
    38.276276261217));
#5618 = CARTESIAN_POINT('',(-0.176993438027,12.954374433164,
    38.628628432261));
#5619 = CARTESIAN_POINT('',(-5.704638860284,12.358967107118,
    38.981134996748));
#5620 = CARTESIAN_POINT('',(-10.6286513442,9.111467573364,
    39.333379095631));
#5621 = CARTESIAN_POINT('',(-13.48121361988,3.775515293694,
    39.685937764038));
#5622 = CARTESIAN_POINT('',(-13.44520715878,-2.123134485737,
    40.038234243789));
#5623 = CARTESIAN_POINT('',(-10.86959335026,-7.049876829422,
    40.390675397793));
#5624 = CARTESIAN_POINT('',(-6.738380268903,-10.07907229608,
    40.743069363426));
#5625 = CARTESIAN_POINT('',(2.36835731424,-11.89051516713,
    41.447870145023));
#5626 = CARTESIAN_POINT('',(7.344323584025,-10.67285033423,
    41.800265439558));
#5627 = CARTESIAN_POINT('',(11.609262860584,-7.106778946256,
    42.152702013498));
#5628 = CARTESIAN_POINT('',(13.8998449471,-1.670915928752,
    42.505008219684));
#5629 = CARTESIAN_POINT('',(13.306400526589,4.350488980324,
    42.857551602908));
#5630 = CARTESIAN_POINT('',(9.999972052497,9.235126047032,
    43.209814552295));
#5631 = CARTESIAN_POINT('',(5.120944703485,11.900548520026,
    43.562302452421));
#5632 = CARTESIAN_POINT('',(3.142990228312E-03,12.124094383782,
    43.914669535753));
#5633 = CARTESIAN_POINT('',(-4.286054442491,10.347450764126,
    44.267074386827));
#5634 = CARTESIAN_POINT('',(-8.575251080623,8.570807344927,
    44.619488775192));
#5635 = CARTESIAN_POINT('',(-12.03601385165,4.793903854869,
    44.971840908538));
#5636 = CARTESIAN_POINT('',(-13.6012675327,-0.540827124041,
    45.324347577546));
#5637 = CARTESIAN_POINT('',(-12.48530717997,-6.332785761435,
    45.676591470568));
#5638 = CARTESIAN_POINT('',(-8.647158405035,-11.01019016992,
    46.029150451403));
#5639 = CARTESIAN_POINT('',(-3.183737528243,-13.23424011353,
    46.381446552891));
#5640 = CARTESIAN_POINT('',(2.353623617739,-12.74006587114,
    46.733888077529));
#5641 = CARTESIAN_POINT('',(6.733182111173,-10.08254560434,
    47.086281748835));
#5642 = CARTESIAN_POINT('',(11.891734700011,-2.362226286881,
    47.791082905307));
#5643 = CARTESIAN_POINT('',(12.670978934885,2.700947123966,
    48.143476576613));
#5644 = CARTESIAN_POINT('',(11.008480169249,8.005914088681,
    48.495918101249));
#5645 = CARTESIAN_POINT('',(6.862965400814,12.20234985429,
    48.848214202741));
#5646 = CARTESIAN_POINT('',(1.072811300608,13.958371924815,
    49.200773183571));
#5647 = CARTESIAN_POINT('',(-4.705320306417,12.772898390333,
    49.5530170766));
#5648 = CARTESIAN_POINT('',(-9.034972507218,9.285279500342,49.9055237456
    ));
#5649 = CARTESIAN_POINT('',(-11.19999988113,4.642593273463,
    50.25787587895));
#5650 = CARTESIAN_POINT('',(-11.19999999999,2.8683130271E-07,
    50.610290267318));
#5651 = ADVANCED_FACE('',(#5652),#5662,.F.);
#5652 = FACE_BOUND('',#5653,.F.);
#5653 = EDGE_LOOP('',(#5654,#5655,#5661));
#5654 = ORIENTED_EDGE('',*,*,#4535,.F.);
#5655 = ORIENTED_EDGE('',*,*,#5656,.T.);
#5656 = EDGE_CURVE('',#4536,#4207,#5657,.T.);
#5657 = LINE('',#5658,#5659);
#5658 = CARTESIAN_POINT('',(5.000095053941,-1.151215544374E-02,0.));
#5659 = VECTOR('',#5660,1.);
#5660 = DIRECTION('',(1.,0.,0.));
#5661 = ORIENTED_EDGE('',*,*,#4206,.T.);
#5662 = PLANE('',#5663);
#5663 = AXIS2_PLACEMENT_3D('',#5664,#5665,#5666);
#5664 = CARTESIAN_POINT('',(0.,0.,0.));
#5665 = DIRECTION('',(0.,0.,1.));
#5666 = DIRECTION('',(1.,0.,0.));
#5667 = ADVANCED_FACE('',(#5668),#5672,.F.);
#5668 = FACE_BOUND('',#5669,.F.);
#5669 = EDGE_LOOP('',(#5670,#5671));
#5670 = ORIENTED_EDGE('',*,*,#5656,.F.);
#5671 = ORIENTED_EDGE('',*,*,#4682,.T.);
#5672 = PLANE('',#5673);
#5673 = AXIS2_PLACEMENT_3D('',#5674,#5675,#5676);
#5674 = CARTESIAN_POINT('',(10.000190107882,-4.79E-15,-0.135413159282));
#5675 = DIRECTION('',(0.,0.996405693156,8.470947200004E-02));
#5676 = DIRECTION('',(0.,-8.470947200004E-02,0.996405693156));
#5677 = ADVANCED_FACE('',(#5678),#5688,.T.);
#5678 = FACE_BOUND('',#5679,.T.);
#5679 = EDGE_LOOP('',(#5680,#5681,#5682));
#5680 = ORIENTED_EDGE('',*,*,#4360,.F.);
#5681 = ORIENTED_EDGE('',*,*,#4526,.F.);
#5682 = ORIENTED_EDGE('',*,*,#5683,.F.);
#5683 = EDGE_CURVE('',#4361,#4515,#5684,.T.);
#5684 = LINE('',#5685,#5686);
#5685 = CARTESIAN_POINT('',(-5.000095053941,-1.151215544431E-02,
    50.474873734153));
#5686 = VECTOR('',#5687,1.);
#5687 = DIRECTION('',(-1.,2.0611E-13,0.));
#5688 = PLANE('',#5689);
#5689 = AXIS2_PLACEMENT_3D('',#5690,#5691,#5692);
#5690 = CARTESIAN_POINT('',(0.,0.,50.474873734153));
#5691 = DIRECTION('',(0.,0.,1.));
#5692 = DIRECTION('',(1.,0.,0.));
#5693 = ADVANCED_FACE('',(#5694),#5698,.T.);
#5694 = FACE_BOUND('',#5695,.T.);
#5695 = EDGE_LOOP('',(#5696,#5697));
#5696 = ORIENTED_EDGE('',*,*,#5683,.T.);
#5697 = ORIENTED_EDGE('',*,*,#4514,.T.);
#5698 = PLANE('',#5699);
#5699 = AXIS2_PLACEMENT_3D('',#5700,#5701,#5702);
#5700 = CARTESIAN_POINT('',(-10.00019010788,4.567253E-11,50.610286893969
    ));
#5701 = DIRECTION('',(-2.0537E-13,-0.996405693156,8.470947199834E-02));
#5702 = DIRECTION('',(0.,-8.470947199834E-02,-0.996405693156));
#5703 = MANIFOLD_SOLID_BREP('',#5704);
#5704 = CLOSED_SHELL('',(#5705,#5747,#5762,#5779));
#5705 = ADVANCED_FACE('',(#5706),#5742,.T.);
#5706 = FACE_BOUND('',#5707,.T.);
#5707 = EDGE_LOOP('',(#5708,#5719,#5727,#5736));
#5708 = ORIENTED_EDGE('',*,*,#5709,.F.);
#5709 = EDGE_CURVE('',#5710,#5712,#5714,.T.);
#5710 = VERTEX_POINT('',#5711);
#5711 = CARTESIAN_POINT('',(103.35,1.5875,10.));
#5712 = VERTEX_POINT('',#5713);
#5713 = CARTESIAN_POINT('',(90.65,1.5875,10.));
#5714 = CIRCLE('',#5715,6.35);
#5715 = AXIS2_PLACEMENT_3D('',#5716,#5717,#5718);
#5716 = CARTESIAN_POINT('',(97.,1.5875,10.));
#5717 = DIRECTION('',(0.,1.,0.));
#5718 = DIRECTION('',(0.,0.,1.));
#5719 = ORIENTED_EDGE('',*,*,#5720,.F.);
#5720 = EDGE_CURVE('',#5721,#5710,#5723,.T.);
#5721 = VERTEX_POINT('',#5722);
#5722 = CARTESIAN_POINT('',(103.35,-1.5875,10.));
#5723 = LINE('',#5724,#5725);
#5724 = CARTESIAN_POINT('',(103.35,-1.5875,10.));
#5725 = VECTOR('',#5726,1.);
#5726 = DIRECTION('',(0.,1.,0.));
#5727 = ORIENTED_EDGE('',*,*,#5728,.T.);
#5728 = EDGE_CURVE('',#5721,#5729,#5731,.T.);
#5729 = VERTEX_POINT('',#5730);
#5730 = CARTESIAN_POINT('',(90.65,-1.5875,10.));
#5731 = CIRCLE('',#5732,6.35);
#5732 = AXIS2_PLACEMENT_3D('',#5733,#5734,#5735);
#5733 = CARTESIAN_POINT('',(97.,-1.5875,10.));
#5734 = DIRECTION('',(0.,1.,0.));
#5735 = DIRECTION('',(0.,0.,1.));
#5736 = ORIENTED_EDGE('',*,*,#5737,.T.);
#5737 = EDGE_CURVE('',#5729,#5712,#5738,.T.);
#5738 = LINE('',#5739,#5740);
#5739 = CARTESIAN_POINT('',(90.65,-1.5875,10.));
#5740 = VECTOR('',#5741,1.);
#5741 = DIRECTION('',(0.,1.,0.));
#5742 = CYLINDRICAL_SURFACE('',#5743,6.35);
#5743 = AXIS2_PLACEMENT_3D('',#5744,#5745,#5746);
#5744 = CARTESIAN_POINT('',(97.,-1.5875,10.));
#5745 = DIRECTION('',(0.,1.,0.));
#5746 = DIRECTION('',(0.,0.,1.));
#5747 = ADVANCED_FACE('',(#5748),#5757,.T.);
#5748 = FACE_BOUND('',#5749,.T.);
#5749 = EDGE_LOOP('',(#5750,#5756));
#5750 = ORIENTED_EDGE('',*,*,#5751,.T.);
#5751 = EDGE_CURVE('',#5712,#5710,#5752,.T.);
#5752 = LINE('',#5753,#5754);
#5753 = CARTESIAN_POINT('',(93.325,1.5875,10.));
#5754 = VECTOR('',#5755,1.);
#5755 = DIRECTION('',(1.,0.,0.));
#5756 = ORIENTED_EDGE('',*,*,#5709,.T.);
#5757 = PLANE('',#5758);
#5758 = AXIS2_PLACEMENT_3D('',#5759,#5760,#5761);
#5759 = CARTESIAN_POINT('',(97.,1.5875,10.));
#5760 = DIRECTION('',(0.,1.,0.));
#5761 = DIRECTION('',(0.,0.,1.));
#5762 = ADVANCED_FACE('',(#5763),#5774,.T.);
#5763 = FACE_BOUND('',#5764,.T.);
#5764 = EDGE_LOOP('',(#5765,#5766,#5772,#5773));
#5765 = ORIENTED_EDGE('',*,*,#5737,.F.);
#5766 = ORIENTED_EDGE('',*,*,#5767,.T.);
#5767 = EDGE_CURVE('',#5729,#5721,#5768,.T.);
#5768 = LINE('',#5769,#5770);
#5769 = CARTESIAN_POINT('',(93.325,-1.5875,10.));
#5770 = VECTOR('',#5771,1.);
#5771 = DIRECTION('',(1.,0.,0.));
#5772 = ORIENTED_EDGE('',*,*,#5720,.T.);
#5773 = ORIENTED_EDGE('',*,*,#5751,.F.);
#5774 = PLANE('',#5775);
#5775 = AXIS2_PLACEMENT_3D('',#5776,#5777,#5778);
#5776 = CARTESIAN_POINT('',(89.65,-3.175,10.));
#5777 = DIRECTION('',(0.,0.,1.));
#5778 = DIRECTION('',(1.,0.,0.));
#5779 = ADVANCED_FACE('',(#5780),#5784,.F.);
#5780 = FACE_BOUND('',#5781,.F.);
#5781 = EDGE_LOOP('',(#5782,#5783));
#5782 = ORIENTED_EDGE('',*,*,#5767,.T.);
#5783 = ORIENTED_EDGE('',*,*,#5728,.T.);
#5784 = PLANE('',#5785);
#5785 = AXIS2_PLACEMENT_3D('',#5786,#5787,#5788);
#5786 = CARTESIAN_POINT('',(97.,-1.5875,10.));
#5787 = DIRECTION('',(0.,1.,0.));
#5788 = DIRECTION('',(0.,0.,1.));
#5789 = MANIFOLD_SOLID_BREP('',#5790);
#5790 = CLOSED_SHELL('',(#5791,#5824,#5844,#5864,#5889,#5914,#5934,#5954
    ,#5979,#6075,#6095,#6121,#6131,#6151,#6161,#6186,#6211,#6231,#6240,
    #6265,#6285,#6310,#6330,#6355));
#5791 = ADVANCED_FACE('',(#5792),#5819,.T.);
#5792 = FACE_BOUND('',#5793,.T.);
#5793 = EDGE_LOOP('',(#5794,#5803,#5811,#5818));
#5794 = ORIENTED_EDGE('',*,*,#5795,.T.);
#5795 = EDGE_CURVE('',#5796,#5796,#5798,.T.);
#5796 = VERTEX_POINT('',#5797);
#5797 = CARTESIAN_POINT('',(61.85,2.E-15,8.));
#5798 = CIRCLE('',#5799,8.);
#5799 = AXIS2_PLACEMENT_3D('',#5800,#5801,#5802);
#5800 = CARTESIAN_POINT('',(61.85,0.,0.));
#5801 = DIRECTION('',(1.,0.,-0.));
#5802 = DIRECTION('',(0.,0.,1.));
#5803 = ORIENTED_EDGE('',*,*,#5804,.T.);
#5804 = EDGE_CURVE('',#5796,#5805,#5807,.T.);
#5805 = VERTEX_POINT('',#5806);
#5806 = CARTESIAN_POINT('',(81.,2.E-15,8.));
#5807 = LINE('',#5808,#5809);
#5808 = CARTESIAN_POINT('',(-78.5,1.96E-15,8.));
#5809 = VECTOR('',#5810,1.);
#5810 = DIRECTION('',(1.,0.,0.));
#5811 = ORIENTED_EDGE('',*,*,#5812,.F.);
#5812 = EDGE_CURVE('',#5805,#5805,#5813,.T.);
#5813 = CIRCLE('',#5814,8.);
#5814 = AXIS2_PLACEMENT_3D('',#5815,#5816,#5817);
#5815 = CARTESIAN_POINT('',(81.,0.,0.));
#5816 = DIRECTION('',(1.,0.,-0.));
#5817 = DIRECTION('',(0.,0.,1.));
#5818 = ORIENTED_EDGE('',*,*,#5804,.F.);
#5819 = CYLINDRICAL_SURFACE('',#5820,8.);
#5820 = AXIS2_PLACEMENT_3D('',#5821,#5822,#5823);
#5821 = CARTESIAN_POINT('',(-78.5,0.,0.));
#5822 = DIRECTION('',(1.,0.,0.));
#5823 = DIRECTION('',(0.,0.,1.));
#5824 = ADVANCED_FACE('',(#5825,#5836),#5839,.T.);
#5825 = FACE_BOUND('',#5826,.T.);
#5826 = EDGE_LOOP('',(#5827));
#5827 = ORIENTED_EDGE('',*,*,#5828,.T.);
#5828 = EDGE_CURVE('',#5829,#5829,#5831,.T.);
#5829 = VERTEX_POINT('',#5830);
#5830 = CARTESIAN_POINT('',(61.85,2.E-15,10.));
#5831 = CIRCLE('',#5832,10.);
#5832 = AXIS2_PLACEMENT_3D('',#5833,#5834,#5835);
#5833 = CARTESIAN_POINT('',(61.85,0.,0.));
#5834 = DIRECTION('',(1.,0.,-0.));
#5835 = DIRECTION('',(0.,0.,1.));
#5836 = FACE_BOUND('',#5837,.T.);
#5837 = EDGE_LOOP('',(#5838));
#5838 = ORIENTED_EDGE('',*,*,#5795,.F.);
#5839 = PLANE('',#5840);
#5840 = AXIS2_PLACEMENT_3D('',#5841,#5842,#5843);
#5841 = CARTESIAN_POINT('',(61.85,0.,0.));
#5842 = DIRECTION('',(1.,0.,0.));
#5843 = DIRECTION('',(0.,0.,1.));
#5844 = ADVANCED_FACE('',(#5845,#5856),#5859,.F.);
#5845 = FACE_BOUND('',#5846,.F.);
#5846 = EDGE_LOOP('',(#5847));
#5847 = ORIENTED_EDGE('',*,*,#5848,.T.);
#5848 = EDGE_CURVE('',#5849,#5849,#5851,.T.);
#5849 = VERTEX_POINT('',#5850);
#5850 = CARTESIAN_POINT('',(81.,2.E-15,10.));
#5851 = CIRCLE('',#5852,10.);
#5852 = AXIS2_PLACEMENT_3D('',#5853,#5854,#5855);
#5853 = CARTESIAN_POINT('',(81.,0.,0.));
#5854 = DIRECTION('',(1.,0.,-0.));
#5855 = DIRECTION('',(0.,0.,1.));
#5856 = FACE_BOUND('',#5857,.F.);
#5857 = EDGE_LOOP('',(#5858));
#5858 = ORIENTED_EDGE('',*,*,#5812,.F.);
#5859 = PLANE('',#5860);
#5860 = AXIS2_PLACEMENT_3D('',#5861,#5862,#5863);
#5861 = CARTESIAN_POINT('',(81.,0.,0.));
#5862 = DIRECTION('',(1.,0.,0.));
#5863 = DIRECTION('',(0.,0.,1.));
#5864 = ADVANCED_FACE('',(#5865),#5884,.T.);
#5865 = FACE_BOUND('',#5866,.T.);
#5866 = EDGE_LOOP('',(#5867,#5876,#5882,#5883));
#5867 = ORIENTED_EDGE('',*,*,#5868,.T.);
#5868 = EDGE_CURVE('',#5869,#5869,#5871,.T.);
#5869 = VERTEX_POINT('',#5870);
#5870 = CARTESIAN_POINT('',(39.,2.E-15,10.));
#5871 = CIRCLE('',#5872,10.);
#5872 = AXIS2_PLACEMENT_3D('',#5873,#5874,#5875);
#5873 = CARTESIAN_POINT('',(39.,0.,0.));
#5874 = DIRECTION('',(1.,0.,-0.));
#5875 = DIRECTION('',(0.,0.,1.));
#5876 = ORIENTED_EDGE('',*,*,#5877,.T.);
#5877 = EDGE_CURVE('',#5869,#5829,#5878,.T.);
#5878 = LINE('',#5879,#5880);
#5879 = CARTESIAN_POINT('',(-61.85,2.45E-15,10.));
#5880 = VECTOR('',#5881,1.);
#5881 = DIRECTION('',(1.,0.,0.));
#5882 = ORIENTED_EDGE('',*,*,#5828,.F.);
#5883 = ORIENTED_EDGE('',*,*,#5877,.F.);
#5884 = CYLINDRICAL_SURFACE('',#5885,10.);
#5885 = AXIS2_PLACEMENT_3D('',#5886,#5887,#5888);
#5886 = CARTESIAN_POINT('',(-61.85,0.,0.));
#5887 = DIRECTION('',(1.,0.,0.));
#5888 = DIRECTION('',(0.,0.,1.));
#5889 = ADVANCED_FACE('',(#5890),#5909,.T.);
#5890 = FACE_BOUND('',#5891,.T.);
#5891 = EDGE_LOOP('',(#5892,#5901,#5907,#5908));
#5892 = ORIENTED_EDGE('',*,*,#5893,.F.);
#5893 = EDGE_CURVE('',#5894,#5894,#5896,.T.);
#5894 = VERTEX_POINT('',#5895);
#5895 = CARTESIAN_POINT('',(82.,2.E-15,10.));
#5896 = CIRCLE('',#5897,10.);
#5897 = AXIS2_PLACEMENT_3D('',#5898,#5899,#5900);
#5898 = CARTESIAN_POINT('',(82.,0.,0.));
#5899 = DIRECTION('',(1.,0.,-0.));
#5900 = DIRECTION('',(0.,0.,1.));
#5901 = ORIENTED_EDGE('',*,*,#5902,.F.);
#5902 = EDGE_CURVE('',#5849,#5894,#5903,.T.);
#5903 = LINE('',#5904,#5905);
#5904 = CARTESIAN_POINT('',(81.,2.45E-15,10.));
#5905 = VECTOR('',#5906,1.);
#5906 = DIRECTION('',(1.,0.,0.));
#5907 = ORIENTED_EDGE('',*,*,#5848,.T.);
#5908 = ORIENTED_EDGE('',*,*,#5902,.T.);
#5909 = CYLINDRICAL_SURFACE('',#5910,10.);
#5910 = AXIS2_PLACEMENT_3D('',#5911,#5912,#5913);
#5911 = CARTESIAN_POINT('',(81.,0.,0.));
#5912 = DIRECTION('',(1.,0.,0.));
#5913 = DIRECTION('',(0.,0.,1.));
#5914 = ADVANCED_FACE('',(#5915,#5926),#5929,.T.);
#5915 = FACE_BOUND('',#5916,.T.);
#5916 = EDGE_LOOP('',(#5917));
#5917 = ORIENTED_EDGE('',*,*,#5918,.T.);
#5918 = EDGE_CURVE('',#5919,#5919,#5921,.T.);
#5919 = VERTEX_POINT('',#5920);
#5920 = CARTESIAN_POINT('',(39.,-3.5,14.));
#5921 = CIRCLE('',#5922,14.);
#5922 = AXIS2_PLACEMENT_3D('',#5923,#5924,#5925);
#5923 = CARTESIAN_POINT('',(39.,-3.5,0.));
#5924 = DIRECTION('',(1.,0.,-0.));
#5925 = DIRECTION('',(0.,0.,1.));
#5926 = FACE_BOUND('',#5927,.T.);
#5927 = EDGE_LOOP('',(#5928));
#5928 = ORIENTED_EDGE('',*,*,#5868,.F.);
#5929 = PLANE('',#5930);
#5930 = AXIS2_PLACEMENT_3D('',#5931,#5932,#5933);
#5931 = CARTESIAN_POINT('',(39.,-3.5,0.));
#5932 = DIRECTION('',(1.,0.,0.));
#5933 = DIRECTION('',(0.,0.,1.));
#5934 = ADVANCED_FACE('',(#5935,#5938),#5949,.T.);
#5935 = FACE_BOUND('',#5936,.T.);
#5936 = EDGE_LOOP('',(#5937));
#5937 = ORIENTED_EDGE('',*,*,#5893,.T.);
#5938 = FACE_BOUND('',#5939,.T.);
#5939 = EDGE_LOOP('',(#5940));
#5940 = ORIENTED_EDGE('',*,*,#5941,.F.);
#5941 = EDGE_CURVE('',#5942,#5942,#5944,.T.);
#5942 = VERTEX_POINT('',#5943);
#5943 = CARTESIAN_POINT('',(82.,2.E-15,8.));
#5944 = CIRCLE('',#5945,8.);
#5945 = AXIS2_PLACEMENT_3D('',#5946,#5947,#5948);
#5946 = CARTESIAN_POINT('',(82.,0.,0.));
#5947 = DIRECTION('',(1.,0.,-0.));
#5948 = DIRECTION('',(0.,0.,1.));
#5949 = PLANE('',#5950);
#5950 = AXIS2_PLACEMENT_3D('',#5951,#5952,#5953);
#5951 = CARTESIAN_POINT('',(82.,0.,0.));
#5952 = DIRECTION('',(1.,0.,0.));
#5953 = DIRECTION('',(0.,0.,1.));
#5954 = ADVANCED_FACE('',(#5955),#5974,.T.);
#5955 = FACE_BOUND('',#5956,.T.);
#5956 = EDGE_LOOP('',(#5957,#5958,#5966,#5973));
#5957 = ORIENTED_EDGE('',*,*,#5918,.F.);
#5958 = ORIENTED_EDGE('',*,*,#5959,.F.);
#5959 = EDGE_CURVE('',#5960,#5919,#5962,.T.);
#5960 = VERTEX_POINT('',#5961);
#5961 = CARTESIAN_POINT('',(17.,-3.5,14.));
#5962 = LINE('',#5963,#5964);
#5963 = CARTESIAN_POINT('',(17.,-3.5,14.));
#5964 = VECTOR('',#5965,1.);
#5965 = DIRECTION('',(1.,0.,0.));
#5966 = ORIENTED_EDGE('',*,*,#5967,.T.);
#5967 = EDGE_CURVE('',#5960,#5960,#5968,.T.);
#5968 = CIRCLE('',#5969,14.);
#5969 = AXIS2_PLACEMENT_3D('',#5970,#5971,#5972);
#5970 = CARTESIAN_POINT('',(17.,-3.5,0.));
#5971 = DIRECTION('',(1.,0.,-0.));
#5972 = DIRECTION('',(0.,0.,1.));
#5973 = ORIENTED_EDGE('',*,*,#5959,.T.);
#5974 = CYLINDRICAL_SURFACE('',#5975,14.);
#5975 = AXIS2_PLACEMENT_3D('',#5976,#5977,#5978);
#5976 = CARTESIAN_POINT('',(17.,-3.5,0.));
#5977 = DIRECTION('',(1.,0.,0.));
#5978 = DIRECTION('',(0.,0.,1.));
#5979 = ADVANCED_FACE('',(#5980),#6070,.T.);
#5980 = FACE_BOUND('',#5981,.T.);
#5981 = EDGE_LOOP('',(#5982,#5990,#5991,#5992,#6004,#6012,#6024,#6032,
    #6039,#6040,#6052,#6060));
#5982 = ORIENTED_EDGE('',*,*,#5983,.F.);
#5983 = EDGE_CURVE('',#5942,#5984,#5986,.T.);
#5984 = VERTEX_POINT('',#5985);
#5985 = CARTESIAN_POINT('',(90.920526338572,2.E-15,8.));
#5986 = LINE('',#5987,#5988);
#5987 = CARTESIAN_POINT('',(-78.5,1.96E-15,8.));
#5988 = VECTOR('',#5989,1.);
#5989 = DIRECTION('',(1.,0.,0.));
#5990 = ORIENTED_EDGE('',*,*,#5941,.T.);
#5991 = ORIENTED_EDGE('',*,*,#5983,.T.);
#5992 = ORIENTED_EDGE('',*,*,#5993,.F.);
#5993 = EDGE_CURVE('',#5994,#5984,#5996,.T.);
#5994 = VERTEX_POINT('',#5995);
#5995 = CARTESIAN_POINT('',(90.978888306229,1.6375,7.830618988943));
#5996 = B_SPLINE_CURVE_WITH_KNOTS('',6,(#5997,#5998,#5999,#6000,#6001,
    #6002,#6003),.UNSPECIFIED.,.F.,.F.,(7,7),(0.,1.),
  .PIECEWISE_BEZIER_KNOTS.);
#5997 = CARTESIAN_POINT('',(90.978888351435,1.6375006,7.830618863474));
#5998 = CARTESIAN_POINT('',(90.958517854653,1.367131497312,
    7.887157123807));
#5999 = CARTESIAN_POINT('',(90.94296106898,1.095187995195,7.932332653547
    ));
#6000 = CARTESIAN_POINT('',(90.931653330204,0.82211610608,7.966176807614
    ));
#6001 = CARTESIAN_POINT('',(90.924235215711,0.548314005532,7.98872601137
    ));
#6002 = CARTESIAN_POINT('',(90.920526338572,0.274153222191,8.));
#6003 = CARTESIAN_POINT('',(90.920526338572,1.98E-15,8.));
#6004 = ORIENTED_EDGE('',*,*,#6005,.T.);
#6005 = EDGE_CURVE('',#5994,#6006,#6008,.T.);
#6006 = VERTEX_POINT('',#6007);
#6007 = CARTESIAN_POINT('',(103.02111169377,1.6375,7.830618988943));
#6008 = LINE('',#6009,#6010);
#6009 = CARTESIAN_POINT('',(-78.5,1.6375,7.830618988943));
#6010 = VECTOR('',#6011,1.);
#6011 = DIRECTION('',(1.,0.,0.));
#6012 = ORIENTED_EDGE('',*,*,#6013,.F.);
#6013 = EDGE_CURVE('',#6014,#6006,#6016,.T.);
#6014 = VERTEX_POINT('',#6015);
#6015 = CARTESIAN_POINT('',(103.07947366142,2.E-15,8.));
#6016 = B_SPLINE_CURVE_WITH_KNOTS('',6,(#6017,#6018,#6019,#6020,#6021,
    #6022,#6023),.UNSPECIFIED.,.F.,.F.,(7,7),(0.,1.),
  .PIECEWISE_BEZIER_KNOTS.);
#6017 = CARTESIAN_POINT('',(103.07947366142,1.98E-15,8.));
#6018 = CARTESIAN_POINT('',(103.07947366142,0.274153423546,8.));
#6019 = CARTESIAN_POINT('',(103.075764779,0.548314082773,7.9887259948));
#6020 = CARTESIAN_POINT('',(103.06834666943,0.822116025355,7.96617680809
    ));
#6021 = CARTESIAN_POINT('',(103.05703893853,1.095187875628,
    7.932332674991));
#6022 = CARTESIAN_POINT('',(103.04148214832,1.367131457771,
    7.887157132076));
#6023 = CARTESIAN_POINT('',(103.02111164856,1.6375006,7.830618863474));
#6024 = ORIENTED_EDGE('',*,*,#6025,.T.);
#6025 = EDGE_CURVE('',#6014,#6026,#6028,.T.);
#6026 = VERTEX_POINT('',#6027);
#6027 = CARTESIAN_POINT('',(112.,2.E-15,8.));
#6028 = LINE('',#6029,#6030);
#6029 = CARTESIAN_POINT('',(-78.5,1.96E-15,8.));
#6030 = VECTOR('',#6031,1.);
#6031 = DIRECTION('',(1.,0.,0.));
#6032 = ORIENTED_EDGE('',*,*,#6033,.F.);
#6033 = EDGE_CURVE('',#6026,#6026,#6034,.T.);
#6034 = CIRCLE('',#6035,8.);
#6035 = AXIS2_PLACEMENT_3D('',#6036,#6037,#6038);
#6036 = CARTESIAN_POINT('',(112.,0.,0.));
#6037 = DIRECTION('',(1.,0.,-0.));
#6038 = DIRECTION('',(0.,0.,1.));
#6039 = ORIENTED_EDGE('',*,*,#6025,.F.);
#6040 = ORIENTED_EDGE('',*,*,#6041,.T.);
#6041 = EDGE_CURVE('',#6014,#6042,#6044,.T.);
#6042 = VERTEX_POINT('',#6043);
#6043 = CARTESIAN_POINT('',(103.02111169377,-1.6375,7.830618988943));
#6044 = B_SPLINE_CURVE_WITH_KNOTS('',6,(#6045,#6046,#6047,#6048,#6049,
    #6050,#6051),.UNSPECIFIED.,.F.,.F.,(7,7),(0.,1.),
  .PIECEWISE_BEZIER_KNOTS.);
#6045 = CARTESIAN_POINT('',(103.07947366142,0.,8.));
#6046 = CARTESIAN_POINT('',(103.07947366142,-0.274153423546,8.));
#6047 = CARTESIAN_POINT('',(103.075764779,-0.548314082773,7.9887259948)
  );
#6048 = CARTESIAN_POINT('',(103.06834666943,-0.822116025356,
    7.96617680809));
#6049 = CARTESIAN_POINT('',(103.05703893853,-1.095187875628,
    7.932332674991));
#6050 = CARTESIAN_POINT('',(103.04148214832,-1.367131457771,
    7.887157132076));
#6051 = CARTESIAN_POINT('',(103.02111164856,-1.6375006,7.830618863474));
#6052 = ORIENTED_EDGE('',*,*,#6053,.F.);
#6053 = EDGE_CURVE('',#6054,#6042,#6056,.T.);
#6054 = VERTEX_POINT('',#6055);
#6055 = CARTESIAN_POINT('',(90.978888306229,-1.6375,7.830618988943));
#6056 = LINE('',#6057,#6058);
#6057 = CARTESIAN_POINT('',(-78.5,-1.6375,7.830618988943));
#6058 = VECTOR('',#6059,1.);
#6059 = DIRECTION('',(1.,0.,0.));
#6060 = ORIENTED_EDGE('',*,*,#6061,.T.);
#6061 = EDGE_CURVE('',#6054,#5984,#6062,.T.);
#6062 = B_SPLINE_CURVE_WITH_KNOTS('',6,(#6063,#6064,#6065,#6066,#6067,
    #6068,#6069),.UNSPECIFIED.,.F.,.F.,(7,7),(0.,1.),
  .PIECEWISE_BEZIER_KNOTS.);
#6063 = CARTESIAN_POINT('',(90.978888351435,-1.6375006,7.830618863474));
#6064 = CARTESIAN_POINT('',(90.958517854653,-1.367131497313,
    7.887157123807));
#6065 = CARTESIAN_POINT('',(90.94296106898,-1.095187995195,
    7.932332653547));
#6066 = CARTESIAN_POINT('',(90.931653330204,-0.822116106078,
    7.966176807615));
#6067 = CARTESIAN_POINT('',(90.924235215711,-0.548314005532,
    7.98872601137));
#6068 = CARTESIAN_POINT('',(90.920526338572,-0.274153222192,8.));
#6069 = CARTESIAN_POINT('',(90.920526338572,0.,8.));
#6070 = CYLINDRICAL_SURFACE('',#6071,8.);
#6071 = AXIS2_PLACEMENT_3D('',#6072,#6073,#6074);
#6072 = CARTESIAN_POINT('',(-78.5,0.,0.));
#6073 = DIRECTION('',(1.,0.,0.));
#6074 = DIRECTION('',(0.,0.,1.));
#6075 = ADVANCED_FACE('',(#6076,#6079),#6090,.F.);
#6076 = FACE_BOUND('',#6077,.F.);
#6077 = EDGE_LOOP('',(#6078));
#6078 = ORIENTED_EDGE('',*,*,#5967,.T.);
#6079 = FACE_BOUND('',#6080,.F.);
#6080 = EDGE_LOOP('',(#6081));
#6081 = ORIENTED_EDGE('',*,*,#6082,.F.);
#6082 = EDGE_CURVE('',#6083,#6083,#6085,.T.);
#6083 = VERTEX_POINT('',#6084);
#6084 = CARTESIAN_POINT('',(17.,2.E-15,10.));
#6085 = CIRCLE('',#6086,10.);
#6086 = AXIS2_PLACEMENT_3D('',#6087,#6088,#6089);
#6087 = CARTESIAN_POINT('',(17.,0.,0.));
#6088 = DIRECTION('',(1.,0.,-0.));
#6089 = DIRECTION('',(0.,0.,1.));
#6090 = PLANE('',#6091);
#6091 = AXIS2_PLACEMENT_3D('',#6092,#6093,#6094);
#6092 = CARTESIAN_POINT('',(17.,-3.5,0.));
#6093 = DIRECTION('',(1.,0.,0.));
#6094 = DIRECTION('',(0.,0.,1.));
#6095 = ADVANCED_FACE('',(#6096),#6116,.F.);
#6096 = FACE_BOUND('',#6097,.F.);
#6097 = EDGE_LOOP('',(#6098,#6105,#6106,#6107,#6114,#6115));
#6098 = ORIENTED_EDGE('',*,*,#6099,.F.);
#6099 = EDGE_CURVE('',#6006,#5994,#6100,.T.);
#6100 = CIRCLE('',#6101,6.4);
#6101 = AXIS2_PLACEMENT_3D('',#6102,#6103,#6104);
#6102 = CARTESIAN_POINT('',(97.,1.6375,10.));
#6103 = DIRECTION('',(0.,1.,0.));
#6104 = DIRECTION('',(0.,0.,1.));
#6105 = ORIENTED_EDGE('',*,*,#6013,.F.);
#6106 = ORIENTED_EDGE('',*,*,#6041,.T.);
#6107 = ORIENTED_EDGE('',*,*,#6108,.T.);
#6108 = EDGE_CURVE('',#6042,#6054,#6109,.T.);
#6109 = CIRCLE('',#6110,6.4);
#6110 = AXIS2_PLACEMENT_3D('',#6111,#6112,#6113);
#6111 = CARTESIAN_POINT('',(97.,-1.6375,10.));
#6112 = DIRECTION('',(0.,1.,0.));
#6113 = DIRECTION('',(0.,0.,1.));
#6114 = ORIENTED_EDGE('',*,*,#6061,.T.);
#6115 = ORIENTED_EDGE('',*,*,#5993,.F.);
#6116 = CYLINDRICAL_SURFACE('',#6117,6.4);
#6117 = AXIS2_PLACEMENT_3D('',#6118,#6119,#6120);
#6118 = CARTESIAN_POINT('',(97.,-1.6375,10.));
#6119 = DIRECTION('',(0.,1.,0.));
#6120 = DIRECTION('',(0.,0.,1.));
#6121 = ADVANCED_FACE('',(#6122),#6126,.T.);
#6122 = FACE_BOUND('',#6123,.T.);
#6123 = EDGE_LOOP('',(#6124,#6125));
#6124 = ORIENTED_EDGE('',*,*,#6108,.T.);
#6125 = ORIENTED_EDGE('',*,*,#6053,.T.);
#6126 = PLANE('',#6127);
#6127 = AXIS2_PLACEMENT_3D('',#6128,#6129,#6130);
#6128 = CARTESIAN_POINT('',(97.,-1.6375,10.));
#6129 = DIRECTION('',(0.,1.,0.));
#6130 = DIRECTION('',(0.,0.,1.));
#6131 = ADVANCED_FACE('',(#6132,#6135),#6146,.T.);
#6132 = FACE_BOUND('',#6133,.T.);
#6133 = EDGE_LOOP('',(#6134));
#6134 = ORIENTED_EDGE('',*,*,#6033,.T.);
#6135 = FACE_BOUND('',#6136,.T.);
#6136 = EDGE_LOOP('',(#6137));
#6137 = ORIENTED_EDGE('',*,*,#6138,.F.);
#6138 = EDGE_CURVE('',#6139,#6139,#6141,.T.);
#6139 = VERTEX_POINT('',#6140);
#6140 = CARTESIAN_POINT('',(112.,2.E-15,6.35));
#6141 = CIRCLE('',#6142,6.35);
#6142 = AXIS2_PLACEMENT_3D('',#6143,#6144,#6145);
#6143 = CARTESIAN_POINT('',(112.,0.,0.));
#6144 = DIRECTION('',(1.,0.,-0.));
#6145 = DIRECTION('',(0.,0.,1.));
#6146 = PLANE('',#6147);
#6147 = AXIS2_PLACEMENT_3D('',#6148,#6149,#6150);
#6148 = CARTESIAN_POINT('',(112.,0.,0.));
#6149 = DIRECTION('',(1.,0.,0.));
#6150 = DIRECTION('',(0.,0.,1.));
#6151 = ADVANCED_FACE('',(#6152),#6156,.F.);
#6152 = FACE_BOUND('',#6153,.F.);
#6153 = EDGE_LOOP('',(#6154,#6155));
#6154 = ORIENTED_EDGE('',*,*,#6099,.T.);
#6155 = ORIENTED_EDGE('',*,*,#6005,.T.);
#6156 = PLANE('',#6157);
#6157 = AXIS2_PLACEMENT_3D('',#6158,#6159,#6160);
#6158 = CARTESIAN_POINT('',(97.,1.6375,10.));
#6159 = DIRECTION('',(0.,1.,0.));
#6160 = DIRECTION('',(0.,0.,1.));
#6161 = ADVANCED_FACE('',(#6162),#6181,.T.);
#6162 = FACE_BOUND('',#6163,.T.);
#6163 = EDGE_LOOP('',(#6164,#6173,#6179,#6180));
#6164 = ORIENTED_EDGE('',*,*,#6165,.T.);
#6165 = EDGE_CURVE('',#6166,#6166,#6168,.T.);
#6166 = VERTEX_POINT('',#6167);
#6167 = CARTESIAN_POINT('',(-17.,2.E-15,10.));
#6168 = CIRCLE('',#6169,10.);
#6169 = AXIS2_PLACEMENT_3D('',#6170,#6171,#6172);
#6170 = CARTESIAN_POINT('',(-17.,0.,0.));
#6171 = DIRECTION('',(1.,0.,-0.));
#6172 = DIRECTION('',(0.,0.,1.));
#6173 = ORIENTED_EDGE('',*,*,#6174,.T.);
#6174 = EDGE_CURVE('',#6166,#6083,#6175,.T.);
#6175 = LINE('',#6176,#6177);
#6176 = CARTESIAN_POINT('',(-61.85,2.45E-15,10.));
#6177 = VECTOR('',#6178,1.);
#6178 = DIRECTION('',(1.,0.,0.));
#6179 = ORIENTED_EDGE('',*,*,#6082,.F.);
#6180 = ORIENTED_EDGE('',*,*,#6174,.F.);
#6181 = CYLINDRICAL_SURFACE('',#6182,10.);
#6182 = AXIS2_PLACEMENT_3D('',#6183,#6184,#6185);
#6183 = CARTESIAN_POINT('',(-61.85,0.,0.));
#6184 = DIRECTION('',(1.,0.,0.));
#6185 = DIRECTION('',(0.,0.,1.));
#6186 = ADVANCED_FACE('',(#6187),#6206,.T.);
#6187 = FACE_BOUND('',#6188,.T.);
#6188 = EDGE_LOOP('',(#6189,#6198,#6204,#6205));
#6189 = ORIENTED_EDGE('',*,*,#6190,.F.);
#6190 = EDGE_CURVE('',#6191,#6191,#6193,.T.);
#6191 = VERTEX_POINT('',#6192);
#6192 = CARTESIAN_POINT('',(123.,2.E-15,6.35));
#6193 = CIRCLE('',#6194,6.35);
#6194 = AXIS2_PLACEMENT_3D('',#6195,#6196,#6197);
#6195 = CARTESIAN_POINT('',(123.,0.,0.));
#6196 = DIRECTION('',(1.,0.,-0.));
#6197 = DIRECTION('',(0.,0.,1.));
#6198 = ORIENTED_EDGE('',*,*,#6199,.F.);
#6199 = EDGE_CURVE('',#6139,#6191,#6200,.T.);
#6200 = LINE('',#6201,#6202);
#6201 = CARTESIAN_POINT('',(112.,1.56E-15,6.35));
#6202 = VECTOR('',#6203,1.);
#6203 = DIRECTION('',(1.,0.,0.));
#6204 = ORIENTED_EDGE('',*,*,#6138,.T.);
#6205 = ORIENTED_EDGE('',*,*,#6199,.T.);
#6206 = CYLINDRICAL_SURFACE('',#6207,6.35);
#6207 = AXIS2_PLACEMENT_3D('',#6208,#6209,#6210);
#6208 = CARTESIAN_POINT('',(112.,0.,0.));
#6209 = DIRECTION('',(1.,0.,0.));
#6210 = DIRECTION('',(0.,0.,1.));
#6211 = ADVANCED_FACE('',(#6212,#6223),#6226,.T.);
#6212 = FACE_BOUND('',#6213,.T.);
#6213 = EDGE_LOOP('',(#6214));
#6214 = ORIENTED_EDGE('',*,*,#6215,.T.);
#6215 = EDGE_CURVE('',#6216,#6216,#6218,.T.);
#6216 = VERTEX_POINT('',#6217);
#6217 = CARTESIAN_POINT('',(-17.,3.5,14.));
#6218 = CIRCLE('',#6219,14.);
#6219 = AXIS2_PLACEMENT_3D('',#6220,#6221,#6222);
#6220 = CARTESIAN_POINT('',(-17.,3.5,0.));
#6221 = DIRECTION('',(1.,0.,-0.));
#6222 = DIRECTION('',(0.,0.,1.));
#6223 = FACE_BOUND('',#6224,.T.);
#6224 = EDGE_LOOP('',(#6225));
#6225 = ORIENTED_EDGE('',*,*,#6165,.F.);
#6226 = PLANE('',#6227);
#6227 = AXIS2_PLACEMENT_3D('',#6228,#6229,#6230);
#6228 = CARTESIAN_POINT('',(-17.,3.5,0.));
#6229 = DIRECTION('',(1.,0.,0.));
#6230 = DIRECTION('',(0.,0.,1.));
#6231 = ADVANCED_FACE('',(#6232),#6235,.T.);
#6232 = FACE_BOUND('',#6233,.T.);
#6233 = EDGE_LOOP('',(#6234));
#6234 = ORIENTED_EDGE('',*,*,#6190,.T.);
#6235 = PLANE('',#6236);
#6236 = AXIS2_PLACEMENT_3D('',#6237,#6238,#6239);
#6237 = CARTESIAN_POINT('',(123.,0.,0.));
#6238 = DIRECTION('',(1.,0.,0.));
#6239 = DIRECTION('',(0.,0.,1.));
#6240 = ADVANCED_FACE('',(#6241),#6260,.T.);
#6241 = FACE_BOUND('',#6242,.T.);
#6242 = EDGE_LOOP('',(#6243,#6244,#6252,#6259));
#6243 = ORIENTED_EDGE('',*,*,#6215,.F.);
#6244 = ORIENTED_EDGE('',*,*,#6245,.F.);
#6245 = EDGE_CURVE('',#6246,#6216,#6248,.T.);
#6246 = VERTEX_POINT('',#6247);
#6247 = CARTESIAN_POINT('',(-39.,3.5,14.));
#6248 = LINE('',#6249,#6250);
#6249 = CARTESIAN_POINT('',(-39.,3.5,14.));
#6250 = VECTOR('',#6251,1.);
#6251 = DIRECTION('',(1.,0.,0.));
#6252 = ORIENTED_EDGE('',*,*,#6253,.T.);
#6253 = EDGE_CURVE('',#6246,#6246,#6254,.T.);
#6254 = CIRCLE('',#6255,14.);
#6255 = AXIS2_PLACEMENT_3D('',#6256,#6257,#6258);
#6256 = CARTESIAN_POINT('',(-39.,3.5,0.));
#6257 = DIRECTION('',(1.,0.,-0.));
#6258 = DIRECTION('',(0.,0.,1.));
#6259 = ORIENTED_EDGE('',*,*,#6245,.T.);
#6260 = CYLINDRICAL_SURFACE('',#6261,14.);
#6261 = AXIS2_PLACEMENT_3D('',#6262,#6263,#6264);
#6262 = CARTESIAN_POINT('',(-39.,3.5,0.));
#6263 = DIRECTION('',(1.,0.,0.));
#6264 = DIRECTION('',(0.,0.,1.));
#6265 = ADVANCED_FACE('',(#6266,#6269),#6280,.F.);
#6266 = FACE_BOUND('',#6267,.F.);
#6267 = EDGE_LOOP('',(#6268));
#6268 = ORIENTED_EDGE('',*,*,#6253,.T.);
#6269 = FACE_BOUND('',#6270,.F.);
#6270 = EDGE_LOOP('',(#6271));
#6271 = ORIENTED_EDGE('',*,*,#6272,.F.);
#6272 = EDGE_CURVE('',#6273,#6273,#6275,.T.);
#6273 = VERTEX_POINT('',#6274);
#6274 = CARTESIAN_POINT('',(-39.,2.E-15,10.));
#6275 = CIRCLE('',#6276,10.);
#6276 = AXIS2_PLACEMENT_3D('',#6277,#6278,#6279);
#6277 = CARTESIAN_POINT('',(-39.,0.,0.));
#6278 = DIRECTION('',(1.,0.,-0.));
#6279 = DIRECTION('',(0.,0.,1.));
#6280 = PLANE('',#6281);
#6281 = AXIS2_PLACEMENT_3D('',#6282,#6283,#6284);
#6282 = CARTESIAN_POINT('',(-39.,3.5,0.));
#6283 = DIRECTION('',(1.,0.,0.));
#6284 = DIRECTION('',(0.,0.,1.));
#6285 = ADVANCED_FACE('',(#6286),#6305,.T.);
#6286 = FACE_BOUND('',#6287,.T.);
#6287 = EDGE_LOOP('',(#6288,#6289,#6297,#6304));
#6288 = ORIENTED_EDGE('',*,*,#6272,.F.);
#6289 = ORIENTED_EDGE('',*,*,#6290,.F.);
#6290 = EDGE_CURVE('',#6291,#6273,#6293,.T.);
#6291 = VERTEX_POINT('',#6292);
#6292 = CARTESIAN_POINT('',(-61.85,2.E-15,10.));
#6293 = LINE('',#6294,#6295);
#6294 = CARTESIAN_POINT('',(-61.85,2.45E-15,10.));
#6295 = VECTOR('',#6296,1.);
#6296 = DIRECTION('',(1.,0.,0.));
#6297 = ORIENTED_EDGE('',*,*,#6298,.T.);
#6298 = EDGE_CURVE('',#6291,#6291,#6299,.T.);
#6299 = CIRCLE('',#6300,10.);
#6300 = AXIS2_PLACEMENT_3D('',#6301,#6302,#6303);
#6301 = CARTESIAN_POINT('',(-61.85,0.,0.));
#6302 = DIRECTION('',(1.,0.,-0.));
#6303 = DIRECTION('',(0.,0.,1.));
#6304 = ORIENTED_EDGE('',*,*,#6290,.T.);
#6305 = CYLINDRICAL_SURFACE('',#6306,10.);
#6306 = AXIS2_PLACEMENT_3D('',#6307,#6308,#6309);
#6307 = CARTESIAN_POINT('',(-61.85,0.,0.));
#6308 = DIRECTION('',(1.,0.,0.));
#6309 = DIRECTION('',(0.,0.,1.));
#6310 = ADVANCED_FACE('',(#6311,#6314),#6325,.F.);
#6311 = FACE_BOUND('',#6312,.F.);
#6312 = EDGE_LOOP('',(#6313));
#6313 = ORIENTED_EDGE('',*,*,#6298,.T.);
#6314 = FACE_BOUND('',#6315,.F.);
#6315 = EDGE_LOOP('',(#6316));
#6316 = ORIENTED_EDGE('',*,*,#6317,.F.);
#6317 = EDGE_CURVE('',#6318,#6318,#6320,.T.);
#6318 = VERTEX_POINT('',#6319);
#6319 = CARTESIAN_POINT('',(-61.85,2.E-15,8.));
#6320 = CIRCLE('',#6321,8.);
#6321 = AXIS2_PLACEMENT_3D('',#6322,#6323,#6324);
#6322 = CARTESIAN_POINT('',(-61.85,0.,0.));
#6323 = DIRECTION('',(1.,0.,-0.));
#6324 = DIRECTION('',(0.,0.,1.));
#6325 = PLANE('',#6326);
#6326 = AXIS2_PLACEMENT_3D('',#6327,#6328,#6329);
#6327 = CARTESIAN_POINT('',(-61.85,0.,0.));
#6328 = DIRECTION('',(1.,0.,0.));
#6329 = DIRECTION('',(0.,0.,1.));
#6330 = ADVANCED_FACE('',(#6331),#6350,.T.);
#6331 = FACE_BOUND('',#6332,.T.);
#6332 = EDGE_LOOP('',(#6333,#6334,#6342,#6349));
#6333 = ORIENTED_EDGE('',*,*,#6317,.F.);
#6334 = ORIENTED_EDGE('',*,*,#6335,.F.);
#6335 = EDGE_CURVE('',#6336,#6318,#6338,.T.);
#6336 = VERTEX_POINT('',#6337);
#6337 = CARTESIAN_POINT('',(-78.5,2.E-15,8.));
#6338 = LINE('',#6339,#6340);
#6339 = CARTESIAN_POINT('',(-78.5,1.96E-15,8.));
#6340 = VECTOR('',#6341,1.);
#6341 = DIRECTION('',(1.,0.,0.));
#6342 = ORIENTED_EDGE('',*,*,#6343,.T.);
#6343 = EDGE_CURVE('',#6336,#6336,#6344,.T.);
#6344 = CIRCLE('',#6345,8.);
#6345 = AXIS2_PLACEMENT_3D('',#6346,#6347,#6348);
#6346 = CARTESIAN_POINT('',(-78.5,0.,0.));
#6347 = DIRECTION('',(1.,0.,-0.));
#6348 = DIRECTION('',(0.,0.,1.));
#6349 = ORIENTED_EDGE('',*,*,#6335,.T.);
#6350 = CYLINDRICAL_SURFACE('',#6351,8.);
#6351 = AXIS2_PLACEMENT_3D('',#6352,#6353,#6354);
#6352 = CARTESIAN_POINT('',(-78.5,0.,0.));
#6353 = DIRECTION('',(1.,0.,0.));
#6354 = DIRECTION('',(0.,0.,1.));
#6355 = ADVANCED_FACE('',(#6356),#6359,.F.);
#6356 = FACE_BOUND('',#6357,.T.);
#6357 = EDGE_LOOP('',(#6358));
#6358 = ORIENTED_EDGE('',*,*,#6343,.F.);
#6359 = PLANE('',#6360);
#6360 = AXIS2_PLACEMENT_3D('',#6361,#6362,#6363);
#6361 = CARTESIAN_POINT('',(-78.5,0.,0.));
#6362 = DIRECTION('',(1.,0.,0.));
#6363 = DIRECTION('',(0.,0.,1.));
#6364 = MANIFOLD_SOLID_BREP('',#6365);
#6365 = CLOSED_SHELL('',(#6366,#6399,#6419,#6444,#6469,#6494,#6514,#6539
    ,#6564,#6589,#6609,#6629,#6713,#6738,#6770,#6794,#6819,#6836,#6856,
    #6876,#6888));
#6366 = ADVANCED_FACE('',(#6367),#6394,.T.);
#6367 = FACE_BOUND('',#6368,.T.);
#6368 = EDGE_LOOP('',(#6369,#6378,#6386,#6393));
#6369 = ORIENTED_EDGE('',*,*,#6370,.T.);
#6370 = EDGE_CURVE('',#6371,#6371,#6373,.T.);
#6371 = VERTEX_POINT('',#6372);
#6372 = CARTESIAN_POINT('',(85.,95.25,0.));
#6373 = CIRCLE('',#6374,95.25);
#6374 = AXIS2_PLACEMENT_3D('',#6375,#6376,#6377);
#6375 = CARTESIAN_POINT('',(85.,0.,0.));
#6376 = DIRECTION('',(1.,0.,0.));
#6377 = DIRECTION('',(0.,1.,0.));
#6378 = ORIENTED_EDGE('',*,*,#6379,.T.);
#6379 = EDGE_CURVE('',#6371,#6380,#6382,.T.);
#6380 = VERTEX_POINT('',#6381);
#6381 = CARTESIAN_POINT('',(87.75,95.25,0.));
#6382 = LINE('',#6383,#6384);
#6383 = CARTESIAN_POINT('',(85.,95.25,0.));
#6384 = VECTOR('',#6385,1.);
#6385 = DIRECTION('',(1.,0.,0.));
#6386 = ORIENTED_EDGE('',*,*,#6387,.F.);
#6387 = EDGE_CURVE('',#6380,#6380,#6388,.T.);
#6388 = CIRCLE('',#6389,95.25);
#6389 = AXIS2_PLACEMENT_3D('',#6390,#6391,#6392);
#6390 = CARTESIAN_POINT('',(87.75,0.,0.));
#6391 = DIRECTION('',(1.,0.,0.));
#6392 = DIRECTION('',(0.,1.,0.));
#6393 = ORIENTED_EDGE('',*,*,#6379,.F.);
#6394 = CYLINDRICAL_SURFACE('',#6395,95.25);
#6395 = AXIS2_PLACEMENT_3D('',#6396,#6397,#6398);
#6396 = CARTESIAN_POINT('',(85.,0.,0.));
#6397 = DIRECTION('',(1.,0.,0.));
#6398 = DIRECTION('',(0.,1.,0.));
#6399 = ADVANCED_FACE('',(#6400,#6411),#6414,.F.);
#6400 = FACE_BOUND('',#6401,.T.);
#6401 = EDGE_LOOP('',(#6402));
#6402 = ORIENTED_EDGE('',*,*,#6403,.T.);
#6403 = EDGE_CURVE('',#6404,#6404,#6406,.T.);
#6404 = VERTEX_POINT('',#6405);
#6405 = CARTESIAN_POINT('',(85.,76.25,0.));
#6406 = CIRCLE('',#6407,76.25);
#6407 = AXIS2_PLACEMENT_3D('',#6408,#6409,#6410);
#6408 = CARTESIAN_POINT('',(85.,0.,0.));
#6409 = DIRECTION('',(1.,0.,0.));
#6410 = DIRECTION('',(0.,1.,0.));
#6411 = FACE_BOUND('',#6412,.T.);
#6412 = EDGE_LOOP('',(#6413));
#6413 = ORIENTED_EDGE('',*,*,#6370,.F.);
#6414 = PLANE('',#6415);
#6415 = AXIS2_PLACEMENT_3D('',#6416,#6417,#6418);
#6416 = CARTESIAN_POINT('',(85.,0.,0.));
#6417 = DIRECTION('',(1.,0.,0.));
#6418 = DIRECTION('',(0.,1.,0.));
#6419 = ADVANCED_FACE('',(#6420),#6439,.T.);
#6420 = FACE_BOUND('',#6421,.T.);
#6421 = EDGE_LOOP('',(#6422,#6423,#6431,#6438));
#6422 = ORIENTED_EDGE('',*,*,#6387,.T.);
#6423 = ORIENTED_EDGE('',*,*,#6424,.T.);
#6424 = EDGE_CURVE('',#6380,#6425,#6427,.T.);
#6425 = VERTEX_POINT('',#6426);
#6426 = CARTESIAN_POINT('',(91.240592039805,81.25,0.));
#6427 = LINE('',#6428,#6429);
#6428 = CARTESIAN_POINT('',(87.75,95.25,0.));
#6429 = VECTOR('',#6430,1.);
#6430 = DIRECTION('',(0.2419218956,-0.970295726276,0.));
#6431 = ORIENTED_EDGE('',*,*,#6432,.F.);
#6432 = EDGE_CURVE('',#6425,#6425,#6433,.T.);
#6433 = CIRCLE('',#6434,81.25);
#6434 = AXIS2_PLACEMENT_3D('',#6435,#6436,#6437);
#6435 = CARTESIAN_POINT('',(91.240592039805,0.,0.));
#6436 = DIRECTION('',(1.,0.,0.));
#6437 = DIRECTION('',(0.,1.,0.));
#6438 = ORIENTED_EDGE('',*,*,#6424,.F.);
#6439 = CONICAL_SURFACE('',#6440,95.25,1.326450231516);
#6440 = AXIS2_PLACEMENT_3D('',#6441,#6442,#6443);
#6441 = CARTESIAN_POINT('',(87.75,0.,0.));
#6442 = DIRECTION('',(-1.,-0.,-0.));
#6443 = DIRECTION('',(0.,1.,0.));
#6444 = ADVANCED_FACE('',(#6445),#6464,.F.);
#6445 = FACE_BOUND('',#6446,.T.);
#6446 = EDGE_LOOP('',(#6447,#6456,#6462,#6463));
#6447 = ORIENTED_EDGE('',*,*,#6448,.F.);
#6448 = EDGE_CURVE('',#6449,#6449,#6451,.T.);
#6449 = VERTEX_POINT('',#6450);
#6450 = CARTESIAN_POINT('',(94.,76.25,0.));
#6451 = CIRCLE('',#6452,76.25);
#6452 = AXIS2_PLACEMENT_3D('',#6453,#6454,#6455);
#6453 = CARTESIAN_POINT('',(94.,0.,0.));
#6454 = DIRECTION('',(-1.,0.,0.));
#6455 = DIRECTION('',(0.,1.,0.));
#6456 = ORIENTED_EDGE('',*,*,#6457,.T.);
#6457 = EDGE_CURVE('',#6449,#6404,#6458,.T.);
#6458 = LINE('',#6459,#6460);
#6459 = CARTESIAN_POINT('',(107.,76.25,0.));
#6460 = VECTOR('',#6461,1.);
#6461 = DIRECTION('',(-1.,0.,0.));
#6462 = ORIENTED_EDGE('',*,*,#6403,.F.);
#6463 = ORIENTED_EDGE('',*,*,#6457,.F.);
#6464 = CYLINDRICAL_SURFACE('',#6465,76.25);
#6465 = AXIS2_PLACEMENT_3D('',#6466,#6467,#6468);
#6466 = CARTESIAN_POINT('',(107.,0.,0.));
#6467 = DIRECTION('',(-1.,-0.,-0.));
#6468 = DIRECTION('',(0.,1.,0.));
#6469 = ADVANCED_FACE('',(#6470),#6489,.T.);
#6470 = FACE_BOUND('',#6471,.T.);
#6471 = EDGE_LOOP('',(#6472,#6473,#6481,#6488));
#6472 = ORIENTED_EDGE('',*,*,#6432,.T.);
#6473 = ORIENTED_EDGE('',*,*,#6474,.T.);
#6474 = EDGE_CURVE('',#6425,#6475,#6477,.T.);
#6475 = VERTEX_POINT('',#6476);
#6476 = CARTESIAN_POINT('',(100.75940796019,81.25,0.));
#6477 = LINE('',#6478,#6479);
#6478 = CARTESIAN_POINT('',(91.240592039805,81.25,0.));
#6479 = VECTOR('',#6480,1.);
#6480 = DIRECTION('',(1.,0.,0.));
#6481 = ORIENTED_EDGE('',*,*,#6482,.F.);
#6482 = EDGE_CURVE('',#6475,#6475,#6483,.T.);
#6483 = CIRCLE('',#6484,81.25);
#6484 = AXIS2_PLACEMENT_3D('',#6485,#6486,#6487);
#6485 = CARTESIAN_POINT('',(100.75940796019,0.,0.));
#6486 = DIRECTION('',(1.,0.,0.));
#6487 = DIRECTION('',(0.,1.,0.));
#6488 = ORIENTED_EDGE('',*,*,#6474,.F.);
#6489 = CYLINDRICAL_SURFACE('',#6490,81.25);
#6490 = AXIS2_PLACEMENT_3D('',#6491,#6492,#6493);
#6491 = CARTESIAN_POINT('',(91.240592039805,0.,0.));
#6492 = DIRECTION('',(1.,0.,0.));
#6493 = DIRECTION('',(0.,1.,0.));
#6494 = ADVANCED_FACE('',(#6495,#6498),#6509,.F.);
#6495 = FACE_BOUND('',#6496,.F.);
#6496 = EDGE_LOOP('',(#6497));
#6497 = ORIENTED_EDGE('',*,*,#6448,.F.);
#6498 = FACE_BOUND('',#6499,.F.);
#6499 = EDGE_LOOP('',(#6500));
#6500 = ORIENTED_EDGE('',*,*,#6501,.F.);
#6501 = EDGE_CURVE('',#6502,#6502,#6504,.T.);
#6502 = VERTEX_POINT('',#6503);
#6503 = CARTESIAN_POINT('',(94.,4.E-15,18.));
#6504 = CIRCLE('',#6505,18.);
#6505 = AXIS2_PLACEMENT_3D('',#6506,#6507,#6508);
#6506 = CARTESIAN_POINT('',(94.,0.,0.));
#6507 = DIRECTION('',(1.,0.,-0.));
#6508 = DIRECTION('',(0.,0.,1.));
#6509 = PLANE('',#6510);
#6510 = AXIS2_PLACEMENT_3D('',#6511,#6512,#6513);
#6511 = CARTESIAN_POINT('',(94.,0.,0.));
#6512 = DIRECTION('',(1.,0.,0.));
#6513 = DIRECTION('',(0.,0.,1.));
#6514 = ADVANCED_FACE('',(#6515),#6534,.T.);
#6515 = FACE_BOUND('',#6516,.T.);
#6516 = EDGE_LOOP('',(#6517,#6518,#6526,#6533));
#6517 = ORIENTED_EDGE('',*,*,#6482,.T.);
#6518 = ORIENTED_EDGE('',*,*,#6519,.T.);
#6519 = EDGE_CURVE('',#6475,#6520,#6522,.T.);
#6520 = VERTEX_POINT('',#6521);
#6521 = CARTESIAN_POINT('',(104.25,95.25,0.));
#6522 = LINE('',#6523,#6524);
#6523 = CARTESIAN_POINT('',(100.75940796019,81.25,0.));
#6524 = VECTOR('',#6525,1.);
#6525 = DIRECTION('',(0.2419218956,0.970295726276,0.));
#6526 = ORIENTED_EDGE('',*,*,#6527,.F.);
#6527 = EDGE_CURVE('',#6520,#6520,#6528,.T.);
#6528 = CIRCLE('',#6529,95.25);
#6529 = AXIS2_PLACEMENT_3D('',#6530,#6531,#6532);
#6530 = CARTESIAN_POINT('',(104.25,0.,0.));
#6531 = DIRECTION('',(1.,0.,0.));
#6532 = DIRECTION('',(0.,1.,0.));
#6533 = ORIENTED_EDGE('',*,*,#6519,.F.);
#6534 = CONICAL_SURFACE('',#6535,81.25,1.326450231516);
#6535 = AXIS2_PLACEMENT_3D('',#6536,#6537,#6538);
#6536 = CARTESIAN_POINT('',(100.75940796019,0.,0.));
#6537 = DIRECTION('',(1.,0.,0.));
#6538 = DIRECTION('',(0.,1.,0.));
#6539 = ADVANCED_FACE('',(#6540),#6559,.T.);
#6540 = FACE_BOUND('',#6541,.T.);
#6541 = EDGE_LOOP('',(#6542,#6543,#6551,#6558));
#6542 = ORIENTED_EDGE('',*,*,#6501,.F.);
#6543 = ORIENTED_EDGE('',*,*,#6544,.F.);
#6544 = EDGE_CURVE('',#6545,#6502,#6547,.T.);
#6545 = VERTEX_POINT('',#6546);
#6546 = CARTESIAN_POINT('',(82.,4.E-15,18.));
#6547 = LINE('',#6548,#6549);
#6548 = CARTESIAN_POINT('',(82.,4.41E-15,18.));
#6549 = VECTOR('',#6550,1.);
#6550 = DIRECTION('',(1.,0.,0.));
#6551 = ORIENTED_EDGE('',*,*,#6552,.T.);
#6552 = EDGE_CURVE('',#6545,#6545,#6553,.T.);
#6553 = CIRCLE('',#6554,18.);
#6554 = AXIS2_PLACEMENT_3D('',#6555,#6556,#6557);
#6555 = CARTESIAN_POINT('',(82.,0.,0.));
#6556 = DIRECTION('',(1.,0.,-0.));
#6557 = DIRECTION('',(0.,0.,1.));
#6558 = ORIENTED_EDGE('',*,*,#6544,.T.);
#6559 = CYLINDRICAL_SURFACE('',#6560,18.);
#6560 = AXIS2_PLACEMENT_3D('',#6561,#6562,#6563);
#6561 = CARTESIAN_POINT('',(82.,0.,0.));
#6562 = DIRECTION('',(1.,0.,0.));
#6563 = DIRECTION('',(0.,0.,1.));
#6564 = ADVANCED_FACE('',(#6565),#6584,.T.);
#6565 = FACE_BOUND('',#6566,.T.);
#6566 = EDGE_LOOP('',(#6567,#6568,#6576,#6583));
#6567 = ORIENTED_EDGE('',*,*,#6527,.T.);
#6568 = ORIENTED_EDGE('',*,*,#6569,.T.);
#6569 = EDGE_CURVE('',#6520,#6570,#6572,.T.);
#6570 = VERTEX_POINT('',#6571);
#6571 = CARTESIAN_POINT('',(107.,95.25,0.));
#6572 = LINE('',#6573,#6574);
#6573 = CARTESIAN_POINT('',(104.25,95.25,0.));
#6574 = VECTOR('',#6575,1.);
#6575 = DIRECTION('',(1.,0.,0.));
#6576 = ORIENTED_EDGE('',*,*,#6577,.F.);
#6577 = EDGE_CURVE('',#6570,#6570,#6578,.T.);
#6578 = CIRCLE('',#6579,95.25);
#6579 = AXIS2_PLACEMENT_3D('',#6580,#6581,#6582);
#6580 = CARTESIAN_POINT('',(107.,0.,0.));
#6581 = DIRECTION('',(1.,0.,0.));
#6582 = DIRECTION('',(0.,1.,0.));
#6583 = ORIENTED_EDGE('',*,*,#6569,.F.);
#6584 = CYLINDRICAL_SURFACE('',#6585,95.25);
#6585 = AXIS2_PLACEMENT_3D('',#6586,#6587,#6588);
#6586 = CARTESIAN_POINT('',(104.25,0.,0.));
#6587 = DIRECTION('',(1.,0.,0.));
#6588 = DIRECTION('',(0.,1.,0.));
#6589 = ADVANCED_FACE('',(#6590,#6593),#6604,.F.);
#6590 = FACE_BOUND('',#6591,.F.);
#6591 = EDGE_LOOP('',(#6592));
#6592 = ORIENTED_EDGE('',*,*,#6552,.T.);
#6593 = FACE_BOUND('',#6594,.F.);
#6594 = EDGE_LOOP('',(#6595));
#6595 = ORIENTED_EDGE('',*,*,#6596,.F.);
#6596 = EDGE_CURVE('',#6597,#6597,#6599,.T.);
#6597 = VERTEX_POINT('',#6598);
#6598 = CARTESIAN_POINT('',(82.,2.E-15,8.15));
#6599 = CIRCLE('',#6600,8.15);
#6600 = AXIS2_PLACEMENT_3D('',#6601,#6602,#6603);
#6601 = CARTESIAN_POINT('',(82.,0.,0.));
#6602 = DIRECTION('',(1.,0.,-0.));
#6603 = DIRECTION('',(0.,0.,1.));
#6604 = PLANE('',#6605);
#6605 = AXIS2_PLACEMENT_3D('',#6606,#6607,#6608);
#6606 = CARTESIAN_POINT('',(82.,0.,0.));
#6607 = DIRECTION('',(1.,0.,0.));
#6608 = DIRECTION('',(0.,0.,1.));
#6609 = ADVANCED_FACE('',(#6610,#6613),#6624,.T.);
#6610 = FACE_BOUND('',#6611,.T.);
#6611 = EDGE_LOOP('',(#6612));
#6612 = ORIENTED_EDGE('',*,*,#6577,.T.);
#6613 = FACE_BOUND('',#6614,.T.);
#6614 = EDGE_LOOP('',(#6615));
#6615 = ORIENTED_EDGE('',*,*,#6616,.F.);
#6616 = EDGE_CURVE('',#6617,#6617,#6619,.T.);
#6617 = VERTEX_POINT('',#6618);
#6618 = CARTESIAN_POINT('',(107.,76.25,0.));
#6619 = CIRCLE('',#6620,76.25);
#6620 = AXIS2_PLACEMENT_3D('',#6621,#6622,#6623);
#6621 = CARTESIAN_POINT('',(107.,0.,0.));
#6622 = DIRECTION('',(1.,0.,0.));
#6623 = DIRECTION('',(0.,1.,0.));
#6624 = PLANE('',#6625);
#6625 = AXIS2_PLACEMENT_3D('',#6626,#6627,#6628);
#6626 = CARTESIAN_POINT('',(107.,0.,0.));
#6627 = DIRECTION('',(1.,0.,0.));
#6628 = DIRECTION('',(0.,1.,0.));
#6629 = ADVANCED_FACE('',(#6630),#6708,.F.);
#6630 = FACE_BOUND('',#6631,.F.);
#6631 = EDGE_LOOP('',(#6632,#6642,#6649,#6650,#6659,#6667,#6676,#6682,
    #6683,#6684,#6693,#6701));
#6632 = ORIENTED_EDGE('',*,*,#6633,.T.);
#6633 = EDGE_CURVE('',#6634,#6636,#6638,.T.);
#6634 = VERTEX_POINT('',#6635);
#6635 = CARTESIAN_POINT('',(103.4,2.E-15,8.15));
#6636 = VERTEX_POINT('',#6637);
#6637 = CARTESIAN_POINT('',(112.,2.E-15,8.15));
#6638 = LINE('',#6639,#6640);
#6639 = CARTESIAN_POINT('',(81.,2.E-15,8.15));
#6640 = VECTOR('',#6641,1.);
#6641 = DIRECTION('',(1.,0.,0.));
#6642 = ORIENTED_EDGE('',*,*,#6643,.F.);
#6643 = EDGE_CURVE('',#6636,#6636,#6644,.T.);
#6644 = CIRCLE('',#6645,8.15);
#6645 = AXIS2_PLACEMENT_3D('',#6646,#6647,#6648);
#6646 = CARTESIAN_POINT('',(112.,0.,0.));
#6647 = DIRECTION('',(1.,0.,-0.));
#6648 = DIRECTION('',(0.,0.,1.));
#6649 = ORIENTED_EDGE('',*,*,#6633,.F.);
#6650 = ORIENTED_EDGE('',*,*,#6651,.T.);
#6651 = EDGE_CURVE('',#6634,#6652,#6654,.T.);
#6652 = VERTEX_POINT('',#6653);
#6653 = CARTESIAN_POINT('',(103.4,-1.6375,7.983801960845));
#6654 = CIRCLE('',#6655,8.15);
#6655 = AXIS2_PLACEMENT_3D('',#6656,#6657,#6658);
#6656 = CARTESIAN_POINT('',(103.4,0.,0.));
#6657 = DIRECTION('',(1.,0.,-0.));
#6658 = DIRECTION('',(0.,0.,1.));
#6659 = ORIENTED_EDGE('',*,*,#6660,.F.);
#6660 = EDGE_CURVE('',#6661,#6652,#6663,.T.);
#6661 = VERTEX_POINT('',#6662);
#6662 = CARTESIAN_POINT('',(90.6,-1.6375,7.983801960845));
#6663 = LINE('',#6664,#6665);
#6664 = CARTESIAN_POINT('',(81.,-1.6375,7.983801960845));
#6665 = VECTOR('',#6666,1.);
#6666 = DIRECTION('',(1.,0.,0.));
#6667 = ORIENTED_EDGE('',*,*,#6668,.F.);
#6668 = EDGE_CURVE('',#6669,#6661,#6671,.T.);
#6669 = VERTEX_POINT('',#6670);
#6670 = CARTESIAN_POINT('',(90.6,2.E-15,8.15));
#6671 = CIRCLE('',#6672,8.15);
#6672 = AXIS2_PLACEMENT_3D('',#6673,#6674,#6675);
#6673 = CARTESIAN_POINT('',(90.6,0.,0.));
#6674 = DIRECTION('',(1.,0.,-0.));
#6675 = DIRECTION('',(0.,0.,1.));
#6676 = ORIENTED_EDGE('',*,*,#6677,.F.);
#6677 = EDGE_CURVE('',#6597,#6669,#6678,.T.);
#6678 = LINE('',#6679,#6680);
#6679 = CARTESIAN_POINT('',(81.,2.E-15,8.15));
#6680 = VECTOR('',#6681,1.);
#6681 = DIRECTION('',(1.,0.,0.));
#6682 = ORIENTED_EDGE('',*,*,#6596,.T.);
#6683 = ORIENTED_EDGE('',*,*,#6677,.T.);
#6684 = ORIENTED_EDGE('',*,*,#6685,.F.);
#6685 = EDGE_CURVE('',#6686,#6669,#6688,.T.);
#6686 = VERTEX_POINT('',#6687);
#6687 = CARTESIAN_POINT('',(90.6,1.6375,7.983801960845));
#6688 = CIRCLE('',#6689,8.15);
#6689 = AXIS2_PLACEMENT_3D('',#6690,#6691,#6692);
#6690 = CARTESIAN_POINT('',(90.6,0.,0.));
#6691 = DIRECTION('',(1.,0.,-0.));
#6692 = DIRECTION('',(0.,0.,1.));
#6693 = ORIENTED_EDGE('',*,*,#6694,.T.);
#6694 = EDGE_CURVE('',#6686,#6695,#6697,.T.);
#6695 = VERTEX_POINT('',#6696);
#6696 = CARTESIAN_POINT('',(103.4,1.6375,7.983801960845));
#6697 = LINE('',#6698,#6699);
#6698 = CARTESIAN_POINT('',(81.,1.6375,7.983801960845));
#6699 = VECTOR('',#6700,1.);
#6700 = DIRECTION('',(1.,0.,0.));
#6701 = ORIENTED_EDGE('',*,*,#6702,.T.);
#6702 = EDGE_CURVE('',#6695,#6634,#6703,.T.);
#6703 = CIRCLE('',#6704,8.15);
#6704 = AXIS2_PLACEMENT_3D('',#6705,#6706,#6707);
#6705 = CARTESIAN_POINT('',(103.4,0.,0.));
#6706 = DIRECTION('',(1.,0.,-0.));
#6707 = DIRECTION('',(0.,0.,1.));
#6708 = CYLINDRICAL_SURFACE('',#6709,8.15);
#6709 = AXIS2_PLACEMENT_3D('',#6710,#6711,#6712);
#6710 = CARTESIAN_POINT('',(81.,0.,0.));
#6711 = DIRECTION('',(1.,0.,0.));
#6712 = DIRECTION('',(0.,0.,1.));
#6713 = ADVANCED_FACE('',(#6714),#6733,.F.);
#6714 = FACE_BOUND('',#6715,.T.);
#6715 = EDGE_LOOP('',(#6716,#6724,#6725,#6726));
#6716 = ORIENTED_EDGE('',*,*,#6717,.F.);
#6717 = EDGE_CURVE('',#6617,#6718,#6720,.T.);
#6718 = VERTEX_POINT('',#6719);
#6719 = CARTESIAN_POINT('',(98.,76.25,0.));
#6720 = LINE('',#6721,#6722);
#6721 = CARTESIAN_POINT('',(107.,76.25,0.));
#6722 = VECTOR('',#6723,1.);
#6723 = DIRECTION('',(-1.,0.,0.));
#6724 = ORIENTED_EDGE('',*,*,#6616,.T.);
#6725 = ORIENTED_EDGE('',*,*,#6717,.T.);
#6726 = ORIENTED_EDGE('',*,*,#6727,.T.);
#6727 = EDGE_CURVE('',#6718,#6718,#6728,.T.);
#6728 = CIRCLE('',#6729,76.25);
#6729 = AXIS2_PLACEMENT_3D('',#6730,#6731,#6732);
#6730 = CARTESIAN_POINT('',(98.,0.,0.));
#6731 = DIRECTION('',(-1.,0.,0.));
#6732 = DIRECTION('',(0.,1.,0.));
#6733 = CYLINDRICAL_SURFACE('',#6734,76.25);
#6734 = AXIS2_PLACEMENT_3D('',#6735,#6736,#6737);
#6735 = CARTESIAN_POINT('',(107.,0.,0.));
#6736 = DIRECTION('',(-1.,-0.,-0.));
#6737 = DIRECTION('',(0.,1.,0.));
#6738 = ADVANCED_FACE('',(#6739),#6765,.F.);
#6739 = FACE_BOUND('',#6740,.F.);
#6740 = EDGE_LOOP('',(#6741,#6749,#6750,#6751,#6759));
#6741 = ORIENTED_EDGE('',*,*,#6742,.F.);
#6742 = EDGE_CURVE('',#6652,#6743,#6745,.T.);
#6743 = VERTEX_POINT('',#6744);
#6744 = CARTESIAN_POINT('',(103.4,-1.6375,10.05));
#6745 = LINE('',#6746,#6747);
#6746 = CARTESIAN_POINT('',(103.4,-1.6375,0.));
#6747 = VECTOR('',#6748,1.);
#6748 = DIRECTION('',(0.,0.,1.));
#6749 = ORIENTED_EDGE('',*,*,#6651,.F.);
#6750 = ORIENTED_EDGE('',*,*,#6702,.F.);
#6751 = ORIENTED_EDGE('',*,*,#6752,.T.);
#6752 = EDGE_CURVE('',#6695,#6753,#6755,.T.);
#6753 = VERTEX_POINT('',#6754);
#6754 = CARTESIAN_POINT('',(103.4,1.6375,10.05));
#6755 = LINE('',#6756,#6757);
#6756 = CARTESIAN_POINT('',(103.4,1.6375,0.));
#6757 = VECTOR('',#6758,1.);
#6758 = DIRECTION('',(0.,0.,1.));
#6759 = ORIENTED_EDGE('',*,*,#6760,.F.);
#6760 = EDGE_CURVE('',#6743,#6753,#6761,.T.);
#6761 = LINE('',#6762,#6763);
#6762 = CARTESIAN_POINT('',(103.4,-1.6375,10.05));
#6763 = VECTOR('',#6764,1.);
#6764 = DIRECTION('',(0.,1.,0.));
#6765 = PLANE('',#6766);
#6766 = AXIS2_PLACEMENT_3D('',#6767,#6768,#6769);
#6767 = CARTESIAN_POINT('',(103.4,-1.6375,0.));
#6768 = DIRECTION('',(1.,0.,0.));
#6769 = DIRECTION('',(0.,0.,1.));
#6770 = ADVANCED_FACE('',(#6771),#6789,.F.);
#6771 = FACE_BOUND('',#6772,.F.);
#6772 = EDGE_LOOP('',(#6773,#6774,#6775,#6783));
#6773 = ORIENTED_EDGE('',*,*,#6752,.F.);
#6774 = ORIENTED_EDGE('',*,*,#6694,.F.);
#6775 = ORIENTED_EDGE('',*,*,#6776,.T.);
#6776 = EDGE_CURVE('',#6686,#6777,#6779,.T.);
#6777 = VERTEX_POINT('',#6778);
#6778 = CARTESIAN_POINT('',(90.6,1.6375,10.05));
#6779 = LINE('',#6780,#6781);
#6780 = CARTESIAN_POINT('',(90.6,1.6375,0.));
#6781 = VECTOR('',#6782,1.);
#6782 = DIRECTION('',(0.,0.,1.));
#6783 = ORIENTED_EDGE('',*,*,#6784,.T.);
#6784 = EDGE_CURVE('',#6777,#6753,#6785,.T.);
#6785 = LINE('',#6786,#6787);
#6786 = CARTESIAN_POINT('',(90.6,1.6375,10.05));
#6787 = VECTOR('',#6788,1.);
#6788 = DIRECTION('',(1.,0.,0.));
#6789 = PLANE('',#6790);
#6790 = AXIS2_PLACEMENT_3D('',#6791,#6792,#6793);
#6791 = CARTESIAN_POINT('',(90.6,1.6375,0.));
#6792 = DIRECTION('',(0.,1.,0.));
#6793 = DIRECTION('',(0.,0.,1.));
#6794 = ADVANCED_FACE('',(#6795),#6814,.T.);
#6795 = FACE_BOUND('',#6796,.T.);
#6796 = EDGE_LOOP('',(#6797,#6805,#6806,#6807,#6808));
#6797 = ORIENTED_EDGE('',*,*,#6798,.F.);
#6798 = EDGE_CURVE('',#6661,#6799,#6801,.T.);
#6799 = VERTEX_POINT('',#6800);
#6800 = CARTESIAN_POINT('',(90.6,-1.6375,10.05));
#6801 = LINE('',#6802,#6803);
#6802 = CARTESIAN_POINT('',(90.6,-1.6375,0.));
#6803 = VECTOR('',#6804,1.);
#6804 = DIRECTION('',(0.,0.,1.));
#6805 = ORIENTED_EDGE('',*,*,#6668,.F.);
#6806 = ORIENTED_EDGE('',*,*,#6685,.F.);
#6807 = ORIENTED_EDGE('',*,*,#6776,.T.);
#6808 = ORIENTED_EDGE('',*,*,#6809,.F.);
#6809 = EDGE_CURVE('',#6799,#6777,#6810,.T.);
#6810 = LINE('',#6811,#6812);
#6811 = CARTESIAN_POINT('',(90.6,-1.6375,10.05));
#6812 = VECTOR('',#6813,1.);
#6813 = DIRECTION('',(0.,1.,0.));
#6814 = PLANE('',#6815);
#6815 = AXIS2_PLACEMENT_3D('',#6816,#6817,#6818);
#6816 = CARTESIAN_POINT('',(90.6,-1.6375,0.));
#6817 = DIRECTION('',(1.,0.,0.));
#6818 = DIRECTION('',(0.,0.,1.));
#6819 = ADVANCED_FACE('',(#6820),#6831,.T.);
#6820 = FACE_BOUND('',#6821,.T.);
#6821 = EDGE_LOOP('',(#6822,#6823,#6824,#6825));
#6822 = ORIENTED_EDGE('',*,*,#6742,.F.);
#6823 = ORIENTED_EDGE('',*,*,#6660,.F.);
#6824 = ORIENTED_EDGE('',*,*,#6798,.T.);
#6825 = ORIENTED_EDGE('',*,*,#6826,.T.);
#6826 = EDGE_CURVE('',#6799,#6743,#6827,.T.);
#6827 = LINE('',#6828,#6829);
#6828 = CARTESIAN_POINT('',(90.6,-1.6375,10.05));
#6829 = VECTOR('',#6830,1.);
#6830 = DIRECTION('',(1.,0.,0.));
#6831 = PLANE('',#6832);
#6832 = AXIS2_PLACEMENT_3D('',#6833,#6834,#6835);
#6833 = CARTESIAN_POINT('',(90.6,-1.6375,0.));
#6834 = DIRECTION('',(0.,1.,0.));
#6835 = DIRECTION('',(0.,0.,1.));
#6836 = ADVANCED_FACE('',(#6837,#6848),#6851,.T.);
#6837 = FACE_BOUND('',#6838,.T.);
#6838 = EDGE_LOOP('',(#6839));
#6839 = ORIENTED_EDGE('',*,*,#6840,.T.);
#6840 = EDGE_CURVE('',#6841,#6841,#6843,.T.);
#6841 = VERTEX_POINT('',#6842);
#6842 = CARTESIAN_POINT('',(112.,4.E-15,18.));
#6843 = CIRCLE('',#6844,18.);
#6844 = AXIS2_PLACEMENT_3D('',#6845,#6846,#6847);
#6845 = CARTESIAN_POINT('',(112.,0.,0.));
#6846 = DIRECTION('',(1.,0.,-0.));
#6847 = DIRECTION('',(0.,0.,1.));
#6848 = FACE_BOUND('',#6849,.T.);
#6849 = EDGE_LOOP('',(#6850));
#6850 = ORIENTED_EDGE('',*,*,#6643,.F.);
#6851 = PLANE('',#6852);
#6852 = AXIS2_PLACEMENT_3D('',#6853,#6854,#6855);
#6853 = CARTESIAN_POINT('',(112.,0.,0.));
#6854 = DIRECTION('',(1.,0.,0.));
#6855 = DIRECTION('',(0.,0.,1.));
#6856 = ADVANCED_FACE('',(#6857,#6860),#6871,.T.);
#6857 = FACE_BOUND('',#6858,.T.);
#6858 = EDGE_LOOP('',(#6859));
#6859 = ORIENTED_EDGE('',*,*,#6727,.F.);
#6860 = FACE_BOUND('',#6861,.T.);
#6861 = EDGE_LOOP('',(#6862));
#6862 = ORIENTED_EDGE('',*,*,#6863,.F.);
#6863 = EDGE_CURVE('',#6864,#6864,#6866,.T.);
#6864 = VERTEX_POINT('',#6865);
#6865 = CARTESIAN_POINT('',(98.,4.E-15,18.));
#6866 = CIRCLE('',#6867,18.);
#6867 = AXIS2_PLACEMENT_3D('',#6868,#6869,#6870);
#6868 = CARTESIAN_POINT('',(98.,0.,0.));
#6869 = DIRECTION('',(1.,0.,-0.));
#6870 = DIRECTION('',(0.,0.,1.));
#6871 = PLANE('',#6872);
#6872 = AXIS2_PLACEMENT_3D('',#6873,#6874,#6875);
#6873 = CARTESIAN_POINT('',(98.,0.,0.));
#6874 = DIRECTION('',(1.,0.,0.));
#6875 = DIRECTION('',(0.,0.,1.));
#6876 = ADVANCED_FACE('',(#6877),#6883,.F.);
#6877 = FACE_BOUND('',#6878,.F.);
#6878 = EDGE_LOOP('',(#6879,#6880,#6881,#6882));
#6879 = ORIENTED_EDGE('',*,*,#6809,.F.);
#6880 = ORIENTED_EDGE('',*,*,#6826,.T.);
#6881 = ORIENTED_EDGE('',*,*,#6760,.T.);
#6882 = ORIENTED_EDGE('',*,*,#6784,.F.);
#6883 = PLANE('',#6884);
#6884 = AXIS2_PLACEMENT_3D('',#6885,#6886,#6887);
#6885 = CARTESIAN_POINT('',(90.6,-1.6375,10.05));
#6886 = DIRECTION('',(0.,0.,1.));
#6887 = DIRECTION('',(1.,0.,0.));
#6888 = ADVANCED_FACE('',(#6889),#6900,.T.);
#6889 = FACE_BOUND('',#6890,.T.);
#6890 = EDGE_LOOP('',(#6891,#6897,#6898,#6899));
#6891 = ORIENTED_EDGE('',*,*,#6892,.T.);
#6892 = EDGE_CURVE('',#6864,#6841,#6893,.T.);
#6893 = LINE('',#6894,#6895);
#6894 = CARTESIAN_POINT('',(82.,4.41E-15,18.));
#6895 = VECTOR('',#6896,1.);
#6896 = DIRECTION('',(1.,0.,0.));
#6897 = ORIENTED_EDGE('',*,*,#6840,.F.);
#6898 = ORIENTED_EDGE('',*,*,#6892,.F.);
#6899 = ORIENTED_EDGE('',*,*,#6863,.T.);
#6900 = CYLINDRICAL_SURFACE('',#6901,18.);
#6901 = AXIS2_PLACEMENT_3D('',#6902,#6903,#6904);
#6902 = CARTESIAN_POINT('',(82.,0.,0.));
#6903 = DIRECTION('',(1.,0.,0.));
#6904 = DIRECTION('',(0.,0.,1.));
#6905 = MANIFOLD_SOLID_BREP('',#6906);
#6906 = CLOSED_SHELL('',(#6907,#6947,#6978,#7009,#7053,#7097,#7114,#7131
    ,#7143));
#6907 = ADVANCED_FACE('',(#6908),#6942,.F.);
#6908 = FACE_BOUND('',#6909,.F.);
#6909 = EDGE_LOOP('',(#6910,#6920,#6928,#6936));
#6910 = ORIENTED_EDGE('',*,*,#6911,.T.);
#6911 = EDGE_CURVE('',#6912,#6914,#6916,.T.);
#6912 = VERTEX_POINT('',#6913);
#6913 = CARTESIAN_POINT('',(112.,0.,-10.99852262806));
#6914 = VERTEX_POINT('',#6915);
#6915 = CARTESIAN_POINT('',(121.525,0.,-10.99852262806));
#6916 = LINE('',#6917,#6918);
#6917 = CARTESIAN_POINT('',(112.,0.,-10.99852262806));
#6918 = VECTOR('',#6919,1.);
#6919 = DIRECTION('',(1.,0.,2.2E-16));
#6920 = ORIENTED_EDGE('',*,*,#6921,.T.);
#6921 = EDGE_CURVE('',#6914,#6922,#6924,.T.);
#6922 = VERTEX_POINT('',#6923);
#6923 = CARTESIAN_POINT('',(121.525,9.525,-5.499261314031));
#6924 = LINE('',#6925,#6926);
#6925 = CARTESIAN_POINT('',(121.525,0.,-10.99852262806));
#6926 = VECTOR('',#6927,1.);
#6927 = DIRECTION('',(-1.1E-16,0.866025403784,0.5));
#6928 = ORIENTED_EDGE('',*,*,#6929,.F.);
#6929 = EDGE_CURVE('',#6930,#6922,#6932,.T.);
#6930 = VERTEX_POINT('',#6931);
#6931 = CARTESIAN_POINT('',(112.,9.525,-5.499261314031));
#6932 = LINE('',#6933,#6934);
#6933 = CARTESIAN_POINT('',(112.,9.525,-5.499261314031));
#6934 = VECTOR('',#6935,1.);
#6935 = DIRECTION('',(1.,0.,2.2E-16));
#6936 = ORIENTED_EDGE('',*,*,#6937,.F.);
#6937 = EDGE_CURVE('',#6912,#6930,#6938,.T.);
#6938 = LINE('',#6939,#6940);
#6939 = CARTESIAN_POINT('',(112.,0.,-10.99852262806));
#6940 = VECTOR('',#6941,1.);
#6941 = DIRECTION('',(-1.1E-16,0.866025403784,0.5));
#6942 = PLANE('',#6943);
#6943 = AXIS2_PLACEMENT_3D('',#6944,#6945,#6946);
#6944 = CARTESIAN_POINT('',(112.,0.,-10.99852262806));
#6945 = DIRECTION('',(-1.9E-16,-0.5,0.866025403784));
#6946 = DIRECTION('',(-1.1E-16,0.866025403784,0.5));
#6947 = ADVANCED_FACE('',(#6948),#6973,.F.);
#6948 = FACE_BOUND('',#6949,.F.);
#6949 = EDGE_LOOP('',(#6950,#6960,#6966,#6967));
#6950 = ORIENTED_EDGE('',*,*,#6951,.T.);
#6951 = EDGE_CURVE('',#6952,#6954,#6956,.T.);
#6952 = VERTEX_POINT('',#6953);
#6953 = CARTESIAN_POINT('',(112.,-9.525,-5.499261314031));
#6954 = VERTEX_POINT('',#6955);
#6955 = CARTESIAN_POINT('',(121.525,-9.525,-5.499261314031));
#6956 = LINE('',#6957,#6958);
#6957 = CARTESIAN_POINT('',(112.,-9.525,-5.499261314031));
#6958 = VECTOR('',#6959,1.);
#6959 = DIRECTION('',(1.,0.,2.2E-16));
#6960 = ORIENTED_EDGE('',*,*,#6961,.T.);
#6961 = EDGE_CURVE('',#6954,#6914,#6962,.T.);
#6962 = LINE('',#6963,#6964);
#6963 = CARTESIAN_POINT('',(121.525,-9.525,-5.499261314031));
#6964 = VECTOR('',#6965,1.);
#6965 = DIRECTION('',(1.1E-16,0.866025403784,-0.5));
#6966 = ORIENTED_EDGE('',*,*,#6911,.F.);
#6967 = ORIENTED_EDGE('',*,*,#6968,.F.);
#6968 = EDGE_CURVE('',#6952,#6912,#6969,.T.);
#6969 = LINE('',#6970,#6971);
#6970 = CARTESIAN_POINT('',(112.,-9.525,-5.499261314031));
#6971 = VECTOR('',#6972,1.);
#6972 = DIRECTION('',(1.1E-16,0.866025403784,-0.5));
#6973 = PLANE('',#6974);
#6974 = AXIS2_PLACEMENT_3D('',#6975,#6976,#6977);
#6975 = CARTESIAN_POINT('',(112.,-9.525,-5.499261314031));
#6976 = DIRECTION('',(-1.9E-16,0.5,0.866025403784));
#6977 = DIRECTION('',(1.1E-16,0.866025403784,-0.5));
#6978 = ADVANCED_FACE('',(#6979),#7004,.F.);
#6979 = FACE_BOUND('',#6980,.F.);
#6980 = EDGE_LOOP('',(#6981,#6982,#6990,#6998));
#6981 = ORIENTED_EDGE('',*,*,#6929,.T.);
#6982 = ORIENTED_EDGE('',*,*,#6983,.T.);
#6983 = EDGE_CURVE('',#6922,#6984,#6986,.T.);
#6984 = VERTEX_POINT('',#6985);
#6985 = CARTESIAN_POINT('',(121.525,9.525,5.499261314031));
#6986 = LINE('',#6987,#6988);
#6987 = CARTESIAN_POINT('',(121.525,9.525,-5.499261314031));
#6988 = VECTOR('',#6989,1.);
#6989 = DIRECTION('',(-2.2E-16,0.,1.));
#6990 = ORIENTED_EDGE('',*,*,#6991,.F.);
#6991 = EDGE_CURVE('',#6992,#6984,#6994,.T.);
#6992 = VERTEX_POINT('',#6993);
#6993 = CARTESIAN_POINT('',(112.,9.525,5.499261314031));
#6994 = LINE('',#6995,#6996);
#6995 = CARTESIAN_POINT('',(112.,9.525,5.499261314031));
#6996 = VECTOR('',#6997,1.);
#6997 = DIRECTION('',(1.,0.,2.2E-16));
#6998 = ORIENTED_EDGE('',*,*,#6999,.F.);
#6999 = EDGE_CURVE('',#6930,#6992,#7000,.T.);
#7000 = LINE('',#7001,#7002);
#7001 = CARTESIAN_POINT('',(112.,9.525,-5.499261314031));
#7002 = VECTOR('',#7003,1.);
#7003 = DIRECTION('',(-2.2E-16,0.,1.));
#7004 = PLANE('',#7005);
#7005 = AXIS2_PLACEMENT_3D('',#7006,#7007,#7008);
#7006 = CARTESIAN_POINT('',(112.,9.525,-5.499261314031));
#7007 = DIRECTION('',(0.,-1.,0.));
#7008 = DIRECTION('',(-2.2E-16,0.,1.));
#7009 = ADVANCED_FACE('',(#7010,#7037),#7048,.F.);
#7010 = FACE_BOUND('',#7011,.F.);
#7011 = EDGE_LOOP('',(#7012,#7013,#7014,#7022,#7030,#7036));
#7012 = ORIENTED_EDGE('',*,*,#6937,.T.);
#7013 = ORIENTED_EDGE('',*,*,#6999,.T.);
#7014 = ORIENTED_EDGE('',*,*,#7015,.T.);
#7015 = EDGE_CURVE('',#6992,#7016,#7018,.T.);
#7016 = VERTEX_POINT('',#7017);
#7017 = CARTESIAN_POINT('',(112.,1.E-15,10.998522628062));
#7018 = LINE('',#7019,#7020);
#7019 = CARTESIAN_POINT('',(112.,9.525,5.499261314031));
#7020 = VECTOR('',#7021,1.);
#7021 = DIRECTION('',(-1.1E-16,-0.866025403784,0.5));
#7022 = ORIENTED_EDGE('',*,*,#7023,.T.);
#7023 = EDGE_CURVE('',#7016,#7024,#7026,.T.);
#7024 = VERTEX_POINT('',#7025);
#7025 = CARTESIAN_POINT('',(112.,-9.525,5.499261314031));
#7026 = LINE('',#7027,#7028);
#7027 = CARTESIAN_POINT('',(112.,1.35E-15,10.998522628062));
#7028 = VECTOR('',#7029,1.);
#7029 = DIRECTION('',(1.1E-16,-0.866025403784,-0.5));
#7030 = ORIENTED_EDGE('',*,*,#7031,.T.);
#7031 = EDGE_CURVE('',#7024,#6952,#7032,.T.);
#7032 = LINE('',#7033,#7034);
#7033 = CARTESIAN_POINT('',(112.,-9.525,5.499261314031));
#7034 = VECTOR('',#7035,1.);
#7035 = DIRECTION('',(2.2E-16,-3.2E-16,-1.));
#7036 = ORIENTED_EDGE('',*,*,#6968,.T.);
#7037 = FACE_BOUND('',#7038,.F.);
#7038 = EDGE_LOOP('',(#7039));
#7039 = ORIENTED_EDGE('',*,*,#7040,.F.);
#7040 = EDGE_CURVE('',#7041,#7041,#7043,.T.);
#7041 = VERTEX_POINT('',#7042);
#7042 = CARTESIAN_POINT('',(112.,-2.E-15,-6.5));
#7043 = CIRCLE('',#7044,6.5);
#7044 = AXIS2_PLACEMENT_3D('',#7045,#7046,#7047);
#7045 = CARTESIAN_POINT('',(112.,0.,0.));
#7046 = DIRECTION('',(1.,-0.,2.2E-16));
#7047 = DIRECTION('',(2.2E-16,0.,-1.));
#7048 = PLANE('',#7049);
#7049 = AXIS2_PLACEMENT_3D('',#7050,#7051,#7052);
#7050 = CARTESIAN_POINT('',(112.,0.,-5.4E-16));
#7051 = DIRECTION('',(1.,0.,2.2E-16));
#7052 = DIRECTION('',(2.2E-16,0.,-1.));
#7053 = ADVANCED_FACE('',(#7054,#7081),#7092,.T.);
#7054 = FACE_BOUND('',#7055,.T.);
#7055 = EDGE_LOOP('',(#7056,#7057,#7058,#7066,#7074,#7080));
#7056 = ORIENTED_EDGE('',*,*,#6921,.T.);
#7057 = ORIENTED_EDGE('',*,*,#6983,.T.);
#7058 = ORIENTED_EDGE('',*,*,#7059,.T.);
#7059 = EDGE_CURVE('',#6984,#7060,#7062,.T.);
#7060 = VERTEX_POINT('',#7061);
#7061 = CARTESIAN_POINT('',(121.525,1.E-15,10.998522628062));
#7062 = LINE('',#7063,#7064);
#7063 = CARTESIAN_POINT('',(121.525,9.525,5.499261314031));
#7064 = VECTOR('',#7065,1.);
#7065 = DIRECTION('',(-1.1E-16,-0.866025403784,0.5));
#7066 = ORIENTED_EDGE('',*,*,#7067,.T.);
#7067 = EDGE_CURVE('',#7060,#7068,#7070,.T.);
#7068 = VERTEX_POINT('',#7069);
#7069 = CARTESIAN_POINT('',(121.525,-9.525,5.499261314031));
#7070 = LINE('',#7071,#7072);
#7071 = CARTESIAN_POINT('',(121.525,1.35E-15,10.998522628062));
#7072 = VECTOR('',#7073,1.);
#7073 = DIRECTION('',(1.1E-16,-0.866025403784,-0.5));
#7074 = ORIENTED_EDGE('',*,*,#7075,.T.);
#7075 = EDGE_CURVE('',#7068,#6954,#7076,.T.);
#7076 = LINE('',#7077,#7078);
#7077 = CARTESIAN_POINT('',(121.525,-9.525,5.499261314031));
#7078 = VECTOR('',#7079,1.);
#7079 = DIRECTION('',(2.2E-16,-3.2E-16,-1.));
#7080 = ORIENTED_EDGE('',*,*,#6961,.T.);
#7081 = FACE_BOUND('',#7082,.T.);
#7082 = EDGE_LOOP('',(#7083));
#7083 = ORIENTED_EDGE('',*,*,#7084,.F.);
#7084 = EDGE_CURVE('',#7085,#7085,#7087,.T.);
#7085 = VERTEX_POINT('',#7086);
#7086 = CARTESIAN_POINT('',(121.525,-2.E-15,-6.5));
#7087 = CIRCLE('',#7088,6.5);
#7088 = AXIS2_PLACEMENT_3D('',#7089,#7090,#7091);
#7089 = CARTESIAN_POINT('',(121.525,0.,2.11E-15));
#7090 = DIRECTION('',(1.,-0.,2.2E-16));
#7091 = DIRECTION('',(2.2E-16,0.,-1.));
#7092 = PLANE('',#7093);
#7093 = AXIS2_PLACEMENT_3D('',#7094,#7095,#7096);
#7094 = CARTESIAN_POINT('',(121.525,0.,-3.552713678801E-15));
#7095 = DIRECTION('',(1.,0.,2.2E-16));
#7096 = DIRECTION('',(2.2E-16,0.,-1.));
#7097 = ADVANCED_FACE('',(#7098),#7109,.F.);
#7098 = FACE_BOUND('',#7099,.F.);
#7099 = EDGE_LOOP('',(#7100,#7106,#7107,#7108));
#7100 = ORIENTED_EDGE('',*,*,#7101,.T.);
#7101 = EDGE_CURVE('',#7024,#7068,#7102,.T.);
#7102 = LINE('',#7103,#7104);
#7103 = CARTESIAN_POINT('',(112.,-9.525,5.499261314031));
#7104 = VECTOR('',#7105,1.);
#7105 = DIRECTION('',(1.,0.,2.2E-16));
#7106 = ORIENTED_EDGE('',*,*,#7075,.T.);
#7107 = ORIENTED_EDGE('',*,*,#6951,.F.);
#7108 = ORIENTED_EDGE('',*,*,#7031,.F.);
#7109 = PLANE('',#7110);
#7110 = AXIS2_PLACEMENT_3D('',#7111,#7112,#7113);
#7111 = CARTESIAN_POINT('',(112.,-9.525,5.499261314031));
#7112 = DIRECTION('',(0.,1.,-3.2E-16));
#7113 = DIRECTION('',(2.2E-16,-3.2E-16,-1.));
#7114 = ADVANCED_FACE('',(#7115),#7126,.F.);
#7115 = FACE_BOUND('',#7116,.F.);
#7116 = EDGE_LOOP('',(#7117,#7118,#7119,#7125));
#7117 = ORIENTED_EDGE('',*,*,#6991,.T.);
#7118 = ORIENTED_EDGE('',*,*,#7059,.T.);
#7119 = ORIENTED_EDGE('',*,*,#7120,.F.);
#7120 = EDGE_CURVE('',#7016,#7060,#7121,.T.);
#7121 = LINE('',#7122,#7123);
#7122 = CARTESIAN_POINT('',(112.,1.35E-15,10.998522628062));
#7123 = VECTOR('',#7124,1.);
#7124 = DIRECTION('',(1.,0.,2.2E-16));
#7125 = ORIENTED_EDGE('',*,*,#7015,.F.);
#7126 = PLANE('',#7127);
#7127 = AXIS2_PLACEMENT_3D('',#7128,#7129,#7130);
#7128 = CARTESIAN_POINT('',(112.,9.525,5.499261314031));
#7129 = DIRECTION('',(1.9E-16,-0.5,-0.866025403784));
#7130 = DIRECTION('',(-1.1E-16,-0.866025403784,0.5));
#7131 = ADVANCED_FACE('',(#7132),#7138,.F.);
#7132 = FACE_BOUND('',#7133,.F.);
#7133 = EDGE_LOOP('',(#7134,#7135,#7136,#7137));
#7134 = ORIENTED_EDGE('',*,*,#7120,.T.);
#7135 = ORIENTED_EDGE('',*,*,#7067,.T.);
#7136 = ORIENTED_EDGE('',*,*,#7101,.F.);
#7137 = ORIENTED_EDGE('',*,*,#7023,.F.);
#7138 = PLANE('',#7139);
#7139 = AXIS2_PLACEMENT_3D('',#7140,#7141,#7142);
#7140 = CARTESIAN_POINT('',(112.,1.35E-15,10.998522628062));
#7141 = DIRECTION('',(1.9E-16,0.5,-0.866025403784));
#7142 = DIRECTION('',(1.1E-16,-0.866025403784,-0.5));
#7143 = ADVANCED_FACE('',(#7144),#7155,.F.);
#7144 = FACE_BOUND('',#7145,.F.);
#7145 = EDGE_LOOP('',(#7146,#7147,#7153,#7154));
#7146 = ORIENTED_EDGE('',*,*,#7084,.F.);
#7147 = ORIENTED_EDGE('',*,*,#7148,.F.);
#7148 = EDGE_CURVE('',#7041,#7085,#7149,.T.);
#7149 = LINE('',#7150,#7151);
#7150 = CARTESIAN_POINT('',(111.,-1.59E-15,-6.5));
#7151 = VECTOR('',#7152,1.);
#7152 = DIRECTION('',(1.,0.,2.2E-16));
#7153 = ORIENTED_EDGE('',*,*,#7040,.T.);
#7154 = ORIENTED_EDGE('',*,*,#7148,.T.);
#7155 = CYLINDRICAL_SURFACE('',#7156,6.5);
#7156 = AXIS2_PLACEMENT_3D('',#7157,#7158,#7159);
#7157 = CARTESIAN_POINT('',(111.,0.,-2.2E-16));
#7158 = DIRECTION('',(1.,0.,2.2E-16));
#7159 = DIRECTION('',(2.2E-16,0.,-1.));
#7160 = MANIFOLD_SOLID_BREP('',#7161);
#7161 = CLOSED_SHELL('',(#7162,#7267,#7276,#7292,#7315,#7330,#7353,#7368
    ,#7391,#7406,#7429,#7462,#7488,#7514,#7533));
#7162 = ADVANCED_FACE('',(#7163),#7262,.T.);
#7163 = FACE_BOUND('',#7164,.T.);
#7164 = EDGE_LOOP('',(#7165,#7175,#7184,#7193,#7202,#7211,#7220,#7229,
    #7238,#7247,#7254,#7255));
#7165 = ORIENTED_EDGE('',*,*,#7166,.T.);
#7166 = EDGE_CURVE('',#7167,#7169,#7171,.T.);
#7167 = VERTEX_POINT('',#7168);
#7168 = CARTESIAN_POINT('',(4.85,-1.E-15,-8.));
#7169 = VERTEX_POINT('',#7170);
#7170 = CARTESIAN_POINT('',(4.85,-1.E-15,0.));
#7171 = LINE('',#7172,#7173);
#7172 = CARTESIAN_POINT('',(4.85,-1.19E-15,-8.));
#7173 = VECTOR('',#7174,1.);
#7174 = DIRECTION('',(0.,0.,1.));
#7175 = ORIENTED_EDGE('',*,*,#7176,.F.);
#7176 = EDGE_CURVE('',#7177,#7169,#7179,.T.);
#7177 = VERTEX_POINT('',#7178);
#7178 = CARTESIAN_POINT('',(3.5,-3.35745439284,0.));
#7179 = CIRCLE('',#7180,4.85);
#7180 = AXIS2_PLACEMENT_3D('',#7181,#7182,#7183);
#7181 = CARTESIAN_POINT('',(0.,0.,0.));
#7182 = DIRECTION('',(0.,0.,1.));
#7183 = DIRECTION('',(1.,0.,0.));
#7184 = ORIENTED_EDGE('',*,*,#7185,.F.);
#7185 = EDGE_CURVE('',#7186,#7177,#7188,.T.);
#7186 = VERTEX_POINT('',#7187);
#7187 = CARTESIAN_POINT('',(3.35745439284,-3.5,0.));
#7188 = CIRCLE('',#7189,4.85);
#7189 = AXIS2_PLACEMENT_3D('',#7190,#7191,#7192);
#7190 = CARTESIAN_POINT('',(0.,0.,0.));
#7191 = DIRECTION('',(0.,0.,1.));
#7192 = DIRECTION('',(1.,0.,0.));
#7193 = ORIENTED_EDGE('',*,*,#7194,.F.);
#7194 = EDGE_CURVE('',#7195,#7186,#7197,.T.);
#7195 = VERTEX_POINT('',#7196);
#7196 = CARTESIAN_POINT('',(-3.35745439284,-3.5,0.));
#7197 = CIRCLE('',#7198,4.85);
#7198 = AXIS2_PLACEMENT_3D('',#7199,#7200,#7201);
#7199 = CARTESIAN_POINT('',(0.,0.,0.));
#7200 = DIRECTION('',(0.,0.,1.));
#7201 = DIRECTION('',(1.,0.,0.));
#7202 = ORIENTED_EDGE('',*,*,#7203,.F.);
#7203 = EDGE_CURVE('',#7204,#7195,#7206,.T.);
#7204 = VERTEX_POINT('',#7205);
#7205 = CARTESIAN_POINT('',(-3.5,-3.35745439284,0.));
#7206 = CIRCLE('',#7207,4.85);
#7207 = AXIS2_PLACEMENT_3D('',#7208,#7209,#7210);
#7208 = CARTESIAN_POINT('',(0.,0.,0.));
#7209 = DIRECTION('',(0.,0.,1.));
#7210 = DIRECTION('',(1.,0.,0.));
#7211 = ORIENTED_EDGE('',*,*,#7212,.F.);
#7212 = EDGE_CURVE('',#7213,#7204,#7215,.T.);
#7213 = VERTEX_POINT('',#7214);
#7214 = CARTESIAN_POINT('',(-3.5,3.35745439284,0.));
#7215 = CIRCLE('',#7216,4.85);
#7216 = AXIS2_PLACEMENT_3D('',#7217,#7218,#7219);
#7217 = CARTESIAN_POINT('',(0.,0.,0.));
#7218 = DIRECTION('',(0.,0.,1.));
#7219 = DIRECTION('',(1.,0.,0.));
#7220 = ORIENTED_EDGE('',*,*,#7221,.F.);
#7221 = EDGE_CURVE('',#7222,#7213,#7224,.T.);
#7222 = VERTEX_POINT('',#7223);
#7223 = CARTESIAN_POINT('',(-3.35745439284,3.5,0.));
#7224 = CIRCLE('',#7225,4.85);
#7225 = AXIS2_PLACEMENT_3D('',#7226,#7227,#7228);
#7226 = CARTESIAN_POINT('',(0.,0.,0.));
#7227 = DIRECTION('',(0.,0.,1.));
#7228 = DIRECTION('',(1.,0.,0.));
#7229 = ORIENTED_EDGE('',*,*,#7230,.F.);
#7230 = EDGE_CURVE('',#7231,#7222,#7233,.T.);
#7231 = VERTEX_POINT('',#7232);
#7232 = CARTESIAN_POINT('',(3.35745439284,3.5,0.));
#7233 = CIRCLE('',#7234,4.85);
#7234 = AXIS2_PLACEMENT_3D('',#7235,#7236,#7237);
#7235 = CARTESIAN_POINT('',(0.,0.,0.));
#7236 = DIRECTION('',(0.,0.,1.));
#7237 = DIRECTION('',(1.,0.,0.));
#7238 = ORIENTED_EDGE('',*,*,#7239,.F.);
#7239 = EDGE_CURVE('',#7240,#7231,#7242,.T.);
#7240 = VERTEX_POINT('',#7241);
#7241 = CARTESIAN_POINT('',(3.5,3.35745439284,0.));
#7242 = CIRCLE('',#7243,4.85);
#7243 = AXIS2_PLACEMENT_3D('',#7244,#7245,#7246);
#7244 = CARTESIAN_POINT('',(0.,0.,0.));
#7245 = DIRECTION('',(0.,0.,1.));
#7246 = DIRECTION('',(1.,0.,0.));
#7247 = ORIENTED_EDGE('',*,*,#7248,.F.);
#7248 = EDGE_CURVE('',#7169,#7240,#7249,.T.);
#7249 = CIRCLE('',#7250,4.85);
#7250 = AXIS2_PLACEMENT_3D('',#7251,#7252,#7253);
#7251 = CARTESIAN_POINT('',(0.,0.,0.));
#7252 = DIRECTION('',(0.,0.,1.));
#7253 = DIRECTION('',(1.,0.,0.));
#7254 = ORIENTED_EDGE('',*,*,#7166,.F.);
#7255 = ORIENTED_EDGE('',*,*,#7256,.T.);
#7256 = EDGE_CURVE('',#7167,#7167,#7257,.T.);
#7257 = CIRCLE('',#7258,4.85);
#7258 = AXIS2_PLACEMENT_3D('',#7259,#7260,#7261);
#7259 = CARTESIAN_POINT('',(0.,0.,-8.));
#7260 = DIRECTION('',(0.,0.,1.));
#7261 = DIRECTION('',(1.,0.,0.));
#7262 = CYLINDRICAL_SURFACE('',#7263,4.85);
#7263 = AXIS2_PLACEMENT_3D('',#7264,#7265,#7266);
#7264 = CARTESIAN_POINT('',(0.,0.,-8.));
#7265 = DIRECTION('',(0.,0.,1.));
#7266 = DIRECTION('',(1.,0.,0.));
#7267 = ADVANCED_FACE('',(#7268),#7271,.F.);
#7268 = FACE_BOUND('',#7269,.T.);
#7269 = EDGE_LOOP('',(#7270));
#7270 = ORIENTED_EDGE('',*,*,#7256,.F.);
#7271 = PLANE('',#7272);
#7272 = AXIS2_PLACEMENT_3D('',#7273,#7274,#7275);
#7273 = CARTESIAN_POINT('',(0.,0.,-8.));
#7274 = DIRECTION('',(0.,0.,1.));
#7275 = DIRECTION('',(1.,0.,0.));
#7276 = ADVANCED_FACE('',(#7277),#7287,.T.);
#7277 = FACE_BOUND('',#7278,.T.);
#7278 = EDGE_LOOP('',(#7279,#7280,#7281));
#7279 = ORIENTED_EDGE('',*,*,#7176,.T.);
#7280 = ORIENTED_EDGE('',*,*,#7248,.T.);
#7281 = ORIENTED_EDGE('',*,*,#7282,.F.);
#7282 = EDGE_CURVE('',#7177,#7240,#7283,.T.);
#7283 = LINE('',#7284,#7285);
#7284 = CARTESIAN_POINT('',(3.5,-3.5,0.));
#7285 = VECTOR('',#7286,1.);
#7286 = DIRECTION('',(0.,1.,0.));
#7287 = PLANE('',#7288);
#7288 = AXIS2_PLACEMENT_3D('',#7289,#7290,#7291);
#7289 = CARTESIAN_POINT('',(0.,0.,0.));
#7290 = DIRECTION('',(0.,0.,1.));
#7291 = DIRECTION('',(1.,0.,0.));
#7292 = ADVANCED_FACE('',(#7293),#7310,.F.);
#7293 = FACE_BOUND('',#7294,.F.);
#7294 = EDGE_LOOP('',(#7295,#7303,#7304));
#7295 = ORIENTED_EDGE('',*,*,#7296,.F.);
#7296 = EDGE_CURVE('',#7231,#7297,#7299,.T.);
#7297 = VERTEX_POINT('',#7298);
#7298 = CARTESIAN_POINT('',(3.5,3.5,0.));
#7299 = LINE('',#7300,#7301);
#7300 = CARTESIAN_POINT('',(-3.5,3.5,0.));
#7301 = VECTOR('',#7302,1.);
#7302 = DIRECTION('',(1.,0.,0.));
#7303 = ORIENTED_EDGE('',*,*,#7239,.F.);
#7304 = ORIENTED_EDGE('',*,*,#7305,.T.);
#7305 = EDGE_CURVE('',#7240,#7297,#7306,.T.);
#7306 = LINE('',#7307,#7308);
#7307 = CARTESIAN_POINT('',(3.5,-3.5,0.));
#7308 = VECTOR('',#7309,1.);
#7309 = DIRECTION('',(0.,1.,0.));
#7310 = PLANE('',#7311);
#7311 = AXIS2_PLACEMENT_3D('',#7312,#7313,#7314);
#7312 = CARTESIAN_POINT('',(-3.5,-3.5,0.));
#7313 = DIRECTION('',(0.,0.,1.));
#7314 = DIRECTION('',(1.,0.,0.));
#7315 = ADVANCED_FACE('',(#7316),#7325,.T.);
#7316 = FACE_BOUND('',#7317,.T.);
#7317 = EDGE_LOOP('',(#7318,#7324));
#7318 = ORIENTED_EDGE('',*,*,#7319,.T.);
#7319 = EDGE_CURVE('',#7222,#7231,#7320,.T.);
#7320 = LINE('',#7321,#7322);
#7321 = CARTESIAN_POINT('',(-3.5,3.5,0.));
#7322 = VECTOR('',#7323,1.);
#7323 = DIRECTION('',(1.,0.,0.));
#7324 = ORIENTED_EDGE('',*,*,#7230,.T.);
#7325 = PLANE('',#7326);
#7326 = AXIS2_PLACEMENT_3D('',#7327,#7328,#7329);
#7327 = CARTESIAN_POINT('',(0.,0.,0.));
#7328 = DIRECTION('',(0.,0.,1.));
#7329 = DIRECTION('',(1.,0.,0.));
#7330 = ADVANCED_FACE('',(#7331),#7348,.F.);
#7331 = FACE_BOUND('',#7332,.F.);
#7332 = EDGE_LOOP('',(#7333,#7341,#7342));
#7333 = ORIENTED_EDGE('',*,*,#7334,.F.);
#7334 = EDGE_CURVE('',#7213,#7335,#7337,.T.);
#7335 = VERTEX_POINT('',#7336);
#7336 = CARTESIAN_POINT('',(-3.5,3.5,0.));
#7337 = LINE('',#7338,#7339);
#7338 = CARTESIAN_POINT('',(-3.5,-3.5,0.));
#7339 = VECTOR('',#7340,1.);
#7340 = DIRECTION('',(0.,1.,0.));
#7341 = ORIENTED_EDGE('',*,*,#7221,.F.);
#7342 = ORIENTED_EDGE('',*,*,#7343,.F.);
#7343 = EDGE_CURVE('',#7335,#7222,#7344,.T.);
#7344 = LINE('',#7345,#7346);
#7345 = CARTESIAN_POINT('',(-3.5,3.5,0.));
#7346 = VECTOR('',#7347,1.);
#7347 = DIRECTION('',(1.,0.,0.));
#7348 = PLANE('',#7349);
#7349 = AXIS2_PLACEMENT_3D('',#7350,#7351,#7352);
#7350 = CARTESIAN_POINT('',(-3.5,-3.5,0.));
#7351 = DIRECTION('',(0.,0.,1.));
#7352 = DIRECTION('',(1.,0.,0.));
#7353 = ADVANCED_FACE('',(#7354),#7363,.T.);
#7354 = FACE_BOUND('',#7355,.T.);
#7355 = EDGE_LOOP('',(#7356,#7362));
#7356 = ORIENTED_EDGE('',*,*,#7357,.T.);
#7357 = EDGE_CURVE('',#7204,#7213,#7358,.T.);
#7358 = LINE('',#7359,#7360);
#7359 = CARTESIAN_POINT('',(-3.5,-3.5,0.));
#7360 = VECTOR('',#7361,1.);
#7361 = DIRECTION('',(0.,1.,0.));
#7362 = ORIENTED_EDGE('',*,*,#7212,.T.);
#7363 = PLANE('',#7364);
#7364 = AXIS2_PLACEMENT_3D('',#7365,#7366,#7367);
#7365 = CARTESIAN_POINT('',(0.,0.,0.));
#7366 = DIRECTION('',(0.,0.,1.));
#7367 = DIRECTION('',(1.,0.,0.));
#7368 = ADVANCED_FACE('',(#7369),#7386,.F.);
#7369 = FACE_BOUND('',#7370,.F.);
#7370 = EDGE_LOOP('',(#7371,#7379,#7385));
#7371 = ORIENTED_EDGE('',*,*,#7372,.F.);
#7372 = EDGE_CURVE('',#7373,#7204,#7375,.T.);
#7373 = VERTEX_POINT('',#7374);
#7374 = CARTESIAN_POINT('',(-3.5,-3.5,0.));
#7375 = LINE('',#7376,#7377);
#7376 = CARTESIAN_POINT('',(-3.5,-3.5,0.));
#7377 = VECTOR('',#7378,1.);
#7378 = DIRECTION('',(0.,1.,0.));
#7379 = ORIENTED_EDGE('',*,*,#7380,.T.);
#7380 = EDGE_CURVE('',#7373,#7195,#7381,.T.);
#7381 = LINE('',#7382,#7383);
#7382 = CARTESIAN_POINT('',(-3.5,-3.5,0.));
#7383 = VECTOR('',#7384,1.);
#7384 = DIRECTION('',(1.,0.,0.));
#7385 = ORIENTED_EDGE('',*,*,#7203,.F.);
#7386 = PLANE('',#7387);
#7387 = AXIS2_PLACEMENT_3D('',#7388,#7389,#7390);
#7388 = CARTESIAN_POINT('',(-3.5,-3.5,0.));
#7389 = DIRECTION('',(0.,0.,1.));
#7390 = DIRECTION('',(1.,0.,0.));
#7391 = ADVANCED_FACE('',(#7392),#7401,.T.);
#7392 = FACE_BOUND('',#7393,.T.);
#7393 = EDGE_LOOP('',(#7394,#7395));
#7394 = ORIENTED_EDGE('',*,*,#7194,.T.);
#7395 = ORIENTED_EDGE('',*,*,#7396,.F.);
#7396 = EDGE_CURVE('',#7195,#7186,#7397,.T.);
#7397 = LINE('',#7398,#7399);
#7398 = CARTESIAN_POINT('',(-3.5,-3.5,0.));
#7399 = VECTOR('',#7400,1.);
#7400 = DIRECTION('',(1.,0.,0.));
#7401 = PLANE('',#7402);
#7402 = AXIS2_PLACEMENT_3D('',#7403,#7404,#7405);
#7403 = CARTESIAN_POINT('',(0.,0.,0.));
#7404 = DIRECTION('',(0.,0.,1.));
#7405 = DIRECTION('',(1.,0.,0.));
#7406 = ADVANCED_FACE('',(#7407),#7424,.F.);
#7407 = FACE_BOUND('',#7408,.F.);
#7408 = EDGE_LOOP('',(#7409,#7410,#7418));
#7409 = ORIENTED_EDGE('',*,*,#7185,.F.);
#7410 = ORIENTED_EDGE('',*,*,#7411,.T.);
#7411 = EDGE_CURVE('',#7186,#7412,#7414,.T.);
#7412 = VERTEX_POINT('',#7413);
#7413 = CARTESIAN_POINT('',(3.5,-3.5,0.));
#7414 = LINE('',#7415,#7416);
#7415 = CARTESIAN_POINT('',(-3.5,-3.5,0.));
#7416 = VECTOR('',#7417,1.);
#7417 = DIRECTION('',(1.,0.,0.));
#7418 = ORIENTED_EDGE('',*,*,#7419,.T.);
#7419 = EDGE_CURVE('',#7412,#7177,#7420,.T.);
#7420 = LINE('',#7421,#7422);
#7421 = CARTESIAN_POINT('',(3.5,-3.5,0.));
#7422 = VECTOR('',#7423,1.);
#7423 = DIRECTION('',(0.,1.,0.));
#7424 = PLANE('',#7425);
#7425 = AXIS2_PLACEMENT_3D('',#7426,#7427,#7428);
#7426 = CARTESIAN_POINT('',(-3.5,-3.5,0.));
#7427 = DIRECTION('',(0.,0.,1.));
#7428 = DIRECTION('',(1.,0.,0.));
#7429 = ADVANCED_FACE('',(#7430),#7457,.T.);
#7430 = FACE_BOUND('',#7431,.T.);
#7431 = EDGE_LOOP('',(#7432,#7440,#7441,#7442,#7443,#7451));
#7432 = ORIENTED_EDGE('',*,*,#7433,.F.);
#7433 = EDGE_CURVE('',#7412,#7434,#7436,.T.);
#7434 = VERTEX_POINT('',#7435);
#7435 = CARTESIAN_POINT('',(3.5,-3.5,5.));
#7436 = LINE('',#7437,#7438);
#7437 = CARTESIAN_POINT('',(3.5,-3.5,0.));
#7438 = VECTOR('',#7439,1.);
#7439 = DIRECTION('',(0.,0.,1.));
#7440 = ORIENTED_EDGE('',*,*,#7419,.T.);
#7441 = ORIENTED_EDGE('',*,*,#7282,.T.);
#7442 = ORIENTED_EDGE('',*,*,#7305,.T.);
#7443 = ORIENTED_EDGE('',*,*,#7444,.T.);
#7444 = EDGE_CURVE('',#7297,#7445,#7447,.T.);
#7445 = VERTEX_POINT('',#7446);
#7446 = CARTESIAN_POINT('',(3.5,3.5,5.));
#7447 = LINE('',#7448,#7449);
#7448 = CARTESIAN_POINT('',(3.5,3.5,0.));
#7449 = VECTOR('',#7450,1.);
#7450 = DIRECTION('',(0.,0.,1.));
#7451 = ORIENTED_EDGE('',*,*,#7452,.F.);
#7452 = EDGE_CURVE('',#7434,#7445,#7453,.T.);
#7453 = LINE('',#7454,#7455);
#7454 = CARTESIAN_POINT('',(3.5,-3.5,5.));
#7455 = VECTOR('',#7456,1.);
#7456 = DIRECTION('',(0.,1.,0.));
#7457 = PLANE('',#7458);
#7458 = AXIS2_PLACEMENT_3D('',#7459,#7460,#7461);
#7459 = CARTESIAN_POINT('',(3.5,-3.5,0.));
#7460 = DIRECTION('',(1.,0.,0.));
#7461 = DIRECTION('',(0.,0.,1.));
#7462 = ADVANCED_FACE('',(#7463),#7483,.T.);
#7463 = FACE_BOUND('',#7464,.T.);
#7464 = EDGE_LOOP('',(#7465,#7466,#7474,#7480,#7481,#7482));
#7465 = ORIENTED_EDGE('',*,*,#7343,.F.);
#7466 = ORIENTED_EDGE('',*,*,#7467,.T.);
#7467 = EDGE_CURVE('',#7335,#7468,#7470,.T.);
#7468 = VERTEX_POINT('',#7469);
#7469 = CARTESIAN_POINT('',(-3.5,3.5,5.));
#7470 = LINE('',#7471,#7472);
#7471 = CARTESIAN_POINT('',(-3.5,3.5,0.));
#7472 = VECTOR('',#7473,1.);
#7473 = DIRECTION('',(0.,0.,1.));
#7474 = ORIENTED_EDGE('',*,*,#7475,.T.);
#7475 = EDGE_CURVE('',#7468,#7445,#7476,.T.);
#7476 = LINE('',#7477,#7478);
#7477 = CARTESIAN_POINT('',(-3.5,3.5,5.));
#7478 = VECTOR('',#7479,1.);
#7479 = DIRECTION('',(1.,0.,0.));
#7480 = ORIENTED_EDGE('',*,*,#7444,.F.);
#7481 = ORIENTED_EDGE('',*,*,#7296,.F.);
#7482 = ORIENTED_EDGE('',*,*,#7319,.F.);
#7483 = PLANE('',#7484);
#7484 = AXIS2_PLACEMENT_3D('',#7485,#7486,#7487);
#7485 = CARTESIAN_POINT('',(-3.5,3.5,0.));
#7486 = DIRECTION('',(0.,1.,0.));
#7487 = DIRECTION('',(0.,0.,1.));
#7488 = ADVANCED_FACE('',(#7489),#7509,.F.);
#7489 = FACE_BOUND('',#7490,.F.);
#7490 = EDGE_LOOP('',(#7491,#7499,#7500,#7501,#7502,#7503));
#7491 = ORIENTED_EDGE('',*,*,#7492,.F.);
#7492 = EDGE_CURVE('',#7373,#7493,#7495,.T.);
#7493 = VERTEX_POINT('',#7494);
#7494 = CARTESIAN_POINT('',(-3.5,-3.5,5.));
#7495 = LINE('',#7496,#7497);
#7496 = CARTESIAN_POINT('',(-3.5,-3.5,0.));
#7497 = VECTOR('',#7498,1.);
#7498 = DIRECTION('',(0.,0.,1.));
#7499 = ORIENTED_EDGE('',*,*,#7372,.T.);
#7500 = ORIENTED_EDGE('',*,*,#7357,.T.);
#7501 = ORIENTED_EDGE('',*,*,#7334,.T.);
#7502 = ORIENTED_EDGE('',*,*,#7467,.T.);
#7503 = ORIENTED_EDGE('',*,*,#7504,.F.);
#7504 = EDGE_CURVE('',#7493,#7468,#7505,.T.);
#7505 = LINE('',#7506,#7507);
#7506 = CARTESIAN_POINT('',(-3.5,-3.5,5.));
#7507 = VECTOR('',#7508,1.);
#7508 = DIRECTION('',(0.,1.,0.));
#7509 = PLANE('',#7510);
#7510 = AXIS2_PLACEMENT_3D('',#7511,#7512,#7513);
#7511 = CARTESIAN_POINT('',(-3.5,-3.5,0.));
#7512 = DIRECTION('',(1.,0.,0.));
#7513 = DIRECTION('',(0.,0.,1.));
#7514 = ADVANCED_FACE('',(#7515),#7528,.F.);
#7515 = FACE_BOUND('',#7516,.F.);
#7516 = EDGE_LOOP('',(#7517,#7518,#7519,#7525,#7526,#7527));
#7517 = ORIENTED_EDGE('',*,*,#7380,.F.);
#7518 = ORIENTED_EDGE('',*,*,#7492,.T.);
#7519 = ORIENTED_EDGE('',*,*,#7520,.T.);
#7520 = EDGE_CURVE('',#7493,#7434,#7521,.T.);
#7521 = LINE('',#7522,#7523);
#7522 = CARTESIAN_POINT('',(-3.5,-3.5,5.));
#7523 = VECTOR('',#7524,1.);
#7524 = DIRECTION('',(1.,0.,0.));
#7525 = ORIENTED_EDGE('',*,*,#7433,.F.);
#7526 = ORIENTED_EDGE('',*,*,#7411,.F.);
#7527 = ORIENTED_EDGE('',*,*,#7396,.F.);
#7528 = PLANE('',#7529);
#7529 = AXIS2_PLACEMENT_3D('',#7530,#7531,#7532);
#7530 = CARTESIAN_POINT('',(-3.5,-3.5,0.));
#7531 = DIRECTION('',(0.,1.,0.));
#7532 = DIRECTION('',(0.,0.,1.));
#7533 = ADVANCED_FACE('',(#7534),#7540,.T.);
#7534 = FACE_BOUND('',#7535,.T.);
#7535 = EDGE_LOOP('',(#7536,#7537,#7538,#7539));
#7536 = ORIENTED_EDGE('',*,*,#7504,.F.);
#7537 = ORIENTED_EDGE('',*,*,#7520,.T.);
#7538 = ORIENTED_EDGE('',*,*,#7452,.T.);
#7539 = ORIENTED_EDGE('',*,*,#7475,.F.);
#7540 = PLANE('',#7541);
#7541 = AXIS2_PLACEMENT_3D('',#7542,#7543,#7544);
#7542 = CARTESIAN_POINT('',(-3.5,-3.5,5.));
#7543 = DIRECTION('',(0.,0.,1.));
#7544 = DIRECTION('',(1.,0.,0.));
#7545 = MANIFOLD_SOLID_BREP('',#7546);
#7546 = CLOSED_SHELL('',(#7547,#7706,#7827,#7847,#7867,#7980,#8015,#8040
    ,#8049));
#7547 = ADVANCED_FACE('',(#7548,#7644),#7701,.T.);
#7548 = FACE_BOUND('',#7549,.T.);
#7549 = EDGE_LOOP('',(#7550,#7560,#7567,#7568,#7599,#7607,#7614,#7615));
#7550 = ORIENTED_EDGE('',*,*,#7551,.T.);
#7551 = EDGE_CURVE('',#7552,#7554,#7556,.T.);
#7552 = VERTEX_POINT('',#7553);
#7553 = CARTESIAN_POINT('',(4.,0.,3.));
#7554 = VERTEX_POINT('',#7555);
#7555 = CARTESIAN_POINT('',(4.,-1.E-15,4.));
#7556 = LINE('',#7557,#7558);
#7557 = CARTESIAN_POINT('',(4.,-9.8E-16,-6.));
#7558 = VECTOR('',#7559,1.);
#7559 = DIRECTION('',(0.,0.,1.));
#7560 = ORIENTED_EDGE('',*,*,#7561,.F.);
#7561 = EDGE_CURVE('',#7554,#7554,#7562,.T.);
#7562 = CIRCLE('',#7563,4.);
#7563 = AXIS2_PLACEMENT_3D('',#7564,#7565,#7566);
#7564 = CARTESIAN_POINT('',(0.,0.,4.));
#7565 = DIRECTION('',(0.,0.,1.));
#7566 = DIRECTION('',(1.,0.,0.));
#7567 = ORIENTED_EDGE('',*,*,#7551,.F.);
#7568 = ORIENTED_EDGE('',*,*,#7569,.F.);
#7569 = EDGE_CURVE('',#7570,#7552,#7572,.T.);
#7570 = VERTEX_POINT('',#7571);
#7571 = CARTESIAN_POINT('',(4.,-1.E-15,1.));
#7572 = B_SPLINE_CURVE_WITH_KNOTS('',7,(#7573,#7574,#7575,#7576,#7577,
    #7578,#7579,#7580,#7581,#7582,#7583,#7584,#7585,#7586,#7587,#7588,
    #7589,#7590,#7591,#7592,#7593,#7594,#7595,#7596,#7597,#7598),
  .UNSPECIFIED.,.F.,.F.,(8,6,6,6,8),(0.,0.254335060296,0.500029620479,
    0.745724180662,1.),.UNSPECIFIED.);
#7573 = CARTESIAN_POINT('',(4.,3.8E-16,1.));
#7574 = CARTESIAN_POINT('',(4.,0.128311151746,1.));
#7575 = CARTESIAN_POINT('',(3.99519783735,0.254572714078,1.019207603536)
  );
#7576 = CARTESIAN_POINT('',(3.985871337481,0.375335307074,1.056519018219
    ));
#7577 = CARTESIAN_POINT('',(3.973022404794,0.487486151723,1.110079854714
    ));
#7578 = CARTESIAN_POINT('',(3.958227410758,0.588408451605,1.177304914671
    ));
#7579 = CARTESIAN_POINT('',(3.943146624501,0.676206785349,1.254860179003
    ));
#7580 = CARTESIAN_POINT('',(3.915407129668,0.821504610895,1.419668211416
    ));
#7581 = CARTESIAN_POINT('',(3.902466432141,0.88106992245,1.507792422136)
  );
#7582 = CARTESIAN_POINT('',(3.891150916376,0.928690601016,1.601242685079
    ));
#7583 = CARTESIAN_POINT('',(3.882184780962,0.964361407032,1.698487679285
    ));
#7584 = CARTESIAN_POINT('',(3.876050843485,0.98812025597,1.798183920864)
  );
#7585 = CARTESIAN_POINT('',(3.872983346207,1.,1.899090860192));
#7586 = CARTESIAN_POINT('',(3.872983346207,1.,2.100909139808));
#7587 = CARTESIAN_POINT('',(3.876050843485,0.98812025597,2.201816079136)
  );
#7588 = CARTESIAN_POINT('',(3.882184780962,0.964361407032,2.301512320715
    ));
#7589 = CARTESIAN_POINT('',(3.891150916376,0.928690601016,2.398757314921
    ));
#7590 = CARTESIAN_POINT('',(3.902466432141,0.881069922449,2.492207577864
    ));
#7591 = CARTESIAN_POINT('',(3.915407129668,0.821504610895,2.580331788584
    ));
#7592 = CARTESIAN_POINT('',(3.943143338067,0.676223999494,2.745120295382
    ));
#7593 = CARTESIAN_POINT('',(3.958225098002,0.588424650576,2.82268698575)
  );
#7594 = CARTESIAN_POINT('',(3.973023898028,0.487484183777,2.889928820328
    ));
#7595 = CARTESIAN_POINT('',(3.985875469961,0.375308454296,2.943497477797
    ));
#7596 = CARTESIAN_POINT('',(3.99520072321,0.254528620032,2.980803942925)
  );
#7597 = CARTESIAN_POINT('',(4.,0.128272584611,3.));
#7598 = CARTESIAN_POINT('',(4.,1.2E-16,3.));
#7599 = ORIENTED_EDGE('',*,*,#7600,.F.);
#7600 = EDGE_CURVE('',#7601,#7570,#7603,.T.);
#7601 = VERTEX_POINT('',#7602);
#7602 = CARTESIAN_POINT('',(4.,-1.E-15,-6.));
#7603 = LINE('',#7604,#7605);
#7604 = CARTESIAN_POINT('',(4.,-9.8E-16,-6.));
#7605 = VECTOR('',#7606,1.);
#7606 = DIRECTION('',(0.,0.,1.));
#7607 = ORIENTED_EDGE('',*,*,#7608,.T.);
#7608 = EDGE_CURVE('',#7601,#7601,#7609,.T.);
#7609 = CIRCLE('',#7610,4.);
#7610 = AXIS2_PLACEMENT_3D('',#7611,#7612,#7613);
#7611 = CARTESIAN_POINT('',(0.,0.,-6.));
#7612 = DIRECTION('',(0.,0.,1.));
#7613 = DIRECTION('',(1.,0.,0.));
#7614 = ORIENTED_EDGE('',*,*,#7600,.T.);
#7615 = ORIENTED_EDGE('',*,*,#7616,.F.);
#7616 = EDGE_CURVE('',#7552,#7570,#7617,.T.);
#7617 = B_SPLINE_CURVE_WITH_KNOTS('',7,(#7618,#7619,#7620,#7621,#7622,
    #7623,#7624,#7625,#7626,#7627,#7628,#7629,#7630,#7631,#7632,#7633,
    #7634,#7635,#7636,#7637,#7638,#7639,#7640,#7641,#7642,#7643),
  .UNSPECIFIED.,.F.,.F.,(8,6,6,6,8),(0.,0.254334855845,0.50003199979,
    0.745726957799,1.),.UNSPECIFIED.);
#7618 = CARTESIAN_POINT('',(4.,-4.4E-16,3.));
#7619 = CARTESIAN_POINT('',(4.,-0.128311151746,3.));
#7620 = CARTESIAN_POINT('',(3.99519783735,-0.254572714078,2.980792396464
    ));
#7621 = CARTESIAN_POINT('',(3.985871337481,-0.375335307074,
    2.943480981781));
#7622 = CARTESIAN_POINT('',(3.973022404794,-0.487486151723,
    2.889920145286));
#7623 = CARTESIAN_POINT('',(3.958227410758,-0.588408451605,
    2.822695085329));
#7624 = CARTESIAN_POINT('',(3.943146624501,-0.676206785349,
    2.745139820997));
#7625 = CARTESIAN_POINT('',(3.915406975375,-0.821505419072,
    2.580330871888));
#7626 = CARTESIAN_POINT('',(3.902466323877,-0.881070262728,
    2.492206752803));
#7627 = CARTESIAN_POINT('',(3.891150954871,-0.92869045473,2.398757146489
    ));
#7628 = CARTESIAN_POINT('',(3.882184874875,-0.964361091314,
    2.301512932954));
#7629 = CARTESIAN_POINT('',(3.876050879017,-0.988120044469,
    2.201817160019));
#7630 = CARTESIAN_POINT('',(3.872983346207,-1.,2.100910037592));
#7631 = CARTESIAN_POINT('',(3.872983346207,-1.,1.899090860192));
#7632 = CARTESIAN_POINT('',(3.876050843485,-0.98812025597,1.798183920864
    ));
#7633 = CARTESIAN_POINT('',(3.882184780962,-0.964361407032,
    1.698487679285));
#7634 = CARTESIAN_POINT('',(3.891150916376,-0.928690601016,
    1.601242685079));
#7635 = CARTESIAN_POINT('',(3.902466432141,-0.88106992245,1.507792422136
    ));
#7636 = CARTESIAN_POINT('',(3.915407129668,-0.821504610895,
    1.419668211416));
#7637 = CARTESIAN_POINT('',(3.943143161163,-0.676224926105,
    1.254880755652));
#7638 = CARTESIAN_POINT('',(3.958224610569,-0.58842739052,1.177315568687
    ));
#7639 = CARTESIAN_POINT('',(3.973023418796,-0.487487899739,1.11007303799
    ));
#7640 = CARTESIAN_POINT('',(3.985875423583,-0.375310705909,
    1.056502572599));
#7641 = CARTESIAN_POINT('',(3.995200943059,-0.254527802687,
    1.019195243922));
#7642 = CARTESIAN_POINT('',(4.,-0.128269836051,1.));
#7643 = CARTESIAN_POINT('',(4.,0.,1.));
#7644 = FACE_BOUND('',#7645,.T.);
#7645 = EDGE_LOOP('',(#7646));
#7646 = ORIENTED_EDGE('',*,*,#7647,.T.);
#7647 = EDGE_CURVE('',#7648,#7648,#7650,.T.);
#7648 = VERTEX_POINT('',#7649);
#7649 = CARTESIAN_POINT('',(-4.,0.,3.));
#7650 = B_SPLINE_CURVE_WITH_KNOTS('',7,(#7651,#7652,#7653,#7654,#7655,
    #7656,#7657,#7658,#7659,#7660,#7661,#7662,#7663,#7664,#7665,#7666,
    #7667,#7668,#7669,#7670,#7671,#7672,#7673,#7674,#7675,#7676,#7677,
    #7678,#7679,#7680,#7681,#7682,#7683,#7684,#7685,#7686,#7687,#7688,
    #7689,#7690,#7691,#7692,#7693,#7694,#7695,#7696,#7697,#7698,#7699,
    #7700),.UNSPECIFIED.,.T.,.F.,(8,6,6,6,6,6,6,6,8),(0.,0.127162457317,
    0.250006227496,0.372848904749,0.499980456452,0.627152957209,
    0.750005039044,0.87285712088,1.),.UNSPECIFIED.);
#7651 = CARTESIAN_POINT('',(-4.,4.4E-16,3.));
#7652 = CARTESIAN_POINT('',(-4.,-0.128311151746,3.));
#7653 = CARTESIAN_POINT('',(-3.99519783735,-0.254572714078,
    2.980792396464));
#7654 = CARTESIAN_POINT('',(-3.985871337481,-0.375335307074,
    2.943480981781));
#7655 = CARTESIAN_POINT('',(-3.973022404794,-0.487486151722,
    2.889920145286));
#7656 = CARTESIAN_POINT('',(-3.958227410758,-0.588408451606,
    2.822695085329));
#7657 = CARTESIAN_POINT('',(-3.943146624501,-0.676206785349,
    2.745139820997));
#7658 = CARTESIAN_POINT('',(-3.915406975375,-0.821505419072,
    2.580330871888));
#7659 = CARTESIAN_POINT('',(-3.902466323877,-0.881070262728,
    2.492206752803));
#7660 = CARTESIAN_POINT('',(-3.891150954871,-0.92869045473,
    2.398757146489));
#7661 = CARTESIAN_POINT('',(-3.882184874875,-0.964361091314,
    2.301512932954));
#7662 = CARTESIAN_POINT('',(-3.876050879017,-0.988120044469,
    2.201817160019));
#7663 = CARTESIAN_POINT('',(-3.872983346207,-1.,2.100910037592));
#7664 = CARTESIAN_POINT('',(-3.872983346207,-1.,1.899090860192));
#7665 = CARTESIAN_POINT('',(-3.876050843485,-0.98812025597,
    1.798183920864));
#7666 = CARTESIAN_POINT('',(-3.882184780962,-0.964361407032,
    1.698487679285));
#7667 = CARTESIAN_POINT('',(-3.891150916376,-0.928690601016,
    1.601242685079));
#7668 = CARTESIAN_POINT('',(-3.902466432141,-0.88106992245,
    1.507792422136));
#7669 = CARTESIAN_POINT('',(-3.915407129668,-0.821504610895,
    1.419668211416));
#7670 = CARTESIAN_POINT('',(-3.943143161163,-0.676224926105,
    1.254880755652));
#7671 = CARTESIAN_POINT('',(-3.958224610569,-0.58842739052,
    1.177315568687));
#7672 = CARTESIAN_POINT('',(-3.973023418796,-0.487487899739,
    1.11007303799));
#7673 = CARTESIAN_POINT('',(-3.985875423583,-0.375310705908,
    1.056502572599));
#7674 = CARTESIAN_POINT('',(-3.995200943059,-0.254527802688,
    1.019195243922));
#7675 = CARTESIAN_POINT('',(-4.,-0.12826983605,1.));
#7676 = CARTESIAN_POINT('',(-4.,0.128311151746,1.));
#7677 = CARTESIAN_POINT('',(-3.99519783735,0.254572714077,1.019207603536
    ));
#7678 = CARTESIAN_POINT('',(-3.985871337481,0.375335307075,
    1.056519018219));
#7679 = CARTESIAN_POINT('',(-3.973022404794,0.487486151722,
    1.110079854714));
#7680 = CARTESIAN_POINT('',(-3.958227410758,0.588408451606,
    1.177304914671));
#7681 = CARTESIAN_POINT('',(-3.943146624501,0.676206785349,
    1.254860179003));
#7682 = CARTESIAN_POINT('',(-3.915407129668,0.821504610895,
    1.419668211416));
#7683 = CARTESIAN_POINT('',(-3.902466432141,0.881069922449,
    1.507792422136));
#7684 = CARTESIAN_POINT('',(-3.891150916376,0.928690601016,
    1.601242685079));
#7685 = CARTESIAN_POINT('',(-3.882184780962,0.964361407032,
    1.698487679285));
#7686 = CARTESIAN_POINT('',(-3.876050843485,0.98812025597,1.798183920864
    ));
#7687 = CARTESIAN_POINT('',(-3.872983346207,1.,1.899090860192));
#7688 = CARTESIAN_POINT('',(-3.872983346207,1.,2.100909139808));
#7689 = CARTESIAN_POINT('',(-3.876050843485,0.98812025597,2.201816079136
    ));
#7690 = CARTESIAN_POINT('',(-3.882184780962,0.964361407032,
    2.301512320715));
#7691 = CARTESIAN_POINT('',(-3.891150916376,0.928690601016,
    2.398757314921));
#7692 = CARTESIAN_POINT('',(-3.902466432141,0.88106992245,2.492207577864
    ));
#7693 = CARTESIAN_POINT('',(-3.915407129668,0.821504610895,
    2.580331788584));
#7694 = CARTESIAN_POINT('',(-3.943143338067,0.676223999494,
    2.745120295382));
#7695 = CARTESIAN_POINT('',(-3.958225098002,0.588424650576,2.82268698575
    ));
#7696 = CARTESIAN_POINT('',(-3.973023898028,0.487484183777,
    2.889928820327));
#7697 = CARTESIAN_POINT('',(-3.985875469961,0.375308454295,
    2.943497477798));
#7698 = CARTESIAN_POINT('',(-3.99520072321,0.254528620033,2.980803942925
    ));
#7699 = CARTESIAN_POINT('',(-4.,0.128272584611,3.));
#7700 = CARTESIAN_POINT('',(-4.,4.4E-16,3.));
#7701 = CYLINDRICAL_SURFACE('',#7702,4.);
#7702 = AXIS2_PLACEMENT_3D('',#7703,#7704,#7705);
#7703 = CARTESIAN_POINT('',(0.,0.,-6.));
#7704 = DIRECTION('',(0.,0.,1.));
#7705 = DIRECTION('',(1.,0.,0.));
#7706 = ADVANCED_FACE('',(#7707),#7822,.F.);
#7707 = FACE_BOUND('',#7708,.F.);
#7708 = EDGE_LOOP('',(#7709,#7710,#7718,#7770,#7820,#7821));
#7709 = ORIENTED_EDGE('',*,*,#7616,.F.);
#7710 = ORIENTED_EDGE('',*,*,#7711,.F.);
#7711 = EDGE_CURVE('',#7712,#7552,#7714,.T.);
#7712 = VERTEX_POINT('',#7713);
#7713 = CARTESIAN_POINT('',(1.5,0.,3.));
#7714 = LINE('',#7715,#7716);
#7715 = CARTESIAN_POINT('',(-6.,2.4E-16,3.));
#7716 = VECTOR('',#7717,1.);
#7717 = DIRECTION('',(1.,0.,0.));
#7718 = ORIENTED_EDGE('',*,*,#7719,.T.);
#7719 = EDGE_CURVE('',#7712,#7720,#7722,.T.);
#7720 = VERTEX_POINT('',#7721);
#7721 = CARTESIAN_POINT('',(1.5,0.,1.));
#7722 = B_SPLINE_CURVE_WITH_KNOTS('',6,(#7723,#7724,#7725,#7726,#7727,
    #7728,#7729,#7730,#7731,#7732,#7733,#7734,#7735,#7736,#7737,#7738,
    #7739,#7740,#7741,#7742,#7743,#7744,#7745,#7746,#7747,#7748,#7749,
    #7750,#7751,#7752,#7753,#7754,#7755,#7756,#7757,#7758,#7759,#7760,
    #7761,#7762,#7763,#7764,#7765,#7766,#7767,#7768,#7769),
  .UNSPECIFIED.,.F.,.F.,(7,5,5,5,5,5,5,5,5,7),(0.,0.130815004314,
    0.278774623349,0.398399121033,0.434063438986,0.499612627415,
    0.600601675346,0.719544139361,0.869680256688,1.),.UNSPECIFIED.);
#7723 = CARTESIAN_POINT('',(1.5,0.,3.));
#7724 = CARTESIAN_POINT('',(1.5,-7.489908190008E-02,3.));
#7725 = CARTESIAN_POINT('',(1.495511979717,-0.149529301234,
    2.993268175193));
#7726 = CARTESIAN_POINT('',(1.486597170416,-0.222888950425,
    2.979895003534));
#7727 = CARTESIAN_POINT('',(1.473612370268,-0.293993277477,
    2.960231299311));
#7728 = CARTESIAN_POINT('',(1.457210028904,-0.361928881775,
    2.934884682237));
#7729 = CARTESIAN_POINT('',(1.416828338692,-0.498291996586,
    2.870691667969));
#7730 = CARTESIAN_POINT('',(1.392076923228,-0.565821304274,
    2.830415300204));
#7731 = CARTESIAN_POINT('',(1.364960337227,-0.628240951672,
    2.784749549271));
#7732 = CARTESIAN_POINT('',(1.336440432265,-0.685383300841,
    2.734369100035));
#7733 = CARTESIAN_POINT('',(1.307510675528,-0.737123306954,
    2.679833354071));
#7734 = CARTESIAN_POINT('',(1.256346389883,-0.820677895173,
    2.574542191851));
#7735 = CARTESIAN_POINT('',(1.233836423504,-0.854499147925,
    2.524951656179));
#7736 = CARTESIAN_POINT('',(1.212249409905,-0.884680056433,
    2.473074027427));
#7737 = CARTESIAN_POINT('',(1.192180393856,-0.911105182356,
    2.419118082353));
#7738 = CARTESIAN_POINT('',(1.174250325362,-0.933653806196,
    2.363256224372));
#7739 = CARTESIAN_POINT('',(1.154521071985,-0.957670114464,
    2.288433131867));
#7740 = CARTESIAN_POINT('',(1.150235373717,-0.962822775787,
    2.271101207447));
#7741 = CARTESIAN_POINT('',(1.146211725557,-0.967607102169,
    2.253629643667));
#7742 = CARTESIAN_POINT('',(1.142465844562,-0.972017891065,
    2.236027745631));
#7743 = CARTESIAN_POINT('',(1.139012524279,-0.976050041802,
    2.218306041674));
#7744 = CARTESIAN_POINT('',(1.130081813072,-0.986404336903,
    2.167706101454));
#7745 = CARTESIAN_POINT('',(1.125329058122,-0.991818471229,
    2.134550743194));
#7746 = CARTESIAN_POINT('',(1.12169920833,-0.995902470193,2.101109896616
    ));
#7747 = CARTESIAN_POINT('',(1.119256232146,-0.998633320085,
    2.067478756762));
#7748 = CARTESIAN_POINT('',(1.11803398875,-1.,2.033747373608));
#7749 = CARTESIAN_POINT('',(1.11803398875,-1.,1.948006753211));
#7750 = CARTESIAN_POINT('',(1.120935433947,-0.996756062101,1.89612325397
    ));
#7751 = CARTESIAN_POINT('',(1.126715608309,-0.990293738516,
    1.844610421794));
#7752 = CARTESIAN_POINT('',(1.135197315423,-0.980668594369,
    1.793740688535));
#7753 = CARTESIAN_POINT('',(1.146048304398,-0.967976412879,
    1.743827283898));
#7754 = CARTESIAN_POINT('',(1.173878064948,-0.934115709543,
    1.638007837387));
#7755 = CARTESIAN_POINT('',(1.191626228138,-0.911813468668,
    1.582526429446));
#7756 = CARTESIAN_POINT('',(1.211492393069,-0.885689179663,
    1.528919033352));
#7757 = CARTESIAN_POINT('',(1.232869198926,-0.855861648565,
    1.477354824763));
#7758 = CARTESIAN_POINT('',(1.255173488837,-0.822444838291,
    1.428038408059));
#7759 = CARTESIAN_POINT('',(1.30648787507,-0.738971213512,1.32207181136)
  );
#7760 = CARTESIAN_POINT('',(1.335808896406,-0.686708704864,1.26671260084
    ));
#7761 = CARTESIAN_POINT('',(1.364728180254,-0.628901358999,
    1.215606445171));
#7762 = CARTESIAN_POINT('',(1.392213002861,-0.565678568716,
    1.169332953311));
#7763 = CARTESIAN_POINT('',(1.41726411274,-0.497214296934,1.128592984874
    ));
#7764 = CARTESIAN_POINT('',(1.457662881307,-0.360046958776,
    1.064415693673));
#7765 = CARTESIAN_POINT('',(1.473898948511,-0.292419209843,
    1.039334729344));
#7766 = CARTESIAN_POINT('',(1.486744958967,-0.221670524405,
    1.019883286163));
#7767 = CARTESIAN_POINT('',(1.495561766278,-0.14870156165,1.006657151945
    ));
#7768 = CARTESIAN_POINT('',(1.5,-7.448250864067E-02,1.));
#7769 = CARTESIAN_POINT('',(1.5,-2.2E-16,1.));
#7770 = ORIENTED_EDGE('',*,*,#7771,.T.);
#7771 = EDGE_CURVE('',#7720,#7712,#7772,.T.);
#7772 = B_SPLINE_CURVE_WITH_KNOTS('',6,(#7773,#7774,#7775,#7776,#7777,
    #7778,#7779,#7780,#7781,#7782,#7783,#7784,#7785,#7786,#7787,#7788,
    #7789,#7790,#7791,#7792,#7793,#7794,#7795,#7796,#7797,#7798,#7799,
    #7800,#7801,#7802,#7803,#7804,#7805,#7806,#7807,#7808,#7809,#7810,
    #7811,#7812,#7813,#7814,#7815,#7816,#7817,#7818,#7819),
  .UNSPECIFIED.,.F.,.F.,(7,5,5,5,5,5,5,5,5,7),(0.,0.130815004314,
    0.278774623349,0.398399121033,0.434063438986,0.499612627415,
    0.600601675346,0.719544139361,0.869680256688,1.),.UNSPECIFIED.);
#7773 = CARTESIAN_POINT('',(1.5,-6.E-17,1.));
#7774 = CARTESIAN_POINT('',(1.5,7.489908190008E-02,1.));
#7775 = CARTESIAN_POINT('',(1.495511979717,0.149529301234,1.006731824807
    ));
#7776 = CARTESIAN_POINT('',(1.486597170416,0.222888950425,1.020104996466
    ));
#7777 = CARTESIAN_POINT('',(1.473612370268,0.293993277477,1.039768700689
    ));
#7778 = CARTESIAN_POINT('',(1.457210028904,0.361928881775,1.065115317763
    ));
#7779 = CARTESIAN_POINT('',(1.416828338692,0.498291996586,1.129308332031
    ));
#7780 = CARTESIAN_POINT('',(1.392076923228,0.565821304274,1.169584699796
    ));
#7781 = CARTESIAN_POINT('',(1.364960337227,0.628240951672,1.215250450729
    ));
#7782 = CARTESIAN_POINT('',(1.336440432265,0.685383300841,1.265630899965
    ));
#7783 = CARTESIAN_POINT('',(1.307510675528,0.737123306954,1.32016664593)
  );
#7784 = CARTESIAN_POINT('',(1.256346389883,0.820677895173,1.425457808149
    ));
#7785 = CARTESIAN_POINT('',(1.233836423504,0.854499147925,1.475048343821
    ));
#7786 = CARTESIAN_POINT('',(1.212249409905,0.884680056433,1.526925972574
    ));
#7787 = CARTESIAN_POINT('',(1.192180393856,0.911105182356,1.580881917647
    ));
#7788 = CARTESIAN_POINT('',(1.174250325362,0.933653806196,1.636743775628
    ));
#7789 = CARTESIAN_POINT('',(1.154521071985,0.957670114464,1.711566868133
    ));
#7790 = CARTESIAN_POINT('',(1.150235373717,0.962822775787,1.728898792553
    ));
#7791 = CARTESIAN_POINT('',(1.146211725557,0.967607102169,1.746370356333
    ));
#7792 = CARTESIAN_POINT('',(1.142465844562,0.972017891065,1.763972254369
    ));
#7793 = CARTESIAN_POINT('',(1.139012524279,0.976050041802,1.781693958326
    ));
#7794 = CARTESIAN_POINT('',(1.130081813072,0.986404336903,1.832293898546
    ));
#7795 = CARTESIAN_POINT('',(1.125329058122,0.991818471229,1.865449256806
    ));
#7796 = CARTESIAN_POINT('',(1.12169920833,0.995902470193,1.898890103384)
  );
#7797 = CARTESIAN_POINT('',(1.119256232146,0.998633320085,1.932521243238
    ));
#7798 = CARTESIAN_POINT('',(1.11803398875,1.,1.966252626392));
#7799 = CARTESIAN_POINT('',(1.11803398875,1.,2.051993246789));
#7800 = CARTESIAN_POINT('',(1.120935433947,0.996756062101,2.103876746031
    ));
#7801 = CARTESIAN_POINT('',(1.126715608309,0.990293738516,2.155389578206
    ));
#7802 = CARTESIAN_POINT('',(1.135197315424,0.980668594369,2.206259311466
    ));
#7803 = CARTESIAN_POINT('',(1.146048304398,0.967976412879,2.256172716102
    ));
#7804 = CARTESIAN_POINT('',(1.173878064948,0.934115709543,2.361992162613
    ));
#7805 = CARTESIAN_POINT('',(1.191626228138,0.911813468668,2.417473570554
    ));
#7806 = CARTESIAN_POINT('',(1.211492393069,0.885689179663,2.471080966647
    ));
#7807 = CARTESIAN_POINT('',(1.232869198926,0.855861648565,2.522645175237
    ));
#7808 = CARTESIAN_POINT('',(1.255173488837,0.822444838291,2.571961591941
    ));
#7809 = CARTESIAN_POINT('',(1.30648787507,0.738971213512,2.67792818864)
  );
#7810 = CARTESIAN_POINT('',(1.335808896406,0.686708704864,2.73328739916)
  );
#7811 = CARTESIAN_POINT('',(1.364728180254,0.628901358999,2.784393554829
    ));
#7812 = CARTESIAN_POINT('',(1.392213002861,0.565678568716,2.830667046689
    ));
#7813 = CARTESIAN_POINT('',(1.41726411274,0.497214296934,2.871407015126)
  );
#7814 = CARTESIAN_POINT('',(1.457662881307,0.360046958776,2.935584306327
    ));
#7815 = CARTESIAN_POINT('',(1.473898948511,0.292419209843,2.960665270656
    ));
#7816 = CARTESIAN_POINT('',(1.486744958967,0.221670524405,2.980116713837
    ));
#7817 = CARTESIAN_POINT('',(1.495561766278,0.14870156165,2.993342848055)
  );
#7818 = CARTESIAN_POINT('',(1.5,7.448250864072E-02,3.));
#7819 = CARTESIAN_POINT('',(1.5,1.2E-16,3.));
#7820 = ORIENTED_EDGE('',*,*,#7711,.T.);
#7821 = ORIENTED_EDGE('',*,*,#7569,.F.);
#7822 = CYLINDRICAL_SURFACE('',#7823,1.);
#7823 = AXIS2_PLACEMENT_3D('',#7824,#7825,#7826);
#7824 = CARTESIAN_POINT('',(-6.,0.,2.));
#7825 = DIRECTION('',(1.,0.,0.));
#7826 = DIRECTION('',(0.,0.,1.));
#7827 = ADVANCED_FACE('',(#7828,#7831),#7842,.F.);
#7828 = FACE_BOUND('',#7829,.F.);
#7829 = EDGE_LOOP('',(#7830));
#7830 = ORIENTED_EDGE('',*,*,#7608,.T.);
#7831 = FACE_BOUND('',#7832,.F.);
#7832 = EDGE_LOOP('',(#7833));
#7833 = ORIENTED_EDGE('',*,*,#7834,.F.);
#7834 = EDGE_CURVE('',#7835,#7835,#7837,.T.);
#7835 = VERTEX_POINT('',#7836);
#7836 = CARTESIAN_POINT('',(1.5,0.,-6.));
#7837 = CIRCLE('',#7838,1.5);
#7838 = AXIS2_PLACEMENT_3D('',#7839,#7840,#7841);
#7839 = CARTESIAN_POINT('',(0.,0.,-6.));
#7840 = DIRECTION('',(0.,0.,1.));
#7841 = DIRECTION('',(1.,0.,0.));
#7842 = PLANE('',#7843);
#7843 = AXIS2_PLACEMENT_3D('',#7844,#7845,#7846);
#7844 = CARTESIAN_POINT('',(0.,0.,-6.));
#7845 = DIRECTION('',(0.,0.,1.));
#7846 = DIRECTION('',(1.,0.,0.));
#7847 = ADVANCED_FACE('',(#7848,#7859),#7862,.F.);
#7848 = FACE_BOUND('',#7849,.F.);
#7849 = EDGE_LOOP('',(#7850));
#7850 = ORIENTED_EDGE('',*,*,#7851,.T.);
#7851 = EDGE_CURVE('',#7852,#7852,#7854,.T.);
#7852 = VERTEX_POINT('',#7853);
#7853 = CARTESIAN_POINT('',(7.,-2.E-15,4.));
#7854 = CIRCLE('',#7855,7.);
#7855 = AXIS2_PLACEMENT_3D('',#7856,#7857,#7858);
#7856 = CARTESIAN_POINT('',(0.,0.,4.));
#7857 = DIRECTION('',(0.,0.,1.));
#7858 = DIRECTION('',(1.,0.,0.));
#7859 = FACE_BOUND('',#7860,.F.);
#7860 = EDGE_LOOP('',(#7861));
#7861 = ORIENTED_EDGE('',*,*,#7561,.F.);
#7862 = PLANE('',#7863);
#7863 = AXIS2_PLACEMENT_3D('',#7864,#7865,#7866);
#7864 = CARTESIAN_POINT('',(0.,0.,4.));
#7865 = DIRECTION('',(0.,0.,1.));
#7866 = DIRECTION('',(1.,0.,0.));
#7867 = ADVANCED_FACE('',(#7868),#7975,.F.);
#7868 = FACE_BOUND('',#7869,.F.);
#7869 = EDGE_LOOP('',(#7870,#7967,#7973,#7974));
#7870 = ORIENTED_EDGE('',*,*,#7871,.F.);
#7871 = EDGE_CURVE('',#7872,#7872,#7874,.T.);
#7872 = VERTEX_POINT('',#7873);
#7873 = CARTESIAN_POINT('',(-1.5,1.9E-14,3.));
#7874 = B_SPLINE_CURVE_WITH_KNOTS('',6,(#7875,#7876,#7877,#7878,#7879,
    #7880,#7881,#7882,#7883,#7884,#7885,#7886,#7887,#7888,#7889,#7890,
    #7891,#7892,#7893,#7894,#7895,#7896,#7897,#7898,#7899,#7900,#7901,
    #7902,#7903,#7904,#7905,#7906,#7907,#7908,#7909,#7910,#7911,#7912,
    #7913,#7914,#7915,#7916,#7917,#7918,#7919,#7920,#7921,#7922,#7923,
    #7924,#7925,#7926,#7927,#7928,#7929,#7930,#7931,#7932,#7933,#7934,
    #7935,#7936,#7937,#7938,#7939,#7940,#7941,#7942,#7943,#7944,#7945,
    #7946,#7947,#7948,#7949,#7950,#7951,#7952,#7953,#7954,#7955,#7956,
    #7957,#7958,#7959,#7960,#7961,#7962,#7963,#7964,#7965,#7966),
  .UNSPECIFIED.,.T.,.F.,(7,5,5,5,5,5,5,5,5,5,5,5,5,5,5,5,5,5,7),(0.,
    6.534915316003E-02,0.13926296647,0.199021857759,0.21683810895,
    0.249583465473,0.300032944079,0.359451122749,0.434452214394,
    0.499553957968,0.565019809116,0.639065614843,0.698931221239,
    0.716779288,0.749583119908,0.800122689233,0.859646974579,
    0.934782000261,1.),.UNSPECIFIED.);
#7875 = CARTESIAN_POINT('',(-1.5,2.2E-16,3.));
#7876 = CARTESIAN_POINT('',(-1.5,-7.489908190854E-02,3.));
#7877 = CARTESIAN_POINT('',(-1.495511979716,-0.149529301232,
    2.993268175192));
#7878 = CARTESIAN_POINT('',(-1.486597170417,-0.222888950416,
    2.979895003536));
#7879 = CARTESIAN_POINT('',(-1.473612370269,-0.293993277475,
    2.960231299314));
#7880 = CARTESIAN_POINT('',(-1.457210028901,-0.361928881782,
    2.934884682234));
#7881 = CARTESIAN_POINT('',(-1.416828338692,-0.498291996586,
    2.870691667969));
#7882 = CARTESIAN_POINT('',(-1.392076923228,-0.565821304274,
    2.830415300204));
#7883 = CARTESIAN_POINT('',(-1.364960337227,-0.628240951672,
    2.784749549271));
#7884 = CARTESIAN_POINT('',(-1.336440432265,-0.685383300841,
    2.734369100035));
#7885 = CARTESIAN_POINT('',(-1.307510675528,-0.737123306954,
    2.679833354071));
#7886 = CARTESIAN_POINT('',(-1.256346389883,-0.820677895173,
    2.574542191851));
#7887 = CARTESIAN_POINT('',(-1.233836423504,-0.854499147925,
    2.524951656179));
#7888 = CARTESIAN_POINT('',(-1.212249409905,-0.884680056433,
    2.473074027426));
#7889 = CARTESIAN_POINT('',(-1.192180393856,-0.911105182356,
    2.419118082353));
#7890 = CARTESIAN_POINT('',(-1.174250325362,-0.933653806196,
    2.363256224372));
#7891 = CARTESIAN_POINT('',(-1.154521071985,-0.957670114464,
    2.288433131867));
#7892 = CARTESIAN_POINT('',(-1.150235373717,-0.962822775787,
    2.271101207447));
#7893 = CARTESIAN_POINT('',(-1.146211725557,-0.967607102169,
    2.253629643667));
#7894 = CARTESIAN_POINT('',(-1.142465844562,-0.972017891065,
    2.236027745631));
#7895 = CARTESIAN_POINT('',(-1.139012524279,-0.976050041802,
    2.218306041674));
#7896 = CARTESIAN_POINT('',(-1.130081813072,-0.986404336903,
    2.167706101454));
#7897 = CARTESIAN_POINT('',(-1.125329058122,-0.991818471229,
    2.134550743194));
#7898 = CARTESIAN_POINT('',(-1.12169920833,-0.995902470193,
    2.101109896616));
#7899 = CARTESIAN_POINT('',(-1.119256232146,-0.998633320085,
    2.067478756762));
#7900 = CARTESIAN_POINT('',(-1.11803398875,-1.,2.033747373608));
#7901 = CARTESIAN_POINT('',(-1.11803398875,-1.,1.948006753211));
#7902 = CARTESIAN_POINT('',(-1.120935433947,-0.996756062101,
    1.896123253969));
#7903 = CARTESIAN_POINT('',(-1.126715608309,-0.990293738516,
    1.844610421794));
#7904 = CARTESIAN_POINT('',(-1.135197315424,-0.980668594369,
    1.793740688535));
#7905 = CARTESIAN_POINT('',(-1.146048304398,-0.967976412879,
    1.743827283898));
#7906 = CARTESIAN_POINT('',(-1.173878064948,-0.934115709543,
    1.638007837387));
#7907 = CARTESIAN_POINT('',(-1.191626228138,-0.911813468668,
    1.582526429446));
#7908 = CARTESIAN_POINT('',(-1.211492393069,-0.885689179663,
    1.528919033352));
#7909 = CARTESIAN_POINT('',(-1.232869198926,-0.855861648565,
    1.477354824763));
#7910 = CARTESIAN_POINT('',(-1.255173488837,-0.822444838291,
    1.428038408059));
#7911 = CARTESIAN_POINT('',(-1.30648787507,-0.738971213512,1.32207181136
    ));
#7912 = CARTESIAN_POINT('',(-1.335808896406,-0.686708704864,
    1.26671260084));
#7913 = CARTESIAN_POINT('',(-1.364728180254,-0.628901358999,
    1.215606445171));
#7914 = CARTESIAN_POINT('',(-1.392213002861,-0.565678568716,
    1.16933295331));
#7915 = CARTESIAN_POINT('',(-1.41726411274,-0.497214296934,
    1.128592984874));
#7916 = CARTESIAN_POINT('',(-1.457662881307,-0.360046958776,
    1.064415693673));
#7917 = CARTESIAN_POINT('',(-1.473898948511,-0.292419209843,
    1.039334729344));
#7918 = CARTESIAN_POINT('',(-1.486744958967,-0.221670524405,
    1.019883286163));
#7919 = CARTESIAN_POINT('',(-1.495561766278,-0.14870156165,
    1.006657151945));
#7920 = CARTESIAN_POINT('',(-1.5,-7.448250864066E-02,1.));
#7921 = CARTESIAN_POINT('',(-1.5,7.48990819E-02,1.));
#7922 = CARTESIAN_POINT('',(-1.495511979717,0.149529301234,
    1.006731824807));
#7923 = CARTESIAN_POINT('',(-1.486597170416,0.222888950424,
    1.020104996466));
#7924 = CARTESIAN_POINT('',(-1.473612370268,0.293993277477,
    1.039768700689));
#7925 = CARTESIAN_POINT('',(-1.457210028904,0.361928881775,
    1.065115317763));
#7926 = CARTESIAN_POINT('',(-1.416828338692,0.498291996586,
    1.129308332031));
#7927 = CARTESIAN_POINT('',(-1.392076923228,0.565821304274,
    1.169584699796));
#7928 = CARTESIAN_POINT('',(-1.364960337227,0.628240951672,
    1.215250450729));
#7929 = CARTESIAN_POINT('',(-1.336440432265,0.685383300841,
    1.265630899965));
#7930 = CARTESIAN_POINT('',(-1.307510675528,0.737123306954,
    1.320166645929));
#7931 = CARTESIAN_POINT('',(-1.256346389883,0.820677895173,
    1.425457808149));
#7932 = CARTESIAN_POINT('',(-1.233836423504,0.854499147925,
    1.475048343821));
#7933 = CARTESIAN_POINT('',(-1.212249409905,0.884680056433,
    1.526925972574));
#7934 = CARTESIAN_POINT('',(-1.192180393856,0.911105182356,
    1.580881917647));
#7935 = CARTESIAN_POINT('',(-1.174250325362,0.933653806196,
    1.636743775628));
#7936 = CARTESIAN_POINT('',(-1.154521071985,0.957670114464,
    1.711566868133));
#7937 = CARTESIAN_POINT('',(-1.150235373717,0.962822775787,
    1.728898792553));
#7938 = CARTESIAN_POINT('',(-1.146211725557,0.967607102169,
    1.746370356333));
#7939 = CARTESIAN_POINT('',(-1.142465844562,0.972017891065,
    1.763972254369));
#7940 = CARTESIAN_POINT('',(-1.139012524279,0.976050041802,
    1.781693958326));
#7941 = CARTESIAN_POINT('',(-1.130081813072,0.986404336903,
    1.832293898546));
#7942 = CARTESIAN_POINT('',(-1.125329058122,0.991818471229,
    1.865449256806));
#7943 = CARTESIAN_POINT('',(-1.12169920833,0.995902470193,1.898890103384
    ));
#7944 = CARTESIAN_POINT('',(-1.119256232146,0.998633320085,
    1.932521243238));
#7945 = CARTESIAN_POINT('',(-1.11803398875,1.,1.966252626392));
#7946 = CARTESIAN_POINT('',(-1.11803398875,1.,2.051993246789));
#7947 = CARTESIAN_POINT('',(-1.120935433947,0.996756062101,
    2.103876746031));
#7948 = CARTESIAN_POINT('',(-1.126715608309,0.990293738516,
    2.155389578205));
#7949 = CARTESIAN_POINT('',(-1.135197315424,0.980668594369,
    2.206259311466));
#7950 = CARTESIAN_POINT('',(-1.146048304398,0.967976412879,
    2.256172716102));
#7951 = CARTESIAN_POINT('',(-1.173878064948,0.934115709543,
    2.361992162613));
#7952 = CARTESIAN_POINT('',(-1.191626228138,0.911813468668,
    2.417473570554));
#7953 = CARTESIAN_POINT('',(-1.211492393069,0.885689179663,
    2.471080966647));
#7954 = CARTESIAN_POINT('',(-1.232869198926,0.855861648565,
    2.522645175237));
#7955 = CARTESIAN_POINT('',(-1.255173488837,0.822444838291,
    2.571961591941));
#7956 = CARTESIAN_POINT('',(-1.30648787507,0.738971213512,2.67792818864)
  );
#7957 = CARTESIAN_POINT('',(-1.335808896406,0.686708704864,2.73328739916
    ));
#7958 = CARTESIAN_POINT('',(-1.364728180254,0.628901358999,
    2.784393554829));
#7959 = CARTESIAN_POINT('',(-1.392213002861,0.565678568716,
    2.830667046689));
#7960 = CARTESIAN_POINT('',(-1.41726411274,0.497214296934,2.871407015126
    ));
#7961 = CARTESIAN_POINT('',(-1.457662881307,0.360046958776,
    2.935584306327));
#7962 = CARTESIAN_POINT('',(-1.473898948511,0.292419209843,
    2.960665270656));
#7963 = CARTESIAN_POINT('',(-1.486744958967,0.221670524405,
    2.980116713837));
#7964 = CARTESIAN_POINT('',(-1.495561766278,0.14870156165,2.993342848055
    ));
#7965 = CARTESIAN_POINT('',(-1.5,7.448250864081E-02,3.));
#7966 = CARTESIAN_POINT('',(-1.5,2.2E-16,3.));
#7967 = ORIENTED_EDGE('',*,*,#7968,.F.);
#7968 = EDGE_CURVE('',#7648,#7872,#7969,.T.);
#7969 = LINE('',#7970,#7971);
#7970 = CARTESIAN_POINT('',(-6.,2.4E-16,3.));
#7971 = VECTOR('',#7972,1.);
#7972 = DIRECTION('',(1.,0.,0.));
#7973 = ORIENTED_EDGE('',*,*,#7647,.T.);
#7974 = ORIENTED_EDGE('',*,*,#7968,.T.);
#7975 = CYLINDRICAL_SURFACE('',#7976,1.);
#7976 = AXIS2_PLACEMENT_3D('',#7977,#7978,#7979);
#7977 = CARTESIAN_POINT('',(-6.,0.,2.));
#7978 = DIRECTION('',(1.,0.,0.));
#7979 = DIRECTION('',(0.,0.,1.));
#7980 = ADVANCED_FACE('',(#7981,#8007),#8010,.F.);
#7981 = FACE_BOUND('',#7982,.F.);
#7982 = EDGE_LOOP('',(#7983,#7984,#7990,#7991,#7998,#8005,#8006));
#7983 = ORIENTED_EDGE('',*,*,#7834,.T.);
#7984 = ORIENTED_EDGE('',*,*,#7985,.T.);
#7985 = EDGE_CURVE('',#7835,#7720,#7986,.T.);
#7986 = LINE('',#7987,#7988);
#7987 = CARTESIAN_POINT('',(1.5,-3.7E-16,-7.));
#7988 = VECTOR('',#7989,1.);
#7989 = DIRECTION('',(0.,0.,1.));
#7990 = ORIENTED_EDGE('',*,*,#7719,.F.);
#7991 = ORIENTED_EDGE('',*,*,#7992,.F.);
#7992 = EDGE_CURVE('',#7872,#7712,#7993,.T.);
#7993 = CIRCLE('',#7994,1.5);
#7994 = AXIS2_PLACEMENT_3D('',#7995,#7996,#7997);
#7995 = CARTESIAN_POINT('',(0.,0.,3.));
#7996 = DIRECTION('',(0.,0.,1.));
#7997 = DIRECTION('',(1.,0.,0.));
#7998 = ORIENTED_EDGE('',*,*,#7999,.F.);
#7999 = EDGE_CURVE('',#7712,#7872,#8000,.T.);
#8000 = CIRCLE('',#8001,1.5);
#8001 = AXIS2_PLACEMENT_3D('',#8002,#8003,#8004);
#8002 = CARTESIAN_POINT('',(0.,0.,3.));
#8003 = DIRECTION('',(0.,0.,1.));
#8004 = DIRECTION('',(1.,0.,0.));
#8005 = ORIENTED_EDGE('',*,*,#7771,.F.);
#8006 = ORIENTED_EDGE('',*,*,#7985,.F.);
#8007 = FACE_BOUND('',#8008,.F.);
#8008 = EDGE_LOOP('',(#8009));
#8009 = ORIENTED_EDGE('',*,*,#7871,.T.);
#8010 = CYLINDRICAL_SURFACE('',#8011,1.5);
#8011 = AXIS2_PLACEMENT_3D('',#8012,#8013,#8014);
#8012 = CARTESIAN_POINT('',(0.,0.,-7.));
#8013 = DIRECTION('',(0.,0.,1.));
#8014 = DIRECTION('',(1.,0.,0.));
#8015 = ADVANCED_FACE('',(#8016),#8035,.T.);
#8016 = FACE_BOUND('',#8017,.T.);
#8017 = EDGE_LOOP('',(#8018,#8027,#8033,#8034));
#8018 = ORIENTED_EDGE('',*,*,#8019,.F.);
#8019 = EDGE_CURVE('',#8020,#8020,#8022,.T.);
#8020 = VERTEX_POINT('',#8021);
#8021 = CARTESIAN_POINT('',(7.,-2.E-15,6.));
#8022 = CIRCLE('',#8023,7.);
#8023 = AXIS2_PLACEMENT_3D('',#8024,#8025,#8026);
#8024 = CARTESIAN_POINT('',(0.,0.,6.));
#8025 = DIRECTION('',(0.,0.,1.));
#8026 = DIRECTION('',(1.,0.,0.));
#8027 = ORIENTED_EDGE('',*,*,#8028,.F.);
#8028 = EDGE_CURVE('',#7852,#8020,#8029,.T.);
#8029 = LINE('',#8030,#8031);
#8030 = CARTESIAN_POINT('',(7.,-1.71E-15,4.));
#8031 = VECTOR('',#8032,1.);
#8032 = DIRECTION('',(0.,0.,1.));
#8033 = ORIENTED_EDGE('',*,*,#7851,.T.);
#8034 = ORIENTED_EDGE('',*,*,#8028,.T.);
#8035 = CYLINDRICAL_SURFACE('',#8036,7.);
#8036 = AXIS2_PLACEMENT_3D('',#8037,#8038,#8039);
#8037 = CARTESIAN_POINT('',(0.,0.,4.));
#8038 = DIRECTION('',(0.,0.,1.));
#8039 = DIRECTION('',(1.,0.,0.));
#8040 = ADVANCED_FACE('',(#8041),#8044,.T.);
#8041 = FACE_BOUND('',#8042,.T.);
#8042 = EDGE_LOOP('',(#8043));
#8043 = ORIENTED_EDGE('',*,*,#8019,.T.);
#8044 = PLANE('',#8045);
#8045 = AXIS2_PLACEMENT_3D('',#8046,#8047,#8048);
#8046 = CARTESIAN_POINT('',(0.,0.,6.));
#8047 = DIRECTION('',(0.,0.,1.));
#8048 = DIRECTION('',(1.,0.,0.));
#8049 = ADVANCED_FACE('',(#8050),#8054,.F.);
#8050 = FACE_BOUND('',#8051,.T.);
#8051 = EDGE_LOOP('',(#8052,#8053));
#8052 = ORIENTED_EDGE('',*,*,#7999,.F.);
#8053 = ORIENTED_EDGE('',*,*,#7992,.F.);
#8054 = PLANE('',#8055);
#8055 = AXIS2_PLACEMENT_3D('',#8056,#8057,#8058);
#8056 = CARTESIAN_POINT('',(0.,0.,3.));
#8057 = DIRECTION('',(0.,0.,1.));
#8058 = DIRECTION('',(1.,0.,0.));
#8059 = MANIFOLD_SOLID_BREP('',#8060);
#8060 = CLOSED_SHELL('',(#8061,#8172,#8805,#8815,#8825,#8866,#8906,#8959
    ,#8984,#9009,#9040,#9180,#9301,#9332,#9358,#9384,#9410,#9435,#9460,
    #9485,#9518,#9543,#9596,#9621,#9654,#9679,#9704,#9737,#9762,#9788,
    #9814,#9840,#9850,#9860,#9870,#9880,#9890,#9900,#9910,#9920,#9951,
    #9976,#10001,#10013,#10025,#10037,#10046,#10055,#10064,#10073,#10082
    ,#10091,#10100,#10109,#10146,#10221,#10246,#10255,#10280,#10289,
    #10314,#10323,#10348,#10357,#10382,#10391,#10466,#10491,#10500,
    #10525,#10534,#10559,#10568,#10593,#10602,#10627));
#8061 = ADVANCED_FACE('',(#8062),#8167,.F.);
#8062 = FACE_BOUND('',#8063,.F.);
#8063 = EDGE_LOOP('',(#8064,#8083,#8091,#8098,#8099,#8116,#8125,#8160));
#8064 = ORIENTED_EDGE('',*,*,#8065,.T.);
#8065 = EDGE_CURVE('',#8066,#8068,#8070,.T.);
#8066 = VERTEX_POINT('',#8067);
#8067 = CARTESIAN_POINT('',(4.029888335922,2.95972971739,-21.8));
#8068 = VERTEX_POINT('',#8069);
#8069 = CARTESIAN_POINT('',(5.,2.E-15,-22.));
#8070 = B_SPLINE_CURVE_WITH_KNOTS('',6,(#8071,#8072,#8073,#8074,#8075,
    #8076,#8077,#8078,#8079,#8080,#8081,#8082),.UNSPECIFIED.,.F.,.F.,(7,
    5,7),(0.,0.438726480093,1.),.UNSPECIFIED.);
#8071 = CARTESIAN_POINT('',(4.029885090173,2.959734136709,-21.7999994));
#8072 = CARTESIAN_POINT('',(4.154454147279,2.790124650606,
    -21.82302687705));
#8073 = CARTESIAN_POINT('',(4.272765439656,2.611080912124,
    -21.84572238474));
#8074 = CARTESIAN_POINT('',(4.383824117795,2.422708597904,
    -21.86774339972));
#8075 = CARTESIAN_POINT('',(4.486613897275,2.225204321636,
    -21.88871228819));
#8076 = CARTESIAN_POINT('',(4.580093836713,2.018857818972,
    -21.90823283834));
#8077 = CARTESIAN_POINT('',(4.769508615107,1.529250520848,
    -21.94851751518));
#8078 = CARTESIAN_POINT('',(4.859141137294,1.239815358758,
    -21.96817100463));
#8079 = CARTESIAN_POINT('',(4.928794129769,0.938666094745,
    -21.98381642892));
#8080 = CARTESIAN_POINT('',(4.976177375628,0.629191276958,
    -21.99458587999));
#8081 = CARTESIAN_POINT('',(5.,0.31505625705,-22.));
#8082 = CARTESIAN_POINT('',(5.,-2.4E-16,-22.));
#8083 = ORIENTED_EDGE('',*,*,#8084,.T.);
#8084 = EDGE_CURVE('',#8068,#8085,#8087,.T.);
#8085 = VERTEX_POINT('',#8086);
#8086 = CARTESIAN_POINT('',(5.,1.E-15,-30.));
#8087 = LINE('',#8088,#8089);
#8088 = CARTESIAN_POINT('',(5.,1.22E-15,-21.8));
#8089 = VECTOR('',#8090,1.);
#8090 = DIRECTION('',(0.,0.,-1.));
#8091 = ORIENTED_EDGE('',*,*,#8092,.F.);
#8092 = EDGE_CURVE('',#8085,#8085,#8093,.T.);
#8093 = CIRCLE('',#8094,5.);
#8094 = AXIS2_PLACEMENT_3D('',#8095,#8096,#8097);
#8095 = CARTESIAN_POINT('',(0.,0.,-30.));
#8096 = DIRECTION('',(0.,-1.2E-16,-1.));
#8097 = DIRECTION('',(1.,0.,0.));
#8098 = ORIENTED_EDGE('',*,*,#8084,.F.);
#8099 = ORIENTED_EDGE('',*,*,#8100,.T.);
#8100 = EDGE_CURVE('',#8068,#8101,#8103,.T.);
#8101 = VERTEX_POINT('',#8102);
#8102 = CARTESIAN_POINT('',(4.029888335922,-2.95972971739,-21.8));
#8103 = B_SPLINE_CURVE_WITH_KNOTS('',6,(#8104,#8105,#8106,#8107,#8108,
    #8109,#8110,#8111,#8112,#8113,#8114,#8115),.UNSPECIFIED.,.F.,.F.,(7,
    5,7),(0.,0.573701560187,1.),.UNSPECIFIED.);
#8104 = CARTESIAN_POINT('',(5.,-4.4E-16,-22.));
#8105 = CARTESIAN_POINT('',(5.,-0.322086602354,-22.));
#8106 = CARTESIAN_POINT('',(4.975102318793,-0.643156092613,
    -21.99434156723));
#8107 = CARTESIAN_POINT('',(4.925602691145,-0.959247892856,
    -21.98309103369));
#8108 = CARTESIAN_POINT('',(4.852902669599,-1.266484204451,
    -21.96677025291));
#8109 = CARTESIAN_POINT('',(4.759476770851,-1.561293342537,
    -21.94631946434));
#8110 = CARTESIAN_POINT('',(4.566703473574,-2.048183112883,
    -21.90544066938));
#8111 = CARTESIAN_POINT('',(4.474851644201,-2.247684977111,
    -21.8863158252));
#8112 = CARTESIAN_POINT('',(4.37430628466,-2.438798134037,
    -21.86585806852));
#8113 = CARTESIAN_POINT('',(4.266017966342,-2.621274955265,
    -21.84442884138));
#8114 = CARTESIAN_POINT('',(4.150910857186,-2.794949087957,
    -21.82237187465));
#8115 = CARTESIAN_POINT('',(4.029885090173,-2.959734136709,-21.7999994)
  );
#8116 = ORIENTED_EDGE('',*,*,#8117,.T.);
#8117 = EDGE_CURVE('',#8101,#8118,#8120,.T.);
#8118 = VERTEX_POINT('',#8119);
#8119 = CARTESIAN_POINT('',(-4.029888335922,-2.95972971739,-21.8));
#8120 = CIRCLE('',#8121,5.);
#8121 = AXIS2_PLACEMENT_3D('',#8122,#8123,#8124);
#8122 = CARTESIAN_POINT('',(0.,0.,-21.8));
#8123 = DIRECTION('',(0.,0.,-1.));
#8124 = DIRECTION('',(1.,0.,0.));
#8125 = ORIENTED_EDGE('',*,*,#8126,.T.);
#8126 = EDGE_CURVE('',#8118,#8127,#8129,.T.);
#8127 = VERTEX_POINT('',#8128);
#8128 = CARTESIAN_POINT('',(-4.029888335922,2.95972971739,-21.8));
#8129 = B_SPLINE_CURVE_WITH_KNOTS('',5,(#8130,#8131,#8132,#8133,#8134,
    #8135,#8136,#8137,#8138,#8139,#8140,#8141,#8142,#8143,#8144,#8145,
    #8146,#8147,#8148,#8149,#8150,#8151,#8152,#8153,#8154,#8155,#8156,
    #8157,#8158,#8159),.UNSPECIFIED.,.F.,.F.,(6,4,4,4,4,4,4,6),(0.,
    0.219235990575,0.314141112222,0.50009974763,0.629260220226,
    0.689032152754,0.787106110762,1.),.UNSPECIFIED.);
#8130 = CARTESIAN_POINT('',(-4.029885090173,-2.959734136709,-21.7999994)
  );
#8131 = CARTESIAN_POINT('',(-4.179367958701,-2.756202753385,
    -21.82763237246));
#8132 = CARTESIAN_POINT('',(-4.319464180134,-2.538519991493,
    -21.85476739088));
#8133 = CARTESIAN_POINT('',(-4.448184055457,-2.306897204314,
    -21.88071940856));
#8134 = CARTESIAN_POINT('',(-4.563473580912,-2.061818556279,
    -21.90469804745));
#8135 = CARTESIAN_POINT('',(-4.706363595336,-1.69247042788,
    -21.93508785178));
#8136 = CARTESIAN_POINT('',(-4.746597871569,-1.578552830788,
    -21.94374646607));
#8137 = CARTESIAN_POINT('',(-4.783694454834,-1.462457055883,
    -21.95181089627));
#8138 = CARTESIAN_POINT('',(-4.817470031871,-1.344352413791,
    -21.95921548299));
#8139 = CARTESIAN_POINT('',(-4.907114992788,-0.989427841873,
    -21.97899966548));
#8140 = CARTESIAN_POINT('',(-4.953145252267,-0.747211147928,
    -21.98934949152));
#8141 = CARTESIAN_POINT('',(-4.984364586944,-0.499961913168,
    -21.99644699051));
#8142 = CARTESIAN_POINT('',(-5.,-0.250082370902,-22.));
#8143 = CARTESIAN_POINT('',(-5.,0.173698613904,-22.));
#8144 = CARTESIAN_POINT('',(-4.992457067908,0.347364525904,
    -21.99828576045));
#8145 = CARTESIAN_POINT('',(-4.977377718442,0.520136081438,
    -21.99485835623));
#8146 = CARTESIAN_POINT('',(-4.95495029403,0.691170107475,
    -21.98978652113));
#8147 = CARTESIAN_POINT('',(-4.911939419985,0.93761130375,
    -21.98014952189));
#8148 = CARTESIAN_POINT('',(-4.896835932327,1.015041537477,
    -21.97677542485));
#8149 = CARTESIAN_POINT('',(-4.880270762044,1.09186525586,
    -21.97308827437));
#8150 = CARTESIAN_POINT('',(-4.862282914392,1.168019527402,
    -21.96910189991));
#8151 = CARTESIAN_POINT('',(-4.811138198163,1.367215045504,
    -21.95782525744));
#8152 = CARTESIAN_POINT('',(-4.775653636782,1.489004633662,
    -21.95005592771));
#8153 = CARTESIAN_POINT('',(-4.736643547923,1.608620988071,
    -21.94159011187));
#8154 = CARTESIAN_POINT('',(-4.694311345205,1.72588241984,
    -21.93250072434));
#8155 = CARTESIAN_POINT('',(-4.550267682394,2.089695182792,
    -21.90195535608));
#8156 = CARTESIAN_POINT('',(-4.437143625105,2.326679874264,
    -21.87849605976));
#8157 = CARTESIAN_POINT('',(-4.311468944229,2.550916393784,
    -21.85322007729));
#8158 = CARTESIAN_POINT('',(-4.175116010578,2.76199207822,
    -21.82684636958));
#8159 = CARTESIAN_POINT('',(-4.029885090173,2.959734136709,-21.7999994)
  );
#8160 = ORIENTED_EDGE('',*,*,#8161,.T.);
#8161 = EDGE_CURVE('',#8127,#8066,#8162,.T.);
#8162 = CIRCLE('',#8163,5.);
#8163 = AXIS2_PLACEMENT_3D('',#8164,#8165,#8166);
#8164 = CARTESIAN_POINT('',(0.,0.,-21.8));
#8165 = DIRECTION('',(0.,0.,-1.));
#8166 = DIRECTION('',(1.,0.,0.));
#8167 = CYLINDRICAL_SURFACE('',#8168,5.);
#8168 = AXIS2_PLACEMENT_3D('',#8169,#8170,#8171);
#8169 = CARTESIAN_POINT('',(0.,0.,-21.8));
#8170 = DIRECTION('',(0.,0.,-1.));
#8171 = DIRECTION('',(1.,0.,0.));
#8172 = ADVANCED_FACE('',(#8173,#8407,#8501,#8595,#8612,#8706),#8800,.F.
  );
#8173 = FACE_BOUND('',#8174,.F.);
#8174 = EDGE_LOOP('',(#8175,#8208,#8216,#8223,#8224,#8253,#8261,#8292,
    #8300,#8331,#8339,#8346,#8347,#8376,#8377,#8406));
#8175 = ORIENTED_EDGE('',*,*,#8176,.F.);
#8176 = EDGE_CURVE('',#8177,#8179,#8181,.T.);
#8177 = VERTEX_POINT('',#8178);
#8178 = CARTESIAN_POINT('',(52.5,2.E-15,22.));
#8179 = VERTEX_POINT('',#8180);
#8180 = CARTESIAN_POINT('',(47.5,5.E-15,22.));
#8181 = B_SPLINE_CURVE_WITH_KNOTS('',7,(#8182,#8183,#8184,#8185,#8186,
    #8187,#8188,#8189,#8190,#8191,#8192,#8193,#8194,#8195,#8196,#8197,
    #8198,#8199,#8200,#8201,#8202,#8203,#8204,#8205,#8206,#8207),
  .UNSPECIFIED.,.F.,.F.,(8,6,6,6,8),(0.,0.244324895288,0.500008608906,
    0.755709302897,1.),.UNSPECIFIED.);
#8182 = CARTESIAN_POINT('',(52.5,2.39E-15,22.));
#8183 = CARTESIAN_POINT('',(52.5,0.333755514375,22.));
#8184 = CARTESIAN_POINT('',(52.448017344213,0.657927950201,
    21.994092737234));
#8185 = CARTESIAN_POINT('',(52.349420810884,0.963210952076,
    21.982889369089));
#8186 = CARTESIAN_POINT('',(52.211255705301,1.241996038331,
    21.967950342613));
#8187 = CARTESIAN_POINT('',(52.042182492763,1.488594661808,
    21.951359736291));
#8188 = CARTESIAN_POINT('',(51.852357401456,1.6997670388,21.934945211963
    ));
#8189 = CARTESIAN_POINT('',(51.444946675677,2.058947909375,
    21.904216835283));
#8190 = CARTESIAN_POINT('',(51.220539498315,2.20880107544,
    21.889588026564));
#8191 = CARTESIAN_POINT('',(50.985473963484,2.326464717835,
    21.877098066036));
#8192 = CARTESIAN_POINT('',(50.74344571784,2.413511187948,
    21.867385451721));
#8193 = CARTESIAN_POINT('',(50.497138745667,2.471141361568,
    21.860793742298));
#8194 = CARTESIAN_POINT('',(50.248678973514,2.5,21.857492994394));
#8195 = CARTESIAN_POINT('',(49.751304511309,2.5,21.857492994394));
#8196 = CARTESIAN_POINT('',(49.502847514286,2.471137590829,
    21.860794170416));
#8197 = CARTESIAN_POINT('',(49.256549792494,2.413507610078,
    21.867385869581));
#8198 = CARTESIAN_POINT('',(49.014528442529,2.326464719701,
    21.877097990968));
#8199 = CARTESIAN_POINT('',(48.779463801705,2.208803529888,
    21.889587802624));
#8200 = CARTESIAN_POINT('',(48.555054195794,2.05894867768,
    21.904216769554));
#8201 = CARTESIAN_POINT('',(48.147682849244,1.699802524566,
    21.934942176111));
#8202 = CARTESIAN_POINT('',(47.957840272475,1.488632504305,
    21.951357171564));
#8203 = CARTESIAN_POINT('',(47.788732284929,1.242001623819,
    21.967950964473));
#8204 = CARTESIAN_POINT('',(47.650546102132,0.963164541614,
    21.982893119722));
#8205 = CARTESIAN_POINT('',(47.551956900995,0.657838900797,
    21.994095667299));
#8206 = CARTESIAN_POINT('',(47.5,0.333672854262,22.));
#8207 = CARTESIAN_POINT('',(47.5,3.15E-15,22.));
#8208 = ORIENTED_EDGE('',*,*,#8209,.T.);
#8209 = EDGE_CURVE('',#8177,#8210,#8212,.T.);
#8210 = VERTEX_POINT('',#8211);
#8211 = CARTESIAN_POINT('',(70.,5.E-15,22.));
#8212 = LINE('',#8213,#8214);
#8213 = CARTESIAN_POINT('',(-71.,5.39E-15,22.));
#8214 = VECTOR('',#8215,1.);
#8215 = DIRECTION('',(1.,0.,0.));
#8216 = ORIENTED_EDGE('',*,*,#8217,.F.);
#8217 = EDGE_CURVE('',#8210,#8210,#8218,.T.);
#8218 = CIRCLE('',#8219,22.);
#8219 = AXIS2_PLACEMENT_3D('',#8220,#8221,#8222);
#8220 = CARTESIAN_POINT('',(70.,0.,0.));
#8221 = DIRECTION('',(1.,0.,-0.));
#8222 = DIRECTION('',(0.,0.,1.));
#8223 = ORIENTED_EDGE('',*,*,#8209,.F.);
#8224 = ORIENTED_EDGE('',*,*,#8225,.F.);
#8225 = EDGE_CURVE('',#8179,#8177,#8226,.T.);
#8226 = B_SPLINE_CURVE_WITH_KNOTS('',7,(#8227,#8228,#8229,#8230,#8231,
    #8232,#8233,#8234,#8235,#8236,#8237,#8238,#8239,#8240,#8241,#8242,
    #8243,#8244,#8245,#8246,#8247,#8248,#8249,#8250,#8251,#8252),
  .UNSPECIFIED.,.F.,.F.,(8,6,6,6,8),(0.,0.244353072081,0.500057459624,
    0.755760945569,1.),.UNSPECIFIED.);
#8227 = CARTESIAN_POINT('',(47.5,4.4E-16,22.));
#8228 = CARTESIAN_POINT('',(47.5,-0.33375551437,22.));
#8229 = CARTESIAN_POINT('',(47.551982655785,-0.657927950207,
    21.994092737234));
#8230 = CARTESIAN_POINT('',(47.650579189119,-0.96321095208,
    21.982889369089));
#8231 = CARTESIAN_POINT('',(47.788744294699,-1.241996038327,
    21.967950342613));
#8232 = CARTESIAN_POINT('',(47.957817507231,-1.488594661805,
    21.951359736291));
#8233 = CARTESIAN_POINT('',(48.147642598548,-1.699767038803,
    21.934945211963));
#8234 = CARTESIAN_POINT('',(48.555046144391,-2.058941579414,
    21.90421737682));
#8235 = CARTESIAN_POINT('',(48.779459747186,-2.208803677782,
    21.889587928293));
#8236 = CARTESIAN_POINT('',(49.01453400704,-2.326468963978,
    21.877097498483));
#8237 = CARTESIAN_POINT('',(49.256559638756,-2.413510216743,
    21.867385571269));
#8238 = CARTESIAN_POINT('',(49.502853321241,-2.471137357132,
    21.860794197836));
#8239 = CARTESIAN_POINT('',(49.751303634422,-2.5,21.857492994394));
#8240 = CARTESIAN_POINT('',(50.248695488691,-2.5,21.857492994394));
#8241 = CARTESIAN_POINT('',(50.497152485714,-2.471137590829,
    21.860794170416));
#8242 = CARTESIAN_POINT('',(50.743450207507,-2.413507610078,
    21.867385869581));
#8243 = CARTESIAN_POINT('',(50.98547155747,-2.326464719701,
    21.877097990968));
#8244 = CARTESIAN_POINT('',(51.220536198295,-2.208803529888,
    21.889587802624));
#8245 = CARTESIAN_POINT('',(51.444945804206,-2.05894867768,
    21.904216769554));
#8246 = CARTESIAN_POINT('',(51.852272901767,-1.699841535297,
    21.934938838694));
#8247 = CARTESIAN_POINT('',(52.042146343003,-1.48866378351,
    21.951355223834));
#8248 = CARTESIAN_POINT('',(52.211292550898,-1.241988448336,
    21.967953000353));
#8249 = CARTESIAN_POINT('',(52.349492701227,-0.963097327526,
    21.982897555033));
#8250 = CARTESIAN_POINT('',(52.448067977266,-0.657740839373,
    21.994098488074));
#8251 = CARTESIAN_POINT('',(52.5,-0.333592948679,22.));
#8252 = CARTESIAN_POINT('',(52.5,-4.4E-16,22.));
#8253 = ORIENTED_EDGE('',*,*,#8254,.F.);
#8254 = EDGE_CURVE('',#8255,#8179,#8257,.T.);
#8255 = VERTEX_POINT('',#8256);
#8256 = CARTESIAN_POINT('',(1.5,3.E-15,22.));
#8257 = LINE('',#8258,#8259);
#8258 = CARTESIAN_POINT('',(-71.,5.39E-15,22.));
#8259 = VECTOR('',#8260,1.);
#8260 = DIRECTION('',(1.,0.,0.));
#8261 = ORIENTED_EDGE('',*,*,#8262,.F.);
#8262 = EDGE_CURVE('',#8263,#8255,#8265,.T.);
#8263 = VERTEX_POINT('',#8264);
#8264 = CARTESIAN_POINT('',(-1.5,5.E-15,22.));
#8265 = B_SPLINE_CURVE_WITH_KNOTS('',7,(#8266,#8267,#8268,#8269,#8270,
    #8271,#8272,#8273,#8274,#8275,#8276,#8277,#8278,#8279,#8280,#8281,
    #8282,#8283,#8284,#8285,#8286,#8287,#8288,#8289,#8290,#8291),
  .UNSPECIFIED.,.F.,.F.,(8,6,6,6,8),(0.,0.258263028755,0.500012488356,
    0.741802327433,1.),.UNSPECIFIED.);
#8266 = CARTESIAN_POINT('',(-1.5,2.2E-16,22.));
#8267 = CARTESIAN_POINT('',(-1.5,-0.204805505576,22.));
#8268 = CARTESIAN_POINT('',(-1.467376121436,-0.404697391854,
    21.997775595448));
#8269 = CARTESIAN_POINT('',(-1.4049444129,-0.5935675247,21.993519162435)
  );
#8270 = CARTESIAN_POINT('',(-1.316794622963,-0.766249079913,
    21.987811494784));
#8271 = CARTESIAN_POINT('',(-1.208208900832,-0.918761114518,
    21.981477932156));
#8272 = CARTESIAN_POINT('',(-1.08555126002,-1.048708237448,
    21.975252102012));
#8273 = CARTESIAN_POINT('',(-0.834995637738,-1.255985874667,
    21.964347714574));
#8274 = CARTESIAN_POINT('',(-0.705245493284,-1.33837351759,
    21.959478675433));
#8275 = CARTESIAN_POINT('',(-0.569483515699,-1.403484029751,
    21.955325778771));
#8276 = CARTESIAN_POINT('',(-0.429635825547,-1.4518696696,
    21.952093368312));
#8277 = CARTESIAN_POINT('',(-0.287238344265,-1.483959422482,
    21.949900286832));
#8278 = CARTESIAN_POINT('',(-0.143609874919,-1.5,21.948804067648));
#8279 = CARTESIAN_POINT('',(0.143633862115,-1.5,21.948804067648));
#8280 = CARTESIAN_POINT('',(0.28725493004,-1.483954075283,
    21.949900652481));
#8281 = CARTESIAN_POINT('',(0.42963546931,-1.451866180563,
    21.952093604779));
#8282 = CARTESIAN_POINT('',(0.569471621832,-1.403487208928,
    21.955325518625));
#8283 = CARTESIAN_POINT('',(0.705232223893,-1.338381378857,
    21.959478195939));
#8284 = CARTESIAN_POINT('',(0.834988081355,-1.255992125851,
    21.964347385714));
#8285 = CARTESIAN_POINT('',(1.085504972086,-1.048746530157,
    21.975250087523));
#8286 = CARTESIAN_POINT('',(1.208188576706,-0.91879832535,
    21.981476410437));
#8287 = CARTESIAN_POINT('',(1.316814262255,-0.766246553057,
    21.987812298954));
#8288 = CARTESIAN_POINT('',(1.404983508544,-0.593508340769,
    21.993521835743));
#8289 = CARTESIAN_POINT('',(1.467403749517,-0.404598208749,
    21.997777477892));
#8290 = CARTESIAN_POINT('',(1.5,-0.204718770544,22.));
#8291 = CARTESIAN_POINT('',(1.5,-2.2E-16,22.));
#8292 = ORIENTED_EDGE('',*,*,#8293,.F.);
#8293 = EDGE_CURVE('',#8294,#8263,#8296,.T.);
#8294 = VERTEX_POINT('',#8295);
#8295 = CARTESIAN_POINT('',(-47.5,2.E-15,22.));
#8296 = LINE('',#8297,#8298);
#8297 = CARTESIAN_POINT('',(-71.,5.39E-15,22.));
#8298 = VECTOR('',#8299,1.);
#8299 = DIRECTION('',(1.,0.,0.));
#8300 = ORIENTED_EDGE('',*,*,#8301,.F.);
#8301 = EDGE_CURVE('',#8302,#8294,#8304,.T.);
#8302 = VERTEX_POINT('',#8303);
#8303 = CARTESIAN_POINT('',(-52.5,5.E-15,22.));
#8304 = B_SPLINE_CURVE_WITH_KNOTS('',7,(#8305,#8306,#8307,#8308,#8309,
    #8310,#8311,#8312,#8313,#8314,#8315,#8316,#8317,#8318,#8319,#8320,
    #8321,#8322,#8323,#8324,#8325,#8326,#8327,#8328,#8329,#8330),
  .UNSPECIFIED.,.F.,.F.,(8,6,6,6,8),(0.,0.244353072084,0.500057459628,
    0.755760945575,1.),.UNSPECIFIED.);
#8305 = CARTESIAN_POINT('',(-52.5,4.4E-16,22.));
#8306 = CARTESIAN_POINT('',(-52.5,-0.33375551437,22.));
#8307 = CARTESIAN_POINT('',(-52.44801734421,-0.657927950206,
    21.994092737234));
#8308 = CARTESIAN_POINT('',(-52.34942081088,-0.963210952079,
    21.982889369089));
#8309 = CARTESIAN_POINT('',(-52.2112557053,-1.241996038327,
    21.967950342613));
#8310 = CARTESIAN_POINT('',(-52.04218249276,-1.488594661805,
    21.951359736291));
#8311 = CARTESIAN_POINT('',(-51.85235740145,-1.699767038803,
    21.934945211963));
#8312 = CARTESIAN_POINT('',(-51.4449538556,-2.058941579414,
    21.90421737682));
#8313 = CARTESIAN_POINT('',(-51.22054025281,-2.208803677782,
    21.889587928293));
#8314 = CARTESIAN_POINT('',(-50.98546599295,-2.326468963978,
    21.877097498483));
#8315 = CARTESIAN_POINT('',(-50.74344036124,-2.413510216743,
    21.867385571269));
#8316 = CARTESIAN_POINT('',(-50.49714667875,-2.471137357132,
    21.860794197836));
#8317 = CARTESIAN_POINT('',(-50.24869636557,-2.5,21.857492994394));
#8318 = CARTESIAN_POINT('',(-49.7513045113,-2.5,21.857492994394));
#8319 = CARTESIAN_POINT('',(-49.50284751428,-2.471137590829,
    21.860794170416));
#8320 = CARTESIAN_POINT('',(-49.25654979249,-2.413507610078,
    21.867385869581));
#8321 = CARTESIAN_POINT('',(-49.01452844252,-2.3264647197,
    21.877097990968));
#8322 = CARTESIAN_POINT('',(-48.7794638017,-2.208803529888,
    21.889587802624));
#8323 = CARTESIAN_POINT('',(-48.55505419579,-2.05894867768,
    21.904216769554));
#8324 = CARTESIAN_POINT('',(-48.14772709824,-1.699841535303,
    21.934938838693));
#8325 = CARTESIAN_POINT('',(-47.95785365697,-1.488663783493,
    21.951355223835));
#8326 = CARTESIAN_POINT('',(-47.78870744911,-1.241988448327,
    21.967953000353));
#8327 = CARTESIAN_POINT('',(-47.65050729879,-0.963097327554,
    21.982897555031));
#8328 = CARTESIAN_POINT('',(-47.55193202272,-0.657740839395,
    21.994098488076));
#8329 = CARTESIAN_POINT('',(-47.5,-0.333592948643,22.));
#8330 = CARTESIAN_POINT('',(-47.5,-4.4E-16,22.));
#8331 = ORIENTED_EDGE('',*,*,#8332,.F.);
#8332 = EDGE_CURVE('',#8333,#8302,#8335,.T.);
#8333 = VERTEX_POINT('',#8334);
#8334 = CARTESIAN_POINT('',(-70.,5.E-15,22.));
#8335 = LINE('',#8336,#8337);
#8336 = CARTESIAN_POINT('',(-71.,5.39E-15,22.));
#8337 = VECTOR('',#8338,1.);
#8338 = DIRECTION('',(1.,0.,0.));
#8339 = ORIENTED_EDGE('',*,*,#8340,.T.);
#8340 = EDGE_CURVE('',#8333,#8333,#8341,.T.);
#8341 = CIRCLE('',#8342,22.);
#8342 = AXIS2_PLACEMENT_3D('',#8343,#8344,#8345);
#8343 = CARTESIAN_POINT('',(-70.,0.,0.));
#8344 = DIRECTION('',(1.,0.,-0.));
#8345 = DIRECTION('',(0.,0.,1.));
#8346 = ORIENTED_EDGE('',*,*,#8332,.T.);
#8347 = ORIENTED_EDGE('',*,*,#8348,.F.);
#8348 = EDGE_CURVE('',#8294,#8302,#8349,.T.);
#8349 = B_SPLINE_CURVE_WITH_KNOTS('',7,(#8350,#8351,#8352,#8353,#8354,
    #8355,#8356,#8357,#8358,#8359,#8360,#8361,#8362,#8363,#8364,#8365,
    #8366,#8367,#8368,#8369,#8370,#8371,#8372,#8373,#8374,#8375),
  .UNSPECIFIED.,.F.,.F.,(8,6,6,6,8),(0.,0.244324895293,0.500008608919,
    0.755709302917,1.),.UNSPECIFIED.);
#8350 = CARTESIAN_POINT('',(-47.5,2.39E-15,22.));
#8351 = CARTESIAN_POINT('',(-47.5,0.333755514373,22.));
#8352 = CARTESIAN_POINT('',(-47.55198265578,0.657927950204,
    21.994092737234));
#8353 = CARTESIAN_POINT('',(-47.65057918911,0.963210952077,
    21.982889369089));
#8354 = CARTESIAN_POINT('',(-47.7887442947,1.24199603833,21.967950342613
    ));
#8355 = CARTESIAN_POINT('',(-47.95781750723,1.488594661806,
    21.951359736291));
#8356 = CARTESIAN_POINT('',(-48.14764259854,1.699767038801,
    21.934945211963));
#8357 = CARTESIAN_POINT('',(-48.55505332432,2.058947909375,
    21.904216835283));
#8358 = CARTESIAN_POINT('',(-48.77946050168,2.20880107544,
    21.889588026564));
#8359 = CARTESIAN_POINT('',(-49.01452603651,2.326464717835,
    21.877098066036));
#8360 = CARTESIAN_POINT('',(-49.25655428215,2.413511187948,
    21.867385451721));
#8361 = CARTESIAN_POINT('',(-49.50286125433,2.471141361568,
    21.860793742298));
#8362 = CARTESIAN_POINT('',(-49.75132102648,2.5,21.857492994394));
#8363 = CARTESIAN_POINT('',(-50.24869548869,2.5,21.857492994394));
#8364 = CARTESIAN_POINT('',(-50.49715248571,2.471137590829,
    21.860794170416));
#8365 = CARTESIAN_POINT('',(-50.7434502075,2.413507610078,
    21.867385869581));
#8366 = CARTESIAN_POINT('',(-50.98547155747,2.3264647197,21.877097990968
    ));
#8367 = CARTESIAN_POINT('',(-51.22053619829,2.208803529888,
    21.889587802624));
#8368 = CARTESIAN_POINT('',(-51.4449458042,2.05894867768,21.904216769554
    ));
#8369 = CARTESIAN_POINT('',(-51.85231715073,1.699802524586,
    21.934942176109));
#8370 = CARTESIAN_POINT('',(-52.04215972755,1.488632504287,
    21.951357171566));
#8371 = CARTESIAN_POINT('',(-52.21126771507,1.242001623794,
    21.967950964474));
#8372 = CARTESIAN_POINT('',(-52.34945389784,0.963164541634,
    21.982893119719));
#8373 = CARTESIAN_POINT('',(-52.44804309901,0.657838900827,21.9940956673
    ));
#8374 = CARTESIAN_POINT('',(-52.5,0.333672854234,22.));
#8375 = CARTESIAN_POINT('',(-52.5,3.15E-15,22.));
#8376 = ORIENTED_EDGE('',*,*,#8293,.T.);
#8377 = ORIENTED_EDGE('',*,*,#8378,.F.);
#8378 = EDGE_CURVE('',#8255,#8263,#8379,.T.);
#8379 = B_SPLINE_CURVE_WITH_KNOTS('',7,(#8380,#8381,#8382,#8383,#8384,
    #8385,#8386,#8387,#8388,#8389,#8390,#8391,#8392,#8393,#8394,#8395,
    #8396,#8397,#8398,#8399,#8400,#8401,#8402,#8403,#8404,#8405),
  .UNSPECIFIED.,.F.,.F.,(8,6,6,6,8),(0.,0.258258078405,0.500022412027,
    0.74178219315,1.),.UNSPECIFIED.);
#8380 = CARTESIAN_POINT('',(1.5,2.51E-15,22.));
#8381 = CARTESIAN_POINT('',(1.5,0.204805505577,22.));
#8382 = CARTESIAN_POINT('',(1.467376121436,0.404697391854,
    21.997775595448));
#8383 = CARTESIAN_POINT('',(1.4049444129,0.5935675247,21.993519162435));
#8384 = CARTESIAN_POINT('',(1.316794622962,0.766249079913,
    21.987811494784));
#8385 = CARTESIAN_POINT('',(1.208208900832,0.918761114518,
    21.981477932156));
#8386 = CARTESIAN_POINT('',(1.08555126002,1.048708237448,21.975252102012
    ));
#8387 = CARTESIAN_POINT('',(0.834985862195,1.255993961699,
    21.964347289135));
#8388 = CARTESIAN_POINT('',(0.705230030004,1.338382294329,
    21.959478127843));
#8389 = CARTESIAN_POINT('',(0.569470998678,1.403486978167,
    21.955325531869));
#8390 = CARTESIAN_POINT('',(0.429636899612,1.451865393838,
    21.952093656242));
#8391 = CARTESIAN_POINT('',(0.287257865904,1.483953457039,
    21.949900695553));
#8392 = CARTESIAN_POINT('',(0.143636566837,1.5,21.948804067648));
#8393 = CARTESIAN_POINT('',(-0.143633862115,1.5,21.948804067648));
#8394 = CARTESIAN_POINT('',(-0.28725493004,1.483954075283,
    21.949900652481));
#8395 = CARTESIAN_POINT('',(-0.42963546931,1.451866180563,
    21.952093604779));
#8396 = CARTESIAN_POINT('',(-0.569471621832,1.403487208928,
    21.955325518625));
#8397 = CARTESIAN_POINT('',(-0.705232223893,1.338381378857,
    21.959478195939));
#8398 = CARTESIAN_POINT('',(-0.834988081355,1.255992125851,
    21.964347385714));
#8399 = CARTESIAN_POINT('',(-1.085531145973,1.048724877234,
    21.975251226632));
#8400 = CARTESIAN_POINT('',(-1.208197352186,0.918779541173,
    21.981477153758));
#8401 = CARTESIAN_POINT('',(-1.316800474451,0.766252327322,
    21.98781165483));
#8402 = CARTESIAN_POINT('',(-1.40496097859,0.593545322341,
    21.993520289085));
#8403 = CARTESIAN_POINT('',(-1.467389176573,0.404653829452,
    21.997776486629));
#8404 = CARTESIAN_POINT('',(-1.5,0.204764532236,22.));
#8405 = CARTESIAN_POINT('',(-1.5,2.97E-15,22.));
#8406 = ORIENTED_EDGE('',*,*,#8254,.T.);
#8407 = FACE_BOUND('',#8408,.F.);
#8408 = EDGE_LOOP('',(#8409,#8428,#8436,#8478,#8486));
#8409 = ORIENTED_EDGE('',*,*,#8410,.F.);
#8410 = EDGE_CURVE('',#8411,#8413,#8415,.T.);
#8411 = VERTEX_POINT('',#8412);
#8412 = CARTESIAN_POINT('',(-14.27957726598,-20.62287632213,
    7.661394925323));
#8413 = VERTEX_POINT('',#8414);
#8414 = CARTESIAN_POINT('',(-11.5,-15.5563491861,15.556349186104));
#8415 = B_SPLINE_CURVE_WITH_KNOTS('',6,(#8416,#8417,#8418,#8419,#8420,
    #8421,#8422,#8423,#8424,#8425,#8426,#8427),.UNSPECIFIED.,.F.,.F.,(7,
    5,7),(0.,0.478659742195,1.),.UNSPECIFIED.);
#8416 = CARTESIAN_POINT('',(-14.27957814059,-20.62287682369,
    7.661393575239));
#8417 = CARTESIAN_POINT('',(-13.90551494724,-20.4083653496,
    8.238813813989));
#8418 = CARTESIAN_POINT('',(-13.54944255778,-20.16532738511,
    8.833591509011));
#8419 = CARTESIAN_POINT('',(-13.21426235916,-19.89070793054,
    9.444469750479));
#8420 = CARTESIAN_POINT('',(-12.90352352744,-19.58123789573,
    10.069746769431));
#8421 = CARTESIAN_POINT('',(-12.62147952736,-19.23348827474,
    10.707128321203));
#8422 = CARTESIAN_POINT('',(-12.1027561119,-18.41972965974,
    12.057750515268));
#8423 = CARTESIAN_POINT('',(-11.87089224423,-17.94363147726,
    12.776520696745));
#8424 = CARTESIAN_POINT('',(-11.68856129586,-17.41583164349,
    13.496868750314));
#8425 = CARTESIAN_POINT('',(-11.56338695483,-16.83856852358,
    14.206897391303));
#8426 = CARTESIAN_POINT('',(-11.5,-16.21649103626,14.896207335947));
#8427 = CARTESIAN_POINT('',(-11.5,-15.5563491861,15.556349186104));
#8428 = ORIENTED_EDGE('',*,*,#8429,.F.);
#8429 = EDGE_CURVE('',#8430,#8411,#8432,.T.);
#8430 = VERTEX_POINT('',#8431);
#8431 = CARTESIAN_POINT('',(-41.72042273401,-20.62287632213,
    7.661394925323));
#8432 = LINE('',#8433,#8434);
#8433 = CARTESIAN_POINT('',(-71.,-20.62287632213,7.661394925323));
#8434 = VECTOR('',#8435,1.);
#8435 = DIRECTION('',(1.,0.,0.));
#8436 = ORIENTED_EDGE('',*,*,#8437,.F.);
#8437 = EDGE_CURVE('',#8438,#8430,#8440,.T.);
#8438 = VERTEX_POINT('',#8439);
#8439 = CARTESIAN_POINT('',(-41.72042273401,-7.661394925323,
    20.622876322139));
#8440 = B_SPLINE_CURVE_WITH_KNOTS('',6,(#8441,#8442,#8443,#8444,#8445,
    #8446,#8447,#8448,#8449,#8450,#8451,#8452,#8453,#8454,#8455,#8456,
    #8457,#8458,#8459,#8460,#8461,#8462,#8463,#8464,#8465,#8466,#8467,
    #8468,#8469,#8470,#8471,#8472,#8473,#8474,#8475,#8476,#8477),
  .UNSPECIFIED.,.F.,.F.,(7,5,5,5,5,5,5,7),(0.,0.238935756716,
    0.332928919763,0.387826509006,0.497548830004,0.666528604364,
    0.761214767115,1.),.UNSPECIFIED.);
#8441 = CARTESIAN_POINT('',(-41.7204218594,-7.661393575239,
    20.622876823695));
#8442 = CARTESIAN_POINT('',(-42.09455018674,-8.23891435764,
    20.408327997666));
#8443 = CARTESIAN_POINT('',(-42.45068169966,-8.833799035965,
    20.165242599458));
#8444 = CARTESIAN_POINT('',(-42.78591325321,-9.444789784431,
    19.890564073095));
#8445 = CARTESIAN_POINT('',(-43.09669355802,-10.07018362382,
    19.581021670369));
#8446 = CARTESIAN_POINT('',(-43.37876663003,-10.70768470002,
    19.233184678397));
#8447 = CARTESIAN_POINT('',(-43.72475142123,-11.608657874,
    18.690298419269));
#8448 = CARTESIAN_POINT('',(-43.81716585898,-11.8643298617,
    18.53062558242));
#8449 = CARTESIAN_POINT('',(-43.903939235,-12.12092625366,
    18.364465601132));
#8450 = CARTESIAN_POINT('',(-43.98471370291,-12.37806558743,
    18.191753508239));
#8451 = CARTESIAN_POINT('',(-44.05914892671,-12.63536898238,
    18.01244343366));
#8452 = CARTESIAN_POINT('',(-44.16650401226,-13.04261826198,
    17.717913229356));
#8453 = CARTESIAN_POINT('',(-44.20380936005,-13.19268573103,
    17.607070054891));
#8454 = CARTESIAN_POINT('',(-44.23876453901,-13.34255425095,
    17.494000877405));
#8455 = CARTESIAN_POINT('',(-44.27130293209,-13.49211732715,
    17.378730830927));
#8456 = CARTESIAN_POINT('',(-44.30136387058,-13.641271288,
    17.261289401888));
#8457 = CARTESIAN_POINT('',(-44.38391362622,-14.08700600536,
    16.90271118314));
#8458 = CARTESIAN_POINT('',(-44.42883132996,-14.3821251411,
    16.655120495584));
#8459 = CARTESIAN_POINT('',(-44.46315062001,-14.67419643008,
    16.399418826821));
#8460 = CARTESIAN_POINT('',(-44.48653468194,-14.96223114474,
    16.136185332521));
#8461 = CARTESIAN_POINT('',(-44.49880335294,-15.24532990033,
    15.866099238245));
#8462 = CARTESIAN_POINT('',(-44.5016688271,-15.9498291956,
    15.164639231767));
#8463 = CARTESIAN_POINT('',(-44.47697979752,-16.36251587063,
    14.725766024047));
#8464 = CARTESIAN_POINT('',(-44.42596959057,-16.75815528097,
    14.276016660476));
#8465 = CARTESIAN_POINT('',(-44.34951627698,-17.13465232776,
    13.818558884998));
#8466 = CARTESIAN_POINT('',(-44.24926776893,-17.49043427155,
    13.356998944279));
#8467 = CARTESIAN_POINT('',(-44.05953966082,-18.01160222337,
    12.636618959758));
#8468 = CARTESIAN_POINT('',(-43.98465654483,-18.19205371057,
    12.377703946728));
#8469 = CARTESIAN_POINT('',(-43.90335419004,-18.36582424665,
    12.118954651924));
#8470 = CARTESIAN_POINT('',(-43.81597928149,-18.53296076452,
    11.860756848595));
#8471 = CARTESIAN_POINT('',(-43.72289640721,-18.69352974826,
    11.603498927696));
#8472 = CARTESIAN_POINT('',(-43.37631969559,-19.23620059095,
    10.70215608535));
#8473 = CARTESIAN_POINT('',(-43.09453590836,-19.58316980514,
    10.065842690806));
#8474 = CARTESIAN_POINT('',(-42.78416796937,-19.89199337397,
    9.44160963803));
#8475 = CARTESIAN_POINT('',(-42.44944685729,-20.16608507479,
    8.831736802609));
#8476 = CARTESIAN_POINT('',(-42.09390290376,-20.40869919063,
    8.237915183438));
#8477 = CARTESIAN_POINT('',(-41.7204218594,-20.62287682369,
    7.661393575239));
#8478 = ORIENTED_EDGE('',*,*,#8479,.T.);
#8479 = EDGE_CURVE('',#8438,#8480,#8482,.T.);
#8480 = VERTEX_POINT('',#8481);
#8481 = CARTESIAN_POINT('',(-14.27957726598,-7.661394925323,
    20.622876322139));
#8482 = LINE('',#8483,#8484);
#8483 = CARTESIAN_POINT('',(-71.,-7.661394925323,20.622876322139));
#8484 = VECTOR('',#8485,1.);
#8485 = DIRECTION('',(1.,0.,0.));
#8486 = ORIENTED_EDGE('',*,*,#8487,.F.);
#8487 = EDGE_CURVE('',#8413,#8480,#8488,.T.);
#8488 = B_SPLINE_CURVE_WITH_KNOTS('',6,(#8489,#8490,#8491,#8492,#8493,
    #8494,#8495,#8496,#8497,#8498,#8499,#8500),.UNSPECIFIED.,.F.,.F.,(7,
    5,7),(0.,0.523517568982,1.),.UNSPECIFIED.);
#8489 = CARTESIAN_POINT('',(-11.5,-15.5563491861,15.556349186104));
#8490 = CARTESIAN_POINT('',(-11.5,-14.89337889169,16.21931948051));
#8491 = CARTESIAN_POINT('',(-11.56393127753,-14.20109391021,
    16.843794633376));
#8492 = CARTESIAN_POINT('',(-11.69013613253,-13.48801600154,
    17.423014102564));
#8493 = CARTESIAN_POINT('',(-11.87391035701,-12.76462983103,
    17.952335631417));
#8494 = CARTESIAN_POINT('',(-12.10754002733,-12.04292365496,
    18.429549355116));
#8495 = CARTESIAN_POINT('',(-12.62787941028,-10.69267944629,
    19.241365725557));
#8496 = CARTESIAN_POINT('',(-12.90916518745,-10.05840188167,
    19.586849597895));
#8497 = CARTESIAN_POINT('',(-13.21882504287,-9.436158188525,
    19.894442501598));
#8498 = CARTESIAN_POINT('',(-13.55267058878,-8.828201203963,
    20.16752917915));
#8499 = CARTESIAN_POINT('',(-13.90720707895,-8.236201765774,
    20.409335724865));
#8500 = CARTESIAN_POINT('',(-14.27957814059,-7.661393575239,
    20.622876823695));
#8501 = FACE_BOUND('',#8502,.F.);
#8502 = EDGE_LOOP('',(#8503,#8547,#8555,#8572,#8589));
#8503 = ORIENTED_EDGE('',*,*,#8504,.F.);
#8504 = EDGE_CURVE('',#8505,#8507,#8509,.T.);
#8505 = VERTEX_POINT('',#8506);
#8506 = CARTESIAN_POINT('',(-41.72042273401,20.622876322139,
    7.661394925323));
#8507 = VERTEX_POINT('',#8508);
#8508 = CARTESIAN_POINT('',(-41.72042273401,7.661394925323,
    20.622876322139));
#8509 = B_SPLINE_CURVE_WITH_KNOTS('',6,(#8510,#8511,#8512,#8513,#8514,
    #8515,#8516,#8517,#8518,#8519,#8520,#8521,#8522,#8523,#8524,#8525,
    #8526,#8527,#8528,#8529,#8530,#8531,#8532,#8533,#8534,#8535,#8536,
    #8537,#8538,#8539,#8540,#8541,#8542,#8543,#8544,#8545,#8546),
  .UNSPECIFIED.,.F.,.F.,(7,5,5,5,5,5,5,7),(0.,0.238894250229,
    0.332870195988,0.387743043824,0.498437419201,0.66667900175,
    0.761320221535,1.),.UNSPECIFIED.);
#8510 = CARTESIAN_POINT('',(-41.7204218594,20.622876823695,
    7.661393575239));
#8511 = CARTESIAN_POINT('',(-42.0944850528,20.408365349583,
    8.238813814054));
#8512 = CARTESIAN_POINT('',(-42.45055744218,20.165327385125,
    8.833591508984));
#8513 = CARTESIAN_POINT('',(-42.7857376408,19.890707930576,
    9.444469750414));
#8514 = CARTESIAN_POINT('',(-43.09647647256,19.581237895742,
    10.069746769423));
#8515 = CARTESIAN_POINT('',(-43.37852047266,19.233488274701,
    10.707128321274));
#8516 = CARTESIAN_POINT('',(-43.72448531713,18.690748417046,
    11.607931684636));
#8517 = CARTESIAN_POINT('',(-43.81689597919,18.531120587031,
    11.863553983269));
#8518 = CARTESIAN_POINT('',(-43.90366834737,18.365008211973,
    12.120100998207));
#8519 = CARTESIAN_POINT('',(-43.98444479032,18.192346266221,
    12.377191586988));
#8520 = CARTESIAN_POINT('',(-44.05888515456,18.013088795929,
    12.63444717521));
#8521 = CARTESIAN_POINT('',(-44.16624304456,17.718674684612,
    13.041582505493));
#8522 = CARTESIAN_POINT('',(-44.20354508869,17.607894651482,
    13.191583071836));
#8523 = CARTESIAN_POINT('',(-44.23849940902,17.494890538842,
    13.34138534999));
#8524 = CARTESIAN_POINT('',(-44.27103946785,17.3796874016,
    13.490883020147));
#8525 = CARTESIAN_POINT('',(-44.30110465903,17.262314643969,
    13.639972568672));
#8526 = CARTESIAN_POINT('',(-44.38418766115,16.901722622815,
    14.088283493078));
#8527 = CARTESIAN_POINT('',(-44.42945471328,16.651887946957,
    14.386017148569));
#8528 = CARTESIAN_POINT('',(-44.46393097083,16.393798184633,
    14.680644003815));
#8529 = CARTESIAN_POINT('',(-44.48727098248,16.128052188465,
    14.971145210502));
#8530 = CARTESIAN_POINT('',(-44.49929261616,15.855352961739,
    15.256595117095));
#8531 = CARTESIAN_POINT('',(-44.50101298522,15.15270148822,
    15.961071316362));
#8532 = CARTESIAN_POINT('',(-44.47585581912,14.715505546475,
    16.371584096357));
#8533 = CARTESIAN_POINT('',(-44.42462181483,14.267585987109,
    16.765158505001));
#8534 = CARTESIAN_POINT('',(-44.34818678442,13.812070639735,
    17.139736751891));
#8535 = CARTESIAN_POINT('',(-44.24818160526,13.352516914044,
    17.49377354816));
#8536 = CARTESIAN_POINT('',(-44.05886802328,12.634271688544,
    18.013245585172));
#8537 = CARTESIAN_POINT('',(-43.98397224688,12.375480879496,
    18.193561110816));
#8538 = CARTESIAN_POINT('',(-43.90266547502,12.116858202737,
    18.367202108581));
#8539 = CARTESIAN_POINT('',(-43.81529391265,11.858788631021,
    18.534215726424));
#8540 = CARTESIAN_POINT('',(-43.72222158265,11.601659718914,
    18.694668597157));
#8541 = CARTESIAN_POINT('',(-43.37569685837,10.70074959077,
    19.236967539765));
#8542 = CARTESIAN_POINT('',(-43.09398681669,10.064738350949,
    19.583716133992));
#8543 = CARTESIAN_POINT('',(-42.78372386497,9.440800568615,
    19.892356939238));
#8544 = CARTESIAN_POINT('',(-42.44913264202,8.831212090547,
    20.166299415394));
#8545 = CARTESIAN_POINT('',(-42.09373818156,8.237660911075,
    20.408793652751));
#8546 = CARTESIAN_POINT('',(-41.7204218594,7.661393575239,
    20.622876823695));
#8547 = ORIENTED_EDGE('',*,*,#8548,.T.);
#8548 = EDGE_CURVE('',#8505,#8549,#8551,.T.);
#8549 = VERTEX_POINT('',#8550);
#8550 = CARTESIAN_POINT('',(-14.27957726598,20.622876322139,
    7.661394925323));
#8551 = LINE('',#8552,#8553);
#8552 = CARTESIAN_POINT('',(-71.,20.622876322139,7.661394925323));
#8553 = VECTOR('',#8554,1.);
#8554 = DIRECTION('',(1.,0.,0.));
#8555 = ORIENTED_EDGE('',*,*,#8556,.F.);
#8556 = EDGE_CURVE('',#8557,#8549,#8559,.T.);
#8557 = VERTEX_POINT('',#8558);
#8558 = CARTESIAN_POINT('',(-11.5,15.556349186104,15.556349186104));
#8559 = B_SPLINE_CURVE_WITH_KNOTS('',6,(#8560,#8561,#8562,#8563,#8564,
    #8565,#8566,#8567,#8568,#8569,#8570,#8571),.UNSPECIFIED.,.F.,.F.,(7,
    5,7),(0.,0.52351756898,1.),.UNSPECIFIED.);
#8560 = CARTESIAN_POINT('',(-11.5,15.556349186104,15.556349186104));
#8561 = CARTESIAN_POINT('',(-11.5,16.219319480514,14.893378891694));
#8562 = CARTESIAN_POINT('',(-11.56393127753,16.843794633362,
    14.201093910225));
#8563 = CARTESIAN_POINT('',(-11.69013613253,17.423014102576,
    13.488016001525));
#8564 = CARTESIAN_POINT('',(-11.873910357,17.952335631409,
    12.764629831045));
#8565 = CARTESIAN_POINT('',(-12.10754002733,18.429549355116,
    12.042923654961));
#8566 = CARTESIAN_POINT('',(-12.62787941028,19.241365725556,
    10.692679446297));
#8567 = CARTESIAN_POINT('',(-12.90916518745,19.586849597894,
    10.058401881675));
#8568 = CARTESIAN_POINT('',(-13.21882504286,19.894442501596,
    9.436158188527));
#8569 = CARTESIAN_POINT('',(-13.55267058878,20.16752917915,
    8.828201203963));
#8570 = CARTESIAN_POINT('',(-13.90720707895,20.409335724865,
    8.236201765775));
#8571 = CARTESIAN_POINT('',(-14.27957814059,20.622876823695,
    7.661393575239));
#8572 = ORIENTED_EDGE('',*,*,#8573,.F.);
#8573 = EDGE_CURVE('',#8574,#8557,#8576,.T.);
#8574 = VERTEX_POINT('',#8575);
#8575 = CARTESIAN_POINT('',(-14.27957726598,7.661394925323,
    20.622876322139));
#8576 = B_SPLINE_CURVE_WITH_KNOTS('',6,(#8577,#8578,#8579,#8580,#8581,
    #8582,#8583,#8584,#8585,#8586,#8587,#8588),.UNSPECIFIED.,.F.,.F.,(7,
    5,7),(0.,0.478745836153,1.),.UNSPECIFIED.);
#8577 = CARTESIAN_POINT('',(-14.27957814059,7.661393575239,
    20.622876823695));
#8578 = CARTESIAN_POINT('',(-13.90544981325,8.238914357638,
    20.408327997667));
#8579 = CARTESIAN_POINT('',(-13.54931830033,8.833799035965,
    20.165242599458));
#8580 = CARTESIAN_POINT('',(-13.21408674678,9.444789784431,
    19.890564073095));
#8581 = CARTESIAN_POINT('',(-12.90330644197,10.070183623822,
    19.581021670369));
#8582 = CARTESIAN_POINT('',(-12.62123336996,10.707684700021,
    19.233184678398));
#8583 = CARTESIAN_POINT('',(-12.1025747217,12.058314960134,
    18.419355109936));
#8584 = CARTESIAN_POINT('',(-11.87077778503,12.776972446518,
    17.943300566547));
#8585 = CARTESIAN_POINT('',(-11.68850087091,13.497206967973,
    17.4155575117));
#8586 = CARTESIAN_POINT('',(-11.56336561637,14.20712172832,
    16.838366820835));
#8587 = CARTESIAN_POINT('',(-11.5,14.896318460446,16.216379911762));
#8588 = CARTESIAN_POINT('',(-11.5,15.556349186104,15.556349186104));
#8589 = ORIENTED_EDGE('',*,*,#8590,.F.);
#8590 = EDGE_CURVE('',#8507,#8574,#8591,.T.);
#8591 = LINE('',#8592,#8593);
#8592 = CARTESIAN_POINT('',(-71.,7.661394925323,20.622876322139));
#8593 = VECTOR('',#8594,1.);
#8594 = DIRECTION('',(1.,0.,0.));
#8595 = FACE_BOUND('',#8596,.F.);
#8596 = EDGE_LOOP('',(#8597,#8598,#8604,#8605,#8606));
#8597 = ORIENTED_EDGE('',*,*,#8126,.F.);
#8598 = ORIENTED_EDGE('',*,*,#8599,.T.);
#8599 = EDGE_CURVE('',#8118,#8101,#8600,.T.);
#8600 = LINE('',#8601,#8602);
#8601 = CARTESIAN_POINT('',(-71.,-2.95972971739,-21.8));
#8602 = VECTOR('',#8603,1.);
#8603 = DIRECTION('',(1.,0.,0.));
#8604 = ORIENTED_EDGE('',*,*,#8100,.F.);
#8605 = ORIENTED_EDGE('',*,*,#8065,.F.);
#8606 = ORIENTED_EDGE('',*,*,#8607,.F.);
#8607 = EDGE_CURVE('',#8127,#8066,#8608,.T.);
#8608 = LINE('',#8609,#8610);
#8609 = CARTESIAN_POINT('',(-71.,2.95972971739,-21.8));
#8610 = VECTOR('',#8611,1.);
#8611 = DIRECTION('',(1.,0.,0.));
#8612 = FACE_BOUND('',#8613,.F.);
#8613 = EDGE_LOOP('',(#8614,#8633,#8641,#8683,#8691));
#8614 = ORIENTED_EDGE('',*,*,#8615,.F.);
#8615 = EDGE_CURVE('',#8616,#8618,#8620,.T.);
#8616 = VERTEX_POINT('',#8617);
#8617 = CARTESIAN_POINT('',(41.720422734012,-20.62287632213,
    7.661394925323));
#8618 = VERTEX_POINT('',#8619);
#8619 = CARTESIAN_POINT('',(44.5,-15.5563491861,15.556349186104));
#8620 = B_SPLINE_CURVE_WITH_KNOTS('',6,(#8621,#8622,#8623,#8624,#8625,
    #8626,#8627,#8628,#8629,#8630,#8631,#8632),.UNSPECIFIED.,.F.,.F.,(7,
    5,7),(0.,0.478659742731,1.),.UNSPECIFIED.);
#8621 = CARTESIAN_POINT('',(41.720421859404,-20.62287682369,
    7.661393575239));
#8622 = CARTESIAN_POINT('',(42.094485052802,-20.40836534958,
    8.238813814054));
#8623 = CARTESIAN_POINT('',(42.450557442187,-20.16532738512,
    8.833591508985));
#8624 = CARTESIAN_POINT('',(42.785737640803,-19.89070793057,
    9.444469750412));
#8625 = CARTESIAN_POINT('',(43.09647647256,-19.58123789574,
    10.069746769423));
#8626 = CARTESIAN_POINT('',(43.378520472664,-19.2334882747,
    10.707128321272));
#8627 = CARTESIAN_POINT('',(43.897243887487,-18.4197296607,
    12.057750513679));
#8628 = CARTESIAN_POINT('',(44.129107757247,-17.94363147361,
    12.776520701939));
#8629 = CARTESIAN_POINT('',(44.311438702544,-17.41583164986,
    13.496868742293));
#8630 = CARTESIAN_POINT('',(44.43661304588,-16.83856851775,
    14.206897397883));
#8631 = CARTESIAN_POINT('',(44.5,-16.21649103875,14.896207333455));
#8632 = CARTESIAN_POINT('',(44.5,-15.5563491861,15.556349186104));
#8633 = ORIENTED_EDGE('',*,*,#8634,.F.);
#8634 = EDGE_CURVE('',#8635,#8616,#8637,.T.);
#8635 = VERTEX_POINT('',#8636);
#8636 = CARTESIAN_POINT('',(14.279577265988,-20.62287632213,
    7.661394925323));
#8637 = LINE('',#8638,#8639);
#8638 = CARTESIAN_POINT('',(-71.,-20.62287632213,7.661394925323));
#8639 = VECTOR('',#8640,1.);
#8640 = DIRECTION('',(1.,0.,0.));
#8641 = ORIENTED_EDGE('',*,*,#8642,.F.);
#8642 = EDGE_CURVE('',#8643,#8635,#8645,.T.);
#8643 = VERTEX_POINT('',#8644);
#8644 = CARTESIAN_POINT('',(14.279577265988,-7.661394925323,
    20.622876322139));
#8645 = B_SPLINE_CURVE_WITH_KNOTS('',6,(#8646,#8647,#8648,#8649,#8650,
    #8651,#8652,#8653,#8654,#8655,#8656,#8657,#8658,#8659,#8660,#8661,
    #8662,#8663,#8664,#8665,#8666,#8667,#8668,#8669,#8670,#8671,#8672,
    #8673,#8674,#8675,#8676,#8677,#8678,#8679,#8680,#8681,#8682),
  .UNSPECIFIED.,.F.,.F.,(7,5,5,5,5,5,5,7),(0.,0.238935756705,
    0.332928919749,0.387826508991,0.497548829989,0.666528604354,
    0.761214767108,1.),.UNSPECIFIED.);
#8646 = CARTESIAN_POINT('',(14.279578140596,-7.661393575239,
    20.622876823695));
#8647 = CARTESIAN_POINT('',(13.905449813258,-8.23891435764,
    20.408327997666));
#8648 = CARTESIAN_POINT('',(13.549318300332,-8.833799035966,
    20.165242599457));
#8649 = CARTESIAN_POINT('',(13.214086746788,-9.444789784429,
    19.890564073096));
#8650 = CARTESIAN_POINT('',(12.903306441976,-10.07018362382,
    19.581021670369));
#8651 = CARTESIAN_POINT('',(12.621233369969,-10.70768470002,
    19.233184678397));
#8652 = CARTESIAN_POINT('',(12.275248578766,-11.608657874,
    18.690298419269));
#8653 = CARTESIAN_POINT('',(12.182834141013,-11.8643298617,
    18.53062558242));
#8654 = CARTESIAN_POINT('',(12.096060764992,-12.12092625366,
    18.364465601132));
#8655 = CARTESIAN_POINT('',(12.015286297083,-12.37806558743,
    18.191753508239));
#8656 = CARTESIAN_POINT('',(11.940851073286,-12.63536898238,
    18.01244343366));
#8657 = CARTESIAN_POINT('',(11.833495987738,-13.04261826198,
    17.717913229353));
#8658 = CARTESIAN_POINT('',(11.796190639949,-13.19268573103,
    17.607070054892));
#8659 = CARTESIAN_POINT('',(11.761235460991,-13.34255425095,
    17.494000877408));
#8660 = CARTESIAN_POINT('',(11.728697067907,-13.49211732715,
    17.378730830928));
#8661 = CARTESIAN_POINT('',(11.698636129417,-13.641271288,
    17.261289401884));
#8662 = CARTESIAN_POINT('',(11.616086373776,-14.08700600536,
    16.90271118314));
#8663 = CARTESIAN_POINT('',(11.571168670032,-14.3821251411,
    16.655120495584));
#8664 = CARTESIAN_POINT('',(11.536849379989,-14.67419643008,
    16.399418826821));
#8665 = CARTESIAN_POINT('',(11.513465318053,-14.96223114474,
    16.136185332521));
#8666 = CARTESIAN_POINT('',(11.501196647054,-15.24532990033,
    15.866099238246));
#8667 = CARTESIAN_POINT('',(11.498331172894,-15.9498291956,
    15.164639231762));
#8668 = CARTESIAN_POINT('',(11.523020202473,-16.36251587063,
    14.725766024046));
#8669 = CARTESIAN_POINT('',(11.574030409429,-16.75815528097,
    14.27601666048));
#8670 = CARTESIAN_POINT('',(11.650483723013,-17.13465232776,13.818558885
    ));
#8671 = CARTESIAN_POINT('',(11.750732231065,-17.49043427155,
    13.356998944276));
#8672 = CARTESIAN_POINT('',(11.940460339172,-18.01160222337,
    12.636618959758));
#8673 = CARTESIAN_POINT('',(12.015343455162,-18.19205371057,
    12.377703946728));
#8674 = CARTESIAN_POINT('',(12.096645809952,-18.36582424665,
    12.118954651924));
#8675 = CARTESIAN_POINT('',(12.184020718501,-18.53296076452,
    11.860756848595));
#8676 = CARTESIAN_POINT('',(12.277103592787,-18.69352974826,
    11.603498927696));
#8677 = CARTESIAN_POINT('',(12.623680304409,-19.23620059095,
    10.70215608535));
#8678 = CARTESIAN_POINT('',(12.905464091633,-19.58316980514,
    10.065842690807));
#8679 = CARTESIAN_POINT('',(13.215832030624,-19.89199337397,
    9.44160963803));
#8680 = CARTESIAN_POINT('',(13.550553142703,-20.16608507479,
    8.831736802609));
#8681 = CARTESIAN_POINT('',(13.906097096238,-20.40869919063,
    8.237915183438));
#8682 = CARTESIAN_POINT('',(14.279578140596,-20.62287682369,
    7.661393575239));
#8683 = ORIENTED_EDGE('',*,*,#8684,.T.);
#8684 = EDGE_CURVE('',#8643,#8685,#8687,.T.);
#8685 = VERTEX_POINT('',#8686);
#8686 = CARTESIAN_POINT('',(41.720422734012,-7.661394925323,
    20.622876322139));
#8687 = LINE('',#8688,#8689);
#8688 = CARTESIAN_POINT('',(-71.,-7.661394925323,20.622876322139));
#8689 = VECTOR('',#8690,1.);
#8690 = DIRECTION('',(1.,0.,0.));
#8691 = ORIENTED_EDGE('',*,*,#8692,.F.);
#8692 = EDGE_CURVE('',#8618,#8685,#8693,.T.);
#8693 = B_SPLINE_CURVE_WITH_KNOTS('',6,(#8694,#8695,#8696,#8697,#8698,
    #8699,#8700,#8701,#8702,#8703,#8704,#8705),.UNSPECIFIED.,.F.,.F.,(7,
    5,7),(0.,0.523517568982,1.),.UNSPECIFIED.);
#8694 = CARTESIAN_POINT('',(44.5,-15.5563491861,15.556349186104));
#8695 = CARTESIAN_POINT('',(44.5,-14.89337889169,16.219319480512));
#8696 = CARTESIAN_POINT('',(44.436068722464,-14.20109391022,
    16.843794633366));
#8697 = CARTESIAN_POINT('',(44.309863867462,-13.48801600152,
    17.423014102575));
#8698 = CARTESIAN_POINT('',(44.12608964299,-12.76462983104,
    17.952335631412));
#8699 = CARTESIAN_POINT('',(43.892459972662,-12.04292365496,
    18.429549355117));
#8700 = CARTESIAN_POINT('',(43.372120589716,-10.69267944629,
    19.241365725557));
#8701 = CARTESIAN_POINT('',(43.090834812549,-10.05840188167,
    19.586849597896));
#8702 = CARTESIAN_POINT('',(42.78117495713,-9.436158188526,
    19.894442501597));
#8703 = CARTESIAN_POINT('',(42.447329411214,-8.828201203961,
    20.167529179151));
#8704 = CARTESIAN_POINT('',(42.09279292105,-8.236201765775,
    20.409335724865));
#8705 = CARTESIAN_POINT('',(41.720421859404,-7.661393575239,
    20.622876823695));
#8706 = FACE_BOUND('',#8707,.F.);
#8707 = EDGE_LOOP('',(#8708,#8752,#8760,#8777,#8794));
#8708 = ORIENTED_EDGE('',*,*,#8709,.F.);
#8709 = EDGE_CURVE('',#8710,#8712,#8714,.T.);
#8710 = VERTEX_POINT('',#8711);
#8711 = CARTESIAN_POINT('',(14.279577265988,20.622876322139,
    7.661394925323));
#8712 = VERTEX_POINT('',#8713);
#8713 = CARTESIAN_POINT('',(14.279577265988,7.661394925323,
    20.622876322139));
#8714 = B_SPLINE_CURVE_WITH_KNOTS('',6,(#8715,#8716,#8717,#8718,#8719,
    #8720,#8721,#8722,#8723,#8724,#8725,#8726,#8727,#8728,#8729,#8730,
    #8731,#8732,#8733,#8734,#8735,#8736,#8737,#8738,#8739,#8740,#8741,
    #8742,#8743,#8744,#8745,#8746,#8747,#8748,#8749,#8750,#8751),
  .UNSPECIFIED.,.F.,.F.,(7,5,5,5,5,5,5,7),(0.,0.238894250312,
    0.33287019611,0.387743043972,0.498437419367,0.666679001861,
    0.761320221615,1.),.UNSPECIFIED.);
#8715 = CARTESIAN_POINT('',(14.279578140596,20.622876823695,
    7.661393575239));
#8716 = CARTESIAN_POINT('',(13.905514947197,20.408365349583,
    8.238813814054));
#8717 = CARTESIAN_POINT('',(13.549442557813,20.165327385124,
    8.833591508985));
#8718 = CARTESIAN_POINT('',(13.214262359196,19.890707930577,
    9.444469750413));
#8719 = CARTESIAN_POINT('',(12.90352352744,19.581237895742,
    10.069746769424));
#8720 = CARTESIAN_POINT('',(12.621479527335,19.233488274701,
    10.707128321274));
#8721 = CARTESIAN_POINT('',(12.275514682863,18.690748417036,
    11.607931684653));
#8722 = CARTESIAN_POINT('',(12.183104020809,18.531120587034,
    11.863553983264));
#8723 = CARTESIAN_POINT('',(12.096331652629,18.365008211985,
    12.120100998189));
#8724 = CARTESIAN_POINT('',(12.015555209671,18.192346266225,
    12.377191586984));
#8725 = CARTESIAN_POINT('',(11.941114845435,18.013088795915,
    12.634447175229));
#8726 = CARTESIAN_POINT('',(11.833756955438,17.718674684612,
    13.041582505493));
#8727 = CARTESIAN_POINT('',(11.796454911309,17.607894651482,
    13.191583071836));
#8728 = CARTESIAN_POINT('',(11.761500590978,17.494890538842,
    13.34138534999));
#8729 = CARTESIAN_POINT('',(11.728960532145,17.379687401599,
    13.490883020147));
#8730 = CARTESIAN_POINT('',(11.698895340963,17.262314643969,
    13.639972568672));
#8731 = CARTESIAN_POINT('',(11.615812338863,16.901722622894,
    14.08828349298));
#8732 = CARTESIAN_POINT('',(11.5705452867,16.651887946925,
    14.386017148618));
#8733 = CARTESIAN_POINT('',(11.536069029154,16.393798184534,
    14.680644003924));
#8734 = CARTESIAN_POINT('',(11.512729017531,16.128052188451,
    14.971145210505));
#8735 = CARTESIAN_POINT('',(11.500707383832,15.855352961874,
    15.256595116959));
#8736 = CARTESIAN_POINT('',(11.498987014772,15.15270148822,
    15.961071316363));
#8737 = CARTESIAN_POINT('',(11.524144180873,14.715505546476,
    16.371584096356));
#8738 = CARTESIAN_POINT('',(11.575378185169,14.267585987108,
    16.765158505003));
#8739 = CARTESIAN_POINT('',(11.651813215573,13.812070639735,
    17.13973675189));
#8740 = CARTESIAN_POINT('',(11.751818394732,13.352516914044,
    17.49377354816));
#8741 = CARTESIAN_POINT('',(11.941131976711,12.634271688544,
    18.013245585172));
#8742 = CARTESIAN_POINT('',(12.016027753116,12.375480879496,
    18.193561110816));
#8743 = CARTESIAN_POINT('',(12.097334524977,12.116858202737,
    18.367202108581));
#8744 = CARTESIAN_POINT('',(12.184706087349,11.858788631021,
    18.534215726424));
#8745 = CARTESIAN_POINT('',(12.277778417342,11.601659718914,
    18.694668597157));
#8746 = CARTESIAN_POINT('',(12.624303141623,10.700749590774,
    19.236967539763));
#8747 = CARTESIAN_POINT('',(12.906013183302,10.064738350947,
    19.583716133993));
#8748 = CARTESIAN_POINT('',(13.216276135025,9.440800568612,
    19.892356939239));
#8749 = CARTESIAN_POINT('',(13.550867357979,8.831212090544,
    20.166299415395));
#8750 = CARTESIAN_POINT('',(13.906261818435,8.237660911079,
    20.40879365275));
#8751 = CARTESIAN_POINT('',(14.279578140596,7.661393575239,
    20.622876823695));
#8752 = ORIENTED_EDGE('',*,*,#8753,.T.);
#8753 = EDGE_CURVE('',#8710,#8754,#8756,.T.);
#8754 = VERTEX_POINT('',#8755);
#8755 = CARTESIAN_POINT('',(41.720422734012,20.622876322139,
    7.661394925323));
#8756 = LINE('',#8757,#8758);
#8757 = CARTESIAN_POINT('',(-71.,20.622876322139,7.661394925323));
#8758 = VECTOR('',#8759,1.);
#8759 = DIRECTION('',(1.,0.,0.));
#8760 = ORIENTED_EDGE('',*,*,#8761,.F.);
#8761 = EDGE_CURVE('',#8762,#8754,#8764,.T.);
#8762 = VERTEX_POINT('',#8763);
#8763 = CARTESIAN_POINT('',(44.5,15.556349186104,15.556349186104));
#8764 = B_SPLINE_CURVE_WITH_KNOTS('',6,(#8765,#8766,#8767,#8768,#8769,
    #8770,#8771,#8772,#8773,#8774,#8775,#8776),.UNSPECIFIED.,.F.,.F.,(7,
    5,7),(0.,0.523517569494,1.),.UNSPECIFIED.);
#8765 = CARTESIAN_POINT('',(44.5,15.556349186104,15.556349186104));
#8766 = CARTESIAN_POINT('',(44.5,16.219319478014,14.893378894194));
#8767 = CARTESIAN_POINT('',(44.436068721775,16.843794638999,
    14.201093903871));
#8768 = CARTESIAN_POINT('',(44.309863868964,17.423014096571,
    13.488016009091));
#8769 = CARTESIAN_POINT('',(44.12608964161,17.952335634797,
    12.764629826225));
#8770 = CARTESIAN_POINT('',(43.892459973224,18.429549354241,
    12.042923656417));
#8771 = CARTESIAN_POINT('',(43.372120589717,19.241365725556,
    10.692679446297));
#8772 = CARTESIAN_POINT('',(43.09083481255,19.586849597894,
    10.058401881675));
#8773 = CARTESIAN_POINT('',(42.781174957131,19.894442501597,
    9.436158188527));
#8774 = CARTESIAN_POINT('',(42.447329411215,20.16752917915,
    8.828201203963));
#8775 = CARTESIAN_POINT('',(42.09279292105,20.409335724865,
    8.236201765775));
#8776 = CARTESIAN_POINT('',(41.720421859404,20.622876823695,
    7.661393575239));
#8777 = ORIENTED_EDGE('',*,*,#8778,.F.);
#8778 = EDGE_CURVE('',#8779,#8762,#8781,.T.);
#8779 = VERTEX_POINT('',#8780);
#8780 = CARTESIAN_POINT('',(41.720422734012,7.661394925323,
    20.622876322139));
#8781 = B_SPLINE_CURVE_WITH_KNOTS('',6,(#8782,#8783,#8784,#8785,#8786,
    #8787,#8788,#8789,#8790,#8791,#8792,#8793),.UNSPECIFIED.,.F.,.F.,(7,
    5,7),(0.,0.478745836719,1.),.UNSPECIFIED.);
#8782 = CARTESIAN_POINT('',(41.720421859404,7.661393575239,
    20.622876823695));
#8783 = CARTESIAN_POINT('',(42.094550186741,8.238914357638,
    20.408327997667));
#8784 = CARTESIAN_POINT('',(42.450681699668,8.833799035966,
    20.165242599458));
#8785 = CARTESIAN_POINT('',(42.785913253213,9.444789784431,
    19.890564073095));
#8786 = CARTESIAN_POINT('',(43.096693558024,10.070183623822,
    19.581021670369));
#8787 = CARTESIAN_POINT('',(43.37876663003,10.70768470002,
    19.233184678398));
#8788 = CARTESIAN_POINT('',(43.89742527768,12.058314958537,
    18.419355110898));
#8789 = CARTESIAN_POINT('',(44.129222216452,12.776972451732,
    17.943300562876));
#8790 = CARTESIAN_POINT('',(44.31149912749,13.497206959924,
    17.415557518089));
#8791 = CARTESIAN_POINT('',(44.43663438435,14.207121734919,
    16.838366814985));
#8792 = CARTESIAN_POINT('',(44.5,14.896318457949,16.216379914259));
#8793 = CARTESIAN_POINT('',(44.5,15.556349186104,15.556349186104));
#8794 = ORIENTED_EDGE('',*,*,#8795,.F.);
#8795 = EDGE_CURVE('',#8712,#8779,#8796,.T.);
#8796 = LINE('',#8797,#8798);
#8797 = CARTESIAN_POINT('',(-71.,7.661394925323,20.622876322139));
#8798 = VECTOR('',#8799,1.);
#8799 = DIRECTION('',(1.,0.,0.));
#8800 = CYLINDRICAL_SURFACE('',#8801,22.);
#8801 = AXIS2_PLACEMENT_3D('',#8802,#8803,#8804);
#8802 = CARTESIAN_POINT('',(-71.,0.,0.));
#8803 = DIRECTION('',(1.,0.,0.));
#8804 = DIRECTION('',(0.,0.,1.));
#8805 = ADVANCED_FACE('',(#8806),#8810,.T.);
#8806 = FACE_BOUND('',#8807,.T.);
#8807 = EDGE_LOOP('',(#8808,#8809));
#8808 = ORIENTED_EDGE('',*,*,#8161,.T.);
#8809 = ORIENTED_EDGE('',*,*,#8607,.F.);
#8810 = PLANE('',#8811);
#8811 = AXIS2_PLACEMENT_3D('',#8812,#8813,#8814);
#8812 = CARTESIAN_POINT('',(0.,0.,-21.8));
#8813 = DIRECTION('',(0.,0.,-1.));
#8814 = DIRECTION('',(1.,0.,0.));
#8815 = ADVANCED_FACE('',(#8816),#8820,.T.);
#8816 = FACE_BOUND('',#8817,.T.);
#8817 = EDGE_LOOP('',(#8818,#8819));
#8818 = ORIENTED_EDGE('',*,*,#8599,.T.);
#8819 = ORIENTED_EDGE('',*,*,#8117,.T.);
#8820 = PLANE('',#8821);
#8821 = AXIS2_PLACEMENT_3D('',#8822,#8823,#8824);
#8822 = CARTESIAN_POINT('',(0.,0.,-21.8));
#8823 = DIRECTION('',(0.,0.,-1.));
#8824 = DIRECTION('',(1.,0.,0.));
#8825 = ADVANCED_FACE('',(#8826),#8861,.F.);
#8826 = FACE_BOUND('',#8827,.F.);
#8827 = EDGE_LOOP('',(#8828,#8829,#8837,#8844,#8845,#8846,#8853,#8854));
#8828 = ORIENTED_EDGE('',*,*,#8615,.T.);
#8829 = ORIENTED_EDGE('',*,*,#8830,.T.);
#8830 = EDGE_CURVE('',#8618,#8831,#8833,.T.);
#8831 = VERTEX_POINT('',#8832);
#8832 = CARTESIAN_POINT('',(44.5,-40.30508652763,40.305086527633));
#8833 = LINE('',#8834,#8835);
#8834 = CARTESIAN_POINT('',(44.5,-14.14213562373,14.142135623731));
#8835 = VECTOR('',#8836,1.);
#8836 = DIRECTION('',(0.,-0.707106781187,0.707106781187));
#8837 = ORIENTED_EDGE('',*,*,#8838,.F.);
#8838 = EDGE_CURVE('',#8831,#8831,#8839,.T.);
#8839 = CIRCLE('',#8840,16.5);
#8840 = AXIS2_PLACEMENT_3D('',#8841,#8842,#8843);
#8841 = CARTESIAN_POINT('',(28.,-40.30508652763,40.305086527633));
#8842 = DIRECTION('',(0.,-0.707106781187,0.707106781187));
#8843 = DIRECTION('',(1.,0.,0.));
#8844 = ORIENTED_EDGE('',*,*,#8830,.F.);
#8845 = ORIENTED_EDGE('',*,*,#8692,.T.);
#8846 = ORIENTED_EDGE('',*,*,#8847,.T.);
#8847 = EDGE_CURVE('',#8685,#8643,#8848,.T.);
#8848 = CIRCLE('',#8849,16.5);
#8849 = AXIS2_PLACEMENT_3D('',#8850,#8851,#8852);
#8850 = CARTESIAN_POINT('',(28.,-14.14213562373,14.142135623731));
#8851 = DIRECTION('',(0.,-0.707106781187,0.707106781187));
#8852 = DIRECTION('',(1.,0.,0.));
#8853 = ORIENTED_EDGE('',*,*,#8642,.T.);
#8854 = ORIENTED_EDGE('',*,*,#8855,.T.);
#8855 = EDGE_CURVE('',#8635,#8616,#8856,.T.);
#8856 = CIRCLE('',#8857,16.5);
#8857 = AXIS2_PLACEMENT_3D('',#8858,#8859,#8860);
#8858 = CARTESIAN_POINT('',(28.,-14.14213562373,14.142135623731));
#8859 = DIRECTION('',(0.,-0.707106781187,0.707106781187));
#8860 = DIRECTION('',(1.,0.,0.));
#8861 = CYLINDRICAL_SURFACE('',#8862,16.5);
#8862 = AXIS2_PLACEMENT_3D('',#8863,#8864,#8865);
#8863 = CARTESIAN_POINT('',(28.,-14.14213562373,14.142135623731));
#8864 = DIRECTION('',(0.,-0.707106781187,0.707106781187));
#8865 = DIRECTION('',(1.,0.,0.));
#8866 = ADVANCED_FACE('',(#8867),#8901,.F.);
#8867 = FACE_BOUND('',#8868,.F.);
#8868 = EDGE_LOOP('',(#8869,#8879,#8887,#8895));
#8869 = ORIENTED_EDGE('',*,*,#8870,.F.);
#8870 = EDGE_CURVE('',#8871,#8873,#8875,.T.);
#8871 = VERTEX_POINT('',#8872);
#8872 = CARTESIAN_POINT('',(-70.,-94.61017305526,-30.));
#8873 = VERTEX_POINT('',#8874);
#8874 = CARTESIAN_POINT('',(70.,-94.61017305526,-30.));
#8875 = LINE('',#8876,#8877);
#8876 = CARTESIAN_POINT('',(-70.,-94.61017305526,-30.));
#8877 = VECTOR('',#8878,1.);
#8878 = DIRECTION('',(1.,0.,0.));
#8879 = ORIENTED_EDGE('',*,*,#8880,.T.);
#8880 = EDGE_CURVE('',#8871,#8881,#8883,.T.);
#8881 = VERTEX_POINT('',#8882);
#8882 = CARTESIAN_POINT('',(-70.,-94.61017305526,-23.));
#8883 = LINE('',#8884,#8885);
#8884 = CARTESIAN_POINT('',(-70.,-94.61017305526,-30.));
#8885 = VECTOR('',#8886,1.);
#8886 = DIRECTION('',(0.,0.,1.));
#8887 = ORIENTED_EDGE('',*,*,#8888,.T.);
#8888 = EDGE_CURVE('',#8881,#8889,#8891,.T.);
#8889 = VERTEX_POINT('',#8890);
#8890 = CARTESIAN_POINT('',(70.,-94.61017305526,-23.));
#8891 = LINE('',#8892,#8893);
#8892 = CARTESIAN_POINT('',(-70.,-94.61017305526,-23.));
#8893 = VECTOR('',#8894,1.);
#8894 = DIRECTION('',(1.,0.,0.));
#8895 = ORIENTED_EDGE('',*,*,#8896,.F.);
#8896 = EDGE_CURVE('',#8873,#8889,#8897,.T.);
#8897 = LINE('',#8898,#8899);
#8898 = CARTESIAN_POINT('',(70.,-94.61017305526,-30.));
#8899 = VECTOR('',#8900,1.);
#8900 = DIRECTION('',(0.,0.,1.));
#8901 = PLANE('',#8902);
#8902 = AXIS2_PLACEMENT_3D('',#8903,#8904,#8905);
#8903 = CARTESIAN_POINT('',(-70.,-94.61017305526,-30.));
#8904 = DIRECTION('',(0.,1.,0.));
#8905 = DIRECTION('',(0.,0.,1.));
#8906 = ADVANCED_FACE('',(#8907,#8932,#8943),#8954,.T.);
#8907 = FACE_BOUND('',#8908,.T.);
#8908 = EDGE_LOOP('',(#8909,#8917,#8918,#8926));
#8909 = ORIENTED_EDGE('',*,*,#8910,.F.);
#8910 = EDGE_CURVE('',#8881,#8911,#8913,.T.);
#8911 = VERTEX_POINT('',#8912);
#8912 = CARTESIAN_POINT('',(-70.,-80.61017305526,-23.));
#8913 = LINE('',#8914,#8915);
#8914 = CARTESIAN_POINT('',(-70.,-94.61017305526,-23.));
#8915 = VECTOR('',#8916,1.);
#8916 = DIRECTION('',(0.,1.,0.));
#8917 = ORIENTED_EDGE('',*,*,#8888,.T.);
#8918 = ORIENTED_EDGE('',*,*,#8919,.T.);
#8919 = EDGE_CURVE('',#8889,#8920,#8922,.T.);
#8920 = VERTEX_POINT('',#8921);
#8921 = CARTESIAN_POINT('',(70.,-80.61017305526,-23.));
#8922 = LINE('',#8923,#8924);
#8923 = CARTESIAN_POINT('',(70.,-94.61017305526,-23.));
#8924 = VECTOR('',#8925,1.);
#8925 = DIRECTION('',(0.,1.,0.));
#8926 = ORIENTED_EDGE('',*,*,#8927,.F.);
#8927 = EDGE_CURVE('',#8911,#8920,#8928,.T.);
#8928 = LINE('',#8929,#8930);
#8929 = CARTESIAN_POINT('',(-70.,-80.61017305526,-23.));
#8930 = VECTOR('',#8931,1.);
#8931 = DIRECTION('',(1.,0.,0.));
#8932 = FACE_BOUND('',#8933,.T.);
#8933 = EDGE_LOOP('',(#8934));
#8934 = ORIENTED_EDGE('',*,*,#8935,.F.);
#8935 = EDGE_CURVE('',#8936,#8936,#8938,.T.);
#8936 = VERTEX_POINT('',#8937);
#8937 = CARTESIAN_POINT('',(-46.0875,-87.,-23.));
#8938 = CIRCLE('',#8939,4.9125);
#8939 = AXIS2_PLACEMENT_3D('',#8940,#8941,#8942);
#8940 = CARTESIAN_POINT('',(-51.,-87.,-23.));
#8941 = DIRECTION('',(0.,0.,1.));
#8942 = DIRECTION('',(1.,0.,0.));
#8943 = FACE_BOUND('',#8944,.T.);
#8944 = EDGE_LOOP('',(#8945));
#8945 = ORIENTED_EDGE('',*,*,#8946,.F.);
#8946 = EDGE_CURVE('',#8947,#8947,#8949,.T.);
#8947 = VERTEX_POINT('',#8948);
#8948 = CARTESIAN_POINT('',(55.9125,-87.,-23.));
#8949 = CIRCLE('',#8950,4.9125);
#8950 = AXIS2_PLACEMENT_3D('',#8951,#8952,#8953);
#8951 = CARTESIAN_POINT('',(51.,-87.,-23.));
#8952 = DIRECTION('',(0.,0.,1.));
#8953 = DIRECTION('',(1.,0.,0.));
#8954 = PLANE('',#8955);
#8955 = AXIS2_PLACEMENT_3D('',#8956,#8957,#8958);
#8956 = CARTESIAN_POINT('',(-70.,-94.61017305526,-23.));
#8957 = DIRECTION('',(0.,0.,1.));
#8958 = DIRECTION('',(1.,0.,0.));
#8959 = ADVANCED_FACE('',(#8960),#8979,.F.);
#8960 = FACE_BOUND('',#8961,.F.);
#8961 = EDGE_LOOP('',(#8962,#8963,#8971,#8978));
#8962 = ORIENTED_EDGE('',*,*,#8935,.F.);
#8963 = ORIENTED_EDGE('',*,*,#8964,.F.);
#8964 = EDGE_CURVE('',#8965,#8936,#8967,.T.);
#8965 = VERTEX_POINT('',#8966);
#8966 = CARTESIAN_POINT('',(-46.0875,-87.,-30.));
#8967 = LINE('',#8968,#8969);
#8968 = CARTESIAN_POINT('',(-46.0875,-87.,-31.));
#8969 = VECTOR('',#8970,1.);
#8970 = DIRECTION('',(0.,0.,1.));
#8971 = ORIENTED_EDGE('',*,*,#8972,.T.);
#8972 = EDGE_CURVE('',#8965,#8965,#8973,.T.);
#8973 = CIRCLE('',#8974,4.9125);
#8974 = AXIS2_PLACEMENT_3D('',#8975,#8976,#8977);
#8975 = CARTESIAN_POINT('',(-51.,-87.,-30.));
#8976 = DIRECTION('',(0.,0.,1.));
#8977 = DIRECTION('',(1.,0.,0.));
#8978 = ORIENTED_EDGE('',*,*,#8964,.T.);
#8979 = CYLINDRICAL_SURFACE('',#8980,4.9125);
#8980 = AXIS2_PLACEMENT_3D('',#8981,#8982,#8983);
#8981 = CARTESIAN_POINT('',(-51.,-87.,-31.));
#8982 = DIRECTION('',(0.,0.,1.));
#8983 = DIRECTION('',(1.,0.,0.));
#8984 = ADVANCED_FACE('',(#8985),#9004,.F.);
#8985 = FACE_BOUND('',#8986,.F.);
#8986 = EDGE_LOOP('',(#8987,#8988,#8996,#9003));
#8987 = ORIENTED_EDGE('',*,*,#8946,.F.);
#8988 = ORIENTED_EDGE('',*,*,#8989,.F.);
#8989 = EDGE_CURVE('',#8990,#8947,#8992,.T.);
#8990 = VERTEX_POINT('',#8991);
#8991 = CARTESIAN_POINT('',(55.9125,-87.,-30.));
#8992 = LINE('',#8993,#8994);
#8993 = CARTESIAN_POINT('',(55.9125,-87.,-31.));
#8994 = VECTOR('',#8995,1.);
#8995 = DIRECTION('',(0.,0.,1.));
#8996 = ORIENTED_EDGE('',*,*,#8997,.T.);
#8997 = EDGE_CURVE('',#8990,#8990,#8998,.T.);
#8998 = CIRCLE('',#8999,4.9125);
#8999 = AXIS2_PLACEMENT_3D('',#9000,#9001,#9002);
#9000 = CARTESIAN_POINT('',(51.,-87.,-30.));
#9001 = DIRECTION('',(0.,0.,1.));
#9002 = DIRECTION('',(1.,0.,0.));
#9003 = ORIENTED_EDGE('',*,*,#8989,.T.);
#9004 = CYLINDRICAL_SURFACE('',#9005,4.9125);
#9005 = AXIS2_PLACEMENT_3D('',#9006,#9007,#9008);
#9006 = CARTESIAN_POINT('',(51.,-87.,-31.));
#9007 = DIRECTION('',(0.,0.,1.));
#9008 = DIRECTION('',(1.,0.,0.));
#9009 = ADVANCED_FACE('',(#9010),#9035,.F.);
#9010 = FACE_BOUND('',#9011,.F.);
#9011 = EDGE_LOOP('',(#9012,#9020,#9028,#9034));
#9012 = ORIENTED_EDGE('',*,*,#9013,.F.);
#9013 = EDGE_CURVE('',#9014,#8911,#9016,.T.);
#9014 = VERTEX_POINT('',#9015);
#9015 = CARTESIAN_POINT('',(-70.,-80.61017305526,0.));
#9016 = LINE('',#9017,#9018);
#9017 = CARTESIAN_POINT('',(-70.,-80.61017305526,0.));
#9018 = VECTOR('',#9019,1.);
#9019 = DIRECTION('',(0.,0.,-1.));
#9020 = ORIENTED_EDGE('',*,*,#9021,.T.);
#9021 = EDGE_CURVE('',#9014,#9022,#9024,.T.);
#9022 = VERTEX_POINT('',#9023);
#9023 = CARTESIAN_POINT('',(70.,-80.61017305526,0.));
#9024 = LINE('',#9025,#9026);
#9025 = CARTESIAN_POINT('',(-70.,-80.61017305526,0.));
#9026 = VECTOR('',#9027,1.);
#9027 = DIRECTION('',(1.,0.,0.));
#9028 = ORIENTED_EDGE('',*,*,#9029,.T.);
#9029 = EDGE_CURVE('',#9022,#8920,#9030,.T.);
#9030 = LINE('',#9031,#9032);
#9031 = CARTESIAN_POINT('',(70.,-80.61017305526,0.));
#9032 = VECTOR('',#9033,1.);
#9033 = DIRECTION('',(0.,0.,-1.));
#9034 = ORIENTED_EDGE('',*,*,#8927,.F.);
#9035 = PLANE('',#9036);
#9036 = AXIS2_PLACEMENT_3D('',#9037,#9038,#9039);
#9037 = CARTESIAN_POINT('',(-70.,-80.61017305526,0.));
#9038 = DIRECTION('',(0.,1.,0.));
#9039 = DIRECTION('',(0.,0.,-1.));
#9040 = ADVANCED_FACE('',(#9041,#9117,#9128,#9131,#9142,#9153,#9164),
  #9175,.F.);
#9041 = FACE_BOUND('',#9042,.F.);
#9042 = EDGE_LOOP('',(#9043,#9054,#9062,#9068,#9069,#9077,#9085,#9094,
    #9102,#9111));
#9043 = ORIENTED_EDGE('',*,*,#9044,.F.);
#9044 = EDGE_CURVE('',#9045,#9047,#9049,.T.);
#9045 = VERTEX_POINT('',#9046);
#9046 = CARTESIAN_POINT('',(55.,-1.E-15,80.610173055266));
#9047 = VERTEX_POINT('',#9048);
#9048 = CARTESIAN_POINT('',(45.,0.,80.610173055266));
#9049 = ELLIPSE('',#9050,7.071067811865,5.);
#9050 = AXIS2_PLACEMENT_3D('',#9051,#9052,#9053);
#9051 = CARTESIAN_POINT('',(50.,0.,80.610173055266));
#9052 = DIRECTION('',(0.,0.707106781187,-0.707106781187));
#9053 = DIRECTION('',(0.,0.707106781187,0.707106781187));
#9054 = ORIENTED_EDGE('',*,*,#9055,.T.);
#9055 = EDGE_CURVE('',#9045,#9056,#9058,.T.);
#9056 = VERTEX_POINT('',#9057);
#9057 = CARTESIAN_POINT('',(70.,0.,80.610173055266));
#9058 = LINE('',#9059,#9060);
#9059 = CARTESIAN_POINT('',(-70.,0.,80.610173055266));
#9060 = VECTOR('',#9061,1.);
#9061 = DIRECTION('',(1.,0.,0.));
#9062 = ORIENTED_EDGE('',*,*,#9063,.T.);
#9063 = EDGE_CURVE('',#9056,#9022,#9064,.T.);
#9064 = LINE('',#9065,#9066);
#9065 = CARTESIAN_POINT('',(70.,0.,80.610173055266));
#9066 = VECTOR('',#9067,1.);
#9067 = DIRECTION('',(0.,-0.707106781187,-0.707106781187));
#9068 = ORIENTED_EDGE('',*,*,#9021,.F.);
#9069 = ORIENTED_EDGE('',*,*,#9070,.F.);
#9070 = EDGE_CURVE('',#9071,#9014,#9073,.T.);
#9071 = VERTEX_POINT('',#9072);
#9072 = CARTESIAN_POINT('',(-70.,0.,80.610173055266));
#9073 = LINE('',#9074,#9075);
#9074 = CARTESIAN_POINT('',(-70.,0.,80.610173055266));
#9075 = VECTOR('',#9076,1.);
#9076 = DIRECTION('',(0.,-0.707106781187,-0.707106781187));
#9077 = ORIENTED_EDGE('',*,*,#9078,.T.);
#9078 = EDGE_CURVE('',#9071,#9079,#9081,.T.);
#9079 = VERTEX_POINT('',#9080);
#9080 = CARTESIAN_POINT('',(-55.,0.,80.610173055266));
#9081 = LINE('',#9082,#9083);
#9082 = CARTESIAN_POINT('',(-70.,0.,80.610173055266));
#9083 = VECTOR('',#9084,1.);
#9084 = DIRECTION('',(1.,0.,0.));
#9085 = ORIENTED_EDGE('',*,*,#9086,.F.);
#9086 = EDGE_CURVE('',#9087,#9079,#9089,.T.);
#9087 = VERTEX_POINT('',#9088);
#9088 = CARTESIAN_POINT('',(-45.,-1.E-15,80.610173055266));
#9089 = ELLIPSE('',#9090,7.071067811865,5.);
#9090 = AXIS2_PLACEMENT_3D('',#9091,#9092,#9093);
#9091 = CARTESIAN_POINT('',(-50.,0.,80.610173055266));
#9092 = DIRECTION('',(0.,0.707106781187,-0.707106781187));
#9093 = DIRECTION('',(0.,0.707106781187,0.707106781187));
#9094 = ORIENTED_EDGE('',*,*,#9095,.T.);
#9095 = EDGE_CURVE('',#9087,#9096,#9098,.T.);
#9096 = VERTEX_POINT('',#9097);
#9097 = CARTESIAN_POINT('',(-4.15,0.,80.610173055266));
#9098 = LINE('',#9099,#9100);
#9099 = CARTESIAN_POINT('',(-70.,0.,80.610173055266));
#9100 = VECTOR('',#9101,1.);
#9101 = DIRECTION('',(1.,0.,0.));
#9102 = ORIENTED_EDGE('',*,*,#9103,.F.);
#9103 = EDGE_CURVE('',#9104,#9096,#9106,.T.);
#9104 = VERTEX_POINT('',#9105);
#9105 = CARTESIAN_POINT('',(4.15,-1.E-15,80.610173055266));
#9106 = ELLIPSE('',#9107,5.868986283848,4.15);
#9107 = AXIS2_PLACEMENT_3D('',#9108,#9109,#9110);
#9108 = CARTESIAN_POINT('',(0.,0.,80.610173055266));
#9109 = DIRECTION('',(0.,0.707106781187,-0.707106781187));
#9110 = DIRECTION('',(0.,0.707106781187,0.707106781187));
#9111 = ORIENTED_EDGE('',*,*,#9112,.T.);
#9112 = EDGE_CURVE('',#9104,#9047,#9113,.T.);
#9113 = LINE('',#9114,#9115);
#9114 = CARTESIAN_POINT('',(-70.,0.,80.610173055266));
#9115 = VECTOR('',#9116,1.);
#9116 = DIRECTION('',(1.,0.,0.));
#9117 = FACE_BOUND('',#9118,.F.);
#9118 = EDGE_LOOP('',(#9119));
#9119 = ORIENTED_EDGE('',*,*,#9120,.T.);
#9120 = EDGE_CURVE('',#9121,#9121,#9123,.T.);
#9121 = VERTEX_POINT('',#9122);
#9122 = CARTESIAN_POINT('',(32.11875,-19.09188309203,61.51828996323));
#9123 = CIRCLE('',#9124,4.11875);
#9124 = AXIS2_PLACEMENT_3D('',#9125,#9126,#9127);
#9125 = CARTESIAN_POINT('',(28.,-19.09188309203,61.51828996323));
#9126 = DIRECTION('',(0.,-0.707106781187,0.707106781187));
#9127 = DIRECTION('',(1.,0.,0.));
#9128 = FACE_BOUND('',#9129,.F.);
#9129 = EDGE_LOOP('',(#9130));
#9130 = ORIENTED_EDGE('',*,*,#8838,.T.);
#9131 = FACE_BOUND('',#9132,.F.);
#9132 = EDGE_LOOP('',(#9133));
#9133 = ORIENTED_EDGE('',*,*,#9134,.T.);
#9134 = EDGE_CURVE('',#9135,#9135,#9137,.T.);
#9135 = VERTEX_POINT('',#9136);
#9136 = CARTESIAN_POINT('',(32.11875,-61.51828996323,19.091883092037));
#9137 = CIRCLE('',#9138,4.11875);
#9138 = AXIS2_PLACEMENT_3D('',#9139,#9140,#9141);
#9139 = CARTESIAN_POINT('',(28.,-61.51828996323,19.091883092037));
#9140 = DIRECTION('',(0.,-0.707106781187,0.707106781187));
#9141 = DIRECTION('',(1.,0.,0.));
#9142 = FACE_BOUND('',#9143,.F.);
#9143 = EDGE_LOOP('',(#9144));
#9144 = ORIENTED_EDGE('',*,*,#9145,.T.);
#9145 = EDGE_CURVE('',#9146,#9146,#9148,.T.);
#9146 = VERTEX_POINT('',#9147);
#9147 = CARTESIAN_POINT('',(-23.88125,-19.09188309203,61.51828996323));
#9148 = CIRCLE('',#9149,4.11875);
#9149 = AXIS2_PLACEMENT_3D('',#9150,#9151,#9152);
#9150 = CARTESIAN_POINT('',(-28.,-19.09188309203,61.51828996323));
#9151 = DIRECTION('',(0.,-0.707106781187,0.707106781187));
#9152 = DIRECTION('',(1.,0.,0.));
#9153 = FACE_BOUND('',#9154,.F.);
#9154 = EDGE_LOOP('',(#9155));
#9155 = ORIENTED_EDGE('',*,*,#9156,.T.);
#9156 = EDGE_CURVE('',#9157,#9157,#9159,.T.);
#9157 = VERTEX_POINT('',#9158);
#9158 = CARTESIAN_POINT('',(-11.5,-40.30508652763,40.305086527633));
#9159 = CIRCLE('',#9160,16.5);
#9160 = AXIS2_PLACEMENT_3D('',#9161,#9162,#9163);
#9161 = CARTESIAN_POINT('',(-28.,-40.30508652763,40.305086527633));
#9162 = DIRECTION('',(0.,-0.707106781187,0.707106781187));
#9163 = DIRECTION('',(1.,0.,0.));
#9164 = FACE_BOUND('',#9165,.F.);
#9165 = EDGE_LOOP('',(#9166));
#9166 = ORIENTED_EDGE('',*,*,#9167,.T.);
#9167 = EDGE_CURVE('',#9168,#9168,#9170,.T.);
#9168 = VERTEX_POINT('',#9169);
#9169 = CARTESIAN_POINT('',(-23.88125,-61.51828996323,19.091883092037));
#9170 = CIRCLE('',#9171,4.11875);
#9171 = AXIS2_PLACEMENT_3D('',#9172,#9173,#9174);
#9172 = CARTESIAN_POINT('',(-28.,-61.51828996323,19.091883092037));
#9173 = DIRECTION('',(0.,-0.707106781187,0.707106781187));
#9174 = DIRECTION('',(1.,0.,0.));
#9175 = PLANE('',#9176);
#9176 = AXIS2_PLACEMENT_3D('',#9177,#9178,#9179);
#9177 = CARTESIAN_POINT('',(-70.,0.,80.610173055266));
#9178 = DIRECTION('',(0.,0.707106781187,-0.707106781187));
#9179 = DIRECTION('',(0.,-0.707106781187,-0.707106781187));
#9180 = ADVANCED_FACE('',(#9181,#9230,#9241,#9252,#9263,#9274,#9285),
  #9296,.F.);
#9181 = FACE_BOUND('',#9182,.F.);
#9182 = EDGE_LOOP('',(#9183,#9191,#9199,#9205,#9206,#9213,#9214,#9221,
    #9222,#9229));
#9183 = ORIENTED_EDGE('',*,*,#9184,.F.);
#9184 = EDGE_CURVE('',#9185,#9071,#9187,.T.);
#9185 = VERTEX_POINT('',#9186);
#9186 = CARTESIAN_POINT('',(-70.,80.610173055266,0.));
#9187 = LINE('',#9188,#9189);
#9188 = CARTESIAN_POINT('',(-70.,80.610173055266,0.));
#9189 = VECTOR('',#9190,1.);
#9190 = DIRECTION('',(0.,-0.707106781187,0.707106781187));
#9191 = ORIENTED_EDGE('',*,*,#9192,.T.);
#9192 = EDGE_CURVE('',#9185,#9193,#9195,.T.);
#9193 = VERTEX_POINT('',#9194);
#9194 = CARTESIAN_POINT('',(70.,80.610173055266,0.));
#9195 = LINE('',#9196,#9197);
#9196 = CARTESIAN_POINT('',(-70.,80.610173055266,0.));
#9197 = VECTOR('',#9198,1.);
#9198 = DIRECTION('',(1.,0.,0.));
#9199 = ORIENTED_EDGE('',*,*,#9200,.T.);
#9200 = EDGE_CURVE('',#9193,#9056,#9201,.T.);
#9201 = LINE('',#9202,#9203);
#9202 = CARTESIAN_POINT('',(70.,80.610173055266,0.));
#9203 = VECTOR('',#9204,1.);
#9204 = DIRECTION('',(0.,-0.707106781187,0.707106781187));
#9205 = ORIENTED_EDGE('',*,*,#9055,.F.);
#9206 = ORIENTED_EDGE('',*,*,#9207,.F.);
#9207 = EDGE_CURVE('',#9047,#9045,#9208,.T.);
#9208 = ELLIPSE('',#9209,7.071067811865,5.);
#9209 = AXIS2_PLACEMENT_3D('',#9210,#9211,#9212);
#9210 = CARTESIAN_POINT('',(50.,0.,80.610173055266));
#9211 = DIRECTION('',(-0.,-0.707106781187,-0.707106781187));
#9212 = DIRECTION('',(0.,-0.707106781187,0.707106781187));
#9213 = ORIENTED_EDGE('',*,*,#9112,.F.);
#9214 = ORIENTED_EDGE('',*,*,#9215,.F.);
#9215 = EDGE_CURVE('',#9096,#9104,#9216,.T.);
#9216 = ELLIPSE('',#9217,5.868986283848,4.15);
#9217 = AXIS2_PLACEMENT_3D('',#9218,#9219,#9220);
#9218 = CARTESIAN_POINT('',(0.,0.,80.610173055266));
#9219 = DIRECTION('',(-0.,-0.707106781187,-0.707106781187));
#9220 = DIRECTION('',(0.,-0.707106781187,0.707106781187));
#9221 = ORIENTED_EDGE('',*,*,#9095,.F.);
#9222 = ORIENTED_EDGE('',*,*,#9223,.F.);
#9223 = EDGE_CURVE('',#9079,#9087,#9224,.T.);
#9224 = ELLIPSE('',#9225,7.071067811865,5.);
#9225 = AXIS2_PLACEMENT_3D('',#9226,#9227,#9228);
#9226 = CARTESIAN_POINT('',(-50.,0.,80.610173055266));
#9227 = DIRECTION('',(-0.,-0.707106781187,-0.707106781187));
#9228 = DIRECTION('',(0.,-0.707106781187,0.707106781187));
#9229 = ORIENTED_EDGE('',*,*,#9078,.F.);
#9230 = FACE_BOUND('',#9231,.F.);
#9231 = EDGE_LOOP('',(#9232));
#9232 = ORIENTED_EDGE('',*,*,#9233,.T.);
#9233 = EDGE_CURVE('',#9234,#9234,#9236,.T.);
#9234 = VERTEX_POINT('',#9235);
#9235 = CARTESIAN_POINT('',(32.11875,61.51828996323,19.091883092037));
#9236 = CIRCLE('',#9237,4.11875);
#9237 = AXIS2_PLACEMENT_3D('',#9238,#9239,#9240);
#9238 = CARTESIAN_POINT('',(28.,61.51828996323,19.091883092037));
#9239 = DIRECTION('',(-0.,0.707106781187,0.707106781187));
#9240 = DIRECTION('',(1.,0.,0.));
#9241 = FACE_BOUND('',#9242,.F.);
#9242 = EDGE_LOOP('',(#9243));
#9243 = ORIENTED_EDGE('',*,*,#9244,.T.);
#9244 = EDGE_CURVE('',#9245,#9245,#9247,.T.);
#9245 = VERTEX_POINT('',#9246);
#9246 = CARTESIAN_POINT('',(44.5,40.305086527633,40.305086527633));
#9247 = CIRCLE('',#9248,16.5);
#9248 = AXIS2_PLACEMENT_3D('',#9249,#9250,#9251);
#9249 = CARTESIAN_POINT('',(28.,40.305086527633,40.305086527633));
#9250 = DIRECTION('',(-0.,0.707106781187,0.707106781187));
#9251 = DIRECTION('',(1.,0.,0.));
#9252 = FACE_BOUND('',#9253,.F.);
#9253 = EDGE_LOOP('',(#9254));
#9254 = ORIENTED_EDGE('',*,*,#9255,.T.);
#9255 = EDGE_CURVE('',#9256,#9256,#9258,.T.);
#9256 = VERTEX_POINT('',#9257);
#9257 = CARTESIAN_POINT('',(32.11875,19.091883092037,61.51828996323));
#9258 = CIRCLE('',#9259,4.11875);
#9259 = AXIS2_PLACEMENT_3D('',#9260,#9261,#9262);
#9260 = CARTESIAN_POINT('',(28.,19.091883092037,61.51828996323));
#9261 = DIRECTION('',(-0.,0.707106781187,0.707106781187));
#9262 = DIRECTION('',(1.,0.,0.));
#9263 = FACE_BOUND('',#9264,.F.);
#9264 = EDGE_LOOP('',(#9265));
#9265 = ORIENTED_EDGE('',*,*,#9266,.T.);
#9266 = EDGE_CURVE('',#9267,#9267,#9269,.T.);
#9267 = VERTEX_POINT('',#9268);
#9268 = CARTESIAN_POINT('',(-23.88125,61.51828996323,19.091883092037));
#9269 = CIRCLE('',#9270,4.11875);
#9270 = AXIS2_PLACEMENT_3D('',#9271,#9272,#9273);
#9271 = CARTESIAN_POINT('',(-28.,61.51828996323,19.091883092037));
#9272 = DIRECTION('',(-0.,0.707106781187,0.707106781187));
#9273 = DIRECTION('',(1.,0.,0.));
#9274 = FACE_BOUND('',#9275,.F.);
#9275 = EDGE_LOOP('',(#9276));
#9276 = ORIENTED_EDGE('',*,*,#9277,.T.);
#9277 = EDGE_CURVE('',#9278,#9278,#9280,.T.);
#9278 = VERTEX_POINT('',#9279);
#9279 = CARTESIAN_POINT('',(-11.5,40.305086527633,40.305086527633));
#9280 = CIRCLE('',#9281,16.5);
#9281 = AXIS2_PLACEMENT_3D('',#9282,#9283,#9284);
#9282 = CARTESIAN_POINT('',(-28.,40.305086527633,40.305086527633));
#9283 = DIRECTION('',(-0.,0.707106781187,0.707106781187));
#9284 = DIRECTION('',(1.,0.,0.));
#9285 = FACE_BOUND('',#9286,.F.);
#9286 = EDGE_LOOP('',(#9287));
#9287 = ORIENTED_EDGE('',*,*,#9288,.T.);
#9288 = EDGE_CURVE('',#9289,#9289,#9291,.T.);
#9289 = VERTEX_POINT('',#9290);
#9290 = CARTESIAN_POINT('',(-23.88125,19.091883092037,61.51828996323));
#9291 = CIRCLE('',#9292,4.11875);
#9292 = AXIS2_PLACEMENT_3D('',#9293,#9294,#9295);
#9293 = CARTESIAN_POINT('',(-28.,19.091883092037,61.51828996323));
#9294 = DIRECTION('',(-0.,0.707106781187,0.707106781187));
#9295 = DIRECTION('',(1.,0.,0.));
#9296 = PLANE('',#9297);
#9297 = AXIS2_PLACEMENT_3D('',#9298,#9299,#9300);
#9298 = CARTESIAN_POINT('',(-70.,80.610173055266,0.));
#9299 = DIRECTION('',(0.,-0.707106781187,-0.707106781187));
#9300 = DIRECTION('',(0.,-0.707106781187,0.707106781187));
#9301 = ADVANCED_FACE('',(#9302),#9327,.F.);
#9302 = FACE_BOUND('',#9303,.F.);
#9303 = EDGE_LOOP('',(#9304,#9312,#9320,#9326));
#9304 = ORIENTED_EDGE('',*,*,#9305,.F.);
#9305 = EDGE_CURVE('',#9306,#9185,#9308,.T.);
#9306 = VERTEX_POINT('',#9307);
#9307 = CARTESIAN_POINT('',(-70.,80.610173055266,-23.));
#9308 = LINE('',#9309,#9310);
#9309 = CARTESIAN_POINT('',(-70.,80.610173055266,-30.));
#9310 = VECTOR('',#9311,1.);
#9311 = DIRECTION('',(0.,0.,1.));
#9312 = ORIENTED_EDGE('',*,*,#9313,.F.);
#9313 = EDGE_CURVE('',#9314,#9306,#9316,.T.);
#9314 = VERTEX_POINT('',#9315);
#9315 = CARTESIAN_POINT('',(70.,80.610173055266,-23.));
#9316 = LINE('',#9317,#9318);
#9317 = CARTESIAN_POINT('',(-70.,80.610173055266,-23.));
#9318 = VECTOR('',#9319,1.);
#9319 = DIRECTION('',(-1.,0.,0.));
#9320 = ORIENTED_EDGE('',*,*,#9321,.T.);
#9321 = EDGE_CURVE('',#9314,#9193,#9322,.T.);
#9322 = LINE('',#9323,#9324);
#9323 = CARTESIAN_POINT('',(70.,80.610173055266,-30.));
#9324 = VECTOR('',#9325,1.);
#9325 = DIRECTION('',(0.,0.,1.));
#9326 = ORIENTED_EDGE('',*,*,#9192,.F.);
#9327 = PLANE('',#9328);
#9328 = AXIS2_PLACEMENT_3D('',#9329,#9330,#9331);
#9329 = CARTESIAN_POINT('',(-70.,80.610173055266,-30.));
#9330 = DIRECTION('',(0.,-1.,0.));
#9331 = DIRECTION('',(0.,0.,1.));
#9332 = ADVANCED_FACE('',(#9333),#9353,.F.);
#9333 = FACE_BOUND('',#9334,.F.);
#9334 = EDGE_LOOP('',(#9335,#9336,#9344,#9351,#9352));
#9335 = ORIENTED_EDGE('',*,*,#9207,.T.);
#9336 = ORIENTED_EDGE('',*,*,#9337,.F.);
#9337 = EDGE_CURVE('',#9338,#9045,#9340,.T.);
#9338 = VERTEX_POINT('',#9339);
#9339 = CARTESIAN_POINT('',(55.,-1.E-15,72.410173055266));
#9340 = LINE('',#9341,#9342);
#9341 = CARTESIAN_POINT('',(55.,-1.22E-15,72.410173055266));
#9342 = VECTOR('',#9343,1.);
#9343 = DIRECTION('',(0.,0.,1.));
#9344 = ORIENTED_EDGE('',*,*,#9345,.T.);
#9345 = EDGE_CURVE('',#9338,#9338,#9346,.T.);
#9346 = CIRCLE('',#9347,5.);
#9347 = AXIS2_PLACEMENT_3D('',#9348,#9349,#9350);
#9348 = CARTESIAN_POINT('',(50.,0.,72.410173055266));
#9349 = DIRECTION('',(0.,0.,1.));
#9350 = DIRECTION('',(1.,0.,0.));
#9351 = ORIENTED_EDGE('',*,*,#9337,.T.);
#9352 = ORIENTED_EDGE('',*,*,#9044,.T.);
#9353 = CYLINDRICAL_SURFACE('',#9354,5.);
#9354 = AXIS2_PLACEMENT_3D('',#9355,#9356,#9357);
#9355 = CARTESIAN_POINT('',(50.,0.,72.410173055266));
#9356 = DIRECTION('',(0.,0.,1.));
#9357 = DIRECTION('',(1.,0.,0.));
#9358 = ADVANCED_FACE('',(#9359),#9379,.F.);
#9359 = FACE_BOUND('',#9360,.F.);
#9360 = EDGE_LOOP('',(#9361,#9362,#9370,#9377,#9378));
#9361 = ORIENTED_EDGE('',*,*,#9215,.T.);
#9362 = ORIENTED_EDGE('',*,*,#9363,.F.);
#9363 = EDGE_CURVE('',#9364,#9104,#9366,.T.);
#9364 = VERTEX_POINT('',#9365);
#9365 = CARTESIAN_POINT('',(4.15,-1.E-15,74.410173055266));
#9366 = LINE('',#9367,#9368);
#9367 = CARTESIAN_POINT('',(4.15,-1.02E-15,74.410173055266));
#9368 = VECTOR('',#9369,1.);
#9369 = DIRECTION('',(0.,0.,1.));
#9370 = ORIENTED_EDGE('',*,*,#9371,.T.);
#9371 = EDGE_CURVE('',#9364,#9364,#9372,.T.);
#9372 = CIRCLE('',#9373,4.15);
#9373 = AXIS2_PLACEMENT_3D('',#9374,#9375,#9376);
#9374 = CARTESIAN_POINT('',(0.,0.,74.410173055266));
#9375 = DIRECTION('',(0.,0.,1.));
#9376 = DIRECTION('',(1.,0.,0.));
#9377 = ORIENTED_EDGE('',*,*,#9363,.T.);
#9378 = ORIENTED_EDGE('',*,*,#9103,.T.);
#9379 = CYLINDRICAL_SURFACE('',#9380,4.15);
#9380 = AXIS2_PLACEMENT_3D('',#9381,#9382,#9383);
#9381 = CARTESIAN_POINT('',(0.,0.,74.410173055266));
#9382 = DIRECTION('',(0.,0.,1.));
#9383 = DIRECTION('',(1.,0.,0.));
#9384 = ADVANCED_FACE('',(#9385),#9405,.F.);
#9385 = FACE_BOUND('',#9386,.F.);
#9386 = EDGE_LOOP('',(#9387,#9388,#9396,#9403,#9404));
#9387 = ORIENTED_EDGE('',*,*,#9223,.T.);
#9388 = ORIENTED_EDGE('',*,*,#9389,.F.);
#9389 = EDGE_CURVE('',#9390,#9087,#9392,.T.);
#9390 = VERTEX_POINT('',#9391);
#9391 = CARTESIAN_POINT('',(-45.,-1.E-15,72.410173055266));
#9392 = LINE('',#9393,#9394);
#9393 = CARTESIAN_POINT('',(-45.,-1.22E-15,72.410173055266));
#9394 = VECTOR('',#9395,1.);
#9395 = DIRECTION('',(0.,0.,1.));
#9396 = ORIENTED_EDGE('',*,*,#9397,.T.);
#9397 = EDGE_CURVE('',#9390,#9390,#9398,.T.);
#9398 = CIRCLE('',#9399,5.);
#9399 = AXIS2_PLACEMENT_3D('',#9400,#9401,#9402);
#9400 = CARTESIAN_POINT('',(-50.,0.,72.410173055266));
#9401 = DIRECTION('',(0.,0.,1.));
#9402 = DIRECTION('',(1.,0.,0.));
#9403 = ORIENTED_EDGE('',*,*,#9389,.T.);
#9404 = ORIENTED_EDGE('',*,*,#9086,.T.);
#9405 = CYLINDRICAL_SURFACE('',#9406,5.);
#9406 = AXIS2_PLACEMENT_3D('',#9407,#9408,#9409);
#9407 = CARTESIAN_POINT('',(-50.,0.,72.410173055266));
#9408 = DIRECTION('',(0.,0.,1.));
#9409 = DIRECTION('',(1.,0.,0.));
#9410 = ADVANCED_FACE('',(#9411),#9430,.F.);
#9411 = FACE_BOUND('',#9412,.F.);
#9412 = EDGE_LOOP('',(#9413,#9414,#9422,#9429));
#9413 = ORIENTED_EDGE('',*,*,#9120,.F.);
#9414 = ORIENTED_EDGE('',*,*,#9415,.F.);
#9415 = EDGE_CURVE('',#9416,#9121,#9418,.T.);
#9416 = VERTEX_POINT('',#9417);
#9417 = CARTESIAN_POINT('',(32.11875,-9.015611460128,51.442018331321));
#9418 = LINE('',#9419,#9420);
#9419 = CARTESIAN_POINT('',(32.11875,-9.015611460129,51.442018331321));
#9420 = VECTOR('',#9421,1.);
#9421 = DIRECTION('',(0.,-0.707106781187,0.707106781187));
#9422 = ORIENTED_EDGE('',*,*,#9423,.T.);
#9423 = EDGE_CURVE('',#9416,#9416,#9424,.T.);
#9424 = CIRCLE('',#9425,4.11875);
#9425 = AXIS2_PLACEMENT_3D('',#9426,#9427,#9428);
#9426 = CARTESIAN_POINT('',(28.,-9.015611460129,51.442018331321));
#9427 = DIRECTION('',(0.,-0.707106781187,0.707106781187));
#9428 = DIRECTION('',(1.,0.,0.));
#9429 = ORIENTED_EDGE('',*,*,#9415,.T.);
#9430 = CYLINDRICAL_SURFACE('',#9431,4.11875);
#9431 = AXIS2_PLACEMENT_3D('',#9432,#9433,#9434);
#9432 = CARTESIAN_POINT('',(28.,-9.015611460129,51.442018331321));
#9433 = DIRECTION('',(0.,-0.707106781187,0.707106781187));
#9434 = DIRECTION('',(1.,0.,0.));
#9435 = ADVANCED_FACE('',(#9436),#9455,.F.);
#9436 = FACE_BOUND('',#9437,.F.);
#9437 = EDGE_LOOP('',(#9438,#9439,#9447,#9454));
#9438 = ORIENTED_EDGE('',*,*,#9134,.F.);
#9439 = ORIENTED_EDGE('',*,*,#9440,.F.);
#9440 = EDGE_CURVE('',#9441,#9135,#9443,.T.);
#9441 = VERTEX_POINT('',#9442);
#9442 = CARTESIAN_POINT('',(32.11875,-51.44201833132,9.015611460128));
#9443 = LINE('',#9444,#9445);
#9444 = CARTESIAN_POINT('',(32.11875,-51.44201833132,9.015611460128));
#9445 = VECTOR('',#9446,1.);
#9446 = DIRECTION('',(0.,-0.707106781187,0.707106781187));
#9447 = ORIENTED_EDGE('',*,*,#9448,.T.);
#9448 = EDGE_CURVE('',#9441,#9441,#9449,.T.);
#9449 = CIRCLE('',#9450,4.11875);
#9450 = AXIS2_PLACEMENT_3D('',#9451,#9452,#9453);
#9451 = CARTESIAN_POINT('',(28.,-51.44201833132,9.015611460128));
#9452 = DIRECTION('',(0.,-0.707106781187,0.707106781187));
#9453 = DIRECTION('',(1.,0.,0.));
#9454 = ORIENTED_EDGE('',*,*,#9440,.T.);
#9455 = CYLINDRICAL_SURFACE('',#9456,4.11875);
#9456 = AXIS2_PLACEMENT_3D('',#9457,#9458,#9459);
#9457 = CARTESIAN_POINT('',(28.,-51.44201833132,9.015611460128));
#9458 = DIRECTION('',(0.,-0.707106781187,0.707106781187));
#9459 = DIRECTION('',(1.,0.,0.));
#9460 = ADVANCED_FACE('',(#9461),#9480,.F.);
#9461 = FACE_BOUND('',#9462,.F.);
#9462 = EDGE_LOOP('',(#9463,#9464,#9472,#9479));
#9463 = ORIENTED_EDGE('',*,*,#9145,.F.);
#9464 = ORIENTED_EDGE('',*,*,#9465,.F.);
#9465 = EDGE_CURVE('',#9466,#9146,#9468,.T.);
#9466 = VERTEX_POINT('',#9467);
#9467 = CARTESIAN_POINT('',(-23.88125,-9.015611460128,51.442018331321));
#9468 = LINE('',#9469,#9470);
#9469 = CARTESIAN_POINT('',(-23.88125,-9.015611460129,51.442018331321));
#9470 = VECTOR('',#9471,1.);
#9471 = DIRECTION('',(0.,-0.707106781187,0.707106781187));
#9472 = ORIENTED_EDGE('',*,*,#9473,.T.);
#9473 = EDGE_CURVE('',#9466,#9466,#9474,.T.);
#9474 = CIRCLE('',#9475,4.11875);
#9475 = AXIS2_PLACEMENT_3D('',#9476,#9477,#9478);
#9476 = CARTESIAN_POINT('',(-28.,-9.015611460129,51.442018331321));
#9477 = DIRECTION('',(0.,-0.707106781187,0.707106781187));
#9478 = DIRECTION('',(1.,0.,0.));
#9479 = ORIENTED_EDGE('',*,*,#9465,.T.);
#9480 = CYLINDRICAL_SURFACE('',#9481,4.11875);
#9481 = AXIS2_PLACEMENT_3D('',#9482,#9483,#9484);
#9482 = CARTESIAN_POINT('',(-28.,-9.015611460129,51.442018331321));
#9483 = DIRECTION('',(0.,-0.707106781187,0.707106781187));
#9484 = DIRECTION('',(1.,0.,0.));
#9485 = ADVANCED_FACE('',(#9486),#9513,.F.);
#9486 = FACE_BOUND('',#9487,.F.);
#9487 = EDGE_LOOP('',(#9488,#9489,#9495,#9496,#9497,#9498,#9505,#9506));
#9488 = ORIENTED_EDGE('',*,*,#8410,.T.);
#9489 = ORIENTED_EDGE('',*,*,#9490,.T.);
#9490 = EDGE_CURVE('',#8413,#9157,#9491,.T.);
#9491 = LINE('',#9492,#9493);
#9492 = CARTESIAN_POINT('',(-11.5,-14.14213562373,14.142135623731));
#9493 = VECTOR('',#9494,1.);
#9494 = DIRECTION('',(0.,-0.707106781187,0.707106781187));
#9495 = ORIENTED_EDGE('',*,*,#9156,.F.);
#9496 = ORIENTED_EDGE('',*,*,#9490,.F.);
#9497 = ORIENTED_EDGE('',*,*,#8487,.T.);
#9498 = ORIENTED_EDGE('',*,*,#9499,.T.);
#9499 = EDGE_CURVE('',#8480,#8438,#9500,.T.);
#9500 = CIRCLE('',#9501,16.5);
#9501 = AXIS2_PLACEMENT_3D('',#9502,#9503,#9504);
#9502 = CARTESIAN_POINT('',(-28.,-14.14213562373,14.142135623731));
#9503 = DIRECTION('',(0.,-0.707106781187,0.707106781187));
#9504 = DIRECTION('',(1.,0.,0.));
#9505 = ORIENTED_EDGE('',*,*,#8437,.T.);
#9506 = ORIENTED_EDGE('',*,*,#9507,.T.);
#9507 = EDGE_CURVE('',#8430,#8411,#9508,.T.);
#9508 = CIRCLE('',#9509,16.5);
#9509 = AXIS2_PLACEMENT_3D('',#9510,#9511,#9512);
#9510 = CARTESIAN_POINT('',(-28.,-14.14213562373,14.142135623731));
#9511 = DIRECTION('',(0.,-0.707106781187,0.707106781187));
#9512 = DIRECTION('',(1.,0.,0.));
#9513 = CYLINDRICAL_SURFACE('',#9514,16.5);
#9514 = AXIS2_PLACEMENT_3D('',#9515,#9516,#9517);
#9515 = CARTESIAN_POINT('',(-28.,-14.14213562373,14.142135623731));
#9516 = DIRECTION('',(0.,-0.707106781187,0.707106781187));
#9517 = DIRECTION('',(1.,0.,0.));
#9518 = ADVANCED_FACE('',(#9519),#9538,.F.);
#9519 = FACE_BOUND('',#9520,.F.);
#9520 = EDGE_LOOP('',(#9521,#9522,#9530,#9537));
#9521 = ORIENTED_EDGE('',*,*,#9167,.F.);
#9522 = ORIENTED_EDGE('',*,*,#9523,.F.);
#9523 = EDGE_CURVE('',#9524,#9168,#9526,.T.);
#9524 = VERTEX_POINT('',#9525);
#9525 = CARTESIAN_POINT('',(-23.88125,-51.44201833132,9.015611460128));
#9526 = LINE('',#9527,#9528);
#9527 = CARTESIAN_POINT('',(-23.88125,-51.44201833132,9.015611460128));
#9528 = VECTOR('',#9529,1.);
#9529 = DIRECTION('',(0.,-0.707106781187,0.707106781187));
#9530 = ORIENTED_EDGE('',*,*,#9531,.T.);
#9531 = EDGE_CURVE('',#9524,#9524,#9532,.T.);
#9532 = CIRCLE('',#9533,4.11875);
#9533 = AXIS2_PLACEMENT_3D('',#9534,#9535,#9536);
#9534 = CARTESIAN_POINT('',(-28.,-51.44201833132,9.015611460128));
#9535 = DIRECTION('',(0.,-0.707106781187,0.707106781187));
#9536 = DIRECTION('',(1.,0.,0.));
#9537 = ORIENTED_EDGE('',*,*,#9523,.T.);
#9538 = CYLINDRICAL_SURFACE('',#9539,4.11875);
#9539 = AXIS2_PLACEMENT_3D('',#9540,#9541,#9542);
#9540 = CARTESIAN_POINT('',(-28.,-51.44201833132,9.015611460128));
#9541 = DIRECTION('',(0.,-0.707106781187,0.707106781187));
#9542 = DIRECTION('',(1.,0.,0.));
#9543 = ADVANCED_FACE('',(#9544,#9569,#9580),#9591,.T.);
#9544 = FACE_BOUND('',#9545,.T.);
#9545 = EDGE_LOOP('',(#9546,#9554,#9555,#9563));
#9546 = ORIENTED_EDGE('',*,*,#9547,.F.);
#9547 = EDGE_CURVE('',#9306,#9548,#9550,.T.);
#9548 = VERTEX_POINT('',#9549);
#9549 = CARTESIAN_POINT('',(-70.,94.610173055266,-23.));
#9550 = LINE('',#9551,#9552);
#9551 = CARTESIAN_POINT('',(-70.,79.610173055266,-23.));
#9552 = VECTOR('',#9553,1.);
#9553 = DIRECTION('',(0.,1.,0.));
#9554 = ORIENTED_EDGE('',*,*,#9313,.F.);
#9555 = ORIENTED_EDGE('',*,*,#9556,.T.);
#9556 = EDGE_CURVE('',#9314,#9557,#9559,.T.);
#9557 = VERTEX_POINT('',#9558);
#9558 = CARTESIAN_POINT('',(70.,94.610173055266,-23.));
#9559 = LINE('',#9560,#9561);
#9560 = CARTESIAN_POINT('',(70.,79.610173055266,-23.));
#9561 = VECTOR('',#9562,1.);
#9562 = DIRECTION('',(0.,1.,0.));
#9563 = ORIENTED_EDGE('',*,*,#9564,.F.);
#9564 = EDGE_CURVE('',#9548,#9557,#9565,.T.);
#9565 = LINE('',#9566,#9567);
#9566 = CARTESIAN_POINT('',(-70.,94.610173055266,-23.));
#9567 = VECTOR('',#9568,1.);
#9568 = DIRECTION('',(1.,0.,0.));
#9569 = FACE_BOUND('',#9570,.T.);
#9570 = EDGE_LOOP('',(#9571));
#9571 = ORIENTED_EDGE('',*,*,#9572,.F.);
#9572 = EDGE_CURVE('',#9573,#9573,#9575,.T.);
#9573 = VERTEX_POINT('',#9574);
#9574 = CARTESIAN_POINT('',(-46.0875,87.,-23.));
#9575 = CIRCLE('',#9576,4.9125);
#9576 = AXIS2_PLACEMENT_3D('',#9577,#9578,#9579);
#9577 = CARTESIAN_POINT('',(-51.,87.,-23.));
#9578 = DIRECTION('',(0.,0.,1.));
#9579 = DIRECTION('',(1.,0.,0.));
#9580 = FACE_BOUND('',#9581,.T.);
#9581 = EDGE_LOOP('',(#9582));
#9582 = ORIENTED_EDGE('',*,*,#9583,.F.);
#9583 = EDGE_CURVE('',#9584,#9584,#9586,.T.);
#9584 = VERTEX_POINT('',#9585);
#9585 = CARTESIAN_POINT('',(55.9125,87.,-23.));
#9586 = CIRCLE('',#9587,4.9125);
#9587 = AXIS2_PLACEMENT_3D('',#9588,#9589,#9590);
#9588 = CARTESIAN_POINT('',(51.,87.,-23.));
#9589 = DIRECTION('',(0.,0.,1.));
#9590 = DIRECTION('',(1.,0.,0.));
#9591 = PLANE('',#9592);
#9592 = AXIS2_PLACEMENT_3D('',#9593,#9594,#9595);
#9593 = CARTESIAN_POINT('',(-70.,79.610173055266,-23.));
#9594 = DIRECTION('',(0.,0.,1.));
#9595 = DIRECTION('',(1.,0.,0.));
#9596 = ADVANCED_FACE('',(#9597),#9616,.F.);
#9597 = FACE_BOUND('',#9598,.F.);
#9598 = EDGE_LOOP('',(#9599,#9600,#9608,#9615));
#9599 = ORIENTED_EDGE('',*,*,#9233,.F.);
#9600 = ORIENTED_EDGE('',*,*,#9601,.F.);
#9601 = EDGE_CURVE('',#9602,#9234,#9604,.T.);
#9602 = VERTEX_POINT('',#9603);
#9603 = CARTESIAN_POINT('',(32.11875,51.442018331321,9.015611460128));
#9604 = LINE('',#9605,#9606);
#9605 = CARTESIAN_POINT('',(32.11875,51.442018331321,9.015611460128));
#9606 = VECTOR('',#9607,1.);
#9607 = DIRECTION('',(0.,0.707106781187,0.707106781187));
#9608 = ORIENTED_EDGE('',*,*,#9609,.T.);
#9609 = EDGE_CURVE('',#9602,#9602,#9610,.T.);
#9610 = CIRCLE('',#9611,4.11875);
#9611 = AXIS2_PLACEMENT_3D('',#9612,#9613,#9614);
#9612 = CARTESIAN_POINT('',(28.,51.442018331321,9.015611460128));
#9613 = DIRECTION('',(-0.,0.707106781187,0.707106781187));
#9614 = DIRECTION('',(1.,0.,0.));
#9615 = ORIENTED_EDGE('',*,*,#9601,.T.);
#9616 = CYLINDRICAL_SURFACE('',#9617,4.11875);
#9617 = AXIS2_PLACEMENT_3D('',#9618,#9619,#9620);
#9618 = CARTESIAN_POINT('',(28.,51.442018331321,9.015611460128));
#9619 = DIRECTION('',(0.,0.707106781187,0.707106781187));
#9620 = DIRECTION('',(1.,0.,0.));
#9621 = ADVANCED_FACE('',(#9622),#9649,.F.);
#9622 = FACE_BOUND('',#9623,.F.);
#9623 = EDGE_LOOP('',(#9624,#9625,#9631,#9632,#9633,#9634,#9641,#9642));
#9624 = ORIENTED_EDGE('',*,*,#8778,.T.);
#9625 = ORIENTED_EDGE('',*,*,#9626,.T.);
#9626 = EDGE_CURVE('',#8762,#9245,#9627,.T.);
#9627 = LINE('',#9628,#9629);
#9628 = CARTESIAN_POINT('',(44.5,14.142135623731,14.142135623731));
#9629 = VECTOR('',#9630,1.);
#9630 = DIRECTION('',(0.,0.707106781187,0.707106781187));
#9631 = ORIENTED_EDGE('',*,*,#9244,.F.);
#9632 = ORIENTED_EDGE('',*,*,#9626,.F.);
#9633 = ORIENTED_EDGE('',*,*,#8761,.T.);
#9634 = ORIENTED_EDGE('',*,*,#9635,.T.);
#9635 = EDGE_CURVE('',#8754,#8710,#9636,.T.);
#9636 = CIRCLE('',#9637,16.5);
#9637 = AXIS2_PLACEMENT_3D('',#9638,#9639,#9640);
#9638 = CARTESIAN_POINT('',(28.,14.142135623731,14.142135623731));
#9639 = DIRECTION('',(-0.,0.707106781187,0.707106781187));
#9640 = DIRECTION('',(1.,0.,0.));
#9641 = ORIENTED_EDGE('',*,*,#8709,.T.);
#9642 = ORIENTED_EDGE('',*,*,#9643,.T.);
#9643 = EDGE_CURVE('',#8712,#8779,#9644,.T.);
#9644 = CIRCLE('',#9645,16.5);
#9645 = AXIS2_PLACEMENT_3D('',#9646,#9647,#9648);
#9646 = CARTESIAN_POINT('',(28.,14.142135623731,14.142135623731));
#9647 = DIRECTION('',(-0.,0.707106781187,0.707106781187));
#9648 = DIRECTION('',(1.,0.,0.));
#9649 = CYLINDRICAL_SURFACE('',#9650,16.5);
#9650 = AXIS2_PLACEMENT_3D('',#9651,#9652,#9653);
#9651 = CARTESIAN_POINT('',(28.,14.142135623731,14.142135623731));
#9652 = DIRECTION('',(0.,0.707106781187,0.707106781187));
#9653 = DIRECTION('',(1.,0.,0.));
#9654 = ADVANCED_FACE('',(#9655),#9674,.F.);
#9655 = FACE_BOUND('',#9656,.F.);
#9656 = EDGE_LOOP('',(#9657,#9658,#9666,#9673));
#9657 = ORIENTED_EDGE('',*,*,#9255,.F.);
#9658 = ORIENTED_EDGE('',*,*,#9659,.F.);
#9659 = EDGE_CURVE('',#9660,#9256,#9662,.T.);
#9660 = VERTEX_POINT('',#9661);
#9661 = CARTESIAN_POINT('',(32.11875,9.015611460128,51.442018331321));
#9662 = LINE('',#9663,#9664);
#9663 = CARTESIAN_POINT('',(32.11875,9.015611460129,51.442018331321));
#9664 = VECTOR('',#9665,1.);
#9665 = DIRECTION('',(0.,0.707106781187,0.707106781187));
#9666 = ORIENTED_EDGE('',*,*,#9667,.T.);
#9667 = EDGE_CURVE('',#9660,#9660,#9668,.T.);
#9668 = CIRCLE('',#9669,4.11875);
#9669 = AXIS2_PLACEMENT_3D('',#9670,#9671,#9672);
#9670 = CARTESIAN_POINT('',(28.,9.015611460129,51.442018331321));
#9671 = DIRECTION('',(-0.,0.707106781187,0.707106781187));
#9672 = DIRECTION('',(1.,0.,0.));
#9673 = ORIENTED_EDGE('',*,*,#9659,.T.);
#9674 = CYLINDRICAL_SURFACE('',#9675,4.11875);
#9675 = AXIS2_PLACEMENT_3D('',#9676,#9677,#9678);
#9676 = CARTESIAN_POINT('',(28.,9.015611460129,51.442018331321));
#9677 = DIRECTION('',(0.,0.707106781187,0.707106781187));
#9678 = DIRECTION('',(1.,0.,0.));
#9679 = ADVANCED_FACE('',(#9680),#9699,.F.);
#9680 = FACE_BOUND('',#9681,.F.);
#9681 = EDGE_LOOP('',(#9682,#9683,#9691,#9698));
#9682 = ORIENTED_EDGE('',*,*,#9266,.F.);
#9683 = ORIENTED_EDGE('',*,*,#9684,.F.);
#9684 = EDGE_CURVE('',#9685,#9267,#9687,.T.);
#9685 = VERTEX_POINT('',#9686);
#9686 = CARTESIAN_POINT('',(-23.88125,51.442018331321,9.015611460128));
#9687 = LINE('',#9688,#9689);
#9688 = CARTESIAN_POINT('',(-23.88125,51.442018331321,9.015611460128));
#9689 = VECTOR('',#9690,1.);
#9690 = DIRECTION('',(0.,0.707106781187,0.707106781187));
#9691 = ORIENTED_EDGE('',*,*,#9692,.T.);
#9692 = EDGE_CURVE('',#9685,#9685,#9693,.T.);
#9693 = CIRCLE('',#9694,4.11875);
#9694 = AXIS2_PLACEMENT_3D('',#9695,#9696,#9697);
#9695 = CARTESIAN_POINT('',(-28.,51.442018331321,9.015611460128));
#9696 = DIRECTION('',(-0.,0.707106781187,0.707106781187));
#9697 = DIRECTION('',(1.,0.,0.));
#9698 = ORIENTED_EDGE('',*,*,#9684,.T.);
#9699 = CYLINDRICAL_SURFACE('',#9700,4.11875);
#9700 = AXIS2_PLACEMENT_3D('',#9701,#9702,#9703);
#9701 = CARTESIAN_POINT('',(-28.,51.442018331321,9.015611460128));
#9702 = DIRECTION('',(0.,0.707106781187,0.707106781187));
#9703 = DIRECTION('',(1.,0.,0.));
#9704 = ADVANCED_FACE('',(#9705),#9732,.F.);
#9705 = FACE_BOUND('',#9706,.F.);
#9706 = EDGE_LOOP('',(#9707,#9708,#9714,#9715,#9716,#9717,#9724,#9725));
#9707 = ORIENTED_EDGE('',*,*,#8573,.T.);
#9708 = ORIENTED_EDGE('',*,*,#9709,.T.);
#9709 = EDGE_CURVE('',#8557,#9278,#9710,.T.);
#9710 = LINE('',#9711,#9712);
#9711 = CARTESIAN_POINT('',(-11.5,14.142135623731,14.142135623731));
#9712 = VECTOR('',#9713,1.);
#9713 = DIRECTION('',(0.,0.707106781187,0.707106781187));
#9714 = ORIENTED_EDGE('',*,*,#9277,.F.);
#9715 = ORIENTED_EDGE('',*,*,#9709,.F.);
#9716 = ORIENTED_EDGE('',*,*,#8556,.T.);
#9717 = ORIENTED_EDGE('',*,*,#9718,.T.);
#9718 = EDGE_CURVE('',#8549,#8505,#9719,.T.);
#9719 = CIRCLE('',#9720,16.5);
#9720 = AXIS2_PLACEMENT_3D('',#9721,#9722,#9723);
#9721 = CARTESIAN_POINT('',(-28.,14.142135623731,14.142135623731));
#9722 = DIRECTION('',(-0.,0.707106781187,0.707106781187));
#9723 = DIRECTION('',(1.,0.,0.));
#9724 = ORIENTED_EDGE('',*,*,#8504,.T.);
#9725 = ORIENTED_EDGE('',*,*,#9726,.T.);
#9726 = EDGE_CURVE('',#8507,#8574,#9727,.T.);
#9727 = CIRCLE('',#9728,16.5);
#9728 = AXIS2_PLACEMENT_3D('',#9729,#9730,#9731);
#9729 = CARTESIAN_POINT('',(-28.,14.142135623731,14.142135623731));
#9730 = DIRECTION('',(-0.,0.707106781187,0.707106781187));
#9731 = DIRECTION('',(1.,0.,0.));
#9732 = CYLINDRICAL_SURFACE('',#9733,16.5);
#9733 = AXIS2_PLACEMENT_3D('',#9734,#9735,#9736);
#9734 = CARTESIAN_POINT('',(-28.,14.142135623731,14.142135623731));
#9735 = DIRECTION('',(0.,0.707106781187,0.707106781187));
#9736 = DIRECTION('',(1.,0.,0.));
#9737 = ADVANCED_FACE('',(#9738),#9757,.F.);
#9738 = FACE_BOUND('',#9739,.F.);
#9739 = EDGE_LOOP('',(#9740,#9741,#9749,#9756));
#9740 = ORIENTED_EDGE('',*,*,#9288,.F.);
#9741 = ORIENTED_EDGE('',*,*,#9742,.F.);
#9742 = EDGE_CURVE('',#9743,#9289,#9745,.T.);
#9743 = VERTEX_POINT('',#9744);
#9744 = CARTESIAN_POINT('',(-23.88125,9.015611460128,51.442018331321));
#9745 = LINE('',#9746,#9747);
#9746 = CARTESIAN_POINT('',(-23.88125,9.015611460129,51.442018331321));
#9747 = VECTOR('',#9748,1.);
#9748 = DIRECTION('',(0.,0.707106781187,0.707106781187));
#9749 = ORIENTED_EDGE('',*,*,#9750,.T.);
#9750 = EDGE_CURVE('',#9743,#9743,#9751,.T.);
#9751 = CIRCLE('',#9752,4.11875);
#9752 = AXIS2_PLACEMENT_3D('',#9753,#9754,#9755);
#9753 = CARTESIAN_POINT('',(-28.,9.015611460129,51.442018331321));
#9754 = DIRECTION('',(-0.,0.707106781187,0.707106781187));
#9755 = DIRECTION('',(1.,0.,0.));
#9756 = ORIENTED_EDGE('',*,*,#9742,.T.);
#9757 = CYLINDRICAL_SURFACE('',#9758,4.11875);
#9758 = AXIS2_PLACEMENT_3D('',#9759,#9760,#9761);
#9759 = CARTESIAN_POINT('',(-28.,9.015611460129,51.442018331321));
#9760 = DIRECTION('',(0.,0.707106781187,0.707106781187));
#9761 = DIRECTION('',(1.,0.,0.));
#9762 = ADVANCED_FACE('',(#9763),#9783,.F.);
#9763 = FACE_BOUND('',#9764,.F.);
#9764 = EDGE_LOOP('',(#9765,#9774,#9780,#9781,#9782));
#9765 = ORIENTED_EDGE('',*,*,#9766,.F.);
#9766 = EDGE_CURVE('',#9767,#9767,#9769,.T.);
#9767 = VERTEX_POINT('',#9768);
#9768 = CARTESIAN_POINT('',(52.5,-1.E-15,72.410173055266));
#9769 = CIRCLE('',#9770,2.5);
#9770 = AXIS2_PLACEMENT_3D('',#9771,#9772,#9773);
#9771 = CARTESIAN_POINT('',(50.,0.,72.410173055266));
#9772 = DIRECTION('',(0.,0.,1.));
#9773 = DIRECTION('',(1.,0.,0.));
#9774 = ORIENTED_EDGE('',*,*,#9775,.F.);
#9775 = EDGE_CURVE('',#8177,#9767,#9776,.T.);
#9776 = LINE('',#9777,#9778);
#9777 = CARTESIAN_POINT('',(52.5,-6.1E-16,10.610173055266));
#9778 = VECTOR('',#9779,1.);
#9779 = DIRECTION('',(0.,0.,1.));
#9780 = ORIENTED_EDGE('',*,*,#8176,.T.);
#9781 = ORIENTED_EDGE('',*,*,#8225,.T.);
#9782 = ORIENTED_EDGE('',*,*,#9775,.T.);
#9783 = CYLINDRICAL_SURFACE('',#9784,2.5);
#9784 = AXIS2_PLACEMENT_3D('',#9785,#9786,#9787);
#9785 = CARTESIAN_POINT('',(50.,0.,10.610173055266));
#9786 = DIRECTION('',(0.,0.,1.));
#9787 = DIRECTION('',(1.,0.,0.));
#9788 = ADVANCED_FACE('',(#9789),#9809,.F.);
#9789 = FACE_BOUND('',#9790,.F.);
#9790 = EDGE_LOOP('',(#9791,#9800,#9806,#9807,#9808));
#9791 = ORIENTED_EDGE('',*,*,#9792,.F.);
#9792 = EDGE_CURVE('',#9793,#9793,#9795,.T.);
#9793 = VERTEX_POINT('',#9794);
#9794 = CARTESIAN_POINT('',(1.5,0.,74.410173055266));
#9795 = CIRCLE('',#9796,1.5);
#9796 = AXIS2_PLACEMENT_3D('',#9797,#9798,#9799);
#9797 = CARTESIAN_POINT('',(0.,0.,74.410173055266));
#9798 = DIRECTION('',(0.,0.,1.));
#9799 = DIRECTION('',(1.,0.,0.));
#9800 = ORIENTED_EDGE('',*,*,#9801,.F.);
#9801 = EDGE_CURVE('',#8255,#9793,#9802,.T.);
#9802 = LINE('',#9803,#9804);
#9803 = CARTESIAN_POINT('',(1.5,-3.7E-16,21.));
#9804 = VECTOR('',#9805,1.);
#9805 = DIRECTION('',(0.,0.,1.));
#9806 = ORIENTED_EDGE('',*,*,#8378,.T.);
#9807 = ORIENTED_EDGE('',*,*,#8262,.T.);
#9808 = ORIENTED_EDGE('',*,*,#9801,.T.);
#9809 = CYLINDRICAL_SURFACE('',#9810,1.5);
#9810 = AXIS2_PLACEMENT_3D('',#9811,#9812,#9813);
#9811 = CARTESIAN_POINT('',(0.,0.,21.));
#9812 = DIRECTION('',(0.,0.,1.));
#9813 = DIRECTION('',(1.,0.,0.));
#9814 = ADVANCED_FACE('',(#9815),#9835,.F.);
#9815 = FACE_BOUND('',#9816,.F.);
#9816 = EDGE_LOOP('',(#9817,#9826,#9832,#9833,#9834));
#9817 = ORIENTED_EDGE('',*,*,#9818,.F.);
#9818 = EDGE_CURVE('',#9819,#9819,#9821,.T.);
#9819 = VERTEX_POINT('',#9820);
#9820 = CARTESIAN_POINT('',(-47.5,-1.E-15,72.410173055266));
#9821 = CIRCLE('',#9822,2.5);
#9822 = AXIS2_PLACEMENT_3D('',#9823,#9824,#9825);
#9823 = CARTESIAN_POINT('',(-50.,0.,72.410173055266));
#9824 = DIRECTION('',(0.,0.,1.));
#9825 = DIRECTION('',(1.,0.,0.));
#9826 = ORIENTED_EDGE('',*,*,#9827,.F.);
#9827 = EDGE_CURVE('',#8294,#9819,#9828,.T.);
#9828 = LINE('',#9829,#9830);
#9829 = CARTESIAN_POINT('',(-47.5,-6.1E-16,10.610173055266));
#9830 = VECTOR('',#9831,1.);
#9831 = DIRECTION('',(0.,0.,1.));
#9832 = ORIENTED_EDGE('',*,*,#8348,.T.);
#9833 = ORIENTED_EDGE('',*,*,#8301,.T.);
#9834 = ORIENTED_EDGE('',*,*,#9827,.T.);
#9835 = CYLINDRICAL_SURFACE('',#9836,2.5);
#9836 = AXIS2_PLACEMENT_3D('',#9837,#9838,#9839);
#9837 = CARTESIAN_POINT('',(-50.,0.,10.610173055266));
#9838 = DIRECTION('',(0.,0.,1.));
#9839 = DIRECTION('',(1.,0.,0.));
#9840 = ADVANCED_FACE('',(#9841),#9845,.T.);
#9841 = FACE_BOUND('',#9842,.T.);
#9842 = EDGE_LOOP('',(#9843,#9844));
#9843 = ORIENTED_EDGE('',*,*,#9507,.T.);
#9844 = ORIENTED_EDGE('',*,*,#8429,.F.);
#9845 = PLANE('',#9846);
#9846 = AXIS2_PLACEMENT_3D('',#9847,#9848,#9849);
#9847 = CARTESIAN_POINT('',(-28.,-14.14213562373,14.142135623731));
#9848 = DIRECTION('',(0.,-0.707106781187,0.707106781187));
#9849 = DIRECTION('',(1.,0.,0.));
#9850 = ADVANCED_FACE('',(#9851),#9855,.T.);
#9851 = FACE_BOUND('',#9852,.T.);
#9852 = EDGE_LOOP('',(#9853,#9854));
#9853 = ORIENTED_EDGE('',*,*,#8479,.T.);
#9854 = ORIENTED_EDGE('',*,*,#9499,.T.);
#9855 = PLANE('',#9856);
#9856 = AXIS2_PLACEMENT_3D('',#9857,#9858,#9859);
#9857 = CARTESIAN_POINT('',(-28.,-14.14213562373,14.142135623731));
#9858 = DIRECTION('',(0.,-0.707106781187,0.707106781187));
#9859 = DIRECTION('',(1.,0.,0.));
#9860 = ADVANCED_FACE('',(#9861),#9865,.T.);
#9861 = FACE_BOUND('',#9862,.T.);
#9862 = EDGE_LOOP('',(#9863,#9864));
#9863 = ORIENTED_EDGE('',*,*,#8548,.T.);
#9864 = ORIENTED_EDGE('',*,*,#9718,.T.);
#9865 = PLANE('',#9866);
#9866 = AXIS2_PLACEMENT_3D('',#9867,#9868,#9869);
#9867 = CARTESIAN_POINT('',(-28.,14.142135623731,14.142135623731));
#9868 = DIRECTION('',(0.,0.707106781187,0.707106781187));
#9869 = DIRECTION('',(1.,0.,0.));
#9870 = ADVANCED_FACE('',(#9871),#9875,.T.);
#9871 = FACE_BOUND('',#9872,.T.);
#9872 = EDGE_LOOP('',(#9873,#9874));
#9873 = ORIENTED_EDGE('',*,*,#9726,.T.);
#9874 = ORIENTED_EDGE('',*,*,#8590,.F.);
#9875 = PLANE('',#9876);
#9876 = AXIS2_PLACEMENT_3D('',#9877,#9878,#9879);
#9877 = CARTESIAN_POINT('',(-28.,14.142135623731,14.142135623731));
#9878 = DIRECTION('',(0.,0.707106781187,0.707106781187));
#9879 = DIRECTION('',(1.,0.,0.));
#9880 = ADVANCED_FACE('',(#9881),#9885,.T.);
#9881 = FACE_BOUND('',#9882,.T.);
#9882 = EDGE_LOOP('',(#9883,#9884));
#9883 = ORIENTED_EDGE('',*,*,#8855,.T.);
#9884 = ORIENTED_EDGE('',*,*,#8634,.F.);
#9885 = PLANE('',#9886);
#9886 = AXIS2_PLACEMENT_3D('',#9887,#9888,#9889);
#9887 = CARTESIAN_POINT('',(28.,-14.14213562373,14.142135623731));
#9888 = DIRECTION('',(0.,-0.707106781187,0.707106781187));
#9889 = DIRECTION('',(1.,0.,0.));
#9890 = ADVANCED_FACE('',(#9891),#9895,.T.);
#9891 = FACE_BOUND('',#9892,.T.);
#9892 = EDGE_LOOP('',(#9893,#9894));
#9893 = ORIENTED_EDGE('',*,*,#8684,.T.);
#9894 = ORIENTED_EDGE('',*,*,#8847,.T.);
#9895 = PLANE('',#9896);
#9896 = AXIS2_PLACEMENT_3D('',#9897,#9898,#9899);
#9897 = CARTESIAN_POINT('',(28.,-14.14213562373,14.142135623731));
#9898 = DIRECTION('',(0.,-0.707106781187,0.707106781187));
#9899 = DIRECTION('',(1.,0.,0.));
#9900 = ADVANCED_FACE('',(#9901),#9905,.T.);
#9901 = FACE_BOUND('',#9902,.T.);
#9902 = EDGE_LOOP('',(#9903,#9904));
#9903 = ORIENTED_EDGE('',*,*,#8753,.T.);
#9904 = ORIENTED_EDGE('',*,*,#9635,.T.);
#9905 = PLANE('',#9906);
#9906 = AXIS2_PLACEMENT_3D('',#9907,#9908,#9909);
#9907 = CARTESIAN_POINT('',(28.,14.142135623731,14.142135623731));
#9908 = DIRECTION('',(0.,0.707106781187,0.707106781187));
#9909 = DIRECTION('',(1.,0.,0.));
#9910 = ADVANCED_FACE('',(#9911),#9915,.T.);
#9911 = FACE_BOUND('',#9912,.T.);
#9912 = EDGE_LOOP('',(#9913,#9914));
#9913 = ORIENTED_EDGE('',*,*,#9643,.T.);
#9914 = ORIENTED_EDGE('',*,*,#8795,.F.);
#9915 = PLANE('',#9916);
#9916 = AXIS2_PLACEMENT_3D('',#9917,#9918,#9919);
#9917 = CARTESIAN_POINT('',(28.,14.142135623731,14.142135623731));
#9918 = DIRECTION('',(0.,0.707106781187,0.707106781187));
#9919 = DIRECTION('',(1.,0.,0.));
#9920 = ADVANCED_FACE('',(#9921),#9946,.T.);
#9921 = FACE_BOUND('',#9922,.T.);
#9922 = EDGE_LOOP('',(#9923,#9933,#9939,#9940));
#9923 = ORIENTED_EDGE('',*,*,#9924,.F.);
#9924 = EDGE_CURVE('',#9925,#9927,#9929,.T.);
#9925 = VERTEX_POINT('',#9926);
#9926 = CARTESIAN_POINT('',(-70.,94.610173055266,-30.));
#9927 = VERTEX_POINT('',#9928);
#9928 = CARTESIAN_POINT('',(70.,94.610173055266,-30.));
#9929 = LINE('',#9930,#9931);
#9930 = CARTESIAN_POINT('',(-70.,94.610173055266,-30.));
#9931 = VECTOR('',#9932,1.);
#9932 = DIRECTION('',(1.,0.,0.));
#9933 = ORIENTED_EDGE('',*,*,#9934,.T.);
#9934 = EDGE_CURVE('',#9925,#9548,#9935,.T.);
#9935 = LINE('',#9936,#9937);
#9936 = CARTESIAN_POINT('',(-70.,94.610173055266,-30.));
#9937 = VECTOR('',#9938,1.);
#9938 = DIRECTION('',(0.,0.,1.));
#9939 = ORIENTED_EDGE('',*,*,#9564,.T.);
#9940 = ORIENTED_EDGE('',*,*,#9941,.F.);
#9941 = EDGE_CURVE('',#9927,#9557,#9942,.T.);
#9942 = LINE('',#9943,#9944);
#9943 = CARTESIAN_POINT('',(70.,94.610173055266,-30.));
#9944 = VECTOR('',#9945,1.);
#9945 = DIRECTION('',(0.,0.,1.));
#9946 = PLANE('',#9947);
#9947 = AXIS2_PLACEMENT_3D('',#9948,#9949,#9950);
#9948 = CARTESIAN_POINT('',(-70.,94.610173055266,-30.));
#9949 = DIRECTION('',(0.,1.,0.));
#9950 = DIRECTION('',(0.,0.,1.));
#9951 = ADVANCED_FACE('',(#9952),#9971,.F.);
#9952 = FACE_BOUND('',#9953,.F.);
#9953 = EDGE_LOOP('',(#9954,#9955,#9963,#9970));
#9954 = ORIENTED_EDGE('',*,*,#9572,.F.);
#9955 = ORIENTED_EDGE('',*,*,#9956,.F.);
#9956 = EDGE_CURVE('',#9957,#9573,#9959,.T.);
#9957 = VERTEX_POINT('',#9958);
#9958 = CARTESIAN_POINT('',(-46.0875,87.,-30.));
#9959 = LINE('',#9960,#9961);
#9960 = CARTESIAN_POINT('',(-46.0875,87.,-31.));
#9961 = VECTOR('',#9962,1.);
#9962 = DIRECTION('',(0.,0.,1.));
#9963 = ORIENTED_EDGE('',*,*,#9964,.T.);
#9964 = EDGE_CURVE('',#9957,#9957,#9965,.T.);
#9965 = CIRCLE('',#9966,4.9125);
#9966 = AXIS2_PLACEMENT_3D('',#9967,#9968,#9969);
#9967 = CARTESIAN_POINT('',(-51.,87.,-30.));
#9968 = DIRECTION('',(0.,0.,1.));
#9969 = DIRECTION('',(1.,0.,0.));
#9970 = ORIENTED_EDGE('',*,*,#9956,.T.);
#9971 = CYLINDRICAL_SURFACE('',#9972,4.9125);
#9972 = AXIS2_PLACEMENT_3D('',#9973,#9974,#9975);
#9973 = CARTESIAN_POINT('',(-51.,87.,-31.));
#9974 = DIRECTION('',(0.,0.,1.));
#9975 = DIRECTION('',(1.,0.,0.));
#9976 = ADVANCED_FACE('',(#9977),#9996,.F.);
#9977 = FACE_BOUND('',#9978,.F.);
#9978 = EDGE_LOOP('',(#9979,#9980,#9988,#9995));
#9979 = ORIENTED_EDGE('',*,*,#9583,.F.);
#9980 = ORIENTED_EDGE('',*,*,#9981,.F.);
#9981 = EDGE_CURVE('',#9982,#9584,#9984,.T.);
#9982 = VERTEX_POINT('',#9983);
#9983 = CARTESIAN_POINT('',(55.9125,87.,-30.));
#9984 = LINE('',#9985,#9986);
#9985 = CARTESIAN_POINT('',(55.9125,87.,-31.));
#9986 = VECTOR('',#9987,1.);
#9987 = DIRECTION('',(0.,0.,1.));
#9988 = ORIENTED_EDGE('',*,*,#9989,.T.);
#9989 = EDGE_CURVE('',#9982,#9982,#9990,.T.);
#9990 = CIRCLE('',#9991,4.9125);
#9991 = AXIS2_PLACEMENT_3D('',#9992,#9993,#9994);
#9992 = CARTESIAN_POINT('',(51.,87.,-30.));
#9993 = DIRECTION('',(0.,0.,1.));
#9994 = DIRECTION('',(1.,0.,0.));
#9995 = ORIENTED_EDGE('',*,*,#9981,.T.);
#9996 = CYLINDRICAL_SURFACE('',#9997,4.9125);
#9997 = AXIS2_PLACEMENT_3D('',#9998,#9999,#10000);
#9998 = CARTESIAN_POINT('',(51.,87.,-31.));
#9999 = DIRECTION('',(0.,0.,1.));
#10000 = DIRECTION('',(1.,0.,0.));
#10001 = ADVANCED_FACE('',(#10002,#10005),#10008,.T.);
#10002 = FACE_BOUND('',#10003,.T.);
#10003 = EDGE_LOOP('',(#10004));
#10004 = ORIENTED_EDGE('',*,*,#9345,.T.);
#10005 = FACE_BOUND('',#10006,.T.);
#10006 = EDGE_LOOP('',(#10007));
#10007 = ORIENTED_EDGE('',*,*,#9766,.F.);
#10008 = PLANE('',#10009);
#10009 = AXIS2_PLACEMENT_3D('',#10010,#10011,#10012);
#10010 = CARTESIAN_POINT('',(50.,0.,72.410173055266));
#10011 = DIRECTION('',(0.,0.,1.));
#10012 = DIRECTION('',(1.,0.,0.));
#10013 = ADVANCED_FACE('',(#10014,#10017),#10020,.T.);
#10014 = FACE_BOUND('',#10015,.T.);
#10015 = EDGE_LOOP('',(#10016));
#10016 = ORIENTED_EDGE('',*,*,#9371,.T.);
#10017 = FACE_BOUND('',#10018,.T.);
#10018 = EDGE_LOOP('',(#10019));
#10019 = ORIENTED_EDGE('',*,*,#9792,.F.);
#10020 = PLANE('',#10021);
#10021 = AXIS2_PLACEMENT_3D('',#10022,#10023,#10024);
#10022 = CARTESIAN_POINT('',(0.,0.,74.410173055266));
#10023 = DIRECTION('',(0.,0.,1.));
#10024 = DIRECTION('',(1.,0.,0.));
#10025 = ADVANCED_FACE('',(#10026,#10029),#10032,.T.);
#10026 = FACE_BOUND('',#10027,.T.);
#10027 = EDGE_LOOP('',(#10028));
#10028 = ORIENTED_EDGE('',*,*,#9397,.T.);
#10029 = FACE_BOUND('',#10030,.T.);
#10030 = EDGE_LOOP('',(#10031));
#10031 = ORIENTED_EDGE('',*,*,#9818,.F.);
#10032 = PLANE('',#10033);
#10033 = AXIS2_PLACEMENT_3D('',#10034,#10035,#10036);
#10034 = CARTESIAN_POINT('',(-50.,0.,72.410173055266));
#10035 = DIRECTION('',(0.,0.,1.));
#10036 = DIRECTION('',(1.,0.,0.));
#10037 = ADVANCED_FACE('',(#10038),#10041,.T.);
#10038 = FACE_BOUND('',#10039,.F.);
#10039 = EDGE_LOOP('',(#10040));
#10040 = ORIENTED_EDGE('',*,*,#9423,.F.);
#10041 = PLANE('',#10042);
#10042 = AXIS2_PLACEMENT_3D('',#10043,#10044,#10045);
#10043 = CARTESIAN_POINT('',(28.,-9.015611460129,51.442018331321));
#10044 = DIRECTION('',(0.,-0.707106781187,0.707106781187));
#10045 = DIRECTION('',(1.,0.,0.));
#10046 = ADVANCED_FACE('',(#10047),#10050,.T.);
#10047 = FACE_BOUND('',#10048,.F.);
#10048 = EDGE_LOOP('',(#10049));
#10049 = ORIENTED_EDGE('',*,*,#9448,.F.);
#10050 = PLANE('',#10051);
#10051 = AXIS2_PLACEMENT_3D('',#10052,#10053,#10054);
#10052 = CARTESIAN_POINT('',(28.,-51.44201833132,9.015611460128));
#10053 = DIRECTION('',(0.,-0.707106781187,0.707106781187));
#10054 = DIRECTION('',(1.,0.,0.));
#10055 = ADVANCED_FACE('',(#10056),#10059,.T.);
#10056 = FACE_BOUND('',#10057,.F.);
#10057 = EDGE_LOOP('',(#10058));
#10058 = ORIENTED_EDGE('',*,*,#9473,.F.);
#10059 = PLANE('',#10060);
#10060 = AXIS2_PLACEMENT_3D('',#10061,#10062,#10063);
#10061 = CARTESIAN_POINT('',(-28.,-9.015611460129,51.442018331321));
#10062 = DIRECTION('',(0.,-0.707106781187,0.707106781187));
#10063 = DIRECTION('',(1.,0.,0.));
#10064 = ADVANCED_FACE('',(#10065),#10068,.T.);
#10065 = FACE_BOUND('',#10066,.F.);
#10066 = EDGE_LOOP('',(#10067));
#10067 = ORIENTED_EDGE('',*,*,#9531,.F.);
#10068 = PLANE('',#10069);
#10069 = AXIS2_PLACEMENT_3D('',#10070,#10071,#10072);
#10070 = CARTESIAN_POINT('',(-28.,-51.44201833132,9.015611460128));
#10071 = DIRECTION('',(0.,-0.707106781187,0.707106781187));
#10072 = DIRECTION('',(1.,0.,0.));
#10073 = ADVANCED_FACE('',(#10074),#10077,.T.);
#10074 = FACE_BOUND('',#10075,.F.);
#10075 = EDGE_LOOP('',(#10076));
#10076 = ORIENTED_EDGE('',*,*,#9609,.F.);
#10077 = PLANE('',#10078);
#10078 = AXIS2_PLACEMENT_3D('',#10079,#10080,#10081);
#10079 = CARTESIAN_POINT('',(28.,51.442018331321,9.015611460128));
#10080 = DIRECTION('',(0.,0.707106781187,0.707106781187));
#10081 = DIRECTION('',(1.,0.,0.));
#10082 = ADVANCED_FACE('',(#10083),#10086,.T.);
#10083 = FACE_BOUND('',#10084,.F.);
#10084 = EDGE_LOOP('',(#10085));
#10085 = ORIENTED_EDGE('',*,*,#9667,.F.);
#10086 = PLANE('',#10087);
#10087 = AXIS2_PLACEMENT_3D('',#10088,#10089,#10090);
#10088 = CARTESIAN_POINT('',(28.,9.015611460129,51.442018331321));
#10089 = DIRECTION('',(0.,0.707106781187,0.707106781187));
#10090 = DIRECTION('',(1.,0.,0.));
#10091 = ADVANCED_FACE('',(#10092),#10095,.T.);
#10092 = FACE_BOUND('',#10093,.F.);
#10093 = EDGE_LOOP('',(#10094));
#10094 = ORIENTED_EDGE('',*,*,#9692,.F.);
#10095 = PLANE('',#10096);
#10096 = AXIS2_PLACEMENT_3D('',#10097,#10098,#10099);
#10097 = CARTESIAN_POINT('',(-28.,51.442018331321,9.015611460128));
#10098 = DIRECTION('',(0.,0.707106781187,0.707106781187));
#10099 = DIRECTION('',(1.,0.,0.));
#10100 = ADVANCED_FACE('',(#10101),#10104,.T.);
#10101 = FACE_BOUND('',#10102,.F.);
#10102 = EDGE_LOOP('',(#10103));
#10103 = ORIENTED_EDGE('',*,*,#9750,.F.);
#10104 = PLANE('',#10105);
#10105 = AXIS2_PLACEMENT_3D('',#10106,#10107,#10108);
#10106 = CARTESIAN_POINT('',(-28.,9.015611460129,51.442018331321));
#10107 = DIRECTION('',(0.,0.707106781187,0.707106781187));
#10108 = DIRECTION('',(1.,0.,0.));
#10109 = ADVANCED_FACE('',(#10110,#10126,#10129,#10132,#10135,#10138),
  #10141,.T.);
#10110 = FACE_BOUND('',#10111,.T.);
#10111 = EDGE_LOOP('',(#10112,#10113,#10119,#10120));
#10112 = ORIENTED_EDGE('',*,*,#9924,.T.);
#10113 = ORIENTED_EDGE('',*,*,#10114,.F.);
#10114 = EDGE_CURVE('',#8873,#9927,#10115,.T.);
#10115 = LINE('',#10116,#10117);
#10116 = CARTESIAN_POINT('',(70.,79.610173055266,-30.));
#10117 = VECTOR('',#10118,1.);
#10118 = DIRECTION('',(0.,1.,0.));
#10119 = ORIENTED_EDGE('',*,*,#8870,.F.);
#10120 = ORIENTED_EDGE('',*,*,#10121,.T.);
#10121 = EDGE_CURVE('',#8871,#9925,#10122,.T.);
#10122 = LINE('',#10123,#10124);
#10123 = CARTESIAN_POINT('',(-70.,-94.61017305526,-30.));
#10124 = VECTOR('',#10125,1.);
#10125 = DIRECTION('',(0.,1.,0.));
#10126 = FACE_BOUND('',#10127,.T.);
#10127 = EDGE_LOOP('',(#10128));
#10128 = ORIENTED_EDGE('',*,*,#8092,.F.);
#10129 = FACE_BOUND('',#10130,.T.);
#10130 = EDGE_LOOP('',(#10131));
#10131 = ORIENTED_EDGE('',*,*,#9964,.T.);
#10132 = FACE_BOUND('',#10133,.T.);
#10133 = EDGE_LOOP('',(#10134));
#10134 = ORIENTED_EDGE('',*,*,#9989,.T.);
#10135 = FACE_BOUND('',#10136,.T.);
#10136 = EDGE_LOOP('',(#10137));
#10137 = ORIENTED_EDGE('',*,*,#8972,.T.);
#10138 = FACE_BOUND('',#10139,.T.);
#10139 = EDGE_LOOP('',(#10140));
#10140 = ORIENTED_EDGE('',*,*,#8997,.T.);
#10141 = PLANE('',#10142);
#10142 = AXIS2_PLACEMENT_3D('',#10143,#10144,#10145);
#10143 = CARTESIAN_POINT('',(2.76E-15,-1.04E-15,-30.));
#10144 = DIRECTION('',(-0.,-0.,-1.));
#10145 = DIRECTION('',(-1.,0.,0.));
#10146 = ADVANCED_FACE('',(#10147,#10158,#10161,#10172,#10183,#10194,
    #10205),#10216,.T.);
#10147 = FACE_BOUND('',#10148,.T.);
#10148 = EDGE_LOOP('',(#10149,#10150,#10151,#10152,#10153,#10154,#10155,
    #10156,#10157));
#10149 = ORIENTED_EDGE('',*,*,#10121,.F.);
#10150 = ORIENTED_EDGE('',*,*,#8880,.T.);
#10151 = ORIENTED_EDGE('',*,*,#8910,.T.);
#10152 = ORIENTED_EDGE('',*,*,#9013,.F.);
#10153 = ORIENTED_EDGE('',*,*,#9070,.F.);
#10154 = ORIENTED_EDGE('',*,*,#9184,.F.);
#10155 = ORIENTED_EDGE('',*,*,#9305,.F.);
#10156 = ORIENTED_EDGE('',*,*,#9547,.T.);
#10157 = ORIENTED_EDGE('',*,*,#9934,.F.);
#10158 = FACE_BOUND('',#10159,.T.);
#10159 = EDGE_LOOP('',(#10160));
#10160 = ORIENTED_EDGE('',*,*,#8340,.T.);
#10161 = FACE_BOUND('',#10162,.T.);
#10162 = EDGE_LOOP('',(#10163));
#10163 = ORIENTED_EDGE('',*,*,#10164,.F.);
#10164 = EDGE_CURVE('',#10165,#10165,#10167,.T.);
#10165 = VERTEX_POINT('',#10166);
#10166 = CARTESIAN_POINT('',(-70.,40.,35.));
#10167 = CIRCLE('',#10168,5.);
#10168 = AXIS2_PLACEMENT_3D('',#10169,#10170,#10171);
#10169 = CARTESIAN_POINT('',(-70.,40.,30.));
#10170 = DIRECTION('',(-1.,0.,-2.2E-16));
#10171 = DIRECTION('',(-2.2E-16,0.,1.));
#10172 = FACE_BOUND('',#10173,.T.);
#10173 = EDGE_LOOP('',(#10174));
#10174 = ORIENTED_EDGE('',*,*,#10175,.F.);
#10175 = EDGE_CURVE('',#10176,#10176,#10178,.T.);
#10176 = VERTEX_POINT('',#10177);
#10177 = CARTESIAN_POINT('',(-70.,-40.,35.));
#10178 = CIRCLE('',#10179,5.);
#10179 = AXIS2_PLACEMENT_3D('',#10180,#10181,#10182);
#10180 = CARTESIAN_POINT('',(-70.,-40.,30.));
#10181 = DIRECTION('',(-1.,0.,-2.2E-16));
#10182 = DIRECTION('',(-2.2E-16,0.,1.));
#10183 = FACE_BOUND('',#10184,.T.);
#10184 = EDGE_LOOP('',(#10185));
#10185 = ORIENTED_EDGE('',*,*,#10186,.F.);
#10186 = EDGE_CURVE('',#10187,#10187,#10189,.T.);
#10187 = VERTEX_POINT('',#10188);
#10188 = CARTESIAN_POINT('',(-70.,-4.9125,31.));
#10189 = CIRCLE('',#10190,4.9125);
#10190 = AXIS2_PLACEMENT_3D('',#10191,#10192,#10193);
#10191 = CARTESIAN_POINT('',(-70.,-3.44E-15,31.));
#10192 = DIRECTION('',(-1.,2.2E-16,6.E-17));
#10193 = DIRECTION('',(-2.2E-16,-1.,-6.E-17));
#10194 = FACE_BOUND('',#10195,.T.);
#10195 = EDGE_LOOP('',(#10196));
#10196 = ORIENTED_EDGE('',*,*,#10197,.F.);
#10197 = EDGE_CURVE('',#10198,#10198,#10200,.T.);
#10198 = VERTEX_POINT('',#10199);
#10199 = CARTESIAN_POINT('',(-70.,22.0875,-15.5));
#10200 = CIRCLE('',#10201,4.9125);
#10201 = AXIS2_PLACEMENT_3D('',#10202,#10203,#10204);
#10202 = CARTESIAN_POINT('',(-70.,27.,-15.5));
#10203 = DIRECTION('',(-1.,2.2E-16,6.E-17));
#10204 = DIRECTION('',(-2.2E-16,-1.,-6.E-17));
#10205 = FACE_BOUND('',#10206,.T.);
#10206 = EDGE_LOOP('',(#10207));
#10207 = ORIENTED_EDGE('',*,*,#10208,.F.);
#10208 = EDGE_CURVE('',#10209,#10209,#10211,.T.);
#10209 = VERTEX_POINT('',#10210);
#10210 = CARTESIAN_POINT('',(-70.,-31.9125,-15.5));
#10211 = CIRCLE('',#10212,4.9125);
#10212 = AXIS2_PLACEMENT_3D('',#10213,#10214,#10215);
#10213 = CARTESIAN_POINT('',(-70.,-27.,-15.5));
#10214 = DIRECTION('',(-1.,2.2E-16,6.E-17));
#10215 = DIRECTION('',(-2.2E-16,-1.,-6.E-17));
#10216 = PLANE('',#10217);
#10217 = AXIS2_PLACEMENT_3D('',#10218,#10219,#10220);
#10218 = CARTESIAN_POINT('',(-70.,0.,3.897209128932));
#10219 = DIRECTION('',(-1.,-0.,-0.));
#10220 = DIRECTION('',(0.,0.,-1.));
#10221 = ADVANCED_FACE('',(#10222),#10241,.F.);
#10222 = FACE_BOUND('',#10223,.F.);
#10223 = EDGE_LOOP('',(#10224,#10225,#10233,#10240));
#10224 = ORIENTED_EDGE('',*,*,#10164,.F.);
#10225 = ORIENTED_EDGE('',*,*,#10226,.F.);
#10226 = EDGE_CURVE('',#10227,#10165,#10229,.T.);
#10227 = VERTEX_POINT('',#10228);
#10228 = CARTESIAN_POINT('',(-61.8,40.,35.));
#10229 = LINE('',#10230,#10231);
#10230 = CARTESIAN_POINT('',(-61.8,40.,35.));
#10231 = VECTOR('',#10232,1.);
#10232 = DIRECTION('',(-1.,0.,0.));
#10233 = ORIENTED_EDGE('',*,*,#10234,.T.);
#10234 = EDGE_CURVE('',#10227,#10227,#10235,.T.);
#10235 = CIRCLE('',#10236,5.);
#10236 = AXIS2_PLACEMENT_3D('',#10237,#10238,#10239);
#10237 = CARTESIAN_POINT('',(-61.8,40.,30.));
#10238 = DIRECTION('',(-1.,0.,0.));
#10239 = DIRECTION('',(0.,0.,1.));
#10240 = ORIENTED_EDGE('',*,*,#10226,.T.);
#10241 = CYLINDRICAL_SURFACE('',#10242,5.);
#10242 = AXIS2_PLACEMENT_3D('',#10243,#10244,#10245);
#10243 = CARTESIAN_POINT('',(-61.8,40.,30.));
#10244 = DIRECTION('',(-1.,0.,0.));
#10245 = DIRECTION('',(0.,0.,1.));
#10246 = ADVANCED_FACE('',(#10247),#10250,.T.);
#10247 = FACE_BOUND('',#10248,.F.);
#10248 = EDGE_LOOP('',(#10249));
#10249 = ORIENTED_EDGE('',*,*,#10234,.F.);
#10250 = PLANE('',#10251);
#10251 = AXIS2_PLACEMENT_3D('',#10252,#10253,#10254);
#10252 = CARTESIAN_POINT('',(-61.8,40.,30.));
#10253 = DIRECTION('',(-1.,0.,0.));
#10254 = DIRECTION('',(0.,0.,1.));
#10255 = ADVANCED_FACE('',(#10256),#10275,.F.);
#10256 = FACE_BOUND('',#10257,.F.);
#10257 = EDGE_LOOP('',(#10258,#10259,#10267,#10274));
#10258 = ORIENTED_EDGE('',*,*,#10175,.F.);
#10259 = ORIENTED_EDGE('',*,*,#10260,.F.);
#10260 = EDGE_CURVE('',#10261,#10176,#10263,.T.);
#10261 = VERTEX_POINT('',#10262);
#10262 = CARTESIAN_POINT('',(-61.8,-40.,35.));
#10263 = LINE('',#10264,#10265);
#10264 = CARTESIAN_POINT('',(-61.8,-40.,35.));
#10265 = VECTOR('',#10266,1.);
#10266 = DIRECTION('',(-1.,0.,0.));
#10267 = ORIENTED_EDGE('',*,*,#10268,.T.);
#10268 = EDGE_CURVE('',#10261,#10261,#10269,.T.);
#10269 = CIRCLE('',#10270,5.);
#10270 = AXIS2_PLACEMENT_3D('',#10271,#10272,#10273);
#10271 = CARTESIAN_POINT('',(-61.8,-40.,30.));
#10272 = DIRECTION('',(-1.,0.,0.));
#10273 = DIRECTION('',(0.,0.,1.));
#10274 = ORIENTED_EDGE('',*,*,#10260,.T.);
#10275 = CYLINDRICAL_SURFACE('',#10276,5.);
#10276 = AXIS2_PLACEMENT_3D('',#10277,#10278,#10279);
#10277 = CARTESIAN_POINT('',(-61.8,-40.,30.));
#10278 = DIRECTION('',(-1.,0.,0.));
#10279 = DIRECTION('',(0.,0.,1.));
#10280 = ADVANCED_FACE('',(#10281),#10284,.T.);
#10281 = FACE_BOUND('',#10282,.F.);
#10282 = EDGE_LOOP('',(#10283));
#10283 = ORIENTED_EDGE('',*,*,#10268,.F.);
#10284 = PLANE('',#10285);
#10285 = AXIS2_PLACEMENT_3D('',#10286,#10287,#10288);
#10286 = CARTESIAN_POINT('',(-61.8,-40.,30.));
#10287 = DIRECTION('',(-1.,0.,0.));
#10288 = DIRECTION('',(0.,0.,1.));
#10289 = ADVANCED_FACE('',(#10290),#10309,.F.);
#10290 = FACE_BOUND('',#10291,.F.);
#10291 = EDGE_LOOP('',(#10292,#10293,#10301,#10308));
#10292 = ORIENTED_EDGE('',*,*,#10186,.F.);
#10293 = ORIENTED_EDGE('',*,*,#10294,.F.);
#10294 = EDGE_CURVE('',#10295,#10187,#10297,.T.);
#10295 = VERTEX_POINT('',#10296);
#10296 = CARTESIAN_POINT('',(-58.75,-4.9125,31.));
#10297 = LINE('',#10298,#10299);
#10298 = CARTESIAN_POINT('',(-58.75,-4.9125,31.));
#10299 = VECTOR('',#10300,1.);
#10300 = DIRECTION('',(-1.,0.,0.));
#10301 = ORIENTED_EDGE('',*,*,#10302,.T.);
#10302 = EDGE_CURVE('',#10295,#10295,#10303,.T.);
#10303 = CIRCLE('',#10304,4.9125);
#10304 = AXIS2_PLACEMENT_3D('',#10305,#10306,#10307);
#10305 = CARTESIAN_POINT('',(-58.75,-3.E-15,31.));
#10306 = DIRECTION('',(-1.,0.,0.));
#10307 = DIRECTION('',(0.,-1.,0.));
#10308 = ORIENTED_EDGE('',*,*,#10294,.T.);
#10309 = CYLINDRICAL_SURFACE('',#10310,4.9125);
#10310 = AXIS2_PLACEMENT_3D('',#10311,#10312,#10313);
#10311 = CARTESIAN_POINT('',(-58.75,-3.E-15,31.));
#10312 = DIRECTION('',(-1.,0.,0.));
#10313 = DIRECTION('',(0.,-1.,0.));
#10314 = ADVANCED_FACE('',(#10315),#10318,.T.);
#10315 = FACE_BOUND('',#10316,.F.);
#10316 = EDGE_LOOP('',(#10317));
#10317 = ORIENTED_EDGE('',*,*,#10302,.F.);
#10318 = PLANE('',#10319);
#10319 = AXIS2_PLACEMENT_3D('',#10320,#10321,#10322);
#10320 = CARTESIAN_POINT('',(-58.75,-3.E-15,31.));
#10321 = DIRECTION('',(-1.,0.,0.));
#10322 = DIRECTION('',(0.,-1.,0.));
#10323 = ADVANCED_FACE('',(#10324),#10343,.F.);
#10324 = FACE_BOUND('',#10325,.F.);
#10325 = EDGE_LOOP('',(#10326,#10327,#10335,#10342));
#10326 = ORIENTED_EDGE('',*,*,#10197,.F.);
#10327 = ORIENTED_EDGE('',*,*,#10328,.F.);
#10328 = EDGE_CURVE('',#10329,#10198,#10331,.T.);
#10329 = VERTEX_POINT('',#10330);
#10330 = CARTESIAN_POINT('',(-58.75,22.0875,-15.5));
#10331 = LINE('',#10332,#10333);
#10332 = CARTESIAN_POINT('',(-58.75,22.0875,-15.5));
#10333 = VECTOR('',#10334,1.);
#10334 = DIRECTION('',(-1.,0.,0.));
#10335 = ORIENTED_EDGE('',*,*,#10336,.T.);
#10336 = EDGE_CURVE('',#10329,#10329,#10337,.T.);
#10337 = CIRCLE('',#10338,4.9125);
#10338 = AXIS2_PLACEMENT_3D('',#10339,#10340,#10341);
#10339 = CARTESIAN_POINT('',(-58.75,27.,-15.5));
#10340 = DIRECTION('',(-1.,0.,0.));
#10341 = DIRECTION('',(0.,-1.,0.));
#10342 = ORIENTED_EDGE('',*,*,#10328,.T.);
#10343 = CYLINDRICAL_SURFACE('',#10344,4.9125);
#10344 = AXIS2_PLACEMENT_3D('',#10345,#10346,#10347);
#10345 = CARTESIAN_POINT('',(-58.75,27.,-15.5));
#10346 = DIRECTION('',(-1.,0.,0.));
#10347 = DIRECTION('',(0.,-1.,0.));
#10348 = ADVANCED_FACE('',(#10349),#10352,.T.);
#10349 = FACE_BOUND('',#10350,.F.);
#10350 = EDGE_LOOP('',(#10351));
#10351 = ORIENTED_EDGE('',*,*,#10336,.F.);
#10352 = PLANE('',#10353);
#10353 = AXIS2_PLACEMENT_3D('',#10354,#10355,#10356);
#10354 = CARTESIAN_POINT('',(-58.75,27.,-15.5));
#10355 = DIRECTION('',(-1.,0.,0.));
#10356 = DIRECTION('',(0.,-1.,0.));
#10357 = ADVANCED_FACE('',(#10358),#10377,.F.);
#10358 = FACE_BOUND('',#10359,.F.);
#10359 = EDGE_LOOP('',(#10360,#10361,#10369,#10376));
#10360 = ORIENTED_EDGE('',*,*,#10208,.F.);
#10361 = ORIENTED_EDGE('',*,*,#10362,.F.);
#10362 = EDGE_CURVE('',#10363,#10209,#10365,.T.);
#10363 = VERTEX_POINT('',#10364);
#10364 = CARTESIAN_POINT('',(-58.75,-31.9125,-15.5));
#10365 = LINE('',#10366,#10367);
#10366 = CARTESIAN_POINT('',(-58.75,-31.9125,-15.5));
#10367 = VECTOR('',#10368,1.);
#10368 = DIRECTION('',(-1.,0.,0.));
#10369 = ORIENTED_EDGE('',*,*,#10370,.T.);
#10370 = EDGE_CURVE('',#10363,#10363,#10371,.T.);
#10371 = CIRCLE('',#10372,4.9125);
#10372 = AXIS2_PLACEMENT_3D('',#10373,#10374,#10375);
#10373 = CARTESIAN_POINT('',(-58.75,-27.,-15.5));
#10374 = DIRECTION('',(-1.,0.,0.));
#10375 = DIRECTION('',(0.,-1.,0.));
#10376 = ORIENTED_EDGE('',*,*,#10362,.T.);
#10377 = CYLINDRICAL_SURFACE('',#10378,4.9125);
#10378 = AXIS2_PLACEMENT_3D('',#10379,#10380,#10381);
#10379 = CARTESIAN_POINT('',(-58.75,-27.,-15.5));
#10380 = DIRECTION('',(-1.,0.,0.));
#10381 = DIRECTION('',(0.,-1.,0.));
#10382 = ADVANCED_FACE('',(#10383),#10386,.T.);
#10383 = FACE_BOUND('',#10384,.F.);
#10384 = EDGE_LOOP('',(#10385));
#10385 = ORIENTED_EDGE('',*,*,#10370,.F.);
#10386 = PLANE('',#10387);
#10387 = AXIS2_PLACEMENT_3D('',#10388,#10389,#10390);
#10388 = CARTESIAN_POINT('',(-58.75,-27.,-15.5));
#10389 = DIRECTION('',(-1.,0.,0.));
#10390 = DIRECTION('',(0.,-1.,0.));
#10391 = ADVANCED_FACE('',(#10392,#10403,#10406,#10417,#10428,#10439,
    #10450),#10461,.T.);
#10392 = FACE_BOUND('',#10393,.T.);
#10393 = EDGE_LOOP('',(#10394,#10395,#10396,#10397,#10398,#10399,#10400,
    #10401,#10402));
#10394 = ORIENTED_EDGE('',*,*,#10114,.T.);
#10395 = ORIENTED_EDGE('',*,*,#9941,.T.);
#10396 = ORIENTED_EDGE('',*,*,#9556,.F.);
#10397 = ORIENTED_EDGE('',*,*,#9321,.T.);
#10398 = ORIENTED_EDGE('',*,*,#9200,.T.);
#10399 = ORIENTED_EDGE('',*,*,#9063,.T.);
#10400 = ORIENTED_EDGE('',*,*,#9029,.T.);
#10401 = ORIENTED_EDGE('',*,*,#8919,.F.);
#10402 = ORIENTED_EDGE('',*,*,#8896,.F.);
#10403 = FACE_BOUND('',#10404,.T.);
#10404 = EDGE_LOOP('',(#10405));
#10405 = ORIENTED_EDGE('',*,*,#8217,.F.);
#10406 = FACE_BOUND('',#10407,.T.);
#10407 = EDGE_LOOP('',(#10408));
#10408 = ORIENTED_EDGE('',*,*,#10409,.F.);
#10409 = EDGE_CURVE('',#10410,#10410,#10412,.T.);
#10410 = VERTEX_POINT('',#10411);
#10411 = CARTESIAN_POINT('',(70.,40.,25.));
#10412 = CIRCLE('',#10413,5.);
#10413 = AXIS2_PLACEMENT_3D('',#10414,#10415,#10416);
#10414 = CARTESIAN_POINT('',(70.,40.,30.));
#10415 = DIRECTION('',(1.,-0.,2.2E-16));
#10416 = DIRECTION('',(2.2E-16,0.,-1.));
#10417 = FACE_BOUND('',#10418,.T.);
#10418 = EDGE_LOOP('',(#10419));
#10419 = ORIENTED_EDGE('',*,*,#10420,.F.);
#10420 = EDGE_CURVE('',#10421,#10421,#10423,.T.);
#10421 = VERTEX_POINT('',#10422);
#10422 = CARTESIAN_POINT('',(70.,-40.,25.));
#10423 = CIRCLE('',#10424,5.);
#10424 = AXIS2_PLACEMENT_3D('',#10425,#10426,#10427);
#10425 = CARTESIAN_POINT('',(70.,-40.,30.));
#10426 = DIRECTION('',(1.,-0.,2.2E-16));
#10427 = DIRECTION('',(2.2E-16,0.,-1.));
#10428 = FACE_BOUND('',#10429,.T.);
#10429 = EDGE_LOOP('',(#10430));
#10430 = ORIENTED_EDGE('',*,*,#10431,.F.);
#10431 = EDGE_CURVE('',#10432,#10432,#10434,.T.);
#10432 = VERTEX_POINT('',#10433);
#10433 = CARTESIAN_POINT('',(70.,31.9125,-15.5));
#10434 = CIRCLE('',#10435,4.9125);
#10435 = AXIS2_PLACEMENT_3D('',#10436,#10437,#10438);
#10436 = CARTESIAN_POINT('',(70.,27.,-15.5));
#10437 = DIRECTION('',(1.,0.,1.1E-16));
#10438 = DIRECTION('',(1.21E-32,1.,-1.1E-16));
#10439 = FACE_BOUND('',#10440,.T.);
#10440 = EDGE_LOOP('',(#10441));
#10441 = ORIENTED_EDGE('',*,*,#10442,.F.);
#10442 = EDGE_CURVE('',#10443,#10443,#10445,.T.);
#10443 = VERTEX_POINT('',#10444);
#10444 = CARTESIAN_POINT('',(70.,-22.0875,-15.5));
#10445 = CIRCLE('',#10446,4.9125);
#10446 = AXIS2_PLACEMENT_3D('',#10447,#10448,#10449);
#10447 = CARTESIAN_POINT('',(70.,-27.,-15.5));
#10448 = DIRECTION('',(1.,0.,1.1E-16));
#10449 = DIRECTION('',(1.21E-32,1.,-1.1E-16));
#10450 = FACE_BOUND('',#10451,.T.);
#10451 = EDGE_LOOP('',(#10452));
#10452 = ORIENTED_EDGE('',*,*,#10453,.F.);
#10453 = EDGE_CURVE('',#10454,#10454,#10456,.T.);
#10454 = VERTEX_POINT('',#10455);
#10455 = CARTESIAN_POINT('',(70.,4.9125,31.));
#10456 = CIRCLE('',#10457,4.9125);
#10457 = AXIS2_PLACEMENT_3D('',#10458,#10459,#10460);
#10458 = CARTESIAN_POINT('',(70.,3.44E-15,31.));
#10459 = DIRECTION('',(1.,0.,1.1E-16));
#10460 = DIRECTION('',(1.21E-32,1.,-1.1E-16));
#10461 = PLANE('',#10462);
#10462 = AXIS2_PLACEMENT_3D('',#10463,#10464,#10465);
#10463 = CARTESIAN_POINT('',(70.,-2.25E-15,3.897209128932));
#10464 = DIRECTION('',(1.,0.,0.));
#10465 = DIRECTION('',(0.,0.,1.));
#10466 = ADVANCED_FACE('',(#10467),#10486,.F.);
#10467 = FACE_BOUND('',#10468,.F.);
#10468 = EDGE_LOOP('',(#10469,#10470,#10478,#10485));
#10469 = ORIENTED_EDGE('',*,*,#10409,.F.);
#10470 = ORIENTED_EDGE('',*,*,#10471,.F.);
#10471 = EDGE_CURVE('',#10472,#10410,#10474,.T.);
#10472 = VERTEX_POINT('',#10473);
#10473 = CARTESIAN_POINT('',(61.8,40.,25.));
#10474 = LINE('',#10475,#10476);
#10475 = CARTESIAN_POINT('',(61.8,40.,25.));
#10476 = VECTOR('',#10477,1.);
#10477 = DIRECTION('',(1.,0.,0.));
#10478 = ORIENTED_EDGE('',*,*,#10479,.T.);
#10479 = EDGE_CURVE('',#10472,#10472,#10480,.T.);
#10480 = CIRCLE('',#10481,5.);
#10481 = AXIS2_PLACEMENT_3D('',#10482,#10483,#10484);
#10482 = CARTESIAN_POINT('',(61.8,40.,30.));
#10483 = DIRECTION('',(1.,-0.,0.));
#10484 = DIRECTION('',(0.,0.,-1.));
#10485 = ORIENTED_EDGE('',*,*,#10471,.T.);
#10486 = CYLINDRICAL_SURFACE('',#10487,5.);
#10487 = AXIS2_PLACEMENT_3D('',#10488,#10489,#10490);
#10488 = CARTESIAN_POINT('',(61.8,40.,30.));
#10489 = DIRECTION('',(1.,0.,0.));
#10490 = DIRECTION('',(0.,0.,-1.));
#10491 = ADVANCED_FACE('',(#10492),#10495,.T.);
#10492 = FACE_BOUND('',#10493,.F.);
#10493 = EDGE_LOOP('',(#10494));
#10494 = ORIENTED_EDGE('',*,*,#10479,.F.);
#10495 = PLANE('',#10496);
#10496 = AXIS2_PLACEMENT_3D('',#10497,#10498,#10499);
#10497 = CARTESIAN_POINT('',(61.8,40.,30.));
#10498 = DIRECTION('',(1.,0.,0.));
#10499 = DIRECTION('',(0.,0.,-1.));
#10500 = ADVANCED_FACE('',(#10501),#10520,.F.);
#10501 = FACE_BOUND('',#10502,.F.);
#10502 = EDGE_LOOP('',(#10503,#10504,#10512,#10519));
#10503 = ORIENTED_EDGE('',*,*,#10420,.F.);
#10504 = ORIENTED_EDGE('',*,*,#10505,.F.);
#10505 = EDGE_CURVE('',#10506,#10421,#10508,.T.);
#10506 = VERTEX_POINT('',#10507);
#10507 = CARTESIAN_POINT('',(61.8,-40.,25.));
#10508 = LINE('',#10509,#10510);
#10509 = CARTESIAN_POINT('',(61.8,-40.,25.));
#10510 = VECTOR('',#10511,1.);
#10511 = DIRECTION('',(1.,0.,0.));
#10512 = ORIENTED_EDGE('',*,*,#10513,.T.);
#10513 = EDGE_CURVE('',#10506,#10506,#10514,.T.);
#10514 = CIRCLE('',#10515,5.);
#10515 = AXIS2_PLACEMENT_3D('',#10516,#10517,#10518);
#10516 = CARTESIAN_POINT('',(61.8,-40.,30.));
#10517 = DIRECTION('',(1.,-0.,0.));
#10518 = DIRECTION('',(0.,0.,-1.));
#10519 = ORIENTED_EDGE('',*,*,#10505,.T.);
#10520 = CYLINDRICAL_SURFACE('',#10521,5.);
#10521 = AXIS2_PLACEMENT_3D('',#10522,#10523,#10524);
#10522 = CARTESIAN_POINT('',(61.8,-40.,30.));
#10523 = DIRECTION('',(1.,0.,0.));
#10524 = DIRECTION('',(0.,0.,-1.));
#10525 = ADVANCED_FACE('',(#10526),#10529,.T.);
#10526 = FACE_BOUND('',#10527,.F.);
#10527 = EDGE_LOOP('',(#10528));
#10528 = ORIENTED_EDGE('',*,*,#10513,.F.);
#10529 = PLANE('',#10530);
#10530 = AXIS2_PLACEMENT_3D('',#10531,#10532,#10533);
#10531 = CARTESIAN_POINT('',(61.8,-40.,30.));
#10532 = DIRECTION('',(1.,0.,0.));
#10533 = DIRECTION('',(0.,0.,-1.));
#10534 = ADVANCED_FACE('',(#10535),#10554,.F.);
#10535 = FACE_BOUND('',#10536,.F.);
#10536 = EDGE_LOOP('',(#10537,#10538,#10546,#10553));
#10537 = ORIENTED_EDGE('',*,*,#10431,.F.);
#10538 = ORIENTED_EDGE('',*,*,#10539,.F.);
#10539 = EDGE_CURVE('',#10540,#10432,#10542,.T.);
#10540 = VERTEX_POINT('',#10541);
#10541 = CARTESIAN_POINT('',(58.75,31.9125,-15.5));
#10542 = LINE('',#10543,#10544);
#10543 = CARTESIAN_POINT('',(58.75,31.9125,-15.5));
#10544 = VECTOR('',#10545,1.);
#10545 = DIRECTION('',(1.,0.,0.));
#10546 = ORIENTED_EDGE('',*,*,#10547,.T.);
#10547 = EDGE_CURVE('',#10540,#10540,#10548,.T.);
#10548 = CIRCLE('',#10549,4.9125);
#10549 = AXIS2_PLACEMENT_3D('',#10550,#10551,#10552);
#10550 = CARTESIAN_POINT('',(58.75,27.,-15.5));
#10551 = DIRECTION('',(1.,0.,0.));
#10552 = DIRECTION('',(0.,1.,0.));
#10553 = ORIENTED_EDGE('',*,*,#10539,.T.);
#10554 = CYLINDRICAL_SURFACE('',#10555,4.9125);
#10555 = AXIS2_PLACEMENT_3D('',#10556,#10557,#10558);
#10556 = CARTESIAN_POINT('',(58.75,27.,-15.5));
#10557 = DIRECTION('',(1.,0.,0.));
#10558 = DIRECTION('',(0.,1.,0.));
#10559 = ADVANCED_FACE('',(#10560),#10563,.T.);
#10560 = FACE_BOUND('',#10561,.F.);
#10561 = EDGE_LOOP('',(#10562));
#10562 = ORIENTED_EDGE('',*,*,#10547,.F.);
#10563 = PLANE('',#10564);
#10564 = AXIS2_PLACEMENT_3D('',#10565,#10566,#10567);
#10565 = CARTESIAN_POINT('',(58.75,27.,-15.5));
#10566 = DIRECTION('',(1.,0.,0.));
#10567 = DIRECTION('',(0.,1.,0.));
#10568 = ADVANCED_FACE('',(#10569),#10588,.F.);
#10569 = FACE_BOUND('',#10570,.F.);
#10570 = EDGE_LOOP('',(#10571,#10572,#10580,#10587));
#10571 = ORIENTED_EDGE('',*,*,#10442,.F.);
#10572 = ORIENTED_EDGE('',*,*,#10573,.F.);
#10573 = EDGE_CURVE('',#10574,#10443,#10576,.T.);
#10574 = VERTEX_POINT('',#10575);
#10575 = CARTESIAN_POINT('',(58.75,-22.0875,-15.5));
#10576 = LINE('',#10577,#10578);
#10577 = CARTESIAN_POINT('',(58.75,-22.0875,-15.5));
#10578 = VECTOR('',#10579,1.);
#10579 = DIRECTION('',(1.,0.,0.));
#10580 = ORIENTED_EDGE('',*,*,#10581,.T.);
#10581 = EDGE_CURVE('',#10574,#10574,#10582,.T.);
#10582 = CIRCLE('',#10583,4.9125);
#10583 = AXIS2_PLACEMENT_3D('',#10584,#10585,#10586);
#10584 = CARTESIAN_POINT('',(58.75,-27.,-15.5));
#10585 = DIRECTION('',(1.,0.,0.));
#10586 = DIRECTION('',(0.,1.,0.));
#10587 = ORIENTED_EDGE('',*,*,#10573,.T.);
#10588 = CYLINDRICAL_SURFACE('',#10589,4.9125);
#10589 = AXIS2_PLACEMENT_3D('',#10590,#10591,#10592);
#10590 = CARTESIAN_POINT('',(58.75,-27.,-15.5));
#10591 = DIRECTION('',(1.,0.,0.));
#10592 = DIRECTION('',(0.,1.,0.));
#10593 = ADVANCED_FACE('',(#10594),#10597,.T.);
#10594 = FACE_BOUND('',#10595,.F.);
#10595 = EDGE_LOOP('',(#10596));
#10596 = ORIENTED_EDGE('',*,*,#10581,.F.);
#10597 = PLANE('',#10598);
#10598 = AXIS2_PLACEMENT_3D('',#10599,#10600,#10601);
#10599 = CARTESIAN_POINT('',(58.75,-27.,-15.5));
#10600 = DIRECTION('',(1.,0.,0.));
#10601 = DIRECTION('',(0.,1.,0.));
#10602 = ADVANCED_FACE('',(#10603),#10622,.F.);
#10603 = FACE_BOUND('',#10604,.F.);
#10604 = EDGE_LOOP('',(#10605,#10606,#10614,#10621));
#10605 = ORIENTED_EDGE('',*,*,#10453,.F.);
#10606 = ORIENTED_EDGE('',*,*,#10607,.F.);
#10607 = EDGE_CURVE('',#10608,#10454,#10610,.T.);
#10608 = VERTEX_POINT('',#10609);
#10609 = CARTESIAN_POINT('',(58.75,4.9125,31.));
#10610 = LINE('',#10611,#10612);
#10611 = CARTESIAN_POINT('',(58.75,4.9125,31.));
#10612 = VECTOR('',#10613,1.);
#10613 = DIRECTION('',(1.,0.,0.));
#10614 = ORIENTED_EDGE('',*,*,#10615,.T.);
#10615 = EDGE_CURVE('',#10608,#10608,#10616,.T.);
#10616 = CIRCLE('',#10617,4.9125);
#10617 = AXIS2_PLACEMENT_3D('',#10618,#10619,#10620);
#10618 = CARTESIAN_POINT('',(58.75,3.E-15,31.));
#10619 = DIRECTION('',(1.,0.,0.));
#10620 = DIRECTION('',(0.,1.,0.));
#10621 = ORIENTED_EDGE('',*,*,#10607,.T.);
#10622 = CYLINDRICAL_SURFACE('',#10623,4.9125);
#10623 = AXIS2_PLACEMENT_3D('',#10624,#10625,#10626);
#10624 = CARTESIAN_POINT('',(58.75,3.E-15,31.));
#10625 = DIRECTION('',(1.,0.,0.));
#10626 = DIRECTION('',(0.,1.,0.));
#10627 = ADVANCED_FACE('',(#10628),#10631,.T.);
#10628 = FACE_BOUND('',#10629,.F.);
#10629 = EDGE_LOOP('',(#10630));
#10630 = ORIENTED_EDGE('',*,*,#10615,.F.);
#10631 = PLANE('',#10632);
#10632 = AXIS2_PLACEMENT_3D('',#10633,#10634,#10635);
#10633 = CARTESIAN_POINT('',(58.75,3.E-15,31.));
#10634 = DIRECTION('',(1.,0.,0.));
#10635 = DIRECTION('',(0.,1.,0.));
#10636 = ( GEOMETRIC_REPRESENTATION_CONTEXT(3) 
GLOBAL_UNCERTAINTY_ASSIGNED_CONTEXT((#10640)) 
GLOBAL_UNIT_ASSIGNED_CONTEXT((#10637,#10638,#10639)) 
REPRESENTATION_CONTEXT('Context #1',
  '3D Context with UNIT and UNCERTAINTY') );
#10637 = ( LENGTH_UNIT() NAMED_UNIT(*) SI_UNIT(.MILLI.,.METRE.) );
#10638 = ( NAMED_UNIT(*) PLANE_ANGLE_UNIT() SI_UNIT($,.RADIAN.) );
#10639 = ( NAMED_UNIT(*) SI_UNIT($,.STERADIAN.) SOLID_ANGLE_UNIT() );
#10640 = UNCERTAINTY_MEASURE_WITH_UNIT(LENGTH_MEASURE(2.E-07),#10637,
  'distance_accuracy_value','confusion accuracy');
#10641 = PRODUCT_RELATED_PRODUCT_CATEGORY('part',$,(#7));
ENDSEC;
END-ISO-10303-21;
