
CASCADE Topology V1, (c) Matra-Datavision
Locations 11
1
1.000000000000000 0.000000000000000 0.000000000000000 0.000000000000000 
0.000000000000000 1.000000000000000 0.000000000000000 0.000000000000000 
0.000000000000000 0.000000000000000 1.000000000000000 0.000000000000000 
1
1.000000000000000 0.000000000000000 0.000000000000000 0.000000000000000 
0.000000000000000 1.000000000000000 0.000000000000000 0.000000000000000 
0.000000000000000 0.000000000000000 1.000000000000000 0.000000000000000 
2  2 -1 0
1
1.000000000000000 0.000000000000000 0.000000000000000 0.000000000000000 
0.000000000000000 1.000000000000000 0.000000000000000 0.000000000000000 
0.000000000000000 0.000000000000000 1.000000000000000 0.000000000000000 
2  2 -1 4 -1 0
1
1.000000000000000 0.000000000000000 0.000000000000000 0.000000000000000 
0.000000000000000 -0.000000000000000 1.000000000000000 0.000000000000000 
0.000000000000000 -1.000000000000000 -0.000000000000000 0.000000000000000 
2  2 -1 6 -1 0
1
1.000000000000000 0.000000000000000 0.000000000000000 0.000000000000000 
0.000000000000000 -1.000000000000000 -0.000000000000000 0.000000000000000 
0.000000000000000 0.000000000000000 -1.000000000000000 0.000000000000000 
2  2 -1 8 -1 0
1
1.000000000000000 0.000000000000000 0.000000000000000 0.000000000000000 
0.000000000000000 0.000000000000000 -1.000000000000000 0.000000000000000 
0.000000000000000 1.000000000000000 0.000000000000000 0.000000000000000 
2  2 -1 10 -1 0
Curve2ds 503
7 0 0  6 27 6  3.39361150084720364 0.00000000000000000  3.39361150084720364 0.04036919758155531  3.39339209010612519 0.08073871814487901  3.39295326134965602 0.12108507386143019  3.39229177940902371 0.16138571286876599  3.39140110574360332 0.20161590881562858  3.38912392495224868 0.28247619748197750  3.38773015837859193 0.32310373055551489  3.38607897325968210 0.36359500975473369  3.38415571450215324 0.40391235220378080  3.38194114435285753 0.44400863076299285  3.37812478272755934 0.50405786615344605  3.37675700579455240 0.52422243321512452  3.37530450094300072 0.54430469715959562  3.37376375284170393 0.56429497785456673  3.37213092608599085 0.58418211041474866  3.36844081804917472 0.62637726542541949  3.36635598152509274 0.64865199895991565  3.36414136226425109 0.67075848186897780  3.36179043106481723 0.69267460863338759  3.35929637616509291 0.71437458080974403  3.35303486928560313 0.76518081041951436  3.34913657785664798 0.79407321340723069  3.34494011575989347 0.82242737706958291  3.34042841030823867 0.85015099561720575  3.33558645486621641 0.87713610518315899  3.33040720418095004 0.90326688215906403 
 0.00000000000000000 7 0.25529970666716084 5 0.51443404357469535 5 0.64616854327881823 5 0.79558034682810075 5 1.00000000000000000 7
7 0 0  6 27 6  0.00000000000000000 11.95826074310129883  0.04238765746063308 11.95826074310129883  0.08477565444621867 11.96701809570525299  0.12715207090554054 11.98453307678284041  0.16950598278352591 12.01095750016940578  0.21182501275363996 12.04659750905557836  0.29699409610798572 12.13796000349459980  0.33984311586328120 12.19397661300484437  0.38262150382087956 12.26049634493943863  0.42530794863134846 12.33821762342369155  0.46787448187242725 12.42806483327880329  0.53183784496521980 12.58367449414462591  0.55335381184932164 12.63956111729143750  0.57482278825653044 12.69904549647525194  0.59623847392696228 12.76230173636460563  0.61759342503212766 12.82952202010876697  0.66302048192119833 12.98189202964271693  0.68707262263684576 13.06823729104154808  0.71102235522207691 13.16025841144692343  0.73485422047878357 13.25829240499266426  0.75854974527250862 13.36269901696585016  0.81428979126052448 13.62592792579635059  0.84619710370816281 13.79063547915204069  0.87775108774193211 13.96892400119007860  0.90888198034469403 14.16177122682188738  0.93950657952009753 14.37011678017114136  0.96953211011576812 14.59457889435501166 
 0.00000000000000000 7 0.25529970666716084 5 0.51443404357469535 5 0.64616854327881823 5 0.79558034682810075 5 1.00000000000000000 7
1 0.00000000000000000 0.90326688215906403 1.00000000000000000 0.00000000000000000 
1 0.00000000000000000 27.49242250247064590 1.00000000000000000 0.00000000000000000 
7 0 0  7 20 4  3.41446559315713616 0.43699002207051041  3.41462999779556142 0.46067099150635926  3.41489339495523714 0.48448097798246686  3.41527802694452021 0.50843083617143259  3.41580998204510866 0.53252524735072249  3.41651974858731311 0.55676273801609433  3.41744374932857076 0.58113471218961210  3.41979365510231315 0.62977473140792539  3.42121196380349968 0.65402903191094941  3.42292489635877351 0.67837747597572373  3.42498301889653600 0.70278212386549532  3.42744565609250440 0.72717288088925036  3.43038120074440522 0.75144240084987890  3.43670381878716658 0.79493160576628419  3.43990192309017173 0.81423580553353347  3.44350508243654518 0.83325967695046821  3.44755595936003267 0.85187210175409533  3.45209496259734694 0.86989731136015092  3.45715389648016380 0.88711406670752013  3.46274580264149501 0.90326688215906403 
 0.00000000000000000 8 0.35871369031783756 6 0.71248290289538119 6 1.00000000000000000 8
7 0 0  7 20 4  1.78902236102543144 -0.00000060000000000  1.76422480258861980 0.45056826007598733  1.73778589868948474 0.89777728574398508  1.70965370545528450 1.34130582239354323  1.67976376792828885 1.78068802535748572  1.64803835948448762 2.21532083275721359  1.61437867165273352 2.64446949569886636  1.54341371849135234 3.48424398205538077  1.50618044240666649 3.89486158748537692  1.46681146936460616 4.29844714820005702  1.42516019407652528 4.69383714508765060  1.38106782354406254 5.07942956835689596  1.33436075675730148 5.45325811214047818  1.24454448687042474 6.10544270973948144  1.20242024361561239 6.38841738053551733  1.15832733801826215 6.66071919888524100  1.11217924397109247 6.92062829271935342  1.06392128250383045 7.16609787726588277  1.01353368369683694 7.39493590160058556  0.96104569140394291 7.60492250247065726 
 0.00000000000000000 8 0.35871369031783756 6 0.71248290289538119 6 1.00000000000000000 8
1 0.00000000000000000 0.43699005360527149 1.00000000000000000 0.00000000000000000 
7 0 0  7 20 4  3.65411787741989924 0.43699002207051046  3.65395347278146554 0.46067099150750640  3.65369007562177206 0.48448097798479978  3.65330544363245879 0.50843083617493068  3.65277348853182326 0.53252524735541396  3.65206372198954954 0.55676273802201126  3.65113972124819375 0.58113471219673740  3.64878981547424219 0.62977473141633999  3.64737150677297262 0.65402903191937134  3.64565857421760420 0.67837747598412435  3.64360045167971247 0.70278212387409045  3.64113781448363882 0.72717288089762355  3.63820226983157680 0.75144240085834335  3.63187965178868888 0.79493160577341160  3.62868154748578142 0.81423580553925090  3.62507838813946259 0.83325967695516978  3.62102751121619804 0.85187210175729866  3.61648850797905830 0.86989731136230231  3.61142957409652965 0.88711406670850490  3.60583766793553950 0.90326688215906403 
 0.00000000000000000 8 0.35871369033485012 6 0.71248290291228533 6 1.00000000000000000 8
7 0 0  7 20 4  5.27956110955160529 -0.00000060000000000  5.30435866798961797 0.45056826009781104  5.33079757189013037 0.89777728578782667  5.35892976512586738 1.34130582245832519  5.38881970265457433 1.78068802544301552  5.42054511110027981 2.21532083286331538  5.45420479893414356 2.64446949582433977  5.52516975209850880 3.48424398219825893  5.56240302818379373 3.89486158762614787  5.60177200122642738 4.29844714833655139  5.64342327651556452 4.69383714522648710  5.68751564704837609 5.07942956848789251  5.73422271383619453 5.45325811227036539  5.82403898372215867 6.10544270984397741  5.86616322697466330 6.38841738061726261  5.91025613257044924 6.66071919895078146  5.95640422661453073 6.92062829276344615  6.00466218807947438 7.16609787729414904  6.05504978688340323 7.39493590161338776  6.10753777917309737 7.60492250247065726 
 0.00000000000000000 8 0.35871369033485012 6 0.71248290291228533 6 1.00000000000000000 8
7 0 0  7 20 4  4.19986375655458399 0.43699002207051041  4.20002816119298128 0.46067099150235730  4.20029155835259616 0.48448097797443890  4.20067619034177309 0.50843083615931217  4.20120814544219634 0.53252524733445961  4.20191791198416276 0.55676273799564913  4.20284191272508423 0.58113471216493895  4.20519181849810497 0.62977473137886952  4.20661012719899663 0.65402903188179728  4.20832305975391296 0.67837747594630238  4.21038118229132863 0.70278212383639238  4.21284381948680764 0.72717288085977994  4.21577936413822929 0.75144240082073899  4.22210198218054789 0.79493160574173671  4.22530008648380484 0.81423580551336916  4.22890324583055488 0.83325967693471314  4.23295412275461036 0.85187210174265415  4.23749312599263561 0.86989731135281656  4.24255205987643347 0.88711406670411719  4.24814396603894284 0.90326688215906403 
 0.00000000000000000 8 0.35871369025705702 6 0.71248290283405524 6 1.00000000000000000 8
7 0 0  7 20 4  2.57442052442287972 -0.00000060000000000  2.54962296599025873 0.45056825999984368  2.52318406209584811 0.89777728559324288  2.49505186886696650 1.34130582216904481  2.46516193134591033 1.78068802506087498  2.43343652290870294 2.21532083239062594  2.39977683508425610 2.64446949526441788  2.32881188193308608 3.48424398156208293  2.29157860585058071 3.89486158699915386  2.25220963281112097 4.29844714771868208  2.21055835752489793 4.69383714462112245  2.16646598699576787 5.07942956789430422  2.11975892021140266 5.45325811169328301  2.02994265032143861 6.10544270937964484  1.98781840705978929 6.38841738024756278  1.94372550145479783 6.66071919866350193  1.89757740739914316 6.92062829256535217  1.84931944592275488 7.16609787716762980  1.79893184710534504 7.39493590155634895  1.74644385480139364 7.60492250247065726 
 0.00000000000000000 8 0.35871369025705702 6 0.71248290283405524 6 1.00000000000000000 8
1 0.00000000000000000 0.43699005360527149 1.00000000000000000 0.00000000000000000 
7 0 0  6 7 2  4.43951604081734708 0.43699002207050930  4.43931824366908412 0.46548087407676109  4.43897306376915513 0.49416340790375846  4.43843782923056818 0.52305903774012596  4.43765967100142955 0.55217241812276618  4.43657335754138060 0.58149161894634638  4.43509076826095150 0.61097966867944264 
 0.00000000000000000 7 1.00000000000000000 7
7 0 0  6 7 2  6.06495927294905268 -0.00000060000000000  6.09479350627524674 0.54208407883149068  6.12707102461648656 1.07915887538900512  6.16189192208528880 1.61061978285794405  6.19938939902084485 2.13547021409095672  6.23973182820480510 2.65235506658630982  6.28318530717958623 3.15957353972496291 
 0.00000000000000000 7 1.00000000000000000 7
7 0 0  7 14 3  4.43509076826095150 0.61097966867944264  4.43372963675296372 0.63805197665486668  4.43204470896536318 0.66524393444862395  4.42997389420771182 0.69254694164993924  4.42744307964508188 0.71990061597488308  4.42436390280769398 0.74718696897463799  4.42063434689030554 0.77422063298108135  4.41348257179002612 0.81636762541477659  4.41056191680914988 0.83181843344831441  4.40735252932737076 0.84701346265656874  4.40383226264581573 0.86186958671734126  4.39998119145173217 0.87628236469170118  4.39578438916487446 0.89012788928089148  4.39123583133298823 0.90326688215906414 
 0.00000000000000000 8 0.62881393354366921 6 1.00000000000000000 8
7 0 0  7 14 3  0.00000000000000000 3.15957353972496291  0.03989365102326676 3.62523928703351350  0.08230912073998868 4.08266217547532051  0.12745414871997268 4.53097254094429935  0.17554432000390296 4.96842659806383402  0.22680998455874038 5.39250519620591007  0.28149473710853362 5.80008900786676485  0.37442358491517513 6.41627558011268473  0.41020541188125542 6.63786064842526091  0.44732946627414505 6.85150362586624251  0.48583453118579112 7.05619691247328262  0.52574269240011151 7.25080247430741842  0.56705595104971973 7.43411559505441399  0.60975063539095586 7.60492250247065726 
 0.00000000000000000 8 0.62881393354366921 6 1.00000000000000000 8
7 0 0  7 20 4  4.98526191995203138 0.43699002207050958  4.98542632459041357 0.46067099150004126  4.98568972174999292 0.48448097796981354  4.98607435373911034 0.50843083615229379  4.98660630883943856 0.53252524732505147  4.98731607538126465 0.55676273798385256  4.98824007612199072 0.58113471215067158  4.99058998189459313 0.62977473136202600  4.99200829059532225 0.65402903186510430  4.99372122315002365 0.67837747592909392  4.99577934568724125 0.70278212381969807  4.99824198288243959 0.72717288084271847  5.00117752753358236 0.75144240080389391  5.00750014557564427 0.79493160572753441  5.01069824987906998 0.81423580550183305  5.01430140922596124 0.83325967692537217  5.01835228615045992 0.85187210173625982  5.02289128938880403 0.86989731134848503  5.02795022327320762 0.88711406670216530  5.03354212943639290 0.90326688215906403 
 0.00000000000000000 8 0.35871369022257893 6 0.71248290279903470 6 1.00000000000000000 8
7 0 0  7 20 4  3.35981868782032533 -0.00000060000000000  3.33502112939012818 0.45056825995579253  3.30858222549843983 0.89777728550630875  3.28045003227265619 1.34130582203912385  3.25056009475502128 1.78068802488934774  3.21883468632159531 2.21532083217903564  3.18517499850140728 2.64446949501320372  3.11421004535620316 3.48424398127610946  3.07697676927465880 3.89486158672081562  3.03760779623718769 4.29844714743707002  2.99595652095165521 4.69383714435342370  2.95186415042457995 5.07942956762658948  2.90515708364160030 5.45325811143476891  2.81534081374987499 6.10544270917144960  2.77321657048396331 6.38841738008258631  2.72912366487544666 6.66071919853258620  2.68297557081365357 6.92062829247883116  2.63471760933291632 7.16609787710982271  2.58433001050912425 7.39493590153097458  2.53184201819882970 7.60492250247065726 
 0.00000000000000000 8 0.35871369022257893 6 0.71248290279903470 6 1.00000000000000000 8
1 0.00000000000000000 0.43699005360527149 1.00000000000000000 0.00000000000000000 
7 0 0  7 20 4  5.22491420421479535 0.43699002207050958  5.22474979957638563 0.46067099150408175  5.22448640241674589 0.48448097797790990  5.22410177042752188 0.50843083616454710  5.22356981532702669 0.53252524734147844  5.22286004878495902 0.55676273800447595  5.22193604804389189 0.58113471217559554  5.21958614227056117 0.62977473139138551  5.21816783356953895 0.65402903189447725  5.21645490101447251 0.67837747595887143  5.21439677847690142 0.70278212384906857  5.21193414128121724 0.72717288087245224  5.20899859662958420 0.75144240083333391  5.20267597858708264 0.79493160575229260  5.19947787428389852 0.81423580552223784  5.19587471493739805 0.83325967694125680  5.19182383801346781 0.85187210174782035  5.18728483477584756 0.86989731135588266  5.18222590089242718 0.88711406670560999  5.17663399473043473 0.90326688215906403 
 0.00000000000000000 8 0.35871369028374295 6 0.71248290286099947 6 1.00000000000000000 8
7 0 0  7 20 4  0.56717212916691528 -0.00000060000000000  0.59196968760134294 0.45056826003266742  0.61840859149779048 0.89777728565839010  0.64654078472898402 1.34130582226602191  0.67643072225259959 1.78068802518891500  0.70815613069263761 2.21532083254888335  0.74181581852025569 2.64446949545205667  0.81278077167578666 3.48424398177455963  0.85001404775945566 3.89486158721105191  0.88938302079954834 4.29844714792337346  0.93103429608716759 4.69383714482521874  0.97512666661732039 5.07942956809290003  1.02183373340287886 5.45325811188656395  1.11165000329139430 6.10544270953436463  1.15377424655050742 6.38841738037437601  1.19786715215133288 6.66071919875514062  1.24401524620439208 6.92062829263556267  1.29227320767602483 7.16609787720842206  1.34266080648931285 7.39493590157575476  1.39514879878841458 7.60492250247065726 
 0.00000000000000000 8 0.35871369028374295 6 0.71248290286099947 6 1.00000000000000000 8
7 0 0  7 32 6  5.57637621781567372 0.00000000000000000  5.57637621781567372 0.02915204212356156  5.57685058908637732 0.05831727443313246  5.57780010353171640 0.08724434471733741  5.57920262543599854 0.11574821908184335  5.58102388670056815 0.14368809177378533  5.58322290094008888 0.17095814888471256  5.58758029731477368 0.21657807082727079  5.58957863169495273 0.23529838031290126  5.59173699116564205 0.25362896781510313  5.59404133122999614 0.27156399663918834  5.59647863328572015 0.28910444610500530  5.59903738057743006 0.30625690847118464  5.60599270495294899 0.34995129723929252  5.61056347346817130 0.37589017282767828  5.61538089324373235 0.40090767424058732  5.62041227670135424 0.42505669282037328  5.62563103759337757 0.44839035290677226  5.63101674760088766 0.47096471337721774  5.64503477117647634 0.52632406292271117  5.65386665491109053 0.55814379884886578  5.66299840316136471 0.58850370304263611  5.67239047698543075 0.61754262663704851  5.68201241494742515 0.64538043067725526  5.69184345413434922 0.67212134127797085  5.71504002052237681 0.73165992683416392  5.72854112640481627 0.76371427935354119  5.74234267637863471 0.79423057956102783  5.75641944731013044 0.82334471238732765  5.77075189597023730 0.85116607706389358  5.78532653382270556 0.87778230517990741  5.80013600274499552 0.90326688215906403 
 0.00000000000000000 8 0.14357675231785397 6 0.24693928612505436 6 0.41278750868524139 6 0.66666727211821253 6 1.00000000000000000 8
7 0 0  7 32 6  3.14159265358979312 64.98461356351981522  3.11098300936005323 64.98461356351981522  3.08035951561451249 64.95111567380699569  3.04998173578193255 64.88406523779252666  3.02003958743610035 64.78509117130410289  2.99067731810102044 64.65674304984696619  2.96200332189555571 64.50206154077969245  2.91400381439206768 64.19622924807869424  2.89429744620649165 64.05614819473258592  2.87499076811167820 63.90507122479518642  2.85608934742972975 63.74404361439530931  2.83759173961577371 63.57403458672443719  2.81949070346020658 63.39590267157500847  2.77334580752390769 62.91269371311277325  2.74591774314239601 62.59609351932069643  2.71942744483769117 62.26352177994164094  2.69381862714008991 61.91743230284622257  2.66903497170648363 61.55981914741388294  2.64501705510468188 61.19222120882229632  2.58601101897699337 60.23932001223090538  2.55199332251116973 59.64245789823587529  2.51943032336208894 59.02917136752098770  2.48817355600064660 58.40248492610766817  2.45809414210397881 57.76471844864822458  2.42907884674982055 57.11748030100307005  2.36418030521868827 55.60073176616352697  2.32901105260568064 54.72555446834817872  2.29528629494118208 53.83882428671198284  2.26285041135325704 52.94253884098430518  2.23157310148472776 52.03823815058191116  2.20134355892017908 51.12701386281865013  2.17206054347402677 50.20954358382924454 
 0.00000000000000000 8 0.14357675231785397 6 0.24693928612505436 6 0.41278750868524139 6 0.66666727211821253 6 1.00000000000000000 8
1 0.00000000000000000 0.00000000000000000 1.00000000000000000 0.00000000000000000 
1 0.00000000000000000 6.28318530717958623 1.00000000000000000 0.00000000000000000 
1 0.00000000000000000 -0.00000000000000000 0.00000000000000000 1.00000000000000000 
1 6.28318530717958623 -0.00000000000000000 0.00000000000000000 1.00000000000000000 
7 0 0  6 27 6  0.66357544404811719 29.72164178613039809  0.66357544404811719 29.08718222127033570  0.66149838072406952 28.44681204407887165  0.65713217348102604 27.80412468824550132  0.65029057353180530 27.16220896490738568  0.64081131773192623 26.52389601048372469  0.61562600539504575 25.22673340858226254  0.59964424688821016 24.56997022997104096  0.58049009544793950 23.92734953209705395  0.55814669335543554 23.30425448943811517  0.53268025713428535 22.70619348450000530  0.48707308972960434 21.79687255875452578  0.46882260034452217 21.46586583697119011  0.44950641875754455 21.14717055841540727  0.42915310484324726 20.84198162121300513  0.40779525840005015 20.55155810993635512  0.36290074241989395 19.99996143128518966  0.33932980657229378 19.73897174140860145  0.31480647513982124 19.49588575268333202  0.28938538818801968 19.27228041987358509  0.26312324353213851 19.06971087373004536  0.19934931763699115 18.64532582698683427  0.16109788139658843 18.44206394365997426  0.12167575328432596 18.28563928802338978  0.08144504935459407 18.17980577017253552  0.04076400946370826 18.12668600105970995  0.00000000000000000 18.12668600105970995 
 0.00000000000000000 7 0.23797736890019244 5 0.48853560924196382 5 0.63970865725428427 5 0.79250181010564669 5 1.00000000000000000 7
7 0 0  6 27 6  0.00000000000000000 11.92656958229501640  0.04705084960209527 12.18462753587353120  0.09538485705820024 12.42171502279053286  0.14500918944485885 12.63398244932648495  0.19599260923563430 12.81854748426317947  0.24844247841719311 12.97367096834793010  0.35945871018236797 13.23071657976430338  0.41808294880667329 13.32911769548496039  0.47836734898480793 13.39332294282343838  0.54030457777406826 13.42492754931561905  0.60388827122466693 13.42784664053135479  0.70840822387812608 13.39510941331294269  0.74833307551207495 13.37429239821033100  0.78886179206532969 13.34613894461798367  0.83000460335484838 13.31198014878750335  0.87177301393820106 13.27325524126169931  0.95704372205666643 13.18919684809907800  1.00058511396955852 13.14377151350323025  1.04478784600646191 13.09673580990525288  1.08964152301616424 13.04971052495552364  1.13514189155748091 13.00428191892238772  1.24396048076173882 12.90436320286882932  1.30795934883942078 12.85232948218217963  1.37292654722887786 12.80985249302133866  1.43856700369279356 12.78031271220542209  1.50461427185635443 12.76548509321520442  1.57079632679489656 12.76548509321520442 
 0.00000000000000000 7 0.23797736890019244 5 0.48853560924196382 5 0.63970865725428427 5 0.79250181010564669 5 1.00000000000000000 7
7 0 0  7 32 6  0.00000000000000000 45.09578731275242802  0.02997914026787208 45.09578731275242802  0.05953744239058735 45.04918163997981395  0.08845977682092841 44.95832413748481571  0.11652539554856560 44.82723226325691002  0.14350545839167633 44.66159302570516587  0.16915557826213673 44.46882601552882619  0.20829813446348222 44.12599632329794019  0.22291136710399773 43.98544195452638661  0.23706154959585388 43.83763187731243249  0.25076852789637621 43.68349833908423818  0.26405345463201951 43.52381820539920909  0.27693871608019360 43.35921678029425408  0.30150496071412652 43.02723523883984313  0.31321533674740476 42.86013416854382285  0.32459444589731568 42.68936326965199157  0.33565798216028908 42.51532669840840839  0.34642200436232307 42.33833708987883426  0.35690306563851354 42.15861473443228391  0.40399746206600995 41.31804761623860855  0.43761408358556170 40.62224660069019677  0.46825348148715829 39.90224777787355492  0.49619198579264467 39.16526401269672419  0.52168689446278282 38.41353394547324740  0.54492625063648703 37.64557035553994524  0.59146844694673972 35.90157671763195424  0.61356147942082218 34.92234340317596519  0.63218791521951079 33.92142342811330025  0.64708510203901159 32.89926424742501609  0.65777519885655700 31.85712891451964879  0.66357544404811719 30.79693689148679425  0.66357544404811719 29.72164178613039809 
 0.00000000000000000 8 0.14150467919942897 6 0.23032681631118307 6 0.31593919776154222 6 0.62501638987364894 6 1.00000000000000000 8
7 0 0  7 32 6  4.71238898038468879 1.79616335892614387  4.76106135423410137 1.79616335892614387  4.80905047646631978 1.83427713201783504  4.85612399097064440 1.90858060519470163  4.90202547646092324 2.01562092802979675  4.94646095025410126 2.15046421655789999  4.98907233076610712 2.30675452930153124  5.05471009287694351 2.58351120097249121  5.07937290353230164 2.69671084853049337  5.10342167124934765 2.81543640194524558  5.12689219980154576 2.93887588340959782  5.14982138979609427 3.06634765345871729  5.17224791229237191 3.19729611094997423  5.21538410687291876 3.46043664712035337  5.23613126677256968 3.59244151918438215  5.25648146962188978 3.72685914872791146  5.27646203122622115 3.86332328955954951  5.29610118303570498 4.00154285521607722  5.31542877948729409 4.14130046437499555  5.40324477075190579 4.79203156599736957  5.46874737389620069 5.32255403751942602  5.53158143219750897 5.86129995041672025  5.59233209482476745 6.40072440032085410  5.65163971616382810 6.93718738207142493  5.71019739677216442 7.46927216665751637  5.83982637516782610 8.63460477146618288  5.91043911616328188 9.26105665033319525  5.98140090924570789 9.86816792362217932  6.05341569518621014 10.44854350304557400  6.12717891334171494 10.99271267583767475  6.20344256062464705 11.48920766082651745  6.28318530717958623 11.92656958229501640 
 0.00000000000000000 8 0.14150467919942897 6 0.23032681631118307 6 0.31593919776154222 6 0.62501638987364894 6 1.00000000000000000 8
1 0.00000000000000000 89.50000000000001421 1.00000000000000000 0.00000000000000000 
7 0 0  8 65 10  6.28318530717958623 18.12668600105970995  6.24682751662886027 18.12668600105970995  6.21056841318478359 18.16693060313020780  6.17461210521985659 18.24703745450620929  6.13915947890163327 18.36599028685904500  6.10440983062725095 18.52215441092195647  6.07056234116782356 18.71326691678434528  6.03781511377627833 18.93639178402213119  5.96528554746512896 19.51615194072962112  5.92627608105532122 19.89385052855878655  5.88946714376174096 20.31578474222939334  5.85498998371281143 20.77717591298994293  5.82297051932683196 21.27354878845258668  5.79352237820894889 21.80066741739851111  5.76673628487697343 22.35446600124777206  5.71232588799905194 23.65779185350912428  5.68639637624130501 24.41849073181113283  5.66492239318026591 25.20531814411941340  5.64787226489548644 26.01128917542704144  5.63512549094950010 26.82972423430605602  5.62646429005511894 27.65359695574917254  5.62157022688744412 28.47495734613556095  5.61811866215113120 30.28326192496857772  5.62129335116165496 31.27020434009143202  5.62884255301726633 32.24312972095983554  5.64020563772953398 33.20032212187489762  5.65494643740711389 34.14047289708013722  5.67276090160945223 35.06273831101976413  5.69347367634671286 35.96652761304675039  5.73269036106663066 37.43748231869437149  5.74956478301636231 38.01450090221985789  5.76767895390675100 38.58258568269393862  5.78707752372925555 39.14213728255390379  5.80782830049787258 39.69283060409198782  5.83001440661777437 40.23340622772601449  5.85372828088276531 40.76145782408239882  5.88686704257202287 41.43073657196916315  5.89482606513464358 41.58682531192757637  5.90295150471184371 41.74144197793775390  5.91125017515290896 41.89451909351036107  5.91972881672326601 42.04596173716359431  5.92839411959386720 42.19564775209094165  5.93725274733054675 42.34342795582895747  5.95613582261195074 42.64714263356739821  5.96619423926813575 42.80268990018705466  5.97650041099375517 42.95563013287663523  5.98706757748612706 43.10576143276434635  5.99790849595087039 43.25281836511586420  6.00903551955472981 43.39647230543600642  6.02046067587839140 43.53633178557063843  6.04410836719445488 43.80960569776559055  6.05635016354380973 43.94300373911364233  6.06893122053544687 44.07161156135771307  6.08186105213971562 44.19483997777863493  6.09514859431481781 44.31203448979395176  6.10880219914241085 44.42247375931923870  6.12282962896320093 44.52536808112912325  6.15399842863013014 44.72977165365638541  6.17136446814332551 44.82890449251019760  6.18924012862421069 44.91491958501128323  6.20753429502378040 44.98590574270658493  6.22615974327456012 45.04036824499534930  6.24503200326258590 45.07722204514014663  6.26406811916876194 45.09578731275242092  6.28318530717958623 45.09578731275242092 
 0.00000000000000000 9 0.10890454000222757 7 0.25110934850111216 7 0.43039003864490477 7 0.65147888718942348 7 0.79824302067445829 7 0.84341758157859481 7 0.89241136955768585 7 0.94214643660853192 7 1.00000000000000000 9
7 0 0  8 65 10  1.57079632679489656 12.76548509321520442  1.62982470313295869 12.76548509321520442  1.68869285425220439 12.77671850813723253  1.74726392613128478 12.79907892156246696  1.80540180751224133 12.83177197729764707  1.86296443930160005 12.87334819234517447  1.91979707008047473 12.92179172582387103  1.97572452972943147 12.97468794024087124  2.10212033552412692 13.10105512636542002  2.17204588860386449 13.17611212326180947  2.24038967308541093 13.24958520542362450  2.30720181027604898 13.31617003236337382  2.37251883502399430 13.37061597413675429  2.43636738743486347 13.40804270392964703  2.49876637970676141 13.42425945854266445  2.63658846379127709 13.40570629821679738  2.71093137577558618 13.35657104705432907  2.78287368862256912 13.26261122783185975  2.85252177505138382 13.12020877232538929  2.91996162180783347 12.92871717948852250  2.98523488419490102 12.69066024231439194  3.04830490611930172 12.41159087369945802  3.18388193134936159 11.71490953454995498  3.25561355837582589 11.27783532069487471  3.32496893397485005 10.79676217751165268  3.39254339451797282 10.28033728776919276  3.45886687862320841 9.73636008737524250  3.52444224201234491 9.17142584103885383  3.58979191159858546 8.59104278729857107  3.69910534335603902 7.60842256464947564  3.74278617000639491 7.21267040926270475  3.78679253287995010 6.81395958333337770  3.83137046044594243 6.41311412184644780  3.87675504459480136 6.01130920223497078  3.92317248782300076 5.61033803296616096  3.97084312962021224 5.21286591497120089  4.03511164662179045 4.70256813709308830  4.05038797560340136 4.58306931965299391  4.06582829060326389 4.46423042726871078  4.08144576906575995 4.34612762482035020  4.09725306414186985 4.22885822661946786  4.11326245455109873 4.11254108463050461  4.12948599444338171 3.99731697669223784  4.16377604887287145 3.75974573147649194  4.18188010216880812 3.63763590668694370  4.20027276777443603 3.51715974084227501  4.21897739975776975 3.39850813909716987  4.23801614479523270 3.28192329373888514  4.25741032533768049 3.16769928663682876  4.27718082277643497 3.05618269169213486  4.31782123606204316 2.83772342015929935  4.33872011054332507 2.73078506642607710  4.36006262428865199 2.62741507674833530  4.38186587048589349 2.52812560174348144  4.40414675856908744 2.43348468405740759  4.42692227751225786 2.34411696043632789  4.45020975912323280 2.26070436379861617  4.50173235042745468 2.09474631072473860  4.53030358667086741 2.01408471143487144  4.55958917282949550 1.94396123585981662  4.58945434262936924 1.88600075818915713  4.61977733913114097 1.84148490855617064  4.65044551506950299 1.81134593810186284  4.68135143516163854 1.79616335892614387  4.71238898038468879 1.79616335892614387 
 0.00000000000000000 9 0.10890454000222757 7 0.25110934850111216 7 0.43039003864490477 7 0.65147888718942348 7 0.79824302067445829 7 0.84341758157859481 7 0.89241136955768585 7 0.94214643660853192 7 1.00000000000000000 9
7 0 0  7 56 10  3.67540039166979948 65.83877189974852229  3.69783604575297842 65.72162292708004827  3.72032358812793218 65.59784805100302663  3.74285783587180942 65.46732314035004663  3.76543408194459683 65.32992388949021745  3.78804800381462270 65.18552685289840554  3.81069557208406007 65.03401047972438676  3.87298379147976046 64.59795827456164830  3.91270671945505688 64.29842916281198484  3.95246966050735171 63.97636027667366676  3.99220742045255106 63.63159829210560758  4.03185985195451035 63.26417645475186191  4.07137001302412660 62.87434593722858978  4.13776054126933968 62.17900265245298641  4.16473178463330918 61.88514144429808539  4.19157283486772503 61.58126052335723699  4.21826096874134926 61.26766517070078777  4.24477363076334324 60.94473468344090605  4.27108810341227763 60.61292806111428888  4.30876194485439878 60.12182766385586774  4.32029960847405281 59.96921783305850084  4.33179281403214045 59.81499861642929972  4.34324018216692931 59.65921108269482431  4.35464030834692739 59.50189895255162043  4.36599176287088397 59.34310859866610599  4.39503253335476973 58.93139598695110237  4.41264726873310398 58.67639859472870256  4.43013473668975255 58.41804431500494132  4.44749217828210952 58.15649202926071126  4.46471662875779796 57.89191227688156260  4.48180491037449169 57.62448747757896683  4.53035842380418252 56.85079425190873081  4.56146746891596244 56.33812664108302926  4.59208928782796999 55.81720247818356029  4.62222975578354944 55.28886350900136648  4.65189237812354417 54.75399787717910982  4.68107857241336234 54.21353793312071190  4.79032712954994189 52.13933098911444119  4.86708235126367228 50.57444181111009129  4.94058234362684523 48.98521956916162878  5.01125299176624495 47.38105956034878830  5.07949372503889141 45.76901864518778495  5.14568689197987883 44.15406327109378992  5.25383509937757420 41.44902987629510704  5.29668482681924768 40.35869382442248110  5.33890521674260299 39.26967131150483681  5.38061728009204021 38.18285966090525818  5.42194101880942192 37.09914491656000735  5.46299598176591239 36.01972255339874351  5.53880224091277906 34.03097353861671337  5.57353347180822301 33.12153157196999587  5.60824428127960850 32.21751904940767020  5.64307320417704705 31.31887148442924840  5.67814157634567973 30.42677963288296183  5.71355006033229973 29.54429804702507312  5.74937756909957987 28.67699927992808639 
 0.00000000000000000 8 0.05966987017767469 6 0.16389586507314408 6 0.23568645172570130 6 0.26754893344942537 6 0.31756276033641656 6 0.41082510734237504 6 0.67245643967610591 6 0.84919759603614742 6 1.00000000000000000 8
7 0 0  7 56 10  2.46375526580106063 13.00000059999999635  2.46722300897644997 12.61371433016722676  2.47085954398313090 12.23251072177741428  2.47466382391885720 11.85684635794224029  2.47863453353387930 11.48716073978265584  2.48277010570853607 11.12387634209777332  2.48706873793085581 10.76739866903375109  2.49931816312027388 9.80802110949317907  2.50760341922024255 9.21955253893891502  2.51636404617645226 8.65562613514035029  2.52557523766117198 8.11873830987760492  2.53520814192906174 7.61096168393437900  2.54523049182969441 7.13394042137189111  2.56275470765128999 6.38233296769182346  2.57006685096109555 6.09109526794754608  2.57753049671599488 5.81560207833184695  2.58513168222854750 5.55616717394720627  2.59285568802177080 5.31299030834136321  2.60068707569354318 5.08615903061197372  2.61212599867117756 4.78222148288564153  2.61566040250575238 4.69200364770152856  2.61921173587519007 4.60499002113184286  2.62277878029731326 4.52117040322420571  2.62636030021731548 4.44053136990093034  2.62995504300776162 4.36305627295902898  2.63922308917296311 4.17204947565651629  2.64491350850664686 4.06312823619753694  2.65062905273831140 3.96186285106818614  2.65636574030071149 3.86814263677260683  2.66211954939848772 3.78184500584053618  2.66788641511598312 3.70283557572368238  2.68443256267810426 3.49695507965099095  2.69523043808992124 3.38782085733942662  2.70603940349382688 3.30246236378879221  2.71684357928902243 3.23976711659918326  2.72762755739414064 3.19861201657487104  2.73837630310080504 3.17786196635975582  2.77908855441861347 3.17217879768144018  2.80869691917666486 3.31953733894716585  2.83777381060715594 3.59287011688141611  2.86625661550266786 3.97190986662626644  2.89412243789337431 4.44078292757845183  2.92137626606758660 4.98756135995880445  2.96605017138539528 6.02044555966726058  2.98379128490920120 6.46866404842725728  3.00126870913083321 6.94613278664496558  3.01848956653657163 7.45103461371816600  3.03545920246833001 7.98217556043460519  3.05217674705170072 8.53888187238470486  3.08266578482347375 9.61747833768023064  3.09648505628799153 10.13162060814420862  3.11010934635574188 10.66410710546226248  3.12354905962107177 11.21607395822822539  3.13679491963026980 11.78873288521051244  3.14981047974931272 12.38313983597663892  3.16252420486220620 13.00000059999999635 
 0.00000000000000000 8 0.05966987017767469 6 0.16389586507314408 6 0.23568645172570130 6 0.26754893344942537 6 0.31756276033641656 6 0.41082510734237504 6 0.67245643967610591 6 0.84919759603614742 6 1.00000000000000000 8
1 3.67540042651802734 -0.00000000000000089 0.00000000000000000 1.00000000000000000 
7 0 0  8 107 16  6.28318530717958623 11.95826074310129883  6.21567742612200469 11.95826074310129883  6.14815991642046100 11.97941565494292426  6.08068279410172607 12.02173698799051849  6.01328577802079334 12.08587608801571989  5.94601302697821232 12.17317043534417209  5.87892341148629782 12.28569065458535725  5.81210388698292224 12.42650544760972409  5.72926484495317023 12.64269292389100308  5.71285237663732559 12.68758218806470239  5.69646797014061601 12.73452451962900867  5.68011411982736814 12.78358739487241991  5.66379358574198211 12.83484247929708388  5.64750942203912487 12.88836558672472599  5.63126500541393771 12.94423663840249894  5.59645453653169955 13.06951047833547541  5.57790239771330310 13.13969017223211644  5.55941331159845920 13.21320526964142772  5.54099363597355321 13.29018973413392679  5.52265047166965495 13.37078339531892546  5.50439171234220925 13.45513041715549107  5.48622609425075147 13.54337776626342382  5.43414382541593088 13.80950304990216004  5.40048234528791760 13.99772615397166931  5.36725057200319355 14.20130328340483494  5.33452817529955148 14.42119061048533624  5.30240320728524317 14.65828973498751076  5.27097077949236326 14.91332809522719494  5.24032952368580585 15.18668595464215798  5.18777723027818549 15.70153863034715691  5.16549586856117759 15.93558221394354035  5.14377641763724025 16.18022763563019240  5.12265525830401014 16.43526959086170436  5.10215948850802192 16.70036688403435221  5.08230683963308483 16.97503810144468872  5.06310609204881423 17.25867233342849616  5.03652674597317862 17.67693879057481965  5.02861729863506568 17.80487799505691271  5.02082944212527416 17.93431963813674912  5.01316259116169594 18.06520939443410256  5.00561581674685119 18.19749204343436944  4.99818788195491504 18.33111197874479359  4.99087727771874334 18.46601371735069108  4.97047283988107758 18.85206264713781010  4.95765324678236574 19.10611389330962950  4.94521226001054615 19.36396394386929387  4.93313614056189564 19.62528608940101904  4.92140939782493714 19.88976784388313135  4.91001541346523229 20.15711818420255597  4.89893692110916579 20.42707329989175591  4.86140429410743469 21.37518269259147274  4.83649985252848147 22.06524322512600023  4.81315466915112466 22.76642225782905271  4.79110861515982123 23.47600219849992698  4.77013881069363688 24.19185282020175976  4.75005597937100887 24.91244441656621689  4.73069598983979933 25.63680672107153669  4.68923980051359823 27.24305625024009458  4.66742203803472222 28.12593694745275030  4.64621878282293910 29.01185697726414148  4.62544805872044229 29.89982958740642971  4.60496668805346676 30.78910198421766964  4.58465785516616720 31.67910665256934521  4.56442379728843939 32.56942995640108052  4.51159156816703177 34.89303886400583110  4.47898447561488311 36.32606275167147203  4.44600949016311464 37.75745277021257351  4.41241921027291983 39.18606879557683698  4.37800780283812152 40.61082238871363614  4.34259028829151106 42.03060389358596183  4.30598335963072909 43.44422473766113058  4.24309908520479429 45.77105278149623757  4.21762133205429102 46.68843743300200799  4.19148965960262831 47.60218153742798108  4.16464388894640170 48.51183734673983849  4.13701904942701404 49.41684209995599275  4.10854289511777981 50.31651229457226293  4.07913130076687835 51.21003218335026475  4.02489041852688967 52.78885564099375927  4.00047073024964117 53.47682147462916191  3.97536776163242545 54.15992691198710673  3.94952539326720187 54.83759812531837952  3.92288086808279246 55.50907651372794760  3.89536266378022278 56.17341255415188073  3.86688528396904907 56.82944504396961349  3.81403923826176428 57.98534881524216900  3.79008375696013777 58.48872128394145165  3.76541223194097707 58.98527714518358778  3.73996407317155732 59.47413663030755515  3.71367408806082366 59.95411423863679090  3.68647061741747617 60.42371440098235524  3.65827008697247713 60.88110035724633207  3.60405325799818588 61.70046039139091931  3.57836322924614469 62.06616236401330866  3.55181720088463537 62.41991035361392193  3.52434879751530517 62.75988551840722351  3.49590098525927306 63.08368026060764322  3.46642562310985047 63.38833597234182093  3.43588309389882740 63.67038410622767231  3.37427331992195079 64.16789228253462340  3.34328911432821618 64.38632595203790743  3.31133244587405029 64.57717804891177593  3.27848496010599488 64.73619629470178438  3.24487193395843354 64.85927053967931499  3.21066978847001483 64.94284986818607308  3.17612491553019138 64.98461356351980100  3.14159265358979312 64.98461356351980100 
 0.00000000000000000 9 0.10140852587960617 7 0.12651337119828845 7 0.15535054006251053 7 0.20966222809957030 7 0.25127693723636796 7 0.26929591721024998 7 0.30237717082453036 7 0.38446842511793955 7 0.48357583761522299 7 0.64311348310426986 7 0.74757207843692153 7 0.82917215780577047 7 0.89351279453430255 7 0.94820168341557354 7 1.00000000000000000 9
7 0 0  8 107 16  3.39361150084720364 6.28318530717958623  3.39361150084720364 6.21889208712474684  3.39308147541322169 6.15458969533532940  3.39202113929366345 6.09036728814232031  3.39041663376589852 6.02630420714701032  3.38823942422164848 5.96248791780049014  3.38544567660526585 5.89902736294125241  3.38197121192635475 5.83607199492551754  3.37668189054591439 5.75844904423883808  3.37558540539156215 5.74309104896919820  3.37444074937386684 5.72778176619413237  3.37324656520311583 5.71252500164936894  3.37200142095230460 5.69732490446458240  3.37070381363474247 5.68218600143341934  3.36935217278166954 5.66711323128352529  3.36632833143847243 5.63488049867556207  3.36463834764501879 5.61774340779371784  3.36287245183243089 5.60070887425122166  3.36102806636142182 5.58378592785777172  3.35910253663502179 5.56698450752544360  3.35709317097309423 5.55031550851153366  3.35499728048687773 5.53379082966140956  3.34869689192882980 5.48659717635828681  3.34426448173248314 5.45632280145894910  3.33949802957663122 5.42669365971616902  3.33438152483690731 5.39781285744432537  3.32890110585354115 5.36979336289215325  3.32304769646337306 5.34275555021963910  3.31682051854033677 5.31682114115038562  3.30518183834472978 5.27316261004945286  3.29991908680318602 5.25493315690786833  3.29444798409009998 5.23746645081908291  3.28877633255239710 5.22080511671857028  3.28291466435245338 5.20498090013119796  3.27687618702673111 5.19001411837388726  3.27067642924178648 5.17591377444401068  3.26158573177181621 5.15694744784237180  3.25881166956018120 5.15137831646844724  3.25601168783019901 5.14597064648361346  3.25318708568366555 5.14072372146584655  3.25033916322490901 5.13563644272230757  3.24746921117901755 5.13070737045238356  3.24457850051005403 5.12593476491074718  3.23632534995062082 5.11283813584655178  3.23091673860029216 5.10488044298397448  3.22544996311943066 5.09743090312731439  3.21993224980658654 5.09047408757762732  3.21437036424308697 5.08399267187878046  3.20877048498817041 5.07796818972820763  3.20313811285385164 5.07238165371199923  3.18343246369817656 5.05439059726192141  3.16922305129856552 5.04415311611293138  3.15491429677559099 5.03619850831779647  3.14055889849271219 5.03024807981699773  3.12619625273203061 5.02606136823492466  3.11185322331822922 5.02343664584043648  3.09754568085277171 5.02220613393780368  3.06605579924596716 5.02226757999394735  3.04890280795349966 5.02413522028017745  3.03184068580015964 5.02759375585985779  3.01488420589048634 5.03246180908745888  2.99804415504742439 5.03859958459552093  2.98132825343518260 5.04589754113908828  2.96474170163983608 5.05427017243328081  2.92180078363369944 5.07875214913182216  2.89566311201382787 5.09646272788698163  2.86989159009756012 5.11650207926719958  2.84450021132884201 5.13871082080389563  2.81950267312282010 5.16299585679509221  2.79491281533184388 5.18931876162980998  2.77074504152361722 5.21768738095873452  2.73147696517177296 5.26812324414210131  2.71612838360745501 5.28898262751870352  2.70097265770970507 5.31076337254751429  2.68601514363753768 5.33349266394230348  2.67126276047175937 5.35720724014972838  2.65672393337553059 5.38195458377619929  2.64240862959242939 5.40779657099740163  2.61732969046330988 5.45592595328335328  2.60647616726622022 5.47775023299230845  2.59577255933740370 5.50033252138454731  2.58522594542433248 5.52371981178357174  2.57484594881459428 5.54796634847773529  2.56464468595866535 5.57313543330702110  2.55463693481178833 5.59930424203978294  2.53711664209482057 5.64807769985558217  2.52952677667783821 5.67025789748982678  2.52207831380135072 5.69316947288142927  2.51478258411488298 5.71686856407145072  2.50765513792007066 5.74141599060624674  2.50071564776480670 5.76687888532070581  2.49398822394429276 5.79333577054705984  2.48199001186459611 5.84430949635312746  2.47665638298149338 5.86850382918234459  2.47151709256594287 5.89354398345551544  2.46659631330753326 5.91949260077617279  2.46192626818371529 5.94640346429867606  2.45754653558722680 5.97432164548766931  2.45350347112494305 6.00328359957488278  2.44638913809191028 6.06176339828921140  2.44327434236672314 6.09119944450725903  2.44055973384190628 6.12158296188748174  2.43830274135174463 6.15283391750256126  2.43655856829467954 6.18482964759149922  2.43537499096381183 6.21739755850644737  2.43478356422588105 6.25029743866492105  2.43478356422588105 6.28318530717958623 
 0.00000000000000000 9 0.10140852587960617 7 0.12651337119828845 7 0.15535054006251053 7 0.20966222809957030 7 0.25127693723636796 7 0.26929591721024998 7 0.30237717082453036 7 0.38446842511793955 7 0.48357583761522299 7 0.64311348310426986 7 0.74757207843692153 7 0.82917215780577047 7 0.89351279453430255 7 0.94820168341557354 7 1.00000000000000000 9
7 0 0  7 32 6  3.14159265358979312 64.98461356351978679  3.11098300936059990 64.98461356351978679  3.08035951561580035 64.95111567380816098  3.04998173578323550 64.88406523779647728  3.02003958743864365 64.78509117131110884  2.99067731810357618 64.65674304985874699  2.96200332189871496 64.50206154079673126  2.91400381439563416 64.19622924810362008  2.89429744621015406 64.05614819476055288  2.87499076811525267 63.90507122482431868  2.85608934743329934 63.74404361442659450  2.83759173961943123 63.57403458675883456  2.81949070346378727 63.39590267161052850  2.77334580752748616 62.91269371315342340  2.74591774314605441 62.59609351936586563  2.71942744484129051 62.26352177998818860  2.69381862714368570 61.91743230289569766  2.66903497171014381 61.55981914746789840  2.64501705510829010 61.19222120887786787  2.58601101898062558 60.23932001229371025  2.55199332251486499 59.64245789830532374  2.51943032336560035 59.02917136758525629  2.48817355600454970 58.40248492619156195  2.45809414210748178 57.76471844872172312  2.42907884675357844 57.11748030108740437  2.36418030522168854 55.60073176623824764  2.32901105260823149 54.72555446841529658  2.29528629494282121 53.83882428675696730  2.26285041135483755 52.94253884103032703  2.23157310148546451 52.03823815060400904  2.20134355892063560 51.12701386283296046  2.17206054347402588 50.20954358382921612 
 0.00000000000000000 8 0.14357675231486400 6 0.24693928612154797 6 0.41278750868113478 6 0.66666727211335952 6 1.00000000000000000 8
7 0 0  7 32 6  2.43478356422588105 0.00000000000000000  2.43478356422588105 0.02915204212304126  2.43525793549656111 0.05831727443197370  2.43620744994188199 0.08724434471592338  2.43760997184609085 0.11574821907959587  2.43943123311061383 0.14368809177128430  2.44163024735005330 0.17095814888170824  2.44598764372462396 0.21657807082388295  2.44798597810476171 0.23529838030942704  2.45014433757543060 0.25362896781170630  2.45244867763975316 0.27156399663579828  2.45488597969543676 0.28910444610154107  2.45744472698712624 0.30625690846779269  2.46440005136256923 0.34995129723590840  2.46897081987773159 0.37589017282423320  2.47378823965325889 0.40090767423717727  2.47881962311083504 0.42505669281697400  2.48403838400280108 0.44839035290334295  2.48942409401027920 0.47096471337382734  2.50344211758575508 0.52632406291931177  2.51227400132027556 0.55814379884537102  2.52140574957058350 0.58850370303949173  2.53079782339440706 0.61754262663330040  2.54041976135650849 0.64538043067406592  2.55025080054327358 0.67212134127450918  2.57344736693143039 0.73165992683142922  2.58694847281396845 0.76371427935128255  2.60075002278815948 0.79423057955943288  2.61482679371958371 0.82334471238603824  2.62915924238010001 0.85116607706320413  2.64373388023268152 0.87778230517950917  2.65854334915520285 0.90326688215906403 
 0.00000000000000000 8 0.14357675231486400 6 0.24693928612154797 6 0.41278750868113478 6 0.66666727211335952 6 1.00000000000000000 8
7 0 0  7 26 5  0.96953205708273427 14.59457515993632803  0.98125640629740307 15.42016688020882853  0.99365332349934421 16.24338999557149421  1.00670507246695173 17.06425668927232664  1.02039541688109159 17.88276629186854194  1.03470992060842848 18.69890513774025109  1.04963624798475164 19.51264642160408513  1.09066760591947820 21.65641422682321249  1.11779045301585112 22.98210335056343823  1.14649759835243104 24.30134927204091255  1.17677249337976986 25.61425307706906551  1.20861663375907402 26.92064590608712038  1.24204998666287558 28.22006003425407172  1.32726725292139047 31.35932148117854723  1.38074926132212017 33.19081310875970559  1.43774426205195960 35.00643501635574495  1.49848364378340770 36.80258147662112123  1.56325011387912305 38.57262543385158438  1.63239343523557645 40.30711409982541937  1.76385763314988053 43.30321009753190253  1.82470425772705425 44.59432247305269215  1.88866044023434743 45.84697866687531587  1.95550345223432176 47.04545945564420606  2.02507740770459144 48.17772538404084770  2.09727832599682529 49.23469536159609561  2.17206059650705896 50.20954427515881946 
 0.00000000000000000 8 0.14673486321279838 6 0.38772841966912663 6 0.73245210370747471 6 1.00000000000000000 8
7 0 0  7 26 5  3.33040726411027777 27.49242190247033690  3.31715830607887119 27.62506778208001634  3.30389939471967953 27.76267824202918177  3.29062640627068870 27.90447572673752674  3.27733532829275109 28.04966413498914335  3.26402223949546144 28.19743054817084982  3.25068328956300556 28.34694695851050028  3.21535841760676266 28.74442620302966134  3.19332544190087431 28.99389348149844992  3.17119062244076533 29.24213344018772176  3.14893101813699472 29.48537862732803561  3.12652619979538438 29.71965826135254218  3.10395863785181936 29.94068153209404315  3.04867983143560384 30.43405563583829476  3.01578761257447114 30.68751431490410653  2.98245150447800533 30.89051494083989624  2.94863858351183428 31.02685503327225192  2.91436204524786691 31.07681365109166194  2.87968591110425587 31.01651078700707131  2.81764981798139402 30.66103338493367048  2.79017105098773932 30.42020975202306587  2.76267381668190604 30.07925977636164916  2.73546924525197088 29.62531581599895958  2.70884972798780010 29.04774336041415594  2.68310720248709744 28.33848677732314414  2.65854333173534396 27.49242190247033335 
 0.00000000000000000 8 0.14673486321279838 6 0.38772841966912663 6 0.73245210370747471 6 1.00000000000000000 8
1 2.12560735977496806 0.00000000000000000 0.00000000000000000 1.00000000000000000 
7 0 0  7 128 22  2.08816864889253795 48.04431887572809501  2.09306145115187725 48.23534166289969960  2.09764241914881344 48.42832385620728530  2.10190760735167181 48.62311267417146610  2.10585324566142384 48.81956096104797638  2.10947575249368313 49.01752715287891249  2.11277174786070621 49.21687524354398136  2.12003401909177969 49.70799175213166166  2.12363878032206488 50.00115144957292301  2.12654046604564240 50.29641987198525754  2.12873004732996085 50.59327271027549244  2.13020135178072811 50.89119507466593717  2.13095106491412123 51.18968125195266339  2.13100844761390329 51.80890370986714544  2.13020515277387190 52.12952902537733024  2.12856933579303842 52.44949215169037871  2.12610517069741123 52.76817190244337041  2.12282055988008755 53.08493747009696051  2.11872717848396386 53.39914182555985889  2.10950506012578831 53.98601184936901376  2.10454532897068303 54.25935727396101527  2.09896971470824667 54.52984000036612144  2.09278700458155020 54.79712486854985798  2.08600629515046743 55.06085277490929997  2.07863690249702504 55.32064040547387407  2.05514269528126370 56.07565730637915635  2.03739882258408489 56.55804669595625001  2.01749120827939166 57.02169607583559241  1.99542269624836677 57.46422242168545580  1.97117469766479614 57.88213687436208943  1.94471847923257157 58.27049956727793756  1.89799848383683867 58.84361894344554145  1.87903885071543741 59.05099226438749582  1.85917319201539977 59.24225342982828835  1.83843065204153921 59.41500302438201686  1.81684582461381194 59.56672724238348593  1.79445922564629212 59.69476951698853640  1.75477226035714295 59.86889014673705134  1.73784536966151637 59.92790608498251004  1.72062445082875315 59.97201997115185179  1.70319643526272024 60.00025040217447980  1.68564816731238909 60.01194845878831075  1.66806609944940520 60.00679533974082602  1.63305928046333593 59.96288645893904601  1.61568349723326121 59.92429451236952076  1.59849180245821998 59.86921640696579061  1.58156560823021386 59.79815921327389816  1.56498463010652644 59.71195260501095703  1.54882636411514918 59.61175518310431443  1.50909040515959747 59.32584123549505506  1.48620765557099865 59.12322598900918535  1.46454576721551666 58.89503230889876306  1.44412605856831688 58.64478219472730558  1.42496221489781627 58.37576292234258801  1.40706004990887013 58.09107178211016986  1.37607426310873215 57.53733663751145144  1.36263319090135271 57.27097125867654626  1.35007421910380532 56.99589599708296106  1.33837850861471486 56.71322721937828959  1.32752862489396284 56.42388564537742468  1.31750916667940277 56.12862535988348611  1.29054409352802724 55.24785035543569478  1.27581561748889727 54.64747609948533835  1.26407071988953601 54.03237348507177984  1.25527754089523169 53.40681776013467896  1.24941707786612777 52.77437589103023186  1.24648219878585054 52.13825942866497343  1.24648219878585054 51.10906506039246011  1.24759765574200787 50.71660134963629218  1.24982813532318127 50.32499067753015964  1.25317418397832325 49.93504015351599179  1.25763743780941128 49.54758827527397358  1.26322073144437752 49.16353067544537225  1.27410252110407041 48.54755373614961655  1.27871230312581141 48.31295123519138457  1.28375940005791933 48.08023218980354585  1.28924608130228102 47.84961437649240423  1.29517512592671724 47.62133959587281140  1.30154991001168741 47.39567374459379323  1.31747619002368599 46.87581094345256361  1.32737709531738113 46.58389878419079366  1.33808949136857236 46.29776813987478334  1.34962820727076260 46.01814720363076106  1.36201003821335265 45.74592231312937685  1.37525316397452468 45.48216563239996191  1.39871105260951323 45.06028648750011456  1.40843229774384437 44.89663046079873254  1.41854424733013684 44.73760503411755707  1.42905026989736816 44.58365979128069512  1.43995328769520770 44.43528385843063688  1.45125590639875912 44.29300614309958917  1.47684860640310212 43.99648774518984595  1.49132296365080230 43.84473232191952263  1.50635645381178662 43.70352501178098947  1.52191906946333333 43.57415794850107460  1.53797821831984116 43.45782719188712662  1.55449898304806866 43.35564022849201393  1.59330038163342080 43.15639015277292856  1.61584320100517753 43.06949313056269801  1.63885681940347405 43.01074102460616899  1.66211781127794511 42.98163753282106114  1.68539820026791731 42.98244176634612757  1.70846690210564534 43.01217950596596751  1.74760700037564121 43.10980265923459598  1.76387595223423821 43.16519997186615853  1.77985744721937644 43.23401798354980485  1.79551332007751752 43.31540107238843262  1.81080655877717711 43.40841326560438063  1.82570145915122262 43.51203417551172237  1.85150873671502603 43.71389243702454763  1.86259885545354620 43.80856433610404821  1.87343204985909684 43.90877695155889171  1.88400654438021964 44.01416035583245190  1.89432091880845510 44.12436785862802680  1.90437415327716653 44.23907549055739707  1.92913813191560202 44.53980362630289136  1.94350264542097118 44.73149115702924661  1.95726417462899316 44.93206903677283748  1.97042819993537988 45.14071389352336894  1.98300008322115517 45.35673889888660426  1.99498442979477697 45.57957864151563143  2.02094674192946977 46.10154624940393830  2.03456029190367182 46.40478390488887328  2.04722116980509661 46.71735363841253275  2.05892311244055781 47.03831341471959604  2.06965709259899766 47.36688091226493924  2.07941088777503813 47.70240194359480057  2.08816864889253795 48.04431887572809501 
 0.00000000000000000 8 0.03068097113341711 6 0.07511449867627096 6 0.12283954502423897 6 0.16518136774278425 6 0.24799162136299996 6 0.30003393775879927 6 0.33724563076390224 6 0.37434438854425861 6 0.43137298743144592 6 0.48051972277726634 6 0.57539365184615276 6 0.63388382019955125 6 0.67028445128930125 6 0.71883063081784615 6 0.75091592782433836 6 0.78898652557984217 6 0.83808959201943034 6 0.87394039122467948 6 0.90206352574208937 6 0.94506731570929647 6 1.00000000000000000 8
7 0 0  7 128 22  -0.00000000000000089 8.49493646246982337  0.02460005563051338 8.44653705081648809  0.04913810308618762 8.40073680547850721  0.07362163541401522 8.35768805445481000  0.09805819923356125 8.31753199407630639  0.12245549677544333 8.28039797023370561  0.14682148791981259 8.24640275960532421  0.20641909835547456 8.17111214017454657  0.24162766092732949 8.13337179532458165  0.27679871807023593 8.10276750310356775  0.31194162423369481 8.07955918406817908  0.34706663067885407 8.06392496124779790  0.38218496596049351 8.05595812882915219  0.45503475668721766 8.05534833351452839  0.49275281901266016 8.06388478461186686  0.53047808070536262 8.08127002429291075  0.56822497117061166 8.10738742516291033  0.60600705445620995 8.14200682311875745  0.64383641121607005 8.18478851379073724  0.71533558158869270 8.28009811773261717  0.74899228915597116 8.33098092974922011  0.78271859800144206 8.38765730928365016  0.81653874832268591 8.44980100800040113  0.85047614735544896 8.51704542413290433  0.88455405143368371 8.58898676604220945  0.98576561318828992 8.81421666616919808  1.05328877319049052 8.97937142747764838  1.12173349797917465 9.15774246756878263  1.19145572164288227 9.34618268968128163  1.26281894263247829 9.54111913640384302  1.33620032189475757 9.73825557096990480  1.45967801006383824 10.05447081433894496  1.50842070352264135 10.17565765934706867  1.55826769054160552 10.29444927074190552  1.60924664399692996 10.40918855405911359  1.66139749589570473 10.51814592270643622  1.71477468780618514 10.61957019476135144  1.80854944177092625 10.77766804574594595  1.84829951488720745 10.83883820217215899  1.88856738276136782 10.89437161881319049  1.92923213731004006 10.94355074978437870  1.97018214760882238 10.98586456009923218  2.01130988660894383 11.02102222771255313  2.09357948274047567 11.07679179091924482  2.13460508081352840 11.09736898880648326  2.17547960305545018 11.11068261441690197  2.21609796500985867 11.11694421210021133  2.25634947686321841 11.11656404468560844  2.29611276666365738 11.11012485303264086  2.39541353283857461 11.08022564212259908  2.45405460906908601 11.04949335928619902  2.51127287464447280 11.00859146002353306  2.56713815066993689 10.95989170692780057  2.62170090606030604 10.90560612318302880  2.67499582973019523 10.84773039064910805  2.77188941488720841 10.73655170882407539  2.81591480494579782 10.68360223811799337  2.85919850752926763 10.63018179368793881  2.90181910621089889 10.57716155446490980  2.94385209144400095 10.52528703352040829  2.98537147973683181 10.47519703140033798  3.10575306961489561 10.33525637392302876  3.18347216938809874 10.25170998726279770  3.25999051951398888 10.18095645366437374  3.33564035352473542 10.12594463438442283  3.41073075160147043 10.08859452590978556  3.48556825209283749 10.06989016906455525  3.60664994247784021 10.06989016906455525  3.65282211334652063 10.07699950613206319  3.69905483887013986 10.09121413026227643  3.74541372843454434 10.11239046901415684  3.79196487320324227 10.14024211475008030  3.83877637070489230 10.17433651187551291  3.91525900889551481 10.23883275770494627  3.94472723870388586 10.26576662330932876  3.97434715646173542 10.29475743719857306  4.00414078771368143 10.32564786473378682  4.03413033070734439 10.35825762378671833  4.06433892116757800 10.39238206819608834  4.13540474134585612 10.47501405287040299  4.17644806866845197 10.52451721864554202  4.21799282857574287 10.57576729850393527  4.26011044515399551 10.62814758496636891  4.30287383463678275 10.68093972359444876  4.34635892300326798 10.73330580346523178  4.41991662895998783 10.81795416408339428  4.44954453332737820 10.85103378750885383  4.47954753867902244 10.88322047140999871  4.50994312516925167 10.91419832556215930  4.54074946007445401 10.94362502231754775  4.57198626676112330 10.97113240289456826  4.64127657433437779 11.02622166613205401  4.67956952935061032 11.05290392436943492  4.71850275700233812 11.07562598867122006  4.75803507744265719 11.09364170347276612  4.79813433571372716 11.10622952701360155  4.83877580478244518 11.11271543099817016  4.93303450442621738 11.11221252277910843  4.98695150516132735 11.10077436796408001  5.04132306980699152 11.07692346198449407  5.09582363408412142 11.04001632108643882  5.15014438627788262 10.99017566728448436  5.20396620045177460 10.92832556046418979  5.29560252490070926 10.80338419787477200  5.33379201558799032 10.74516712903713689  5.37148210038063656 10.68194656079328198  5.40864976091147120 10.61429154678684839  5.44526610048477089 10.54283613629973715  5.48129540542678306 10.46826323666120651  5.54446277128311316 10.33090567789075642  5.57187110137082975 10.26898433901579821  5.59893437118138060 10.20578239196322912  5.62566635715442764 10.14154968782816901  5.65207986152889852 10.07652653584893798  5.67818713618460613 10.01094224338629068  5.74347187226003086 9.84420060011659181  5.78226633336768625 9.74255532646757949  5.82044628457398261 9.64080232480233690  5.85807177278409075 9.53959581225770314  5.89520122176873684 9.43952914239887875  5.93189235689176275 9.34114421435766751  6.01458620975020430 9.12205154385070038  6.06036367845838608 9.00268272494312605  6.10562497821939587 8.88796143431401831  6.15045529390458512 8.77891799749845525  6.19493731408273174 8.67649694460295251  6.23915299210328023 8.58156789840787759  6.28318530717958534 8.49493646246982337 
 0.00000000000000000 8 0.03068097113341711 6 0.07511449867627096 6 0.12283954502423897 6 0.16518136774278425 6 0.24799162136299996 6 0.30003393775879927 6 0.33724563076390224 6 0.37434438854425861 6 0.43137298743144592 6 0.48051972277726634 6 0.57539365184615276 6 0.63388382019955125 6 0.67028445128930125 6 0.71883063081784615 6 0.75091592782433836 6 0.78898652557984217 6 0.83808959201943034 6 0.87394039122467948 6 0.90206352574208937 6 0.94506731570929647 6 1.00000000000000000 8
7 0 0  4 59 20  2.11940080626985550 53.32044860583749823  2.11948226104165460 53.32150624192866673  2.11956371844654967 53.32256376571633183  2.11964517848340517 53.32362117717759986  2.11980809592705777 53.32573567297557560  2.11988955333334506 53.32679275733403301  2.11997101336880878 53.32784972934214096  2.12013385491539053 53.32996236168250448  2.12021523642110665 53.33101802224577881  2.12029662054832180 53.33207357064408427  2.12045095029059594 53.33407494314242570  2.12052389539014063 53.33502078931355328  2.12059684259372050 53.33596654535158166  2.12074830290808336 53.33792997528716739  2.12082681635179160 53.33894763491463209  2.12090533223062971 53.33996519010201354  2.12106511432150802 53.34203566765582138  2.12114638070674699 53.34308858258941655  2.12122764969816169 53.34414138560708807  2.12138736336412714 53.34621011759595888  2.12146580786044225 53.34722605422590647  2.12154425478255027 53.34824188655576194  2.12170387297379515 53.35030855344481182  2.12178504441395921 53.35135938064597383  2.12186621844879619 53.35241009614623664  2.12202856392567085 53.35451120301110706  2.12210973536721204 53.35556159439711621  2.12219090940067190 53.35661187405872852  2.12235036477352468 53.35867472057323369  2.12242864593124470 53.35968729526211263  2.12250692949707132 53.36069976601990561  2.12266628975857863 53.36276055715568134  2.12274736662877928 53.36380886999691597  2.12282844607947085 53.36485707132786160  2.12298215404930879 53.36684394505329010  2.12305478205850218 53.36778263949829437  2.12312741213630174 53.36872124444511911  2.12327543979454836 53.37063398212627874  2.12335083753533338 53.37160810791968402  2.12342623750334036 53.37258213724015121  2.12357979515751349 53.37456556546754172  2.12365795300923255 53.37557495719921974  2.12373611325181244 53.37658424524482115  2.12389516216404806 53.37863777986184033  2.12397605100315801 53.37968201907988686  2.12405694240045850 53.38072614721642850  2.12421592391569369 53.38277796197979086  2.12429401385928607 53.38378565618175031  2.12437210618459682 53.38479324683545002  2.12453099371743681 53.38684302902372281  2.12461178909231219 53.38788521327825265  2.12469258701412711 53.38892728666268539  2.12485139448000071 53.39097518846064361  2.12492940385107110 53.39198102440923321  2.12500741559397399 53.39298675698112362  2.12521591651762920 53.39567440671419973  2.12534640996019952 53.39735613800915104  2.12547691003070804 53.39903757994910904  2.12560741672444520 53.40071873244189504 
 0.00000000000000000 5 0.05254367308402783 3 0.10508225599471498 3 0.15756680550328467 3 0.20460616178278382 3 0.25523182799574939 3 0.30762766716496659 3 0.35819930888328783 3 0.41052404935684450 3 0.46284377507827523 3 0.51329577027319828 3 0.56554471686873231 3 0.61234459159666565 3 0.66092501722813368 3 0.71127932771912661 3 0.76338827953981636 3 0.81368945443923513 3 0.86572850189026640 3 0.91596843244017112 3 1.00000000000000000 5
7 0 0  4 59 20  2.64009858236597372 0.06506224885714573  2.64007251299132362 0.06421268046660358  2.64004644519387588 0.06336293364684766  2.64002037897447162 0.06251300840278896  2.63996825221844933 0.06081288342989619  2.63994219168152533 0.05996268373562295  2.63991613272402192 0.05911230566157017  2.63986404476829772 0.05741206752022682  2.63983801576682797 0.05656220781963842  2.63981198834320985 0.05571217011602429  2.63976263679570167 0.05409994731554351  2.63973931236123027 0.05333779723681011  2.63971598919547246 0.05257550418184711  2.63966756732662633 0.05099250352727897  2.63964246882446307 0.05017177329600769  2.63961737179329514 0.04935087746500467  2.63956630318515284 0.04768004544533044  2.63954033171290003 0.04683009747382354  2.63951436181795085 0.04597997212949476  2.63946332928927641 0.04430897058372269  2.63943826654757574 0.04348810651763971  2.63941320527678913 0.04266707722390634  2.63936221696435735 0.04099622095005796  2.63933629002651227 0.04014638231626314  2.63931036466496405 0.03929636681103034  2.63925851958063218 0.03759606354971386  2.63923259985754610 0.03674577582752857  2.63920668171211581 0.03589531127827707  2.63915577375821675 0.03422439507254283  2.63913078383906052 0.03340395581524529  2.63910579538844825 0.03258335214004078  2.63905493146315706 0.03091258262267550  2.63902905609500582 0.03006240486012514  2.63900318230349828 0.02921205076934184  2.63895413610310037 0.02759969223468806  2.63893096338233590 0.02683772265066519  2.63890779192776481 0.02607561160742872  2.63886057001781049 0.02452210590509953  2.63883651966065402 0.02373070027759862  2.63881247066917624 0.02293914223074753  2.63876349733441895 0.02132681247839626  2.63873857309274351 0.02050602943899772  2.63871365031975680 0.01968508265560304  2.63866293930735729 0.01801424927442798  2.63863715117213626 0.01716435106656809  2.63861136461135581 0.01631427751493708  2.63856068917954856 0.01464327678445767  2.63853580020111922 0.01382236156033267  2.63851091269128668 0.01300128295760174  2.63846028081393724 0.01133042563404659  2.63843453654970395 0.01048063542930371  2.63840879385890581 0.00963067037253857  2.63835820155904788 0.00795978197775637  2.63833335184301898 0.00713887052049599  2.63830850359500735 0.00631779610251082  2.63824209796431264 0.00412295285216568  2.63820054322187136 0.00274889108934819  2.63815899259186670 0.00137437346399231  2.63811744607773946 -0.00000060000000000 
 0.00000000000000000 5 0.05254367308402783 3 0.10508225599471498 3 0.15756680550328467 3 0.20460616178278382 3 0.25523182799574939 3 0.30762766716496659 3 0.35819930888328783 3 0.41052404935684450 3 0.46284377507827523 3 0.51329577027319828 3 0.56554471686873231 3 0.61234459159666565 3 0.66092501722813368 3 0.71127932771912661 3 0.76338827953981636 3 0.81368945443923513 3 0.86572850189026640 3 0.91596843244017112 3 1.00000000000000000 5
7 0 0  6 92 19  2.11940080626985372 53.32044860583749113  2.11440437286052862 53.70967993267782248  2.10813777846855688 54.09453671436053668  2.10062502432760612 54.47406251954876666  2.09189243816702053 54.84722536343995358  2.08196860569708919 55.21288734866933368  2.05723222801479944 56.00933707506219861  2.04182229342606592 56.43550704400771423  2.02468227633892184 56.84690486730958270  2.00581929007449533 57.24161846863669467  1.98522682077140344 57.61691856436036119  1.95540669827479818 58.08695731623538450  1.94772454228946401 58.20235152979776672  1.93984407547460846 58.31501963184863513  1.93176418233296565 58.42480458514160802  1.92348385333230332 58.53152951086990896  1.90354561970162606 58.77475673910117848  1.89171897692828073 58.90860732632285135  1.87952329907147142 59.03601467357513144  1.86696068450595587 59.15639159194935104  1.85403413201724976 59.26909658123304325  1.83014796037071292 59.45666484945184749  1.81931791860075509 59.53458215938842812  1.80826785633108655 59.60675758569478688  1.79700885888907913 59.67277832647501867  1.78555252506004547 59.73224327976898707  1.75465374830437071 59.87163571188255418  1.73485571428535668 59.93965456407889292  1.71466542822419621 59.98648414231925585  1.69423241373569278 60.01056883890274207  1.67370569612440478 60.01109719775839579  1.63228161355913182 59.96440104715070163  1.61146365758528543 59.91614558866942275  1.59093771582394394 59.84354063543841562  1.57085798713277991 59.74771651430553732  1.55137429443447861 59.63064595401804979  1.52034241751539523 59.40642455418792878  1.50835875055352475 59.30965310480504371  1.49668902814083116 59.20543978307780009  1.48534438208611141 59.09435783625318805  1.47433496117035534 58.97699674170720385  1.45017148039762955 58.69824984690976777  1.43722088190724473 58.53340835388608099  1.42481421643385353 58.36040075997582477  1.41294724163432117 58.18009976185310705  1.40161482974404783 57.99329113288529669  1.37385427396943260 57.49838190277253602  1.35819110061507509 57.18164685674573633  1.34378527355013655 56.85290471563310888  1.33060309286636058 56.51404128390703363  1.31861516696276881 56.16650249907235093  1.29988188821129280 55.55150120939850211  1.29259331115658549 55.28757084283520129  1.28592592688396423 55.02011695322732976  1.27987430669599700 54.74958801826377197  1.27443430149849291 54.47637712738107751  1.26188617780855838 53.76072931234463681  1.25572140505977714 53.31464461983227920  1.25110142578973926 52.86424165089449190  1.24802218409677956 52.41100724503837682  1.24648219878585054 51.95632860820387577  1.24648219878585076 50.94786444326412322  1.24876548063495596 50.39433225473587186  1.25332914399265483 49.84340517303600393  1.26017802199961615 49.29753524217434091  1.26932188203140295 48.75944994225448426  1.28383588518747316 48.09185886475412985  1.28705635310749034 47.95208472825788704  1.29044232602408182 47.81313508722178085  1.29399449685651380 47.67506865370624070  1.29771369776167900 47.53794681179724790  1.30617368250449917 47.24171434540350134  1.31097882632558704 47.08299589542548347  1.31601805942194772 46.92577735946171202  1.32129332161440938 46.77017056182986465  1.32680676472003767 46.61630005937582411  1.33912424494557691 46.29092241082428671  1.34600067758078024 46.11998094065905462  1.35319406511635432 45.95167055321784488  1.36070859690362678 45.78621523807431259  1.36854872466058719 45.62387100303612186  1.38660426142424220 45.27262770597318564  1.39697419134129075 45.08527899496751701  1.40783641717502128 44.90342138417982909  1.41919760614727863 44.72767844309751695  1.43106403757132772 44.55875569752407728  1.46110178509558963 44.16728858047753192  1.47984991276930522 43.95200930626297264  1.49963764727331461 43.75505130530089559  1.52040474718683716 43.57960902004919035  1.54208156000998309 43.42866580409972244  1.56459119175812034 43.30503671023944889 
 0.00000000000000000 7 0.07537919589334433 5 0.16822060508488412 5 0.19933421126967343 5 0.24136073718903903 5 0.27488715398551122 5 0.33034602987318207 5 0.38710242758700464 5 0.42429860615449749 5 0.47137573285909645 5 0.54525869627120749 5 0.59933490628071762 5 0.68570084184623870 5 0.79086274165203607 5 0.81890518247958777 5 0.85189342614535679 5 0.88952264829377348 5 0.93504790685967920 5 1.00000000000000000 7
7 0 0  6 92 19  0.63453115368989987 0.06506224885716350  0.68140890115608022 0.11717475001881701  0.72833748555991085 0.18202364487981540  0.77538935138604137 0.25886930691082088  0.82263243640308892 0.34675075521638826  0.87013178407391445 0.44450853829192472  0.97684828030492710 0.68173175697497690  1.03621960829970861 0.82558888682057507  1.09631814452728404 0.98017141401063235  1.15739313159668278 1.14306926534648201  1.21970354630509670 1.31151140829769441  1.30492205951747176 1.53941209329778617  1.32648700558517074 1.59688047004811318  1.34823870446826910 1.65449342878830596  1.37018939330749223 1.71212293468237942  1.39235127591317109 1.76963199108320812  1.44497326714815522 1.90419482011399777  1.47562486784601621 1.98104733517161180  1.50671267509789497 2.05704775591066635  1.53825834383372473 2.13178202386084381  1.57028532809021026 2.20481166248889959  1.62877502034766142 2.33221298650831299  1.65505639746680733 2.38737831834745862  1.68165671678897355 2.44089503945672304  1.70857035965357795 2.49248851153867568  1.73579365788633377 2.54189391017382338  1.80886604877993973 2.66655251664063897  1.85532990572748102 2.73770883200316995  1.90248394707979607 2.80076063770973782  1.95013038830319685 2.85453489682033368  1.99808691800782623 2.89836456626070316  2.09537957041822409 2.96658462664254685  2.14454120898122103 2.99036966014431149  2.19345619831965433 3.00339814302834363  2.24192415815911428 3.00618194228001467  2.28972402210112591 2.99974035594861066  2.36730914088070099 2.97605744457145782  2.39766244949031782 2.96329189857616626  2.42765012030405458 2.94748230613042894  2.45726658801310371 2.92898421116280971  2.48650327232141732 2.90815553603360888  2.55185611855093386 2.85648350093065595  2.58774669349884379 2.82444165031754979  2.62305687204622684 2.78988615759556069  2.65781805108631231 2.75342471319060289  2.69205910860295994 2.71560747032243732  2.77877671256806069 2.61621602797753949  2.83055911372454361 2.55334807688113763  2.88130800293924372 2.49016593867820468  2.93116308572238404 2.42816085180955410  2.98025810974256133 2.36854061826557194  3.06420184663937256 2.27113644869783871  3.09933830311101621 2.23178689679330367  3.13417934592729663 2.19465130705517764  3.16876422829658422 2.16006995209175567  3.20313091684238094 2.12832824079203098  3.29192063125920065 2.05387764464140465  3.34606785443110200 2.01593647798702014  3.39988289429133461 1.98682851134427119  3.45348031406506051 1.96720521207803078  3.50697187802943589 1.95739016906454588  3.62561472096352500 1.95739016906454544  3.69073619854464985 1.97194189329272374  3.75604853749703338 2.00102703827900985  3.82176019871723360 2.04393472334433834  3.88808351998281587 2.09925114315140648  3.97316842288078087 2.18226181201588698  3.99114317267537233 2.20046602185334139  4.00918565390512516 2.21935846095245237  4.02730140643693613 2.23889490137996461  4.04549628658955474 2.25902729791540002  4.08528069544768968 2.30402695945194180  4.10690239199657459 2.32910213474165806  4.12865222373703222 2.35484593495047889  4.15054107094939351 2.38116578979918225  4.17258002723751442 2.40795993769904859  4.22010404965061081 2.46609558758690639  4.24563759724237055 2.49754606279359992  4.27139990050438811 2.52930570129973775  4.29740937635023723 2.56119296092115700  4.32368484083503635 2.59300614953246411  4.38238146917025162 2.66265033454621936  4.41493955066674904 2.70034835811558160  4.44795171151625723 2.73721411700379802  4.48144818133378298 2.77279474272225146  4.51546080871452471 2.80658524909776341  4.59934002638758166 2.88288738626261454  4.64990979221659462 2.92308711158114276  4.70163643513071516 2.95676318318785780  4.75445563680752148 2.98197116917481253  4.80833235542604864 2.99682147606137894  4.86325599009223808 2.99961496422719875 
 0.00000000000000000 7 0.07537919589334433 5 0.16822060508488412 5 0.19933421126967343 5 0.24136073718903903 5 0.27488715398551122 5 0.33034602987318207 5 0.38710242758700464 5 0.42429860615449749 5 0.47137573285909645 5 0.54525869627120749 5 0.59933490628071762 5 0.68570084184623870 5 0.79086274165203607 5 0.81890518247958777 5 0.85189342614535679 5 0.88952264829377348 5 0.93504790685967920 5 1.00000000000000000 7
7 0 0  7 14 3  1.01598523686534836 26.50213572636419812  1.04510576689616275 27.65159644232037905  1.07523771533853152 28.79623007753249198  1.10639194740823554 29.93661145818656877  1.13858911087053127 31.07290176247166258  1.17185745029538069 32.20489344632397177  1.20623271839482160 33.33205162382967757  1.28271519320210814 35.74638414837156120  1.32520365014448704 37.03177103915102464  1.36932830475700351 38.30949214062556507  1.41519974232048296 39.57826563073442117  1.46293885660564604 40.83590923927741301  1.51268177763786538 42.07941895856247072  1.56459119175811923 43.30503671023940626 
 0.00000000000000000 8 0.46451773608496377 6 1.00000000000000000 8
7 0 0  7 14 3  3.15380041830023172 -0.00000060000000000  3.13512082967526506 0.30680324969699485  3.11634436328103037 0.60744407913944387  3.09744775754261559 0.89950958545208215  3.07841279404660417 1.18044174651270550  3.05922568478867074 1.44745868906067110  3.03987663719908507 1.69748417525543127  2.99786093201326143 2.19176138922100083  2.97513774910869611 2.42931045015598057  2.95216256656579912 2.63467817168446272  2.92892233724629492 2.80193255140865904  2.90541734034611521 2.92412724801217827  2.88166194590652447 2.99317290708196815  2.85768856141616512 2.99961496422719875 
 0.00000000000000000 8 0.46451773608496377 6 1.00000000000000000 8
1 1.01598529381482505 0.00000000000000000 0.00000000000000000 1.00000000000000000 
1 0.00000000000000000 28.00000000000000000 1.00000000000000000 0.00000000000000000 
1 3.46274580264149368 0.00000000000000000 0.00000000000000000 1.00000000000000000 
1 0.96104569140394980 -19.88749999999998863 0.00000000000000000 1.00000000000000000 
1 0.00000000000000000 8.11250000000001137 1.00000000000000000 0.00000000000000000 
1 0.00000000000000000 0.00000000000000000 1.00000000000000000 0.00000000000000000 
1 0.00000000000000000 8.11250000000001137 1.00000000000000000 0.00000000000000000 
1 6.10753777917308582 -19.88749999999998863 0.00000000000000000 1.00000000000000000 
1 3.60583766793554128 0.00000000000000000 0.00000000000000000 1.00000000000000000 
1 0.00000000000000000 0.00000000000000000 1.00000000000000000 0.00000000000000000 
1 0.00000000000000000 8.11250000000001137 1.00000000000000000 0.00000000000000000 
1 4.24814396603894195 0.00000000000000000 0.00000000000000000 1.00000000000000000 
1 1.74644385480139719 -19.88749999999998863 0.00000000000000000 1.00000000000000000 
1 6.28318530717958623 -0.00000000000000000 0.00000000000000000 1.00000000000000000 
1 0.00000000000000000 -0.00000000000000000 0.00000000000000000 1.00000000000000000 
1 0.00000000000000000 0.00000000000000000 1.00000000000000000 0.00000000000000000 
1 0.00000000000000000 8.11250000000001137 1.00000000000000000 0.00000000000000000 
1 0.00000000000000000 8.11250000000001137 1.00000000000000000 0.00000000000000000 
1 0.00000000000000000 0.00000000000000000 1.00000000000000000 0.00000000000000000 
1 0.00000000000000000 8.11250000000001137 1.00000000000000000 0.00000000000000000 
1 0.00000000000000000 8.11250000000001137 1.00000000000000000 0.00000000000000000 
1 0.60975063539094776 -19.88749999999998863 0.00000000000000000 1.00000000000000000 
1 4.39123583133298911 0.00000000000000000 0.00000000000000000 1.00000000000000000 
1 5.03354212943639023 0.00000000000000000 0.00000000000000000 1.00000000000000000 
1 2.53184201819884569 -19.88749999999998863 0.00000000000000000 1.00000000000000000 
1 6.28318530717958623 -0.00000000000000000 0.00000000000000000 1.00000000000000000 
1 0.00000000000000000 -0.00000000000000000 0.00000000000000000 1.00000000000000000 
1 0.00000000000000000 0.00000000000000000 1.00000000000000000 0.00000000000000000 
1 0.00000000000000000 8.11250000000001137 1.00000000000000000 0.00000000000000000 
1 0.00000000000000000 8.11250000000001137 1.00000000000000000 0.00000000000000000 
1 0.00000000000000000 0.00000000000000000 1.00000000000000000 0.00000000000000000 
1 0.00000000000000000 8.11250000000001137 1.00000000000000000 0.00000000000000000 
1 0.00000000000000000 8.11250000000001137 1.00000000000000000 0.00000000000000000 
1 1.39514879878839637 -19.88749999999998863 0.00000000000000000 1.00000000000000000 
1 5.17663399473043739 0.00000000000000000 0.00000000000000000 1.00000000000000000 
7 0 0  8 16 3  6.28318530717958623 29.55384773215402561  6.24705245938196541 29.93237951730389668  6.21064052602209138 30.28562295156833528  6.17375380124509299 30.59873009025315227  6.13628990503459626 30.85401809693269115  6.09821389569751027 31.02975629777052191  6.05955395891967274 31.09942676571015951  6.02040964825619440 31.03086919963078572  5.95791477765335564 30.63987494499115627  5.93459243743242837 30.43348236658224337  5.91123337520714109 30.15675035092719369  5.88802358105287915 29.80216327622029837  5.86513805528608501 29.36319942399892469  5.84274717848142000 28.83446211060697451  5.82102171756834963 28.21179893450027976  5.80013598532513619 27.49242190247033690 
 0.00000000000000000 9 0.63066749472607952 7 1.00000000000000000 9
7 0 0  8 16 3  1.18818368964054777 26.03114515685123109  1.23887826359246400 28.14372109139253553  1.29348429986474844 30.23377349814541404  1.35218176168352389 32.30749074192431181  1.41522202389819984 34.36425604127295230  1.48288986588476179 36.39852312408169865  1.55554394917289662 38.40066893759585298  1.63362934792145764 40.35736582045433352  1.76709553494739247 43.36152312856691537  1.81879406502219054 44.45691358037879581  1.87272841338625007 45.52650203041696386  1.92875978861552122 46.56072196216207715  1.98677927512078156 47.55178837020624627  2.04670433985133648 48.49343327449575014  2.10847605422539042 49.38066703541008451  2.17206059650705852 50.20954427515883367 
 0.00000000000000000 9 0.63066749472607952 7 1.00000000000000000 9
1 6.28318530717958623 -0.00000000000000000 0.00000000000000000 1.00000000000000000 
1 0.00000000000000000 -0.00000000000000000 0.00000000000000000 1.00000000000000000 
1 0.00000000000000000 89.50000000000001421 1.00000000000000000 0.00000000000000000 
7 0 0  8 51 8  6.28318530717958623 11.95826074310129172  6.21567742612244523 11.95826074310129172  6.14815991641468074 11.97941565494440930  6.08068279410923651 12.02173698798773671  6.01328577800789876 12.08587608802440627  5.94601302698222689 12.17317043534180421  5.87892341148026265 12.28569065459473997  5.81210388697916791 12.42650544761740150  5.72926484494849930 12.64269292390364541  5.71285237663264667 12.68758218807792204  5.69646797013592998 12.73452451964283227  5.68011411982267678 12.78358739488684748  5.66379358573728453 12.83484247931211009  5.64750942203442197 12.88836558674034016  5.63126500540922859 12.94423663841871353  5.59645453652695846 13.06951047835322299  5.57790239770855667 13.13969017225072911  5.55941331159370300 13.21320526966097120  5.54099363596878192 13.29018973415444727  5.52265047166486411 13.37078339534041760  5.50439171233740954 13.45513041717792646  5.48622609424595087 13.54337776628681844  5.43414382541091001 13.80950304992974509  5.40048234528320936 13.99772615399995601  5.36725057199780053 14.20130328343995529  5.33452817529435741 14.42119061052129680  5.30240320728033421 14.65828973502498656  5.27097077948689297 14.91332809527273540  5.24032952368060112 15.18668595468893301  5.19153444008681575 15.66472939905405504  5.17285469359897121 15.85872333008099666  5.15456169375555806 16.06012179399930062  5.13667711689837869 16.26882054304227054  5.11921851693724062 16.48464802986841704  5.10219919336010541 16.70736179405266242  5.08562821491420269 16.93664996055963101  5.05157613795548244 17.43417091915980421  5.03420150556828450 17.70390204187552641  5.01739193768625746 17.98084573649975582  5.00114353345722229 18.26447019046008791  4.98544499994754364 18.55421967647374970  4.97027928633523342 18.84953666017944229  4.95562510763564479 19.14988359938537954  4.91963332598212855 19.92445819937824325  4.89896874239709934 20.40483466941761392  4.87936780241152146 20.89424157425202466  4.86072620069645289 21.39113574672556339  4.84294097051806993 21.89417588259026104  4.82591456716695255 22.40227112033787904  4.80955591446283393 22.91460027303061509  4.79378013311190543 23.43061654356193202 
 0.00000000000000000 9 0.29593284512646412 7 0.36919441990115037 7 0.45334775270287658 7 0.61184145157988279 7 0.71326866701496916 7 0.82612918216630316 7 1.00000000000000000 9
7 0 0  8 51 8  0.25201884725741053 6.28318530717958623  0.25201884725741053 6.21889208712516606  0.25148882182333432 6.15458969533035649  0.25042848570410664 6.09036728814797979  0.24882398017567497 6.02630420713654313  0.24664677063205587 5.96248791780321330  0.24385302301519651 5.89902736293583363  0.24037855833637134 5.83607199492197992  0.23508923695581252 5.75844904423446913  0.23399275180144674 5.74309104896482836  0.23284809578373689 5.72778176618975809  0.23165391161297183 5.71252500164499555  0.23040876736214627 5.69732490446021078  0.22911116004457113 5.68218600142904862  0.22775951919148404 5.66711323127915723  0.22473567784825119 5.63488049867118068  0.22304569405477820 5.61774340778934267  0.22127979824216915 5.60070887424684649  0.21943541277113879 5.58378592785339212  0.21750988304471489 5.56698450752106133  0.21550051738276590 5.55031550850715494  0.21340462689652825 5.53379082965704061  0.20710423833838526 5.48659717635376332  0.20267182814202217 5.45632280145475868  0.19790537598602637 5.42669365971136930  0.19278887124627964 5.39781285743975303  0.18730845226287743 5.36979336288791398  0.18145504287254138 5.34275555021494686  0.17522786494947773 5.31682114114598559  0.16442128856149046 5.27628396309893777  0.16005542374260748 5.26096158390599022  0.15554363338931518 5.24616520096239114  0.15089012954714912 5.23192028838547607  0.14610049712170087 5.21824742869145641  0.14118170936233246 5.20516196793603658  0.13614203740014585 5.19267387054934471  0.12525900733609058 5.16756182667577768  0.11938861467317402 5.15508013964546219  0.11339193023489422 5.14334799140191912  0.10728182645204223 5.13236053068500553  0.10107129199642834 5.12210460947717827  0.09477297192117549 5.11256061470937606  0.08839874974764132 5.10370429854236729  0.07203898471944727 5.08288247708052854  0.06196560313750228 5.07182633103574876  0.05177505996186522 5.06223564904495582  0.04149951501999170 5.05399647421511222  0.03116592404102425 5.04699583452028921  0.02079546995688175 5.04112755010238711  0.01040356095296885 5.03629495374980696  0.00000000000000000 5.03241205214719134 
 0.00000000000000000 9 0.29593284512646412 7 0.36919441990115037 7 0.45334775270287658 7 0.61184145157988279 7 0.71326866701496916 7 0.82612918216630316 7 1.00000000000000000 9
1 5.74937753425135156 0.00000000000000089 0.00000000000000000 1.00000000000000000 
7 0 0  4 8 3  5.69170860394005373 30.09851158760921308  5.69892118773043421 29.91785627627058020  5.70614927869961353 29.73766671931766936  5.71339492029133567 29.55797401911499733  5.72780861824275878 29.20254869500152495  5.73497604029029429 29.02679903310768239  5.74216486458897091 28.85160169982059131  5.74937756909958075 28.67699927992810061 
 0.00000000000000000 5 0.50406843120401412 3 1.00000000000000000 5
7 0 0  4 8 3  0.00000000000000000 12.02455146265795172  0.00267232240129826 12.14429740315662798  0.00533351585770787 12.26507430727400560  0.00798325047801140 12.38690695997376956  0.01321638675478106 12.63076113676854284  0.01580016784215256 12.75274789193698943  0.01837205591190543 12.87581573289160985  0.02093155127241353 13.00000059999999991 
 0.00000000000000000 5 0.50406843120401412 3 1.00000000000000000 5
7 0 0  7 56 10  3.67540039166979726 65.83877189974856492  3.69783604575285718 65.72162292708068776  3.72032358812793973 65.59784805100299820  3.74285783587195686 65.46732314034912292  3.76543408194473983 65.32992388948923690  3.78804800381459073 65.18552685289856186  3.81069557208384690 65.03401047972589311  3.87298379128414405 64.59795827593110573  3.91270671966152639 64.29842916096363581  3.95246966066439187 63.97636027556211502  3.99220742028116238 63.63159829385818966  4.03185985174992467 63.26417645647570964  4.07137001323748127 62.87434593499400393  4.13776054126934234 62.17900265245297220  4.16473178463332250 61.88514144429787933  4.19157283486772947 61.58126052335713752  4.21826096874133416 61.26766517070099383  4.24477363076331304 60.94473468344131817  4.27108810341225276 60.61292806111456599  4.30876194485440411 60.12182766385579669  4.32029960847405814 59.96921783305844400  4.33179281403214667 59.81499861642922866  4.34324018216693908 59.65921108269471063  4.35464030834694160 59.50189895255144990  4.36599176287089641 59.34310859866594257  4.39503257321711871 58.93139542182040458  4.41264730231791980 58.67639809520766647  4.43013473755837683 58.41804428130355120  4.44749213971696733 58.15649259596005294  4.46471656376622583 57.89191327818665656  4.48180485167650122 57.62448841292298596  4.53035842380577503 56.85079425188332891  4.56146746891599797 56.33812664108101842  4.59208928782657466 55.81720247820653213  4.62222975578227313 55.28886350902490676  4.65189237812375200 54.75399787717690003  4.68107857241487402 54.21353793309202018  4.78986676979661929 52.14807143770353548  4.86620502442636571 50.59232544830418732  4.93932223915695445 49.01245672981855250  5.00963750708026456 47.41771404377395527  5.07754360539333582 45.81506428797473518  5.14341643973843698 44.20943045927270987  5.25165865594912251 41.50439481349006599  5.29489785315229700 40.40477865640413313  5.33749299774704600 39.30646384477748967  5.37956812279179086 38.21037329055648257  5.42124623190888411 37.11741246501282632  5.46264990007733253 36.02880187778354326  5.53069733462868562 34.24360274059539222  5.55741628988431469 33.54365440770242657  5.58411443873181756 32.84670456251470938  5.61084571111670805 32.15292514904361809  5.63765972812483795 31.46284345079797262  5.66460098412592750 30.77748262482642971  5.69170860394005285 30.09851158760923440 
 0.00000000000000000 8 0.06183524279280464 6 0.16984351645930973 6 0.24423932702180740 6 0.27725807314014961 6 0.32908697892220984 6 0.42573362559548494 6 0.69530927805243015 6 0.88001490774744295 6 1.00000000000000000 8
7 0 0  7 56 10  5.60534791939085242 13.00000059999999635  5.60881566256622310 12.61371433016929267  5.61245219757292180 12.23251072177720467  5.61625647750867518 11.85684635793978359  5.62022718712370128 11.48716073978043184  5.62436275929832696 11.12387634209835596  5.62866139152060718 10.76739866903703735  5.64091081667159511 9.80802111250609876  5.64919607285854308 9.21955253622952853  5.65795669979741955 8.65562613273423764  5.66716789120648734 8.11873831186953332  5.67680079547286986 7.61096168674562712  5.68682314547580336 7.13394041895650499  5.70434736124108355 6.38233296769180214  5.71165950455089266 6.09109526794741551  5.71912315030578977 5.81560207833179543  5.72672433581833484 5.55616717394736437  5.73444834161155370 5.31299030834164920  5.74227972928333052 5.08615903061216557  5.75371865226097157 4.78222148288562288  5.75725305609554727 4.69200364770149658  5.76080438946498496 4.60499002113179223  5.76437143388710815 4.52117040322413022  5.76795295380711259 4.44053136990083797  5.77154769659755740 4.36305627295895082  5.78081575548439108 4.17204921347409563  5.78650617312253690 4.06312804641747416  5.79222170687515536 3.96186287381268132  5.79795838131429786 3.86814286389895523  5.80371218123400467 3.78184532705634169  5.80947904870257581 3.70283582461960270  5.82602521626844094 3.49695507964423280  5.83682309167974189 3.38782085734126870  5.84763205708313816 3.30246236379366254  5.85843623287834792 3.23976711660018735  5.86922021098399238 3.19861201657249605  5.87996895669116082 3.17786196635968077  5.92050965167425325 3.17220274584330530  5.94995117501516280 3.31785771302608357  5.97886803246977827 3.58819697787330449  6.00719828041771020 3.96326900335525956  6.03491889223008560 4.42741935426139666  6.06203421762404826 4.96885413932037778  6.10674170667844773 5.99771824423182931  6.12464417659855087 6.44847910146437897  6.14227828785339991 6.92905182319318946  6.15965135180313705 7.43755571223754419  6.17676892578050740 7.97275614996397497  6.19363020768046546 8.53395770793963315  6.22099867072899659 9.50215905708312292  6.23165680887798068 9.89409991964912550  6.24220131714326065 10.29694922960628389  6.25263402953041503 10.71104630424957449  6.26295119211971940 11.13677263863042732  6.27314170813373728 11.57450089497475787  6.28318530717958623 12.02455146265795172 
 0.00000000000000000 8 0.06183524279280464 6 0.16984351645930973 6 0.24423932702180740 6 0.27725807314014961 6 0.32908697892220984 6 0.42573362559548494 6 0.69530927805243015 6 0.88001490774744295 6 1.00000000000000000 8
1 3.67540042651802734 -0.00000000000000089 0.00000000000000000 1.00000000000000000 
7 0 0  7 50 9  4.79378013311190543 23.43061654356192847  4.76618732348100860 24.33316066499006070  4.74043158318437907 25.24667073515876936  4.71602909438909457 26.16775650342302484  4.69262876958181785 27.09393957683255394  4.66996370085883594 28.02353183217768162  4.64782144486220172 28.95548348829880680  4.59697679113811297 31.13383562520957781  4.56855436781167690 32.38119702534007871  4.54035332599122299 33.62960353239778044  4.51210764556620703 34.87781373742504343  4.48360983626588450 36.12484651365110011  4.45469045786984985 37.36989760634567403  4.39867116663676061 39.72954573762762465  4.37168306956628872 40.84457722205171848  4.34412097489274007 41.95683305613231795  4.31588679065643355 43.06574905439332213  4.28688645936774293 44.17069679146085548  4.25702112834614166 45.27095991713976275  4.20273673222737276 47.19775010582702635  4.17873179279524543 48.02656071206205013  4.15411327057396651 48.85180670496986721  4.12882769392608306 49.67304387260783471  4.10281648603537352 50.48972193246458318  4.07601177303159190 51.30117351657046498  4.02114467136773879 52.89754800446472416  3.99311819818155689 53.68254945219850782  3.96416677562467523 54.46096108408245584  3.93419900759563967 55.23179425905597384  3.90310847088348956 55.99368399692480125  3.87076871185458504 56.74487745352766410  3.81037609778948339 58.06517396722294677  3.78287413982529186 58.63894736978905087  3.75440175305564328 59.20346994072177438  3.72486124127044604 59.75721613695429824  3.69414390630750766 60.29803939414169633  3.66212622361145312 60.82317308687645152  3.60016491393360116 61.75892357789678755  3.57065622642739289 62.17451366263031787  3.53998591406150753 62.57383475230572856  3.50805183606190907 62.95372518740545331  3.47477023863750833 63.30986858590060962  3.44007471764467665 63.63689980423679060  3.36970158012892895 64.20446243361230643  3.33413744862688421 64.44902085320043739  3.29729228079406234 64.65580035487866439  3.25931202905799644 64.81793051972084641  3.22043283823537108 64.92908031325636387  3.18100431209296630 64.98461356351981522  3.14159265358979312 64.98461356351981522 
 0.00000000000000000 8 0.13871736271653795 6 0.32358873078788369 6 0.48984568468786632 6 0.61620390544342629 6 0.74029218254536799 6 0.83813612548344474 6 0.92130509083839363 6 1.00000000000000000 8
7 0 0  7 50 9  6.28318530717958623 5.03241205214719134  6.26498884067988993 5.02562061897800838  6.24676705099268936 5.02179917838337708  6.22858086745610429 5.02044977329684361  6.21047189993701920 5.02120628091192067  6.19246677869294171 5.02379322215626534  6.17458048697696515 5.02800071706201468  6.13314625754267073 5.04122764404055257  6.10970401308916244 5.05137928692331162  6.08651574965262299 5.06374474510972306  6.06359753805790458 5.07809134748581759  6.04096189191446431 5.09425928835026376  6.01861864938159208 5.11214512839891277  5.97675269311441859 5.14926544741719283  5.95717389157189903 5.16818159352310236  5.93784577918840473 5.18839372735000559  5.91877528039089018 5.20988525995825391  5.89997015925300783 5.23266049590974536  5.88143912742229169 5.25674435214095848  5.84932370136639523 5.30152605187966230  5.83562013900279730 5.32164849237913806  5.82208514097047036 5.34257836432137534  5.80872410269772388 5.36434627079703485  5.79554380276099490 5.38699091563665977  5.78255243524482676 5.41056229410179412  5.75719691276237544 5.45925195934527974  5.74482784549423542 5.48433070292604441  5.73265980890087157 5.51043110785112944  5.72070515827613146 5.53763041942070799  5.70898133488781045 5.56602182946567225  5.69751067385274990 5.59571880317450532  5.67749994568719085 5.65145956691507045  5.66885679225544958 5.67693748942624499  5.66040408792014471 5.70340491535944860  5.65216165886239708 5.73095258546141650  5.64415778646155442 5.75968218265161180  5.63642879690706966 5.78970966256135622  5.62272685162494490 5.84796579578212938  5.61667008911023746 5.87576453950376543  5.61087664548606568 5.90471008935672614  5.60538877282561820 5.93489894318121980  5.60026428469686710 5.96640995890618164  5.59557484752009948 5.99930462708858592  5.58745893692875750 6.06610316235727787  5.58397351996174152 6.09989527609315907  5.58103518204272397 6.13493537750434825  5.57873664199686026 6.17108047651388780  5.57716263884337859 6.20809941550082645  5.57637621781567372 6.24565039431942104  5.57637621781567372 6.28318530717958623 
 0.00000000000000000 8 0.13871736271653795 6 0.32358873078788369 6 0.48984568468786632 6 0.61620390544342629 6 0.74029218254536799 6 0.83813612548344474 6 0.92130509083839363 6 1.00000000000000000 8
1 2.12560735977496806 0.00000000000000000 0.00000000000000000 1.00000000000000000 
7 0 0  8 135 20  1.28500625693734549 54.95884180801675001  1.27538594970434049 54.54421892480774403  1.26715118065533483 54.12255742423609917  1.26029256303279147 53.69526276422262612  1.25480356334878573 53.26358952967419924  1.25067976885942977 52.82867735421648092  1.24791854197549568 52.39158657818265397  1.24651906160924031 51.95333364285803412  1.24645416770465767 51.16980705362336579  1.24727032807685734 50.82471151237570695  1.24893094932994053 50.48014799891241466  1.25143624559952604 50.13662759405151093  1.25478697009853057 49.79467394027834359  1.25898445681475635 49.45483312426977562  1.26403066220847893 49.11768355941810427  1.27358073182981357 48.57709025267548952  1.27755985762037927 48.37160186043085730  1.28186673870838264 48.16750183182384859  1.28650274068009907 47.96492328314801057  1.29146947303644022 47.76401133376024433  1.29676882194795939 47.56492313305313502  1.30240298300985935 47.36782788742732464  1.31633846885122030 46.91294823572611961  1.32490183779646831 46.65687779912183686  1.33407229301827046 46.40506849386218136  1.34385879626544247 46.15795890462946005  1.35427135756821282 45.91606355299393982  1.36532081395634286 45.67998316603063813  1.37701860817724819 45.45041494493604262  1.39754412467212852 45.08127314013730569  1.40600185182871007 44.93754662628322194  1.41475218758230858 44.79724061162502835  1.42379727729940653 44.66063193131278553  1.43313902173416219 44.52801703022012703  1.44277912574803713 44.39971205706000745  1.45271914702942762 44.27605295850052869  1.47511259870509925 44.01660122369285233  1.48770437433915559 43.88267117773553849  1.50071889500097022 43.75647775308829779  1.51413776163675529 43.63884148014751219  1.52794125028403327 43.53053391477310896  1.54210840950223815 43.43228045103516166  1.55661715780332344 43.34476313396046265  1.59056838156453439 43.17041931771124297  1.61020749616223791 43.09121738611526808  1.63022671250411721 43.03277306433988514  1.65048731534071358 42.99618927871363638  1.67084795714918366 42.98193912039297970  1.69116537572734615 42.98987620125111420  1.71129475877705350 43.01923274030766464  1.74554234476773340 43.10465299942875816  1.75980871427138985 43.15135064371959572  1.77386438659778811 43.20821122916448331  1.78768538364448748 43.27470952794882919  1.80124828458751041 43.35028064482503396  1.81453028387217419 43.43431849308651493  1.82750924920392444 43.52617427054178734  1.85764196206832977 43.76186503716510146  1.87452002809559493 43.91231362599332755  1.89079490203261624 44.07516000538112166  1.90646560626000117 44.24920949815015092  1.92153280142978966 44.43340145222792614  1.93599832554758988 44.62679853834320198  1.94986473183436382 44.82857733972457481  1.97982804074188756 45.30149051986898456  1.99559317876746434 45.57733416986734198  2.01043480157949261 45.86419541615172335  2.02435595063459184 46.16095157689217388  2.03735757644692717 46.46668267760367144  2.04943785407753154 46.78064146745801111  2.06059138437712575 47.10222383037829985  2.07778487373012100 47.65540266219983323  2.08432347231111192 47.88315091186569816  2.09041808270188278 48.11392618668464394  2.09606278152281611 48.34748272794978874  2.10125175018912058 48.58358706931552717  2.10597930906175179 48.82201793463652706  2.11023995159832900 49.06256613580681858  2.11823254050448062 49.57411084050298911  2.12185499474601302 49.84554219571672462  2.12488643312700676 50.11892441045642954  2.12731937093038992 50.39386415611855341  2.12914813083454524 50.66997660027863049  2.13036882709588093 50.94688308500111873  2.13097934990308913 51.22420878446037307  2.13097934990308913 51.78049750931732831  2.13036200407935361 52.05936751707252341  2.12912767366826250 52.33781106527186466  2.12727851600717432 52.61544734136602841  2.12481850047371079 52.89189159282692287  2.12175342457852967 53.16675272158825294  2.11809093021159489 53.43963090022274542  2.11004699261531004 53.95152476942966757  2.10578526175946346 54.19102091781288522  2.10106057005666225 54.42840897796421729  2.09587835964489644 54.66348243445812471  2.09024423854488939 54.89602283343482725  2.08416394698710228 55.12579968255057850  2.07764332373873994 55.35257035092794808  2.05708564407837358 56.01321812016021795  2.04183445007248787 56.43745789663367418  2.02495627740615580 56.84783318170499911  2.00645681002101872 57.24296118819831491  1.98632971450506690 57.62093949609371180  1.96456076729098195 57.97922554650060079  1.94113237865505672 58.31449066163597195  1.90025225695931765 58.81597165805870020  1.88377875899577263 58.99914893415223816  1.86662281402791264 59.17053049278799648  1.84880192202848370 59.32862822710496431  1.83033634175614801 59.47189960613251714  1.81124917487192194 59.59873781103492973  1.79156663625698376 59.70746032069200737  1.75684054163434555 59.85981587169839457  1.74207709233736252 59.91315210042103701  1.72708229538815106 59.95547726385234455  1.71191044304085271 59.98613518667093558  1.69661583477861355 60.00463717339963665  1.68125265034873639 60.01066017902027028  1.66587484811086517 60.00404686396905873  1.63524388149268307 59.96562659326076528  1.62002744304080326 59.93394249901196957  1.60493868799885986 59.88987069649218853  1.59002870534419438 59.83368781011980531  1.57534774143383083 59.76583173517536807  1.56094506360870633 59.68690324953443138  1.54686870434350832 59.59766914496415069  1.48642467066071671 59.16275344810111392  1.44437179347938205 58.71998222683362201  1.40698007463522057 58.19817759025002601  1.37412815153239576 57.61771185590164635  1.34566544526407506 56.99400265694700352  1.32142148940477910 56.33830972194749620  1.30123574514374418 55.65831190082803914  1.28500625693734549 54.95884180801674290 
 0.00000000000000000 9 0.07460652139165630 7 0.13333759951044952 7 0.16971150377904348 7 0.21822198288036407 7 0.25028327294280350 7 0.28832598282498095 7 0.33739307977482796 7 0.37321761719018126 7 0.42269774702359153 7 0.48494165374197812 7 0.52744481345617256 7 0.57461219279732811 7 0.62204240505262387 7 0.66437427512153413 7 0.74716657535189368 7 0.79919734831177847 7 0.83640078742774182 7 0.87349131635609067 7 1.00000000000000000 9
7 0 0  8 135 20  -0.00000000000000089 10.30128438275300873  0.05339544115992032 10.24704209611591033  0.10624664470475709 10.19858231614459143  0.15865613958113450 10.15688264515386052  0.21071907561951583 10.12271118540125237  0.26252642745517268 10.09663815826683120  0.31416746765979808 10.07904416683824600  0.36573150908376184 10.07012510190105736  0.45791122143917884 10.06971152237878719  0.49850776547088604 10.07491328680999665  0.53914080072255888 10.08549818758805650  0.57985204022208015 10.10139429312208037  0.62068324291828236 10.12245727338379808  0.66167679879244523 10.14846913602122669  0.70287631396979233 10.17913696247232735  0.76999896037135851 10.23574011850164212  0.79576752766201286 10.25903315690824158  0.82164703371276882 10.28388588199012155  0.84765131849791231 10.31020265096617372  0.87379421274649027 10.33787652437861304  0.90008982473260502 10.36678873488905950  0.92655282706570952 10.39680815607460751  0.98873537880742057 10.46911109509143678  1.02459445157401174 10.51214126409450955  1.06082069567957493 10.55654827830409381  1.09745879284238645 10.60195720995809943  1.13455394384790154 10.64794449571186696  1.17215243979655481 10.69403122888859592  1.21030223335156206 10.73967645172982088  1.27466479941337774 10.81374327629224830  1.30054450060011284 10.84276343847900037  1.32670353761056248 10.87115024914034755  1.35315274595074353 10.89870950003210481  1.37990319644140391 10.92523370355118928  1.40696651909037640 10.95050233655509508  1.43435522696493067 10.97428208418137885  1.49498381066148611 11.02248484332550049  1.52840363700744541 11.04623335981013810  1.56231014304193327 11.06710521455702612  1.59667626363065218 11.08463384607120972  1.63147964570333470 11.09836213730066845  1.66670204939200084 11.10785100301022510  1.70232874916921517 11.11268797715545631  1.78480511135515330 11.11224793246378972  1.83187960138778028 11.10363390666785399  1.87934107947507822 11.08586755172683702  1.92698069835574270 11.05846989153545046  1.97460126256698154 11.02132607591070901  2.02200718623158204 10.97471314057943204  2.06899423518137926 10.91929859626762678  2.14917601908457678 10.80997490398773309  2.18265198933073368 10.75972139623807067  2.21575566498857546 10.70565427389108315  2.24847327704679190 10.64811905380690682  2.28078823465583680 10.58749576786718904  2.31268077313399845 10.52419291138475188  2.34412760197347270 10.45864139151327521  2.41788215020289421 10.29826198427231354  2.45980657331366359 10.20169876771040585  2.50093554241127691 10.10246755703909827  2.54132487795087192 10.00138503166010118  2.58102721526373724 9.89921027736512116  2.62009325686304395 9.79664303077663945  2.65857256240178197 9.69432571017336642  2.74424244146532947 9.46519612388260612  2.79116416547169166 9.33875448230898719  2.83737926549900132 9.21468914120809401  2.88298196582802957 9.09405586013021328  2.92806321556470550 8.97781701020511669  2.97271254804236840 8.86685787693366478  3.01701908188490542 8.76200358051329431  3.09115290414013977 8.59714001518963755  3.12111025742087689 8.53346690031025901  3.15095871792466831 8.47329422274776967  3.18071301375530568 8.41688160821068543  3.21038786623379169 8.36447013996701827  3.23999824936349912 8.31628114438378852  3.26955964929531628 8.27251497646653178  3.33185742145119068 8.18988671952156011  3.36458503154810451 8.15209154885762999  3.39727702154091427 8.12022918590784037  3.42994039903866010 8.09451613934736081  3.46258298795713859 8.07511759101148030  3.49521317495310324 8.06214547079866151  3.52783972613760355 8.05565754949081914  3.59328545847371394 8.05565754949081914  3.62609369292473138 8.06221797789728178  3.65890560116871066 8.07533498559892671  3.69173013171279996 8.09494950254714674  3.72457584354122684 8.12094712464453394  3.75745071897097027 8.15315905098321103  3.79036190364598546 8.19136407143302492  3.85272662748989703 8.27449730358845592  3.88217076585392507 8.31826022674504095  3.91166388577418056 8.36640366695823090  3.94122132675187187 8.41872915864204607  3.97085792654978853 8.47501766405012447  4.00058827696481867 8.53503075961026170  4.03042697960047125 8.59851182225891186  4.11898816599712081 8.79559036567282426  4.17800186029761100 8.93808586622889401  4.23766026965637366 9.09085578524543436  4.29818764119409202 9.25196364246998826  4.35980949461042133 9.41928358652738851  4.42275658655365511 9.59040226752972380  4.48727078910808963 9.76252739842321837  4.59531409853704442 10.03921658731287891  4.63782768374775767 10.14536094809513145  4.68116772399929193 10.24990241646884570  4.72534982085904343 10.35181891240042518  4.77039586704875251 10.45004756730182471  4.81633444746313089 10.54350199072022853  4.86320212597391865 10.63109317624654970  4.94525503568038172 10.76942879583668677  4.97995465019346639 10.82354566306139532  5.01505958590514300 10.87354658758487247  5.05049241363687162 10.91896118431250251  5.08618104476825827 10.95941842865613935  5.12205673594380606 10.99465397699546898  5.15805220440319268 11.02451312273146833  5.23003810103090672 11.07331149054588160  5.26594133488498528 11.09222468933464611  5.30174431080452457 11.10569000481298474  5.33738143762251838 11.11381341325857974  5.37278493554466596 11.11680164931975057  5.40788295290305054 11.11495424677235277  5.44259764181657424 11.10865181742607888  5.59364820189284462 11.06317087374589647  5.70411783973674247 10.98162781941757871  5.80937319979567679 10.87132881964163644  5.91020829223953736 10.74731307330740293  6.00733666353954465 10.62100331758149352  6.10140750428788703 10.50082903225735542  6.19310703196532231 10.39279128891964810  6.28318530717958534 10.30128438275300695 
 0.00000000000000000 9 0.07460652139165630 7 0.13333759951044952 7 0.16971150377904348 7 0.21822198288036407 7 0.25028327294280350 7 0.28832598282498095 7 0.33739307977482796 7 0.37321761719018126 7 0.42269774702359153 7 0.48494165374197812 7 0.52744481345617256 7 0.57461219279732811 7 0.62204240505262387 7 0.66437427512153413 7 0.74716657535189368 7 0.79919734831177847 7 0.83640078742774182 7 0.87349131635609067 7 1.00000000000000000 9
7 0 0  4 59 20  2.11940080626985417 53.32044860583748402  2.11948226104165327 53.32150624192865251  2.11956371844654612 53.32256376571636025  2.11964517848340472 53.32362117717756433  2.11980528727295159 53.32569921962117832  2.11988393584686685 53.32671985823814254  2.11996258687180816 53.32774039211977879  2.12011981717482145 53.32978025597522276  2.12019839644812436 53.33079958615306282  2.12027697816562588 53.33181881175866579  2.12043692141403328 53.33389304050724178  2.12051828312052804 53.33494803613315582  2.12059964744466578 53.33600291962642359  2.12075952210617746 53.33807539782541340  2.12083803226289191 53.33909300027494993  2.12091654485444847 53.34011049829226891  2.12107632365789289 53.34218090361498810  2.12115759004317717 53.34323380347874632  2.12123885903454656 53.34428659142567852  2.12140136822226921 53.34639150298997379  2.12148260841644420 53.34744362670096507  2.12156385121226121 53.34849563854369592  2.12172626545323384 53.35059844731812717  2.12180743689349205 53.35164924446056034  2.12188861092823355 53.35269992990047427  2.12205094988317766 53.35480089224597577  2.12213211480246500 53.35585116919093451  2.12221328231306883 53.35690133442776073  2.12237273116272140 53.35896403759100082  2.12245101232052713 53.35997658333554483  2.12252929588626760 53.36098902514745390  2.12268865614779445 53.36304975736467782  2.12276973301809191 53.36409804023310954  2.12285081246868668 53.36514621158967486  2.12301289083558054 53.36724122357814082  2.12309388974643287 53.36828806444562900  2.12317489122988023 53.36933479399241520  2.12333687538523019 53.37142772089395493  2.12341785805561001 53.37247391831457577  2.12349884329482430 53.37352000443583933  2.12365796391438977 53.37557508117495786  2.12373609911689565 53.37658407950314654  2.12381423670826441 53.37759297420012672  2.12397326296827638 53.37964601118265762  2.12405415180771540 53.38069014605434859  2.12413504320468638 53.38173416983900665  2.12429678799221744 53.38382143874906660  2.12437764138005170 53.38486468399290175  2.12445849732045922 53.38590781822397702  2.12462014864025539 53.38799301759396343  2.12470094401550158 53.38903508291315347  2.12478174193694480 53.39007703735586574  2.12494805313115265 53.39222145868798464  2.12503356670930010 53.39332391227085139  2.12511908313657472 53.39442624162291651  2.12530530006941731 53.39682627660915415  2.12540600167557825 53.39812393422168668  2.12550670722797408 53.39942141951341625  2.12560741672444520 53.40071873244190215 
 0.00000000000000000 5 0.05254367308352837 3 0.10327066539271307 3 0.15394822485260362 3 0.20641528652123492 3 0.25703866499932593 3 0.30943433035022311 3 0.36180807279169802 3 0.41413246723435920 3 0.46644764345468009 3 0.51689930609359380 3 0.56914790864810605 3 0.62134129155463813 3 0.67351923983687711 3 0.72385780327397886 3 0.77596556190367405 3 0.82804554532199715 3 0.88008323540176669 3 0.93515446132233959 3 1.00000000000000000 5
7 0 0  4 59 20  5.78169123595576728 0.06506224885715994  5.78166516658111718 0.06421268046661985  5.78163909878366944 0.06336293364688253  5.78161303256426518 0.06251300840279356  5.78156180445987999 0.06084219313964247  5.78153664246760624 0.06002131524486290  5.78151148194768361 0.05920027105951020  5.78146118837124767 0.05755865037652356  5.78143605531186378 0.05673807420278158  5.78141092372347387 0.05591733207151384  5.78135977610730212 0.05424652838151778  5.78133376018529432 0.05339645489577476  5.78130774584164797 0.05254620353497542  5.78125663439665693 0.05087522900492203  5.78123153718627769 0.05005451811670417  5.78120644144681517 0.04923364164399728  5.78115537437955496 0.04756281346676944  5.78112940315660495 0.04671284996565073  5.78110343351100653 0.04586270909319047  5.78105150824150105 0.04416242839837341  5.78102555261627238 0.04331228872439828  5.78099959856874257 0.04246197183782546  5.78094771808388774 0.04076178500921077  5.78092179164358821 0.03991191540093944  5.78089586677967926 0.03906186892427468  5.78084402477332482 0.03736157203226521  5.78081810763032333 0.03651132167924193  5.78079219206481820 0.03566089453058564  5.78074128716996682 0.03398998592920818  5.78071629773018003 0.03316951684703464  5.78069130975902556 0.03234888334976158  5.78064044680972522 0.03067805312606139  5.78061457193811279 0.02982784447941984  5.78058869864323821 0.02897745950764697  5.78053698255149495 0.02727723585175598  5.78051113975129383 0.02642739754011160  5.78048529852614923 0.02557738328658296  5.78043362686892159 0.02387725432446664  5.78040779643590685 0.02302713971993938  5.78038196757866540 0.02217684928827978  5.78033122348454143 0.02050589754517375  5.78030630813846091 0.01968524841142845  5.78028139426051979 0.01886443563851268  5.78023069387282629 0.01719362885191163  5.78020490746813831 0.01634362313395872  5.78017912263821465 0.01549344208290348  5.78012756987289045 0.01379318259456380  5.78010180193581125 0.01294310434414409  5.78007603557345728 0.01209285095845007  5.78002452692301727 0.01039268454738364  5.77999878463237327 0.00954277180634429  5.77997304391553257 0.00869268422539876  5.77992006516844192 0.00694259336875467  5.77989282732712795 0.00604256911495925  5.77986559125033938 0.00514234905545741  5.77980628894787607 0.00318170709129375  5.77977422340451419 0.00212120951602446  5.77974216031053967 0.00106044048194308  5.77971009966753257 -0.00000060000000000 
 0.00000000000000000 5 0.05254367308352837 3 0.10327066539271307 3 0.15394822485260362 3 0.20641528652123492 3 0.25703866499932593 3 0.30943433035022311 3 0.36180807279169802 3 0.41413246723435920 3 0.46644764345468009 3 0.51689930609359380 3 0.56914790864810605 3 0.62134129155463813 3 0.67351923983687711 3 0.72385780327397886 3 0.77596556190367405 3 0.82804554532199715 3 0.88008323540176669 3 0.93515446132233959 3 1.00000000000000000 5
7 0 0  8 58 9  2.11940080626985505 53.32044860583743429  2.11564795729380384 53.61280242439405441  2.11121263711494667 53.90280739158327350  2.10610344864583254 54.19011993165920416  2.10032950202009516 54.47438018118035785  2.09390040753330675 54.75520871728996752  2.08682626858382525 55.03220328599626754  2.07911767461364150 55.30493553045297261  2.06054157863793685 55.90246694607129285  2.04935639000824166 56.22481072312312733  2.03724000719948295 56.53948676582677990  2.02419788834444692 56.84588845251410305  2.01023182288757729 57.14326442084870905  1.99534068380319440 57.43068816425733303  1.97952117981371267 57.70702762836119604  1.95715280817900372 58.05937510181249905  1.95143142000267034 58.14644767052624985  1.94560400638742181 58.23208346791592760  1.93967015366616358 58.31622919253137383  1.93362947119614215 58.39882728710509241  1.92748159135894492 58.47981593855231353  1.92122616956050019 58.55912907797097233  1.90630529876732258 58.74101180694015767  1.89755120537284516 58.84218722658037848  1.88860096843434411 58.94003412331245784  1.87945517440851884 59.03435292403203505  1.87011461536627577 59.12493280174150101  1.86058027253693936 59.21155147851150957  1.85085329985245539 59.29397502844220469  1.82893755575768924 59.46628773983251648  1.81664938853098401 59.55420416549648621  1.80408798015318728 59.63512597508156432  1.79127122758439827 59.70850513627626555  1.77821749889904845 59.77382492419136639  1.76494568178184363 59.83059827855858259  1.75147523202369837 59.87836616092928210  1.72720643945038566 59.94651885292923765  1.71648315199434931 59.97061516562504124  1.70567797267618904 59.98875713180692060  1.69481229058042637 60.00076586235247333  1.68390734399618114 60.00651115017159754  1.67298429356387768 60.00591132320803922  1.66206429542194889 59.99893309744036429  1.63556657495964841 59.96648698623705087  1.62004217778230197 59.93436916901708145  1.60465028098825613 59.88935709857958756  1.58944489046667403 59.83174335321348281  1.57447910373185263 59.76199404213947020  1.55980495972226030 59.68075057573129527  1.54547315449587908 59.58883313295972073  1.48513348513517451 59.14912648094779968  1.44338793634584017 58.70621008479388081  1.40626309246864012 58.18545335738853197  1.37363529839851006 57.60685559253342092  1.34535370856792547 56.98553182755049562  1.32125004572736282 56.33251965967236430  1.30116730766467992 55.65536233339720695  1.28500625693734549 54.95884180801674290 
 0.00000000000000000 9 0.13121095574698777 7 0.29253396454500069 7 0.34661268448941351 7 0.41933978122278448 7 0.50731256938638958 7 0.57576089506889716 7 0.67377466846725453 7 1.00000000000000000 9
7 0 0  8 58 9  3.77612380727968455 0.06506224885714929  3.81133394462480446 0.10420423887327070  3.84657158532145349 0.15018963819297118  3.88186266484991815 0.20275319466379912  3.91723214792078878 0.26158187093577040  3.95270420048128468 0.32631732024511723  3.98830236172157271 0.39655836219803625  4.02404971608108308 0.47186345855443723  4.10413166928271078 0.64997708819796329  4.14854865487719859 0.75511943785155933  4.19331037452584976 0.86639229682382146  4.23850635832797540 0.98296432645372056  4.28422676765617449 1.10394382623205978  4.33056384881790191 1.22836176946567943  4.37761338671702216 1.35515483894165989  4.44152072308883650 1.52605450172136758  4.45765882994966933 1.56910107588187264  4.47389486241165635 1.61224563914268160  4.49023319616571470 1.65544372286719521  4.50667819927989033 1.69864893571257425  4.52323423219934639 1.74181296362973992  4.53990564774637129 1.78488556986337388  4.57927815232271307 1.88554716265122235  4.60207987983939137 1.94302966070121608  4.62510951482026567 2.00012656794116017  4.64837466308387626 2.05669612579399219  4.67188315229140638 2.11259088379692095  4.69564318912063783 2.16765824513202965  4.71966351643990301 2.22174101215687214  4.77333551854143234 2.33871195280014410  4.80313848432819768 2.40112687518129020  4.83334129188065909 2.46154654879934975  4.86392616911059594 2.51960728783650989  4.89487829913130312 2.57496206250764770  4.92618537158567005 2.62728469063167225  4.95783713397424908 2.67627402920286794  5.01471345697304027 2.75696985993682686  5.03979466522525854 2.79008384232631368  5.06503615123123385 2.82083522757596405  5.09040743867695511 2.84908820817843855  5.11587935878833111 2.87473641392722046  5.14142341767637223 2.89770327117006365  5.16701116368237567 2.91794236206242985  5.22927459688742591 2.96049014685022405  5.26590028635104890 2.97987192234559739  5.30242190241231448 2.99358222313160693  5.33877038411861449 3.00173343445868923  5.37487431468416510 3.00454663661606469  5.41065785805983346 3.00234282413491149  5.44603864765501910 2.99552992158178855  5.59704212877475715 2.94815891695277310  5.70688981193857892 2.86621431281168348  5.81157784047173820 2.75611052499576603  5.91189504504483843 2.63261873418823900  6.00855016490078953 2.50695581337068063  6.10218791499825031 2.38741094269145959  6.19348687943775644 2.27990541711053440  6.28318530717958534 2.18878438275299558 
 0.00000000000000000 9 0.13121095574698777 7 0.29253396454500069 7 0.34661268448941351 7 0.41933978122278448 7 0.50731256938638958 7 0.57576089506889716 7 0.67377466846725453 7 1.00000000000000000 9
7 0 0  7 146 25  1.56459119175811989 43.30503671023947021  1.54640240631750081 43.40493452676545161  1.52873907936758147 43.52218900517475930  1.51163978041008495 43.65545547871843013  1.49514054592343482 43.80332202618954796  1.47927442158304467 43.96430002501135448  1.46407100448160299 44.13681470432540976  1.41632158755583504 44.73678539887107064  1.38658498678392883 45.20749256971021168  1.36022151539236824 45.71786059161713212  1.33709610666853718 46.25828216184840613  1.31707816346658224 46.82196853138249537  1.30006242740159972 47.40428669772924763  1.28598080660679770 48.00261315429667519  1.28597310086000971 48.00294061277867996  1.28596539600112125 48.00326807571549637  1.28595769203012389 48.00359554310642807  1.28594998894700985 48.00392301495079295  1.28594228675177180 48.00425049124790888  1.28592660347032406 48.00491738746585924  1.28591862245000921 48.00525680771704629  1.28591064238344743 48.00559623274997278  1.28590266327063008 48.00593566256387845  1.28589468511154825 48.00627509715798169  1.28588670790619353 48.00661453653155064  1.28587102501258310 48.00728195109778795  1.28586331926094211 48.00760992597292187  1.28585561439962648 48.00793790530844518  1.28584791042862912 48.00826588910368997  1.28584020734794224 48.00859387735793860  1.28583250515755809 48.00892187007053735  1.28581709721190207 48.00957809207402249  1.28580939145786677 48.00990632137111191  1.28580168659535410 48.01023455513135474  1.28579398262435696 48.01056279335404042  1.28578627954486713 48.01089103603850816  1.28577857735687684 48.01121928318406162  1.28576289407460620 48.01188775018734134  1.28575491304649447 48.01222797037612366  1.28574693297603493 48.01256819535561959  1.28573895386321735 48.01290842512503332  1.28573097570803374 48.01324865968360456  1.28572299851047545 48.01358889903059435  1.28570786627082767 48.01423439814062988  1.28570071104191075 48.01453965696963166  1.28569355658377726 48.01484491965167933  1.28568640289642055 48.01515018618621156  1.28567924997983463 48.01545545657268121  1.28567209783401304 48.01576073081053408  1.28565696446555910 48.01640674444507084  1.28564898343236811 48.01674748478824739  1.28564100335936859 48.01708822992797110  1.28563302424655146 48.01742897986347458  1.28562504609390760 48.01776973459395492  1.28561706890142902 48.01811049411868026  1.28560138600907670 48.01878050596185687  1.28559368024539844 48.01910975796175052  1.28558597537806496 48.01943901443589624  1.28557827140706737 48.01976827538358350  1.28557056833239858 48.02009754080413728  1.28556286615405080 48.02042681069683283  1.28554718287068481 48.02109736179922805  1.28553920183220050 48.02143864334085066  1.28553122175655399 48.02177992968508136  1.28552324264373641 48.02212122083115986  1.28551526449373932 48.02246251677834010  1.28550728730655406 48.02280381752581917  1.28549160441471844 48.02347489418063020  1.28548389864609192 48.02380466976903506  1.28547619377628441 48.02413444983735502  1.28546848980528750 48.02446423438492928  1.28546078673309294 48.02479402341105441  1.28545308455969320 48.02512381691498433  1.28543740127576478 48.02579543500894488  1.28542942023195672 48.02613725993135319  1.28542144015364856 48.02647908966248735  1.28541346104083121 48.02682092420158000  1.28540548289349621 48.02716276354783531  1.28539750571163469 48.02750460770051433  1.28538154748184108 48.02818855406801646  1.28537356643531320 48.02853065628983131  1.28536558635564502 48.02887276332349842  1.28535760724282788 48.02921487516823618  1.28534962909685269 48.02955699182326299  1.28534165191771121 48.02989911328781858  1.28532596902666163 48.03057180464256959  1.28531826325051513 48.03090237421327657  1.28531055837694708 48.03123294827253176  1.28530285440594993 48.03156352681963170  1.28529515133751571 48.03189410985385166  1.28528744917163640 48.03222469737453082  1.28527176588685266 48.03289793348655223  1.28526378483495551 48.03324058241092587  1.28525580475260326 48.03358323615327663  1.28524782563978612 48.03392589471286556  1.28523984749649545 48.03426855808889684  1.28523187032272301 48.03461122628058177  1.28521591209289410 48.03529682238804099  1.28520793103825315 48.03563975031081412  1.28519995095452910 48.03598268305472629  1.28519197184171174 48.03632562061900302  1.28518399369979286 48.03666856300287691  1.28517601652876379 48.03701151020553795  1.28516005829892310 48.03769766489933346  1.28515207724153102 48.03804087239753784  1.28514409715643052 48.03838408472002897  1.28513611804361338 48.03872730186601814  1.28512813990307051 48.03907052383475218  1.28512016273479324 48.03941375062538555  1.28510447984480414 48.04008861663854901  1.28509677405850087 48.04042025554077355  1.28508906917985510 48.04075189894316367  1.28508136520885796 48.04108354684501592  1.28507366214550189 48.04141519924560555  1.28506595998977957 48.04174685614426465  1.28505165333487126 48.04236298551432327  1.28504504859576452 48.04264745679687110  1.28503844452435589 48.04293193138748563  1.28503184112064051 48.04321640928574055  1.28502523838461324 48.04350089049120243  1.28501863631626945 48.04378537500338808  1.28257360555055855 48.14915414504365287  1.28022627435080194 48.25468948550854265  1.27796979368311492 48.36065362229521725  1.27580394339620851 48.46702473618863394  1.27372853082072024 48.57378145067996655  1.27174339076921616 48.68090283196660550  1.26316367565105270 49.16745761708447304  1.25759946428850844 49.55088888323429330  1.25315147357970536 49.93769313499637263  1.24981682528231741 50.32698316186196763  1.24759390039733487 50.71792773452522596  1.24648219878585098 51.10972574418925518  1.24648219878585098 51.81772146816574320  1.24720581193853763 52.13384214979389242  1.24865289846693095 52.44951684920124535  1.25082366338398820 52.76431819521587130  1.25371869462743457 53.07780857117533202  1.25733900119459441 53.38953170305253337  1.26425372749150067 53.88180069033130337  1.26707498284599440 54.06381299001844098  1.27015028362682392 54.24495338808436884  1.27348023869729365 54.42512844068634337  1.27706559949789189 54.60423901869729235  1.28090726004629074 54.78218030770595703  1.28500625693734460 54.95884180801674290 
 0.00000000000000000 8 0.14387996238636394 6 0.47331555326648433 6 0.47349594656187477 6 0.47368291411665575 6 0.47386356187846035 6 0.47404433502794668 6 0.47423169681917876 6 0.47439979117601500 6 0.47458740936598998 6 0.47476868663412564 6 0.47495657163678262 6 0.47513810705574561 6 0.47532625998866257 6 0.47551454966841789 6 0.47569647662983028 6 0.47588503594089693 6 0.47607373286890620 6 0.47626256770935149 6 0.47644502214276907 6 0.47660151440763049 6 0.53440672172611636 6 0.73831699808859708 6 0.90282808156996286 6 1.00000000000000000 8
7 0 0  7 146 25  1.72166333650244519 2.99961496422719875  1.67728259239520616 2.99735770131647916  1.63355860893546501 2.98744640257876837  1.59050028908896235 2.97068977582780658  1.54812484709371811 2.94796600756191252  1.50645905657140644 2.92019285176568433  1.46554049863872593 2.88829771871171603  1.33355395282531930 2.77279805165301063  1.24556020771452003 2.67528589670383266  1.16077349988701539 2.57018850954738864  1.07865635119827896 2.46484079958327795  0.99869040605145398 2.36458479759958884  0.92037583282741897 2.27340119279787389  0.84313539717352060 2.19427008458698625  0.84309312514619850 2.19422678111927771  0.84305085348540998 2.19418348131164676  0.84300858219109109 2.19414018516460763  0.84296631126317756 2.19409689267867192  0.84292404070160487 2.19405360385434944  0.84283795981457488 2.19396545604402871  0.84279414951630660 2.19392059732982458  0.84275033961142665 2.19387574255010609  0.84270653009986085 2.19383089170543544  0.84266272098153727 2.19378604479638328  0.84261891225638641 2.19374120182352161  0.84253277638177992 2.19365303938020384  0.84249044920619220 2.19360971964810192  0.84244812239751510 2.19356640359163180  0.84240579595568488 2.19352309121130995  0.84236346988063704 2.19347978250764752  0.84232114417230564 2.19343647748115744  0.84223646411090825 2.19334984472805816  0.84219410975834930 2.19330651700655510  0.84215175577288648 2.19326319296835726  0.84210940215445740 2.19321987261398110  0.84206704890299677 2.19317655594394001  0.84202469601843843 2.19313324295874601  0.84193844736012557 2.19304504586435156  0.84189455161360105 2.19300016202869008  0.84185065626106881 2.19295528215249647  0.84180676130245768 2.19291040623634181  0.84176286673769529 2.19286553428079856  0.84171897256671013 2.19282066628643779  0.84163569884855338 2.19273555183427238  0.84159631922457279 2.19269530460354867  0.84155693991743430 2.19265506056206894  0.84151756092708574 2.19261481971024441  0.84147818225347470 2.19257458204848765  0.84143880389655001 2.19253434757721344  0.84135547413305722 2.19244921223136036  0.84131152280431143 2.19240431214106035  0.84126757186995260 2.19235941602650497  0.84122362132990836 2.19231452388826842  0.84117967118410630 2.19226963572692357  0.84113572143247362 2.19222475154304242  0.84104930807146239 2.19213650794524773  0.84100684443589535 2.19209314826698698  0.84096438116817207 2.19204979230293340  0.84092191826822760 2.19200644005360301  0.84087945573599698 2.19196309151951185  0.84083699357141484 2.19191974670117640  0.84075052220320046 2.19183148467130451  0.84070651302685551 2.19178656773562874  0.84066250424530742 2.19174165479266314  0.84061849585848247 2.19169674584298058  0.84057448786630828 2.19165184088715570  0.84053048026871269 2.19160693992576316  0.84044395308831521 2.19151866328837119  0.84040143347930074 2.19147528734691477  0.84035891423851294 2.19143191513552305  0.84031639536588487 2.19138854665471250  0.84027387686135124 2.19134518190500094  0.84023135872484767 2.19130182088690839  0.84014477328678339 2.19121352581106610  0.84010070601253461 2.19116859203036807  0.84005663913349349 2.19112366225943722  0.84001257264958773 2.19107873649884821  0.83996850656074451 2.19103381474918013  0.83992444086689122 2.19098889701100807  0.83983627824299478 2.19089903691616383  0.83979218131352573 2.19085409456532565  0.83974808477947438 2.19080915623296990  0.83970398864076834 2.19076422191967346  0.83965989289733478 2.19071929162601409  0.83961579754910054 2.19067436535256999  0.83952909770738116 2.19058603886801651  0.83948649318763902 2.19054263838975327  0.83944388903670430 2.19049924166564969  0.83940128525451263 2.19045584869622889  0.83935868184099827 2.19041245948200958  0.83931607879609438 2.19036907402351178  0.83922932031543651 2.19028072909080285  0.83918516490704709 2.19023576989546376  0.83914100989449047 2.19019081473581156  0.83909685527769295 2.19014586361242847  0.83905270105658114 2.19010091652589178  0.83900854723108231 2.19005597347678016  0.83892020814650536 2.18996606265655558  0.83887602288800578 2.18992109489134101  0.83883183802555039 2.18987613117060587  0.83878765355906559 2.18983117149492923  0.83874346948847767 2.18978621586489108  0.83869928581371400 2.18974126428107052  0.83861088696357211 2.18965133635633435  0.83856667178877042 2.18960636002133402  0.83852245701022476 2.18956138773962827  0.83847824262786208 2.18951641951179843  0.83843402864160876 2.18947145533842624  0.83838981505139198 2.18942649522009081  0.83830288255127139 2.18933810208329538  0.83826016361506095 2.18929466879540247  0.83821744504844165 2.18925123929421295  0.83817472685134675 2.18920781358025307  0.83813200902371066 2.18916439165404508  0.83808929156546619 2.18912097351611212  0.83800993577247007 2.18904032241861612  0.83797329734009351 2.18900308845752445  0.83793665917937332 2.18896585728402737  0.83790002129026653 2.18892862889845485  0.83786338367273139 2.18889140330113596  0.83782674632672760 2.18885418049240199  0.82425708453966195 2.17506860707134120  0.81076110190206463 2.16170078824215306  0.79730006241163021 2.14873010421434385  0.78387193439414182 2.13617223413528734  0.77047475342895844 2.12404193607040215  0.75710662234901493 2.11235304700315618  0.69670509166704098 2.06148808982037579  0.64997568841840458 2.02750509459386885  0.60350570190969954 1.99974669981879027  0.55722696178608666 1.97864208497198790  0.51107340624908271 1.96447563501489997  0.46497956138254182 1.95739016906455277  0.38168594679707368 1.95739016906455277  0.34449528665691848 1.96200198242061519  0.30727304120570814 1.97122435960469877  0.26998552306045820 1.98499646535222607  0.23259886143994479 2.00319707893352250  0.19507850729698387 2.02564379442525411  0.13512648677456876 2.06771453829674901  0.11280491652340682 2.08473299031463410  0.09041539629869663 2.10309850227969442  0.06794914648208664 2.12275442024347027  0.04539723923540245 2.14363651106486897  0.02275059850064685 2.16567296241016249  0.00000000000000000 2.18878438275298848 
 0.00000000000000000 8 0.14387996238636394 6 0.47331555326648433 6 0.47349594656187477 6 0.47368291411665575 6 0.47386356187846035 6 0.47404433502794668 6 0.47423169681917876 6 0.47439979117601500 6 0.47458740936598998 6 0.47476868663412564 6 0.47495657163678262 6 0.47513810705574561 6 0.47532625998866257 6 0.47551454966841789 6 0.47569647662983028 6 0.47588503594089693 6 0.47607373286890620 6 0.47626256770935149 6 0.47644502214276907 6 0.47660151440763049 6 0.53440672172611636 6 0.73831699808859708 6 0.90282808156996286 6 1.00000000000000000 8
7 0 0  6 12 3  1.03517286712356360 27.25135508607862889  1.06978941784626680 28.58857905365078622  1.10582083279608057 29.91907656977920382  1.14329694206696764 31.24381740663914897  1.18226864448586033 32.56275654793950025  1.22280092302882459 33.87499905493093877  1.30973184584776225 36.56236341911926502  1.35634557651469478 37.93669287659551514  1.40496719196957942 39.30124440490325810  1.45575722458030365 40.65362428646592008  1.50889149894484009 41.98992781463985580  1.56459119175812034 43.30503671023943468 
 0.00000000000000000 7 0.48521296252300361 5 1.00000000000000000 7
7 0 0  6 12 3  6.28318530717958623 0.19901193548854934  6.26133793602447764 0.55236195765335827  6.23934544777815336 0.89542235510273471  6.21716687357524389 1.22394692010747841  6.19477369525266663 1.53327228364436774  6.17214768405132830 1.81805214930803660  6.12501864869651769 2.34149946073573867  6.10048089517062841 2.57634603245858962  6.07563450170127783 2.76932804532440713  6.05047087233488501 2.91165193468598682  6.02500506826914961 2.99270252627820454  5.99928121500595779 2.99961496422719875 
 0.00000000000000000 7 0.48521296252300361 5 1.00000000000000000 7
7 0 0  4 5 2  1.01598523686534770 26.50213572636417680  1.02073549051999879 26.68964021069433201  1.02551684048836766 26.87701125127007629  1.03032928641775934 27.06424943651360948  1.03517286712356338 27.25135508607861112 
 0.00000000000000000 5 1.00000000000000000 5
7 0 0  4 5 2  0.01220776471043905 -0.00000060000000000  0.00916067786005431 0.05004643234254266  0.00611042790709854 0.09990961237441981  0.00305690495413867 0.14957086426620253  0.00000000000000000 0.19901193548854224 
 0.00000000000000000 5 1.00000000000000000 5
1 1.01598529381482505 0.00000000000000000 0.00000000000000000 1.00000000000000000 
7 0 0  5 10 3  0.96953205708273482 14.59457515993639376  0.98594614590565344 15.75040356285230203  1.00377262754992080 16.90125789983007110  1.02294942524136689 18.04718081071305136  1.04342496150101782 19.18812496623320385  1.08721137355544450 21.47583624836197558  1.11055864425027440 22.62247960117667844  1.13517503082866256 23.76399193056462522  1.16104711896861867 24.90029304234537832  1.18818368964054777 26.03114515685121333 
 0.00000000000000000 6 0.49648970028102807 4 1.00000000000000000 6
7 0 0  5 10 3  0.18881461052048376 27.49242190247033335  0.17026606936422461 27.67812613304575109  0.15169662615040153 27.87425598293063445  0.13309184773511873 28.07809000755678142  0.11443808023938831 28.28677694261743625  0.07674131666391701 28.71094496579826938  0.05769618412957423 28.92648435547495467  0.03856848891394965 29.14095889597295042  0.01934174609630250 29.35122142052876271  0.00000000000000000 29.55384773215402561 
 0.00000000000000000 6 0.49648970028102807 4 1.00000000000000000 6
7 0 0  6 27 6  0.00000000000000000 11.95826074310127751  0.04238765746549752 11.95826074310127751  0.08477565445594168 11.96701809570719810  0.12715207092012765 11.98453307678907009  0.16950598280297180 12.01095750018130737  0.21182501277791163 12.04659750907607219  0.29699409613717392 12.13796000353164395  0.33984311589252048 12.19397661304765990  0.38262150385020288 12.26049634498909136  0.42530794866073168 12.33821762347986706  0.46787448190182657 12.42806483334240575  0.53183784499471876 12.58367449422043371  0.55335381187887422 12.63956111737158672  0.57482278828614897 12.69904549655999482  0.59623847395663754 12.76230173645413934  0.61759342506183135 12.82952202020325672  0.66302048195108243 12.98189202974876899  0.68707262266682279 13.06823729115418153  0.71102235525217861 13.16025841156656462  0.73485422050899274 13.25829240511972706  0.75854974530276043 13.36269901710071473  0.81428979128562740 13.62592792592594115  0.84619710372772539 13.79063547926270239  0.87775108775689925 13.96892400128252021  0.90888198035410084 14.16177122688608314  0.93950657952485606 14.37011678020667915  0.96953211011576790 14.59457889435497435 
 0.00000000000000000 7 0.25529970669634228 5 0.51443404360446077 5 0.64616854330923257 5 0.79558034685983536 5 1.00000000000000000 7
7 0 0  6 27 6  0.25201884725741075 0.00000000000000000  0.25201884725741075 0.04036919758618811  0.25179943651628378 0.08073871815414120  0.25136060775970698 0.12108507387531386  0.25069912581893083 0.16138571288727188  0.24980845215329861 0.20161590883870240  0.24753127136153388 0.28247619750965886  0.24613750478773108 0.32310373058319991  0.24448631966866347 0.36359500978247206  0.24256306091096896 0.40391235223150324  0.24034849076149822 0.44400863079067043  0.23653212913590985 0.50405786618109982  0.23516435220280074 0.52422243324278772  0.23371184735114051 0.54430469718727281  0.23217109924973220 0.56429497788224448  0.23053827249390391 0.58418211044239865  0.22684816445681896 0.62637726545310934  0.22476332793258683 0.64865199898761816  0.22254870867158358 0.67075848189671239  0.22019777747198074 0.69267460866113051  0.21770372257208112 0.71437458083742733  0.21144221569274291 0.76518081044224573  0.20754392426424945 0.79407321342483017  0.20334746216793831 0.82242737708287539  0.19883575671695336 0.85015099562551466  0.19399380127560301 0.87713610518730045  0.18881455059115737 0.90326688215906403 
 0.00000000000000000 7 0.25529970669634228 5 0.51443404360446077 5 0.64616854330923257 5 0.79558034685983536 5 1.00000000000000000 7
1 0.00000000000000000 5.77729576424793745 1.00000000000000000 0.00000000000000000 
1 5.74937753425135156 0.00000000000000089 0.00000000000000000 1.00000000000000000 
1 2.54291626618620192 0.00000000000000000 0.00000000000000000 1.00000000000000000 
7 0 0  5 30 8  2.54291617975859729 11.32635827569295373  2.58781498494059026 11.28330448795835927  2.63365093674088113 11.24127721990920215  2.68041238348919109 11.20116519353254958  2.72810259102153996 11.16396165372398031  2.80029385719421953 11.11452863379259348  2.82405851868299829 11.09932132985094100  2.84802373261089636 11.08515587221854659  2.87217614393376675 11.07214539746584947  2.91142452583337086 11.05318409038140182  2.92640949741649781 11.04644939526225222  2.94145430866989965 11.04021257596408034  2.95655368763927395 11.03449532643206865  3.00534620600540325 11.01781485163236951  3.03924048924172441 11.00896657767761155  3.07329837028242103 11.00298940186925023  3.10744267773456118 11.00000000000000000  3.19112771558984143 11.00000000000000000  3.24062576620259035 11.00628895962195841  3.28986749852476912 11.01885351192936824  3.33863630553213575 11.03718130689012433  3.41100916324581993 11.07214539746584059  3.43516157456866633 11.08515587221853060  3.45912678849656441 11.09932132985093212  3.48289144998536804 11.11452863379260059  3.55508277467845213 11.16396169379587455  3.60277294474920851 11.20116521883326755  3.64953432693899416 11.24127718465613768  3.69537024522345448 11.28330441410761686  3.74026912742098894 11.32635827569296794 
 0.00000000000000000 6 0.20483010031769738 4 0.30399552860421719 4 0.36481559949921399 4 0.49990186186370533 4 0.69584655037377541 4 0.79506341315355100 4 1.00000000000000000 6
7 0 0  5 30 8  3.23554468922244087 13.00000059999999991  3.22934296346196881 12.68830290447093034  3.22277887287753018 12.39574195100639109  3.21586083031772541 12.12585123538071485  3.20860301772870615 11.88219785560865738  3.19735653627271077 11.56488685362556446  3.19361404985226560 11.46840841664392130  3.18980280281111694 11.37943779137472333  3.18592824656482509 11.29840382895946860  3.17958466062082667 11.18108838177615816  3.17715173288803809 11.13962292953115352  3.17469908489616826 11.10138301424021989  3.17222856100440920 11.06645146588576623  3.16421985511847081 10.96482676089453712  3.15861774762521419 10.91141179873286937  3.15296157504627006 10.87550912125161773  3.14727758622582865 10.85755083554999523  3.13334657190042698 10.85755083554999523  3.12510665186058434 10.89533449252991737  3.11695038499790078 10.97078775674431128  3.10895444584949310 11.08207760719743007  3.09725706061476114 11.29840382895946505  3.09338250436847328 11.37943779137463096  3.08957125732732418 11.46840841664383781  3.08582877090687546 11.56488685362557334  3.07458228033414516 11.88219811283046567  3.06732447398880526 12.12585140808913486  3.06040644109890891 12.39574173568787252  3.05384235435552354 12.68830236981156112  3.04764061795714536 13.00000059999999991 
 0.00000000000000000 6 0.20483010031769738 4 0.30399552860421719 4 0.36481559949921399 4 0.49990186186370533 4 0.69584655037377541 4 0.79506341315355100 4 1.00000000000000000 6
1 6.28318530717958623 -0.00000000000000000 0.00000000000000000 1.00000000000000000 
1 0.00000000000000000 -0.00000000000000000 0.00000000000000000 1.00000000000000000 
1 0.00000000000000000 0.00000000000000000 1.00000000000000000 0.00000000000000000 
1 0.00000000000000000 0.00000000000000000 1.00000000000000000 0.00000000000000000 
1 0.00000000000000000 13.00000000000000000 1.00000000000000000 0.00000000000000000 
1 3.47631297598964073 0.00000000000000000 0.00000000000000000 1.00000000000000000 
1 0.96381837261267322 0.00000000000000000 0.00000000000000000 1.00000000000000000 
1 0.00000000000000000 0.00000000000000000 1.00000000000000000 0.00000000000000000 
1 2.07383404535232652 0.00000000000000000 0.00000000000000000 1.00000000000000000 
1 4.58632864872929424 0.00000000000000000 0.00000000000000000 1.00000000000000000 
7 0 0  7 20 4  0.27287293956734260 0.43699002207051002  0.27303734420572112 0.46067099149962748  0.27330074136529370 0.48448097796896311  0.27368537335439952 0.50843083615103968  0.27421732845471097 0.53252524732336304  0.27492709499651263 0.55676273798170361  0.27585109573720368 0.58113471214810297  0.27820100150972982 0.62977473135899364  0.27961931021042802 0.65402903186201133  0.28133224276510127 0.67837747592618447  0.28339036530225831 0.70278212381645933  0.28585300249743423 0.72717288083976350  0.28878854714851027 0.75144240080082547  0.29511116519053571 0.79493160572501576  0.29830926949394831 0.81423580549956109  0.30191242884098834 0.83325967692403424  0.30596330576538067 0.85187210173475680  0.31050230900394765 0.86989731134790205  0.31556124288837661 0.88711406670175608  0.32115314905170322 0.90326688215906403 
 0.00000000000000000 8 0.35871369021609889 6 0.71248290279240911 6 1.00000000000000000 8
7 0 0  7 20 4  4.93061501461522145 -0.00000060000000000  4.90581745618545995 0.45056825994790944  4.87937855229427520 0.89777728549041680  4.85124635906902757 1.34130582201582294  4.82135642155201882 1.78068802485849953  4.78963101311930028 2.21532083214059217  4.75597132529985167 2.64446949496796080  4.68500637215572180 3.48424398122461643  4.64777309607442213 3.89486158666947624  4.60840412303709623 4.29844714738901423  4.56675284775205892 4.69383714430181875  4.52266047722497788 5.07942956758013242  4.47595341044246631 5.45325811138769545  4.38613714055027337 6.10544270913454934  4.34401289728418583 6.38841738004940041  4.29991999167348382 6.66071919851560246  4.25377189761276497 6.92062829245661071  4.20551393612943869 7.16609787710279900  4.15512633730534997 7.39493590152565350  4.10263834499372493 7.60492250247065726 
 0.00000000000000000 8 0.35871369021609889 6 0.71248290279240911 6 1.00000000000000000 8
1 0.00000000000000000 0.43699005360527149 1.00000000000000000 0.00000000000000000 
7 0 0  7 20 4  0.51252522383010557 0.43699002207050924  0.51236081919172372 0.46067099150013091  0.51209742203214348 0.48448097796995981  0.51171279004302428 0.50843083615255968  0.51118083494269262 0.53252524732539896  0.51047106840086087 0.55676273798425058  0.50954706766012736 0.58113471215119306  0.50719716188750774 0.62977473136269790  0.50577885318679039 0.65402903186543548  0.50406592063203359 0.67837747593017328  0.50200779809488250 0.70278212381985150  0.49954516089960699 0.72717288084355847  0.49660961624848887 0.75144240080444125  0.49028699820641120 0.79493160572803645  0.48708889390298749 0.81423580550225916  0.48348573455610955 0.83325967692568748  0.47943485763161331 0.85187210173650452  0.47489585439329518 0.86989731134862713  0.46983692050890313 0.88711406670224280  0.46424501434574506 0.90326688215906403 
 0.00000000000000000 8 0.35871369022334726 6 0.71248290280049065 6 1.00000000000000000 8
7 0 0  7 20 4  2.13796845596181129 -0.00000060000000000  2.16276601439210170 0.45056825995750394  2.18920491828386243 0.89777728550909563  2.21733711150979618 1.34130582204399063  2.24722704902754566 1.78068802489567291  2.27895245746106445 2.21532083218624276  2.31261214528145098 2.64446949502235862  2.38357709842695353 3.48424398128751234  2.42081037450807246 3.89486158672636984  2.46017934754659606 4.29844714745478562  2.50183062283090152 4.69383714435572763  2.54592299335905192 5.07942956763985887  2.59263006014159414 5.45325811144317996  2.68244633003335764 6.10544270917879750  2.72457057329914498 6.38841738008866145  2.76866347890750486 6.66071919853708394  2.81481157296912921 6.92062829248212985  2.86306953444962931 7.16609787711170654  2.91345713327326639 7.39493590153198177  2.96594512558330958 7.60492250247065726 
 0.00000000000000000 8 0.35871369022334726 6 0.71248290280049065 6 1.00000000000000000 8
7 0 0  7 20 4  1.05827110296479088 0.43699002207051046  1.05843550760312577 0.46067099149332702  1.05869890476260187 0.48448097795629680  1.05908353675154121 0.50843083613192819  1.05961549185159321 0.53252524729772510  1.06032525839301650 0.55676273794946574  1.06124925913317725 0.58113471210920475  1.06359916490456796 0.62977473131322292  1.06501747360478571 0.65402903181582839  1.06673040615895065 0.67837747588028374  1.06878852869546215 0.70278212376999627  1.07125116588996527 0.72717288079365550  1.07418671054023029 0.75144240075478153  1.08050932858157522 0.79493160568633359  1.08370743288537241 0.81423580546776697  1.08731059223302906 0.83325967689915048  1.09136146915827981 0.85187210171673611  1.09590047239801414 0.86989731133636794  1.10095940628395628 0.88711406669636061  1.10655131244915061 0.90326688215906403 
 0.00000000000000000 8 0.35871369012019105 6 0.71248290269614012 6 1.00000000000000000 8
7 0 0  7 20 4  5.71601317801267150 -0.00000060000000000  5.69121561958950561 0.45056825982802501  5.66477671570578423 0.89777728525252154  5.63664452248892633 1.34130582166190826  5.60675458498127188 1.78068802439096818  5.57502917655894414 2.21532083156247284  5.54136948875102320 2.64446949428302513  5.47040453562293827 3.48424398044754025  5.43317125954546221 3.89486158589936604  5.39380228651110638 4.29844714663770500  5.35215101123081283 4.69383714355723036  5.30805864070729694 5.07942956685628833  5.26135157392944208 5.45325811068111577  5.17153530403213146 6.10544270856752025  5.12941106075530673 6.38841737959376577  5.08531815513265784 6.66071919816931235  5.03917006105845111 6.92062829221021580  4.99091209956062887 7.16609787694979428  4.94052450072033444 7.39493590145551316  4.88803650839117765 7.60492250247065726 
 0.00000000000000000 8 0.35871369012019105 6 0.71248290269614012 6 1.00000000000000000 8
1 0.00000000000000000 0.43699005360527149 1.00000000000000000 0.00000000000000000 
7 0 0  7 20 4  1.29792338722755374 0.43699002207051052  1.29775898258922195 0.46067099149290069  1.29749558542975341 0.48448097795542572  1.29711095344082472 0.50843083613061457  1.29657899834078982 0.53252524729597039  1.29586923179939295 0.55676273794726072  1.29494523105926840 0.58113471210653656  1.29259532528795962 0.62977473131000383  1.29117701658775230 0.65402903181297056  1.28946408403368085 0.67837747587660635  1.28740596149712516 0.70278212376732652  1.28494332430274905 0.72717288079021491  1.28200777965249624 0.75144240075169977  1.27568516161121237 0.79493160568365606  1.27248705730737655 0.81423580546563690  1.26888389795969414 0.83325967689741620  1.26483302103437212 0.85187210171550343  1.26029401779456696 0.86989731133557058  1.25523508390851313 0.88711406669600068  1.24964317774319422 0.90326688215906403 
 0.00000000000000000 8 0.35871369011422954 6 0.71248290268952819 6 1.00000000000000000 8
7 0 0  7 20 4  2.92336661935926090 -0.00000060000000000  2.94816417778197959 0.45056825981991150  2.97460308166517251 0.89777728523610667  3.00273527488146863 1.34130582163762790  3.03262521238848848 1.78068802435901574  3.06435062081009502 2.21532083152288495  3.09801030861722371 2.64446949423604583  3.16897526174409183 3.48424398039286531  3.20620853782192050 3.89486158585198616  3.24557751085464652 4.29844714657697047  3.28722878613651126 4.69383714351487491  3.33132115665825923 5.07942956680216628  3.37802822343650577 5.45325811063380428  3.46784449333395939 6.10544270852826898  3.50996873661171938 6.38841737956383504  3.55406164223487453 6.66071919814382696  3.60020973631029051 6.92062829219456077  3.64846769780891966 7.16609787693880040  3.69885529665042601 7.39493590145083335  3.75134328898075253 7.60492250247065726 
 0.00000000000000000 8 0.35871369011422954 6 0.71248290268952819 6 1.00000000000000000 8
7 0 0  7 14 3  1.84809453891863540 0.61097966867944298  1.84945567042692027 0.63805197666077185  1.85114059821495602 0.66524393446045282  1.85321141297322867 0.69254694166778608  1.85574222753670770 0.71990061599870203  1.85882140437524690 0.74718696900436565  1.86255096029415590 0.77422063301641442  1.86970273539602627 0.81636762544897756  1.87262339037635206 0.83181843347632611  1.87583277785741509 0.84701346267849831  1.87935304453803487 0.86186958673329916  1.88320411573094382 0.87628236470190302  1.88740091801639465 0.89012788928574837  1.89194947584659978 0.90326688215906414 
 0.00000000000000000 8 0.62881393368064720 6 1.00000000000000000 8
7 0 0  7 14 3  6.28318530717958623 3.15957353972494337  6.24329165614761816 3.62523928713506116  6.20087618642117100 4.08266217567425471  6.15573115843002405 4.53097254123758120  6.10764098713390702 4.96842659844447709  6.05637532256494815 5.39250519666803996  6.00169056999957640 5.80008900839947827  5.90876172218520601 6.41627558060317860  5.87297989522988484 6.63786064881912097  5.83585584084859743 6.85150362616837505  5.79735077594961989 7.05619691268873961  5.75744261474904029 7.25080247444249348  5.71612935611407558 7.43411559511755282  5.67343467178862060 7.60492250247065726 
 0.00000000000000000 8 0.62881393368064720 6 1.00000000000000000 8
7 0 0  6 7 2  1.84366926636223916 0.43699002207051058  1.84386706351050211 0.46548087407677075  1.84421224341043200 0.49416340790373081  1.84474747794901917 0.52305903774016116  1.84552563617815557 0.55217241812274054  1.84661194963820674 0.58149161894635326  1.84809453891863540 0.61097966867944298 
 0.00000000000000000 7 1.00000000000000000 7
7 0 0  6 7 2  0.21822603423053177 -0.00000060000000000  0.18839180090432883 0.54208407883165000  0.15611428256313004 1.07915887538858790  0.12129338509425477 1.61061978285843210  0.08379590815877505 2.13547021409061832  0.04345347897477116 2.65235506658640174  0.00000000000000000 3.15957353972494337 
 0.00000000000000000 7 1.00000000000000000 7
1 0.00000000000000000 0.43699005360527149 1.00000000000000000 0.00000000000000000 
7 0 0  7 20 4  2.08332155062500179 0.43699002207051046  2.08315714598656365 0.46067099150837099  2.08289374882685685 0.48448097798652656  2.08250911683751960 0.50843083617755458  2.08197716173684899 0.53252524735892892  2.08126739519452331 0.55676273802641507  2.08034339445309513 0.58113471220207014  2.07799348867898770 0.62977473142261897  2.07657517997766439 0.65402903192560191  2.07486224742218228 0.67837747599063181  2.07280412488427146 0.70278212388020422  2.07034148768804771 0.72717288090407572  2.06740594303589997 0.75144240086461500  2.06108332499292679 0.79493160577862221  2.05788522069001845 0.81423580554386299  2.05428206134388880 0.83325967695822034  2.05023118442062247 0.85187210176003469  2.04569218118372387 0.86989731136377979  2.04063324730137152 0.88711406670925719  2.03504134114064161 0.90326688215906403 
 0.00000000000000000 8 0.35871369034840805 6 0.71248290292656424 6 1.00000000000000000 8
7 0 0  7 20 4  3.70876478275670873 -0.00000060000000000  3.73356234119562691 0.45056826011426265  3.76000124509715139 0.89777728582022931  3.78813343833405591 1.34130582250693919  3.81802337586403828 1.78068802550714644  3.84974878431114709 2.21532083294226068  3.88340847214661267 2.64446949591823488  3.95437342531318325 3.48424398230485766  3.99160670139883766 3.89486158772994617  4.03097567444235327 4.29844714844347653  4.07262694973140160 4.69383714532394869  4.11671932026534648 5.07942956858939976  4.16342638705348911 5.45325811236662261  4.25324265693864234 6.10544270992033145  4.29536690019036360 6.38841738068368592  4.33945980578332602 6.66071919899262710  4.38560789982675381 6.92062829280125769  4.43386586128897875 7.16609787731364545  4.48425346009095627 7.39493590162316838  4.53674145237820614 7.60492250247065726 
 0.00000000000000000 8 0.35871369034840805 6 0.71248290292656424 6 1.00000000000000000 8
1 2.03504134114064428 0.00000000000000000 0.00000000000000000 1.00000000000000000 
1 4.53674145237818927 -19.88749999999998863 0.00000000000000000 1.00000000000000000 
1 0.00000000000000000 8.11250000000001137 1.00000000000000000 0.00000000000000000 
1 0.00000000000000000 0.00000000000000000 1.00000000000000000 0.00000000000000000 
1 0.00000000000000000 8.11250000000001137 1.00000000000000000 0.00000000000000000 
1 0.00000000000000000 5.00000000000000000 1.00000000000000000 0.00000000000000000 
1 2.64009858236597372 0.00000000000000000 0.00000000000000000 1.00000000000000000 
1 0.63453115368990054 0.00000000000000000 0.00000000000000000 1.00000000000000000 
1 2.07229039801871640 0.00000000000000000 0.00000000000000000 1.00000000000000000 
1 4.07785782669478980 0.00000000000000000 0.00000000000000000 1.00000000000000000 
1 0.00000000000000000 5.00000000000000000 1.00000000000000000 0.00000000000000000 
1 4.86325599009223808 0.00000000000000000 0.00000000000000000 1.00000000000000000 
1 2.85768856141616512 0.00000000000000000 0.00000000000000000 1.00000000000000000 
1 3.42549674576342156 0.00000000000000000 0.00000000000000000 1.00000000000000000 
1 1.41992931708734971 0.00000000000000000 0.00000000000000000 1.00000000000000000 
1 0.00000000000000000 5.00000000000000000 1.00000000000000000 0.00000000000000000 
1 5.64865415348968636 0.00000000000000000 0.00000000000000000 1.00000000000000000 
1 3.64308672481361295 0.00000000000000000 0.00000000000000000 1.00000000000000000 
1 6.28318530717958623 -0.00000000000000000 0.00000000000000000 1.00000000000000000 
1 0.00000000000000000 -0.00000000000000000 0.00000000000000000 1.00000000000000000 
1 2.20532748048479688 0.00000000000000000 0.00000000000000000 1.00000000000000000 
1 4.21089490916086984 0.00000000000000000 0.00000000000000000 1.00000000000000000 
1 0.00000000000000000 5.00000000000000000 1.00000000000000000 0.00000000000000000 
1 0.15086700970754857 0.00000000000000000 0.00000000000000000 1.00000000000000000 
1 4.42848488821106123 0.00000000000000000 0.00000000000000000 1.00000000000000000 
1 6.28318530717958623 -0.00000000000000000 0.00000000000000000 1.00000000000000000 
1 0.00000000000000000 -0.00000000000000000 0.00000000000000000 1.00000000000000000 
1 2.99072564388224471 0.00000000000000000 0.00000000000000000 1.00000000000000000 
1 4.99629307255831812 0.00000000000000000 0.00000000000000000 1.00000000000000000 
1 0.00000000000000000 5.00000000000000000 1.00000000000000000 0.00000000000000000 
1 0.93626517310499680 0.00000000000000000 0.00000000000000000 1.00000000000000000 
1 5.21388305160850951 0.00000000000000000 0.00000000000000000 1.00000000000000000 
1 0.00000000000000000 8.11250000000001137 1.00000000000000000 0.00000000000000000 
1 0.00000000000000000 0.00000000000000000 1.00000000000000000 0.00000000000000000 
1 0.33472032239984828 0.00000000000000000 0.00000000000000000 1.00000000000000000 
1 4.10541102620246612 0.00000000000000000 0.00000000000000000 1.00000000000000000 
1 0.00000000000000000 -0.00000000000000000 0.00000000000000000 1.00000000000000000 
1 6.28318530717958623 -0.00000000000000000 0.00000000000000000 1.00000000000000000 
1 5.21542669894211919 0.00000000000000000 0.00000000000000000 1.00000000000000000 
1 1.44473599513950135 0.00000000000000000 0.00000000000000000 1.00000000000000000 
1 5.78169123595576639 0.00000000000000000 0.00000000000000000 1.00000000000000000 
1 3.77612380727969299 0.00000000000000000 0.00000000000000000 1.00000000000000000 
1 0.00000000000000000 5.00000000000000000 1.00000000000000000 0.00000000000000000 
1 6.28318530717958623 -0.00000000000000000 0.00000000000000000 1.00000000000000000 
1 0.00000000000000000 -0.00000000000000000 0.00000000000000000 1.00000000000000000 
1 1.72166333650244519 0.00000000000000000 0.00000000000000000 1.00000000000000000 
1 5.99928121500595779 0.00000000000000000 0.00000000000000000 1.00000000000000000 
1 6.28318530717958623 -0.00000000000000000 0.00000000000000000 1.00000000000000000 
1 0.00000000000000000 -0.00000000000000000 0.00000000000000000 1.00000000000000000 
1 0.28390409217362850 0.00000000000000000 0.00000000000000000 1.00000000000000000 
1 4.56152197067714127 0.00000000000000000 0.00000000000000000 1.00000000000000000 
1 0.00000000000000000 8.11250000000001137 1.00000000000000000 0.00000000000000000 
1 0.32115314905170039 0.00000000000000000 0.00000000000000000 1.00000000000000000 
1 4.10263834499374269 -19.88749999999998863 0.00000000000000000 1.00000000000000000 
1 0.00000000000000000 1.00000000000000000 1.00000000000000000 0.00000000000000000 
1 0.00000000000000000 2.50000000000000000 1.00000000000000000 0.00000000000000000 
1 6.28318530717958623 -0.00000000000000000 0.00000000000000000 1.00000000000000000 
1 0.00000000000000000 -0.00000000000000000 0.00000000000000000 1.00000000000000000 
1 0.00000000000000000 13.00000000000000000 1.00000000000000000 0.00000000000000000 
1 6.15712497552419080 0.00000000000000000 0.00000000000000000 1.00000000000000000 
1 3.64463037214722263 0.00000000000000000 0.00000000000000000 1.00000000000000000 
1 0.00000000000000000 0.00000000000000000 1.00000000000000000 0.00000000000000000 
1 0.00000000000000000 13.00000000000000000 1.00000000000000000 0.00000000000000000 
1 0.00000000000000000 0.00000000000000000 1.00000000000000000 0.00000000000000000 
1 0.00000000000000000 -0.00000000000000000 0.00000000000000000 1.00000000000000000 
1 6.28318530717958623 -0.00000000000000000 0.00000000000000000 1.00000000000000000 
1 1.90551664919474484 0.00000000000000000 0.00000000000000000 1.00000000000000000 
1 5.67620735299736268 0.00000000000000000 0.00000000000000000 1.00000000000000000 
1 0.50303771855743007 0.00000000000000000 0.00000000000000000 1.00000000000000000 
1 3.01553232193439813 0.00000000000000000 0.00000000000000000 1.00000000000000000 
1 6.28318530717958623 -0.00000000000000000 0.00000000000000000 1.00000000000000000 
1 0.00000000000000000 -0.00000000000000000 0.00000000000000000 1.00000000000000000 
1 0.00000000000000000 0.00000000000000000 1.00000000000000000 0.00000000000000000 
1 0.00000000000000000 8.11250000000001137 1.00000000000000000 0.00000000000000000 
1 0.00000000000000000 0.00000000000000000 1.00000000000000000 0.00000000000000000 
1 0.00000000000000000 8.11250000000001137 1.00000000000000000 0.00000000000000000 
1 0.00000000000000000 8.11250000000001137 1.00000000000000000 0.00000000000000000 
1 2.96594512558329315 -19.88749999999998863 0.00000000000000000 1.00000000000000000 
1 0.46424501434574778 0.00000000000000000 0.00000000000000000 1.00000000000000000 
1 1.10655131244914862 0.00000000000000000 0.00000000000000000 1.00000000000000000 
1 4.88803650839119008 -19.88749999999998863 0.00000000000000000 1.00000000000000000 
1 6.28318530717958623 -0.00000000000000000 0.00000000000000000 1.00000000000000000 
1 0.00000000000000000 -0.00000000000000000 0.00000000000000000 1.00000000000000000 
1 0.00000000000000000 0.00000000000000000 1.00000000000000000 0.00000000000000000 
1 0.00000000000000000 8.11250000000001137 1.00000000000000000 0.00000000000000000 
1 0.00000000000000000 8.11250000000001137 1.00000000000000000 0.00000000000000000 
1 0.00000000000000000 0.00000000000000000 1.00000000000000000 0.00000000000000000 
1 0.00000000000000000 8.11250000000001137 1.00000000000000000 0.00000000000000000 
1 0.00000000000000000 8.11250000000001137 1.00000000000000000 0.00000000000000000 
1 3.75134328898074054 -19.88749999999998863 0.00000000000000000 1.00000000000000000 
1 1.24964317774319600 0.00000000000000000 0.00000000000000000 1.00000000000000000 
1 1.89194947584659690 0.00000000000000000 0.00000000000000000 1.00000000000000000 
1 5.67343467178863836 -19.88749999999998863 0.00000000000000000 1.00000000000000000 
1 6.28318530717958623 -0.00000000000000000 0.00000000000000000 1.00000000000000000 
1 0.00000000000000000 -0.00000000000000000 0.00000000000000000 1.00000000000000000 
1 0.00000000000000000 8.11250000000001137 1.00000000000000000 0.00000000000000000 
1 0.00000000000000000 8.11250000000001137 1.00000000000000000 0.00000000000000000 
1 0.00000000000000000 0.00000000000000000 1.00000000000000000 0.00000000000000000 
1 0.00000000000000000 8.11250000000001137 1.00000000000000000 0.00000000000000000 
1 0.00000000000000000 0.00000000000000000 1.00000000000000000 0.00000000000000000 
1 0.00000000000000000 5.00000000000000000 1.00000000000000000 0.00000000000000000 
1 0.00000000000000000 -0.00000000000000000 0.00000000000000000 1.00000000000000000 
1 6.28318530717958623 -0.00000000000000000 0.00000000000000000 1.00000000000000000 
1 0.00000000000000000 11.21250000000000568 1.00000000000000000 0.00000000000000000 
1 0.00000000000000000 11.21250000000000568 1.00000000000000000 0.00000000000000000 
1 0.00000000000000000 11.21250000000000568 1.00000000000000000 0.00000000000000000 
1 0.00000000000000000 11.21250000000000568 1.00000000000000000 0.00000000000000000 
1 0.00000000000000000 2.50000000000000000 1.00000000000000000 0.00000000000000000 
1 6.28318530717958623 -0.00000000000000000 0.00000000000000000 1.00000000000000000 
1 0.00000000000000000 -0.00000000000000000 0.00000000000000000 1.00000000000000000 
1 6.28318530717958623 -0.00000000000000000 0.00000000000000000 1.00000000000000000 
1 0.00000000000000000 -0.00000000000000000 0.00000000000000000 1.00000000000000000 
1 0.00000000000000000 0.00000000000000000 1.00000000000000000 0.00000000000000000 
1 0.00000000000000000 13.00000000000000000 1.00000000000000000 0.00000000000000000 
1 0.00000000000000000 13.00000000000000000 1.00000000000000000 0.00000000000000000 
1 0.00000000000000000 0.00000000000000000 1.00000000000000000 0.00000000000000000 
1 0.00000000000000000 -0.00000000000000000 0.00000000000000000 1.00000000000000000 
1 6.28318530717958623 -0.00000000000000000 0.00000000000000000 1.00000000000000000 
1 5.04710930278453773 0.00000000000000000 0.00000000000000000 1.00000000000000000 
1 2.53461469940757000 0.00000000000000000 0.00000000000000000 1.00000000000000000 
1 0.00000000000000000 11.21250000000000568 1.00000000000000000 0.00000000000000000 
1 6.28318530717958623 -0.00000000000000000 0.00000000000000000 1.00000000000000000 
1 0.00000000000000000 -0.00000000000000000 0.00000000000000000 1.00000000000000000 
1 0.00000000000000000 5.00000000000000000 1.00000000000000000 0.00000000000000000 
1 0.00000000000000000 20.00000000000000000 1.00000000000000000 0.00000000000000000 
1 6.28318530717958623 -0.00000000000000000 0.00000000000000000 1.00000000000000000 
1 0.00000000000000000 -0.00000000000000000 0.00000000000000000 1.00000000000000000 
1 0.00000000000000000 92.00000000000002842 1.00000000000000000 0.00000000000000000 
1 0.00000000000000000 14.00000000000000000 1.00000000000000000 0.00000000000000000 
1 0.00000000000000000 1.00000000000000000 1.00000000000000000 0.00000000000000000 
1 0.00000000000000000 14.00000000000000000 1.00000000000000000 0.00000000000000000 
1 0.00000000000000000 1.00000000000000000 1.00000000000000000 0.00000000000000000 
1 0.00000000000000000 14.00000000000000000 1.00000000000000000 0.00000000000000000 
1 2.50706149989989324 0.00000000000000000 0.00000000000000000 1.00000000000000000 
1 0.50149407122381973 0.00000000000000000 0.00000000000000000 1.00000000000000000 
1 6.28318530717958623 -0.00000000000000000 0.00000000000000000 1.00000000000000000 
1 0.00000000000000000 -0.00000000000000000 0.00000000000000000 1.00000000000000000 
1 5.34692013407458955 0.00000000000000000 0.00000000000000000 1.00000000000000000 
1 1.06930225557107672 0.00000000000000000 0.00000000000000000 1.00000000000000000 
1 0.00000000000000000 5.00000000000000000 1.00000000000000000 0.00000000000000000 
1 3.29245966329734152 0.00000000000000000 0.00000000000000000 1.00000000000000000 
1 1.28689223462126789 0.00000000000000000 0.00000000000000000 1.00000000000000000 
1 6.13231829747203783 0.00000000000000000 0.00000000000000000 1.00000000000000000 
1 1.85470041896852500 0.00000000000000000 0.00000000000000000 1.00000000000000000 
1 0.00000000000000000 28.00000000000000000 1.00000000000000000 0.00000000000000000 
1 0.00000000000000000 11.21250000000000568 1.00000000000000000 0.00000000000000000 
1 6.28318530717958623 -0.00000000000000000 0.00000000000000000 1.00000000000000000 
1 0.00000000000000000 -0.00000000000000000 0.00000000000000000 1.00000000000000000 
1 0.00000000000000000 0.00000000000000000 1.00000000000000000 0.00000000000000000 
1 6.28318530717958623 -0.00000000000000000 0.00000000000000000 1.00000000000000000 
1 0.00000000000000000 -0.00000000000000000 0.00000000000000000 1.00000000000000000 
1 0.00000000000000000 0.00000000000000000 1.00000000000000000 0.00000000000000000 
1 6.28318530717958623 -0.00000000000000000 0.00000000000000000 1.00000000000000000 
1 0.00000000000000000 -0.00000000000000000 0.00000000000000000 1.00000000000000000 
1 0.00000000000000000 0.00000000000000000 1.00000000000000000 0.00000000000000000 
1 6.28318530717958623 -0.00000000000000000 0.00000000000000000 1.00000000000000000 
1 0.00000000000000000 -0.00000000000000000 0.00000000000000000 1.00000000000000000 
1 0.00000000000000000 0.00000000000000000 1.00000000000000000 0.00000000000000000 
1 0.00000000000000000 92.00000000000002842 1.00000000000000000 0.00000000000000000 
1 0.00000000000000000 1.00000000000000000 1.00000000000000000 0.00000000000000000 
1 0.00000000000000000 14.00000000000000000 1.00000000000000000 0.00000000000000000 
1 0.00000000000000000 1.00000000000000000 1.00000000000000000 0.00000000000000000 
1 6.28318530717958623 -0.00000000000000000 0.00000000000000000 1.00000000000000000 
1 0.00000000000000000 -0.00000000000000000 0.00000000000000000 1.00000000000000000 
1 0.00000000000000000 0.00000000000000000 1.00000000000000000 0.00000000000000000 
1 0.00000000000000000 11.21250000000000568 1.00000000000000000 0.00000000000000000 
7 0 0  8 9 2  1.35025173967383672 40.34910417060459054  1.18147027221460710 34.80049536267138421  1.01268880475538481 29.49183555177296512  0.84390733729401290 24.66398783007025486  0.67512586983866640 20.54321506942505948  0.50634440237445233 17.31929895227949601  0.33756293491853739 15.12558931677631335  0.16878146745922956 14.02873307022144367  0.00000000000000000 14.02873307022144367 
 1.79134091391595662 9 3.14159265358979312 9
1 0.00000000000000000 19.00000000000000000 1.00000000000000000 0.00000000000000000 
7 0 0  7 8 2  5.61211409777293291 21.33432669743577392  5.51508830773476344 23.36698170793017582  5.41806251769594382 25.68942286479978065  5.32103672765924784 28.27039538214376080  5.22401093761936863 31.07196207563174539  5.12698514758244528 34.05069943336275173  5.02995935754391876 37.15942842416929892  4.93293356750574929 40.34910417060459764 
 3.81266386299644644 8 4.49184439326363005 8
7 0 0  8 9 2  6.28318530717958623 14.02873307022144367  6.11440383972035661 14.02873307022144367  5.94562237226218571 15.12558931674357154  5.77684090480058643 17.31929895238135941  5.60805943734455781 20.54321506941050757  5.43927796988307222 24.66398783010663465  5.27049650242499723 29.49183555176568916  5.10171503496497891 34.80049536267138421  4.93293356750574929 40.34910417060459764 
 3.14159265358979312 9 4.49184439326363005 9
1 0.00000000000000000 94.50000000000001421 1.00000000000000000 0.00000000000000000 
1 6.28318530717958623 -0.00000000000000000 0.00000000000000000 1.00000000000000000 
1 0.00000000000000000 -0.00000000000000000 0.00000000000000000 1.00000000000000000 
1 0.00000000000000000 1.00000000000000000 1.00000000000000000 0.00000000000000000 
1 6.28318530717958623 -0.00000000000000000 0.00000000000000000 1.00000000000000000 
1 0.00000000000000000 -0.00000000000000000 0.00000000000000000 1.00000000000000000 
1 6.28318530717958623 -0.00000000000000000 0.00000000000000000 1.00000000000000000 
1 0.00000000000000000 -0.00000000000000000 0.00000000000000000 1.00000000000000000 
1 0.00000000000000000 11.21250000000000568 1.00000000000000000 0.00000000000000000 
1 0.00000000000000000 23.00000000000000000 1.00000000000000000 0.00000000000000000 
1 6.28318530717958623 -0.00000000000000000 0.00000000000000000 1.00000000000000000 
1 0.00000000000000000 -0.00000000000000000 0.00000000000000000 1.00000000000000000 
1 6.28318530717958623 -0.00000000000000000 0.00000000000000000 1.00000000000000000 
1 0.00000000000000000 -0.00000000000000000 0.00000000000000000 1.00000000000000000 
1 0.00000000000000000 0.00000000000000000 1.00000000000000000 0.00000000000000000 
1 0.00000000000000000 94.50000000000001421 1.00000000000000000 0.00000000000000000 
1 6.28318530717958623 -0.00000000000000000 0.00000000000000000 1.00000000000000000 
1 0.00000000000000000 -0.00000000000000000 0.00000000000000000 1.00000000000000000 
1 6.28318530717958623 -0.00000000000000000 0.00000000000000000 1.00000000000000000 
1 0.00000000000000000 -0.00000000000000000 0.00000000000000000 1.00000000000000000 
1 0.00000000000000000 0.00000000000000000 1.00000000000000000 0.00000000000000000 
1 0.00000000000000000 -0.00000000000000000 0.00000000000000000 1.00000000000000000 
1 6.28318530717958623 -0.00000000000000000 0.00000000000000000 1.00000000000000000 
7 0 0  6 12 3  0.43781491050452104 17.20641706442892982  0.41207397575045501 17.04856558886286066  0.38577623327492594 16.89991120190618190  0.35894902434734505 16.76109187842075698  0.33161661480626597 16.63274239115079567  0.30380046385343734 16.51549845778387748  0.23163670072878084 16.24630325816538345  0.18655434325468784 16.11058719544978146  0.14057619347184117 16.00633793240297109  0.09398131801422187 15.93588789450305931  0.04703337463255243 15.90054257451702568  0.00000000000000000 15.90054257451702568 
 0.00000000000000000 7 0.39189989242565199 5 1.00000000000000000 7
7 0 0  6 12 3  1.02834233340653380 19.00000059999999635  1.06148783780579437 18.91465949510273958  1.09503491763925598 18.83221067410461913  1.12897721310240895 18.75353237829535047  1.16331149789878596 18.67946400944483898  1.19803757716001580 18.61079943844955054  1.28765385132758969 18.45127113625047599  1.34319929219280154 18.36888025827144233  1.39951269027150516 18.30451488319443953  1.45635944003514806 18.26066650442257000  1.51352585540061657 18.23866648574543348  1.57079632679489656 18.23866648574543348 
 0.00000000000000000 7 0.39189989242565199 5 1.00000000000000000 7
7 0 0  8 44 7  0.00000000000000000 42.86964388620975086  0.01886934913680826 42.86964388620975086  0.03769078009498866 42.85879050711982785  0.05640426058450960 42.83718086233216127  0.07494948764335188 42.80510300706919935  0.09326494524003914 42.76303722756912151  0.11128696187616825 42.71165733027164890  0.12894876818893977 42.65183193100369863  0.15871883561989950 42.53571809431555550  0.17105257450880110 42.48281314118456464  0.18318100479678798 42.42618332899317579  0.19510424353583067 42.36609469593170729  0.20682231967078279 42.30280693571872064  0.21833520245668883 42.23657345915998462  0.22964282987609125 42.16764145570742528  0.25816124492607606 41.98426376872630073  0.27508623034185503 41.86613738678786234  0.29154042725032159 41.74264367567522527  0.30754513855756299 41.61444997121765255  0.32312271856705893 41.48212180643024993  0.33829665541763332 41.34612463934303861  0.35309165352140592 41.20682558082996394  0.42294031896919859 40.51844796268920845  0.47388570668299790 39.92055184739592022  0.52079700881013524 39.29187544352900829  0.56411719603768029 38.64593135093952014  0.60432927522331648 37.98970599763627121  0.64196040298163126 37.32408978191813276  0.67756058265907693 36.64443461039168426  0.72123124700604924 35.74187730439452793  0.73071272047830016 35.54140228878004137  0.74002491490521838 35.33997769059281779  0.74916971136248023 35.13761626021538120  0.75814840499615666 34.93432442617129396  0.76696170884014536 34.73010202183853323  0.77560975763360396 34.52494201216281766  0.81376023055715152 33.59792784515786934  0.84116548220651688 32.87111095991750176  0.86653232557930071 32.13353355831011271  0.88983401444243926 31.38105716772020060  0.91079374407788549 30.61153495279046410  0.92887914003410155 29.82502563470029600  0.94331038192148753 29.02300226716591780  0.95309279290837878 28.20690883704178376 
 0.00000000000000000 9 0.07788962530937565 7 0.13457188479662718 7 0.22348892965075570 7 0.56461689582452845 7 0.66141972248191050 7 1.00000000000000000 9
7 0 0  8 44 7  4.71238898038468879 7.26934475145637293  4.73536535680698378 7.26934475145637293  4.75828339006232959 7.27933518205332319  4.78107598426714819 7.29922724126691769  4.80367560880944655 7.32875070834370845  4.82601281427023299 7.36745421033681502  4.84801474834493895 7.41470548868563206  4.86960367176483189 7.46969166579553967  4.90604451479964343 7.57634043350647346  4.92115809600463816 7.62491306899650390  4.93603758722336750 7.67688134938135658  4.95068403579336636 7.73199497757559939  4.96509821073658930 7.79000950518211521  4.97928064649627000 7.85068640955952013  4.99323168667377004 7.91379317088957102  5.02847374188983220 8.08155494716527656  5.04944448161016357 8.18951184183938885  5.06989009201654017 8.30224525138073766  5.08983763962233482 8.41912318686106609  5.10931520289439334 8.53960840162589996  5.12835216278322736 8.66325634061041860  5.14697949325321957 8.78971308965530795  5.23524785248517155 9.41361942444341970  5.30064708076041580 9.95251448926999771  5.36201436071648097 10.51501306032043104  5.41993064167675342 11.08780819223431280  5.47503407079121196 11.66373446898740696  5.52807494221887286 12.24098979236659801  5.57993748394214606 12.82227684377776455  5.64634956896997409 13.58017059645656488  5.66095181043971252 13.74766208108702514  5.67548538753607712 13.91504916352799448  5.68995931819917100 14.08226724837258281  5.70438253558431185 14.24925315820734895  5.71876400169631527 14.41594460219449836  5.73311282102377184 14.58227964465400994  5.79754374010943696 15.32851047200503025  5.84696607303483695 15.89909259062135050  5.89643036762399753 16.46109569740406897  5.94651307601802337 17.01387135278131524  5.99767488515925074 17.55349278847809913  6.05031289115423299 18.07223096843391019  6.10484530156036875 18.55878638406419867  6.16183541907337773 19.00000059999999991 
 0.00000000000000000 9 0.07788962530937565 7 0.13457188479662718 7 0.22348892965075570 7 0.56461689582452845 7 0.66141972248191050 7 1.00000000000000000 9
1 0.00000000000000000 102.00000000000001421 1.00000000000000000 0.00000000000000000 
7 0 0  8 30 5  5.33009251427120745 28.20690883704174112  5.33988229848607698 29.02361737553945886  5.35432777908462487 29.82622247115303793  5.37243187561530711 30.61328556679242752  5.39341342024866410 31.38333857708705210  5.41673944419308651 32.13632631154867170  5.44213296555871739 32.87439962643588132  5.46956749426766109 33.60170224788027582  5.53680510518155344 35.23478908049234803  5.57680217780344467 36.10887569752002690  5.61956414449017938 36.96199386268054354  5.66584112046913280 37.80430686988368905  5.71638266135565321 38.63654683021759695  5.77190044878572994 39.44877105491598712  5.83304329223713403 40.21919623735735883  5.92092736601213954 41.12183953267819447  5.94209304022917806 41.32610745793530072  5.96404080227888489 41.52381013396903597  5.98684481127319756 41.71386974148776261  6.01057369444663170 41.89478265640683929  6.03529089763548932 42.06460994144676846  6.06105554673081759 42.22096608178743793  6.11004356302855278 42.47629607544726582  6.13308077900247728 42.58141080743466489  6.15688977965363637 42.67343803886834763  6.18133892928640005 42.74996453695859344  6.20630643718693431 42.80906269937576525  6.23167703530979811 42.84928182102378003  6.25733954134701875 42.86964388620975086  6.28318530717958623 42.86964388620975086 
 0.00000000000000000 9 0.33747169734287286 7 0.76397802271456938 7 0.89342811045644521 7 1.00000000000000000 9
7 0 0  8 30 5  3.26294254169599895 19.00000059999999991  3.31997561397031316 18.55845383076975352  3.37454642289461626 18.07150405228593826  3.42722023422210098 17.55233761033742468  3.47841657401002369 17.01227172199674342  3.52853346151549863 16.45904422435346959  3.57803243445792107 15.89658641691997865  3.62749091314377248 15.32554679063963121  3.74100930980370805 14.01076983862507497  3.80352154301149215 13.28389194462978118  3.86692504453181041 12.55877833107602370  3.93265296367525963 11.82984047805782879  4.00189846941202276 11.09872193632342885  4.07565320199893311 10.37608682588593290  4.15481316712442794 9.68379800638241406  4.26627406668376974 8.86692202684224284  4.29296921905274687 8.68160894401538918  4.32050765886266053 8.50184499625384227  4.34898213801038214 8.32866844485034363  4.37847817244079263 8.16351115453265663  4.40907565386867883 8.00821115315290299  4.44085113026328937 7.86502335216355153  4.50107293078804993 7.63092521881022723  4.52932346800331675 7.53443833548929032  4.55845537861521599 7.44987472575755483  4.58831419843946353 7.37949429645573574  4.61876149561887139 7.32511020490971365  4.64966962496116398 7.28808816266291881  4.68091772822935770 7.26934475145637293  4.71238898038468879 7.26934475145637293 
 0.00000000000000000 9 0.33747169734287286 7 0.76397802271456938 7 0.89342811045644521 7 1.00000000000000000 9
1 5.53757535101993614 0.00000000000000089 0.00000000000000000 1.00000000000000000 
7 0 0  8 37 6  3.88720255530354519 62.27044819854706503  3.90587471263307950 62.14845265424388998  3.92453776448555658 62.02276159163518088  3.94318656987406824 61.89339684949808174  3.96181616092652922 61.76038574454008057  3.98042170418724739 61.62376142316801975  3.99899846191849218 61.48356321325709928  4.01754175340205588 61.33983697591975925  4.08768688747001452 60.78185916452019200  4.13897790128608101 60.34443353247685593  4.18983320354757360 59.88149563558021526  4.24016950691309447 59.39453518100770424  4.28990310358911131 58.88544389031606840  4.33894618813550625 58.35655702024340741  4.38720339032886386 57.81068702267536707  4.46120584318381308 56.93647507252882178  4.48758013855289217 56.61725226617231499  4.51369359042873430 56.29380166438329525  4.53954756819470973 55.96645837743670171  4.56514265772128791 55.63557178169557460  4.59047869470774028 55.30150541510109008  4.61555479802384472 54.96463687266263776  4.73642722449573128 53.31200139570044882  4.82827931410368105 51.96644833714630352  4.91668620529913269 50.60068280928697959  5.00227361347233135 49.22465708071031543  5.08562219321316711 47.84675253231591086  5.16729790267439171 46.47429637742417441  5.24788131474644359 45.11458469847457309  5.35413130572878160 43.34128921076112562  5.38022419414888553 42.90737656787251808  5.40630547772869718 42.47593751358301972  5.43240559013724233 42.04721115881641680  5.45855417093963879 41.62150900587126046  5.48478007500963471 41.19923326693565713  5.51111138194215311 40.78089518260205892  5.53757540546583638 40.36713334038199719 
 0.00000000000000000 9 0.07453305138987466 7 0.28252282499693210 7 0.39949266081816320 7 0.85228518325012637 7 1.00000000000000000 9
1 3.88720260974944321 -0.00000000000000089 0.00000000000000000 1.00000000000000000 
7 0 0  7 56 10  3.55310945601370376 52.04102403072364780  3.59319800336424278 51.86884571087099260  3.63326379190901738 51.67635172729278992  3.67325718885862118 51.46346718970901435  3.71313246695191879 51.23020292548188337  3.75284690532858045 50.97666581221123749  3.79235989040160959 50.70306911033001285  3.86641576794793540 50.14994047512924169  3.90099508944250362 49.87477643297531671  3.93532852803205158 49.58461449462496518  3.96937630967425292 49.27992572239450197  4.00309948719718900 48.96130090221235065  4.03645908803055509 48.62946303030192752  4.08337559054676458 48.13948280860625317  4.09726399831589116 47.99146575264525438  4.11107842135706747 47.84128410563472755  4.12481675520399893 47.68899709505158313  4.13847685481126693 47.53466770219642257  4.15205653455432433 47.37836266219359516  4.18673943901331125 46.97181487393530830  4.20771956471326547 46.71880818217050546  4.22849058283000012 46.46134628313993886  4.24904869473817559 46.19965847348614574  4.26938969543565428 45.93398992539449921  4.28950900329268503 45.66460215993652128  4.34756704685448714 44.86833479646821843  4.38487832677970690 44.33250420302421446  4.42135804243214370 43.78550332737900419  4.45702292828697022 43.22857994297550732  4.49188449852138927 42.66301899276749054  4.52594960509686661 42.09015357258531509  4.61342242777106204 40.56850646615379929  4.66554796936449634 39.60941512732011205  4.71576227303638351 38.63734146809816394  4.76420131026961080 37.65504536518022149  4.81098521049138217 36.66477117512703643  4.85622484387901032 35.66823155235857712  4.95600228563307343 33.38637546771929010  5.00968312579029984 32.09653659676060755  5.06124738416030340 30.80003912210132455  5.11084687733994958 29.49884711038979646  5.15861366557190326 28.19391489251671601  5.20466734847830192 26.88504053770430957  5.28448315335696517 24.52431334268814211  5.31881274915287783 23.47520495867788171  5.35211758979499930 22.42342668531480143  5.38440052153387771 21.36905863854680732  5.41565113509350748 20.31195253898797759  5.44584249485220884 19.25168131951732420  5.50063949106843442 17.24646569635511284  5.52547021221798040 16.30299995631405707  5.54938744355231162 15.35640973567839573  5.57233492133519537 14.40628542977201043  5.59423006586962313 13.45238213984701758  5.61496530311021846 12.49453158702563904  5.63440972637573712 11.53256199466962251 
 0.00000000000000000 8 0.08546300192473201 6 0.16115851615408522 6 0.19322335037731386 6 0.24355451579531287 6 0.34011798892302247 6 0.49742666759577842 6 0.69849295753179153 6 0.85850816811672459 6 1.00000000000000000 8
7 0 0  8 114 17  6.28318530717958623 11.53256259467070954  6.22192375026138134 11.53256259467070954  6.16065410208591757 11.55034520641190099  6.09943838206312172 11.58591570587156916  6.03833149562464211 11.63966911619964861  5.97739296261476660 11.71237989577120331  5.91669564370625611 11.80525611183483115  5.85633775702909798 11.91996626195939335  5.77782208658514840 12.10169594451193298  5.75922677680867601 12.14715894300624477  5.74068291629927074 12.19499705077198115  5.72219525555711872 12.24527520165990424  5.70376897486040679 12.29806145293531472  5.68540973197163790 12.35342632464946178  5.66712370984395797 12.41144213901095483  5.61363462818179748 12.58989597319088638  5.57864781181023250 12.71785525361225133  5.54401092727614397 12.85658377455579426  5.50978260331122538 13.00661566947359127  5.47602777533624074 13.16847521821170197  5.44281795222422371 13.34262922162952947  5.41023035980613898 13.52941216436198602  5.35565682899075668 13.87089811996187017  5.33332169463644590 14.01933093439071065  5.31137052205102211 14.17425583728329208  5.28983094601867077 14.33566608521910268  5.26872797599824505 14.50350405286299882  5.24808368637980482 14.67765299179869309  5.22791689311227969 14.85793145841765828  5.20085052672746162 15.11403732624595797  5.19352760159548321 15.18481631233362350  5.18627476503320484 15.25641512777159292  5.17909262814362226 15.32882068423039179  5.17198169248095141 15.40201909335002384  5.16494235312575967 15.47599571368412263  5.15797490176008644 15.55073519764410150  5.14046309932857071 15.74244376434598713  5.13001749830784171 15.86043680223661667  5.11974342706076957 15.98014233766012637  5.10964092525496305 16.10149942794577171  5.09970942752095979 16.22444518999048668  5.08994781912791439 16.34891548804223405  5.08035449165929531 16.47484562148337162  5.05418031501127452 16.82836258472766744  5.03795822429449291 17.05895239128567553  5.02224892880506246 17.29358763428633239  5.00703605132477580 17.53191696330094373  4.99230018293318345 17.77360136860924200  4.97801983609441390 18.01832347986511351  4.96417220304800200 18.26579527029250372  4.91674042697640434 19.14807255005604958  4.88538795876555465 19.79593432730727187  4.85625830438170603 20.45578594180403798  4.82897542161805937 21.12453690963637243  4.80321843845730978 21.79978743165883515  4.77871621673544400 22.47986324530490876  4.75523457187468512 23.16377304499307499  4.70465932980727075 24.69755667001140154  4.67801076700077534 25.54848650345908823  4.65225870490795668 26.40258791769757352  4.62713755505396929 27.25881112762731817  4.60244097072129232 28.11636748578653666  4.57800144376484131 28.97467617028430453  4.55367918620151979 29.83333052728750445  4.49503509530555778 31.90342856425474949  4.46071674419382003 33.11465669707575898  4.42605932500814703 34.32482653452926513  4.39080950343622423 35.53312872461491168  4.35474873781130611 36.73876071216108130  4.31767240150747078 37.94087916781616343  4.27937118117888105 39.13856364963723422  4.21391044327724718 41.10088478551547553  4.18761019970385373 41.86862436567010093  4.16063297225657713 42.63374138605004759  4.13290853532201030 43.39588889608428701  4.10435940095986229 44.15461625193525208  4.07489783068755695 44.90936370500075014  4.04441948348793190 45.65944973343299296  3.99095807734016894 46.91796993241167968  3.96858093344503660 47.42921185162028053  3.94561264086281938 47.93752504393899017  3.92200357379591136 48.44256720911170788  3.89769770668029469 48.94388883216694808  3.87263068798965371 49.44092793123525809  3.84672536135081122 49.93299585301043209  3.79886981759410869 50.79985902048451862  3.77728856016272063 51.17680680951430361  3.75508728185918672 51.54974252780916544  3.73221210679562798 51.91815784792265731  3.70860352393088144 52.28136888256110382  3.68419452469076925 52.63850977533544295  3.65890548286874751 52.98850898485503080  3.60635606700106104 53.67156978456407046  3.57913231561619494 54.00415243554309086  3.55082763684009795 54.32689826780871556  3.52132203883936690 54.63806053742637658  3.49050489920647733 54.93502337705076854  3.45827370362681252 55.21434143900695801  3.42452777599885350 55.47173793388344620  3.37824283751621834 55.77296474465790510  3.36718608648677398 55.84133249651111441  3.35597859693947731 55.90692166458169510  3.34462064865596354 55.96955525996232694  3.33311380103152821 56.02904651383571633  3.32146105554060300 56.08520257401955433  3.30966701820224385 56.13782820151165964  3.27908690751098941 56.26318754502954533  3.26009795756668064 56.33057449333480093  3.24080591815723018 56.38809370752518646  3.22125294308411236 56.43501116801947148  3.20148936590394939 56.47069392112676667  3.18157501147361099 56.49465957040716546  3.16158108714217922 56.50663677834666743  3.14159265358979312 56.50663677834666743 
 0.00000000000000000 9 0.08599024673830566 7 0.11276452356699082 7 0.16465266018977992 7 0.20157657395953010 7 0.21545027618074039 7 0.23681086322984013 7 0.27475761307292473 7 0.37074574771828767 7 0.48892779632199246 7 0.65563738379964898 7 0.76332382760706752 7 0.83765067288399087 7 0.89583081236741136 7 0.95401556982120650 7 0.97195357720871733 7 1.00000000000000000 9
7 0 0  8 114 17  3.38748237143256903 6.28318530717958623  3.38748237143256903 6.22575259756876953  3.38705563142844879 6.16831230874722181  3.38620201866166193 6.11096231964342085  3.38491355023645646 6.05379401296009334  3.38317458792686576 5.99690539551241830  3.38096084776238248 5.94041230387284802  3.37823929635559095 5.88446278805457279  3.37395337758996572 5.81207152600541033  3.37288274956099121 5.79495574844431172  3.37175795382036014 5.77791854055323917  3.37057775948976968 5.76096647306526677  3.36934088956102329 5.74410662567629782  3.36804603761670718 5.72734663254557752  3.36669188455088086 5.71069472779622966  3.36253531422523899 5.66211533789376187  3.35956553715061812 5.63050640092190946  3.35635848431872486 5.59940183311293893  3.35290499597474234 5.56887637205358121  3.34919659375436840 5.53901208617377705  3.34522652509995622 5.50989803094114450  3.34099131069461830 5.48162811498068869  3.33329162371071908 5.43484831371249211  3.32995682526526204 5.41587313912005541  3.32648912707349576 5.39740652799404064  3.32289016271195514 5.37948073562531714  3.31916267022206757 5.36212484940147771  3.31531062638402085 5.34536422441303127  3.31133931688061223 5.32921990220834640  3.30572083962049579 5.30787961277999187  3.30417038996487644 5.30214034441875626  3.30260432257114989 5.29649100131271755  3.30102298205258338 5.29093224963867925  3.29942672724274022 5.28546463082642504  3.29781592998947248 5.28008856433397611  3.29619097394891680 5.27480435042284412  3.29202920417356326 5.26161805878324884  3.28947351763788021 5.25384209067153041  3.28688663103411294 5.24628494521000466  3.28427001735241753 5.23894657016277421  3.28162517073073134 5.23182624683099284  3.27895359187409197 5.22492265243769172  3.27625677347394983 5.21823392251260998  3.26870310373704553 5.20025282854563109  3.26379511617942297 5.18941889520121258  3.25882026906390676 5.17924226776508156  3.25378638815038279 5.16970474671719682  3.24870086785625389 5.16078487538958619  3.24357050038777528 5.15245906829784772  3.23840134499581644 5.14470257091073169  3.22003813735239586 5.11924633929204553  3.20667178460537894 5.10449665782010964  3.19317312456977653 5.09280980919128723  3.17960280595004541 5.08378906928841356  3.16600581667969783 5.07709320272618303  3.15241199484774182 5.07243779319734145  3.13883773223113538 5.06958857267162788  3.10860265994685436 5.06684342135025911  3.09196877130507808 5.06778395539332038  3.07540733637665742 5.07082390245406689  3.05893440411651252 5.07570575988699613  3.04256158967612400 5.08223514210532468  3.02629706592026437 5.09026253434065890  3.01014614209466602 5.09967431273418459  2.97149338277986930 5.12549422976187241  2.94911254630349084 5.14318457108068383  2.92698113537345028 5.16321248650745446  2.90511013334597212 5.18544029115065719  2.88351092491526195 5.20979347762349843  2.86219560950393603 5.23625231391095536  2.84117723829350366 5.26484667562849662  2.80709441111398350 5.31558640785350889  2.79385005214244453 5.33642846397891635  2.78074043525531112 5.35822643310816638  2.76777044205826117 5.38101657853983451  2.75494651961675352 5.40484668218457198  2.74227666060817166 5.42977779148901618  2.72977049790357418 5.45588950818916985  2.70892872852920341 5.50220643802187404  2.70050246558837825 5.52173299824985708  2.69216415014674348 5.54190948169566866  2.68391861874917836 5.56277790219017731  2.67577231194266618 5.58438689197044180  2.66773329513137636 5.60679337716451442  2.65981141785955488 5.63006668918737496  2.64591899741107461 5.67326495554692123  2.63990003209326307 5.69281389873913568  2.63396664791153601 5.71299081895407213  2.62812614276451573 5.73384516171595049  2.62238844441639340 5.75543190057346443  2.61676613932929270 5.77781318436114422  2.61127477284098397 5.80106305776055464  2.60059233395439682 5.84949677912072019  2.59540875437604468 5.87464688205482144  2.59039508567136778 5.90085254539776294  2.58557681607954359 5.92822591814783273  2.58099247064174664 5.95687063946413087  2.57669270119327809 5.98688243694393396  2.57274020681490745 6.01835442781058827  2.56812405653665277 6.06157970062680995  2.56707711715486164 6.07190964735282623  2.56607342268193772 6.08238439254743479  2.56511558167232812 6.09300357793382386  2.56420634838792916 6.10376562666371214  2.56334856796396515 6.11466758737740079  2.56254512157487468 6.12570497826385285  2.56063209527739843 6.15433090964722584  2.55960463089002044 6.17211364624717973  2.55872826998983793 6.19018659090218915  2.55801385261010328 6.20850931506203185  2.55747072428792954 6.22703352159055434  2.55710601582726582 6.24570184625005798  2.55692374580246851 6.26444615072422462  2.55692374580246851 6.28318530717958623 
 0.00000000000000000 9 0.08599024673830566 7 0.11276452356699082 7 0.16465266018977992 7 0.20157657395953010 7 0.21545027618074039 7 0.23681086322984013 7 0.27475761307292473 7 0.37074574771828767 7 0.48892779632199246 7 0.65563738379964898 7 0.76332382760706752 7 0.83765067288399087 7 0.89583081236741136 7 0.95401556982120650 7 0.97195357720871733 7 1.00000000000000000 9
7 0 0  8 44 7  3.14159265358979312 56.50663677834666743  3.11736267279354662 56.50663677834666743  3.09312339562798844 56.48903680402219152  3.06903022704693740 56.45381501863361962  3.04520509420404428 56.40157264071100229  3.02174387778712727 56.33332841059162632  2.99872181684511085 56.25035330683640922  2.97619688710759744 56.15404551252611753  2.93774430610479964 55.96480622520844861  2.92157098866783960 55.87705129101790646  2.90569922828283200 55.78312242998305948  2.89013226405175239 55.68354602198152747  2.87486941299994081 55.57881776288077447  2.85990669128629138 55.46939062130624620  2.84523719000558195 55.35566621494692185  2.80553340546639607 55.03089131085635444  2.78110686193600687 54.81165947844608866  2.75750927020785497 54.58212984032324044  2.73468737092664238 54.34383701576734182  2.71259090456408858 54.09805568265390718  2.69117003600069538 53.84581218226725952  2.67037436891499746 53.58788350684962154  2.62392938986249380 52.98366746916941850  2.59868774002787362 52.63409281437147058  2.57432277473239690 52.27740830918192216  2.55075529404348966 51.91467873876084127  2.52791863224090196 51.54676477685495684  2.50575358057618347 51.17434649447881156  2.48420653346900444 50.79792975492406981  2.43625661695831752 49.92925547808879827  2.41023332829330750 49.43477924751211106  2.38505577122418311 48.93528952531515586  2.36064579220926385 48.43148364000188622  2.33693825468247685 47.92393024769508258  2.31387647108427696 47.41308380415006241  2.29141024981682007 46.89928987425566476  2.22534849994891637 45.34244889865130546  2.18344891100671035 44.29150917295493173  2.14342283265197242 43.23211648795844297  2.10501918575570324 42.16591201017946844  2.06802922608124717 41.09419334446453576  2.03227509443068843 40.01793226981419593  1.99758982736531432 38.93781545013176526  1.96380651968503472 37.85426514868396453 
 0.00000000000000000 9 0.08772511900057252 7 0.15342936454625755 7 0.26906183756056151 7 0.41899963805214180 7 0.61175234910568610 7 1.00000000000000000 9
7 0 0  8 44 7  2.55692374580246851 0.00000000000000000  2.55692374580246851 0.02271560699648132  2.55719158468909757 0.04543993114568842  2.55772758539331280 0.06802481102396048  2.55852284462194479 0.09035348589665392  2.55956230850924449 0.11233388184195928  2.56082721971401384 0.13389368984032132  2.56229693596232755 0.15497723582946357  2.56518831969330474 0.19094831790512520  2.56653011900741834 0.20607104107709234  2.56796753122247257 0.22090436059339053  2.56949279826802268 0.23544491488855598  2.57109861555492314 0.24969310309200371  2.57277831011006164 0.26365248288629922  2.57452597204978950 0.27732939561088821  2.57952294504369029 0.31432141529207203  2.58290253150167448 0.33705070925751024  2.58644838874619509 0.35897845678910378  2.59013802734213927 0.38015424738652909  2.59395274574782286 0.40062503193448623  2.59787748947036778 0.42043741381347172  2.60190092915184934 0.43963844797483087  2.61135072820840985 0.48244444961166838  2.61683565797517081 0.50565004286708148  2.62245098461451054 0.52799031588430367  2.62818126106886352 0.54953891530286392  2.63401397656954339 0.57035767015822780  2.63993925907513871 0.59050127299562771  2.64594984601949434 0.61001892000427282  2.65987145164526329 0.65330188066446848  2.66783236493995002 0.67668032841084036  2.67591146730379048 0.69918418998511078  2.68409878540753821 0.72088368498488231  2.69238615791776459 0.74183642106321845  2.70076707334296007 0.76209158689460743  2.70923664955534660 0.78169164968407834  2.73502317415706120 0.83890971187832131  2.75259490908023974 0.87462654540587748  2.77047712323933570 0.90813031567969937  2.78864662852785328 0.93960361735843145  2.80708471630989109 0.96917751861671775  2.82577731216478778 0.99693798977762216  2.84471481156462636 1.02293876027452790  2.86389226094916527 1.04719755119660785 
 0.00000000000000000 9 0.08772511900057252 7 0.15342936454625755 7 0.26906183756056151 7 0.41899963805214180 7 0.61175234910568610 7 1.00000000000000000 9
7 0 0  7 20 4  1.17778602945818167 16.15717938891260985  1.20078705515259188 17.27650519349425551  1.22545750666844411 18.39172158745588703  1.25177198347166829 19.50286822551040800  1.27971803053973021 20.60988133609214756  1.30929740316608378 21.71255355017057198  1.34052790130387267 22.81050068078466353  1.42260334587334247 25.53481057271893917  1.47547219537669050 27.15292570221390633  1.53226579690995024 28.75908675423219663  1.59324640097075010 30.35080978214105585  1.65872902999993999 31.92250357622051027  1.72909754275455185 33.46566709483846580  1.82627349291706698 35.39247345396672273  1.84807544794920475 35.81301115555384484  1.87031601570708328 36.22998740463308565  1.89300151299824937 36.64300400166471405  1.91613919547637113 37.05165927825498073  1.93973755619004629 37.45554893492868587  1.96380662413161056 37.85426687890180375 
 0.00000000000000000 8 0.34313632370765779 6 0.85555549253513608 6 1.00000000000000000 8
7 0 0  7 20 4  3.28307736673146788 19.85640586055103185  3.26335167454478414 19.98853672687552674  3.24356914594702461 20.12170515678716143  3.22371520121021993 20.25341685290893423  3.20377631504854365 20.38100020846634308  3.18374054336468015 20.50158242576879886  3.16359810627060600 20.61202842138191116  3.11309281623762635 20.85341887288990037  3.08262193030043763 20.96744365408157762  3.05184195992850160 21.03969920054483467  3.02073081799877663 21.05663294447163025  2.98932132073646084 21.00163763343284629  2.95770653972796405 20.85460456555403042  2.91715958074956294 20.51646789318121122  2.90824169759563800 20.43283203025892547  2.89932930741246819 20.33938514168559308  2.89042992336616722 20.23558329240898956  2.88155152678799498 20.12086934232215540  2.87270261059603937 19.99467216401918535  2.86389222271690258 19.85640586055103185 
 0.00000000000000000 8 0.34313632370765779 6 0.85555549253513608 6 1.00000000000000000 8
7 0 0  7 32 6  0.00000000000000000 11.53256259467071132  0.07004077427051768 11.53256259467071132  0.14009236151652563 11.55629141981215824  0.21005539920958066 11.60375753135307875  0.27984478145446168 11.67575012061912787  0.34935832124418065 11.77381148171090430  0.41845744470551988 11.90046813822097960  0.50821363947417297 12.10831805398749061  0.52945499344146274 12.16073809484080392  0.55062654188021176 12.21634162329999640  0.57172052770633286 12.27523406447575027  0.59272830222478323 12.33752664369564833  0.61364019796810199 12.40333462253906305  0.67456780998680455 12.60669091036641198  0.71429880787556288 12.75413461811535321  0.75355378760782354 12.91593222898356785  0.79223844732049375 13.09292992456341764  0.83024518915575851 13.28594120109948129  0.86745386844927397 13.49558777377314733  0.93545261972346216 13.91997650053113134  0.96646738406058763 14.13079497326922152  0.99669057598716848 14.35457562686902655  1.02604398471674729 14.59123430765279927  1.05446385407489918 14.84043899261179256  1.08190260394483784 15.10157363044848644  1.11872336091941937 15.48077998712326675  1.12896089582359549 15.58953080696489835  1.13904140407378773 15.69994740524512267  1.14896410542008587 15.81197730407794744  1.15872881020290408 15.92556526258155714  1.16833587093854496 16.04065392548203306  1.17778613390476017 16.15718447171716221 
 0.00000000000000000 8 0.37844480137814590 6 0.49622730458220010 6 0.72336844678979451 6 0.92191711050010050 6 1.00000000000000000 8
7 0 0  7 32 6  3.38748237143256947 0.00000000000000000  3.38748237143256947 0.06566322587861033  3.38691293658182646 0.13133658043354837  3.38577385395617059 0.19686325914420921  3.38404918553663769 0.26209947561490621  3.38170779024346846 0.32687940647452740  3.37869908964712495 0.39098780532345312  3.37379721753858997 0.47374156526486366  3.37256305718237703 0.49328699294413919  3.37125635583681094 0.51272597584587976  3.36987511875964030 0.53204781156034220  3.36841727024601933 0.55124074919268862  3.36688069826483227 0.57029186812261334  3.36214417796201603 0.62562574775039881  3.35872405037122146 0.66148916559492965  3.35498825285360169 0.69666872478910025  3.35092239950686865 0.73104434745059010  3.34651379343239830 0.76448062244465731  3.34175479523557062 0.79683000346998312  3.33218432553325972 0.85513939816960871  3.32745397189450420 0.88139652522691136  3.32245947425733235 0.90660969747282294  3.31720707513780422 0.93068774773856844  3.31170826912567406 0.95355688187041954  3.30598024733126028 0.97516409068096466  3.29771139911582845 1.00346969095145377  3.29534524343733448 1.01126020975688502  3.29294817049033961 1.01885012206311454  3.29052148279905898 1.02623864116564545  3.28806652343397809 1.03342563968082102  3.28558466142223926 1.04041159774214753  3.28307727715804676 1.04719755119660785 
 0.00000000000000000 8 0.37844480137814590 6 0.49622730458220010 6 0.72336844678979451 6 0.92191711050010050 6 1.00000000000000000 8
7 0 0  7 128 22  2.29090198275500612 48.04431887572809501  2.29811242943396277 48.22693354998472870  2.30493840427813979 48.41194760184724544  2.31136369057850510 48.59923798721192867  2.31737233814076315 48.78869141769970241  2.32294865358597713 48.98020427186300196  2.32807719065119212 49.17368250639283644  2.33974255776976303 49.66214265459132093  2.34570640243140405 49.95973700263233752  2.35056328651290292 50.26086586237869369  2.35425990716596090 50.56465724500289838  2.35675959750095876 50.87030353646291303  2.35804169084591875 51.17703843311432621  2.35814938166924426 51.73181918162604376  2.35740192338543908 51.97944644422140925  2.35585977741816865 52.22655770562894162  2.35353129119512960 52.47271095891500181  2.35043238208537275 52.71744976536736971  2.34658673667195794 52.96029366639852043  2.33178141295548125 53.74083038875795637  2.31796981114736500 54.26662626533977374  2.30090606689658639 54.77757424125030639  2.28087928125381101 55.27267385729840043  2.25814828486989061 55.75046333392992892  2.23293719953319814 56.20903073176054932  2.18855746487179692 56.91412478510095951  2.17079031124337218 57.17457019373240001  2.15214145592887496 57.42719028646025947  2.13261122595308228 57.67163435460109611  2.11219159119063304 57.90735021906534286  2.09086866403578364 58.13354563618065640  2.04818438317724283 58.54726570439066791  2.02695321521011795 58.73656603037823487  2.00491674580175694 58.91618273576479226  1.98205997343850115 59.08502769410038979  1.95836872273057572 59.24177533531705109  1.93383085505213792 59.38484064291758102  1.88956952994437333 59.60709057714716153  1.87020750270539660 59.69335278829138502  1.85039274186139990 59.77009585507617118  1.83016599023692739 59.83635270184722543  1.80956761264122457 59.89122387990898488  1.78863802671592209 59.93387173851202476  1.73182397013459055 60.01323740632192028  1.69550229202663183 60.02624481389027977  1.65897635009853262 59.99873120744329213  1.62274268099659014 59.92952585439619639  1.58728552468157069 59.82000835442132569  1.55308401143751929 59.67420511917094217  1.49345555337215474 59.35259703440039658  1.46744150552483577 59.18524782258804606  1.44258274440233358 58.99941747269814840  1.41889141039486155 58.79736188284449838  1.39637811528543265 58.58122123261160397  1.37505091735810336 58.35304411079781772  1.31667435916908282 57.66239942844406130  1.28252638923106921 57.17133997480957674  1.25229627051213166 56.65111985483552814  1.22585466513308572 56.10819862820287085  1.20311027974011786 55.54689418377787291  1.18402527366528476 54.97000451955606337  1.15821415801201466 53.97978767996169580  1.14949886651618827 53.57442975885204817  1.14250175112146679 53.16447823801895112  1.13724020139688364 52.75112327965914716  1.13372679253554631 52.33547806336168406  1.13196885579467499 51.91861136135440091  1.13196885579467499 51.08309397305391286  1.13373908350336161 50.66477475619664261  1.13727702312506040 50.24769009448165491  1.14257524514729925 49.83291919271986359  1.14962102122950838 49.42158644458309880  1.15839676377905687 49.01489458561728441  1.18076111693133590 48.16008981657174814  1.19482951262019887 47.71387182757614909  1.21107444771438599 47.27653412920273013  1.22950336061222187 46.84939972753034709  1.25013928967707932 46.43424061614053500  1.27302056384390871 46.03343426402680905  1.30565191762003052 45.53675726454367378  1.31330288890717850 45.42489807281015857  1.32115900082655746 45.31461895195765521  1.32922237984442093 45.20600507253816147  1.33749524376057338 45.09915037433477636  1.34597990170836668 44.99415756636181385  1.36601610743677715 44.75687124652567661  1.37771955789724077 44.62592977420921159  1.38979203800302709 44.49859565115972515  1.40223620231432533 44.37517280064714242  1.41505456806137908 44.25598724880278922  1.42824965572128315 44.14138724545523473  1.46987187834876809 43.80519586054079184  1.49978857240949948 43.59779464012085981  1.53132302680591414 43.41612715117787502  1.56421034981716356 43.26523960668348678  1.59818090585840489 43.14881654674163514  1.63296293574809903 43.06927639147142628  1.68998094840636570 43.00228473841325894  1.71174504472897149 42.99131812078839232  1.73347901700046303 42.99484757820997771  1.75508997118568533 43.01255871602722891  1.77648344921974810 43.04386369012834024  1.79756271009650703 43.08790012056115160  1.83104223100646246 43.17801448808742037  1.84370907514393978 43.21699245688068913  1.85622137240766572 43.26024534640894359  1.86857195637115758 43.30755810112473370  1.88075370189980862 43.35871218638275337  1.89275950450022856 43.41348505727756191  1.91955330277138425 43.54530287285818702  1.93423387820075332 43.62440953692624390  1.94862419749731486 43.70858597656820166  1.96272460379016778 43.79747649127293840  1.97653565970272682 43.89075266716621826  1.99005823525758174 43.98811272104132541  2.03808680629177719 44.35523233141462640  2.07093065146715061 44.64777161856681431  2.10188754767356256 44.96235156213344197  2.13101748269588498 45.29582921400872664  2.15836773155871642 45.64621483050622430  2.18395762591067522 46.01245848398482252  2.22154550229308567 46.61544974264484864  2.23472639805649376 46.84175625436876800  2.24728732477131787 47.07298503712290483  2.25921015550813564 47.30896998264429243  2.27047232788837716 47.54958184766964990  2.28104679607364069 47.79472245186045853  2.29090198275500612 48.04431887572809501 
 0.00000000000000000 8 0.02970562337370220 6 0.07427356133964649 6 0.11022488701951941 6 0.19098420871380253 6 0.24052651055603383 6 0.28605151164765713 6 0.31987714260530398 6 0.37661612086488094 6 0.42406748964867957 6 0.51417794818100215 6 0.57511038401256509 6 0.63625546105285957 6 0.70553783868637698 6 0.72602768704643761 6 0.75273243356182429 6 0.80791011689473269 6 0.84181757568400351 6 0.86284289187158925 6 0.88946705099227530 6 0.95945683111840629 6 1.00000000000000000 8
7 0 0  7 128 22  -0.00000000000000089 2.38854085536231997  0.02351725263869140 2.31721539430303070  0.04705621227777054 2.24900915158185954  0.07062135374662708 2.18421991706228669  0.09421857559983383 2.12313868749538281  0.11785518061511549 2.06604750399592207  0.14153985629131802 2.01321728951848744  0.20090444931150886 1.89242282655000493  0.23668862924954656 1.83004704257710915  0.27258628754416575 1.77884985570600240  0.30856612384566667 1.73967599720227217  0.34460789171651923 1.71311566514153246  0.38069754172341369 1.69949113046815481  0.44596600288742244 1.69834672085377214  0.47509664403246621 1.70628979112855794  0.50420498447517592 1.72267950982212570  0.53327927275155940 1.74738670402793339  0.56230550638322541 1.78015967820143883  0.59126552336827065 1.82062791688520109  0.68498497427955307 1.97542148559663699  0.74911879291082939 2.11850882602525692  0.81287544153485325 2.29261005197860168  0.87652104130248942 2.49236340312432292  0.94027823436224822 2.71233467968110054  1.00434953882919120 2.94720561133149772  1.10855431175352392 3.34188580833209015  1.14843752286231493 3.49588116506700786  1.18869145238035090 3.65287047515847885  1.22942300950741457 3.81194223509992947  1.27073900489580693 3.97215641331059999  1.31274747933244340 4.13249578057325628  1.39490074924028695 4.43823384611515159  1.43494574580297085 4.58388392997602256  1.47578061888569434 4.72788315946981630  1.51749026262942510 4.86923742711197782  1.56016015193772661 5.00682784255406954  1.60387910342512874 5.13940234149882968  1.68207810057700757 5.35933387139461104  1.71608370216041495 5.44966431067795920  1.75071911882588971 5.53575751741206989  1.78595152078487263 5.61685006878505622  1.82175510515848305 5.69224057273304940  1.85810987757626878 5.76129998287463696  1.95688050539170910 5.92778563541293924  2.02011265189419387 6.01247659217320862  2.08405240552556803 6.07420737001127886  2.14813165342139945 6.11159966734780191  2.21179469948718843 6.12535468190586929  2.27442328089060064 6.11804893788558068  2.38612097697294345 6.07318167179213564  2.43585722218245726 6.04071784889888086  2.48451405609650378 5.99821048319898065  2.53213035343591031 5.94757281770190893  2.57873317711503969 5.89061514933632768  2.62433909046410685 5.82901926829788497  2.75367419725609119 5.64144733934784348  2.83526293478656477 5.50672941887351186  2.91431465504318865 5.36952532162512775  2.99133521076117237 5.23692595302745367  3.06681601196711373 5.11435198320094564  3.14123466695999909 5.00611769564565101  3.26504175726886370 4.85457451013501817  3.31467666610616174 4.80165900428758441  3.36406572233134904 4.75812064453249128  3.41327372965943088 4.72485222314232889  3.46236605882037418 4.70246064849932122  3.51140920118819810 4.69125701314908472  3.60970536451766799 4.69125701314908472  3.65891939105631048 4.70253898082497823  3.70818309302625337 4.72508689470864418  3.75756374536587190 4.75858532543474499  3.80712748628150077 4.80241902496287043  3.85693988853232650 4.85568303681496349  3.96386335948265067 4.98691085254131483  4.02103806868067970 5.06718720234069497  4.07879258102850706 5.15643884530045149  4.13733110013302596 5.25275620836189550  4.19685863253424518 5.35384823935236920  4.25758904338426891 5.45694142515106684  4.33814965461517854 5.58872097585032801  4.35666754772796150 5.61868383002049132  4.37532316848630476 5.64844599490107324  4.39412377573165003 5.67791561435854852  4.41307668737226955 5.70699480923699820  4.43218928038328297 5.73557967735810870  4.47659654522766726 5.80002787731429503  4.50201303596250746 5.83547601917720282  4.52772941617593538 5.86965101342267026  4.55375665639557781 5.90228111513193632  4.58010616880856336 5.93307678287015072  4.60679023155814793 5.96173092140179417  4.68967664662250083 6.04202951903569563  4.74751336707190497 6.08609301066903097  4.80684988833162219 6.11628068429328398  4.86731983573785687 6.12912678939496391  4.92862653575729137 6.12189997908422878  4.99051009728794970 6.09284361349949055  5.09096207006314749 6.00960171612154959  5.12907625338953999 5.96962475686512750  5.16697093017088083 5.92142879609592132  5.20454650986855505 5.86530799497938116  5.24169938486203790 5.80178154009626379  5.27831747882877256 5.73158810218821024  5.33657244814806653 5.60859368554714344  5.35863613233925040 5.55927319784083629  5.38046560513206540 5.50786238323480948  5.40205905888994486 5.45452273779424157  5.42341386316212937 5.39942183376421703  5.44452652768541334 5.34273240301196939  5.49181525829324357 5.21105869554608070  5.51784792413810354 5.13520759533091375  5.54350763190394424 5.05736283792744690  5.56881000257156522 4.97779802350569867  5.59376978233065625 4.89677447706035007  5.61840131579136415 4.81454009116920378  5.70664557202082801 4.51258007130081928  5.76846862880912159 4.28685304911089737  5.82852713475190232 4.05806947982745836  5.88713971932772218 3.82946356677037247  5.94462137439587313 3.60375638656692976  6.00129364946735944 3.38342913246503540  6.09004042823574565 3.04809492843976804  6.12241842958177340 2.92782976591099020  6.15466577690402694 2.81088211798760224  6.18682450121585781 2.69785064014021803  6.21893605232883129 2.58935278274140535  6.25104209535006827 2.48602798274448400  6.28318530717958534 2.38854085536231997 
 0.00000000000000000 8 0.02970562337370220 6 0.07427356133964649 6 0.11022488701951941 6 0.19098420871380253 6 0.24052651055603383 6 0.28605151164765713 6 0.31987714260530398 6 0.37661612086488094 6 0.42406748964867957 6 0.51417794818100215 6 0.57511038401256509 6 0.63625546105285957 6 0.70553783868637698 6 0.72602768704643761 6 0.75273243356182429 6 0.80791011689473269 6 0.84181757568400351 6 0.86284289187158925 6 0.88946705099227530 6 0.95945683111840629 6 1.00000000000000000 8
7 0 0  8 16 3  3.26294254169599895 19.00000059999999991  3.31997397574370146 18.55846651382606893  3.37454462170804259 18.07152172035434035  3.42721913871579176 17.55235034022690144  3.47841639372967837 17.01227437265688280  3.52853395899813060 16.45903874167944636  3.57803315355999185 15.89657811555557743  3.62749133247974953 15.32554193386492436  3.69920541245443957 14.49494511202900426  3.72082602274727936 14.24420274333618863  3.74253004306495285 13.99274457395033977  3.76434986728579446 13.74076107211082132  3.78631744923671576 13.48844632228612106  3.80846433320007449 13.23601194409843629  3.83082168442053606 12.98370101124833731  3.85342031961193188 12.73180197043939188 
 0.00000000000000000 9 0.69922134241656941 7 1.00000000000000000 9
7 0 0  8 16 3  5.33009251427120745 28.20690883704174112  5.33988201728283141 29.02359391627962282  5.35432717718931972 29.82619544686498614  5.37243132577105964 30.61326883943862143  5.39341325150053397 31.38333596758413790  5.41673965384189060 32.13633399492994158  5.44213336041706341 32.87441023533059337  5.46956774264281531 33.60170828048893554  5.51204441204848727 34.63339409675707259  5.52519456961908340 34.94150881049850454  5.53871775712235870 35.24749229357489355  5.55261649672075297 35.55138152855417388  5.56689637730196996 35.85317763826165560  5.58156554700632235 36.15283617392790916  5.59663420575410164 36.45025740333672815  5.61211409777293202 36.74527659897305654 
 0.00000000000000000 9 0.69922134241656941 7 1.00000000000000000 9
7 0 0  6 12 3  1.57079632679489656 18.23866648574543348  1.62792459233289777 18.23866648574543348  1.68494985266170660 18.26055738232734882  1.74165776826278274 18.30418942898414869  1.79783590309979324 18.36824394080134226  1.85325112102096368 18.45025258062468509  1.94288605704861705 18.60947766618059163  1.97775198570367539 18.67832285646781898  2.01222364295323475 18.75262417726604980  2.04630032995103095 18.83157795363421982  2.07997824026236433 18.91433359585743190  2.11325032018325665 19.00000059999999635 
 0.00000000000000000 7 0.60659904848921231 5 1.00000000000000000 7
7 0 0  6 12 3  6.28318530717958623 15.90054257451702568  6.23626871910650316 15.90054257451702568  6.18943669966833809 15.93571258408156588  6.14295516821185661 16.00581501998646061  6.09708611788559196 16.10955658903215237  6.05210677225736315 16.24462564599097547  5.97992076785694593 16.51324185926463883  5.95198996276982939 16.63076516375433300  5.92454595218136593 16.75948949645361097  5.89761085232433668 16.89877035383952730  5.87120963049873179 17.04796278817472555  5.84537039667506786 17.20641706442890850 
 0.00000000000000000 7 0.60659904848921231 5 1.00000000000000000 7
1 0.00000000000000000 0.00000000000000000 1.00000000000000000 0.00000000000000000 
1 0.00000000000000000 3.18225406033297986 1.00000000000000000 0.00000000000000000 
1 0.00000000000000000 4.73620075434535881 1.00000000000000000 0.00000000000000000 
1 6.28318530717958623 -0.00000000000000000 0.00000000000000000 1.00000000000000000 
1 0.00000000000000000 -0.00000000000000000 0.00000000000000000 1.00000000000000000 
1 6.28318530717958623 -0.00000000000000000 0.00000000000000000 1.00000000000000000 
1 0.00000000000000000 -0.00000000000000000 0.00000000000000000 1.00000000000000000 
1 0.00000000000000000 0.00000000000000000 1.00000000000000000 0.00000000000000000 
1 0.00000000000000000 19.85640646055102820 1.00000000000000000 0.00000000000000000 
1 0.00000000000000000 1.04719755119659896 1.00000000000000000 0.00000000000000000 
7 0 0  6 7 2  0.14148471314171474 19.85640586055075474  0.11818743612233504 20.01246068318712901  0.09480879603622404 20.17000292956478802  0.07132219923638142 20.32450481039030876  0.04770366347107050 20.47100415158811515  0.02393376261066275 20.60401510795731284  0.00000000000000000 20.71715814026537927 
 0.00000000000000000 7 1.00000000000000000 7
7 0 0  6 7 2  1.17778602945813504 16.15717938891029348  1.20495168033928590 17.47917321794733425  1.23451234996487536 18.79526059405866079  1.26642198641736048 20.10552077506610047  1.30066635342248738 21.40977782186603662  1.33726761290300766 22.70745171455344291  1.37629345959784066 23.99746194147221345 
 0.00000000000000000 7 1.00000000000000000 7
7 0 0  8 9 2  6.28318530717958623 20.71715814026537927  6.24948996558248737 20.87644747495834707  6.21548490895800043 20.99823335343737440  6.18108109226023306 21.06773093395697671  6.14626676164722241 21.06707651390197356  6.11110298604902002 20.97457948665748972  6.07572752717018716 20.76402652432802398  6.04037819061340819 20.40400599474796550  6.00548487630667793 19.85640586055075474 
 0.00000000000000000 9 1.00000000000000000 9
7 0 0  8 9 2  1.37629345959784066 23.99746194147222766  1.43123631404532969 25.81361329079718914  1.49075684211741355 27.61531961955870784  1.55511163499338800 29.40323609202154387  1.62462947377128164 31.17321371099301430  1.69968246894116004 32.91697287503798464  1.78076081688965226 34.62273179301941184  1.86848170038524208 36.27515472973924915  1.96380662413165852 37.85426687890262087 
 0.00000000000000000 9 1.00000000000000000 9
1 0.00000000000000000 0.00000000000000000 1.00000000000000000 0.00000000000000000 
1 0.00000000000000000 6.28318530717958623 1.00000000000000000 0.00000000000000000 
1 0.00000000000000000 0.00000000000000000 1.00000000000000000 0.00000000000000000 
1 0.00000000000000000 5.66081681862456598 1.00000000000000000 0.00000000000000000 
7 0 0  8 58 9  0.24588971784277636 6.28318530717958623  0.24588971784277636 6.22575259756883170  0.24546297783867416 6.16831230874756820  0.24460936507184472 6.11096231964336312  0.24332089664667580 6.05379401296053476  0.24158193433711306 5.99690539551317858  0.23936819417258265 5.94041230387300434  0.23664664276583425 5.88446278805530198  0.23236072400021526 5.81207152600609067  0.23129009597124192 5.79495574844499295  0.23016530023061230 5.77791854055391951  0.22898510590002566 5.76096647306595155  0.22774823597128188 5.74410662567698349  0.22645338402696785 5.72734663254626142  0.22509923096114312 5.71069472779691001  0.22094266063550450 5.66211533789440047  0.21797288356090422 5.63050640092268484  0.21476583072900515 5.59940183311362993  0.21131234238502006 5.56887637205419317  0.20760394016466627 5.53901208617447072  0.20363387151027232 5.50989803094192254  0.19939865710491925 5.48162811498132196  0.19191027060530313 5.43613207949251098  0.18880386375367667 5.41838039553787176  0.18558148611616432 5.40107034247144480  0.18224440216942361 5.38422824280140233  0.17879471815796438 5.36787813093407262  0.17523548415593349 5.35204133768076940  0.17157075555306292 5.33673605166651388  0.16642037301650514 5.31654677235737783  0.16502151251899827 5.31119050149155214  0.16360927315654517 5.30590872643319678  0.16218390614738459 5.30070204442347492  0.16074567324370956 5.29557096855472054  0.15929484673166716 5.29051592777043922  0.15783170943135863 5.28553726686531355  0.15409288803675505 5.27311295757416421  0.15180091419365657 5.26577111778969531  0.14948168839628176 5.25861068566642142  0.14713629979606857 5.25163210590734497  0.14476586246676057 5.24483534411155006  0.14237150640401236 5.23821992150191473  0.13995436852499507 5.23178494965281793  0.13353377390230933 5.21531533127357161  0.12949428098479490 5.20557921676428137  0.12540197224287064 5.19631514605040223  0.12126165784338476 5.18751475066853729  0.11707799182617595 5.17916752272513037  0.11285538590366112 5.17126132598447974  0.10859793602645804 5.16378286465111547  0.09173075579701528 5.13599682576908201  0.07889366959003144 5.11884983493957346  0.06587904990407038 5.10489151325437529  0.05275649241512755 5.09373526136703170  0.03957896270174588 5.08503244652026343  0.02638259449933781 5.07848434445514130  0.01318772355905753 5.07384070808495835  0.00000000000000000 5.07089857197307126 
 0.00000000000000000 9 0.24132504809894820 7 0.31646500743821981 7 0.46208509275291060 7 0.55886928791633406 7 0.59447735925780887 7 0.64911895179003942 7 0.73833240829234004 7 1.00000000000000000 9
7 0 0  8 58 9  6.28318530717958623 11.53256259467070421  6.22192375026144884 11.53256259467070421  6.16065410208617159 11.55034520641161144  6.09943838206325406 11.58591570587193864  6.03833149562510663 11.63966911619905886  5.97739296261538477 11.71237989577010197  5.91669564370655721 11.80525611183474766  5.85633775702988313 11.91996626195782838  5.77782208658588647 12.10169594451015129  5.75922677680940964 12.14715894300436005  5.74068291630000971 12.19499705077000407  5.72219525555786479 12.24527520165784544  5.70376897486115553 12.29806145293316533  5.68540973197238664 12.35342632464720936  5.66712370984470493 12.41144213900857984  5.61363462818250625 12.58989597318833198  5.57864781181111269 12.71785525360873770  5.54401092727691047 12.85658377455267143  5.50978260331189684 13.00661566947059811  5.47602777533702767 13.16847521820771227  5.44281795222512965 13.34262922162463205  5.41023035980686906 13.52941216435780980  5.35715447604048300 13.86152681071549431  5.33627202593040106 13.99976234523014540  5.31572279885941601 14.14365905144899571  5.29552931989145126 14.29321436572863924  5.27571223718766191 14.44838707350897522  5.25629009056554697 14.60909115446780504  5.23727906251404374 14.77519127791778786  5.21185456928081603 15.00952647205623514  5.20507377952062544 15.07325927664385290  5.19835095790587154 15.13768960912344141  5.19168664716741191 15.20280812966436201  5.18508131724510157 15.26860491169060730  5.17853536528779301 15.33506944188078513  5.17204911565333614 15.40219062016814000  5.15576148734132200 15.57394581745976225  5.14604130414743643 15.67945400093871733  5.13646319751326619 15.78643927044954864  5.12702763104179571 15.89485737025678880  5.11773463649135874 16.00466223939002575  5.10858384551435929 16.11580642241651518  5.09957452139598733 16.22824148021381774  5.07622526696067045 16.52751897596201758  5.06211927142431062 16.71642900789527886  5.04838267516531136 16.90843858342759631  5.03500806792814615 17.10333587148529944  5.02198605423046018 17.30091204125410798  5.00930569275797133 17.50096574648186021  4.99695487914408609 17.70330717586552183  4.94962373275047796 18.50743706678325040  4.91707650639388483 19.12484841238010347  4.88690722504930886 19.75618969984841300  4.85875197428335959 20.39801844550312637  4.83228624707333232 21.04758633653295874  4.80722838183524104 21.70293355944895453  4.78333146937417109 22.36288088822858811  4.76037543642550176 23.02701417327516253 
 0.00000000000000000 9 0.24132504809894820 7 0.31646500743821981 7 0.46208509275291060 7 0.55886928791633406 7 0.59447735925780887 7 0.64911895179003942 7 0.73833240829234004 7 1.00000000000000000 9
7 0 0  7 32 6  0.24588971784277638 0.00000000000000000  0.24588971784277638 0.06566322587773142  0.24532028299204001 0.13133658043174198  0.24418120036644175 0.19686325914170866  0.24245653194692013 0.26209947561132940  0.24011513665383674 0.32687940647022007  0.23710643605757237 0.39098780531833260  0.23220456394916741 0.47374156525895833  0.23097040359297344 0.49328699293822886  0.22966370224742885 0.51272597583996959  0.22828246517028114 0.53204781155443381  0.22682461665668410 0.55124074918678156  0.22528804467551886 0.57029186811670862  0.22055152437277714 0.62562574774448265  0.21713139678205332 0.66148916558885351  0.21339559926448173 0.69666872478309549  0.20932974591781600 0.73104434744460101  0.20492113984343069 0.76448062243859538  0.20016214164666410 0.79683000346403166  0.19059167194453128 0.85513939816358864  0.18586131830586769 0.88139652522086409  0.18086682066881779 0.90660969746668674  0.17561442154939516 0.93068774773244112  0.17011561553736138 0.95355688186438470  0.16438759374308348 0.97516409067493803  0.15611874552753360 1.00346969094652105  0.15375258984880208 1.01126020975288933  0.15135551690156704 1.01885012206000303  0.14892882921004383 1.02623864116336794  0.14647386984470986 1.03342563967934331  0.14399200783270880 1.04041159774143854  0.14148462356825409 1.04719755119660785 
 0.00000000000000000 8 0.37844480137305631 6 0.49622730457686026 6 0.72336844678368151 6 0.92191711049200942 6 1.00000000000000000 8
7 0 0  7 32 6  0.00000000000000000 11.53256259467070244  0.07004077426958018 11.53256259467070244  0.14009236151462240 11.55629141981155072  0.21005539920685240 11.60375753135111410  0.27984478145069502 11.67575012061528739  0.34935832123953359 11.77381148170441882  0.41845744470000013 11.90046813821082772  0.50821363946775644 12.10831805397175565  0.52945499343503011 12.16073809482426782  0.55062654187376647 12.21634162328251527  0.57172052769987503 12.27523406445720511  0.59272830221831163 12.33752664367606044  0.61364019796161806 12.40333462251850349  0.67456780998025700 12.60669091034252176  0.71429880786879152 12.75413461808831350  0.75355378760110092 12.91593222895432191  0.79223844731373327 13.09292992453111459  0.83024518914883971 13.28594120106330401  0.86745386844241812 13.49558777373407814  0.93545261971636917 13.91997650048371327  0.96646738405337096 14.13079497321756328  0.99669057597975763 14.35457562681145482  1.02604398470923397 14.59123430759021289  1.05446385406735521 14.84043899254472088  1.08190260393716331 15.10157363037473210  1.11872336091293634 15.48077998705434943  1.12896089581829107 15.58953080690681325  1.13904140406961085 15.69994740519799059  1.14896410541699057 15.81197730404196378  1.15872881020086993 15.92556526255719085  1.16833587093755731 16.04065392546985080  1.17778613390476017 16.15718447171715866 
 0.00000000000000000 8 0.37844480137305631 6 0.49622730457686026 6 0.72336844678368151 6 0.92191711049200942 6 1.00000000000000000 8
1 0.00000000000000000 0.58892657493435285 1.00000000000000000 0.00000000000000000 
7 0 0  7 44 8  0.31518064769083737 0.58892652983716409  0.31813296655416229 0.60704546298721362  0.32135998696197499 0.62484247079489186  0.32488998288529886 0.64222980994168022  0.32875069475039032 0.65907389095708446  0.33296684436831431 0.67519494834267479  0.33755605149832685 0.69037147608398364  0.34458559483909806 0.71015336327397482  0.34671265089590503 0.71574912922103040  0.34890425118202606 0.72111779798622677  0.35115972843564480 0.72623921083783061  0.35347769992449579 0.73109251245985785  0.35585595020377131 0.73565668469435452  0.36260061441079022 0.74743910142507441  0.36709100127562549 0.75400119947233790  0.37174171601812739 0.75947525868168397  0.37652526585231522 0.76375432618294525  0.38140694549448984 0.76675395925540568  0.38634492961694616 0.76841988954501939  0.39496476384201340 0.76899000528964645  0.39864512947933900 0.76849375345092330  0.40231161244514213 0.76725497201389814  0.40594610643637052 0.76528460130746834  0.40953192548785061 0.76260516604370510  0.41305391890786225 0.75924913772473979  0.41810484305742579 0.75339724927114671  0.41969448627616346 0.75139798962987514  0.42126624270409618 0.74926449514495197  0.42281899607245765 0.74700108344146776  0.42435176624870535 0.74461228916806221  0.42586370216000075 0.74210279886154695  0.42978018126599055 0.73520360086648240  0.43214914693976153 0.73062262016057011  0.43445787806341551 0.72575500939791193  0.43670421936737425 0.72062167149470624  0.43888683767717940 0.71524332240539967  0.44100510560360451 0.70963996694886067  0.44798788734886680 0.68988850995801110  0.45254294419019331 0.67476753988578864  0.45672924366787626 0.65871675824547538  0.46056426166279529 0.64195341359845948  0.46407236262572604 0.62465388752500406  0.46728084274856180 0.60694944113968130  0.47021751570661097 0.58892652983716476 
 0.00000000000000000 8 0.22937667344177393 6 0.32461860841119894 6 0.49314626056378963 6 0.61838709023581295 6 0.67678792692688106 6 0.77185586933171124 6 1.00000000000000000 8
7 0 0  7 44 8  4.16023126171765600 -0.00000060000000000  4.13094365335206692 0.24106453977674855  4.09995095271888665 0.47444182394161760  4.06714270287243362 0.69905646119554787  4.03242841364250193 0.91332644217802605  3.99574476648890853 1.11528368471764061  3.95706268223745639 1.30268478222382256  3.89950787890844364 1.54387599025780742  3.88228345637050198 1.61169544750268900  3.86472512486522790 1.67638724432803676  3.84683980944189896 1.73776117916808048  3.82863766328126687 1.79562399345749824  3.81013251155947952 1.84978403357125232  3.75809359001590959 1.98901044495074597  3.72393491543020705 2.06583794312328628  3.68899168799191290 2.12941675230756511  3.65340824227696759 2.17881952951668367  3.61735115217176029 2.21333999465285336  3.58101653038012868 2.23250046539849922  3.51763047950677565 2.23905709198716130  3.49057962405314415 2.23334913485079545  3.46359709058317211 2.21910951553603564  3.43676872437133962 2.19643365381886735  3.41017376044506415 2.16551178991690030  3.38388727001326162 2.12661944856132257  3.34590125701097252 2.05844779903150599  3.33390246318433725 2.03511308582906336  3.32199146033485793 2.01015855105560348  3.31017405995166669 1.98362210832597574  3.29845548047584947 1.95554384003619930  3.28684039898935820 1.92596552509654884  3.25660066052211539 1.84440918383136787  3.23815368184080876 1.79002712736420655  3.22000966941623190 1.73196879659269176  3.20218216163481006 1.67042496832993037  3.18468106993999545 1.60558779932995455  3.16751311605912678 1.53764622874507251  3.11029158840721820 1.29671985647894550  3.07186716633895340 1.10992843823820908  3.03541957186455580 0.90878281833914598  3.00091945316064423 0.69548555648208665  2.96830416792673502 0.47196881316380512  2.93748460663713606 0.23978700760056909  2.90835220885937717 -0.00000060000000000 
 0.00000000000000000 8 0.22937667344177393 6 0.32461860841119894 6 0.49314626056378963 6 0.61838709023581295 6 0.67678792692688106 6 0.77185586933171124 6 1.00000000000000000 8
1 0.00000000000000000 0.58892657493435285 1.00000000000000000 0.00000000000000000 
7 0 0  7 44 8  1.10057881108828615 0.58892652983716598  1.10353112995216152 0.60704546299059459  1.10675815036061809 0.62484247080148425  1.11028814628471739 0.64222980995138046  1.11414885815071085 0.65907389096961766  1.11836500776967607 0.67519494835763971  1.12295421490089531 0.69037147610091343  1.12998375824351216 0.71015336329253020  1.13211081430084803 0.71574912923985934  1.13430241458751646 0.72111779800520448  1.13655789184169964 0.72623921085682286  1.13887586333113178 0.73109251247872287  1.14125411361100215 0.73565668471294188  1.14799877782332116 0.74743910144877479  1.15248916469321205 0.75400119949949052  1.15713987944098884 0.75947525870974442  1.16192342928066350 0.76375432620916173  1.16680510892827938 0.76675395927679502  1.17174309305609547 0.76841988955862839  1.18036292689603184 0.76899000525886763  1.18404329214145099 0.76849375354323668  1.18770977472023631 0.76725497238768736  1.19134426833514651 0.76528460211601623  1.19493008702597892 0.76260516743048046  1.19845208010510906 0.75924913981989017  1.20350300406545485 0.75339725225115717  1.20509264741209909 0.75139799264963181  1.20666440396676866 0.74926449818217544  1.20821715746036551 0.74700108647453844  1.20974992776005075 0.74461229217612390  1.21126186379272327 0.74210280182458987  1.21517834311348527 0.73520360383397132  1.21754730888150364 0.73062262317085247  1.21985604009736504 0.72575501242663332  1.22210238149101569 0.72062167451916359  1.22428499988763595 0.71524332540468338  1.22640326789773879 0.70963996990389755  1.23338604993566436 0.68988851264887263  1.23794110696678827 0.67476754226627000  1.24212740661039645 0.65871676023412529  1.24596242474818197 0.64195341513734416  1.24947052583290374 0.62465388857489301  1.25267900605890903 0.60694944167423515  1.25561567910405869 0.58892652983716598 
 0.00000000000000000 8 0.22937667347833290 6 0.32461860846069807 6 0.49314626077823920 6 0.61838707714793451 6 0.67678791770576696 6 0.77185586255831673 6 1.00000000000000000 8
7 0 0  7 44 8  4.94562942511510162 -0.00000060000000000  4.91634181674404935 0.24106453982170348  4.88534911610484190 0.47444182402810375  4.85254086625158099 0.69905646132087973  4.81782657701413530 0.91332644233743909  4.78114292985229294 1.11528368490507801  4.74246084559174808 1.30268478243288754  4.68490604224937268 1.54387599048296864  4.66768161970767981 1.61169544773004381  4.65012328819857323 1.67638724455609656  4.63223797277133631 1.73776117939527341  4.61403582660671763 1.79562399368219294  4.59553067488087752 1.84978403379173062  4.54349175329799149 1.98901044522933712  4.50933307867520750 2.06583794344027583  4.47438985119889931 2.12941675263305186  4.43880640544485239 2.17881952981926563  4.40274931530086278 2.21333999489897248  4.36641469347074107 2.23250046555502690  4.30302864542977748 2.23905709163318578  4.27597779285504398 2.23334913591266560  4.24899526223969648 2.21910951983242422  4.22216689883069840 2.19643366312352661  4.19557193763196601 2.16551180592040859  4.16928544983159188 2.12661947284108965  4.13129943843704428 2.05844783380670959  4.11930064370479077 2.03511312113413734  4.10738963995510442 2.01015858663648972  4.09557223867873166 1.98362214393420500  4.08385365831822345 1.95554387542985375  4.07223857595686312 1.92596556004103037  4.04199883597760046 1.84440921904405686  4.02355185665420034 1.79002716323259503  4.00540784359660051 1.73196883284013969  3.98758033519362654 1.67042500469376720  3.97007924289065484 1.60558783556297580  3.95291128841651718 1.53764626461629050  3.89568975864287736 1.29671988971953445  3.85726533514179737 1.10992846806967238  3.82081773935464053 0.90878284364298934  3.78631761945939926 0.69548557636538344  3.75370233315182222 0.47196882693219516  3.72288277089864517 0.23978701471257891  3.69375037225682989 -0.00000060000000000 
 0.00000000000000000 8 0.22937667347833290 6 0.32461860846069807 6 0.49314626077823920 6 0.61838707714793451 6 0.67678791770576696 6 0.77185586255831673 6 1.00000000000000000 8
1 0.00000000000000000 0.58892657493435285 1.00000000000000000 0.00000000000000000 
7 0 0  7 44 8  1.88597697448573420 0.58892652983716454  1.88892929334875315 0.60704546298533835  1.89215631375619053 0.62484247079114452  1.89568630967909679 0.64222980993625967  1.89954702154367938 0.65907389095007252  1.90376317116099947 0.67519494833422466  1.90835237829035553 0.69037147607449778  1.91538192163008181 0.71015336326355172  1.91750897768659301 0.71574912921045741  1.91970057797240656 0.72111779797556930  1.92195605522570689 0.72623921082716181  1.92427402671423109 0.73109251244926021  1.92665227699317376 0.73565668468391709  1.93339694119721250 0.74743910141175962  1.93788732805922503 0.75400119945709920  1.94253804279872067 0.75947525866590471  1.94732159262989879 0.76375432616823979  1.95220327226894685 0.76675395924338452  1.95714125638843339 0.76841988953737672  1.96576109082975625 0.76899000530693018  1.96944145668713788 0.76849375339909021  1.97310793987027577 0.76725497180400226  1.97674243407281858 0.76528460085344452  1.98032825332680162 0.76260516526499600  1.98385024693823775 0.75924913654824977  1.98890117119405141 0.75339724759778359  1.99049081434096431 0.75139798793419332  1.99206257069773041 0.74926449343946222  1.99361532399576946 0.74700108173831048  1.99514809410270400 0.74461228747894925  1.99666002994584146 0.74210279719771322  2.00057650893123062 0.73520359920015077  2.00294547455207850 0.73062261847020837  2.00525420562395507 0.72575500769719803  2.00750054687755020 0.72062166979638864  2.00968316513860623 0.71524332072121755  2.01180143301804337 0.70963996528952122  2.01878421459896540 0.68988850844701799  2.02333927133371905 0.67476753854907856  2.02752557071822670 0.65871675712879674  2.03136058863292179 0.64195341273433404  2.03486868952746658 0.62465388693545598  2.03807716959236673 0.60694944083952007  2.04101384250150675 0.58892652983716565 
 0.00000000000000000 8 0.22937667342053794 6 0.32461860838256096 6 0.49314626044222931 6 0.61838709758408605 6 0.67678793210401966 6 0.77185587313463189 6 1.00000000000000000 8
7 0 0  7 44 8  5.73102758851255256 -0.00000060000000000  5.70173998014999484 0.24106453975178971  5.67074727952031132 0.47444182389248907  5.63793902967754956 0.69905646112551689  5.60322474045185892 0.91332644208882918  5.56654109330303459 1.11528368461177219  5.52785900905652561 1.30268478210669270  5.47030420573508813 1.54387599013134635  5.45307978319924214 1.61169544737500980  5.43552145169612011 1.67638724419994589  5.41763613627499474 1.73776117904045191  5.39943399011660574 1.79562399333128231  5.38092883839708414 1.84978403344745113  5.32888991687562275 1.98901044479424005  5.29473124231061654 2.06583794294526513  5.25978801489400105 2.12941675212479353  5.22420456920051457 2.17881952934667478  5.18814747911756413 2.21333999451463326  5.15181285734727101 2.23250046531061619  5.08842680488349597 2.23905709218595250  5.06137594781336109 2.23334913425448800  5.03439341274034025 2.21910951312343974  5.00756504495462362 2.19643364859406498  4.98097007949684301 2.16551178093054153  4.95468358758733984 2.12661943492747563  4.91669757368226623 2.05844777950418623  4.90469878036417128 2.03511306600425845  4.89278777802018627 2.01015853107591802  4.88097037813853696 1.98362208833089726  4.86925179915949791 1.95554382016160977  4.85763671816427767 1.92596550547423928  4.82739698054607480 1.84440916405843636  4.80895000222532598 1.79002710722307001  4.79080599015621544 1.73196877623869860  4.77297848272380953 1.67042494791058660  4.75547739137049152 1.60558777898407490  4.73830943782276215 1.53764620860236301  4.68108791136227520 1.29671983781346034  4.64266349009853752 1.10992842148691095  4.60621589636134221 0.90878280413037138  4.57171577832639553 0.69548554531711126  4.53910049369533120 0.47196880543239655  4.50828093294685139 0.23978700360703398  4.47914853565427595 -0.00000060000000000 
 0.00000000000000000 8 0.22937667342053794 6 0.32461860838256096 6 0.49314626044222931 6 0.61838709758408605 6 0.67678793210401966 6 0.77185587313463189 6 1.00000000000000000 8
7 0 0  8 44 7  5.69851639939226207 0.00000000000000000  5.69851639939226207 0.02271560699636058  5.69878423827888891 0.04543993114548189  5.69932023898309836 0.06802481102362792  5.70011549821172192 0.09035348589620540  5.70115496209901274 0.11233388184143150  5.70241987330377231 0.13389368983971120  5.70388958955207048 0.15497723582872333  5.70678097328303213 0.19094831790438274  5.70812277259712442 0.20607104107619134  5.70956018481218663 0.22090436059258922  5.71108545185773764 0.23544491488784325  5.71269126914462166 0.24969310309119244  5.71437096369974551 0.26365248288539339  5.71611862563948847 0.27732939561015807  5.72111559863335817 0.31432141529121543  5.72449518509135835 0.33705070925683878  5.72804104233584166 0.35897845678820028  5.73173068093178362 0.38015424738569348  5.73554539933747609 0.40062503193379195  5.73947014305999659 0.42043741381261973  5.74349358274147370 0.43963844797402762  5.75294338179801912 0.48244444961087390  5.75842831156475210 0.50565004286616178  5.76404363820412247 0.52799031588371281  5.76977391465842970 0.54953891530203136  5.77560663015908027 0.57035767015721495  5.78153191266472799 0.59050127299501098  5.78754249960902634 0.61001892000343039  5.80146410523480505 0.65330188066373140  5.80942501852939586 0.67668032840986281  5.81750412089336955 0.69918418998450449  5.82569143899700048 0.72088368498404309  5.83397881150715314 0.74183642106221803  5.84235972693252759 0.76209158689405476  5.85082930314474048 0.78169164968316274  5.87661582774655056 0.83890971187770624  5.89418756266963761 0.87462654540511797  5.91206977682920964 0.90813031567979796  5.93023928211694518 0.93960361735748577  5.94867736990003237 0.96917751861702994  5.96736996575419187 0.99693798977717540  5.98630746515445633 1.02293876027457364  6.00548491453895927 1.04719755119660785 
 0.00000000000000000 9 0.08772511899985240 7 0.15342936454542783 7 0.26906183755985874 7 0.41899963805160700 7 0.61175234910545817 7 1.00000000000000000 9
7 0 0  8 44 7  3.14159265358979312 56.50663677834666743  3.11736267279367496 56.50663677834666743  3.09312339562819894 56.48903680402209915  3.06903022704729533 56.45381501863425200  3.04520509420453500 56.40157264071236654  3.02174387778769260 56.33332841059326768  2.99872181684575123 56.25035330683846979  2.97619688710838837 56.15404551252950682  2.93774430610559367 55.96480622521274739  2.92157098866880061 55.87705129102366897  2.90569922828368998 55.78312242998821091  2.89013226405251977 55.68354602198635206  2.87486941300081256 55.57881776288695619  2.85990669128726038 55.46939062131363585  2.84523719000636355 55.35566621495300410  2.80553340546731445 55.03089131086444752  2.78110686193667433 54.81165947845276776  2.75750927020890746 54.58212984033330173  2.73468737092755232 54.34383701577712600  2.71259090456476315 54.09805568266242659  2.69117003600165727 53.84581218227805977  2.67037436891586788 53.58788350686046442  2.62392938986335711 52.98366746918127035  2.59868774002880931 52.63409281438451615  2.57432277473316162 52.27740830919373138  2.55075529404439205 51.91467873877546424  2.52791863224188962 51.54676477687080194  2.50575358057694686 51.17434649449158712  2.48420653346993481 50.79792975494041229  2.43625661695913820 49.92925547810433073  2.41023332829442882 49.43477924753435104  2.38505577122481549 48.93528952532720666  2.36064579221021154 48.43148364002213668  2.33693825468365679 47.92393024772099608  2.31387647108488004 47.41308380416310087  2.29141024981787078 46.89928987427983742  2.22534849994963846 45.34244889866947403  2.18344891100750305 44.29150917297389611  2.14342283265209632 43.23211648796766582  2.10501918575673042 42.16591201020181501  2.06802922608081419 41.09419334445633609  2.03227509443134524 40.01793226983323848  1.99758982736524882 38.93781545012968337  1.96380651968503295 37.85426514868392189 
 0.00000000000000000 9 0.08772511899985240 7 0.15342936454542783 7 0.26906183755985874 7 0.41899963805160700 7 0.61175234910545817 7 1.00000000000000000 9
1 0.00000000000000000 0.58892657493435285 1.00000000000000000 0.00000000000000000 
7 0 0  7 44 8  4.24217146467807904 0.58892652983716587  4.24512378354128295 0.60704546298647244  4.24835080394893971 0.62484247079336552  4.25188079987210266 0.64222980993951884  4.25574151173698834 0.65907389095428670  4.25995766135466436 0.67519494833926486  4.26454686848442144 0.69037147608018778  4.27157641182477033 0.71015336326979328  4.27370346788146005 0.71574912921679135  4.27589506816745679 0.72111779798195408  4.27815054542094764 0.72623921083355192  4.28046851690966701 0.73109251245560725  4.28284676718881041 0.73565668469016943  4.28959143139463350 0.74743910141973380  4.29408181825833868 0.75400119946624355  4.29873253299963665 0.75947525867532983  4.30351608283261289 0.76375432617707739  4.30839776247354056 0.76675395925057699  4.31333574659480412 0.76841988954195617  4.32195558090646959 0.76899000529656925  4.32563594663191786 0.76849375343017268  4.32930242968475110 0.76725497192984793  4.33293692376060147 0.76528460112565944  4.33652274289317408 0.76260516573188319  4.34004473638984045 0.75924913725362442  4.34509566058195507 0.75339724860106005  4.34668530377193019 0.75139798895085175  4.34825706017136504 0.74926449446200161  4.34980981351156526 0.74700108275945121  4.35134258366005700 0.74461228849166905  4.35285451954405822 0.74210279819527614  4.35677099860175421 0.73520360019921349  4.35913996425433403 0.73062261948367446  4.36144869535725377 0.72575500871687182  4.36369503664104297 0.72062167081462947  4.36587765493132718 0.71524332173098359  4.36799592283893912 0.70963996628438752  4.37497870451838988 0.68988850935294954  4.37953376131704442 0.67476753935050626  4.38372006075741272 0.65871675779831340  4.38755507872020534 0.64195341325243127  4.39106317965575510 0.62465388728891758  4.39427165975538880 0.60694944101948745  4.39720833269385292 0.58892652983716454 
 0.00000000000000000 8 0.22937667343319801 6 0.32461860839968415 6 0.49314626051508798 6 0.61838709317843010 6 0.67678792900010165 6 0.77185587085459817 6 1.00000000000000000 8
7 0 0  7 44 8  1.80403677152531072 -0.00000060000000000  1.77474916316092113 0.24106453976686090  1.74375646252918770 0.47444182392164663  1.71094821268417241 0.69905646116762388  1.67623392345594779 0.91332644214241732  1.63955027630431061 1.11528368467491168  1.60086819205478448 1.30268478217695538  1.54331338872883927 1.54387599020707711  1.52608896619172540 1.61169544745149440  1.50853063468731530 1.67638724427668029  1.49064531926487942 1.73776117911689498  1.47244317310514772 1.79562399340687384  1.45393802138425743 1.84978403352161069  1.40189909984956040 1.98901044488797174  1.36774042527213258 2.06583794305200374  1.33279719784255835 2.12941675223418381  1.29721375213619039 2.17881952944863055  1.26115666203990640 2.21333999459739106  1.22482204025683172 2.23250046536328250  1.16143598874660148 2.23905709206679093  1.13438513264564200 2.23334913461205042  1.10740259853372414 2.21910951456992978  1.08057423169162914 2.19643365172666583  1.05397926715206602 2.16551178631846808  1.02769277612851928 2.12661944310174933  0.98970676276470304 2.05844779121190991  0.97770796914170910 2.03511307789035545  0.96579696649465052 2.01015854305489183  0.95397956631229519 1.98362210031910524  0.94226098703540873 1.95554383207756466  0.93064590574564543 1.92596551723891496  0.90040616761840553 1.84440917591344644  0.88195918908146165 1.79002711929881331  0.86381517679923048 1.73196878844206847  0.84598766915758572 1.67042496015316444  0.82848657759952482 1.60558779118260797  0.81131862385204190 1.53764622067905110  0.75409709667725078 1.29671984900455839  0.71567267493111797 1.10992843153011300  0.67922508075195709 0.90878281264943683  0.64472496231593257 0.69548555201126183  0.61210967732339994 0.47196881006768193  0.58129011625050953 0.23978700600143968  0.55215771866703289 -0.00000060000000000 
 0.00000000000000000 8 0.22937667343319801 6 0.32461860839968415 6 0.49314626051508798 6 0.61838709317843010 6 0.67678792900010165 6 0.77185587085459817 6 1.00000000000000000 8
1 0.00000000000000000 0.58892657493435285 1.00000000000000000 0.00000000000000000 
7 0 0  7 44 8  5.02756962807552821 0.58892652983716509  5.03052194693873211 0.60704546298647333  5.03374896734638533 0.62484247079336730  5.03727896326955182 0.64222980993951850  5.04113967513443928 0.65907389095428548  5.04535582475210997 0.67519494833926452  5.04994503188186972 0.69037147608018767  5.05697457522221949 0.71015336326979417  5.05910163127890655 0.71574912921678990  5.06129323156490418 0.72111779798195197  5.06354870881839592 0.72623921083355114  5.06586668030711618 0.73109251245560747  5.06824493058625869 0.73565668469016943  5.07498959479208445 0.74743910141973935  5.07947998165577808 0.75400119946621746  5.08413069639709292 0.75947525867536736  5.08891424623005673 0.76375432617704275  5.09379592587098351 0.76675395925058720  5.09873390999225240 0.76841988954195528  5.10735374430399425 0.76899000529657446  5.11103411002951535 0.76849375343015036  5.11470059308243208 0.76725497192977044  5.11833508715835883 0.76528460112549368  5.12192090629099983 0.76260516573159776  5.12544289978773726 0.75924913725319665  5.13049382397988829 0.75339724860045443  5.13208346716983677 0.75139798895023768  5.13365522356924675 0.74926449446138377  5.13520797690942210 0.74700108275883448  5.13674074705788808 0.74461228849105787  5.13825268294186532 0.74210279819467417  5.14216916199951779 0.73520360019860909  5.14453812765207807 0.73062261948306495  5.14684685875498094 0.72575500871625642  5.14909320003875326 0.72062167081401041  5.15127581832901793 0.71524332173036942  5.15339408623661033 0.70963996628378800  5.16037686791600692 0.68988850935238843  5.16493192471460905 0.67476753935005152  5.16911822415495870 0.65871675779788386  5.17295324211772289 0.64195341325209831  5.17646134305323269 0.62465388728874049  5.17966982315285662 0.60694944101935955  5.18260649609130031 0.58892652983716498 
 0.00000000000000000 8 0.22937667343284493 6 0.32461860839922435 6 0.49314626051452848 6 0.61838709318059837 6 0.67678792900154361 6 0.77185587085564389 6 1.00000000000000000 8
7 0 0  7 44 8  2.58943493492275634 -0.00000060000000000  2.56014732655836452 0.24106453976688183  2.52915462592664264 0.47444182392164702  2.49634637608161514 0.69905646116760223  2.46163208685338919 0.91332644214241554  2.42494843970176444 1.11528368467493322  2.38626635545222943 1.30268478217693584  2.32871155212628000 1.54387599020707000  2.31148712958917857 1.61169544745149351  2.29392879808476868 1.67638724427667718  2.27604348266232437 1.73776117911688632  2.25784133650258889 1.79562399340686230  2.23933618478170660 1.84978403352160137  2.18729726324698470 1.98901044488802770  2.15313858866964036 2.06583794305174528  2.11819536123996333 2.12941675223459725  2.08261191553364711 2.17881952944818202  2.04655482543739753 2.21333999459758912  2.01022020365427778 2.23250046536324920  1.94683415214347777 2.23905709206682824  1.91978329604197939 2.23334913461187190  1.89280076192945579 2.21910951456901806  1.86597239508679325 2.19643365172471805  1.83937743054671587 2.16551178631522268  1.81309093952261580 2.12661944309678885  1.77510492615848547 2.05844779120483867  1.76310613253568027 2.03511307788320028  1.75119512988880621 2.01015854304765806  1.73937772970663174 1.98362210031182973  1.72765915042992413 1.95554383207034155  1.71604406914033980 1.92596551723184661  1.68580433101339899 1.84440917590630304  1.66735735247659611 1.79002711929151714  1.64921334019449062 1.73196878843468149  1.63138583255296021 1.67042496014575237  1.61388474099502077 1.60558779117522965  1.59671678724766974 1.53764622067174872  1.53949526007326654 1.29671984899760395  1.50107083832753929 1.10992843152450016  1.46462324414853007 0.90878281264393090  1.43012312571274403 0.69548555200691786  1.39750784072054657 0.47196881006541075  1.36668827964775264 0.23978700599973332  1.33755588206448350 -0.00000060000000000 
 0.00000000000000000 8 0.22937667343284493 6 0.32461860839922435 6 0.49314626051452848 6 0.61838709318059837 6 0.67678792900154361 6 0.77185587085564389 6 1.00000000000000000 8
1 0.00000000000000000 0.58892657493435285 1.00000000000000000 0.00000000000000000 
7 0 0  7 38 7  3.45677330128063121 0.58892652983716498  3.45972562014326801 0.60704546298299422  3.46295264055025287 0.62484247078653954  3.46648263647262178 0.64222980992950340  3.47034334833657709 0.65907389094135016  3.47455949795316998 0.67519494832379590  3.47914870508168539 0.69037147606270377  3.48617824842012514 0.71015336325062528  3.48830530447626952 0.71574912919734157  3.49049690476170182 0.72111779796234976  3.49275238201460825 0.72623921081393139  3.49507035350272721 0.73109251243611806  3.49744860378125555 0.73565668467096912  3.50419326798160125 0.74743910139524605  3.50868365484009370 0.75400119943819321  3.51333436957591738 0.75947525864635201  3.51811791940326790 0.76375432614997552  3.52299959903852677 0.76675395922848766  3.52793758315428230 0.76841988952789730  3.53669386075520498 0.76899902966013933  3.54051117964084794 0.76845588876930015  3.54431276058216893 0.76711385958893819  3.54807841594636475 0.76498580661396531  3.55178968210898205 0.76209788754989682  3.55542994729991779 0.75848748391342891  3.56054607392843270 0.75231985257192557  3.56209124888388518 0.75030695561811422  3.56361894822674952 0.74816746090213881  3.56512816739616856 0.74590545844328837  3.56661802612268497 0.74352522077577721  3.56808776182667264 0.74103114522497826  3.57205388796053436 0.73390493138881951  3.57450834726126709 0.72905208626115470  3.57689674750434028 0.72389254132222214  3.57921682779251205 0.71844997676377087  3.58146727673881893 0.71274775269208124  3.58364758945946926 0.70680828937230444  3.58575792456673614 0.70065244747279920 
 0.00000000000000000 8 0.29436577821539572 6 0.41659253251530776 6 0.63286898591945406 6 0.79956175769618232 6 0.87278868601561221 6 1.00000000000000000 8
7 0 0  7 38 7  1.01863860812786178 -0.00000060000000000  0.98935099976909380 0.24106453972059391  0.95835829914365545 0.47444182383210709  0.92555004930560170 0.69905646103824692  0.89083576008513377 0.91332644197786894  0.85415211294208715 1.11528368448111292  0.81547002870190344 1.30268478196106163  0.75791522538977640 1.54387598997450182  0.74069080285653455 1.61169544721662783  0.72313247135608338 1.67638724404107475  0.70524715593768672 1.73776117888219162  0.68704500978207361 1.79562399317476240  0.66853985806536931 1.84978403329385555  0.61650093657131166 1.98901044460012000  0.58234226203211059 2.06583794272460253  0.54739903464198725 2.12941675189781643  0.51181558897574364 2.17881952913606458  0.47575849891982169 2.21333999434311091  0.43942387717631815 2.23250046520159096  0.37503448835688535 2.23916087692573385  0.34697751052408005 2.23291360035043640  0.31899808632217447 2.21748748435360277  0.29119185642857692 2.19299485206807665  0.26364644428497003 2.15965663324083490  0.23644437787095665 2.11779003991247849  0.19790022418495931 2.04586875155838444  0.18621603661692435 2.02235089472787921  0.17461774124986323 1.99730030095421740  0.16311060297693400 1.97075296182719972  0.15169934516817540 1.94274672571613238  0.14038819533386385 1.91332087566841547  0.10971144214774613 1.82900034029003922  0.09055555513817333 1.77132241665426982  0.07173252307821064 1.70969237892647108  0.05325688567371727 1.64432698997258142  0.03513899119575030 1.57544380735450273  0.01738551865896252 1.50325565768577141  0.00000000000000000 1.42796511098723777 
 0.00000000000000000 8 0.29436577821539572 6 0.41659253251530776 6 0.63286898591945406 6 0.79956175769618232 6 0.87278868601561221 6 1.00000000000000000 8
7 0 0  6 7 2  3.58575792456673659 0.70065244747279920  3.59124122368619236 0.68465767851367454  3.59623511076047286 0.66717060103403147  3.60075070608420456 0.64857930908051242  3.60482292625444689 0.62920413450355128  3.60849475375141893 0.60927385524651168  3.61181016929640419 0.58892652983716587 
 0.00000000000000000 7 1.00000000000000000 7
7 0 0  6 7 2  6.28318530717958623 1.42796511098723777  6.23801238709419437 1.23233713370828646  6.19542324880119644 1.01529111448260290  6.15542224220373324 0.78055000673198538  6.11793668142874303 0.53146053923059733  6.08283446433362585 0.27071240519001294  6.04994486244917340 -0.00000060000000000 
 0.00000000000000000 7 1.00000000000000000 7
1 6.28318530717958623 -0.00000000000000000 0.00000000000000000 1.00000000000000000 
1 0.00000000000000000 -0.00000000000000000 0.00000000000000000 1.00000000000000000 
1 0.00000000000000000 0.00000000000000000 1.00000000000000000 0.00000000000000000 
1 0.00000000000000000 4.74364406888418344 1.00000000000000000 0.00000000000000000 
1 6.28318530717958623 -0.00000000000000000 0.00000000000000000 1.00000000000000000 
1 0.00000000000000000 -0.00000000000000000 0.00000000000000000 1.00000000000000000 
1 0.00000000000000000 5.66081681862456598 1.00000000000000000 0.00000000000000000 
7 0 0  8 58 9  6.28318530717958623 5.07089857197307126  6.26466150502328478 5.06676597493997072  6.24617390800316130 5.06599529900529610  6.22776091219118832 5.06801503801012299  6.20944915033877542 5.07242929589297908  6.19125698047514117 5.07894555383137547  6.17319635129139233 5.08734634720436496  6.15527400527685842 5.09746951523199687  6.11474217612499960 5.12420452586869235  6.09223111807562923 5.14183323596537445  6.06997139525915408 5.16183162847976984  6.04797420550304743 5.18405679096874117  6.02625110606893788 5.20843075383890675  6.00481434049763596 5.23493168716137180  5.98367708828621581 5.26358833159934569  5.94944422240667059 5.31440265562436576  5.93616634637352192 5.33523949244710494  5.92302354455613322 5.35703466139982432  5.91002069870787228 5.37982422844718045  5.89716425289513069 5.40365581811825635  5.88446219352532918 5.42859035296848624  5.87192414326127476 5.45470733691592269  5.85103168696752540 5.50103014465164630  5.84258641337990259 5.52055601352536041  5.83422916613860476 5.54073219975053455  5.82596477030550108 5.56160065716490859  5.81779964990631715 5.58320996104892586  5.80974184861728560 5.60561698249967133  5.80180118817796853 5.62889099386206837  5.78787538448480898 5.67209014071171325  5.78184182345508102 5.69163922898474084  5.77589379859409036 5.71181628315742707  5.77003858463623232 5.73267070901369280  5.76428607704082108 5.75425745761813090  5.75864882099001019 5.77663867464682390  5.75314231075639704 5.79988842142966465  5.74237344473981892 5.84857330694901822  5.73712212882213457 5.87399309504161327  5.73204405392053218 5.90049163840788360  5.72716542988007937 5.92818527650442917  5.72252616392040991 5.95718135139624483  5.71817887729837437 5.98757876205047435  5.71418880850442346 6.01947352264351387  5.70958908482837924 6.06284969166588450  5.70858059677886587 6.07285775998706523  5.70761279117210485 6.08300130201550449  5.70668803681791204 6.09327992642297112  5.70580882870312678 6.10369216606663478  5.70497774132641222 6.11423534500402521  5.70419738203307514 6.12490544550799765  5.70228547040685552 6.15328423705299787  5.70124168227161299 6.17120183610079120  5.70035109305451115 6.18941612437531230  5.69962486036213356 6.20788602648335530  5.69907262282392768 6.22656232626582273  5.69870174910317573 6.24538641594209665  5.69851639939226207 6.26428850762117229  5.69851639939226207 6.28318530717958623 
 0.00000000000000000 9 0.20346264759971949 7 0.46377654852788319 7 0.63141175681776240 7 0.74707944356091949 7 0.83761712727831450 7 0.92910220539167665 7 0.95606232615696585 7 1.00000000000000000 9
7 0 0  8 58 9  4.76037543642550176 23.02701417327516253  4.72813082569110055 23.95987218493466031  4.69778099746207101 24.89987580354313934  4.66874789917945243 25.84469432145697709  4.64062955445342151 26.79262846453833191  4.61312161421977329 27.74245611495196684  4.58598514909137389 28.69332999840650800  4.55902275591498096 29.64471680371973861  4.49757125247391709 31.81389049073633402  4.46309746581806355 33.03136343665961761  4.42829539350281287 34.24781431077946081  4.39290608757689593 35.46241731936582653  4.35670687135358037 36.67435733600400738  4.31948988659656141 37.88278075692227276  4.28104294997392643 39.08675794948112525  4.21540798368569369 41.05702998158047023  4.18908775480659745 41.82645362929270050  4.16209072916357936 42.59325921149587657  4.13434652011790327 43.35709978820349875  4.10577750464178859 44.11752495284098785  4.07629582583262273 44.87397541217606545  4.04579703624797471 45.62577034745641669  3.99230728775316912 46.88702723563859820  3.96992280380089380 47.39929513777965298  3.94694732067658771 47.90863994040168450  3.92333122995934103 48.41472012613171927  3.89901852570257468 48.91708729752108553  3.87394487860833792 49.41518093861191829  3.84803316298620501 49.90831426929206316  3.80016732715356165 50.77709023324025850  3.77858205324562402 51.15488077474761042  3.75637698985038870 51.52866888865462158  3.73349829128490374 51.89794780221693316  3.70988645963047015 52.26203579359933826  3.68547448026012292 52.62006977667893892  3.66018270147499880 52.97098163818507288  3.60735534803827473 53.65947179411875823  3.57983777183457486 53.99636820309570595  3.55121561540485731 54.32324277926402800  3.52136440684418561 54.63829921647272414  3.49016958440579206 54.93882826791257656  3.45752524383661619 55.22125079840630946  3.42332755667038624 55.48111654163991346  3.37688357405964856 55.78129994202519271  3.36617177133270573 55.84716115543010062  3.35531893034732898 55.91040768430709562  3.34432537458212531 55.97087881091952966  3.33319255721305074 56.02840534934608741  3.32192319967963101 56.08281279128609498  3.31052143025119872 56.13392445186482149  3.28020458652490632 56.25920514187293264  3.26107127908835448 56.32766051326296974  3.24162811963725339 56.38611241920954598  3.22191793440388841 56.43380532610549949  3.20199201180442561 56.47008641787168415  3.18191147043884826 56.49445720163470952  3.16174923978543410 56.50663677834666743  3.14159265358979312 56.50663677834666743 
 0.00000000000000000 9 0.20346264759971949 7 0.46377654852788319 7 0.63141175681776240 7 0.74707944356091949 7 0.83761712727831450 7 0.92910220539167665 7 0.95606232615696585 7 1.00000000000000000 9
1 0.00000000000000000 2.50000000000000000 1.00000000000000000 0.00000000000000000 
1 6.28318530717958623 -0.00000000000000000 0.00000000000000000 1.00000000000000000 
1 0.00000000000000000 -0.00000000000000000 0.00000000000000000 1.00000000000000000 
1 0.00000000000000000 3.69290962272167578 1.00000000000000000 0.00000000000000000 
1 6.28318530717958623 -0.00000000000000000 0.00000000000000000 1.00000000000000000 
1 0.00000000000000000 -0.00000000000000000 0.00000000000000000 1.00000000000000000 
7 0 0  6 12 3  5.23344229954921403 26.03114515685120622  5.27783308096569304 24.73406170966470796  5.32056344578852070 23.43222011570806274  5.36167488286033489 22.12630362131863038  5.40116906143175868 20.81642510822306846  5.43901157907599586 19.50193217403425905  5.50506433640672999 17.08430829319177846  5.53379451024364055 15.98406677537372644  5.56123796534894410 14.87921691260226531  5.58728021630759741 13.76920637679604553  5.61174696286982311 12.65375181211747169  5.63440972637573534 11.53256199466973086 
 0.00000000000000000 7 0.54633712123839839 5 1.00000000000000000 7
1 5.53757535101993614 0.00000000000000089 0.00000000000000000 1.00000000000000000 
7 0 0  8 37 6  3.88720255530354519 62.27044819854706503  3.90587471263309460 62.14845265424379051  3.92453776448553970 62.02276159163530878  3.94318656987403848 61.89339684949826648  3.96181616092651234 61.76038574454017294  3.98042170418724472 61.62376142316804817  3.99899846191848196 61.48356321325719165  4.01754175340202480 61.33983697592000084  4.08768688746986264 60.78185916452138571  4.13897790128619292 60.34443353247566222  4.18983320354762601 59.88149563557995236  4.24016950691303407 59.39453518100851426  4.28990310358911220 58.88544389031586235  4.33894618813556487 58.35655702024252633  4.38720339032870932 57.81068702267721449  4.46120584318374114 56.93647507252972417  4.48758013855285309 56.61725226617286921  4.51369359042875296 56.29380166438309629  4.53954756819476657 55.96645837743596985  4.56514265772134031 55.63557178169485695  4.59047869470775094 55.30150541510091244  4.61555479802381452 54.96463687266305698  4.73642722449628018 53.31200139569293839  4.82827931410364197 51.96644833713946809  4.91668620529743716 50.60068280933386120  5.00227361347433863 49.22465708065034562  5.08562219321266973 47.84675253234405545  5.16729790267396538 46.47429637742484942  5.24788131474664965 45.11458469847114117  5.35413130461484510 43.34128922935256156  5.38022419476338154 42.90737655816435847  5.40630547883117885 42.47593749548173747  5.43240559015766067 42.04721115800779785  5.45855416986079867 41.62150902306709810  5.48478007437890547 41.19923327738521124  5.51111138301244630 40.78089516586818064  5.53757540546583638 40.36713334038204692 
 0.00000000000000000 9 0.07453305185953998 7 0.28252282677624729 7 0.39949266333329259 7 0.85228518861564639 7 1.00000000000000000 9
1 3.88720260974944321 -0.00000000000000089 0.00000000000000000 1.00000000000000000 
7 0 0  7 50 9  3.55310945601370465 52.04102403072363359  3.59319800301532499 51.86884571236956987  3.63326379226722240 51.67635172511301533  3.67325718913863275 51.46346718847789958  3.71313246666049945 51.23020292760087813  3.75284690497147233 50.97666581421344034  3.79235989076390867 50.70306910762392505  3.86541742921340736 50.15739713839475655  3.89901017415352547 49.89055746053730189  3.93237216014991731 49.60955757328822102  3.96546680465041890 49.31482695381235715  3.99825828570813524 49.00690159018385117  4.03071079373854868 48.68643482629174457  4.07604094257681471 48.21694307133196133  4.08923037193365868 48.07766664219413144  4.10235424814245597 47.93642593000986096  4.11541071696999339 47.79327102198317334  4.12839789315454286 47.64825508184435421  4.14131386040587390 47.50143434984988744  4.17479048601397462 47.11417526052343163  4.19523352200046507 46.87099932759091558  4.21548224513352654 46.62353627107630416  4.23553275047868016 46.37199634317320118  4.25538078424020405 46.11660457580158123  4.27502176560316904 45.85760123523175480  4.33001170770147858 45.11504773124692491  4.36484708737469429 44.62382191302616263  4.39897153392968221 44.12256337560814501  4.43239537783656701 43.61230162876221783  4.46512502244025722 43.09410583929606986  4.49716327269963667 42.56909353188677159  4.58744848258675297 41.04068060335965384  4.64395521738990436 40.02274111774159593  4.69823611416362574 38.98881749789340745  4.75045953074010896 37.94244734977367273  4.80077098607337227 36.88653863242564057  4.84930253867594185 35.82335159276259873  4.94781968108769732 33.57675683300518443  4.99750151350154592 32.39096848337814549  5.04536790982318362 31.19935931877271784  5.09154272122307194 30.00349146696549951  5.13613562574975013 28.80417229522737799  5.17924697133285239 27.60135865070853711  5.22275711777781648 26.34211892349003747  5.22454453286002263 26.29030619773546462  5.22632932219393354 26.23848696435259953  5.22811148957578187 26.18666123860169392  5.22989103890699436 26.13482902888352299  5.23166797419419716 26.08299033673940670  5.23344229954921492 26.03114515685121688 
 0.00000000000000000 8 0.12413936936365687 6 0.23093521237532683 6 0.27505974963433805 6 0.34595213616421466 6 0.47570618579920870 6 0.71967527131284736 6 0.98846720165671553 6 1.00000000000000000 8
1 6.28318530717958623 -0.00000000000000000 0.00000000000000000 1.00000000000000000 
1 0.00000000000000000 -0.00000000000000000 0.00000000000000000 1.00000000000000000 
1 0.00000000000000000 102.00000000000001421 1.00000000000000000 0.00000000000000000 
7 0 0  7 116 20  1.18544209180117721 54.95884180801674290  1.18274205480878281 54.87454701382514344  1.18012051386558880 54.78993749837213301  1.17757751733759042 54.70502404521965190  1.17511313099611203 54.61981740212949177  1.17272743801780988 54.53432828106316776  1.17042053898466825 54.44856735818207483  1.15795015222208031 53.96708851054533085  1.14936988028750164 53.56589826340724159  1.14247200725720077 53.16023119041507528  1.13727334199513352 52.75123974154990236  1.13378606849077657 52.34000283630417982  1.13201733964209272 51.92755675172394803  1.13192101746472007 51.09453245372210262  1.13365882980654531 50.67428016907824428  1.13718064432015420 50.25525219567009572  1.14247901908304605 49.83854284810463042  1.14954109047005626 49.42529208503850668  1.15834902033103515 49.01671942386690262  1.18076111693133923 48.16008981657164867  1.19482951262018089 47.71387182757665357  1.21107444771439487 47.27653412920260934  1.22950336061223275 46.84939972753005577  1.25013928967706933 46.43424061614071974  1.27302056384392581 46.03343426402656036  1.31535425862078381 45.38907937017013694  1.33359047834129396 45.13587326865037141  1.35293338269419583 44.89154732856876961  1.37340527412328606 44.65735546953381885  1.39502896453581871 44.43478256206098109  1.41782741402495960 44.22556986830937120  1.46987187843860845 43.80519585981513586  1.49978857216699590 43.59779464150841477  1.53132302697567546 43.41612715071687489  1.56421034996122477 43.26523960577635108  1.59818090558458836 43.14881654757880369  1.63296293587250108 43.06927639132528896  1.68998031292822604 43.00228548504980353  1.71174440729286226 42.99131801388860197  1.73347875101003912 42.99484688167179058  1.75509019773061792 43.01255842855707812  1.77648404443847752 43.04386455428421243  1.79756330990609947 43.08790173502459453  1.84730811708817355 43.22179617900379611  1.87555642806754186 43.32298033134712512  1.90293989324700275 43.44450913990313978  1.92942991456668733 43.58402338717637292  1.95500085656454670 43.73933453384209713  1.97962922846892231 43.90839573537238749  2.03808680629174699 44.35523233141441324  2.07093065146716082 44.64777161856682142  2.10188754767356345 44.96235156213354855  2.13101748269586810 45.29582921400864137  2.15836773155870265 45.64621483050596140  2.18395762591066322 46.01245848398468041  2.22879778318091004 46.73179209559436487  2.24844298254169361 47.08153979748669116  2.26663011609324050 47.44263958564983596  2.28327531299327502 47.81439606003545606  2.29827575207449453 48.19628248647861568  2.31151053126379935 48.58792361866247944  2.33256364934288074 49.33327953416682021  2.34089329985964634 49.68480938231679289  2.34769685551261231 50.04205942848119548  2.35287429033087703 50.40360589703350058  2.35635634654920212 50.76816320570288354  2.35810299372949173 51.13453798562649411  2.35810299372949173 51.74679016141019616  2.35732342080992563 51.99189774431700783  2.35576543543437822 52.23647995759044704  2.35343737421598886 52.48010875993852409  2.35035482516704786 52.72234202489154598  2.34654081849338469 52.96271447294672186  2.33178141295548169 53.74083038875799190  2.31796981114734990 54.26662626534067613  2.30090606689660016 54.77757424124971664  2.28087928125382300 55.27267385729776805  2.25814828486986885 55.75046333393078868  2.23293719953318748 56.20903073176076958  2.18855746487178315 56.91412478510120820  2.17079031124333310 57.17457019373307503  2.15214145592889494 57.42719028645995394  2.13261122595310093 57.67163435460077636  2.11219159119058331 57.90735021906606050  2.09086866403574501 58.13354563618106141  2.04818438318417817 58.54726570432345767  2.02695321521044347 58.73656603038633506  2.00491674579569112 58.91618273581786269  1.98205997343279061 59.08502769413231448  1.95836872273180806 59.24177533529916673  1.93383085506001740 59.38484064287807485  1.89021588849701239 59.60384500902502225  1.87153492636507734 59.68742550523738544  1.85243101339777105 59.76216080663311914  1.83294011957056324 59.82718172436538140  1.81309791234225837 59.88167539587881549  1.79294011206566828 59.92488036477463709  1.74403253095088506 59.99954690821935799  1.71502884350683371 60.01970434494692341  1.68577704419400720 60.01436448836563642  1.65654986901619550 59.98249546394151821  1.62761333366519123 59.92419593997832550  1.59923009900458069 59.84071760840414811  1.55157764364448347 59.65719161190372688  1.53194290296174218 59.56786250518955939  1.51279001145898895 59.46729130074487557  1.49415241927754705 59.35629089082124210  1.47606296682743121 59.23575225231739694  1.45855365919668500 59.10665104859634056  1.38883229433674238 58.54305811951778082  1.34185143412505514 58.04177859916251236  1.30041026817096883 57.48769386034619799  1.26423743671560485 56.89503464696066715  1.23310172459238521 56.27306527036388673  1.20684105862175906 55.62691469336414229  1.18544209180117743 54.95884180801673580 
 0.00000000000000000 8 0.01312862300686231 6 0.07348292389431092 6 0.13497273143387767 6 0.20432988487628617 6 0.25156279893228028 6 0.30676939196581765 6 0.34069362289683569 6 0.38843278667134784 6 0.45862265284726300 6 0.52066914467487979 6 0.57390758867427605 6 0.60947457167614394 6 0.69018313409746368 6 0.73969429735198855 6 0.78519068481544152 6 0.81783700784424318 6 0.86331526350131094 6 0.89644325183306650 6 1.00000000000000000 8
7 0 0  7 116 20  -0.00000000000000089 5.01248007508592242  0.01085554586015336 4.99725642609789844  0.02169041335230043 4.98235714442976008  0.03250571538255606 4.96779504561107377  0.04330252211511706 4.95358248627709941  0.05408186097226129 4.93973136416878855  0.06484471663434772 4.92625311813278000  0.12499908972530391 4.85296180158376522  0.17410451905812849 4.80084450921407857  0.22297067735319226 4.75792302063386252  0.27166029100397776 4.72505858698798242  0.32023664201414098 4.70283836967123836  0.36876408824929846 4.69156600868332241  0.46676706763751052 4.69095213161184521  0.51620409409277246 4.70202745483409501  0.56569020529561598 4.72447744112714041  0.61529351329481086 4.75798659664937418  0.66508097620210171 4.80193385320988320  0.71511897458808193 4.85540289151603766  0.82227070589287088 4.98691085254133437  0.87944541509079688 5.06718720234060260  0.93719992743876013 5.15643884530049679  0.99573844654329591 5.25275620836195856  1.05526597894439811 5.35384823935232301  1.11599638979451865 5.45694142515113700  1.22051023712934681 5.62790323431812833  1.26356515199074892 5.69659177638996095  1.30740919434768288 5.76362905741200215  1.35211804367612953 5.82778318025601738  1.39776882639590183 5.88764722241800520  1.44444274565500130 5.94162408088281246  1.54808399321161438 6.04202951920901743  1.60592071301944084 6.08609301047555196  1.66525723504839762 6.11628068417962201  1.72572718242528400 6.12912678955247792  1.78703388166933363 6.12189997922439311  1.84891744391732260 6.09284361331787316  1.94936829691429070 6.00960264387058096  1.98748249030326218 5.96962616826426018  2.02537781843675413 5.92142976317747038  2.06295425062197513 5.86530768183949647  2.10010776366785601 5.80177977403231004  2.13672586891847205 5.73158589865515644  2.22328272927438553 5.54883735942913070  2.27255451430953892 5.43071270558700991  2.32057466626215403 5.30304241326502002  2.36740144182757950 5.16758173889986150  2.41308045050043418 5.02605144520329183  2.45764715213661278 4.88010821092169067  2.56505291843097982 4.51258007130101380  2.62687597521941019 4.28685304911090892  2.68693448116205813 4.05806947982738553  2.74554706573783935 3.82946356677043154  2.80302872080610888 3.60375638656712649  2.85970099587753968 3.38342913246513532  2.96557075762508715 2.98339486892738792  3.01488182758397993 2.80190589985787186  3.06395670504245743 2.62881879209242753  3.11291695436232674 2.46639449493257823  3.16188637312225129 2.31698362559661097  3.21099801975938615 2.18300754489709226  3.30278858957059773 1.96727614374933957  3.34543081920678498 1.88071408218915503  3.38823952440277454 1.80922056228310146  3.43116659633205012 1.75440401714878802  3.47418734656890704 1.71740106396240466  3.51729022039244077 1.69883967652972445  3.58931988813169989 1.69883967652972401  3.61815607115242788 1.70712406516918658  3.64696967350749546 1.72368049122035649  3.67574936219890036 1.74837987403859985  3.70448160135897142 1.78097578570520687  3.73314884446153794 1.82110800356659963  3.82657762786934708 1.97542148559662833  3.89071144650074041 2.11850882602552604  3.95446809512456099 2.29261005197838230  4.01811369489219228 2.49236340312411020  4.08187088795215836 2.71233467968141140  4.14594219241901207 2.94720561133159586  4.25014696534335013 3.34188580833221094  4.29003017645220730 3.49588116506732716  4.33028410597009472 3.65287047515831587  4.37101566309715661 3.81194223509977537  4.41233165848571129 3.97215641331098679  4.45434013292231246 4.13249578057353872  4.53649340281673119 4.43823384606547044  4.57653839939269691 4.58388392997810623  4.61737327248677332 4.72788315951147808  4.65908291622923798 4.86923742714273988  4.70175280552514785 5.00682784254149649  4.74547175700100166 5.13940234145969299  4.82252879579809157 5.35612215947687265  4.85534475438176205 5.44346427282895728  4.88874837130581330 5.52687898877326678  4.92271113572232810 5.60568106111384701  4.95721058774546286 5.67923731362505002  4.99222933305121952 5.74697526674709902  5.07724209624248424 5.89394857182700171  5.12769648430817337 5.96721089907321023  5.17875604571627690 6.02627164099614188  5.23009762004522383 6.07007669646974524  5.28140951441832751 6.09846774538716829  5.33236493716725413 6.11213706712370630  5.41918508877085081 6.11275469464057242  5.45536035784733286 6.10595127982455210  5.49109879260899536 6.09264981841143261  5.52637344783741469 6.07347667020292104  5.56115152849782923 6.04910424046169570  5.59539305737026105 6.02023632808857023  5.73425835097198799 5.88555323497811056  5.83400683470159276 5.74637510905157534  5.92934259115456630 5.58922209371595535  6.02110121547536803 5.42831177861960157  6.11009396391411830 5.27377392749171392  6.19715038753399927 5.13313411075304771  6.28318530717958534 5.01248007508592153 
 0.00000000000000000 8 0.01312862300686231 6 0.07348292389431092 6 0.13497273143387767 6 0.20432988487628617 6 0.25156279893228028 6 0.30676939196581765 6 0.34069362289683569 6 0.38843278667134784 6 0.45862265284726300 6 0.52066914467487979 6 0.57390758867427605 6 0.60947457167614394 6 0.69018313409746368 6 0.73969429735198855 6 0.78519068481544152 6 0.81783700784424318 6 0.86331526350131094 6 0.89644325183306650 6 1.00000000000000000 8
1 0.00000000000000000 2.50000000000000000 1.00000000000000000 0.00000000000000000 
1 6.28318530717958623 -0.00000000000000000 0.00000000000000000 1.00000000000000000 
1 0.00000000000000000 -0.00000000000000000 0.00000000000000000 1.00000000000000000 
1 0.00000000000000000 2.50000000000000000 1.00000000000000000 0.00000000000000000 
1 0.00000000000000000 -0.00000000000000000 0.00000000000000000 1.00000000000000000 
1 6.28318530717958623 -0.00000000000000000 0.00000000000000000 1.00000000000000000 
1 0.00000000000000000 3.52598942808543203 1.00000000000000000 0.00000000000000000 
7 0 0  7 32 6  2.99528928687980800 3.52598942808543203  3.00464904352468709 3.54485362496921219  3.01442698858024594 3.56259855193492481  3.02462007095744934 3.57920026962644355  3.03522588624533807 3.59457022750408406  3.04623967849001431 3.60857461454909911  3.05765586268751610 3.62103671396764515  3.07951695865991359 3.64087267569457262  3.08985630257722343 3.64872940639427501  3.10045080870827183 3.65517065166508370  3.11125865431920223 3.66004558900574484  3.12222495689335577 3.66322213860999035  3.13327606262056868 3.66461648737852119  3.15077357831564697 3.66402512423458493  3.15723682644015158 3.66319896299204384  3.16367663834624091 3.66176710720004417  3.17007650716100242 3.65974187532359663  3.17642226378780634 3.65714318341365852  3.18270164598113015 3.65399616561276108  3.19251165148174021 3.64819639504904947  3.19609351376462580 3.64588747471396601  3.19964781528466213 3.64340787223471230  3.20317304357820065 3.64076317508301051  3.20666796740535531 3.63795902207513588  3.21013160520377738 3.63500095855857497  3.22539804289736898 3.62118002991049392  3.23683999135573952 3.60870887214769498  3.24787806452446626 3.59468809657227162  3.25850660943733317 3.57929573863564920  3.26872082476600800 3.56266658380805668  3.27851830824639023 3.54488981334184716  3.28789602029977823 3.52598942808543203 
 0.00000000000000000 8 0.27454873214986319 6 0.50830334493017726 6 0.64535709971661104 6 0.72507369539043642 6 1.00000000000000000 8
7 0 0  7 32 6  3.86255063058054260 50.21878492305654618  3.80948344658598703 50.05745881286091503  3.75629857302729775 49.89777634915495241  3.70271949606321815 49.74187844309851414  3.64854317250820515 49.59225507251967713  3.59360027269359339 49.45182358191520677  3.53774190276965594 49.32391644629188221  3.43240043594578648 49.11678684891901270  3.38319288842723953 49.03313371866194359  3.33326221979347537 48.96348533991462659  3.28269249122149454 48.91020308400302241  3.23162112728004258 48.87532120666812574  3.18026126555597344 48.86002982842893516  3.09890607702048237 48.86651627730434200  3.06884728044097255 48.87557721793024257  3.03886384091863704 48.89127231183324085  3.00900680314676761 48.91342031732943241  2.97931714170210560 48.94172228618015907  2.94982807709021655 48.97579458160886645  2.90354618462112635 49.03812109771144634  2.88660158794612842 49.06284794261740956  2.86973639930090529 49.08929741672655211  2.85295326030067775 49.11738151584683720  2.83625358152853924 49.14701002568807553  2.81963765824309576 49.17809247507981496  2.74608627684998741 49.32244530246533287  2.69011196552982934 49.45047711373297261  2.63505769084057073 49.59110754372991892  2.58077396082226018 49.74098187935757664  2.52709066018249784 49.89716409612102410  2.47380366270269203 50.05714933086029816  2.42063467659904452 50.21878492305654618 
 0.00000000000000000 8 0.27454873214986319 6 0.50830334493017726 6 0.64535709971661104 6 0.72507369539043642 6 1.00000000000000000 8
1 0.00000000000000000 97.00000000000000000 1.00000000000000000 0.00000000000000000 
1 0.00000000000000000 36.89951999999999543 1.00000000000000000 0.00000000000000000 
1 6.28318530717958623 -0.00000000000000000 0.00000000000000000 1.00000000000000000 
1 0.00000000000000000 -0.00000000000000000 0.00000000000000000 1.00000000000000000 
1 0.00000000000000000 0.00000000000000000 1.00000000000000000 0.00000000000000000 
1 0.00000000000000000 97.00000000000000000 1.00000000000000000 0.00000000000000000 
1 6.28318530717958623 -0.00000000000000000 0.00000000000000000 1.00000000000000000 
1 0.00000000000000000 -0.00000000000000000 0.00000000000000000 1.00000000000000000 
1 0.00000000000000000 0.00000000000000000 1.00000000000000000 0.00000000000000000 
1 2.42063467659903786 0.00000000000000000 0.00000000000000000 1.00000000000000000 
1 3.86255063058054837 0.00000000000000000 0.00000000000000000 1.00000000000000000 
1 0.00000000000000000 51.00000000000000000 1.00000000000000000 0.00000000000000000 
1 0.00000000000000000 99.50000000000000000 1.00000000000000000 0.00000000000000000 
1 0.00000000000000000 0.00000000000000000 1.00000000000000000 0.00000000000000000 
1 4.81255640154624942 0.00000000000000000 0.00000000000000000 1.00000000000000000 
1 0.00000000000000000 4.09999999999999432 1.00000000000000000 0.00000000000000000 
1 4.61222155922312993 0.00000000000000000 0.00000000000000000 1.00000000000000000 
1 3.24176007475135242 0.00000000000000000 0.00000000000000000 1.00000000000000000 
1 0.00000000000000000 4.09999999999999432 1.00000000000000000 0.00000000000000000 
1 3.04142523242823337 0.00000000000000000 0.00000000000000000 1.00000000000000000 
1 1.67096374795645630 0.00000000000000000 0.00000000000000000 1.00000000000000000 
1 0.00000000000000000 4.09999999999999432 1.00000000000000000 0.00000000000000000 
1 1.47062890563333659 0.00000000000000000 0.00000000000000000 1.00000000000000000 
1 0.10016742116155969 0.00000000000000000 0.00000000000000000 1.00000000000000000 
1 0.00000000000000000 4.09999999999999432 1.00000000000000000 0.00000000000000000 
1 6.28318530717958623 -0.00000000000000000 0.00000000000000000 1.00000000000000000 
1 0.00000000000000000 -0.00000000000000000 0.00000000000000000 1.00000000000000000 
1 0.00000000000000000 4.09999999999999432 1.00000000000000000 0.00000000000000000 
1 6.18301788601802649 0.00000000000000000 0.00000000000000000 1.00000000000000000 
1 0.00000000000000000 2.50000000000000000 1.00000000000000000 0.00000000000000000 
1 0.00000000000000000 99.50000000000000000 1.00000000000000000 0.00000000000000000 
1 0.00000000000000000 44.89951999999999543 1.00000000000000000 0.00000000000000000 
1 0.00000000000000000 2.00000000000000000 1.00000000000000000 0.00000000000000000 
1 4.84832275930842727 0.00000000000000000 0.00000000000000000 1.00000000000000000 
1 0.00000000000000000 6.09999999999999432 1.00000000000000000 0.00000000000000000 
1 4.57645520146095208 0.00000000000000000 0.00000000000000000 1.00000000000000000 
1 3.27752643251353071 0.00000000000000000 0.00000000000000000 1.00000000000000000 
1 0.00000000000000000 6.09999999999999432 1.00000000000000000 0.00000000000000000 
1 3.00565887466605508 0.00000000000000000 0.00000000000000000 1.00000000000000000 
1 1.70673010571863437 0.00000000000000000 0.00000000000000000 1.00000000000000000 
1 0.00000000000000000 6.09999999999999432 1.00000000000000000 0.00000000000000000 
1 1.43486254787115852 0.00000000000000000 0.00000000000000000 1.00000000000000000 
1 0.13593377892373781 0.00000000000000000 0.00000000000000000 1.00000000000000000 
1 0.00000000000000000 6.09999999999999432 1.00000000000000000 0.00000000000000000 
1 0.00000000000000000 6.09999999999999432 1.00000000000000000 0.00000000000000000 
1 6.14725152825584775 0.00000000000000000 0.00000000000000000 1.00000000000000000 
1 6.28318530717958623 -0.00000000000000000 0.00000000000000000 1.00000000000000000 
1 0.00000000000000000 -0.00000000000000000 0.00000000000000000 1.00000000000000000 
1 0.00000000000000000 0.00000000000000000 1.00000000000000000 0.00000000000000000 
1 6.28318530717958623 -0.00000000000000000 0.00000000000000000 1.00000000000000000 
1 0.00000000000000000 -0.00000000000000000 0.00000000000000000 1.00000000000000000 
1 0.00000000000000000 23.00000000000000000 1.00000000000000000 0.00000000000000000 
1 6.28318530717958623 -0.00000000000000000 0.00000000000000000 1.00000000000000000 
1 0.00000000000000000 -0.00000000000000000 0.00000000000000000 1.00000000000000000 
1 0.00000000000000000 22.00000000000000000 1.00000000000000000 0.00000000000000000 
Curves 522
7 0 0  6 27 6  153.00000000000000000 17.95388687521579030 -69.72559032429882109  153.84775314921265021 17.95388687521579030 -69.72559032429882109  154.69551315122075152 17.92834769877056189 -69.68975916357692313  155.54029947205663120 17.87726853478854494 -69.61809569864323066  156.37915318600579440 17.80063771061659139 -69.51094696077286983  157.20913583481643627 17.69842430353339680 -69.36899617800538920  158.85782515964913841 17.44080662747002819 -69.01500062390854850  159.67618580118579530 17.28462491897084519 -68.80193282603131877  160.47937463931052093 17.10197337321004696 -68.55523570706132830  161.26440725141358712 16.89276898199280552 -68.27643996843822549  162.02836433482693224 16.65688264153641995 -67.96752832468142458  163.14466273221685810 16.26058811269096083 -67.46001711475317109  163.51471502275663283 16.12008769059336188 -67.28185047918941564  163.87822450260523510 15.97262895307258646 -67.09690063031632690  164.23482810860511449 15.81818877825805281 -66.90554368814012776  164.58417212601651158 15.65674378085789265 -66.70819962864531760  165.31351698542997042 15.29719351577282538 -66.27525240117880401  165.69134034412513756 15.09707616050020818 -66.03806934637360371  166.05888845012077581 14.88788952287564094 -65.79447097902020403  166.41568014671503306 14.66960652066848603 -65.54522505213603267  166.76126386243143429 14.44221542380824097 -65.29118968691663838  167.55215296191173024 13.88218354408401467 -64.68051033147847306  167.98734153621052201 13.54160781847645012 -64.32051362046404108  168.39972796426783930 13.18406103278657504 -63.95578936350482735  168.78840264036213625 12.80971402443345220 -63.58912512026558517  169.15272240178387619 12.41892714019561872 -63.22364039646878808  169.49242250247064590 12.01245735733642661 -62.86255537470754717 
 0.00000000000000000 7 0.25529970666716084 5 0.51443404357469535 5 0.64616854327881823 5 0.79558034682810075 5 1.00000000000000000 7
2 169.49242250247064590 0.00000000000000000 0.00000000000000000 1.00000000000000000 0.00000000000000000 -0.00000000000000000 0.00000000000000000 0.00000000000000000 1.00000000000000000 0.00000000000000000 -1.00000000000000000 0.00000000000000000 64.00000000000000000
7 0 0  7 20 4  161.88749939999999583 18.87211781153918722 -67.43568041979126804  162.33806826007597124 18.82648451102087961 -67.22990021489131607  162.78527728574394473 18.78378462096038604 -67.00917958061994284  163.22880582239349678 18.74538400135730143 -66.77297789800633154  163.66818802535749455 18.71286916977249959 -66.52073327410892034  164.10282083275723153 18.68807593835981251 -66.25188538709036834  164.53196949569883145 18.67317091010933794 -65.96588668755438789  165.37174398205536363 18.66843363416936441 -65.36270318817865643  165.78236158748563867 18.67826001302079675 -65.04613325262043588  166.18594714819934666 18.70277390842447929 -64.71190233019254379  166.58133714508829826 18.74494671906250787 -64.35965432609066283  166.96692956835661903 18.80830439913665586 -63.98939207582000677  167.34075811214046325 18.89694512825056094 -63.60163908868949534  167.99294270973948073 19.11231173975711783 -62.86920803292211701  168.27591738053550330 19.22874703708482613 -62.53023091124615007  168.54821919888516391 19.36763385136641347 -62.18135782305265025  168.80812829271948772 19.53175249342731945 -61.82397893754263407  169.05359787726578702 19.72393750930130096 -61.46031628177415485  169.28243590160056442 19.94680907606466747 -61.09355886640160804  169.49242250247064590 20.20230151346423852 -60.72781087408864664 
 0.00000000000000000 8 0.35871369031783756 6 0.71248290289538119 6 1.00000000000000000 8
2 161.88749999999998863 0.00000000000000000 0.00000000000000000 1.00000000000000000 0.00000000000000000 -0.00000000000000000 0.00000000000000000 0.00000000000000000 1.00000000000000000 0.00000000000000000 -1.00000000000000000 0.00000000000000000 70.02662197422338863
7 0 0  7 20 4  161.88749939999999583 34.33962443887253357 -61.02882939865406087  162.33806826009779911 34.22638347679276194 -60.85105320408231222  162.78527728578779943 34.10050380136255654 -60.66478676501390055  163.22880582245832670 33.96063732837374971 -60.47061361497693355  163.66818802544301548 33.80526490219097724 -60.26925827298761362  164.10282083286327293 33.63269220022012007 -60.06162264689819352  164.53196949582434172 33.44100002690338869 -59.84885158048457754  165.37174398219823956 33.01783464411344227 -59.41898667782174925  165.78236158762589980 32.78703759683341445 -59.20208622878879368  166.18594714833722037 32.53336670342328318 -58.98308321873039972  166.58133714522574564 32.25446907066799440 -58.76382694675403684  166.96692956848818312 31.94785347745880344 -58.54681264399310692  167.34075811227035047 31.61099225017636272 -58.33530833801437154  167.99294270984395894 30.94079809245467061 -57.96968856318236618  168.27591738061724413 30.61877288275572795 -57.81232773010156478  168.54821919895076121 30.27387454813518985 -57.66384501187263112  168.80812829276345610 29.90512011004111415 -57.52718938320872866  169.05359787729415189 29.51207645213393604 -57.40593638122637543  169.28243590161338261 29.09514580050660726 -57.30419372196605821  169.49242250247064590 28.65586247993640967 -57.22623127142806965 
 0.00000000000000000 8 0.35871369033485012 6 0.71248290291228533 6 1.00000000000000000 8
2 169.49242250247064590 0.00000000000000000 0.00000000000000000 1.00000000000000000 0.00000000000000000 -0.00000000000000000 0.00000000000000000 0.00000000000000000 1.00000000000000000 0.00000000000000000 -1.00000000000000000 0.00000000000000000 64.00000000000000000
7 0 0  7 20 4  161.88749939999999583 61.02882939865406797 -34.33962443887252647  162.33806825999985790 60.85105320412098706 -34.22638347681736803  162.78527728559319598 60.66478676509494505 -34.10050380141728965  163.22880582216905054 60.47061361510360911 -33.96063732846493366  163.66818802506085717 60.26925827316277662 -33.80526490232607273  164.10282083239059148 60.06162264712402532 -33.63269220040776020  164.53196949526440562 59.84885158076218659 -33.44100002715347131  165.37174398156207644 59.41898667815627277 -33.01783464446559435  165.78236158699905900 59.20208622912625884 -32.78703759721535960  166.18594714771890608 58.98308321907032337 -32.53336670383844620  166.58133714462084640 58.76382694709139543 -32.25446907111786743  166.96692956789442519 58.54681264432783649 -31.94785347794825014  167.34075811169327608 58.33530833834049645 -31.61099225070636365  167.99294270937963347 57.96968856344061294 -30.94079809298296624  168.27591738024725032 57.81232773030330208 -30.61877288322429536  168.54821919866427038 57.66384501202342250 -30.27387454854227400  168.80812829256456098 57.52718938330671961 -29.90512011035866990  169.05359787716793107 57.40593638128271436 -29.51207645236414479  169.28243590155634024 57.30419372198721817 -29.09514580062597133  169.49242250247064590 57.22623127142804833 -28.65586247993645230 
 0.00000000000000000 8 0.35871369025705702 6 0.71248290283405524 6 1.00000000000000000 8
2 161.88749999999998863 0.00000000000000000 0.00000000000000000 1.00000000000000000 0.00000000000000000 -0.00000000000000000 0.00000000000000000 0.00000000000000000 1.00000000000000000 0.00000000000000000 -1.00000000000000000 0.00000000000000000 70.02662197422338863
7 0 0  6 7 2  161.88749939999999583 67.43568041979128225 -18.87211781153916945  162.42958407883148197 67.18810384234149069 -18.81721585259927565  162.96665887538895845 66.91828690513042943 -18.76668215710352428  163.49811978285796954 66.62518830384887281 -18.72313600077814755  164.02297021409094668 66.30771130109430089 -18.68978237392661512  164.53985506658628424 65.96480137958701562 -18.67052369792134670  165.04707353972494843 65.59544680830137509 -18.67052369792134670 
 0.00000000000000000 7 1.00000000000000000 7
7 0 0  7 14 3  165.04707353972494843 65.59544680830137509 -18.67052369792134670  165.51273928703349725 65.25635077460360378 -18.67052369792134670  165.97016217547550809 64.89581888981730629 -18.68630562558613306  166.41847254094381015 64.51296962376905242 -18.72146456958804706  166.85592659806428628 64.10734393505951800 -18.78035165225031733  167.28000519620570685 63.67915733995594962 -18.86824361500441327  167.68758900786676236 63.22964510817460848 -18.99130060911003071  168.30377558011267070 62.48494919827281535 -19.25466810672589091  168.52536064842522023 62.20214113531231703 -19.36720045087000486  168.73900362586624624 61.91357880310011552 -19.49596634246178084  168.94369691247331389 61.62024831416057680 -19.64247238244703553  169.13830247430738041 61.32354904072227697 -19.80820036689603469  169.32161559505442483 61.02531692067366009 -19.99447933376496067  169.49242250247064590 60.72781087408866085 -20.20230151346423142 
 0.00000000000000000 8 0.62881393354366921 6 1.00000000000000000 8
2 169.49242250247064590 0.00000000000000000 0.00000000000000000 1.00000000000000000 0.00000000000000000 -0.00000000000000000 0.00000000000000000 0.00000000000000000 1.00000000000000000 0.00000000000000000 -1.00000000000000000 0.00000000000000000 64.00000000000000000
7 0 0  7 20 4  161.88749939999999583 67.43568041979129646 18.87211781153916590  162.33806825995574741 67.22990021494624102 18.82648451103302634  162.78527728550625397 67.00917958073719660 18.78378462098302393  163.22880582203910649 66.77297789819512275 18.74538400138802174  163.66818802488936058 66.52073327437770445 18.71286916980717407  164.10282083217902027 66.25188538744799871 18.68807593839270709  164.53196949501321456 65.96588668801133792 18.67317091013315888  165.37174398127609720 65.36270318877342334 18.66843363415410906  165.78236158672069678 65.04613325324149287 18.67826001298239547  166.18594714743733221 64.71190233085008003 18.70277390835838816  166.58133714435317074 64.35965432676756848 18.74494671896644249  166.96692956762666427 63.98939207653641148 18.80830439900175932  167.34075811143475221 63.60163908942976008 18.89694512807424687  167.99294270917144445 62.86920803360253984 19.11231173952340257  168.27591738008251809 62.53023091182686954 19.22874703685361908  168.54821919853267786 62.18135782353604668 19.36763385114430847  168.80812829247875584 61.82397893790102472 19.53175249323817653  169.05359787710980868 61.46031628202324271 19.72393750914969246  169.28243590153095965 61.09355886652283374 19.94680907598004183  169.49242250247064590 60.72781087408862533 20.20230151346431668 
 0.00000000000000000 8 0.35871369022257893 6 0.71248290279903470 6 1.00000000000000000 8
2 161.88749999999998863 0.00000000000000000 0.00000000000000000 1.00000000000000000 0.00000000000000000 -0.00000000000000000 0.00000000000000000 0.00000000000000000 1.00000000000000000 0.00000000000000000 -1.00000000000000000 0.00000000000000000 70.02662197422338863
7 0 0  7 20 4  161.88749939999999583 61.02882939865406797 34.33962443887252647  162.33806826003265655 60.85105320410804097 34.22638347680912574  162.78527728565833854 60.66478676506778811 34.10050380139905002  163.22880582226602542 60.47061361506116128 33.96063732843428795  163.66818802518892539 60.26925827310410710 33.80526490228074721  164.10282083254884355 60.06162264704836673 33.63269220034504059  164.53196949545204575 59.84885158066918365 33.44100002706964858  165.37174398177455714 59.41898667804454703 33.01783464434793558  165.78236158721128390 59.20208622901225937 32.78703759708721321  166.18594714792274658 58.98308321895755313 32.53336670369876060  166.58133714482585219 58.76382694697780096 32.25446907096823423  166.96692956809263819 58.54681264421580522 31.94785347778372042  167.34075811188654370 58.33530833823126471 31.61099225052885586  167.99294270953436126 57.96968856335456621 30.94079809280684401  168.27591738037412483 57.81232773023426574 30.61877288306371270  168.54821919875561775 57.66384501197488532 30.27387454841233705  168.80812829263516051 57.52718938327249987 29.90512011024617323  169.05359787720851727 57.40593638126426157 29.51207645229007070  169.28243590157575227 57.30419372198006300 29.09514580058526434  169.49242250247064590 57.22623127142810517 28.65586247993633151 
 0.00000000000000000 8 0.35871369028374295 6 0.71248290286099947 6 1.00000000000000000 8
2 169.49242250247064590 0.00000000000000000 0.00000000000000000 1.00000000000000000 0.00000000000000000 -0.00000000000000000 0.00000000000000000 0.00000000000000000 1.00000000000000000 0.00000000000000000 -1.00000000000000000 0.00000000000000000 64.00000000000000000
7 0 0  7 32 6  153.00000000000000000 46.75756260226349781 54.75153275932473917  153.61219288459480481 46.75756260226349781 54.75153275932473917  154.22466275710507944 46.71806862000845229 54.75788000741697203  154.83128150532473910 46.63901615600281048 54.77058499349879384  155.42730992455108208 46.52235201649632046 54.78927996077520390  156.00912158825553888 46.37113404246348836 54.81336525527370895  156.57404404592563196 46.18900539590408982 54.84213396569946752  157.51344195680985649 45.82917371689712382 54.89841191252675401  157.89717474098270600 45.66442954932919918 54.92403102697413431  158.27101930855431533 45.48684212474407929 54.95146208172730695  158.63479295506903100 45.29766486111866897 54.98045976284409164  158.98849108311469536 45.09805995243881682 55.01079666557296832  159.33225096469919890 44.88905711525178077 55.04227078430519526  160.20237293865079664 44.32250459401573295 55.12675425638447280  160.71327955443658198 43.95167544770519896 55.18125902933562799  161.20030630822299145 43.56258368960951799 55.23751476440224906  161.66471482577460961 43.15817695658821407 55.29493387648339109  162.10782302118894904 42.74084873358685854 55.35304309147451107  162.53101450257034344 42.31244724624770015 55.41147474404055373  163.55520992128816715 41.20347252988601383 55.55947620691858191  164.13090526036279471 40.51024720470572049 55.64904456415277423  164.66778721904023541 39.79947320414928669 55.73764693011577265  165.16951075082468492 39.07478823315226890 55.82454891612951542  165.63931101006994595 38.33897175534578139 55.90921137298482080  166.08001893813354855 37.59395177598828752 55.99125824758758085  167.03802835739742250 35.85213152981696538 56.17438273452076913  167.53581835029979175 34.85008116750996265 56.27331962571196300  167.99320029476166383 33.83789700440569703 56.36661356298314729  168.41429788584923699 32.81794948257782352 56.45385178082464961  168.80261580478722294 31.79203827505764579 56.53477842889550686  169.16112300174160055 30.76141488848788796 56.60926649406917477  169.49242250247064590 29.72683149006482495 56.67729253908737519 
 0.00000000000000000 8 0.14357675231785397 6 0.24693928612505436 6 0.41278750868524139 6 0.66666727211821253 6 1.00000000000000000 8
2 153.00000000000000000 0.00000000000000000 0.00000000000000000 1.00000000000000000 0.00000000000000000 -0.00000000000000000 0.00000000000000000 0.00000000000000000 1.00000000000000000 0.00000000000000000 -1.00000000000000000 0.00000000000000000 72.00000000000000000
1 152.99999999999997158 28.87830165838181529 -64.86172749262468074 0.00000000000000000 -0.91354545764260098 -0.40673664307580021 
7 0 0  6 27 6  165.31874999999999432 -0.00000000000000328 -73.07343041770498360  165.31874999999999432 0.57960765353580779 -72.81537246412646880  165.28602419225555309 1.17502193105975627 -72.57828497720943517  165.21722967380935643 1.78402327924167614 -72.36601755067358965  165.10903839580461749 2.40451386989224636 -72.18145251573676546  164.95780991828291917 3.03416896196521746 -72.02632903165208234  164.55036945890964262 4.33964612549261020 -71.76928342023570906  164.28946608249438555 5.01475192780237045 -71.67088230451497566  163.97285881092275872 5.68960183915131346 -71.60667705717666820  163.59741617784945333 6.35759300040514042 -71.57507245068430279  163.16085741234076067 7.01095261002582504 -71.57215335946865764  162.36223558256870092 8.02090383678662810 -71.60489058668707685  162.03923832704415986 8.39250413514621307 -71.62570760178965656  161.69351089742920635 8.75389427397177400 -71.65386105538200923  161.32495067769613684 9.10317363219154707 -71.68801985121251619  160.93363563652968651 9.43832318343249455 -71.72674475873832023  160.10163008048371580 10.07954612686444307 -71.81080315190091312  159.66020803485852753 10.38545957172117973 -71.85622848649676087  159.19615405721845036 10.67249195825188757 -71.90326419009474535  158.71029506537067277 10.93819547340731368 -71.95028947504449945  158.20372609653773566 11.18016156607603939 -71.99571808107759807  156.96362577450258868 11.68919551288288972 -72.09563679713116358  156.21224528582172297 11.93486024946272828 -72.14767051781785767  155.43107975140671329 12.12500032641591829 -72.19014750697860450  154.62890016205960819 12.25400149231377078 -72.21968728779461344  153.81528018927417634 12.31874999999999787 -72.23451490678479558  153.00000000000000000 12.31874999999999787 -72.23451490678479558 
 0.00000000000000000 7 0.23797736890019244 5 0.48853560924196382 5 0.63970865725428427 5 0.79250181010564669 5 1.00000000000000000 7
7 0 0  7 32 6  153.00000000000000000 -12.31874999999999609 -83.20383664107384902  153.59958280535741437 -12.31874999999999609 -83.20383664107384902  154.19074850492759765 -12.28470308488486573 -83.16572286798216851  154.76831626042647372 -12.21832920415541146 -83.09141939480528549  155.32709750244933389 -12.12248870501907483 -82.98437907197020991  155.86201754550421583 -12.00121008652527976 -82.84953578344210712  156.36806559876256983 -11.85978525435620234 -82.69324547069847142  157.13635115903596784 -11.60773144496965337 -82.41648879902753322  157.42215705408298732 -11.50427526406940970 -82.30328915146949953  157.69786084136285353 -11.39533701328161008 -82.18456359805475131  157.96387745899033916 -11.28157564865007778 -82.06112411659042039  158.22065889129734728 -11.16353806995468290 -81.93365234654127960  158.46868626062970975 -11.04166138811300790 -81.80270388905002221  158.93957283143168979 -10.79542006401317522 -81.53956335287966795  159.16306948024089252 -10.67127752593333767 -81.40755848081560941  159.37929371458650962 -10.54419208917720674 -81.27314085127208898  159.58859425250764730 -10.41444309452144168 -81.13667671044045449  159.79132676810516500 -10.28224316360756063 -80.99845714478392722  159.98785397857886892 -10.14773664986487134 -80.85869953562500712  160.86697969935059405 -9.51734554063550320 -80.20796843400263754  161.48312114761142766 -8.99190032891656443 -79.67744596248071787  162.03439305735631137 -8.44362863149674681 -79.13870004958290849  162.52829964767764181 -7.87706670411521337 -78.59927559967951538  162.97159662092641952 -7.29304440897213446 -78.06281261792844361  163.36944551032181039 -6.68930301197279675 -77.53072783334248186  164.15514922233998618 -5.29910381002110142 -76.36539522853381357  164.51996913886083007 -4.50611384533222115 -75.73894334966686870  164.82159664736917648 -3.68077388279194118 -75.13183207637766259  165.05893091910692760 -2.82028121741127791 -74.55145649695458587  165.22736170029588720 -1.92180180028988801 -74.00728732416226308  165.31874999999999432 -0.98233095912365975 -73.51079233917347722  165.31874999999999432 -0.00000000000000355 -73.07343041770498360 
 0.00000000000000000 8 0.14150467919942897 6 0.23032681631118307 6 0.31593919776154222 6 0.62501638987364894 6 1.00000000000000000 8
1 152.99999999999997158 28.87830165838181529 -64.86172749262468074 0.00000000000000000 -0.91354545764260098 -0.40673664307580021 
2 153.00000000000000000 -61.01874966214698759 -82.99374789505677086 0.00000000000000000 -0.91354545764260098 -0.40673664307580021 0.00000000000000000 0.40673664307580021 -0.91354545764260098 1.00000000000000000 0.00000000000000000 0.00000000000000000 20.00000000000000000
7 0 0  8 65 10  153.00000000000000000 12.31874999999999609 -72.23451490678479558  152.27284418898551621 12.31874999999999609 -72.23451490678479558  151.54766210987924069 12.26969536000238570 -72.22328149186299129  150.83000070917319135 12.17205199685681727 -72.20092107843717599  150.12530885406883385 12.02728602490891596 -72.16822802270235115  149.43879216670603682 11.83783218574295582 -72.12665180765517903  148.77527729863601280 11.60706505282697165 -72.07820827417590692  148.13908686367491896 11.33927356650914930 -72.02531205975914474  146.74372273910074682 10.64838477000040839 -71.89894487363457642  146.00377620983095994 10.20152466537130564 -71.82388787673812658  145.31687986697482984 9.70694784416651579 -71.75041479457645721  144.68477945240152849 9.17224685511070881 -71.68382996763666881  144.10827154304359965 8.60465820288775163 -71.62938402586318887  143.58731539230083740 8.01099157486456193 -71.59195729607034764  143.12115116359757394 7.39756338966213178 -71.57574054145733555  142.18807499851257603 5.97915602824224557 -71.59429370178321506  141.75424098742101364 5.16834386231177767 -71.64342895294574021  141.40286788982672306 4.34888763865918726 -71.73738877216800347  141.12873007923388968 3.53004416641563346 -71.87979122767457341  140.92615123549464329 2.71941300949253018 -72.07128282051158408  140.78931371053400312 1.92356181689464867 -72.30933975768554944  140.71214625108538598 1.14872062394868957 -72.58840912630053310  140.65774610881686613 -0.52053265392200210 -73.28509046545005390  140.70783361122181532 -1.40627764869702609 -73.72216467930630301  140.82644162971959645 -2.25708950378943562 -74.20323782248432565  141.00614213746933956 -3.07493985663649383 -74.71966271223668343  141.24211444724343778 -3.86186874865684615 -75.26363991262044806  141.53174477527534236 -4.61988899739300862 -75.82857415896251041  141.87455577663931194 -5.35080637152321437 -76.40895721270142360  142.53651530842435591 -6.52347604647663548 -77.39157743535049860  142.82434862848145940 -6.97890130952511001 -77.78732959073722952  143.13683768752812853 -7.42323002265218523 -78.18604041666664273  143.47549437996730148 -7.85726760572510941 -78.58688587815360904  143.84229891676238822 -8.28118141770272942 -78.98869079776503099  144.23957865712065995 -8.69439124006860098 -79.38966196703378841  144.66988164460695998 -9.09544968582147284 -79.78713408502881066  145.27927010150733622 -9.60086727493089498 -80.29743186290690460  145.42617526414466056 -9.71852337097087471 -80.41693068034702208  145.57671321464232506 -9.83486189902748364 -80.53576957273128301  145.73103660305332596 -9.94984290767698987 -80.65387237517963115  145.88929790674123410 -10.06340581954478353 -80.77114177338053480  146.05164948668038960 -10.17546983366266033 -80.88745891536950694  146.21824364375595451 -10.28593432782611572 -81.00268302330775327  146.57467776139105808 -10.51261789921885992 -81.24025426852350051  146.76526821192186389 -10.62851878352887702 -81.36236409331306163  146.96129786988791466 -10.74229326574401711 -81.48284025915772588  147.16305242126369990 -10.85380533648566725 -81.60149186090281148  147.37080938565486576 -10.96287227221767147 -81.71807670626111531  147.58483810718641394 -11.06926528232973261 -81.83230071336318190  147.80539974539121317 -11.17271015622079311 -81.94381730830788513  148.26353456899153116 -11.37458136022061517 -82.16227657984070731  148.50150477530655735 -11.47299167312013424 -82.26921493357393445  148.74688101806265195 -11.56774717644358219 -82.37258492325165093  148.99987084106541602 -11.65843094917938494 -82.47187439825651722  149.26066325595385820 -11.74457946231542138 -82.56651531594259552  149.52942579924607003 -11.82568121921267412 -82.65588303956367611  149.80630158938572549 -11.90117539597885354 -82.73929563620139049  150.42305021728915904 -12.05103367613700627 -82.90525368927526983  150.76761217386311387 -12.12363522013078487 -82.98591528856516675  151.12316845706914137 -12.18656947804214497 -83.05603876414016895  151.48782388001077948 -12.23846783425418039 -83.11399924181081644  151.85970152528543053 -12.27826473187007927 -83.15851509144383158  152.23693399341897248 -12.30518750431728492 -83.18865406189814848  152.61765623978354256 -12.31874999999999609 -83.20383664107384902  153.00000000000000000 -12.31874999999999609 -83.20383664107384902 
 0.00000000000000000 9 0.10890454000222757 7 0.25110934850111216 7 0.43039003864490477 7 0.65147888718942348 7 0.79824302067445829 7 0.84341758157859481 7 0.89241136955768585 7 0.94214643660853192 7 1.00000000000000000 9
7 0 0  7 56 10  142.82369976444999793 -46.40613753392714358 -57.64087437905708811  142.43741349461720347 -46.20625378517568294 -57.80179894578653688  142.05620988622746381 -45.99598966535985056 -57.96974780569102137  141.68054552239226496 -45.77529539966161565 -58.14452756678118561  141.31085990423261478 -45.54413118089799184 -58.32592202045824337  140.94757550654773581 -45.30246756752780612 -58.51369379116098202  140.59109783348375800 -45.05028588165844639 -58.70758598601272382  139.63172027394321617 -44.32870502511682531 -59.25620807957499636  139.04325170338890416 -43.83747252811616590 -59.62311405441703727  138.47932529959035719 -43.31438478559580574 -60.00615194304077704  137.94243747432761893 -42.76023040026635869 -60.40317355329265325  137.43466084838439656 -42.17608300993271087 -60.81184919269986011  136.95763958582188025 -41.56330138942303165 -61.22974453435102760  136.20603213214184279 -40.48285642158437980 -61.94689729841081771  135.91479443239759917 -40.02959167243700023 -62.24246138535670525  135.63930124278186895 -39.56438120475248610 -62.54022159634804723  135.37986633839719275 -39.08794877916140109 -62.83930290039801747  135.13668947279134613 -38.60109737002557040 -63.13883432491333991  134.90985819506195753 -38.10471051821582478 -63.43795989780877420  134.60592064733563689 -37.37564104384608044 -63.86806058417679566  134.51570281215160207 -37.14983044868545647 -64.00003397190329224  134.42868918558187374 -36.92239290993053658 -64.13170470949110324  134.34486956767418064 -36.69340181461690520 -64.26300893825701621  134.26423053435092925 -36.46293292529303898 -64.39388398414416770  134.18675543740900480 -36.23106438002025698 -64.52426835772209301  133.99574864010648412 -35.63184718019273589 -64.85789834075627880  133.88682740064751897 -35.26259217726764916 -65.06032376716724741  133.78556201551819527 -34.89036095281205974 -65.26118067534399358  133.69184180122257999 -34.51541166459222154 -65.46027985839999985  133.60554417029047158 -34.13801140018168923 -65.65744071482001232  133.52653474017367330 -33.75843621821672969 -65.85249170264202689  133.32065424410097876 -32.66564142188489228 -66.40475199312270149  133.21152002178939711 -31.94797576878176315 -66.75621427001958352  133.12616152823878224 -31.22515391424325415 -67.09895806105046745  133.06346628104921592 -30.49836334813976535 -67.43238573088999033  133.02231118102491791 -29.76879910712418820 -67.75599676731052057  133.00156113080979026 -29.03766351544486568 -68.06938297632576962  132.99587796213143065 -26.25407636193581951 -69.22179071733884825  133.14323650339727578 -24.19993819219612163 -69.98803448129977767  133.41656928133116367 -22.15685600290660062 -70.66962099775625461  133.79560903107656600 -20.13399110080941057 -71.26907284963766642  134.26448209202828821 -18.13722521376175223 -71.79052941014167288  134.81126052440882290 -16.16990684103106091 -72.23868030127331963  135.84414472411725683 -12.92576884800375758 -72.87455645627468925  136.29236321287726241 -11.63205403900252399 -73.09959454156425807  136.76983195109500002 -10.35308536167646132 -73.29474173096298273  137.27473377816818356 -9.08922041384609969 -73.46140099985005634  137.80587472488460321 -7.84085177409727496 -73.60086902400155395  138.36258103683468335 -6.60874832855663730 -73.71435804360297084  139.44117750213021623 -4.35856258099317984 -73.87883290687270232  139.95531977259420842 -3.33741712923417344 -73.93641518473815211  140.48780626991228360 -2.32982515216834063 -73.97690465507385227  141.03977312267824118 -1.33535986995086886 -74.00110133501925702  141.61243204966049802 -0.35502052154764691 -74.00968848150397150  142.20683900042664050 0.60821212470516473 -74.00348108105704625  142.82369976444999793 1.54882169087773747 -73.98378978783033233 
 0.00000000000000000 8 0.05966987017767469 6 0.16389586507314408 6 0.23568645172570130 6 0.26754893344942537 6 0.31756276033641656 6 0.41082510734237504 6 0.67245643967610591 6 0.84919759603614742 6 1.00000000000000000 8
1 142.82369916445000513 13.74057361609485639 -30.86183363628708065 -0.00000000000000000 -0.91354545764260098 -0.40673664307580021 
7 0 0  8 107 16  153.00000000000000000 17.95388687521578674 -69.72559032429882109  151.64984237884837626 17.95388687521578674 -69.72559032429882109  150.29949208847494901 17.89219229135123612 -69.63903334548686530  148.95932636092987877 17.76877147283097713 -69.46587659568088213  147.63952390311970930 17.58359591608230232 -69.20765744970037758  146.35009212263386758 17.33654246994852599 -68.86738762490644206  145.10082571697770959 17.02739345696611650 -68.44966903440246142  143.90126949824551161 16.65567493440178737 -67.96098187483133302  142.47809399657327845 16.11317159776432106 -67.27401651919760184  142.19928982317108535 16.00165097222777533 -67.13390153892990497  141.92422875162799301 15.88625374824260561 -66.99012723379308909  141.65304686921848543 15.76697121882536656 -66.84283994433529585  141.38587829431216392 15.64379459066509881 -66.69219611678269644  141.12285471422993055 15.51671527684605323 -66.53836285996344202  140.86410492310082532 15.38572518957041169 -66.38151850223182748  140.31758963797443585 15.09585215473785702 -66.03845043421571859  140.03122985769169873 14.93571772036388978 -65.85132593355038466  139.75086503295028706 14.77040336485850602 -65.66076754038569163  139.47668062300303404 14.59990033379660446 -65.46708495390247151  139.20885554144516050 14.42420333806996524 -65.27061007871486709  138.94756016538423182 14.24331240872864690 -65.07169742511148058  138.69295434461002969 14.05723475182237259 -64.87072450929696288  137.97853942676837846 13.50579140404351364 -64.28645632024276324  137.53605430170085810 13.12718647135547201 -63.89885978791142662  137.11882842836232044 12.73034646374446410 -63.50805591115797455  136.72773146310561287 12.31556601203516976 -63.11705728046025143  136.36335484052429479 11.88330234904359273 -62.72910752473180196  136.02594242899783694 11.43426112700603170 -62.34758003983660046  135.71533826602950512 10.96950793739413577 -61.97580309656351005  135.21311365135457550 10.12362998361532895 -61.34174346343235129  135.01061401737231904 9.74828984907285445 -61.07413371339104202  134.82326610154277091 9.36528314900706249 -60.81537018372999626  134.65062598229059176 8.97536740097425145 -60.56664952634864107  134.49207790988586453 8.57934114120360292 -60.32892642174442699  134.34688234617075864 8.17803755602993654 -60.10288863654302105  134.21422325941310305 7.77231273881437357 -59.88895700948807388  134.04087582656603672 7.18581038791603977 -59.59999828542332523  133.99068506898288433 7.00791238628575996 -59.51498330725600283  133.94261213240230290 6.82939779897606059 -59.43227734050191913  133.89658537269880867 6.65032719262410854 -59.35188285603772584  133.85253245386789445 6.47075828951612664 -59.27379373545171148  133.81038103113667148 6.29074578811320784 -59.19799611999236788  133.77005943407459654 6.11034118357712597 -59.12446925951652332  133.66070077327228205 5.59775415295837941 -58.92231726490061305  133.59583598018312500 5.26476227690561860 -58.79901396660681456  133.53646454520784914 4.93090498761874052 -58.68310663351631007  133.48216376620078449 4.59643483211280479 -58.57435924991907683  133.43253518519298950 4.26156801244396988 -58.47248913753300315  133.38720976810981256 3.92648382911549065 -58.37718350439608628  133.34584974311323435 3.59132443238278887 -58.28811302255276416  133.21458784195417024 2.42456965023111515 -57.99855430999836159  133.14359674677740486 1.59353498994537013 -57.82859812903971886  133.09037153444452883 0.76418299995209793 -57.68975715785261116  133.05148407073272665 -0.06280265873157020 -57.57688547014801372  133.02450604819185287 -0.88708654199168713 -57.48549912399181494  133.00770343469380919 -1.70866908348909341 -57.41183621948381699  132.99982400232553914 -2.52789691727694166 -57.35273271298822095  133.00021744948915625 -4.33251386614485234 -57.24861107070314858  133.01217589356622284 -5.31654483448296489 -57.20908592743128906  133.03432778444170026 -6.29820739051352074 -57.18235280816271882  133.06588615466310443 -7.27798069648322254 -57.16490947433639747  133.10647426729894960 -8.25625166331637672 -57.15403609629981219  133.15597720934937342 -9.23335966453484325 -57.14757513972156744  133.21449286986310767 -10.20962392877546421 -57.14379264249753732  133.39139343854026265 -12.75605655646433689 -57.13722069315675611  133.52450430852101704 -14.32504235041299268 -57.13644388213194958  133.68265175496108554 -15.89340699148639402 -57.13304518364549267  133.86791100916815367 -17.46156828432280150 -57.12328309147173400  134.08292948984274062 -19.02951559361989098 -57.10450546426359608  134.33097091106355947 -20.59686555632205085 -57.07484515626042310  134.61593114541503269 -22.16290675636264851 -57.03297781780241138  135.15663931377707740 -24.75042786082232027 -56.94203418553296103  135.38848555306100252 -25.77314904153218933 -56.90044059455821213  135.63960032407476319 -26.79449254752198684 -56.85299068687788804  135.91151414623925575 -27.81404176679196638 -56.79951935803380536  136.20595411909670247 -28.83122155692254296 -56.73993479864918044  136.52487837238723500 -29.84529300508296146 -56.67421617941118939  136.87055817192461404 -30.85533954997642070 -56.60241653997901778  137.53885306408756151 -32.64523276964843035 -56.46393537824445730  137.84991361593966985 -33.42695706026571401 -56.39958208814342555  138.18027553602112789 -34.20494559301663173 -56.33166970969011089  138.53141357544041057 -34.97852649367703748 -56.26029648802426664  138.90498614550654111 -35.74680490855533321 -56.18560720633776384  139.30286891280118766 -36.50865250583530752 -56.10780164830347871  139.72724938685968255 -37.26267974167726749 -56.02714585546333126  140.53851712075547198 -38.59419051191728300 -55.87842100927051092  140.91422269386842459 -39.17507506096508507 -55.81132114756579909  141.30936277199515416 -39.74910875529973708 -55.74284929183690451  141.72541964038416040 -40.31523359633784764 -55.67321875239218087  142.16400462824429951 -40.87202726301781297 -55.60270945060488401  142.62687593780268003 -41.41769359765043390 -55.53167862628271223  143.11602374209388699 -41.95002228303980729 -55.46057488694353310  144.07410791270308437 -42.90508566746908770 -55.32994052348966818  144.53472738490165739 -43.33194093845203554 -55.27032032042407650  145.01742700948662446 -43.74539089859847962 -55.21141895546933398  145.52371883963715504 -44.14325077876552683 -55.15367170817360432  146.05492429148105771 -44.52263300710021809 -55.09764486723712196  146.61212113224618747 -44.87998715681972328 -55.04403880817545769  147.19608146970517737 -45.21114838009434322 -54.99368018489136034  148.38601940666995915 -45.79577082539353938 -54.90376696056148376  148.98978167840999731 -46.05269828393716125 -54.86373800455520922  149.61749672819345847 -46.27737676316360194 -54.82832957135514818  150.26717741836475284 -46.46471511376542196 -54.79852194607949656  150.93566962314673674 -46.60978308385233504 -54.77528346903558543  151.61845721407212295 -46.70832328607255590 -54.75944613119217763  152.30935476119199734 -46.75756260226346939 -54.75153275932474628  153.00000000000000000 -46.75756260226346939 -54.75153275932474628 
 0.00000000000000000 9 0.10140852587960617 7 0.12651337119828845 7 0.15535054006251053 7 0.20966222809957030 7 0.25127693723636796 7 0.26929591721024998 7 0.30237717082453036 7 0.38446842511793955 7 0.48357583761522299 7 0.64311348310426986 7 0.74757207843692153 7 0.82917215780577047 7 0.89351279453430255 7 0.94820168341557354 7 1.00000000000000000 9
7 0 0  7 32 6  153.00000000000000000 -46.75756260226346228 -54.75153275932476049  153.61219288458386245 -46.75756260226346228 -54.75153275932476049  154.22466275708109151 -46.71806862000976679 -54.75788000741660255  154.83128150529432787 -46.63901615600708794 -54.77058499349833909  155.42730992450472627 -46.52235201650558594 -54.78927996077356966  156.00912158820327136 -46.37113404247671156 -54.81336525527164838  156.57404404586338842 -46.18900539592416976 -54.84213396569628429  157.51344195674033699 -45.82917371692648345 -54.89841191252218522  157.89717474091153804 -45.66442954936163545 -54.92403102696908235  158.27101930848536426 -45.48684212477875377 -54.95146208172202051  158.63479295500059152 -45.29766486115579482 -54.98045976283845704  158.98849108304480637 -45.09805995247862853 -55.01079666556688608  159.33225096463124260 -44.88905711529343989 -55.04227078429892117  160.20237293858400562 -44.32250459406334642 -55.12675425637745263  160.71327955436890988 -43.95167544775745938 -55.18125902932796123  161.20030630815725203 -43.56258368966438610 -55.23751476439445440  161.66471482570983653 -43.15817695664647147 -55.29493387647524827  162.10782302112374964 -42.74084873364931525 -55.35304309146579271  162.53101450250687776 -42.31244724631245191 -55.41147474403175011  163.55520992122640678 -41.20347252995898657 -55.55947620690910327  164.13090526030114802 -40.51024720478568497 -55.64904456414258505  164.66778721898333515 -39.79947320422516555 -55.73764693010672744  165.16951075076258348 -39.07478823324774453 -55.82454891611801884  165.63931101001548996 -38.33897175543110336 -55.90921137297517873  166.08001893807667670 -37.59395177608533345 -55.99125824757695824  167.03802835735498888 -35.85213152990252183 -56.17438273451232789  167.53581835026574254 -34.85008116758672259 -56.27331962570473678  167.99320029473875593 -33.83789700445632320 -56.36661356297918957  168.41429788583133131 -32.81794948263087974 -56.45385178082009503  168.80261580477778693 -31.79203827508219504 -56.53477842889387261  169.16112300173642780 -30.76141488850402084 -56.60926649406812317  169.49242250247064590 -29.72683149006479297 -56.67729253908738940 
 0.00000000000000000 8 0.14357675231486400 6 0.24693928612154797 6 0.41278750868113478 6 0.66666727211335952 6 1.00000000000000000 8
7 0 0  7 26 5  169.49242190247034046 12.01246112464708915 -62.86255465480894600  169.62506778208003766 11.17959777627848617 -63.02170724810331137  169.76267824202923862 10.34364870526018088 -63.16810575860646537  169.90447572673753029 9.50458677920696005 -63.30171919963572691  170.04966413498914335 8.66239001978776280 -63.42249656116378276  170.19743054817087113 7.81704208835268410 -63.53036754778015904  170.34694695851050028 6.96853277156000583 -63.62524331665276378  170.74442620302966134 4.71809054570865971 -63.84132055877410750  170.99389348149853163 3.31099508586424607 -63.94026285624100581  171.24213344018770044 1.89502944473302959 -64.00344118620338918  171.48537862732797521 0.46980468172147027 -64.03023050269260352  171.71965826135257771 -0.96485920420562066 -64.01981135977374038  171.94068153209403249 -2.40888207688305922 -63.97121380104386645  172.43405563583829121 -5.94027893018290598 -63.75773387731643282  172.68751431490403547 -8.03677547406332948 -63.55181865312692935  172.89051494084009164 -10.15308108403513287 -63.26239435025482294  173.02685503327199967 -12.28708181293545465 -62.88534395452219172  173.07681365109178273 -14.43317691502757683 -62.41695371185300445  173.01651078700706421 -16.58203815804235859 -61.85493461281507876  172.66103338493365982 -20.37871515811266221 -60.69364010472264681  172.42020975202296995 -22.04439702577822402 -60.12677765826973086  172.07925977636185166 -23.69237808381642907 -59.50512376906039691  171.62531581599881747 -25.30185818662178932 -58.83674915145046214  171.04774336041418792 -26.85467617661631934 -58.13284430834464445  170.33848677732314059 -28.33461880160585977 -57.40749809208345056  169.49242190247034046 -29.72683247737523260 -56.67729202125018162 
 0.00000000000000000 8 0.14673486321279838 6 0.38772841966912663 6 0.73245210370747471 6 1.00000000000000000 8
1 170.00000000000000000 16.45833235682153273 -36.96601971055881108 -0.00000000000000000 -0.91354545764260098 -0.40673664307580021 
7 0 0  7 128 22  170.38243646246976937 -27.17052369792134314 -57.09544680830135377  170.33403705081647672 -27.37962417078071908 -57.09544680830135377  170.28823680547853314 -27.58819758350830043 -57.10144798760707374  170.24518805445481462 -27.79610091124203208 -57.11339595779116962  170.20503199407627903 -28.00319634194138985 -57.13123845363242026  170.16789797023369601 -28.20935093654803083 -57.15492601294111807  170.13390275960531994 -28.41443628914643327 -57.18441265638458759  170.05861214017454586 -28.91361337301970025 -57.27069834431912199  170.02087179532460937 -29.20641362792323648 -57.33381868278522830  169.99026750310355283 -29.49621055778152723 -57.40886909690749462  169.96705918406814817 -29.78250371517145467 -57.49568454715933541  169.95142496124776699 -30.06480886394825092 -57.59408674115301352  169.94345812882914970 -30.34265624389331961 -57.70388743450158842  169.94284833351451880 -30.90873955505560033 -57.95485970880405802  169.95138478461186082 -31.19610951820571287 -58.09770346778259409  169.96877002429286563 -31.47713774861590608 -58.25316293775984633  169.99488742516291495 -31.75126705596548859 -58.42096234403155819  170.02950682311873720 -32.01793835539444188 -58.60080651254079243  170.07228851379070989 -32.27658720434239825 -58.79237242062574609  170.16759811773258093 -32.74849251189770882 -59.17533047544143443  170.21848092974920519 -32.96357190492784639 -59.36429948859829153  170.27515730928362814 -33.17160780472141113 -59.56205023589721748  170.33730100800039509 -33.37230024210218460 -59.76843243691194374  170.40454542413289118 -33.56532327489360057 -59.98329528003221611  170.47648676604219986 -33.75032605308405209 -60.20648437411268361  170.70171666616917605 -34.27233562463111838 -60.89031120089963167  170.86687142747774715 -34.58524171127756119 -61.37351196187810842  171.04524246756852790 -34.86396501553642224 -61.88741444618685961  171.23368268968147277 -35.10578566945170564 -62.43226868952095288  171.42861913640379612 -35.30679856492201907 -63.00826802245983771  171.62575557096988632 -35.46171317341607221 -63.61515004355500480  171.94197081433893004 -35.62765351780145551 -64.65150940652520717  172.06315765934712658 -35.67092295324780338 -65.06417132817021809  172.18194927074185330 -35.69137331673009328 -65.48847248645655839  172.29668855405907379 -35.68694295769100933 -65.92314423767290066  172.40564592270649769 -35.65554860770273393 -66.36668525346269121  172.50707019476132587 -35.59507324910075710 -66.81731901581363786  172.66516804574595767 -35.43776639727791888 -67.59872780968053974  172.72633820217214407 -35.35622594625331061 -67.92696685370566456  172.78187161881322709 -35.25822636921306241 -68.25553561410711723  172.83105074978433890 -35.14360784644132707 -68.58238018079561016  172.87336456009919061 -35.01253604695822474 -68.90553302648662282  172.90852222771249558 -34.86548981433576699 -69.22313484827304819  172.96429179091919082 -34.54151080389723205 -69.84284953797923379  172.98486898880653939 -34.36512620101485993 -70.14413393976097666  172.99818261441686218 -34.17501802172285608 -70.43570923858901267  173.00444421210013957 -33.97238842550048332 -70.71612202033033157  173.00406404468566279 -33.75871422485330697 -70.98409514006091570  172.99762485303264725 -33.53574164443453753 -71.23855504151231344  172.96772564212258771 -32.95153369095594797 -71.84776146249269857  172.93699335928619121 -32.58062907918149875 -72.18267836545287253  172.89609146002354123 -32.19663730391399525 -72.48410255244074563  172.84739170692779453 -31.80301529852440723 -72.75292878863506019  172.79310612318300855 -31.40287920526585097 -72.99024017843414924  172.73523039064906470 -30.99906265399950556 -73.19728726241702077  172.62405170882405514 -30.24522883952750618 -73.52901619494996055  172.57110223811793048 -29.89467682877031152 -73.66148475704549980  172.51768179368789902 -29.54353617392877851 -73.77386137569705227  172.46466155446486823 -29.19262455507762510 -73.86705420298741842  172.41278703352037383 -28.84258671730280099 -73.94187879334448610  172.36269703140033016 -28.49393052018304573 -73.99904846334992214  172.22275637392303338 -27.47746234173129665 -74.11660581558028582  172.13920998726280231 -26.81406202160853169 -74.13055118586609638  172.06845645366436770 -26.16101648842458971 -74.08502827993937956  172.01344463438437060 -25.52160138022442126 -73.98319099038619129  171.97609452590975820 -24.89864860317123174 -73.82744847153537648  171.95739016906458119 -24.29489751949244081 -73.61954391274204568  171.95739016906458119 -23.35468167932574346 -73.20093285031836672  171.96449950613205715 -23.00474931160668035 -73.02198515287484781  171.97871413026223308 -22.66419335353364772 -72.82407496969919691  171.99989046901413303 -22.33377640167872613 -72.60747383474181049  172.02774211475005472 -22.01431767835608255 -72.37240326936745305  172.06183651187549799 -21.70671528570568398 -72.11904809958586782  172.12633275770488694 -21.22853642705176824 -71.67861860280615360  172.15326662330929253 -21.05008025420822193 -71.50264558417799776  172.18225743719855814 -20.87680880497211788 -71.31965813697824785  172.21314786473379854 -20.70895832622345978 -71.12966106589367143  172.24575762378668742 -20.54679272465202189 -70.93265611617444222  172.27988206819605921 -20.39060384341286891 -70.72864152909123447  172.36251405287038097 -20.04080616562347217 -70.23616875853373642  172.41201721864553065 -19.85211911452694267 -69.94227352472201176  172.46326729850395054 -19.67534730652524644 -69.63583061086445980  172.51564758496633090 -19.51133043018581503 -69.31674437632712227  172.56843972359448003 -19.36106752621810401 -68.98495008282812080  172.62080580346523107 -19.22573337208107347 -68.64044515233059940  172.70545416408342021 -19.02801955493984210 -68.04728840227028286  172.73853378750885668 -18.95644346220489496 -67.80568732211068550  172.77072047140995892 -18.89238454760029384 -67.55858714578387492  172.80169832556211418 -18.83628991724780732 -67.30608900029208996  172.83112502231753638 -18.78863597707294986 -67.04832542268148643  172.85863240289452847 -18.74992858570134757 -66.78546060441036047  172.91372166613206218 -18.68602602724216055 -66.19996994368024446  172.94040392436940579 -18.66464851069607533 -65.87487975968784326  172.96312598867120869 -18.65762112497050751 -65.54349217481087919  172.98114170347272989 -18.66586156427920429 -65.20692284546757378  172.99372952701358486 -18.69016342617089066 -64.86632994705114186  173.00021543099816768 -18.73120488790409155 -64.52291312755782826  172.99971252277913436 -18.86481983216087954 -63.73293414093831188  172.98827436796401003 -18.96881208563090837 -63.28571927575649880  172.96442346198452356 -19.10220474859526618 -62.84166691321319576  172.92751632108644344 -19.26437328684530925 -62.40587676178848398  172.87767566728442148 -19.45351433894655102 -61.98303628649984631  172.81582556046419086 -19.66670820139114539 -61.57730803992259183  172.69088419787473754 -20.07020397577707627 -60.91105732656082239  172.63266712903711664 -20.25104580534463139 -60.64107939073667097  172.56944656079326705 -20.44138929380969572 -60.38275642086380657  172.50179154678681925 -20.64012379128047314 -60.13647935114814658  172.43033613629972933 -20.84608979315366994 -59.90255129513480625  172.35576323666120402 -21.05807705384476236 -59.68118179054774686  172.21840567789075749 -21.44484867239598813 -59.30876588866527044  172.15648433901583303 -21.61797263155434479 -59.15268281009472418  172.09328239196321420 -21.79382615241871335 -59.00409140391055729  172.02904968782814876 -21.97206832033472423 -58.86284787553787368  171.96402653584894438 -22.15238507194929340 -58.72880525236408999  171.89844224338631307 -22.33448853559168157 -58.60181359576898785  171.73170060011656801 -22.79890629886856246 -58.29808241135828695  171.63005532646752727 -23.08333557287142668 -58.13052548792945373  171.52830232480232553 -23.37061451718984628 -57.97842585302316820  171.42709581225770421 -23.66010312401146720 -57.84119665078420525  171.32702914239888514 -23.95128990467192764 -57.71829807184946759  171.22864421435767213 -24.24377074014198996 -57.60924766585024770  171.00955154385070500 -24.91208725604182206 -57.39149027667149028  170.89018272494311645 -25.28866105793013475 -57.29122974841185112  170.77546143431399628 -25.66604704560310779 -57.21208880588569201  170.66641799749842789 -26.04350419419380813 -57.15341573659394214  170.56399694460293404 -26.42041518080558404 -57.11467365992663048  170.46906789840781471 -26.79624901977275186 -57.09544680830135377  170.38243646246976937 -27.17052369792134314 -57.09544680830135377 
 0.00000000000000000 8 0.03068097113341711 6 0.07511449867627096 6 0.12283954502423897 6 0.16518136774278425 6 0.24799162136299996 6 0.30003393775879927 6 0.33724563076390224 6 0.37434438854425861 6 0.43137298743144592 6 0.48051972277726634 6 0.57539365184615276 6 0.63388382019955125 6 0.67028445128930125 6 0.71883063081784615 6 0.75091592782433836 6 0.78898652557984217 6 0.83808959201943034 6 0.87394039122467948 6 0.90206352574208937 6 0.94506731570929647 6 1.00000000000000000 8
1 170.00000000000000000 16.45833235682153273 -36.96601971055881108 -0.00000000000000000 -0.91354545764260098 -0.40673664307580021 
7 0 0  4 59 20  170.06506224885714573 -32.20932364930285985 -58.74997421322377988  170.06421268046659634 -32.21085522439130955 -58.74913453629833526  170.06336293364682888 -32.21238667763269348 -58.74829485693723541  170.06251300840281715 -32.21391800898275193 -58.74745517518361027  170.06081288342991797 -32.21698027947559240 -58.74577588832205777  170.05996268373559133 -32.21851121864199996 -58.74493628321458516  170.05911230566158565 -32.22004203585219528 -58.74409667580130900  170.05741206752023231 -32.22310185202535848 -58.74241831994751806  170.05656220781960997 -32.22463085123914084 -58.74157957151165022  170.05571217011603835 -32.22615972865919787 -58.74074082086082171  170.05409994731553525 -32.22905863372673707 -58.73915033456151491  170.05333779723682142 -32.23042868534377448 -58.73839859934033569  170.05257550418184564 -32.23179863906079845 -58.73764686240549793  170.05099250352725448 -32.23464278929291993 -58.73608607214813304  170.05017177329600031 -32.23611697030604262 -58.73527701855928029  170.04935087746500244 -32.23759103784582436 -58.73446796305994866  170.04768004544533255 -32.24059048405725036 -58.73282155888300338  170.04683009747381561 -32.24211585465192798 -58.73198421007219849  170.04597997212948712 -32.24364110361297975 -58.73114685929921563  170.04430897058372807 -32.24663825981693321 -58.72950130692892401  170.04348810651762847 -32.24811017538490887 -58.72869310546293775  170.04266707722391061 -32.24958197756112099 -58.72788490224747449  170.04099622095006339 -32.25257637209598727 -58.72624047544687187  170.04014638231626577 -32.25409895645400837 -58.72540425174105394  170.03929636681104398 -32.25562141933658467 -58.72456802624633809  170.03759606354972789 -32.25866595616400190 -58.72289565190775562  170.03674577582751226 -32.26018803013210601 -58.72205950306420164  170.03589531127829559 -32.26170998256089462 -58.72122335251754066  170.03422439507255604 -32.26469931732543728 -58.71958089739973730  170.03340395581523126 -32.26616670818688704 -58.71877459294505996  170.03258335214002273 -32.26763398595201693 -58.71796828698466442  170.03091258262264773 -32.27062057129223405 -58.71632695383453893  170.03006240486013212 -32.27213987066472356 -58.71549192653841232  170.02921205076933120 -32.27365904865575885 -58.71465689771105190  170.02759969223467351 -32.27653873852920441 -58.71307392285781646  170.02683772265069706 -32.27789927441787654 -58.71232597712626244  170.02607561160741056 -32.27925971285674223 -58.71157803023093891  170.02452210590510617 -32.28203215038821838 -58.71005367769749483  170.02373070027761059 -32.28344414192217471 -58.70927727197148727  170.02293914223074012 -32.28485602838170365 -58.70850086505873833  170.02132681247837809 -32.28773114142437350 -58.70691969885722727  170.02050602943901936 -32.28919436019136668 -58.70611493948276660  170.01968508265559876 -32.29065746599414410 -58.70531017890822767  170.01801424927441531 -32.29363443089625463 -58.70367261278723703  170.01716435106655467 -32.29514828198299625 -58.70283980715841210  170.01631427751493675 -32.29666201201111164 -58.70200700032749808  170.01464327678445443 -32.29963671936089753 -58.70037027633132709  170.01382236156032945 -32.30109770493937305 -58.69956635924512511  170.01300128295758896 -32.30255857763442151 -58.69876244111627273  170.01133042563404274 -32.30553056547094570 -58.69712682797130299  170.01048063542930322 -32.30704167267486326 -58.69629513288457190  170.00963067037253040 -32.30855265897635320 -58.69546343676473299  170.00795978197774616 -32.31152215538536154 -58.69382879634248695  170.00713887052049245 -32.31298067371108118 -58.69302585210741796  170.00631779610250760 -32.31443907927124570 -58.69222290698664324  170.00412295285215691 -32.31833652003012247 -58.69007694944018283  170.00274889108933962 -32.32077535245142741 -58.68873393549054640  170.00137437346398883 -32.32321386911115724 -58.68739091934671848  169.99999940000000720 -32.32565206982935990 -58.68604790118632764 
 0.00000000000000000 5 0.05254367308402783 3 0.10508225599471498 3 0.15756680550328467 3 0.20460616178278382 3 0.25523182799574939 3 0.30762766716496659 3 0.35819930888328783 3 0.41052404935684450 3 0.46284377507827523 3 0.51329577027319828 3 0.56554471686873231 3 0.61234459159666565 3 0.66092501722813368 3 0.71127932771912661 3 0.76338827953981636 3 0.81368945443923513 3 0.86572850189026640 3 0.91596843244017112 3 1.00000000000000000 5
7 0 0  6 92 19  170.06506224885717415 -32.20932364930285274 -58.74997421322380120  170.11717475001881894 -32.53022398490154643 -58.98618180487726903  170.18202364487981981 -32.83818461912633069 -59.24069721408918809  170.25886930691078192 -33.13237929133624959 -59.51302477693324278  170.34675075521639087 -33.41188411377925860 -59.80270234831746734  170.44450853829195580 -33.67566628747197655 -60.10925200586105888  170.68173175697498323 -34.22667728574481316 -60.82980703034402126  170.82558888682055454 -34.50512539051776884 -61.25218099287146600  170.98017141401064123 -34.75646883408310117 -61.69911432238360049  171.14306926534649733 -34.97858362458290316 -62.17067656457629710  171.31151140829771862 -35.16849702311093750 -62.66683440181188303  171.53941209329775575 -35.37372926983622534 -63.36150937129747973  171.59688047004814848 -35.42118843630110092 -63.53862178258678028  171.65449342878832795 -35.46444231749410392 -63.71847701964728117  171.71212293468238386 -35.50332462514450071 -63.90106248132266131  171.76963199108320168 -35.53765245481861967 -64.08635410464152926  171.90419482011398600 -35.60717296943590782 -64.52820531462997167  171.98104733517163822 -35.63845575086428852 -64.78702719885770023  172.05704775591070188 -35.66056241205740918 -65.05061767972735254  172.13178202386083626 -35.67294527742524224 -65.31876319801672537  172.20481166248887916 -35.67502019653502288 -65.59119858893215849  172.33221298650832409 -35.65910176532192821 -66.08810606502761686  172.38737831834745862 -35.64508142252449829 -66.31116324946928842  172.44089503945676256 -35.62379106177112220 -66.53643220476010356  172.49248851153870987 -35.59493832608697517 -66.76355466342640455  172.54189391017382604 -35.55825069905154123 -66.99215656076405878  172.66655251664062121 -35.43940578806074626 -67.60179590586466247  172.73770883200322146 -35.34307291008148866 -67.98539378904541763  172.80076063770968631 -35.22355250448238451 -68.36897590422239546  172.85453489682032568 -35.08070452528677663 -68.74903219308320956  172.89836456626071026 -34.91511182997189167 -69.12225849581163573  172.96658462664254330 -34.53662328798383641 -69.85755083493714324  172.99036966014426753 -34.32341351091032777 -70.21778728617267973  173.00339814302839159 -34.09011638403181621 -70.56327515824551710  173.00618194227999425 -33.83916757755721960 -70.89132286034934793  172.99974035594860311 -33.57370822223949602 -71.19972543505544138  172.97605744457146670 -33.11661960621997736 -71.67509403625278708  172.96329189857613073 -32.93085777027296501 -71.85440031045114040  172.94748230613041073 -32.74092765833969310 -72.02477214804831362  172.92898421116282748 -32.54745843839773300 -72.18620579649093827  172.90815553603360399 -32.35107973656017322 -72.33873637752323305  172.85648350093063641 -31.90099512810512650 -72.66431770162053283  172.82444165031753869 -31.64584938089263133 -72.83210623639101300  172.78988615759558911 -31.38783990954794945 -72.98624967965517385  172.75342471319061133 -31.12772431341831236 -73.12719204164636722  172.71560747032242489 -30.86616514649863419 -73.25537709889178473  172.61621602797754349 -30.19186628055718202 -73.55309661352877981  172.55334807688117849 -29.77765965387304448 -73.70469725575189557  172.49016593867818870 -29.36297481394344899 -73.82785141855244149  172.42816085180956520 -28.94916553941319037 -73.92415489161848541  172.36854061826556972 -28.53721049897376361 -73.99496452139253222  172.27113644869788800 -27.82822858407693900 -74.07532590212211687  172.23178689679329523 -27.53002335018760149 -74.09620838332000403  172.19465130705518163 -27.23359738746229297 -74.10443164577775121  172.16006995209173169 -26.93927918640922670 -74.10036051199091389  172.12832824079202965 -26.64736014725717794 -74.08430693339867901  172.05387764464140332 -25.89610283313924910 -74.01217153890517864  172.01593647798702591 -25.44086560642220718 -73.93791023884936919  171.98682851134427096 -24.99373221469305051 -73.83483054176021199  171.96720521207802790 -24.55593957079924294 -73.70380982959959226  171.95739016906455277 -24.12869544485502260 -73.54554598155567646  171.95739016906455277 -23.20741758777896990 -73.13536665244582480  171.97194189329266578 -22.71934638690006025 -72.87068196816170484  172.00102703827909068 -22.25123836594919524 -72.56756414592331339  172.04393472334430726 -21.80547204395432459 -72.22669952358376122  172.09925114315140604 -21.38481671650730576 -71.84857392581551494  172.18226181201589498 -20.88807887689713993 -71.32293040653847527  172.20046602185334450 -20.78551851397426375 -71.20963699273292491  172.21935846095246347 -20.68503244102364036 -71.09371174641349000  172.23889490137995040 -20.58668483970379981 -70.97515486229529813  172.25902729791539514 -20.49054365133524414 -70.85396466017878936  172.30402695945193159 -20.28626301411697241 -70.58447131591123025  172.32910213474167449 -20.17900153640583838 -70.43516041592509680  172.35484593495047534 -20.07500932929886162 -70.28219429253756800  172.38116578979918359 -19.97441300980802126 -70.12556348980569965  172.40795993769901884 -19.87735262642543788 -69.96525968829728015  172.46609558758692060 -19.67747471966875494 -69.61422149889015998  172.49754606279361724 -19.57576918365895224 -69.42238031355628891  172.52930570129976218 -19.47908572730898413 -69.22572811507563983  172.56119296092114723 -19.38767573083124063 -69.02425099351988536  172.59300614953247077 -19.30182120171230409 -68.81794496879342660  172.66265033454624245 -19.12506399543880420 -68.35138372481225133  172.70034835811554785 -19.03686931083165135 -68.08885793739578673  172.73721411700378781 -18.95782438011558568 -67.81928184866872300  172.77279474272225457 -18.88856898957358510 -67.54275157889800596  172.80658524909776474 -18.82980889928046864 -67.25941656604048546  172.88288738626260965 -18.71455605519835430 -66.55582024707889843  172.92308711158113965 -18.66955085088832433 -66.12761940210516798  172.95676318318786002 -18.65006871941095312 -65.68713735728393033  172.98197116917481253 -18.65850060208068228 -65.23685780543668500  172.99682147606139893 -18.69690847208932638 -64.77948433220645086  172.99961496422722007 -18.76707399085104200 -64.31793633055963255 
 0.00000000000000000 7 0.07537919589334433 5 0.16822060508488412 5 0.19933421126967343 5 0.24136073718903903 5 0.27488715398551122 5 0.33034602987318207 5 0.38710242758700464 5 0.42429860615449749 5 0.47137573285909645 5 0.54525869627120749 5 0.59933490628071762 5 0.68570084184623870 5 0.79086274165203607 5 0.81890518247958777 5 0.85189342614535679 5 0.88952264829377348 5 0.93504790685967920 5 1.00000000000000000 7
7 0 0  7 14 3  169.99999940000000720 0.81789992004084766 -66.99500757310799770  170.30680324969699768 -0.43353926135137499 -67.01028560715073468  170.60744407913941245 -1.69180171252779887 -66.99837049779266351  170.89950958545207982 -2.95773890061391809 -66.95876308238663910  171.18044174651271305 -4.23183318305526068 -66.89077623999519062  171.44745868906062469 -5.51421657616733629 -66.79360319066691432  171.69748417525542550 -6.80468849323445912 -66.66637939259665302  172.19176138922099994 -9.59907901503270544 -66.32593737468720008  172.42931045015592417 -11.10557273349713192 -66.10254072666681679  172.63467817168452711 -12.62263254169468141 -65.83656519404529206  172.80193255140861197 -14.14957347411254673 -65.52639775539873312  172.92412724801221202 -15.68467387160403170 -65.17054000548249348  172.99317290708196992 -17.22515537357203996 -64.76784661110133356  172.99961496422719165 -18.76707399085100292 -64.31793633055963255 
 0.00000000000000000 8 0.46451773608496377 6 1.00000000000000000 8
1 170.00000000000000000 25.02880523691009174 -56.21561696898649529 -0.00000000000000000 -0.91354545764260098 -0.40673664307580021 
7 0 0  7 26 5  169.49242190247034046 12.01246112464708915 -62.86255465480894600  169.62506778208003766 11.17959777627848617 -63.02170724810331137  169.76267824202923862 10.34364870526018088 -63.16810575860646537  169.90447572673753029 9.50458677920696005 -63.30171919963572691  170.04966413498914335 8.66239001978776280 -63.42249656116378276  170.19743054817087113 7.81704208835268410 -63.53036754778015904  170.34694695851050028 6.96853277156000583 -63.62524331665276378  170.74442620302966134 4.71809054570865971 -63.84132055877410750  170.99389348149853163 3.31099508586424607 -63.94026285624100581  171.24213344018770044 1.89502944473302959 -64.00344118620338918  171.48537862732797521 0.46980468172147027 -64.03023050269260352  171.71965826135257771 -0.96485920420562066 -64.01981135977374038  171.94068153209403249 -2.40888207688305922 -63.97121380104386645  172.43405563583829121 -5.94027893018290598 -63.75773387731643282  172.68751431490403547 -8.03677547406332948 -63.55181865312692935  172.89051494084009164 -10.15308108403513287 -63.26239435025482294  173.02685503327199967 -12.28708181293545465 -62.88534395452219172  173.07681365109178273 -14.43317691502757683 -62.41695371185300445  173.01651078700706421 -16.58203815804235859 -61.85493461281507876  172.66103338493365982 -20.37871515811266221 -60.69364010472264681  172.42020975202296995 -22.04439702577822402 -60.12677765826973086  172.07925977636185166 -23.69237808381642907 -59.50512376906039691  171.62531581599881747 -25.30185818662178932 -58.83674915145046214  171.04774336041418792 -26.85467617661631934 -58.13284430834464445  170.33848677732314059 -28.33461880160585977 -57.40749809208345056  169.49242190247034046 -29.72683247737523260 -56.67729202125018162 
 0.00000000000000000 8 0.14673486321279838 6 0.38772841966912663 6 0.73245210370747471 6 1.00000000000000000 8
2 170.00000000000000000 0.00000000000000000 0.00000000000000000 1.00000000000000000 0.00000000000000000 -0.00000000000000000 0.00000000000000000 0.00000000000000000 1.00000000000000000 0.00000000000000000 -1.00000000000000000 0.00000000000000000 64.00000000000000000
1 142.00000000000000000 20.20230151346417813 -60.72781087408867506 1.00000000000000000 0.00000000000000000 0.00000000000000000 
2 170.00000000000000000 27.17052369792138933 -65.59544680830134666 1.00000000000000000 0.00000000000000000 -0.00000000000000000 0.00000000000000000 0.00000000000000000 1.00000000000000000 0.00000000000000000 -1.00000000000000000 0.00000000000000000 8.50000000000000000
2 170.00000000000000000 27.17052369792138933 -65.59544680830134666 1.00000000000000000 0.00000000000000000 -0.00000000000000000 0.00000000000000000 0.00000000000000000 1.00000000000000000 0.00000000000000000 -1.00000000000000000 0.00000000000000000 8.50000000000000000
1 142.00000000000000000 28.65586247993651625 -57.22623127142801991 1.00000000000000000 0.00000000000000000 0.00000000000000000 
2 161.88749999999998863 27.17052369792138933 -65.59544680830134666 1.00000000000000000 0.00000000000000000 -0.00000000000000000 0.00000000000000000 0.00000000000000000 1.00000000000000000 0.00000000000000000 -1.00000000000000000 0.00000000000000000 8.50000000000000000
2 170.00000000000000000 27.17052369792138933 -65.59544680830134666 1.00000000000000000 0.00000000000000000 -0.00000000000000000 0.00000000000000000 0.00000000000000000 1.00000000000000000 0.00000000000000000 -1.00000000000000000 0.00000000000000000 8.50000000000000000
2 170.00000000000000000 0.00000000000000000 0.00000000000000000 1.00000000000000000 0.00000000000000000 -0.00000000000000000 0.00000000000000000 0.00000000000000000 1.00000000000000000 0.00000000000000000 -1.00000000000000000 0.00000000000000000 64.00000000000000000
1 142.00000000000000000 57.22623127142802701 -28.65586247993648783 1.00000000000000000 0.00000000000000000 0.00000000000000000 
1 161.88749999999998863 65.59544680830136087 -18.67052369792135735 1.00000000000000000 0.00000000000000000 0.00000000000000000 
2 161.88749999999998863 65.59544680830136087 -27.17052369792135735 1.00000000000000000 0.00000000000000000 -0.00000000000000000 0.00000000000000000 0.00000000000000000 1.00000000000000000 0.00000000000000000 -1.00000000000000000 0.00000000000000000 8.50000000000000000
2 170.00000000000000000 65.59544680830136087 -27.17052369792135735 1.00000000000000000 0.00000000000000000 -0.00000000000000000 0.00000000000000000 0.00000000000000000 1.00000000000000000 0.00000000000000000 -1.00000000000000000 0.00000000000000000 8.50000000000000000
2 170.00000000000000000 65.59544680830136087 -27.17052369792135735 1.00000000000000000 0.00000000000000000 -0.00000000000000000 0.00000000000000000 0.00000000000000000 1.00000000000000000 0.00000000000000000 -1.00000000000000000 0.00000000000000000 8.50000000000000000
2 170.00000000000000000 65.59544680830136087 -27.17052369792135735 1.00000000000000000 0.00000000000000000 -0.00000000000000000 0.00000000000000000 0.00000000000000000 1.00000000000000000 0.00000000000000000 -1.00000000000000000 0.00000000000000000 8.50000000000000000
2 170.00000000000000000 65.59544680830136087 -27.17052369792135735 1.00000000000000000 0.00000000000000000 -0.00000000000000000 0.00000000000000000 0.00000000000000000 1.00000000000000000 0.00000000000000000 -1.00000000000000000 0.00000000000000000 8.50000000000000000
1 142.00000000000000000 60.72781087408868217 -20.20230151346414971 1.00000000000000000 0.00000000000000000 0.00000000000000000 
2 170.00000000000000000 0.00000000000000000 0.00000000000000000 1.00000000000000000 0.00000000000000000 -0.00000000000000000 0.00000000000000000 0.00000000000000000 1.00000000000000000 0.00000000000000000 -1.00000000000000000 0.00000000000000000 64.00000000000000000
1 142.00000000000000000 60.72781087408868217 20.20230151346416392 1.00000000000000000 0.00000000000000000 0.00000000000000000 
1 161.88749999999998863 65.59544680830137509 35.67052369792138222 1.00000000000000000 0.00000000000000000 0.00000000000000000 
2 161.88749999999998863 65.59544680830136087 27.17052369792137512 1.00000000000000000 0.00000000000000000 -0.00000000000000000 0.00000000000000000 0.00000000000000000 1.00000000000000000 0.00000000000000000 -1.00000000000000000 0.00000000000000000 8.50000000000000000
2 170.00000000000000000 65.59544680830136087 27.17052369792137512 1.00000000000000000 0.00000000000000000 -0.00000000000000000 0.00000000000000000 0.00000000000000000 1.00000000000000000 0.00000000000000000 -1.00000000000000000 0.00000000000000000 8.50000000000000000
2 170.00000000000000000 65.59544680830136087 27.17052369792137512 1.00000000000000000 0.00000000000000000 -0.00000000000000000 0.00000000000000000 0.00000000000000000 1.00000000000000000 0.00000000000000000 -1.00000000000000000 0.00000000000000000 8.50000000000000000
2 161.88749999999998863 65.59544680830136087 27.17052369792137512 1.00000000000000000 0.00000000000000000 -0.00000000000000000 0.00000000000000000 0.00000000000000000 1.00000000000000000 0.00000000000000000 -1.00000000000000000 0.00000000000000000 8.50000000000000000
2 170.00000000000000000 65.59544680830136087 27.17052369792137512 1.00000000000000000 0.00000000000000000 -0.00000000000000000 0.00000000000000000 0.00000000000000000 1.00000000000000000 0.00000000000000000 -1.00000000000000000 0.00000000000000000 8.50000000000000000
2 170.00000000000000000 65.59544680830136087 27.17052369792137512 1.00000000000000000 0.00000000000000000 -0.00000000000000000 0.00000000000000000 0.00000000000000000 1.00000000000000000 0.00000000000000000 -1.00000000000000000 0.00000000000000000 8.50000000000000000
1 142.00000000000000000 57.22623127142802701 28.65586247993650204 1.00000000000000000 0.00000000000000000 0.00000000000000000 
2 170.00000000000000000 0.00000000000000000 0.00000000000000000 1.00000000000000000 0.00000000000000000 -0.00000000000000000 0.00000000000000000 0.00000000000000000 1.00000000000000000 0.00000000000000000 -1.00000000000000000 0.00000000000000000 64.00000000000000000
7 0 0  8 16 3  171.55384773215402561 0.00000000000001494 64.00000000000000000  171.93237951730390023 2.31250225904774132 64.00000000000000000  172.28562295156876871 4.64286603341164739 63.90450618445158426  172.59873009025179158 6.99901557715128764 63.71093505979861504  172.85401809693448172 9.38260505007855272 63.41405490756363150  173.02975629776935307 11.79015748621142023 63.00803909344450204  173.09942676571046150 14.21340015810699953 62.48780929424632546  173.03086919963078572 16.63893208043392491 61.85069731635138623  172.63987494499122022 20.45736773305701917 60.66035155851519534  172.43348236658161454 21.87076550572029632 60.17892784963654407  172.15675035092803569 23.27324091956309005 59.65859953071614541  171.80216327622036943 24.65234412768191774 59.10380924198235419  171.36319942399805427 25.99693311269656348 58.52044220178420630  170.83446211060740438 27.29692580800232804 57.91573268847842115  170.21179893450027976 28.54308573194899878 57.29815868481149721  169.49242190247034046 29.72683247737523615 56.67729202125018872 
 0.00000000000000000 9 0.63066749472607952 7 1.00000000000000000 9
1 152.99999999999997158 -28.87830165838181529 64.86172749262468074 0.00000000000000000 0.91354545764260098 0.40673664307580021 
2 153.00000000000000000 61.01874966214698759 82.99374789505677086 -0.00000000000000000 0.91354545764260098 0.40673664307580021 0.00000000000000000 -0.40673664307580021 0.91354545764260098 1.00000000000000000 0.00000000000000000 0.00000000000000000 20.00000000000000000
7 0 0  8 51 8  153.00000000000000000 -17.95388687521580096 69.72559032429882109  151.64984237885718699 -17.95388687521580096 69.72559032429882109  150.29949208836552543 -17.89219229136103806 69.63903334548021462  148.95932636106294922 -17.76877147279325797 69.46587659569455298  147.63952390288432071 -17.58359591612147099 69.20765744966215038  146.35009212270205126 -17.33654246990903403 68.86738762491732757  145.10082571686743336 -17.02739345695512796 68.44966903436773009  143.90126949817783952 -16.65567493438130597 67.96098187480421871  142.47809399649383977 -16.11317159773279784 67.27401651915791092  142.19928982309232879 -16.00165097219511168 67.13390153888920509  141.92422875154991857 -15.88625374820882108 66.99012723375130918  141.65304686914117838 -15.76697121879050911 66.84283994429250697  141.38587829423565267 -15.64379459062920930 66.69219611673894121  141.12285471415421512 -15.51671527680910856 66.53836285991876309  140.86410492302596253 -15.38572518953236212 66.38151850218625327  140.31758963790107941 -15.09585215469719621 66.03845043416804117  140.03122985761939390 -14.93571772032187006 65.85132593350175512  139.75086503287900541 -14.77040336481504568 65.66076754033606733  139.47668062293263347 -14.59990033375160401 65.46708495385182403  139.20885554137566942 -14.42420333802343713 65.27061007866321063  138.94756016531582077 -14.24331240868069060 65.07169742505892884  138.69295434454284077 -14.05723475177305559 64.87072450924370060  137.97853942670190008 -13.50579140398768807 64.28645632018518086  137.53605430164151358 -13.12718647130107108 63.89885978785678589  137.11882842829572837 -12.73034646367610989 63.50805591109337200  136.72773146304461989 -12.31556601196773215 63.11705728039789420  136.36335484047060618 -11.88330234897739679 62.72910752467299034  136.02594242893925980 -11.43426112692615426 62.34758003977000840  135.71533826597698180 -10.96950793731481433 61.97580309650034991  135.24902004337155859 -10.18410576380721722 61.38707535892903167  135.07778367287966148 -9.87178814521511860 61.16255068839758025  134.91714054436175729 -9.55404132327220701 60.94403656270716851  134.76685085770438377 -9.23129608895841258 60.73224425137586735  134.62659067351637532 -8.90400822877988496 60.52777570250689365  134.49596958742088759 -8.57265680940964536 60.33111080587990926  134.37454907422767292 -8.23774041109586364 60.14260261718375489  134.13647131553577196 -7.52370491868630964 59.76205435648197550  134.02188334366411482 -7.14382733767445188 59.57199448065333769  133.91744265893572674 -6.76080344649645504 59.39260065771619423  133.82243243062828242 -6.37524994665862010 59.22395051108573227  133.73612047017013538 -5.98772633526964349 59.06593438444910049  133.65779284502397672 -5.59872728496915162 58.91829258048100115  133.58677456101526104 -5.20867642999440772 58.78065499960687390  133.42332054143150799 -4.21593184561382905 58.45527810544139413  133.34007717820620087 -3.61237076472352481 58.28070811026947240  133.27036545343497664 -3.00829360410634550 58.12718114785869972  133.21218026852321259 -2.40450203523688799 57.99270378133271464  133.16387770487898479 -1.80155768040103803 57.87523971331609829  133.12412997282649485 -1.19979183169702530 57.77285105321208647  133.09186047211116488 -0.59931125342734104 57.68375863283312555  133.06620863527874121 0.00000000000000000 57.60635768239684751 
 0.00000000000000000 9 0.29593284512646412 7 0.36919441990115037 7 0.45334775270287658 7 0.61184145157988279 7 0.71326866701496916 7 0.82612918216630316 7 1.00000000000000000 9
1 142.82369916445000513 -27.74656397763676807 62.31980304325822573 0.00000000000000000 0.91354545764260098 0.40673664307580021 
7 0 0  4 8 3  141.84825062710794441 -0.00000000000000178 74.00000000000000000  141.96799656760663311 -0.19775185769607284 74.00000000000000000  142.08877347172403915 -0.39468017385760157 73.99929539605727769  142.21060612442377646 -0.59075676836704127 73.99789936265777612  142.45446030121854619 -0.97798701049408554 73.99378639328325846  142.57644705638702476 -1.16916896884643817 73.99109115478803744  142.69951489734160077 -1.35946052416296959 73.98775398976238193  142.82369976444999793 -1.54882169087772770 73.98378978783033233 
 0.00000000000000000 5 0.50406843120401412 3 1.00000000000000000 5
7 0 0  7 56 10  142.82369976444999793 46.40613753392716490 57.64087437905708100  142.43741349461922141 46.20625378517678428 57.80179894578567001  142.05620988622717960 45.99598966535980793 57.96974780569095032  141.68054552238979227 45.77529539966011640 58.14452756678229406  141.31085990423042631 45.54413118089642865 58.32592202045951524  140.94757550654836109 45.30246756752813297 58.51369379116082570  140.59109783348702649 45.05028588166094039 58.70758598601083378  139.63172027695614474 44.32870502738295215 59.25620807785204391  139.04325170067957629 43.83747252517662218 59.62311405647486851  138.47932529718426053 43.31438478375809353 60.00615194443547296  137.94243747631955443 42.76023040300056266 60.40317355146051170  137.43466085119564468 42.17608301270029614 60.81184919072217809  136.95763958340651811 41.56330138595088641 61.22974453665569428  136.20603213214175753 40.48285642158435849 61.94689729841083192  135.91479443239740021 40.02959167243677285 62.24246138535686867  135.63930124278178369 39.56438120475239373 62.54022159634813960  135.37986633839736328 39.08794877916167110 62.83930290039783273  135.13668947279163035 38.60109737002611752 63.13883432491297754  134.90985819506215648 38.10471051821624400 63.43795989780850419  134.60592064733563689 37.37564104384599517 63.86806058417683118  134.51570281215151681 37.14983044868536410 64.00003397190333487  134.42868918558176006 36.92239290993040157 64.13170470949116009  134.34486956767412380 36.69340181461671335 64.26300893825712990  134.26423053435081556 36.46293292529277608 64.39388398414432402  134.18675543740891953 36.23106438002001539 64.52426835772224933  133.99574837792411586 35.63184635768684672 64.85789879870816321  133.88682721086749439 35.26259145852780108 65.06032415336433417  133.78556203826269666 34.89036091182676103 65.26118068454049137  133.69184202834892972 34.51541248257202454 65.46027941447053422  133.60554449150629353 34.13801282759119005 65.65743997060778270  133.52653498906960294 33.75843753933345681 65.85249103499582191  133.32065424409424281 32.66564142184903119 66.40475199314082033  133.21152002179130136 31.94797576877959600 66.75621427001956931  133.12616152824364235 31.22515391427540976 67.09895806103482130  133.06346628105021068 30.49836334817157635 67.43238573087634791  133.02231118102253049 29.76879910712056088 67.75599676731316379  133.00156113080967657 29.03766351540636137 68.06938297634171420  132.99590191029329844 26.26580604998783741 69.21693461527867441  133.14155687747609136 24.22341431358884023 69.97927484056596370  133.41189614232337135 22.19187571145483773 70.65793054621200042  133.78696816780515633 20.18022041957522461 71.25535856832971149  134.25111851871145063 18.19427195306089118 71.77560784633099900  134.79255330377037581 16.23737097795451945 72.22327876868969554  135.82141740868183888 12.99147518778458554 72.86309746646028884  136.27217826591444805 11.68618595011898442 73.09131613933773508  136.75275098764308268 10.39587686008832534 73.28908832902109793  137.26125487668747382 9.12091668809508427 73.45785482878753214  137.79645531441408934 7.86170396941326199 73.59894669939009759  138.35765687238964006 6.61902120169263775 73.71360715918989115  139.32585822153311028 4.59914356745853414 73.86124790310267940  139.71779908409911286 3.81180878797195444 73.90874246470635001  140.12064839405633165 3.03230936142137875 73.94601059736817206  140.53474546869958317 2.26067204576948821 73.97341494212045632  140.96047180308045199 1.49732453325428949 73.99129126218937813  141.39820005942476655 0.74322632939284095 74.00000000000000000  141.84825062710794441 0.00000000000001794 74.00000000000000000 
 0.00000000000000000 8 0.06183524279280464 6 0.16984351645930973 6 0.24423932702180740 6 0.27725807314014961 6 0.32908697892220984 6 0.42573362559548494 6 0.69530927805243015 6 0.88001490774744295 6 1.00000000000000000 8
1 142.82369916445000513 -13.74057361609485639 30.86183363628708065 0.00000000000000000 0.91354545764260098 0.40673664307580021 
7 0 0  7 50 9  133.06620863527874121 0.00000000000000000 57.60635768239685461  133.02134199858701891 1.04823215773725575 57.47097867053491882  132.99716836891656158 2.09217491622128859 57.37219461562570189  132.98871635772303534 3.13223602492833386 57.30075444970822218  132.99343429441444187 4.16881561466166950 57.24966610389588340  133.00978450091523086 5.20238982234461211 57.21370974867335946  133.03693931552899699 6.23360907768341299 57.18884351004125932  133.12465296587686225 8.63569892129892835 57.14934343340170386  133.19329997338101634 10.00487653303767210 57.14087459284378667  133.27959512849602675 11.37225356637650364 57.13901941051128830  133.38404476900723239 12.73858371774250031 57.13903293672658634  133.50768320191272664 14.10431808500333872 57.13748979734465649  133.65205174099105534 15.46968367767934183 57.13190278531955357  133.96941374997487628 18.06236718118234919 57.11005546322697768  134.13805157619509600 19.28965670597493798 57.09492703487584464  134.32650263155912285 20.51664137656021580 57.07365912484871018  134.53650589866984433 21.74312729378302933 57.04530013512687958  134.77007375355282193 22.96872966112877634 57.00916929039630077  135.02955825504011500 24.19287993791323288 56.96478234012560904  135.53687776265570619 26.34350355508123798 56.87159612609569592  135.77255386057839814 27.27086614140390353 56.82641388741642885  136.02608352995525820 28.19658678777263816 56.77615557167943194  136.29887638647750236 29.12021181536940162 56.72074802167924190  136.59251777287417440 30.04114583694092033 56.66017557816648065  136.90884209090026502 30.95863886701780743 56.59448194963540146  137.58515449482430881 32.76848237545650733 56.45434255168783722  137.94419857048316658 33.66083407725825793 56.38008714200341842  138.32933305367862431 34.54807558848397520 56.30110773092648202  138.74297282398714515 35.42904780548613530 56.21757704159838198  139.18792998558294016 36.30213567877140690 56.12976660330538436  139.66748821310230255 37.16524560907347308 56.03806918605877030  140.59486725362535253 38.68615790184993841 55.86811645615296840  141.02778074948244580 39.34849843094774258 55.79115073462383378  141.48697718509660604 40.00150617432412048 55.71240276005572412  141.97486439367361299 40.64334960135539632 55.63223552748137024  142.49413314525773444 41.27145414772656551 55.55115407433933683  143.04777777450203757 41.88249197527492385 55.46983084065709591  144.14290854323283497 42.97323937499657376 55.32060199082484786  144.67330853766762289 43.45844682019258443 55.25257523859887243  145.23358765941259207 43.92537895364277034 55.18559666578278922  145.82610374287261834 44.37024376216287180 55.12041003841528664  146.45280249304579456 44.78786440742923958 55.05803049765395230  147.11506300524519020 45.17179812916380399 54.99973801382255090  148.47437673190225382 45.83874713496400233 54.89715171858008347  149.16840956589780376 46.12645661436744149 54.85221534819481803  149.89401334264888987 46.36996458367896423 54.81367419914754890  150.64761272361133138 46.56104308312403361 54.78311700546278473  151.42319619126109842 46.69208900680171581 54.76205518345146572  152.21176682993655049 46.75756260226349781 54.75153275932473917  153.00000000000000000 46.75756260226349781 54.75153275932473917 
 0.00000000000000000 8 0.13871736271653795 6 0.32358873078788369 6 0.48984568468786632 6 0.61620390544342629 6 0.74029218254536799 6 0.83813612548344474 6 0.92130509083839363 6 1.00000000000000000 8
1 170.00000000000000000 -16.45833235682153273 36.96601971055881108 0.00000000000000000 0.91354545764260098 0.40673664307580021 
7 0 0  8 135 20  172.18878438275302756 27.17052369792139288 74.09544680830138930  172.13454209611589363 26.71666244806205981 74.09544680830138930  172.08608231614462625 26.26742749824409628 74.06775087054228379  172.04438264515385981 25.82391782220078369 74.01334610908190825  172.01021118540123211 25.38713003975875893 73.93307859323184061  171.98413815826680207 24.95799227754294236 73.82766561209930956  171.96654416683821864 24.53739854772435791 73.69770612714799540  171.95762510190104422 24.12624364481085237 73.54368941277753891  171.95721152237879892 23.40995611300606072 73.22612429936259559  171.96241328680997640 23.10098891338591187 73.07162639379176028  171.97299818758799006 22.79901858684897675 72.90272129393872547  171.98889429312202992 22.50452408795970172 72.71958979013173519  172.00995727338374763 22.21801024477642983 72.52238544391202879  172.03596913602120821 21.94001630300964933 72.31123969464805157  172.06663696247230178 21.67112447018010357 72.08626696614962270  172.12324011850159877 21.25146543114258435 71.69973749911578409  172.14653315690819113 21.09469429741906410 71.54663883883496567  172.17138588199011906 20.94178559843555831 71.38827842967803861  172.19770265096622097 20.79288356559781903 71.22465960143600228  172.22537652437861766 20.64814622563431357 71.05578420974910614  172.25428873488905879 20.50774550434229582 70.88165246940366160  172.28430815607464410 20.37186733033384556 70.70226278762865491  172.35661109509140942 20.06579456365496483 70.27134939691914894  172.39964126409449818 19.89929151807123731 70.01574829139434542  172.44404827830410909 19.74163758150727688 69.75074815072080980  172.48945720995811826 19.59333957533577575 69.47628893683457818  172.53544449571188579 19.45498218279340463 69.19232242898874574  172.58153122888862185 19.32723396894859036 68.89882394903703755  172.62717645172986636 19.21085340066927216 68.59580408671746454  172.70124327629227423 19.03785495745281153 68.07679537084976573  172.73026343847902808 18.97433837771082921 67.86609089559593144  172.75865024914031665 18.91640695965408270 67.65125155833618464  172.78620950003204371 18.86433694052049148 67.43233754513087774  172.81273370355117436 18.81841902385690091 67.20942476251414632  172.83800233655509260 18.77895844087938571 66.98260493106882052  172.86178208418138524 18.74627501183361034 66.75198567900146429  172.90998484332550333 18.69036067475449059 66.23968503016834575  172.93373335981010541 18.66999288983343064 65.95615230568020593  172.95460521455697744 18.66025639461886243 65.66776251915005957  172.97213384607118769 18.66174134462423595 65.37520751015655662  172.98586213730067129 18.67497476248665578 65.07920050857134697  172.99535100301022794 18.70042379160402746 64.78047574217036697  173.00018797715546270 18.73849894977219321 64.47978804424522536  172.99974793246383342 18.85541202599353383 63.78855643097293893  172.99113390666784085 18.94281402226329192 63.39752299205192543  172.97336755172685230 19.05218249998369373 63.00818654916687933  172.94596989153546929 19.18328901772046891 62.62377183750083987  172.90882607591069586 19.33530118138331488 62.24731158355528748  172.86221314057937093 19.50681280455758326 61.88160422485555046  172.80679859626764028 19.69586061203693106 61.52917168851096363  172.69747490398776790 20.04891941467032623 60.94620231424393353  172.64722139623808062 20.20583534797732383 60.70857387466536181  172.59315427389103093 20.37001048561426231 60.47962753460361540  172.53561905380686881 20.54075654249511729 60.25961788606833380  172.47499576786717057 20.71736104194659589 60.04875633017713454  172.41169291138473341 20.89908660834315413 59.84720891896352413  172.34614139151324252 21.08517025974205694 59.65509419718472373  172.18576198427231816 21.53676683350277088 59.22025943362549327  172.08919876771034296 21.80580015658800619 58.98589259441010313  171.98996755703913664 22.08070076018909944 58.76882875263871853  171.88888503166012356 22.36041194871702942 58.56850406011449905  171.78671027736510268 22.64402380443175744 58.38435451342606086  171.68414303077659611 22.93075648794722809 58.21582714901261113  171.58182571017337636 23.21994527538831576 58.06239051415547436  171.35269612388253790 23.87719622570429578 57.74888190307061109  171.22625448230894563 24.24670216146388668 57.59714534272497133  171.10218914120807199 24.61848042611087450 57.46739283693904099  170.98155586013018592 24.99167654556326923 57.35878334785778065  170.86531701020513196 25.36560892818274837 57.27058591222773032  170.75435787693368184 25.73973215648635104 57.20218837186675387  170.64950358051331136 26.11360092741190186 57.15310561806776946  170.48464001518965460 26.74169673096298538 57.10242113505424300  170.42096690031024764 26.99621624768902706 57.09070126962848946  170.36079422274781336 27.25015857399042218 57.08772001898994120  170.30438160821071847 27.50329969206846314 57.09337631463367302  170.25197013996702822 27.75542558734682785 57.10757684236685350  170.20378114438378248 28.00633165216804699 57.13023713045622998  170.16001497646652751 28.25582208948985397 57.16128263777571306  170.07738671952154164 28.77879923819418906 57.24433713168847504  170.03959154885762928 29.05190478442594681 57.29827135268899951  170.00772918590786276 29.32263228497850704 57.36234312196441465  169.98201613934736542 29.59060466278964796 57.43643233337950704  169.96261759101147959 29.85545767705643527 57.52041093873796029  169.94964547079862882 30.11683664433435936 57.61414460422258799  169.94315754949079178 30.37439363771265377 57.71749324219278066  169.94315754949079178 30.88258867544350039 57.94375625072200364  169.94971797789730772 31.13309472372280240 58.06673839675971038  169.96283498559890290 31.37895929817476315 58.19909697307686969  169.98244950254709806 31.61984013995968112 58.34066444241774718  170.00844712464453323 31.85539469443493488 58.49126424510519229  170.04065905098320854 32.08527859587878339 58.65070828811471415  170.07886407143297447 32.30914468462976430 58.81879329176435078  170.16199730358837883 32.72076126749058744 59.15282616526361892  170.20576022674498518 32.90980205667023029 59.31705723530896535  170.25390366695822308 33.09359434229886432 59.48789370566012735  170.30622915864199740 33.27195402341192221 59.66524133640466232  170.36251766405010244 33.44468387939910059 59.84900600308215957  170.42253075961025388 33.61157396944130227 60.03909255355242180  170.48601182225888806 33.77240203194761392 60.23540366486387398  170.68309036567282533 34.22916592497696797 60.83375936672472051  170.82558586622889152 34.50702053671592751 61.25272077808231330  170.97835578524535549 34.75944680724499847 61.69470803273760851  171.13946364246999110 34.98487603765073573 62.15984477479516812  171.30678358652744464 35.18116484412839640 62.64826784592246867  171.47790226752965737 35.34552632038061404 63.15998562180865861  171.65002739842321944 35.47445030576795233 63.69469818731191424  171.92671658731285333 35.61964855365405924 64.60151541877525005  172.03286094809510587 35.66010559438627325 64.96100584775923892  172.13740241646883078 35.68370443042426388 65.32935955209920564  172.23931891240044934 35.68915813721054775 65.70580836206448794  172.33754756730183999 35.67517007644541849 66.08947211859396020  172.43100199072020473 35.64042976805227880 66.47934369405061261  172.51859317624652590 35.58360791968764403 66.87427209270892092  172.65692879583664876 35.44596442436392181 67.55800478723675440  172.71104566306141237 35.37661105902511594 67.84490709266398767  172.76104658758490018 35.29497621059290680 68.13232232901394525  172.80646118431249647 35.20091710779489347 68.41895789754292423  172.84691842865612443 35.09445592160834337 68.70356249797762871  172.88215397699545406 34.97577448881381912 68.98493348189296626  172.91201312273145163 34.84521035276673473 69.26192588049659093  172.96081149054586490 34.56172871858331064 69.80417623408459349  172.97972468933468804 34.40922235173566435 70.06881283931511462  172.99319000481298758 34.24630858895736196 70.32636850152852048  173.00131341325854351 34.07370322361151693 70.57591562946009844  173.00430164931975696 33.89226060025786325 70.81661194022932193  173.00245424677243022 33.70297107974885620 71.04771011542329973  172.99615181742609593 33.50695964347475098 71.26856863459843794  172.95067087374587800 32.61829642391297313 72.19525807150623109  172.86912781941836670 31.87272206483083892 72.78125112588908507  172.75882881963906357 31.09459915457171064 73.24603839498705327  172.63481307331099401 30.30151562266139109 73.60020398640983785  172.50850331757885670 29.50577618442299510 73.85401674728058197  172.38832903225815585 28.71563370816495109 74.01662352539194956  172.28029128891964206 27.93618903724262736 74.09544680830137509  172.18878438275299914 27.17052369792138933 74.09544680830137509 
 0.00000000000000000 9 0.07460652139165630 7 0.13333759951044952 7 0.16971150377904348 7 0.21822198288036407 7 0.25028327294280350 7 0.28832598282498095 7 0.33739307977482796 7 0.37321761719018126 7 0.42269774702359153 7 0.48494165374197812 7 0.52744481345617256 7 0.57461219279732811 7 0.62204240505262387 7 0.66437427512153413 7 0.74716657535189368 7 0.79919734831177847 7 0.83640078742774182 7 0.87349131635609067 7 1.00000000000000000 9
1 170.00000000000000000 -16.45833235682153273 36.96601971055881108 0.00000000000000000 0.91354545764260098 0.40673664307580021 
7 0 0  4 59 20  170.06506224885714573 32.20932364930284564 58.74997421322379410  170.06421268046659634 32.21085522439129534 58.74913453629835658  170.06336293364691414 32.21238667763270058 58.74829485693727804  170.06251300840278873 32.21391800898270930 58.74745517518361737  170.06084219313964923 32.21692748673341100 58.74580483878821724  170.06002131524488163 32.21840564142009811 58.74499418430610831  170.05920027105949544 32.21988368241732559 58.74418352767305862  170.05755865037650665 32.22283809673083255 58.74256300016006804  170.05673807420282628 32.22431447026863793 58.74175312928420567  170.05591733207151606 32.22579073025906382 58.74094325633914337  170.05424652838152610 32.22879514805515555 58.73929490846266077  170.05339645489578970 32.23032329769731774 58.73845643338532341  170.05254620353497330 32.23185132554486643 58.73761795617451043  170.05087522900493013 32.23485344721800772 58.73597046158506885  170.05005451811672401 32.23632754945594314 58.73516144435080122  170.04923364164397981 32.23780153822796990 58.73435242520893951  170.04756281346675451 32.24080088803943056 58.73270605996297178  170.04671284996564395 32.24232624099225575 58.73186871372571005  170.04586270909319978 32.24385147230923820 58.73103136552921910  170.04416242839837992 32.24690105346164160 58.72935701565987188  170.04331228872436554 32.24842540339885488 58.72852001398860011  170.04246197183783806 32.24994963171447182 58.72768301044540351  170.04076178500920946 32.25299640895924114 58.72600978835055940  170.03991191540092132 32.25451895811755776 58.72517356980235803  170.03906186892427854 32.25604138579605973 58.72433734947118467  170.03736157203226753 32.25908572991467338 58.72266505264928327  170.03651132167922810 32.26060764639760237 58.72182897615915920  170.03566089453059362 32.26212944135632910 58.72099289797208144  170.03398998592922453 32.26511858476481365 58.71935052020456425  170.03316951684703895 32.26658594172103989 58.71854422073989355  170.03234888334975494 32.26805318557681801 58.71773791977498291  170.03067805312605287 32.27103970189275373 58.71609659679918281  170.02982784447942777 32.27255896614997965 58.71526157468228035  170.02897745950764374 32.27407810902140284 58.71442655104007713  170.02727723585175568 32.27711454650732747 58.71275738329780580  170.02642739754014656 32.27863184137834907 58.71192323920085698  170.02557738328658843 32.28014901503351552 58.71108909366681416  170.02387725432447496 32.28318267120286578 58.70942104648304394  170.02302713971994308 32.28469915378876465 58.70858714483415497  170.02217684928828589 32.28621551514406463 58.70775324183382793  170.02050589754517773 32.28919454458467442 58.70611483013458098  170.01968524841143449 32.29065722106961545 58.70531032152635476  170.01886443563850548 32.29211978464157795 58.70450581173781757  170.01719362885191345 32.29509608505657781 58.70286851459847099  170.01634362313393467 32.29660981382051688 58.70203572716596341  170.01549344208291359 32.29812342151062410 58.70120293855183746  170.01379318259458273 32.30114958791731539 58.69953780295028167  170.01294310434414569 32.30266214676299086 58.69870545596407396  170.01209285095845303 32.30417458457800706 58.69787310788193224  170.01039268454738362 32.30719798993233383 58.69620908554809802  170.00954277180633767 32.30870895766820183 58.69537741129811081  170.00869268422539449 32.31021980448429076 58.69454573603828607  170.00694259336876257 32.31332932391727297 58.69283390103846187  170.00604256911495327 32.31492798202005190 58.69195374118231712  170.00514234905546118 32.31652650459555787 58.69107358029242505  170.00318170709130072 32.32000696819726215 58.68915704107507025  170.00212120951601946 32.32188885682651858 58.68812066236740321  170.00106044048195031 32.32377055739814153 58.68708428237729890  169.99999940000000720 32.32565206982937411 58.68604790118632764 
 0.00000000000000000 5 0.05254367308352837 3 0.10327066539271307 3 0.15394822485260362 3 0.20641528652123492 3 0.25703866499932593 3 0.30943433035022311 3 0.36180807279169802 3 0.41413246723435920 3 0.46644764345468009 3 0.51689930609359380 3 0.56914790864810605 3 0.62134129155463813 3 0.67351923983687711 3 0.72385780327397886 3 0.77596556190367405 3 0.82804554532199715 3 0.88008323540176669 3 0.93515446132233959 3 1.00000000000000000 5
7 0 0  8 58 9  170.06506224885717415 32.20932364930280301 58.74997421322375857  170.10420423887322272 32.45035367956774763 58.92739105156649515  170.15018963819295550 32.68443256841005962 59.11464553884680129  170.20275319466375663 32.91126342733988963 59.31155978449171329  170.26158187093577112 33.13052836032733239 59.51796303681567935  170.32631732024509574 33.34188725467225112 59.73368635494337298  170.39655836219802154 33.54497657187413040 59.95855728073242830  170.47186345855442369 33.73940813850182963 60.19239451069626057  170.64997708819797140 34.15266659265912352 60.73328758176759123  170.75511943785156177 34.36682390949239618 61.04479463478291734  170.86639229682387509 34.56672272653765532 61.36947496209534592  170.98296432645369691 34.75170099976515559 61.70732410295125447  171.10394382623201182 34.92093331323940930 62.05834867746263939  171.22836176946566411 35.07341239021763357 62.42253316334880253  171.35515483894167232 35.20793060424811216 62.79980667267833638  171.52605450172137580 35.36165568082112998 63.32081364765781473  171.56910107588188907 35.39807635917811268 63.45308750188847569  171.61224563914268515 35.43227002566452200 63.58683087027422687  171.65544372286720431 35.46417961909373417 63.72204086774848264  171.69864893571258335 35.49374451676747100 63.85871214520664552  171.74181296362976923 35.52090053447586371 63.99683688950613458  171.78488556986337699 35.54557992649742459 64.13640482346629312  171.88554716265124966 35.59747460426601862 64.46702313412779972  171.94302966070117122 35.62263477933798583 64.65926166812967324  172.00012656794109489 35.64301133471222727 64.85406090364573117  172.05669612579393402 35.65841620800298273 65.05135256660584275  172.11259088379694049 35.66865374451530357 65.25105776679863823  172.16765824513203142 35.67352059121904517 65.45308675157208711  172.22174101215685482 35.67280559072279544 65.65733865953399118  172.33871195280011079 35.65840783646252277 66.11332342892313818  172.40112687518126222 35.64203066934444308 66.36625788674770376  172.46154654879936174 35.61675457332728456 66.62198274965142275  172.51960728783654986 35.58221588145808312 66.87996743839552494  172.57496206250769433 35.53808963815408362 67.13967139879973445  172.62728469063165448 35.48408837695977525 67.40054280796479702  172.67627402920282975 35.41996089830376349 67.66201728049509256  172.75696985993681665 35.28754885030514998 68.12697936396038756  172.79008384232633944 35.22337054572428627 68.33036922994162410  172.82083522757594096 35.15293012699931552 68.53318471791615707  172.84908820817841502 35.07624761943265668 68.73494103471405481  172.87473641392722357 34.99338891137803387 68.93517006638604983  172.89770327117011561 34.90446558547573375 69.13342039584539123  172.91794236206249025 34.80963474988762840 69.32925732050978240  172.96049014685024758 34.56513770032506017 69.79863489216864991  172.97987192234563736 34.40973578105391084 70.06870866621673599  172.99358222313159672 34.24349709697287381 70.33142048751007280  173.00173343445868568 34.06717873122055096 70.58578925050989028  173.00454663661605537 33.88168680239833463 70.83092575253957079  173.00234282413487108 33.68807367671203679 71.06604330767153499  172.99552992158174902 33.48753645467695605 71.29046967067766616  172.94815891695276378 32.59537565460440334 72.21323579163221495  172.86621431281128025 31.85220978314810480 72.79346236823170102  172.75611052499706943 31.07724043105682910 73.25374301222940687  172.63261873418639425 30.28768608615977342 73.60457449720122725  172.50695581337200224 29.49558028767615525 73.85609078160953800  172.38741094269104792 28.70900032578508387 74.01728693763213585  172.27990541711054107 27.93296033372693543 74.09544680830137509  172.18878438275299914 27.17052369792138933 74.09544680830137509 
 0.00000000000000000 9 0.13121095574698777 7 0.29253396454500069 7 0.34661268448941351 7 0.41933978122278448 7 0.50731256938638958 7 0.57576089506889716 7 0.67377466846725453 7 1.00000000000000000 9
7 0 0  7 146 25  172.99961496422722007 18.76707399085106331 64.31793633055964676  172.99735770131647428 18.71037712524409358 64.69088768162721692  172.98744640257876881 18.67383001814754451 65.06125490732922856  172.97068977582782168 18.65659671191008329 65.42760961058448288  172.94796600756194493 18.65773648902045778 65.78859333744735238  172.92019285176570520 18.67619301546963584 66.14291873540132372  172.88829771871169783 18.71078348411291969 66.48937071165222790  172.77279805165301241 18.87330654052706080 67.59942190148855445  172.67528589670394013 19.06446307758358216 68.32735480291951546  172.57018850954713685 19.32036155258404619 69.00738483503323550  172.46484079958355551 19.63077949332030414 69.63885159583081474  172.36458479759946272 19.98803347529331376 70.22232156618647991  172.27340119279787700 20.38663707200954889 70.75872679271520838  172.19427008458703199 20.82329984422062807 71.24900758714856863  172.19422678111931191 20.82353883358687341 71.24927589548497053  172.19418348131162588 20.82377783411296335 71.24954418970848735  172.19414018516457077 20.82401684579813761 71.24981246981916172  172.19409689267860131 20.82425586864165368 71.25008073581696522  172.19405360385434278 20.82449490264277614 71.25034898770188363  172.19396545604402604 20.82498170472858945 71.25089523891249144  172.19392059732984990 20.82522947364127575 71.25117323719072715  172.19387574255009099 20.82547725453800425 71.25145122030862410  172.19383089170543144 20.82572504741796138 71.25172918826628177  172.19378604479635442 20.82597285228030870 71.25200714106367172  172.19374120182354204 20.82622066912421133 71.25228507870073713  172.19365303938022294 20.82670794977522988 71.25283152944395226  172.19360971964812279 20.82694741278614714 71.25310004355769422  172.19356640359163180 20.82718688698079035 71.25336854351867544  172.19352309121131839 20.82742637235840633 71.25363702932688170  172.19347978250766573 20.82766586891824900 71.25390550098232723  172.19343647748115700 20.82790537665957586 71.25417395848498359  172.19334984472808969 20.82838458075388388 71.25471103151137697  172.19330651700653334 20.82862427712240461 71.25497964701546039  172.19326319296834527 20.82886398468643208 71.25524824834711524  172.19321987261398021 20.82910370344521667 71.25551683550629889  172.19317655594392136 20.82934343339800165 71.25578540849299713  172.19313324295876555 20.82958317454404451 71.25605396730723839  172.19304504586438043 20.83007141747836499 71.25660084424153240  172.19300016202871006 20.83031992009735944 71.25687916130961241  172.19295528215249647 20.83056843473876896 71.25715746315329113  172.19291040623633648 20.83081696140174799 71.25743574977259698  172.19286553428082698 20.83106550008546876 71.25771402116747311  172.19282066628645111 20.83131405078909282 71.25799227733791952  172.19273555183431768 20.83178561517469163 71.25852014619667329  172.19269530460354645 20.83200862651178653 71.25876976185517719  172.19265506056203208 20.83223164752248024 71.25901936525950475  172.19261481971020089 20.83245467820617591 71.25926895640957071  172.19257458204850764 20.83267771856227313 71.25951853530543190  172.19253434757720811 20.83290076859015727 71.25976810194707411  172.19244921223139499 20.83337279593920854 71.26029619597935039  172.19240431214106479 20.83362177563743245 71.26057472035810747  172.19235941602650541 20.83387076738305765 71.26085322947069756  172.19231452388825687 20.83411977117524927 71.26113172331709222  172.19226963572691602 20.83436878701316886 71.26141020189729147  172.19222475154305130 20.83461781489597797 71.26168866521132372  172.19213650794526416 20.83510747796076501 71.26223615061334726  172.19209314826699142 20.83534811234239825 71.26250517371580884  172.19204979230289609 20.83558875796699184 71.26277418256654528  172.19200644005357503 20.83582941483376771 71.26304317716549974  172.19196309151951141 20.83607008294199048 71.26331215751272907  172.19191974670115997 20.83631076229089985 71.26358112360817643  172.19183148467126898 20.83680091687699942 71.26412883085446026  172.19178656773564740 20.83705039294853378 71.26440757094734124  172.19174165479265071 20.83729988109350373 71.26468629573051317  172.19169674584296104 20.83754938131108148 71.26496500520399024  172.19165184088711840 20.83779889360042148 71.26524369936775827  172.19160693992580491 20.83804841796068175 71.26552237822178881  172.19151866328837741 20.83853905772435411 71.26607028786101239  172.19147528734694674 20.83878017232573043 71.26633951966351788  172.19143191513552438 20.83902129819439253 71.26660873717354150  172.19138854665470717 20.83926243532959788 71.26687794039112589  172.19134518190500671 20.83950358373059331 71.26714712931627105  172.19130182088687775 20.83974474339660077 71.26741630394896276  172.19121352581106521 20.84023587666543875 71.26796443633612910  172.19116859203035119 20.84048585110448570 71.26824339302963551  172.19112366225940036 20.84073583764315529 71.26852233436969186  172.19107873649883800 20.84098583628059487 71.26880126035622709  172.19103381474914727 20.84123584701597309 71.26908017098928383  172.19098889701101029 20.84148586984843732 71.26935906626881945  172.19089903691616428 20.84198612142764517 71.26991702880674495  172.19085409456533853 20.84223635019197829 71.27019609604280959  172.19080915623297301 20.84248659106930290 71.27047514790301364  172.19076422191963616 20.84273684405877702 71.27075418438737131  172.19071929162601009 20.84298710915955510 71.27103320549585419  172.19067436535254956 20.84323738637079160 71.27131221122846227  172.19058603886796277 20.84372950719125939 71.27186076425014960  172.19054263838970087 20.84397134999593248 71.27213031256086140  172.19049924166557730 20.84421320410485379 71.27239984651728832  172.19045584869621734 20.84445506951727722 71.27266936611940196  172.19041245948204732 20.84469694623243541 71.27293887136721651  172.19036907402352199 20.84493883424956451 71.27320836226071776  172.19028072909080151 20.84543145159490152 71.27375713940594437  172.19023576989548019 20.84568218176209697 71.27403642459198352  172.19019081473581423 20.84593292406868414 71.27431569435796632  172.19014586361245733 20.84618367851381393 71.27459494870396384  172.19010091652586425 20.84643444509663368 71.27487418762993343  172.19005597347677394 20.84668522381630851 71.27515341113584668  172.18996606265653782 20.84718698856325503 71.27571203108304587  172.18992109489136055 20.84743797460824766 71.27599142750177919  172.18987613117062097 20.84768897280611100 71.27627080847793195  172.18983117149491591 20.84793998315599950 71.27655017401151838  172.18978621586487066 20.84819100565706407 71.27682952410249584  172.18974126428111049 20.84844204030845205 71.27710885875086433  172.18965133635629172 20.84894431739210319 71.27766770130764939  172.18960636002131537 20.84919555984214412 71.27794720919351334  172.18956138773958742 20.84944681445857029 71.27822670161415886  172.18951641951176157 20.84969808124054680 71.27850617856957172  172.18947145533840626 20.84994936018721745 71.27878564005973772  172.18942649522008992 20.85020065129771893 71.27906508608467107  172.18933810208335444 20.85069476673593414 71.27961450572227875  172.18929466879541224 20.85093759025560090 71.27988448036235525  172.18925123929423648 20.85118042512944925 71.28015444056462968  172.18920781358025351 20.85142327135670470 71.28042438632904521  172.18916439165406018 20.85166612893659632 71.28069431765561603  172.18912097351611123 20.85190899786837804 71.28096423454432795  172.18904032241863433 20.85236019803065233 71.28146563395050350  172.18900308845755376 20.85256852626057622 71.28169712028449112  172.18896585728401760 20.85277686284057452 71.28192859599711539  172.18892862889848061 20.85298520777016407 71.28216006108837632  172.18889140330114174 20.85319356104886523 71.28239151555827391  172.18885418049242730 20.85340192267618775 71.28262295940679394  172.17506860707135274 20.93057812004076723 71.36834133785448842  172.16170078824214329 21.00868492418283040 71.45237906819380669  172.14873010421433719 21.08790647101662330 71.53496728123312209  172.13617223413530155 21.16821922459474692 71.61610519499910765  172.12404193607042657 21.24960034708363921 71.69579154796365117  172.11235304700315396 21.33202769876353955 71.77402459904392629  172.06148808982032961 21.70986073500895230 72.12163805732335220  172.02750509459389150 22.01703942199847930 72.37440498579198334  171.99974669981881448 22.33602476602387199 72.60894652832850227  171.97864208497202299 22.66592639058204739 72.82508121345743746  171.96447563501490663 23.00593209003540807 73.02258963007695058  171.95739016906458119 23.35528524400725203 73.20120157462800137  171.95739016906458119 24.00207152167633495 73.48916937871022981  171.96200198242064516 24.29644172546059977 73.60521527695722455  171.97122435960471876 24.59598282992834939 73.70855065319913990  171.98499646535222496 24.90031475217958246 73.79897845569128378  172.00319707893348209 25.20905934942889459 73.87627208562568626  172.02564379442529230 25.52183242881850234 73.94017266200694394  172.06771453829674101 26.02512601270159465 74.02004601596892996  172.08473299031464876 26.21328393663241485 74.04493062652217361  172.10309850227966422 26.40263963507387146 74.06498133996252875  172.12275442024343874 26.59311982558957865 74.08013301092789504  172.14363651106486941 26.78464783725668141 74.09031412691940943  172.16567296241018425 26.97714361066587685 74.09544680830138930  172.18878438275302756 27.17052369792137512 74.09544680830138930 
 0.00000000000000000 8 0.14387996238636394 6 0.47331555326648433 6 0.47349594656187477 6 0.47368291411665575 6 0.47386356187846035 6 0.47404433502794668 6 0.47423169681917876 6 0.47439979117601500 6 0.47458740936598998 6 0.47476868663412564 6 0.47495657163678262 6 0.47513810705574561 6 0.47532625998866257 6 0.47551454966841789 6 0.47569647662983028 6 0.47588503594089693 6 0.47607373286890620 6 0.47626256770935149 6 0.47644502214276907 6 0.47660151440763049 6 0.53440672172611636 6 0.73831699808859708 6 0.90282808156996286 6 1.00000000000000000 8
7 0 0  6 12 3  170.19901193548855645 0.00000000000001709 67.00000000000000000  170.55236195765337470 1.46377386739229198 67.00000000000000000  170.89542235510268142 2.93727057183508622 66.96162454174637446  171.22394692010752237 4.42197748365900711 66.88391721218653174  171.53327228364435086 5.91846390645881737 66.76548865775934871  171.81805214930804482 7.42644908167695750 66.60476918206316554  172.34149946073574711 10.55582746551053752 66.18320636856510930  172.57634603245855942 12.17882182027759974 65.91681860895370448  172.76932804532444266 13.81401392012590890 65.59899431384205570  172.91165193468597749 15.45975839587997314 65.22754386482317557  172.99270252627820810 17.11256883449240007 64.80069778807974501  172.99961496422719165 18.76707399085103845 64.31793633055963255 
 0.00000000000000000 7 0.48521296252300361 5 1.00000000000000000 7
7 0 0  4 5 2  169.99999940000000720 -0.81789992004086887 66.99500757310799770  170.05004643234255468 -0.61376031342342552 66.99749978519928106  170.09990961237440388 -0.40939866959424942 66.99916520962250388  170.14957086426622368 -0.20481263192729260 67.00000000000000000  170.19901193548855645 -0.00000000000000178 67.00000000000000000 
 0.00000000000000000 5 1.00000000000000000 5
1 170.00000000000000000 -25.02880523691009174 56.21561696898649529 0.00000000000000000 0.91354545764260098 0.40673664307580021 
7 0 0  5 10 3  169.49242190247034046 -12.01246112464702520 62.86255465480896021  169.67812613304576530 -10.84645244244471129 63.08536828436744059  169.87425598293060602 -9.67396373837589962 63.28139834115184215  170.07809000755682405 -8.49490005045814911 63.45053637109212019  170.28677694261742204 -7.30920249548410439 63.59253375691638155  170.71094496579826227 -4.90765412941332535 63.82311952437162006  170.92648435547499730 -3.69159094232995422 63.91092659230208284  171.14095889597291489 -2.46838331319402116 63.97007188065128247  171.35122142052875915 -1.23787175016336093 64.00000000000000000  171.55384773215402561 0.00000000000000000 64.00000000000000000 
 0.00000000000000000 6 0.49648970028102807 4 1.00000000000000000 6
7 0 0  6 27 6  153.00000000000000000 -17.95388687521581517 69.72559032429882109  153.84775314930993773 -17.95388687521581517 69.72559032429882109  154.69551315141524128 -17.92834769876472478 69.68975916356853872  155.54029947234738529 -17.87726853477084532 69.61809569861885905  156.37915318639096540 -17.80063771058157940 69.51094696072348711  157.20913583529247148 -17.69842430347472373 69.36899617792400363  158.85782516020788080 -17.44080662736667264 69.01500062376747735  159.67618580173817122 -17.28462491885223429 68.80193282587032400  160.47937463985519457 -17.10197337307577214 68.55523570688158941  161.26440725194987635 -16.89276898184259323 68.27643996823903194  162.02836433535222227 -16.65688264137036612 67.96752832446483694  163.14466273272549302 -16.26058811249999891 67.46001711451062022  163.51471502325966867 -16.12008769039377754 67.28185047893818194  163.87822450310264344 -15.97262895286413453 67.09690063005648142  164.23482810909641216 -15.81818877804065693 66.90554368787198314  164.58417212650098804 -15.65674378063162209 66.70819962836942807  165.31351698590120236 -15.29719351552629369 66.27525240088580460  165.69134034458889460 -15.09707616024258492 66.03806934607190726  166.05888845057725689 -14.88788952260647669 65.79447097870981054  166.41568014716355606 -14.66960652038760315 65.54522505181755321  166.76126386287074865 -14.44221542351571408 65.29118968659118138  167.55215296225415500 -13.88218354381607256 64.68051033119527915  167.98734153646609002 -13.54160781825455473 64.32051362023742058  168.39972796445479730 -13.18406103260707951 63.95578936332947251  168.78840264047400410 -12.80971402431308626 63.58912512015281493  169.15272240183770691 -12.41892714013123467 63.22364039641155387  169.49242250247064590 -12.01245735733646391 62.86255537470754007 
 0.00000000000000000 7 0.25529970669634228 5 0.51443404360446077 5 0.64616854330923257 5 0.79558034685983536 5 1.00000000000000000 7
2 142.82369916445000513 0.00000000000000000 0.00000000000000000 1.00000000000000000 0.00000000000000000 -0.00000000000000000 0.00000000000000000 0.00000000000000000 1.00000000000000000 0.00000000000000000 -1.00000000000000000 0.00000000000000000 69.36961897548189881
7 0 0  8 107 16  153.00000000000000000 17.95388687521578674 -69.72559032429882109  151.64984237884837626 17.95388687521578674 -69.72559032429882109  150.29949208847494901 17.89219229135123612 -69.63903334548686530  148.95932636092987877 17.76877147283097713 -69.46587659568088213  147.63952390311970930 17.58359591608230232 -69.20765744970037758  146.35009212263386758 17.33654246994852599 -68.86738762490644206  145.10082571697770959 17.02739345696611650 -68.44966903440246142  143.90126949824551161 16.65567493440178737 -67.96098187483133302  142.47809399657327845 16.11317159776432106 -67.27401651919760184  142.19928982317108535 16.00165097222777533 -67.13390153892990497  141.92422875162799301 15.88625374824260561 -66.99012723379308909  141.65304686921848543 15.76697121882536656 -66.84283994433529585  141.38587829431216392 15.64379459066509881 -66.69219611678269644  141.12285471422993055 15.51671527684605323 -66.53836285996344202  140.86410492310082532 15.38572518957041169 -66.38151850223182748  140.31758963797443585 15.09585215473785702 -66.03845043421571859  140.03122985769169873 14.93571772036388978 -65.85132593355038466  139.75086503295028706 14.77040336485850602 -65.66076754038569163  139.47668062300303404 14.59990033379660446 -65.46708495390247151  139.20885554144516050 14.42420333806996524 -65.27061007871486709  138.94756016538423182 14.24331240872864690 -65.07169742511148058  138.69295434461002969 14.05723475182237259 -64.87072450929696288  137.97853942676837846 13.50579140404351364 -64.28645632024276324  137.53605430170085810 13.12718647135547201 -63.89885978791142662  137.11882842836232044 12.73034646374446410 -63.50805591115797455  136.72773146310561287 12.31556601203516976 -63.11705728046025143  136.36335484052429479 11.88330234904359273 -62.72910752473180196  136.02594242899783694 11.43426112700603170 -62.34758003983660046  135.71533826602950512 10.96950793739413577 -61.97580309656351005  135.21311365135457550 10.12362998361532895 -61.34174346343235129  135.01061401737231904 9.74828984907285445 -61.07413371339104202  134.82326610154277091 9.36528314900706249 -60.81537018372999626  134.65062598229059176 8.97536740097425145 -60.56664952634864107  134.49207790988586453 8.57934114120360292 -60.32892642174442699  134.34688234617075864 8.17803755602993654 -60.10288863654302105  134.21422325941310305 7.77231273881437357 -59.88895700948807388  134.04087582656603672 7.18581038791603977 -59.59999828542332523  133.99068506898288433 7.00791238628575996 -59.51498330725600283  133.94261213240230290 6.82939779897606059 -59.43227734050191913  133.89658537269880867 6.65032719262410854 -59.35188285603772584  133.85253245386789445 6.47075828951612664 -59.27379373545171148  133.81038103113667148 6.29074578811320784 -59.19799611999236788  133.77005943407459654 6.11034118357712597 -59.12446925951652332  133.66070077327228205 5.59775415295837941 -58.92231726490061305  133.59583598018312500 5.26476227690561860 -58.79901396660681456  133.53646454520784914 4.93090498761874052 -58.68310663351631007  133.48216376620078449 4.59643483211280479 -58.57435924991907683  133.43253518519298950 4.26156801244396988 -58.47248913753300315  133.38720976810981256 3.92648382911549065 -58.37718350439608628  133.34584974311323435 3.59132443238278887 -58.28811302255276416  133.21458784195417024 2.42456965023111515 -57.99855430999836159  133.14359674677740486 1.59353498994537013 -57.82859812903971886  133.09037153444452883 0.76418299995209793 -57.68975715785261116  133.05148407073272665 -0.06280265873157020 -57.57688547014801372  133.02450604819185287 -0.88708654199168713 -57.48549912399181494  133.00770343469380919 -1.70866908348909341 -57.41183621948381699  132.99982400232553914 -2.52789691727694166 -57.35273271298822095  133.00021744948915625 -4.33251386614485234 -57.24861107070314858  133.01217589356622284 -5.31654483448296489 -57.20908592743128906  133.03432778444170026 -6.29820739051352074 -57.18235280816271882  133.06588615466310443 -7.27798069648322254 -57.16490947433639747  133.10647426729894960 -8.25625166331637672 -57.15403609629981219  133.15597720934937342 -9.23335966453484325 -57.14757513972156744  133.21449286986310767 -10.20962392877546421 -57.14379264249753732  133.39139343854026265 -12.75605655646433689 -57.13722069315675611  133.52450430852101704 -14.32504235041299268 -57.13644388213194958  133.68265175496108554 -15.89340699148639402 -57.13304518364549267  133.86791100916815367 -17.46156828432280150 -57.12328309147173400  134.08292948984274062 -19.02951559361989098 -57.10450546426359608  134.33097091106355947 -20.59686555632205085 -57.07484515626042310  134.61593114541503269 -22.16290675636264851 -57.03297781780241138  135.15663931377707740 -24.75042786082232027 -56.94203418553296103  135.38848555306100252 -25.77314904153218933 -56.90044059455821213  135.63960032407476319 -26.79449254752198684 -56.85299068687788804  135.91151414623925575 -27.81404176679196638 -56.79951935803380536  136.20595411909670247 -28.83122155692254296 -56.73993479864918044  136.52487837238723500 -29.84529300508296146 -56.67421617941118939  136.87055817192461404 -30.85533954997642070 -56.60241653997901778  137.53885306408756151 -32.64523276964843035 -56.46393537824445730  137.84991361593966985 -33.42695706026571401 -56.39958208814342555  138.18027553602112789 -34.20494559301663173 -56.33166970969011089  138.53141357544041057 -34.97852649367703748 -56.26029648802426664  138.90498614550654111 -35.74680490855533321 -56.18560720633776384  139.30286891280118766 -36.50865250583530752 -56.10780164830347871  139.72724938685968255 -37.26267974167726749 -56.02714585546333126  140.53851712075547198 -38.59419051191728300 -55.87842100927051092  140.91422269386842459 -39.17507506096508507 -55.81132114756579909  141.30936277199515416 -39.74910875529973708 -55.74284929183690451  141.72541964038416040 -40.31523359633784764 -55.67321875239218087  142.16400462824429951 -40.87202726301781297 -55.60270945060488401  142.62687593780268003 -41.41769359765043390 -55.53167862628271223  143.11602374209388699 -41.95002228303980729 -55.46057488694353310  144.07410791270308437 -42.90508566746908770 -55.32994052348966818  144.53472738490165739 -43.33194093845203554 -55.27032032042407650  145.01742700948662446 -43.74539089859847962 -55.21141895546933398  145.52371883963715504 -44.14325077876552683 -55.15367170817360432  146.05492429148105771 -44.52263300710021809 -55.09764486723712196  146.61212113224618747 -44.87998715681972328 -55.04403880817545769  147.19608146970517737 -45.21114838009434322 -54.99368018489136034  148.38601940666995915 -45.79577082539353938 -54.90376696056148376  148.98978167840999731 -46.05269828393716125 -54.86373800455520922  149.61749672819345847 -46.27737676316360194 -54.82832957135514818  150.26717741836475284 -46.46471511376542196 -54.79852194607949656  150.93566962314673674 -46.60978308385233504 -54.77528346903558543  151.61845721407212295 -46.70832328607255590 -54.75944613119217763  152.30935476119199734 -46.75756260226346939 -54.75153275932474628  153.00000000000000000 -46.75756260226346939 -54.75153275932474628 
 0.00000000000000000 9 0.10140852587960617 7 0.12651337119828845 7 0.15535054006251053 7 0.20966222809957030 7 0.25127693723636796 7 0.26929591721024998 7 0.30237717082453036 7 0.38446842511793955 7 0.48357583761522299 7 0.64311348310426986 7 0.74757207843692153 7 0.82917215780577047 7 0.89351279453430255 7 0.94820168341557354 7 1.00000000000000000 9
1 142.82369916445000513 27.74656397763676807 -62.31980304325822573 -0.00000000000000000 -0.91354545764260098 -0.40673664307580021 
7 0 0  8 65 10  153.00000000000000000 12.31874999999999609 -72.23451490678479558  152.27284418898551621 12.31874999999999609 -72.23451490678479558  151.54766210987924069 12.26969536000238570 -72.22328149186299129  150.83000070917319135 12.17205199685681727 -72.20092107843717599  150.12530885406883385 12.02728602490891596 -72.16822802270235115  149.43879216670603682 11.83783218574295582 -72.12665180765517903  148.77527729863601280 11.60706505282697165 -72.07820827417590692  148.13908686367491896 11.33927356650914930 -72.02531205975914474  146.74372273910074682 10.64838477000040839 -71.89894487363457642  146.00377620983095994 10.20152466537130564 -71.82388787673812658  145.31687986697482984 9.70694784416651579 -71.75041479457645721  144.68477945240152849 9.17224685511070881 -71.68382996763666881  144.10827154304359965 8.60465820288775163 -71.62938402586318887  143.58731539230083740 8.01099157486456193 -71.59195729607034764  143.12115116359757394 7.39756338966213178 -71.57574054145733555  142.18807499851257603 5.97915602824224557 -71.59429370178321506  141.75424098742101364 5.16834386231177767 -71.64342895294574021  141.40286788982672306 4.34888763865918726 -71.73738877216800347  141.12873007923388968 3.53004416641563346 -71.87979122767457341  140.92615123549464329 2.71941300949253018 -72.07128282051158408  140.78931371053400312 1.92356181689464867 -72.30933975768554944  140.71214625108538598 1.14872062394868957 -72.58840912630053310  140.65774610881686613 -0.52053265392200210 -73.28509046545005390  140.70783361122181532 -1.40627764869702609 -73.72216467930630301  140.82644162971959645 -2.25708950378943562 -74.20323782248432565  141.00614213746933956 -3.07493985663649383 -74.71966271223668343  141.24211444724343778 -3.86186874865684615 -75.26363991262044806  141.53174477527534236 -4.61988899739300862 -75.82857415896251041  141.87455577663931194 -5.35080637152321437 -76.40895721270142360  142.53651530842435591 -6.52347604647663548 -77.39157743535049860  142.82434862848145940 -6.97890130952511001 -77.78732959073722952  143.13683768752812853 -7.42323002265218523 -78.18604041666664273  143.47549437996730148 -7.85726760572510941 -78.58688587815360904  143.84229891676238822 -8.28118141770272942 -78.98869079776503099  144.23957865712065995 -8.69439124006860098 -79.38966196703378841  144.66988164460695998 -9.09544968582147284 -79.78713408502881066  145.27927010150733622 -9.60086727493089498 -80.29743186290690460  145.42617526414466056 -9.71852337097087471 -80.41693068034702208  145.57671321464232506 -9.83486189902748364 -80.53576957273128301  145.73103660305332596 -9.94984290767698987 -80.65387237517963115  145.88929790674123410 -10.06340581954478353 -80.77114177338053480  146.05164948668038960 -10.17546983366266033 -80.88745891536950694  146.21824364375595451 -10.28593432782611572 -81.00268302330775327  146.57467776139105808 -10.51261789921885992 -81.24025426852350051  146.76526821192186389 -10.62851878352887702 -81.36236409331306163  146.96129786988791466 -10.74229326574401711 -81.48284025915772588  147.16305242126369990 -10.85380533648566725 -81.60149186090281148  147.37080938565486576 -10.96287227221767147 -81.71807670626111531  147.58483810718641394 -11.06926528232973261 -81.83230071336318190  147.80539974539121317 -11.17271015622079311 -81.94381730830788513  148.26353456899153116 -11.37458136022061517 -82.16227657984070731  148.50150477530655735 -11.47299167312013424 -82.26921493357393445  148.74688101806265195 -11.56774717644358219 -82.37258492325165093  148.99987084106541602 -11.65843094917938494 -82.47187439825651722  149.26066325595385820 -11.74457946231542138 -82.56651531594259552  149.52942579924607003 -11.82568121921267412 -82.65588303956367611  149.80630158938572549 -11.90117539597885354 -82.73929563620139049  150.42305021728915904 -12.05103367613700627 -82.90525368927526983  150.76761217386311387 -12.12363522013078487 -82.98591528856516675  151.12316845706914137 -12.18656947804214497 -83.05603876414016895  151.48782388001077948 -12.23846783425418039 -83.11399924181081644  151.85970152528543053 -12.27826473187007927 -83.15851509144383158  152.23693399341897248 -12.30518750431728492 -83.18865406189814848  152.61765623978354256 -12.31874999999999609 -83.20383664107384902  153.00000000000000000 -12.31874999999999609 -83.20383664107384902 
 0.00000000000000000 9 0.10890454000222757 7 0.25110934850111216 7 0.43039003864490477 7 0.65147888718942348 7 0.79824302067445829 7 0.84341758157859481 7 0.89241136955768585 7 0.94214643660853192 7 1.00000000000000000 9
1 142.82369916445000513 6.94222607431394856 -85.00000000000000000 0.00000000000000000 0.00000000000000000 1.00000000000000000 
7 0 0  5 30 8  142.82369976444999793 6.94222695382721700 -73.67364172430704627  142.51200206892093547 6.48532323207778649 -73.71669551204163895  142.21944111545639089 6.00138904618824487 -73.75872278009079253  141.94955039983074130 5.49100261149286073 -73.79883480646745397  141.70589702005864297 4.95518820335310384 -73.83603834627601259  141.38858601807555715 4.12441797367021223 -73.88547136620739764  141.29210758109394419 3.84788899514571048 -73.90067867014906255  141.20313695582476043 3.56620842711308228 -73.91484412778144986  141.12210299340947017 3.27978301563439967 -73.92785460253415408  141.00478754622616862 2.81074076027835051 -73.94681590961859285  140.96332209398113378 2.63082930711739227 -73.95355060473772824  140.92508217869021792 2.44943941294743350 -73.95978742403590900  140.89015063033576780 2.26670916486602181 -73.96550467356793490  140.78852592534454402 1.67429971887253171 -73.98218514836763404  140.73511096318284785 1.25982861126445922 -73.99103342232238845  140.69920828570164417 0.84130019495522301 -73.99701059813074266  140.68125000000000568 0.42068501506663658 -74.00000000000000000  140.68125000000000568 -0.61021004501309584 -74.00000000000000000  140.71903365697991717 -1.21996422026195273 -73.99371104037804514  140.79448692119430575 -1.82344114791197232 -73.98114648807063531  140.90577677164742454 -2.41488294165373230 -73.96281869310988100  141.12210299340944175 -3.27978301563440411 -73.92785460253416829  141.20313695582464675 -3.56620842711281316 -73.91484412778147828  141.29210758109383050 -3.84788899514544491 -73.90067867014907677  141.38858601807561399 -4.12441797367022200 -73.88547136620739764  141.70589727728048501 -4.95518887680037068 -73.83603830620413078  141.94955057253912400 -5.49100282295862474 -73.79883478116673245  142.21944090013789719 -6.00138854426343826 -73.75872281534385877  142.51200153426157158 -6.48532244834451888 -73.71669558589238136  142.82369976444999793 -6.94222695382722232 -73.67364172430703206 
 0.00000000000000000 6 0.20483010031769738 4 0.30399552860421719 4 0.36481559949921399 4 0.49990186186370533 4 0.69584655037377541 4 0.79506341315355100 4 1.00000000000000000 6
1 165.31874999999999432 -0.00000000000000302 -85.00000000000000000 0.00000000000000000 0.00000000000000000 1.00000000000000000 
2 153.00000000000000000 0.00000000000000000 -85.00000000000000000 0.00000000000000000 0.00000000000000000 1.00000000000000000 1.00000000000000000 0.00000000000000000 0.00000000000000000 0.00000000000000000 1.00000000000000000 0.00000000000000000 12.31874999999999964
2 153.00000000000000000 -61.01874966214698759 -82.99374789505677086 0.00000000000000000 -0.91354545764260098 -0.40673664307580021 0.00000000000000000 0.40673664307580021 -0.91354545764260098 1.00000000000000000 0.00000000000000000 0.00000000000000000 21.50000000000000000
2 142.82369916445000513 0.00000000000000000 0.00000000000000000 1.00000000000000000 0.00000000000000000 -0.00000000000000000 0.00000000000000000 0.00000000000000000 1.00000000000000000 0.00000000000000000 -1.00000000000000000 0.00000000000000000 74.00000000000000000
2 142.82369916445000513 0.00000000000000000 0.00000000000000000 1.00000000000000000 0.00000000000000000 -0.00000000000000000 0.00000000000000000 0.00000000000000000 1.00000000000000000 0.00000000000000000 -1.00000000000000000 0.00000000000000000 74.00000000000000000
1 129.82369916445000513 24.30937196916216791 -69.89316443304676341 1.00000000000000000 0.00000000000000000 0.00000000000000000 
2 129.82369916445000513 0.00000000000000000 0.00000000000000000 1.00000000000000000 0.00000000000000000 -0.00000000000000000 0.00000000000000000 0.00000000000000000 1.00000000000000000 0.00000000000000000 -1.00000000000000000 0.00000000000000000 74.00000000000000000
1 129.82369916445000513 -64.83303948691205676 -35.67459867873080981 1.00000000000000000 0.00000000000000000 0.00000000000000000 
2 142.82369916445000513 0.00000000000000000 0.00000000000000000 1.00000000000000000 0.00000000000000000 -0.00000000000000000 0.00000000000000000 0.00000000000000000 1.00000000000000000 0.00000000000000000 -1.00000000000000000 0.00000000000000000 69.36961897548189881
2 142.82369916445000513 -76.73781844197847590 -34.16587801836721638 1.00000000000000000 0.00000000000000000 -0.00000000000000000 0.00000000000000000 0.00000000000000000 1.00000000000000000 0.00000000000000000 -1.00000000000000000 0.00000000000000000 12.00000000000000000
2 142.82369916445000513 0.00000000000000000 0.00000000000000000 1.00000000000000000 0.00000000000000000 -0.00000000000000000 0.00000000000000000 0.00000000000000000 1.00000000000000000 0.00000000000000000 -1.00000000000000000 0.00000000000000000 74.00000000000000000
2 142.82369916445000513 -34.16587801836722349 76.73781844197847590 1.00000000000000000 0.00000000000000000 -0.00000000000000000 0.00000000000000000 0.00000000000000000 1.00000000000000000 0.00000000000000000 -1.00000000000000000 0.00000000000000000 12.00000000000000000
2 142.82369916445000513 0.00000000000000000 0.00000000000000000 1.00000000000000000 0.00000000000000000 -0.00000000000000000 0.00000000000000000 0.00000000000000000 1.00000000000000000 0.00000000000000000 -1.00000000000000000 0.00000000000000000 74.00000000000000000
2 153.00000000000000000 0.00000000000000000 0.00000000000000000 1.00000000000000000 0.00000000000000000 -0.00000000000000000 0.00000000000000000 0.00000000000000000 1.00000000000000000 0.00000000000000000 -1.00000000000000000 0.00000000000000000 72.00000000000000000
2 169.49242250247064590 0.00000000000000000 0.00000000000000000 1.00000000000000000 0.00000000000000000 -0.00000000000000000 0.00000000000000000 0.00000000000000000 1.00000000000000000 0.00000000000000000 -1.00000000000000000 0.00000000000000000 64.00000000000000000
7 0 0  7 20 4  161.88749939999999583 -18.87211781153916945 67.43568041979129646  162.33806825994790302 -18.82648451103383280 67.22990021494983637  162.78527728549036624 -18.78378462098452317 67.00917958074516889  163.22880582201582911 -18.74538400139002192 66.77297789820741514  163.66818802485849460 -18.71286916980946202 66.52073327439531170  164.10282083214056570 -18.68807593839492043 66.25188538747187295  164.53196949496796719 -18.67317091013471142 65.96588668804147915  165.37174398122459706 -18.66843363415307522 65.36270318881271635  165.78236158666973665 -18.67826001297993699 65.04613325328284645  166.18594714738827633 -18.70277390835407161 64.71190233089242838  166.58133714430255168 -18.74494671895973497 64.35965432681416587  166.96692956757982529 -18.80830439899322215 63.98939207658238359  167.34075811138768586 -18.89694512806243765 63.60163908947917832  167.99294270913452465 -19.11231173950815077 62.86920803364679955  168.27591738004929312 -19.22874703683692843 62.53023091186901183  168.54821919851585221 -19.36763385113303215 62.18135782356043961  168.80812829245633111 -19.53175249322149654 61.82397893793270072  169.05359787710290220 -19.72393750914242005 61.46031628203510166  169.28243590152564479 -19.94680907597357589 61.09355886653209922  169.49242250247064590 -20.20230151346432734 60.72781087408861822 
 0.00000000000000000 8 0.35871369021609889 6 0.71248290279240911 6 1.00000000000000000 8
2 161.88749999999998863 0.00000000000000000 0.00000000000000000 1.00000000000000000 0.00000000000000000 -0.00000000000000000 0.00000000000000000 0.00000000000000000 1.00000000000000000 0.00000000000000000 -1.00000000000000000 0.00000000000000000 70.02662197422338863
7 0 0  7 20 4  161.88749939999999583 -34.33962443887252647 61.02882939865407508  162.33806825995750955 -34.22638347682801196 60.85105320413770613  162.78527728550906772 -34.10050380144101467 60.66478676513004586  163.22880582204402344 -33.96063732850436168 60.47061361515829248  163.66818802489569862 -33.80526490238448645 60.26925827323844942  164.10282083218621096 -33.63269220048895392 60.06162264722172495  164.53196949502233792 -33.44100002726159460 59.84885158088219015  165.37174398128749431 -33.01783464461761497 59.41898667830064795  165.78236158672618217 -32.78703759738176160 59.20208622927285091  166.18594714745520946 -32.53336670401530029 58.98308321921608410  166.58133714435530237 -32.25446907131554042 58.76382694723862699  166.96692956763999405 -31.94785347815788157 58.54681264447162192  167.34075811144316503 -31.61099225093615317 58.33530833848180208  167.99294270917877725 -30.94079809321150165 57.96968856355229605  168.27591738008837297 -30.61877288342557080 57.81232773039010198  168.54821919853776535 -30.27387454872161499 57.66384501208943192  168.80812829248142748 -29.90512011049202101 57.52718938334840004  169.05359787711196873 -29.51207645246613964 57.40593638130722809  169.28243590153198284 -29.09514580067684619 57.30419372199631312  169.49242250247064590 -28.65586247993634217 57.22623127142810517 
 0.00000000000000000 8 0.35871369022334726 6 0.71248290280049065 6 1.00000000000000000 8
2 169.49242250247064590 0.00000000000000000 0.00000000000000000 1.00000000000000000 0.00000000000000000 -0.00000000000000000 0.00000000000000000 0.00000000000000000 1.00000000000000000 0.00000000000000000 -1.00000000000000000 0.00000000000000000 64.00000000000000000
7 0 0  7 20 4  161.88749939999999583 -61.02882939865406087 34.33962443887252647  162.33806825982802025 -60.85105320418876573 34.22638347686054061  162.78527728525244811 -60.66478676523689018 34.10050380151325555  163.22880582166195040 -60.47061361532558976 33.96063732862487683  163.66818802439101432 -60.26925827346972397 33.80526490256293926  164.10282083156241129 -60.06162264751968394 33.63269220073662069  164.53196949428300400 -59.84885158124876625 33.44100002759186196  165.37174398044751911 -59.41898667874234974 33.01783464508261545  165.78236158589916727 -59.20208622971849621 32.78703759788594851  166.18594714663808531 -58.98308321966400314 32.53336670456354085  166.58133714355687971 -58.76382694768523152 32.25446907190973178  166.96692956685640752 -58.54681264491281922 31.94785347880372584  167.34075811068109374 -58.33530833891242651 31.61099225163613369  167.99294270856751154 -57.96968856389221969 30.94079809390724733  168.27591737959343732 -57.81232773065970321 30.61877288405134934  168.54821919817015896 -57.66384501228329640 30.27387454924577526  168.80812829220931803 -57.52718938348230182 29.90512011092519273  169.05359787695016394 -57.40593638137939081 29.51207645276187108  169.28243590145550002 -57.30419372202467798 29.09514580083686397  169.49242250247064590 -57.22623127142807675 28.65586247993639546 
 0.00000000000000000 8 0.35871369012019105 6 0.71248290269614012 6 1.00000000000000000 8
2 161.88749999999998863 0.00000000000000000 0.00000000000000000 1.00000000000000000 0.00000000000000000 -0.00000000000000000 0.00000000000000000 0.00000000000000000 1.00000000000000000 0.00000000000000000 -1.00000000000000000 0.00000000000000000 70.02662197422338863
7 0 0  7 20 4  161.88749939999999583 -67.43568041979125383 18.87211781153918011  162.33806825981992006 -67.22990021500825719 18.82648451104680731  162.78527728523610563 -67.00917958087067916 18.78378462100885216  163.22880582163762142 -66.77297789840886821 18.74538400142275663  163.66818802435903990 -66.52073327468205832 18.71286916984640314  164.10282083152287669 -66.25188538785394599 18.68807593843019532  164.53196949423605133 -65.96588668852926673 18.67317091016014530  165.37174398039286416 -65.36270318944755786 18.66843363413678247  165.78236158585238513 -65.04613325394649337 18.67826001293900262  166.18594714657595546 -64.71190233159337879 18.70277390828371011  166.58133714351583876 -64.35965432753833682 18.74494671885674180  166.96692956680178099 -63.98939207734608914 18.80830439884960725  167.34075811063380002 -63.60163909026999818 18.89694512787407987  167.99294270852826116 -62.86920803437305239 19.11231173925871119  168.27591737956345241 -62.53023091249072252 19.22874703658918349  168.54821919814474995 -62.18135782407264145 19.36763385089857792  168.80812829219354398 -61.82397893832000335 19.53175249301588678  169.05359787693922158 -61.46031628229822275 19.72393750898307374  169.28243590145081043 -61.09355886666242696 19.94680907588249852  169.49242250247064590 -60.72781087408863243 20.20230151346427760 
 0.00000000000000000 8 0.35871369011422954 6 0.71248290268952819 6 1.00000000000000000 8
2 169.49242250247064590 0.00000000000000000 0.00000000000000000 1.00000000000000000 0.00000000000000000 -0.00000000000000000 0.00000000000000000 0.00000000000000000 1.00000000000000000 0.00000000000000000 -1.00000000000000000 0.00000000000000000 64.00000000000000000
7 0 0  7 14 3  165.04707353972492001 -65.59544680830137509 -18.67052369792136446  165.51273928713504802 -65.25635077452965049 -18.67052369792136446  165.97016217567428953 -64.89581888966074530 -18.68630562559282637  166.41847254123752009 -64.51296962351801767 -18.72146456961144878  166.85592659844448349 -64.10734393470715986 -18.78035165230118508  167.28000519666801438 -63.67915733948910884 -18.86824361510032944  167.68758900839947046 -63.22964510758708201 -18.99130060927091179  168.30377558060317256 -62.48494919764679878 -19.25466810697500364  168.52536064881905986 -62.20214113478034079 -19.36720045110729771  168.73900362616839743 -61.91357880266706815 -19.49596634267820860  168.94369691268875044 -61.62024831383208578 -19.64247238263056516  169.13830247444246879 -61.32354904050258426 -19.80820036703310549  169.32161559511754945 -61.02531692056364676 -19.99447933384186982  169.49242250247064590 -60.72781087408861822 -20.20230151346432379 
 0.00000000000000000 8 0.62881393368064720 6 1.00000000000000000 8
7 0 0  6 7 2  161.88749939999999583 -67.43568041979126804 -18.87211781153916235  162.42958407883165250 -67.18810384234140543 -18.81721585259925078  162.96665887538856055 -66.91828690513065681 -18.76668215710360599  163.49811978285839587 -66.62518830384856017 -18.72313600077812978  164.02297021409063404 -66.30771130109455669 -18.68978237392661157  164.53985506658636950 -65.96480137958693035 -18.67052369792136446  165.04707353972492001 -65.59544680830137509 -18.67052369792136446 
 0.00000000000000000 7 1.00000000000000000 7
2 161.88749999999998863 0.00000000000000000 0.00000000000000000 1.00000000000000000 0.00000000000000000 -0.00000000000000000 0.00000000000000000 0.00000000000000000 1.00000000000000000 0.00000000000000000 -1.00000000000000000 0.00000000000000000 70.02662197422338863
7 0 0  7 20 4  161.88749939999999583 -61.02882939865406087 -34.33962443887251226  162.33806826011428370 -60.85105320407582497 -34.22638347678859816  162.78527728582022860 -60.66478676500043576 -34.10050380135341896  163.22880582250689940 -60.47061361495565990 -33.96063732835838067  163.66818802550716327 -60.26925827295824689 -33.80526490216826829  164.10282083294228528 -60.06162264686050634 -33.63269220018875671  164.53196949591824705 -59.84885158043802988 -33.44100002686142403  165.37174398230484940 -59.41898667776569454 -33.01783464405441748  165.78236158772972431 -59.20208622873250448 -32.78703759677033958  166.18594714844397231 -58.98308321867286708 -32.53336670335104230  166.58133714532348790 -58.76382694669837292 -32.25446907059583879  166.96692956858953494 -58.54681264393643403 -31.94785347737495940  167.34075811236661480 -58.33530833796000081 -31.61099225008796409  167.99294270992032807 -57.96968856313993257 -30.94079809236760781  168.27591738068383620 -57.81232773006564685 -30.61877288267256247  168.54821919899220006 -57.66384501184994349 -30.27387454807390554  168.80812829280165488 -57.52718938319071640 -29.90512010998214265  169.05359787731347865 -57.40593638121745812 -29.51207645209790797  169.28243590162315968 -57.30419372196246286 -29.09514580048608323  169.49242250247064590 -57.22623127142810517 -28.65586247993633862 
 0.00000000000000000 8 0.35871369034840805 6 0.71248290292656424 6 1.00000000000000000 8
2 169.49242250247064590 0.00000000000000000 0.00000000000000000 1.00000000000000000 0.00000000000000000 -0.00000000000000000 0.00000000000000000 0.00000000000000000 1.00000000000000000 0.00000000000000000 -1.00000000000000000 0.00000000000000000 64.00000000000000000
1 142.00000000000000000 -57.22623127142802701 -28.65586247993649494 1.00000000000000000 0.00000000000000000 0.00000000000000000 
2 170.00000000000000000 0.00000000000000000 0.00000000000000000 1.00000000000000000 0.00000000000000000 -0.00000000000000000 0.00000000000000000 0.00000000000000000 1.00000000000000000 0.00000000000000000 -1.00000000000000000 0.00000000000000000 64.00000000000000000
2 170.00000000000000000 -27.17052369792135380 -65.59544680830136087 1.00000000000000000 0.00000000000000000 -0.00000000000000000 0.00000000000000000 0.00000000000000000 1.00000000000000000 0.00000000000000000 -1.00000000000000000 0.00000000000000000 8.50000000000000000
2 170.00000000000000000 0.00000000000000000 0.00000000000000000 1.00000000000000000 0.00000000000000000 -0.00000000000000000 0.00000000000000000 0.00000000000000000 1.00000000000000000 0.00000000000000000 -1.00000000000000000 0.00000000000000000 67.00000000000000000
2 170.00000000000000000 -65.59544680830136087 -27.17052369792136801 1.00000000000000000 0.00000000000000000 -0.00000000000000000 0.00000000000000000 0.00000000000000000 1.00000000000000000 0.00000000000000000 -1.00000000000000000 0.00000000000000000 8.50000000000000000
2 175.00000000000000000 0.00000000000000000 0.00000000000000000 1.00000000000000000 0.00000000000000000 -0.00000000000000000 0.00000000000000000 0.00000000000000000 1.00000000000000000 0.00000000000000000 -1.00000000000000000 0.00000000000000000 67.00000000000000000
1 170.00000000000000000 -32.20932364930286695 -58.74997421322377278 1.00000000000000000 0.00000000000000000 0.00000000000000000 
1 170.00000000000000000 -58.74997421322377278 -32.20932364930287406 1.00000000000000000 0.00000000000000000 0.00000000000000000 
2 175.00000000000000000 -27.17052369792135380 -65.59544680830136087 1.00000000000000000 0.00000000000000000 -0.00000000000000000 0.00000000000000000 0.00000000000000000 1.00000000000000000 0.00000000000000000 -1.00000000000000000 0.00000000000000000 8.50000000000000000
1 170.00000000000000000 -18.76707399085100647 -64.31793633055963255 1.00000000000000000 0.00000000000000000 0.00000000000000000 
2 175.00000000000000000 0.00000000000000000 0.00000000000000000 1.00000000000000000 0.00000000000000000 -0.00000000000000000 0.00000000000000000 0.00000000000000000 1.00000000000000000 0.00000000000000000 -1.00000000000000000 0.00000000000000000 67.00000000000000000
1 170.00000000000000000 18.76707399085104200 -64.31793633055963255 1.00000000000000000 0.00000000000000000 0.00000000000000000 
2 170.00000000000000000 0.00000000000000000 0.00000000000000000 1.00000000000000000 0.00000000000000000 -0.00000000000000000 0.00000000000000000 0.00000000000000000 1.00000000000000000 0.00000000000000000 -1.00000000000000000 0.00000000000000000 67.00000000000000000
2 175.00000000000000000 27.17052369792138933 -65.59544680830134666 1.00000000000000000 0.00000000000000000 -0.00000000000000000 0.00000000000000000 0.00000000000000000 1.00000000000000000 0.00000000000000000 -1.00000000000000000 0.00000000000000000 8.50000000000000000
1 170.00000000000000000 32.20932364930289538 -58.74997421322375857 1.00000000000000000 0.00000000000000000 0.00000000000000000 
2 170.00000000000000000 0.00000000000000000 0.00000000000000000 1.00000000000000000 0.00000000000000000 -0.00000000000000000 0.00000000000000000 0.00000000000000000 1.00000000000000000 0.00000000000000000 -1.00000000000000000 0.00000000000000000 67.00000000000000000
1 170.00000000000000000 65.59544680830136087 -18.67052369792135735 1.00000000000000000 0.00000000000000000 0.00000000000000000 
1 170.00000000000000000 58.74997421322377278 -32.20932364930286695 1.00000000000000000 0.00000000000000000 0.00000000000000000 
2 175.00000000000000000 65.59544680830136087 -27.17052369792135735 1.00000000000000000 0.00000000000000000 -0.00000000000000000 0.00000000000000000 0.00000000000000000 1.00000000000000000 0.00000000000000000 -1.00000000000000000 0.00000000000000000 8.50000000000000000
2 175.00000000000000000 65.59544680830136087 -27.17052369792135735 1.00000000000000000 0.00000000000000000 -0.00000000000000000 0.00000000000000000 0.00000000000000000 1.00000000000000000 0.00000000000000000 -1.00000000000000000 0.00000000000000000 8.50000000000000000
1 170.00000000000000000 64.31793633055963255 -18.76707399085101002 1.00000000000000000 0.00000000000000000 0.00000000000000000 
2 170.00000000000000000 0.00000000000000000 0.00000000000000000 1.00000000000000000 0.00000000000000000 -0.00000000000000000 0.00000000000000000 0.00000000000000000 1.00000000000000000 0.00000000000000000 -1.00000000000000000 0.00000000000000000 67.00000000000000000
1 170.00000000000000000 65.59544680830137509 35.67052369792138222 1.00000000000000000 0.00000000000000000 0.00000000000000000 
1 170.00000000000000000 64.31793633055963255 18.76707399085102779 1.00000000000000000 0.00000000000000000 0.00000000000000000 
2 175.00000000000000000 65.59544680830136087 27.17052369792137512 1.00000000000000000 0.00000000000000000 -0.00000000000000000 0.00000000000000000 0.00000000000000000 1.00000000000000000 0.00000000000000000 -1.00000000000000000 0.00000000000000000 8.50000000000000000
2 175.00000000000000000 65.59544680830136087 27.17052369792137512 1.00000000000000000 0.00000000000000000 -0.00000000000000000 0.00000000000000000 0.00000000000000000 1.00000000000000000 0.00000000000000000 -1.00000000000000000 0.00000000000000000 8.50000000000000000
1 170.00000000000000000 58.74997421322377278 32.20932364930288117 1.00000000000000000 0.00000000000000000 0.00000000000000000 
2 170.00000000000000000 27.17052369792137867 65.59544680830136087 1.00000000000000000 0.00000000000000000 -0.00000000000000000 0.00000000000000000 0.00000000000000000 1.00000000000000000 0.00000000000000000 -1.00000000000000000 0.00000000000000000 8.50000000000000000
2 170.00000000000000000 0.00000000000000000 0.00000000000000000 1.00000000000000000 0.00000000000000000 -0.00000000000000000 0.00000000000000000 0.00000000000000000 1.00000000000000000 0.00000000000000000 -1.00000000000000000 0.00000000000000000 67.00000000000000000
2 153.00000000000000000 61.01874966214698759 82.99374789505677086 -0.00000000000000000 0.91354545764260098 0.40673664307580021 0.00000000000000000 -0.40673664307580021 0.91354545764260098 1.00000000000000000 0.00000000000000000 0.00000000000000000 21.50000000000000000
1 129.82369916445000513 -24.30937196916220344 69.89316443304674920 1.00000000000000000 0.00000000000000000 0.00000000000000000 
2 129.82369916445000513 0.00000000000000000 0.00000000000000000 1.00000000000000000 0.00000000000000000 -0.00000000000000000 0.00000000000000000 0.00000000000000000 1.00000000000000000 0.00000000000000000 -1.00000000000000000 0.00000000000000000 74.00000000000000000
1 129.82369916445000513 0.00000000000001812 74.00000000000000000 1.00000000000000000 0.00000000000000000 0.00000000000000000 
2 129.82369916445000513 0.00000000000000000 0.00000000000000000 1.00000000000000000 0.00000000000000000 -0.00000000000000000 0.00000000000000000 0.00000000000000000 1.00000000000000000 0.00000000000000000 -1.00000000000000000 0.00000000000000000 74.00000000000000000
1 129.82369916445000513 64.83303948691205676 35.67459867873080981 1.00000000000000000 0.00000000000000000 0.00000000000000000 
2 142.82369916445000513 0.00000000000000000 0.00000000000000000 1.00000000000000000 0.00000000000000000 -0.00000000000000000 0.00000000000000000 0.00000000000000000 1.00000000000000000 0.00000000000000000 -1.00000000000000000 0.00000000000000000 74.00000000000000000
2 142.82369916445000513 76.73781844197847590 34.16587801836721638 1.00000000000000000 0.00000000000000000 -0.00000000000000000 0.00000000000000000 0.00000000000000000 1.00000000000000000 0.00000000000000000 -1.00000000000000000 0.00000000000000000 12.00000000000000000
2 142.82369916445000513 0.00000000000000000 0.00000000000000000 1.00000000000000000 0.00000000000000000 -0.00000000000000000 0.00000000000000000 0.00000000000000000 1.00000000000000000 0.00000000000000000 -1.00000000000000000 0.00000000000000000 74.00000000000000000
2 142.82369916445000513 34.16587801836718086 -76.73781844197849011 1.00000000000000000 0.00000000000000000 -0.00000000000000000 0.00000000000000000 0.00000000000000000 1.00000000000000000 0.00000000000000000 -1.00000000000000000 0.00000000000000000 12.00000000000000000
2 142.82369916445000513 34.16587801836718086 -76.73781844197849011 1.00000000000000000 0.00000000000000000 -0.00000000000000000 0.00000000000000000 0.00000000000000000 1.00000000000000000 0.00000000000000000 -1.00000000000000000 0.00000000000000000 12.00000000000000000
2 175.00000000000000000 0.00000000000000000 0.00000000000000000 1.00000000000000000 0.00000000000000000 -0.00000000000000000 0.00000000000000000 0.00000000000000000 1.00000000000000000 0.00000000000000000 -1.00000000000000000 0.00000000000000000 67.00000000000000000
1 170.00000000000000000 32.20932364930288827 58.74997421322377278 1.00000000000000000 0.00000000000000000 0.00000000000000000 
2 175.00000000000000000 27.17052369792137867 65.59544680830136087 1.00000000000000000 0.00000000000000000 -0.00000000000000000 0.00000000000000000 0.00000000000000000 1.00000000000000000 0.00000000000000000 -1.00000000000000000 0.00000000000000000 8.50000000000000000
1 170.00000000000000000 27.17052369792137867 74.09544680830136087 1.00000000000000000 0.00000000000000000 0.00000000000000000 
2 175.00000000000000000 27.17052369792137867 65.59544680830136087 1.00000000000000000 0.00000000000000000 -0.00000000000000000 0.00000000000000000 0.00000000000000000 1.00000000000000000 0.00000000000000000 -1.00000000000000000 0.00000000000000000 8.50000000000000000
1 170.00000000000000000 18.76707399085103134 64.31793633055963255 1.00000000000000000 0.00000000000000000 0.00000000000000000 
2 175.00000000000000000 0.00000000000000000 0.00000000000000000 1.00000000000000000 0.00000000000000000 -0.00000000000000000 0.00000000000000000 0.00000000000000000 1.00000000000000000 0.00000000000000000 -1.00000000000000000 0.00000000000000000 67.00000000000000000
1 170.00000000000000000 0.00000000000001641 67.00000000000000000 1.00000000000000000 0.00000000000000000 0.00000000000000000 
2 175.00000000000000000 0.00000000000000000 0.00000000000000000 1.00000000000000000 0.00000000000000000 -0.00000000000000000 0.00000000000000000 0.00000000000000000 1.00000000000000000 0.00000000000000000 -1.00000000000000000 0.00000000000000000 67.00000000000000000
1 170.00000000000000000 -18.76707399085102423 64.31793633055963255 1.00000000000000000 0.00000000000000000 0.00000000000000000 
2 170.00000000000000000 0.00000000000000000 0.00000000000000000 1.00000000000000000 0.00000000000000000 -0.00000000000000000 0.00000000000000000 0.00000000000000000 1.00000000000000000 0.00000000000000000 -1.00000000000000000 0.00000000000000000 67.00000000000000000
2 170.00000000000000000 0.00000000000000000 0.00000000000000000 1.00000000000000000 0.00000000000000000 -0.00000000000000000 0.00000000000000000 0.00000000000000000 1.00000000000000000 0.00000000000000000 -1.00000000000000000 0.00000000000000000 64.00000000000000000
2 170.00000000000000000 -27.17052369792137156 65.59544680830136087 1.00000000000000000 0.00000000000000000 -0.00000000000000000 0.00000000000000000 0.00000000000000000 1.00000000000000000 0.00000000000000000 -1.00000000000000000 0.00000000000000000 8.50000000000000000
1 142.00000000000000000 -20.20230151346416037 60.72781087408868217 1.00000000000000000 0.00000000000000000 0.00000000000000000 
2 153.00000000000000000 0.00000000000000000 -85.00000000000000000 0.00000000000000000 0.00000000000000000 1.00000000000000000 1.00000000000000000 0.00000000000000000 0.00000000000000000 0.00000000000000000 1.00000000000000000 0.00000000000000000 7.98749999999999982
2 153.00000000000000000 -63.30261330625349103 -84.01058950274627080 0.00000000000000000 -0.91354545764260098 -0.40673664307580021 0.00000000000000000 0.40673664307580021 -0.91354545764260098 1.00000000000000000 0.00000000000000000 0.00000000000000000 21.50000000000000000
1 153.00000000000000000 -52.27391183601728386 -102.63497523437268910 0.00000000000000000 -0.91354545764260098 -0.40673664307580021 
2 142.82369916445000513 34.16587801836718086 -76.73781844197849011 1.00000000000000000 0.00000000000000000 -0.00000000000000000 0.00000000000000000 0.00000000000000000 1.00000000000000000 0.00000000000000000 -1.00000000000000000 0.00000000000000000 12.00000000000000000
1 129.82369916445000513 35.67459867873078139 -64.83303948691207097 1.00000000000000000 0.00000000000000000 0.00000000000000000 
2 129.82369916445000513 34.16587801836718086 -76.73781844197849011 1.00000000000000000 0.00000000000000000 -0.00000000000000000 0.00000000000000000 0.00000000000000000 1.00000000000000000 0.00000000000000000 -1.00000000000000000 0.00000000000000000 12.00000000000000000
2 129.82369916445000513 76.73781844197847590 34.16587801836721638 1.00000000000000000 0.00000000000000000 -0.00000000000000000 0.00000000000000000 0.00000000000000000 1.00000000000000000 0.00000000000000000 -1.00000000000000000 0.00000000000000000 12.00000000000000000
2 129.82369916445000513 0.00000000000000000 0.00000000000000000 1.00000000000000000 0.00000000000000000 -0.00000000000000000 0.00000000000000000 0.00000000000000000 1.00000000000000000 0.00000000000000000 -1.00000000000000000 0.00000000000000000 74.00000000000000000
2 129.82369916445000513 34.16587801836718086 -76.73781844197849011 1.00000000000000000 0.00000000000000000 -0.00000000000000000 0.00000000000000000 0.00000000000000000 1.00000000000000000 0.00000000000000000 -1.00000000000000000 0.00000000000000000 12.00000000000000000
2 129.82369916445000513 -34.16587801836722349 76.73781844197847590 1.00000000000000000 0.00000000000000000 -0.00000000000000000 0.00000000000000000 0.00000000000000000 1.00000000000000000 0.00000000000000000 -1.00000000000000000 0.00000000000000000 12.00000000000000000
2 129.82369916445000513 34.16587801836718086 -76.73781844197849011 1.00000000000000000 0.00000000000000000 -0.00000000000000000 0.00000000000000000 0.00000000000000000 1.00000000000000000 0.00000000000000000 -1.00000000000000000 0.00000000000000000 12.00000000000000000
2 129.82369916445000513 0.00000000000000000 0.00000000000000000 1.00000000000000000 0.00000000000000000 -0.00000000000000000 0.00000000000000000 0.00000000000000000 1.00000000000000000 0.00000000000000000 -1.00000000000000000 0.00000000000000000 74.00000000000000000
2 129.82369916445000513 -76.73781844197847590 -34.16587801836721638 1.00000000000000000 0.00000000000000000 -0.00000000000000000 0.00000000000000000 0.00000000000000000 1.00000000000000000 0.00000000000000000 -1.00000000000000000 0.00000000000000000 12.00000000000000000
2 129.82369916445000513 0.00000000000000000 0.00000000000000000 1.00000000000000000 0.00000000000000000 -0.00000000000000000 0.00000000000000000 0.00000000000000000 1.00000000000000000 0.00000000000000000 -1.00000000000000000 0.00000000000000000 64.00000000000000000
2 142.82369916445000513 -76.73781844197847590 -34.16587801836721638 1.00000000000000000 0.00000000000000000 -0.00000000000000000 0.00000000000000000 0.00000000000000000 1.00000000000000000 0.00000000000000000 -1.00000000000000000 0.00000000000000000 12.00000000000000000
2 129.82369916445000513 -76.73781844197847590 -34.16587801836721638 1.00000000000000000 0.00000000000000000 -0.00000000000000000 0.00000000000000000 0.00000000000000000 1.00000000000000000 0.00000000000000000 -1.00000000000000000 0.00000000000000000 12.00000000000000000
1 129.82369916445000513 -76.73781844197846169 -22.16587801836721994 1.00000000000000000 0.00000000000000000 0.00000000000000000 
2 142.82369916445000513 0.00000000000000000 0.00000000000000000 1.00000000000000000 0.00000000000000000 -0.00000000000000000 0.00000000000000000 0.00000000000000000 1.00000000000000000 0.00000000000000000 -1.00000000000000000 0.00000000000000000 74.00000000000000000
1 129.82369916445000513 -69.89316443304674920 -24.30937196916219989 1.00000000000000000 0.00000000000000000 0.00000000000000000 
1 129.82369916445000513 -35.67459867873081691 64.83303948691205676 1.00000000000000000 0.00000000000000000 0.00000000000000000 
2 142.82369916445000513 0.00000000000000000 0.00000000000000000 1.00000000000000000 0.00000000000000000 -0.00000000000000000 0.00000000000000000 0.00000000000000000 1.00000000000000000 0.00000000000000000 -1.00000000000000000 0.00000000000000000 74.00000000000000000
1 161.88749999999998863 -27.17052369792137156 74.09544680830136087 1.00000000000000000 0.00000000000000000 0.00000000000000000 
2 161.88749999999998863 -27.17052369792137156 65.59544680830136087 1.00000000000000000 0.00000000000000000 -0.00000000000000000 0.00000000000000000 0.00000000000000000 1.00000000000000000 0.00000000000000000 -1.00000000000000000 0.00000000000000000 8.50000000000000000
2 170.00000000000000000 -27.17052369792137156 65.59544680830136087 1.00000000000000000 0.00000000000000000 -0.00000000000000000 0.00000000000000000 0.00000000000000000 1.00000000000000000 0.00000000000000000 -1.00000000000000000 0.00000000000000000 8.50000000000000000
2 161.88749999999998863 -27.17052369792137156 65.59544680830136087 1.00000000000000000 0.00000000000000000 -0.00000000000000000 0.00000000000000000 0.00000000000000000 1.00000000000000000 0.00000000000000000 -1.00000000000000000 0.00000000000000000 8.50000000000000000
2 170.00000000000000000 -27.17052369792137156 65.59544680830136087 1.00000000000000000 0.00000000000000000 -0.00000000000000000 0.00000000000000000 0.00000000000000000 1.00000000000000000 0.00000000000000000 -1.00000000000000000 0.00000000000000000 8.50000000000000000
2 170.00000000000000000 -27.17052369792137156 65.59544680830136087 1.00000000000000000 0.00000000000000000 -0.00000000000000000 0.00000000000000000 0.00000000000000000 1.00000000000000000 0.00000000000000000 -1.00000000000000000 0.00000000000000000 8.50000000000000000
1 142.00000000000000000 -28.65586247993649849 57.22623127142802701 1.00000000000000000 0.00000000000000000 0.00000000000000000 
2 170.00000000000000000 0.00000000000000000 0.00000000000000000 1.00000000000000000 0.00000000000000000 -0.00000000000000000 0.00000000000000000 0.00000000000000000 1.00000000000000000 0.00000000000000000 -1.00000000000000000 0.00000000000000000 64.00000000000000000
1 142.00000000000000000 -57.22623127142802701 28.65586247993650915 1.00000000000000000 0.00000000000000000 0.00000000000000000 
1 161.88749999999998863 -65.59544680830134666 35.67052369792138222 1.00000000000000000 0.00000000000000000 0.00000000000000000 
2 161.88749999999998863 -65.59544680830136087 27.17052369792138222 1.00000000000000000 0.00000000000000000 -0.00000000000000000 0.00000000000000000 0.00000000000000000 1.00000000000000000 0.00000000000000000 -1.00000000000000000 0.00000000000000000 8.50000000000000000
2 170.00000000000000000 -65.59544680830136087 27.17052369792138222 1.00000000000000000 0.00000000000000000 -0.00000000000000000 0.00000000000000000 0.00000000000000000 1.00000000000000000 0.00000000000000000 -1.00000000000000000 0.00000000000000000 8.50000000000000000
2 170.00000000000000000 -65.59544680830136087 27.17052369792138222 1.00000000000000000 0.00000000000000000 -0.00000000000000000 0.00000000000000000 0.00000000000000000 1.00000000000000000 0.00000000000000000 -1.00000000000000000 0.00000000000000000 8.50000000000000000
2 161.88749999999998863 -65.59544680830136087 27.17052369792138222 1.00000000000000000 0.00000000000000000 -0.00000000000000000 0.00000000000000000 0.00000000000000000 1.00000000000000000 0.00000000000000000 -1.00000000000000000 0.00000000000000000 8.50000000000000000
2 170.00000000000000000 -65.59544680830136087 27.17052369792138222 1.00000000000000000 0.00000000000000000 -0.00000000000000000 0.00000000000000000 0.00000000000000000 1.00000000000000000 0.00000000000000000 -1.00000000000000000 0.00000000000000000 8.50000000000000000
2 170.00000000000000000 -65.59544680830136087 27.17052369792138222 1.00000000000000000 0.00000000000000000 -0.00000000000000000 0.00000000000000000 0.00000000000000000 1.00000000000000000 0.00000000000000000 -1.00000000000000000 0.00000000000000000 8.50000000000000000
1 142.00000000000000000 -60.72781087408868217 20.20230151346417102 1.00000000000000000 0.00000000000000000 0.00000000000000000 
1 142.00000000000000000 -60.72781087408868217 -20.20230151346415681 1.00000000000000000 0.00000000000000000 0.00000000000000000 
2 170.00000000000000000 0.00000000000000000 0.00000000000000000 1.00000000000000000 0.00000000000000000 -0.00000000000000000 0.00000000000000000 0.00000000000000000 1.00000000000000000 0.00000000000000000 -1.00000000000000000 0.00000000000000000 64.00000000000000000
1 161.88749999999998863 -65.59544680830136087 -18.67052369792136801 1.00000000000000000 0.00000000000000000 0.00000000000000000 
2 170.00000000000000000 -65.59544680830136087 -27.17052369792136801 1.00000000000000000 0.00000000000000000 -0.00000000000000000 0.00000000000000000 0.00000000000000000 1.00000000000000000 0.00000000000000000 -1.00000000000000000 0.00000000000000000 8.50000000000000000
2 170.00000000000000000 -65.59544680830136087 -27.17052369792136801 1.00000000000000000 0.00000000000000000 -0.00000000000000000 0.00000000000000000 0.00000000000000000 1.00000000000000000 0.00000000000000000 -1.00000000000000000 0.00000000000000000 8.50000000000000000
2 170.00000000000000000 -65.59544680830136087 -27.17052369792136801 1.00000000000000000 0.00000000000000000 -0.00000000000000000 0.00000000000000000 0.00000000000000000 1.00000000000000000 0.00000000000000000 -1.00000000000000000 0.00000000000000000 8.50000000000000000
2 161.88749999999998863 -65.59544680830136087 -27.17052369792136801 1.00000000000000000 0.00000000000000000 -0.00000000000000000 0.00000000000000000 0.00000000000000000 1.00000000000000000 0.00000000000000000 -1.00000000000000000 0.00000000000000000 8.50000000000000000
2 175.00000000000000000 -27.17052369792135380 -65.59544680830136087 1.00000000000000000 0.00000000000000000 -0.00000000000000000 0.00000000000000000 0.00000000000000000 1.00000000000000000 0.00000000000000000 -1.00000000000000000 0.00000000000000000 8.50000000000000000
2 175.00000000000000000 -65.59544680830136087 -27.17052369792136801 1.00000000000000000 0.00000000000000000 -0.00000000000000000 0.00000000000000000 0.00000000000000000 1.00000000000000000 0.00000000000000000 -1.00000000000000000 0.00000000000000000 8.50000000000000000
2 175.00000000000000000 0.00000000000000000 0.00000000000000000 1.00000000000000000 0.00000000000000000 -0.00000000000000000 0.00000000000000000 0.00000000000000000 1.00000000000000000 0.00000000000000000 -1.00000000000000000 0.00000000000000000 64.00000000000000000
2 175.00000000000000000 -65.59544680830136087 -27.17052369792136801 1.00000000000000000 0.00000000000000000 -0.00000000000000000 0.00000000000000000 0.00000000000000000 1.00000000000000000 0.00000000000000000 -1.00000000000000000 0.00000000000000000 8.50000000000000000
1 170.00000000000000000 -65.59544680830136087 -18.67052369792136801 1.00000000000000000 0.00000000000000000 0.00000000000000000 
2 175.00000000000000000 0.00000000000000000 0.00000000000000000 1.00000000000000000 0.00000000000000000 -0.00000000000000000 0.00000000000000000 0.00000000000000000 1.00000000000000000 0.00000000000000000 -1.00000000000000000 0.00000000000000000 67.00000000000000000
2 175.00000000000000000 -27.17052369792135380 -65.59544680830136087 1.00000000000000000 0.00000000000000000 -0.00000000000000000 0.00000000000000000 0.00000000000000000 1.00000000000000000 0.00000000000000000 -1.00000000000000000 0.00000000000000000 3.22499999999999964
2 175.00000000000000000 27.17052369792138933 -65.59544680830134666 1.00000000000000000 0.00000000000000000 -0.00000000000000000 0.00000000000000000 0.00000000000000000 1.00000000000000000 0.00000000000000000 -1.00000000000000000 0.00000000000000000 8.50000000000000000
2 175.00000000000000000 -27.17052369792135380 -65.59544680830136087 1.00000000000000000 0.00000000000000000 -0.00000000000000000 0.00000000000000000 0.00000000000000000 1.00000000000000000 0.00000000000000000 -1.00000000000000000 0.00000000000000000 8.50000000000000000
2 175.00000000000000000 0.00000000000000000 0.00000000000000000 1.00000000000000000 0.00000000000000000 -0.00000000000000000 0.00000000000000000 0.00000000000000000 1.00000000000000000 0.00000000000000000 -1.00000000000000000 0.00000000000000000 64.00000000000000000
2 175.00000000000000000 0.00000000000000000 0.00000000000000000 1.00000000000000000 0.00000000000000000 -0.00000000000000000 0.00000000000000000 0.00000000000000000 1.00000000000000000 0.00000000000000000 -1.00000000000000000 0.00000000000000000 67.00000000000000000
2 175.00000000000000000 27.17052369792138933 -65.59544680830134666 1.00000000000000000 0.00000000000000000 -0.00000000000000000 0.00000000000000000 0.00000000000000000 1.00000000000000000 0.00000000000000000 -1.00000000000000000 0.00000000000000000 3.22499999999999964
2 175.00000000000000000 0.00000000000000000 0.00000000000000000 1.00000000000000000 0.00000000000000000 -0.00000000000000000 0.00000000000000000 0.00000000000000000 1.00000000000000000 0.00000000000000000 -1.00000000000000000 0.00000000000000000 67.00000000000000000
2 175.00000000000000000 0.00000000000000000 0.00000000000000000 1.00000000000000000 0.00000000000000000 -0.00000000000000000 0.00000000000000000 0.00000000000000000 1.00000000000000000 0.00000000000000000 -1.00000000000000000 0.00000000000000000 67.00000000000000000
2 175.00000000000000000 65.59544680830136087 -27.17052369792135735 1.00000000000000000 0.00000000000000000 -0.00000000000000000 0.00000000000000000 0.00000000000000000 1.00000000000000000 0.00000000000000000 -1.00000000000000000 0.00000000000000000 3.22499999999999964
2 175.00000000000000000 0.00000000000000000 0.00000000000000000 1.00000000000000000 0.00000000000000000 -0.00000000000000000 0.00000000000000000 0.00000000000000000 1.00000000000000000 0.00000000000000000 -1.00000000000000000 0.00000000000000000 67.00000000000000000
2 175.00000000000000000 0.00000000000000000 0.00000000000000000 1.00000000000000000 0.00000000000000000 -0.00000000000000000 0.00000000000000000 0.00000000000000000 1.00000000000000000 0.00000000000000000 -1.00000000000000000 0.00000000000000000 67.00000000000000000
2 175.00000000000000000 65.59544680830136087 27.17052369792137512 1.00000000000000000 0.00000000000000000 -0.00000000000000000 0.00000000000000000 0.00000000000000000 1.00000000000000000 0.00000000000000000 -1.00000000000000000 0.00000000000000000 3.22499999999999964
2 153.00000000000000000 63.30261330625349103 84.01058950274627080 -0.00000000000000000 0.91354545764260098 0.40673664307580021 0.00000000000000000 -0.40673664307580021 0.91354545764260098 1.00000000000000000 0.00000000000000000 0.00000000000000000 21.50000000000000000
1 153.00000000000000000 52.27391183601728386 102.63497523437268910 0.00000000000000000 0.91354545764260098 0.40673664307580021 
1 129.82369916445000513 -34.16587801836722349 88.73781844197847590 1.00000000000000000 0.00000000000000000 0.00000000000000000 
2 129.82369916445000513 -34.16587801836722349 76.73781844197847590 1.00000000000000000 0.00000000000000000 -0.00000000000000000 0.00000000000000000 0.00000000000000000 1.00000000000000000 0.00000000000000000 -1.00000000000000000 0.00000000000000000 12.00000000000000000
2 142.82369916445000513 -34.16587801836722349 76.73781844197847590 1.00000000000000000 0.00000000000000000 -0.00000000000000000 0.00000000000000000 0.00000000000000000 1.00000000000000000 0.00000000000000000 -1.00000000000000000 0.00000000000000000 12.00000000000000000
2 142.82369916445000513 76.73781844197847590 34.16587801836721638 1.00000000000000000 0.00000000000000000 -0.00000000000000000 0.00000000000000000 0.00000000000000000 1.00000000000000000 0.00000000000000000 -1.00000000000000000 0.00000000000000000 12.00000000000000000
2 129.82369916445000513 76.73781844197847590 34.16587801836721638 1.00000000000000000 0.00000000000000000 -0.00000000000000000 0.00000000000000000 0.00000000000000000 1.00000000000000000 0.00000000000000000 -1.00000000000000000 0.00000000000000000 12.00000000000000000
1 129.82369916445000513 76.73781844197847590 46.16587801836721638 1.00000000000000000 0.00000000000000000 0.00000000000000000 
2 142.82369916445000513 0.00000000000000000 0.00000000000000000 1.00000000000000000 0.00000000000000000 -0.00000000000000000 0.00000000000000000 0.00000000000000000 1.00000000000000000 0.00000000000000000 -1.00000000000000000 0.00000000000000000 74.00000000000000000
1 129.82369916445000513 69.89316443304674920 24.30937196916219989 1.00000000000000000 0.00000000000000000 0.00000000000000000 
2 142.82369916445000513 0.00000000000000000 0.00000000000000000 1.00000000000000000 0.00000000000000000 -0.00000000000000000 0.00000000000000000 0.00000000000000000 1.00000000000000000 0.00000000000000000 -1.00000000000000000 0.00000000000000000 74.00000000000000000
2 175.00000000000000000 65.59544680830136087 27.17052369792137512 1.00000000000000000 0.00000000000000000 -0.00000000000000000 0.00000000000000000 0.00000000000000000 1.00000000000000000 0.00000000000000000 -1.00000000000000000 0.00000000000000000 8.50000000000000000
2 175.00000000000000000 0.00000000000000000 0.00000000000000000 1.00000000000000000 0.00000000000000000 -0.00000000000000000 0.00000000000000000 0.00000000000000000 1.00000000000000000 0.00000000000000000 -1.00000000000000000 0.00000000000000000 64.00000000000000000
2 175.00000000000000000 27.17052369792137867 65.59544680830136087 1.00000000000000000 0.00000000000000000 -0.00000000000000000 0.00000000000000000 0.00000000000000000 1.00000000000000000 0.00000000000000000 -1.00000000000000000 0.00000000000000000 8.50000000000000000
2 175.00000000000000000 0.00000000000000000 0.00000000000000000 1.00000000000000000 0.00000000000000000 -0.00000000000000000 0.00000000000000000 0.00000000000000000 1.00000000000000000 0.00000000000000000 -1.00000000000000000 0.00000000000000000 67.00000000000000000
2 175.00000000000000000 27.17052369792137867 65.59544680830136087 1.00000000000000000 0.00000000000000000 -0.00000000000000000 0.00000000000000000 0.00000000000000000 1.00000000000000000 0.00000000000000000 -1.00000000000000000 0.00000000000000000 3.22499999999999964
2 175.00000000000000000 0.00000000000000000 0.00000000000000000 1.00000000000000000 0.00000000000000000 -0.00000000000000000 0.00000000000000000 0.00000000000000000 1.00000000000000000 0.00000000000000000 -1.00000000000000000 0.00000000000000000 64.00000000000000000
2 175.00000000000000000 0.00000000000000000 0.00000000000000000 1.00000000000000000 0.00000000000000000 -0.00000000000000000 0.00000000000000000 0.00000000000000000 1.00000000000000000 0.00000000000000000 -1.00000000000000000 0.00000000000000000 64.00000000000000000
2 175.00000000000000000 -27.17052369792137156 65.59544680830136087 1.00000000000000000 0.00000000000000000 -0.00000000000000000 0.00000000000000000 0.00000000000000000 1.00000000000000000 0.00000000000000000 -1.00000000000000000 0.00000000000000000 8.50000000000000000
2 175.00000000000000000 27.17052369792137867 65.59544680830136087 1.00000000000000000 0.00000000000000000 -0.00000000000000000 0.00000000000000000 0.00000000000000000 1.00000000000000000 0.00000000000000000 -1.00000000000000000 0.00000000000000000 8.50000000000000000
1 170.00000000000000000 -27.17052369792137156 74.09544680830136087 1.00000000000000000 0.00000000000000000 0.00000000000000000 
2 175.00000000000000000 -27.17052369792137156 65.59544680830136087 1.00000000000000000 0.00000000000000000 -0.00000000000000000 0.00000000000000000 0.00000000000000000 1.00000000000000000 0.00000000000000000 -1.00000000000000000 0.00000000000000000 8.50000000000000000
2 153.00000000000000000 0.00000000000000000 -66.00000000000000000 0.00000000000000000 0.00000000000000000 1.00000000000000000 1.00000000000000000 0.00000000000000000 0.00000000000000000 0.00000000000000000 1.00000000000000000 0.00000000000000000 7.98749999999999982
1 160.98750000000001137 -0.00000000000000196 -86.00000000000000000 0.00000000000000000 0.00000000000000000 1.00000000000000000 
2 153.00000000000000000 -63.30261330625349103 -84.01058950274628501 0.00000000000000000 -0.91354545764260098 -0.40673664307580021 0.00000000000000000 0.40673664307580021 -0.91354545764260098 1.00000000000000000 0.00000000000000000 0.00000000000000000 20.00000000000000000
2 142.82369916445000513 34.16587801836718086 -76.73781844197849011 1.00000000000000000 0.00000000000000000 -0.00000000000000000 0.00000000000000000 0.00000000000000000 1.00000000000000000 0.00000000000000000 -1.00000000000000000 0.00000000000000000 4.81250000000000000
2 129.82369916445000513 0.00000000000000000 0.00000000000000000 1.00000000000000000 0.00000000000000000 -0.00000000000000000 0.00000000000000000 0.00000000000000000 1.00000000000000000 0.00000000000000000 -1.00000000000000000 0.00000000000000000 74.00000000000000000
2 129.82369916445000513 34.16587801836718086 -76.73781844197849011 1.00000000000000000 0.00000000000000000 -0.00000000000000000 0.00000000000000000 0.00000000000000000 1.00000000000000000 0.00000000000000000 -1.00000000000000000 0.00000000000000000 4.81250000000000000
2 129.82369916445000513 0.00000000000000000 0.00000000000000000 1.00000000000000000 0.00000000000000000 -0.00000000000000000 0.00000000000000000 0.00000000000000000 1.00000000000000000 0.00000000000000000 -1.00000000000000000 0.00000000000000000 74.00000000000000000
2 129.82369916445000513 0.00000000000000000 0.00000000000000000 1.00000000000000000 0.00000000000000000 -0.00000000000000000 0.00000000000000000 0.00000000000000000 1.00000000000000000 0.00000000000000000 -1.00000000000000000 0.00000000000000000 74.00000000000000000
2 129.82369916445000513 0.00000000000000000 0.00000000000000000 1.00000000000000000 0.00000000000000000 -0.00000000000000000 0.00000000000000000 0.00000000000000000 1.00000000000000000 0.00000000000000000 -1.00000000000000000 0.00000000000000000 74.00000000000000000
2 129.82369916445000513 0.00000000000000000 0.00000000000000000 1.00000000000000000 0.00000000000000000 -0.00000000000000000 0.00000000000000000 0.00000000000000000 1.00000000000000000 0.00000000000000000 -1.00000000000000000 0.00000000000000000 54.00000000000000000
2 142.82369916445000513 -76.73781844197847590 -34.16587801836721638 1.00000000000000000 0.00000000000000000 -0.00000000000000000 0.00000000000000000 0.00000000000000000 1.00000000000000000 0.00000000000000000 -1.00000000000000000 0.00000000000000000 12.00000000000000000
2 142.82369916445000513 -76.73781844197847590 -34.16587801836721638 1.00000000000000000 0.00000000000000000 -0.00000000000000000 0.00000000000000000 0.00000000000000000 1.00000000000000000 0.00000000000000000 -1.00000000000000000 0.00000000000000000 4.81250000000000000
2 129.82369916445000513 -76.73781844197847590 -34.16587801836721638 1.00000000000000000 0.00000000000000000 -0.00000000000000000 0.00000000000000000 0.00000000000000000 1.00000000000000000 0.00000000000000000 -1.00000000000000000 0.00000000000000000 12.00000000000000000
2 129.82369916445000513 -76.73781844197847590 -34.16587801836721638 1.00000000000000000 0.00000000000000000 -0.00000000000000000 0.00000000000000000 0.00000000000000000 1.00000000000000000 0.00000000000000000 -1.00000000000000000 0.00000000000000000 4.81250000000000000
2 142.82369916445000513 -34.16587801836722349 76.73781844197847590 1.00000000000000000 0.00000000000000000 -0.00000000000000000 0.00000000000000000 0.00000000000000000 1.00000000000000000 0.00000000000000000 -1.00000000000000000 0.00000000000000000 12.00000000000000000
2 129.82369916445000513 -34.16587801836722349 76.73781844197847590 1.00000000000000000 0.00000000000000000 -0.00000000000000000 0.00000000000000000 0.00000000000000000 1.00000000000000000 0.00000000000000000 -1.00000000000000000 0.00000000000000000 12.00000000000000000
2 142.82369916445000513 -34.16587801836722349 76.73781844197847590 1.00000000000000000 0.00000000000000000 -0.00000000000000000 0.00000000000000000 0.00000000000000000 1.00000000000000000 0.00000000000000000 -1.00000000000000000 0.00000000000000000 4.81250000000000000
2 175.00000000000000000 -27.17052369792137156 65.59544680830136087 1.00000000000000000 0.00000000000000000 -0.00000000000000000 0.00000000000000000 0.00000000000000000 1.00000000000000000 0.00000000000000000 -1.00000000000000000 0.00000000000000000 8.50000000000000000
1 170.00000000000000000 -32.20932364930288117 58.74997421322377278 1.00000000000000000 0.00000000000000000 0.00000000000000000 
2 170.00000000000000000 0.00000000000000000 0.00000000000000000 1.00000000000000000 0.00000000000000000 -0.00000000000000000 0.00000000000000000 0.00000000000000000 1.00000000000000000 0.00000000000000000 -1.00000000000000000 0.00000000000000000 67.00000000000000000
1 170.00000000000000000 -65.59544680830134666 35.67052369792138222 1.00000000000000000 0.00000000000000000 0.00000000000000000 
1 170.00000000000000000 -58.74997421322377278 32.20932364930288827 1.00000000000000000 0.00000000000000000 0.00000000000000000 
2 175.00000000000000000 -65.59544680830136087 27.17052369792138222 1.00000000000000000 0.00000000000000000 -0.00000000000000000 0.00000000000000000 0.00000000000000000 1.00000000000000000 0.00000000000000000 -1.00000000000000000 0.00000000000000000 8.50000000000000000
2 175.00000000000000000 -65.59544680830136087 27.17052369792138222 1.00000000000000000 0.00000000000000000 -0.00000000000000000 0.00000000000000000 0.00000000000000000 1.00000000000000000 0.00000000000000000 -1.00000000000000000 0.00000000000000000 8.50000000000000000
1 170.00000000000000000 -64.31793633055963255 18.76707399085103489 1.00000000000000000 0.00000000000000000 0.00000000000000000 
2 170.00000000000000000 0.00000000000000000 0.00000000000000000 1.00000000000000000 0.00000000000000000 -0.00000000000000000 0.00000000000000000 0.00000000000000000 1.00000000000000000 0.00000000000000000 -1.00000000000000000 0.00000000000000000 67.00000000000000000
1 170.00000000000000000 -64.31793633055963255 -18.76707399085101713 1.00000000000000000 0.00000000000000000 0.00000000000000000 
2 175.00000000000000000 -65.59544680830136087 -27.17052369792136801 1.00000000000000000 0.00000000000000000 -0.00000000000000000 0.00000000000000000 0.00000000000000000 1.00000000000000000 0.00000000000000000 -1.00000000000000000 0.00000000000000000 8.50000000000000000
2 175.00000000000000000 0.00000000000000000 0.00000000000000000 1.00000000000000000 0.00000000000000000 -0.00000000000000000 0.00000000000000000 0.00000000000000000 1.00000000000000000 0.00000000000000000 -1.00000000000000000 0.00000000000000000 64.00000000000000000
2 175.00000000000000000 -65.59544680830136087 -27.17052369792136801 1.00000000000000000 0.00000000000000000 -0.00000000000000000 0.00000000000000000 0.00000000000000000 1.00000000000000000 0.00000000000000000 -1.00000000000000000 0.00000000000000000 8.50000000000000000
2 175.00000000000000000 0.00000000000000000 0.00000000000000000 1.00000000000000000 0.00000000000000000 -0.00000000000000000 0.00000000000000000 0.00000000000000000 1.00000000000000000 0.00000000000000000 -1.00000000000000000 0.00000000000000000 64.00000000000000000
2 175.00000000000000000 0.00000000000000000 0.00000000000000000 1.00000000000000000 0.00000000000000000 -0.00000000000000000 0.00000000000000000 0.00000000000000000 1.00000000000000000 0.00000000000000000 -1.00000000000000000 0.00000000000000000 67.00000000000000000
2 175.00000000000000000 27.17052369792137867 65.59544680830136087 1.00000000000000000 0.00000000000000000 -0.00000000000000000 0.00000000000000000 0.00000000000000000 1.00000000000000000 0.00000000000000000 -1.00000000000000000 0.00000000000000000 8.50000000000000000
2 175.00000000000000000 65.59544680830136087 27.17052369792137512 1.00000000000000000 0.00000000000000000 -0.00000000000000000 0.00000000000000000 0.00000000000000000 1.00000000000000000 0.00000000000000000 -1.00000000000000000 0.00000000000000000 8.50000000000000000
2 175.00000000000000000 0.00000000000000000 0.00000000000000000 1.00000000000000000 0.00000000000000000 -0.00000000000000000 0.00000000000000000 0.00000000000000000 1.00000000000000000 0.00000000000000000 -1.00000000000000000 0.00000000000000000 64.00000000000000000
2 175.00000000000000000 65.59544680830136087 -27.17052369792135735 1.00000000000000000 0.00000000000000000 -0.00000000000000000 0.00000000000000000 0.00000000000000000 1.00000000000000000 0.00000000000000000 -1.00000000000000000 0.00000000000000000 8.50000000000000000
2 175.00000000000000000 0.00000000000000000 0.00000000000000000 1.00000000000000000 0.00000000000000000 -0.00000000000000000 0.00000000000000000 0.00000000000000000 1.00000000000000000 0.00000000000000000 -1.00000000000000000 0.00000000000000000 64.00000000000000000
2 175.00000000000000000 27.17052369792138933 -65.59544680830134666 1.00000000000000000 0.00000000000000000 -0.00000000000000000 0.00000000000000000 0.00000000000000000 1.00000000000000000 0.00000000000000000 -1.00000000000000000 0.00000000000000000 8.50000000000000000
2 175.00000000000000000 27.17052369792138933 -65.59544680830134666 1.00000000000000000 0.00000000000000000 -0.00000000000000000 0.00000000000000000 0.00000000000000000 1.00000000000000000 0.00000000000000000 -1.00000000000000000 0.00000000000000000 8.50000000000000000
2 175.00000000000000000 -27.17052369792135380 -65.59544680830136087 1.00000000000000000 0.00000000000000000 -0.00000000000000000 0.00000000000000000 0.00000000000000000 1.00000000000000000 0.00000000000000000 -1.00000000000000000 0.00000000000000000 8.50000000000000000
2 175.00000000000000000 -27.17052369792135380 -65.59544680830136087 1.00000000000000000 0.00000000000000000 -0.00000000000000000 0.00000000000000000 0.00000000000000000 1.00000000000000000 0.00000000000000000 -1.00000000000000000 0.00000000000000000 8.50000000000000000
2 175.00000000000000000 -65.59544680830136087 -27.17052369792136801 1.00000000000000000 0.00000000000000000 -0.00000000000000000 0.00000000000000000 0.00000000000000000 1.00000000000000000 0.00000000000000000 -1.00000000000000000 0.00000000000000000 8.50000000000000000
2 175.00000000000000000 0.00000000000000000 0.00000000000000000 1.00000000000000000 0.00000000000000000 -0.00000000000000000 0.00000000000000000 0.00000000000000000 1.00000000000000000 0.00000000000000000 -1.00000000000000000 0.00000000000000000 64.00000000000000000
2 175.00000000000000000 -65.59544680830136087 27.17052369792138222 1.00000000000000000 0.00000000000000000 -0.00000000000000000 0.00000000000000000 0.00000000000000000 1.00000000000000000 0.00000000000000000 -1.00000000000000000 0.00000000000000000 8.50000000000000000
2 175.00000000000000000 0.00000000000000000 0.00000000000000000 1.00000000000000000 0.00000000000000000 -0.00000000000000000 0.00000000000000000 0.00000000000000000 1.00000000000000000 0.00000000000000000 -1.00000000000000000 0.00000000000000000 64.00000000000000000
2 175.00000000000000000 -27.17052369792137156 65.59544680830136087 1.00000000000000000 0.00000000000000000 -0.00000000000000000 0.00000000000000000 0.00000000000000000 1.00000000000000000 0.00000000000000000 -1.00000000000000000 0.00000000000000000 8.50000000000000000
2 175.00000000000000000 0.00000000000000000 0.00000000000000000 1.00000000000000000 0.00000000000000000 -0.00000000000000000 0.00000000000000000 0.00000000000000000 1.00000000000000000 0.00000000000000000 -1.00000000000000000 0.00000000000000000 59.00000000000000000
2 175.00000000000000000 -65.59544680830136087 -27.17052369792136801 1.00000000000000000 0.00000000000000000 -0.00000000000000000 0.00000000000000000 0.00000000000000000 1.00000000000000000 0.00000000000000000 -1.00000000000000000 0.00000000000000000 3.22499999999999964
1 163.78749999999999432 -27.17052369792135025 -62.37044680830135235 1.00000000000000000 0.00000000000000000 0.00000000000000000 
2 163.78749999999999432 -27.17052369792135380 -65.59544680830136087 1.00000000000000000 0.00000000000000000 -0.00000000000000000 0.00000000000000000 0.00000000000000000 1.00000000000000000 0.00000000000000000 -1.00000000000000000 0.00000000000000000 3.22499999999999964
2 175.00000000000000000 0.00000000000000000 0.00000000000000000 1.00000000000000000 0.00000000000000000 -0.00000000000000000 0.00000000000000000 0.00000000000000000 1.00000000000000000 0.00000000000000000 -1.00000000000000000 0.00000000000000000 64.00000000000000000
2 175.00000000000000000 27.17052369792138933 -65.59544680830134666 1.00000000000000000 0.00000000000000000 -0.00000000000000000 0.00000000000000000 0.00000000000000000 1.00000000000000000 0.00000000000000000 -1.00000000000000000 0.00000000000000000 8.50000000000000000
1 163.78749999999999432 27.17052369792139288 -62.37044680830135235 1.00000000000000000 0.00000000000000000 0.00000000000000000 
2 163.78749999999999432 27.17052369792138933 -65.59544680830134666 1.00000000000000000 0.00000000000000000 -0.00000000000000000 0.00000000000000000 0.00000000000000000 1.00000000000000000 0.00000000000000000 -1.00000000000000000 0.00000000000000000 3.22499999999999964
2 175.00000000000000000 65.59544680830136087 -27.17052369792135735 1.00000000000000000 0.00000000000000000 -0.00000000000000000 0.00000000000000000 0.00000000000000000 1.00000000000000000 0.00000000000000000 -1.00000000000000000 0.00000000000000000 8.50000000000000000
2 175.00000000000000000 0.00000000000000000 0.00000000000000000 1.00000000000000000 0.00000000000000000 -0.00000000000000000 0.00000000000000000 0.00000000000000000 1.00000000000000000 0.00000000000000000 -1.00000000000000000 0.00000000000000000 64.00000000000000000
2 175.00000000000000000 65.59544680830136087 -27.17052369792135735 1.00000000000000000 0.00000000000000000 -0.00000000000000000 0.00000000000000000 0.00000000000000000 1.00000000000000000 0.00000000000000000 -1.00000000000000000 0.00000000000000000 8.50000000000000000
1 163.78749999999999432 65.59544680830136087 -23.94552369792135949 1.00000000000000000 0.00000000000000000 0.00000000000000000 
2 163.78749999999999432 65.59544680830136087 -27.17052369792135735 1.00000000000000000 0.00000000000000000 -0.00000000000000000 0.00000000000000000 0.00000000000000000 1.00000000000000000 0.00000000000000000 -1.00000000000000000 0.00000000000000000 3.22499999999999964
2 175.00000000000000000 65.59544680830136087 27.17052369792137512 1.00000000000000000 0.00000000000000000 -0.00000000000000000 0.00000000000000000 0.00000000000000000 1.00000000000000000 0.00000000000000000 -1.00000000000000000 0.00000000000000000 8.50000000000000000
2 175.00000000000000000 0.00000000000000000 0.00000000000000000 1.00000000000000000 0.00000000000000000 -0.00000000000000000 0.00000000000000000 0.00000000000000000 1.00000000000000000 0.00000000000000000 -1.00000000000000000 0.00000000000000000 64.00000000000000000
1 163.78749999999999432 65.59544680830137509 30.39552369792137654 1.00000000000000000 0.00000000000000000 0.00000000000000000 
2 163.78749999999999432 65.59544680830136087 27.17052369792137512 1.00000000000000000 0.00000000000000000 -0.00000000000000000 0.00000000000000000 0.00000000000000000 1.00000000000000000 0.00000000000000000 -1.00000000000000000 0.00000000000000000 3.22499999999999964
2 153.00000000000000000 63.30261330625349103 84.01058950274628501 -0.00000000000000000 0.91354545764260098 0.40673664307580021 0.00000000000000000 -0.40673664307580021 0.91354545764260098 1.00000000000000000 0.00000000000000000 0.00000000000000000 20.00000000000000000
2 129.82369916445000513 -34.16587801836722349 76.73781844197847590 1.00000000000000000 0.00000000000000000 -0.00000000000000000 0.00000000000000000 0.00000000000000000 1.00000000000000000 0.00000000000000000 -1.00000000000000000 0.00000000000000000 4.81250000000000000
2 142.82369916445000513 76.73781844197847590 34.16587801836721638 1.00000000000000000 0.00000000000000000 -0.00000000000000000 0.00000000000000000 0.00000000000000000 1.00000000000000000 0.00000000000000000 -1.00000000000000000 0.00000000000000000 12.00000000000000000
2 142.82369916445000513 76.73781844197847590 34.16587801836721638 1.00000000000000000 0.00000000000000000 -0.00000000000000000 0.00000000000000000 0.00000000000000000 1.00000000000000000 0.00000000000000000 -1.00000000000000000 0.00000000000000000 4.81250000000000000
2 129.82369916445000513 76.73781844197847590 34.16587801836721638 1.00000000000000000 0.00000000000000000 -0.00000000000000000 0.00000000000000000 0.00000000000000000 1.00000000000000000 0.00000000000000000 -1.00000000000000000 0.00000000000000000 12.00000000000000000
2 129.82369916445000513 76.73781844197847590 34.16587801836721638 1.00000000000000000 0.00000000000000000 -0.00000000000000000 0.00000000000000000 0.00000000000000000 1.00000000000000000 0.00000000000000000 -1.00000000000000000 0.00000000000000000 4.81250000000000000
2 175.00000000000000000 0.00000000000000000 0.00000000000000000 1.00000000000000000 0.00000000000000000 -0.00000000000000000 0.00000000000000000 0.00000000000000000 1.00000000000000000 0.00000000000000000 -1.00000000000000000 0.00000000000000000 64.00000000000000000
1 163.78749999999999432 27.17052369792137867 68.82044680830135519 1.00000000000000000 0.00000000000000000 0.00000000000000000 
2 163.78749999999999432 27.17052369792137867 65.59544680830136087 1.00000000000000000 0.00000000000000000 -0.00000000000000000 0.00000000000000000 0.00000000000000000 1.00000000000000000 0.00000000000000000 -1.00000000000000000 0.00000000000000000 3.22499999999999964
2 175.00000000000000000 0.00000000000000000 0.00000000000000000 1.00000000000000000 0.00000000000000000 -0.00000000000000000 0.00000000000000000 0.00000000000000000 1.00000000000000000 0.00000000000000000 -1.00000000000000000 0.00000000000000000 64.00000000000000000
2 175.00000000000000000 -27.17052369792137156 65.59544680830136087 1.00000000000000000 0.00000000000000000 -0.00000000000000000 0.00000000000000000 0.00000000000000000 1.00000000000000000 0.00000000000000000 -1.00000000000000000 0.00000000000000000 8.50000000000000000
2 175.00000000000000000 0.00000000000000000 0.00000000000000000 1.00000000000000000 0.00000000000000000 -0.00000000000000000 0.00000000000000000 0.00000000000000000 1.00000000000000000 0.00000000000000000 -1.00000000000000000 0.00000000000000000 67.00000000000000000
2 175.00000000000000000 -27.17052369792137156 65.59544680830136087 1.00000000000000000 0.00000000000000000 -0.00000000000000000 0.00000000000000000 0.00000000000000000 1.00000000000000000 0.00000000000000000 -1.00000000000000000 0.00000000000000000 3.22499999999999964
3 153.00000000000000000 -22.85016696339210185 -66.00000000000000000 -0.00000000000000000 0.00000000000000000 1.00000000000000000 0.00000000000000000 -1.00000000000000000 0.00000000000000000 1.00000000000000000 0.00000000000000000 0.00000000000000000 36.87890003361357572 15.00000000000000000
2 153.00000000000000000 0.00000000000000000 -66.00000000000000000 0.00000000000000000 0.00000000000000000 1.00000000000000000 1.00000000000000000 0.00000000000000000 0.00000000000000000 0.00000000000000000 1.00000000000000000 0.00000000000000000 12.31874999999999964
2 153.00000000000000000 0.00000000000000000 -66.00000000000000000 0.00000000000000000 0.00000000000000000 1.00000000000000000 1.00000000000000000 0.00000000000000000 0.00000000000000000 0.00000000000000000 1.00000000000000000 0.00000000000000000 12.31874999999999964
3 153.00000000000000000 -22.85016696339210185 -66.00000000000000000 -0.00000000000000000 0.00000000000000000 1.00000000000000000 0.00000000000000000 -1.00000000000000000 0.00000000000000000 1.00000000000000000 0.00000000000000000 0.00000000000000000 36.87890003361357572 15.00000000000000000
3 153.00000000000000000 -22.85016696339210185 -66.00000000000000000 -0.00000000000000000 0.00000000000000000 1.00000000000000000 0.00000000000000000 -1.00000000000000000 0.00000000000000000 1.00000000000000000 0.00000000000000000 0.00000000000000000 36.87890003361357572 15.00000000000000000
1 152.99999999999997158 28.87830165838181529 -64.86172749262468074 0.00000000000000000 -0.91354545764260098 -0.40673664307580021 
2 153.00000000000000000 -65.58647695035998026 -85.02743111043577073 0.00000000000000000 -0.91354545764260098 -0.40673664307580021 0.00000000000000000 0.40673664307580021 -0.91354545764260098 1.00000000000000000 0.00000000000000000 0.00000000000000000 20.00000000000000000
1 128.82369916445000513 34.16587801836718796 -71.92531844197849011 1.00000000000000000 0.00000000000000000 0.00000000000000000 
2 129.82369916445000513 0.00000000000000000 0.00000000000000000 1.00000000000000000 0.00000000000000000 -0.00000000000000000 0.00000000000000000 0.00000000000000000 1.00000000000000000 0.00000000000000000 -1.00000000000000000 0.00000000000000000 51.50000000000000000
1 128.82369916445000513 -76.73781844197847590 -29.35337801836721994 1.00000000000000000 0.00000000000000000 0.00000000000000000 
1 128.82369916445000513 -34.16587801836722349 81.55031844197847590 1.00000000000000000 0.00000000000000000 0.00000000000000000 
2 175.00000000000000000 0.00000000000000000 0.00000000000000000 1.00000000000000000 0.00000000000000000 -0.00000000000000000 0.00000000000000000 0.00000000000000000 1.00000000000000000 0.00000000000000000 -1.00000000000000000 0.00000000000000000 67.00000000000000000
2 175.00000000000000000 0.00000000000000000 0.00000000000000000 1.00000000000000000 0.00000000000000000 -0.00000000000000000 0.00000000000000000 0.00000000000000000 1.00000000000000000 0.00000000000000000 -1.00000000000000000 0.00000000000000000 67.00000000000000000
2 175.00000000000000000 -65.59544680830136087 27.17052369792138222 1.00000000000000000 0.00000000000000000 -0.00000000000000000 0.00000000000000000 0.00000000000000000 1.00000000000000000 0.00000000000000000 -1.00000000000000000 0.00000000000000000 3.22499999999999964
2 175.00000000000000000 0.00000000000000000 0.00000000000000000 1.00000000000000000 0.00000000000000000 -0.00000000000000000 0.00000000000000000 0.00000000000000000 1.00000000000000000 0.00000000000000000 -1.00000000000000000 0.00000000000000000 67.00000000000000000
2 175.00000000000000000 -65.59544680830136087 27.17052369792138222 1.00000000000000000 0.00000000000000000 -0.00000000000000000 0.00000000000000000 0.00000000000000000 1.00000000000000000 0.00000000000000000 -1.00000000000000000 0.00000000000000000 8.50000000000000000
2 175.00000000000000000 0.00000000000000000 0.00000000000000000 1.00000000000000000 0.00000000000000000 -0.00000000000000000 0.00000000000000000 0.00000000000000000 1.00000000000000000 0.00000000000000000 -1.00000000000000000 0.00000000000000000 64.00000000000000000
2 175.00000000000000000 -65.59544680830136087 27.17052369792138222 1.00000000000000000 0.00000000000000000 -0.00000000000000000 0.00000000000000000 0.00000000000000000 1.00000000000000000 0.00000000000000000 -1.00000000000000000 0.00000000000000000 8.50000000000000000
2 170.00000000000000000 0.00000000000000000 0.00000000000000000 1.00000000000000000 0.00000000000000000 -0.00000000000000000 0.00000000000000000 0.00000000000000000 1.00000000000000000 0.00000000000000000 -1.00000000000000000 0.00000000000000000 59.00000000000000000
1 147.00000000000000000 0.00000000000001445 59.00000000000000000 1.00000000000000000 0.00000000000000000 0.00000000000000000 
1 163.78749999999999432 -65.59544680830136087 -23.94552369792136659 1.00000000000000000 0.00000000000000000 0.00000000000000000 
2 163.78749999999999432 -65.59544680830136087 -27.17052369792136801 1.00000000000000000 0.00000000000000000 -0.00000000000000000 0.00000000000000000 0.00000000000000000 1.00000000000000000 0.00000000000000000 -1.00000000000000000 0.00000000000000000 3.22499999999999964
1 152.99999999999997158 -28.87830165838181529 64.86172749262468074 0.00000000000000000 0.91354545764260098 0.40673664307580021 
2 153.00000000000000000 65.58647695035998026 85.02743111043577073 -0.00000000000000000 0.91354545764260098 0.40673664307580021 0.00000000000000000 -0.40673664307580021 0.91354545764260098 1.00000000000000000 0.00000000000000000 0.00000000000000000 20.00000000000000000
1 128.82369916445000513 76.73781844197847590 38.97837801836721638 1.00000000000000000 0.00000000000000000 0.00000000000000000 
1 163.78749999999999432 -27.17052369792137156 68.82044680830135519 1.00000000000000000 0.00000000000000000 0.00000000000000000 
2 163.78749999999999432 -27.17052369792137156 65.59544680830136087 1.00000000000000000 0.00000000000000000 -0.00000000000000000 0.00000000000000000 0.00000000000000000 1.00000000000000000 0.00000000000000000 -1.00000000000000000 0.00000000000000000 3.22499999999999964
1 153.00000000000000000 26.84461844300281541 -60.29400020441166674 0.00000000000000000 -0.91354545764260098 -0.40673664307580021 
7 0 0  6 12 3  159.35942229653366553 10.55032462139675431 -65.99999939999999299  159.00972646538153299 10.76111088110326541 -66.08534050489727463  158.64740986144749968 10.96054194620334954 -66.16778932589535600  158.27285060075823253 11.14752844805364695 -66.24646762170465308  157.88650702804272896 11.32100181563325947 -66.32053599055517168  157.48891798848612211 11.47991271520293743 -66.38920056155045302  156.44728746780086226 11.84561012296261318 -66.54872886374951690  155.78712744387283351 12.03085263107116099 -66.63111974172856833  155.10583461623832591 12.17362496773457714 -66.69548511680557112  154.40971952332563433 12.27026469107551954 -66.73933349557741224  153.70550061948827647 12.31874999999999964 -66.76133351425457363  153.00000000000000000 12.31874999999999964 -66.76133351425457363 
 0.00000000000000000 7 0.39189989242565199 5 1.00000000000000000 7
7 0 0  8 44 7  153.00000000000000000 -12.31874999999999609 -77.73065524854361286  153.28304023705214831 -12.31874999999999609 -77.73065524854361286  153.56536191548033798 -12.31131752378411370 -77.72066481794666970  153.84591033777056168 -12.29651933800568209 -77.70077275873305211  154.12363106917879918 -12.27455044833052789 -77.67124929165625247  154.39746520538648156 -12.24573562931533743 -77.63254578966315478  154.66634464015550066 -12.21053095428600166 -77.58529451131435906  154.92918733298375855 -12.16952532521596986 -77.53030833420444878  155.37097578004230058 -12.08990599777831321 -77.42365956649354075  155.55361611572223524 -12.05362024740966120 -77.37508693100349433  155.73279499686174177 -12.01476896969346697 -77.32311865061863898  155.90849780757034182 -11.97353194024206324 -77.26800502242440416  156.08071390460153793 -11.93008459378259545 -77.20999049481790166  156.24943661894906199 -11.88459812585436381 -77.14931359044048520  156.41466325744298160 -11.83723959450614416 -77.08620682911043787  156.83010266673844058 -11.71120008076433550 -76.91844505283474120  157.07541588257274157 -11.62996016393159238 -76.81048815816060937  157.31263670343710714 -11.54497161530080440 -76.69775474861927478  157.54209568139307862 -11.45668354528095101 -76.58087681313894279  157.76414838032766852 -11.36547580920540490 -76.46039159837408761  157.97917178730526189 -11.27165998565287985 -76.33674365938956896  158.18756072391963130 -11.17548035476837320 -76.21028691034469205  159.16531947909953715 -10.69973823783329614 -75.58638057555658918  159.85955604763199744 -10.28519100048831625 -75.04748551073055296  160.48011302341498663 -9.84745950064743170 -74.48498693967758300  161.03605554820001089 -9.39541048655382127 -73.91219180776863595  161.53681017914902895 -8.93350130697701772 -73.33626553101038326  161.99163534959583899 -8.46190427841075987 -72.75901020763411964  162.40900746457447212 -7.97673474046901987 -72.17772315622222834  162.90510554977964830 -7.32619880900258469 -71.41982940354343157  163.01177176228111421 -7.18132359747928373 -71.25233791891298551  163.11552117085406621 -7.03536245557288442 -71.08495083647200374  163.21642395627344513 -6.88830058058653449 -70.91773275162742607  163.31454341852762013 -6.74011688101863182 -70.75074684179266171  163.40993636969014347 -6.59078344081084033 -70.58405539780549987  163.50265352679110720 -6.44026498359613431 -70.41772035534599183  163.90782854292763204 -5.75776501590164536 -69.67148952799496442  164.18822898097695884 -5.21620441201782992 -69.10090740937766896  164.43874618507300056 -4.65904533438848034 -68.53890430259932032  164.66105645565696136 -4.08146895683649902 -67.98612864721360438  164.85446501112829765 -3.47937696564444465 -67.44650721152578399  165.01646663697539452 -2.84939245055745616 -66.92776903156477886  165.14317516413174758 -2.18809700427634901 -66.44121361593580843  165.22815955423692458 -1.49121275431256706 -65.99999940000000720 
 0.00000000000000000 9 0.07788962530937565 7 0.13457188479662718 7 0.22348892965075570 7 0.56461689582452845 7 0.66141972248191050 7 1.00000000000000000 9
1 153.00000000000000000 26.84461844300281541 -60.29400020441166674 0.00000000000000000 -0.91354545764260098 -0.40673664307580021 
2 153.00000000000000000 -72.43806788267949059 -88.07795593350428476 0.00000000000000000 -0.91354545764260098 -0.40673664307580021 0.00000000000000000 0.40673664307580021 -0.91354545764260098 1.00000000000000000 0.00000000000000000 0.00000000000000000 15.00000000000000000
7 0 0  8 30 5  140.77184044576307542 -1.49121275431252975 -65.99999939999999299  140.85688889055614936 -2.18862226195116705 -66.44154616923023582  140.98372312793080141 -2.85037890723712728 -66.92849594771426780  141.14589620543614501 -3.48077893279490169 -67.44766238966199978  141.33951689907283367 -4.08325406878705977 -67.98772827800389962  141.56207857753165058 -4.66118900874819175 -68.54095577564618225  141.81288843966487434 -5.21868848527572649 -69.10341358308009774  142.09362906153691597 -5.76057709809329754 -69.67445320936036524  142.80784716940695489 -6.96283677720160110 -70.98923016137491970  143.24976335381802528 -7.59601680963454662 -71.71610805537012823  143.74115409201408511 -8.20702952220446136 -72.44122166892418591  144.29368058268028108 -8.80451185578632689 -73.17015952194194028  144.92117381606621507 -9.38999696163786268 -73.90127806367671326  145.63847234874702963 -9.95734918410268044 -74.62391317411400848  146.46016166332779562 -10.49245769771475700 -75.31620199361758239  147.68304908715299462 -11.11682717689239652 -76.13307797315775360  147.98024545853664335 -11.25791955817647683 -76.31839105598461970  148.29114573248520514 -11.39429601359301891 -76.49815500374614885  148.61694098684742471 -11.52523898675402947 -76.67133155514966347  148.95874357719247882 -11.64974006343744151 -76.83648884546734337  149.31756421948202274 -11.76649515527955892 -76.99178884684708635  149.69428868473687544 -11.87389694247696958 -77.13497664783645291  150.41514511699904233 -12.04916321238165189 -77.36907478118978077  150.75576399046732945 -12.12126688320997658 -77.46556166451070169  151.10936109821116702 -12.18435308456200694 -77.55012527424240432  151.47385933902845068 -12.23678637962913918 -77.62050570354422518  151.84721139198512674 -12.27726401462321881 -77.67488979509028013  152.22737603272508977 -12.30480604907175213 -77.71191183733708385  152.61231351251151978 -12.31874999999999609 -77.73065524854361286  153.00000000000000000 -12.31874999999999609 -77.73065524854361286 
 0.00000000000000000 9 0.33747169734287286 7 0.76397802271456938 7 0.89342811045644521 7 1.00000000000000000 9
1 142.82369916445000513 25.22585276358427109 -56.65819296010357675 -0.00000000000000000 -0.91354545764260098 -0.40673664307580021 
7 0 0  8 37 6  142.82369976444999793 -40.62560049235981552 -61.85111627638724485  142.61793046125370665 -40.43686657240889559 -61.97508216888658694  142.41631631581017814 -40.24300831287645508 -62.10147173985055247  142.21901637915894412 -40.04411107900642719 -62.23014694847389450  142.02617808557428702 -39.84026838635079315 -62.36096491606295444  141.83793729933429972 -39.63158199564175277 -62.49377857780611123  141.65441836148977472 -39.41816200766372447 -62.62843733454452178  141.47573413663317865 -39.20012695812546610 -62.76478770454273359  140.81712971045251948 -38.35663754912361156 -63.28745540705443062  140.37120104571320667 -37.70134733268854887 -63.68380958699619754  139.96614212084926976 -37.01445906155196752 -64.08840987543734968  139.60321879806042489 -36.29911906132133481 -64.49785209349971637  139.28303307414813617 -35.55890092397694247 -64.90876079619303596  139.00553345806693528 -34.79781119121354749 -65.31787859018740505  138.77002339822513477 -34.02029398203302435 -65.72213849623923920  138.46558433304687696 -32.78748125445633832 -66.34174954320405959  138.36878022468292215 -32.33975903278065545 -66.56251105331025997  138.28446070526317158 -31.88856383766288971 -66.78067855980772549  138.21231776861884555 -31.43439650664596385 -66.99595106304576575  138.15203008343272018 -30.97776277350854457 -67.20805164075754590  138.10326294507916600 -30.51917326505927264 -67.41672719831257155  138.06566822746421508 -30.05914349793114937 -67.62174821896920207  137.93520336271501492 -27.81384887014033325 -68.60160395144417578  137.99383071551605440 -26.02105431751130027 -69.32011866228890540  138.19122702763797861 -24.23505606091626063 -69.97367439995096561  138.50883201147377122 -22.46689622534982789 -70.56193872695888558  138.93237360623351151 -20.72496619984892163 -71.08667068202586847  139.45154740898200885 -19.01602252883977684 -71.55070945587513620  140.05971590875643074 -17.34663268982523121 -71.95724235211261544  140.98003293072076758 -15.19741128330971414 -72.42466019831246626  141.21560475854002448 -14.67379304719432653 -72.53391128008709643  141.46034576965948304 -14.15536224282184818 -72.63759274784980846  141.71428252736106401 -13.64231819375850741 -72.73584479006461834  141.97748014096168845 -13.13494515400602580 -72.82879481926572396  142.25003428312757592 -12.63363086633762933 -72.91656082713078035  142.53206320718814482 -12.13888512063400071 -72.99925473955428856  142.82369976444999793 -11.65135831221926921 -73.07698577172078558 
 0.00000000000000000 9 0.07453305138987466 7 0.28252282499693210 7 0.39949266081816320 7 0.85228518325012637 7 1.00000000000000000 9
1 142.82369916445000513 16.26128483014735338 -36.52344371944172963 -0.00000000000000000 -0.91354545764260098 -0.40673664307580021 
7 0 0  7 56 10  147.00000059999999280 -32.38997678840114958 -55.19863588574300195  146.44887418129835055 -32.13485118912763738 -55.34834089395554457  145.90930937822909641 -31.85073766303809251 -55.51320589635243863  145.38341572373573740 -31.53796742083062554 -55.69230285678320058  144.87310584298640492 -31.19705775536714398 -55.88449653653746196  144.38007809222338551 -30.82870364782925066 -56.08848875087842600  143.90579919761270844 -30.43376937387417769 -56.30286262557608268  143.04909752488032382 -29.64084817601957766 -56.72387441854581169  142.66255105243911316 -29.24853462548633587 -56.92850859971513700  142.29283830345806905 -28.83724100322699968 -57.13889899231635638  141.94075187506473412 -28.40801057861374801 -57.35386052564605563  141.60688861647750514 -27.96202964806256475 -57.57218123667566090  141.29165211065648577 -27.50062883774080191 -57.79265004379750792  140.86970056644466354 -26.82392715876721567 -58.10788479211076663  140.74752236517511506 -26.62006115993785471 -58.20186157509317582  140.62872844565174546 -26.41378441663357179 -58.29593112969015323  140.51332188547621627 -26.20519841283390150 -58.39001113543166355  140.40130094634614011 -25.99440810965105442 -58.48402069120584201  140.29265907405482494 -25.78152194532992070 -58.57788031525895889  140.02213932423870801 -25.22937695714875161 -58.81848258043650901  139.86520779987822038 -24.88724760271096059 -58.96487712570715445  139.71650321013098051 -24.54061570334508957 -59.11043100957033403  139.57592072654830417 -24.18984505515119210 -59.25489087980431435  139.44333801538627426 -23.83531132265582997 -59.39801575876862216  139.31861544548038978 -23.47740204254888141 -59.53957819877015112  138.97708777558719362 -22.42413549941482387 -59.94755595421381855  138.78105203474518703 -21.72116160255107076 -60.20907165162642372  138.61200090910077165 -21.00942029419189794 -60.46281609629316733  138.46843746245914986 -20.29068302212866470 -60.70787831880269181  138.34885776078508002 -19.56668612022212272 -60.94351760163504395  138.25175264606352243 -18.83914960404315053 -61.16914826709049890  138.05156699479852023 -16.92162767379690180 -61.73486160222299901  137.98308424748265111 -15.72796683961885655 -62.05785215749238404  137.96337703819636999 -14.53278577076030054 -62.35233896937284470  137.98647489590959481 -13.33919928100445595 -62.61811146600521027  138.04712637004544717 -12.14954336777580934 -62.85544087135313873  138.14072739784853638 -10.96544773366390579 -63.06487753421378528  138.41990587046717565 -8.28280578328643813 -63.48003384354602474  138.62398408793828253 -6.78687902458092296 -63.66875110256108172  138.86724980823044007 -5.30281871242785030 -63.81444508756782596  139.14278970812350167 -3.83206562668821249 -63.91870859516688341  139.44476675529847398 -2.37493776574331505 -63.98317370089748835  139.76828321768439878 -0.93056465780308173 -64.00929905072173653  140.38045788075245923 1.64455503472864106 -63.98904442857729435  140.66257585389453766 2.77840588077321460 -63.95638424369246167  140.95310232350249180 3.90487281719562418 -63.90057535409325595  141.24973770434536391 5.02408196973760734 -63.82209801536662752  141.55024637231156248 6.13637181717855906 -63.72134790458808595  141.85236743975900708 7.24232803098161249 -63.59859047702637724  142.42013847282191819 9.31592554651442484 -63.32595698369352988  142.68578606335606196 10.28411593500202237 -63.18094961956936828  142.94901275178571609 11.24816000914509218 -63.01894765378538921  143.20798326432318959 12.20850677728282108 -62.83995252425406619  143.46058776053740758 13.16541075346028933 -62.64393377245094996  143.70442501309472050 14.11903182783117039 -62.43083678821600557  143.93683181930222759 15.06951319627413000 -62.20056086585810817 
 0.00000000000000000 8 0.08546300192473201 6 0.16115851615408522 6 0.19322335037731386 6 0.24355451579531287 6 0.34011798892302247 6 0.49742666759577842 6 0.69849295753179153 6 0.85850816811672459 6 1.00000000000000000 8
7 0 0  8 114 17  153.00000000000000000 16.30909826966242449 -64.98471600022958228  152.08107664622693278 16.30909826966242449 -64.98471600022958228  151.16203204883407807 16.26668484547592541 -64.93317410051699312  150.24905092171886167 16.18184157176382953 -64.83006638065079130  149.34821965743682881 16.05455193445346751 -64.67632695071621640  148.46552098928498253 15.88478846598625438 -64.47379819575526483  147.60682662843825597 15.67247790118005568 -64.22528570555269312  146.77785351803890990 15.41753793718991616 -63.93470678191502543  145.73688721493783760 15.02746382227387478 -63.50538536166517645  145.49313596446344832 14.93072506033063362 -63.39988156999194047  145.25295966233662170 14.82986860183543598 -63.29096870826530363  145.01651922631870661 14.72489952111436828 -63.17881781954100262  144.78397169960911128 14.61582512446887527 -63.06361263917955995  144.55546952614366774 14.50265581443987628 -62.94554991179838765  144.33115982589305304 14.38540595407184775 -62.82483970822364938  143.68487326426745199 14.02899544734834691 -62.46307401093927325  143.27478886261027924 13.77861521507661280 -62.21531063586733268  142.88201436055760496 13.51311778643999162 -61.96007066481810455  142.50750479828434436 13.23273249563985843 -61.69918240778748242  142.15205854658685780 12.93777616312179113 -61.43464644608277325  141.81628813940895384 12.62869115140765608 -61.16860401567708294  141.50058975307931064 12.30609957263864196 -60.90327476501077797  140.99484708996391191 11.73232483982274310 -60.45413070979929415  140.79480276572093089 11.48735622329226658 -60.26885811695396455  140.60504220954632615 11.23628764271681924 -60.08584618597651428  140.42553495956821052 10.97946938370039049 -59.90586509188457143  140.25616279873651138 10.71728498887110170 -59.72963460825926063  140.09672852969231371 10.45015245172845120 -59.55780652699439770  139.94696696779743661 10.17852378843872252 -59.39094999697670829  139.75380128296214366 9.79931437849243281 -59.16889189707094232  139.70236341830516835 9.69517657768080099 -59.10901131038832546  139.65222704937556841 9.59049391293581088 -59.04992256625159541  139.60337333635095547 9.48529065607294797 -58.99164800117129204  139.55578226608736259 9.37959097686505316 -58.93420775551663127  139.50943280964142446 9.27341889697628119 -58.87761978546625841  139.46430307979289864 9.16679824389609799 -58.82189987495873851  139.35272985997286810 8.89494023870623174 -58.68263020248782880  139.28792687683892382 8.72911988512080228 -58.60028848707528226  139.22587895248096856 8.56237760129003256 -58.52008641745018735  139.16649914788908404 8.39479653099173895 -58.44206090435088896  139.10969741213926909 8.22645655318494029 -58.36623675487875573  139.05538182280463388 8.05743393058632051 -58.29262757416748997  139.00345982636662256 7.88780095824668948 -58.22123666705243750  138.86568970453518546 7.41531176308372952 -58.02916300928886528  138.78480557895466063 7.11129301500222510 -57.91325228279607273  138.71066627092147883 6.80593825317808854 -57.80428690338482056  138.64275725303028253 6.49957443923324707 -57.70213741105863647  138.58058529136025072 6.19248449969852111 -57.60660578217068917  138.52368825136667851 5.88490587130282972 -57.51744502372800127  138.47163971973702701 5.57702970296942890 -57.43437632253002789  138.30366400944814131 4.48982652594452247 -57.16163904638182913  138.21188178200571883 3.71019776158926717 -57.00339281957118942  138.14219520718734202 2.93176320480829222 -56.87730696082814319  138.08997274394522492 2.15557630252822818 -56.77814930755927492  138.05195545723776718 1.38219635502137983 -56.70127593854916626  138.02582776428536704 0.61171977267576949 -56.64278706427869992  138.00991402564622490 -0.15622427723296894 -56.59941256353230443  137.99460710498152594 -1.86590458706315054 -56.53035791471671700  137.99989026273456716 -2.80592821702592232 -56.51112069103613322  138.01669907408594895 -3.74327172547100417 -56.50570074624229733  138.04392138339437679 -4.67845959250397669 -56.51033908407236339  138.08099942282694883 -5.61191227527245484 -56.52215237892262678  138.12771846975073231 -6.54400193352041626 -56.53887674149684983  138.18414891093809160 -7.47508540297040991 -56.55871090922639155  138.34426213497536651 -9.71802782576419588 -56.61050898355470906  138.45781063867693206 -11.02892556349861053 -56.64410187296165589  138.59197139596975035 -12.33902657580083684 -56.67688231918761943  138.74831214712693850 -13.64866189160984788 -56.70611695119048790  138.92889791521463394 -14.95784218820740819 -56.72980863127921225  139.13633641659325235 -16.26629670304543396 -56.74649209752177370  139.37381457462788603 -17.57350169552925934 -56.75508069851944981  139.82094809788355860 -19.72173934003426155 -56.75460961680255423  140.01066614356997775 -20.56386595719472155 -56.75072168160065189  140.21574272674962458 -21.40486350012195871 -56.74292188066569054  140.43744147981021797 -22.24442184853071325 -56.73105374519430200  140.67721420479509220 -23.08209650282176284 -56.71500768770084022  140.93673582013877876 -23.91730318049609494 -56.69471983398508286  141.21799424351320340 -24.74930287419017105 -56.67017443668085974  141.73436026846789559 -26.14857154071667367 -56.62155492898497045  141.95674489970119225 -26.71792903792907126 -56.59969302818419834  142.19148449982870375 -27.28496909046338104 -56.57583564492423989  142.43950477472105831 -27.84930538005171030 -56.55000888714486251  142.70185472307161945 -28.41042645635820207 -56.52225631657709926  142.97973222984452946 -28.96768837952997444 -56.49264256091462499  143.27454812476611323 -29.52029703643237823 -56.46125810906476516  143.83348698544520516 -30.49541538088666215 -56.40237045491842593  144.09029881545924923 -30.91999420972924284 -56.37551211388206696  144.35938677221491844 -31.34060259346894384 -56.34770748819510544  144.64170383417740595 -31.75665101676677793 -56.31903088049281081  144.93830920942170337 -32.16734724952407021 -56.28958026798056835  145.25038884174080067 -32.57168718148489006 -56.25948213048277324  145.57932331818946636 -32.96842597666793040 -56.22889793084505072  146.27442859225666894 -33.74361271011182595 -56.16716875084403426  146.64011582624516450 -34.12151718298742509 -56.13606689697112273  147.02602157038708697 -34.48868333253442131 -56.10489897523908809  147.43414584097581610 -34.84308257072252246 -56.07392673599350275  147.86638246575589051 -35.18168470799754743 -56.04352474237084181  148.32446404686930919 -35.50049496755088541 -56.01419470113982157  148.80996370877087998 -35.79454857016920499 -55.98657280306589712  149.48307209743754242 -36.13892792148327260 -55.95367834530755857  149.64436689068838859 -36.21711033214310049 -55.94616627496762362  149.80834886193881061 -36.29213406246755369 -55.93891730924762840  149.97500642238310320 -36.36379398320347889 -55.93195703224554904  150.14430588767046970 -36.43187366573208408 -55.92531236202864875  150.31618849914619318 -36.49614965770378916 -55.91901103570111076  150.49056744509294958 -36.55639575867323998 -55.91308109447192720  150.94368856602687856 -36.69993115092518821 -55.89890297164230049  151.22598496279968572 -36.77711259321043968 -55.89122771601449813  151.51361189648264371 -36.84300964760286234 -55.88463686523331830  151.80582625422096044 -36.89677206720232761 -55.87923544945227405  152.10173191856921449 -36.93766660744201857 -55.87511418720645651  152.40026458960736022 -36.96513465405916321 -55.87234173000036463  152.70017349671422835 -36.97886220479015407 -55.87095622986186783  153.00000000000000000 -36.97886220479015407 -55.87095622986186783 
 0.00000000000000000 9 0.08599024673830566 7 0.11276452356699082 7 0.16465266018977992 7 0.20157657395953010 7 0.21545027618074039 7 0.23681086322984013 7 0.27475761307292473 7 0.37074574771828767 7 0.48892779632199246 7 0.65563738379964898 7 0.76332382760706752 7 0.83765067288399087 7 0.89583081236741136 7 0.95401556982120650 7 0.97195357720871733 7 1.00000000000000000 9
7 0 0  8 44 7  153.00000000000000000 -36.97886220479015407 -55.87095622986186783  153.36344971194367304 -36.97886220479015407 -55.87095622986186783  153.72703908976154707 -36.95869021251875353 -55.87299208672560269  154.08811090673722788 -36.91832094102128536 -55.87706690822155764  154.44451170504245852 -36.85845017073490482 -55.88309609777203235  154.79451979655715377 -36.78025774116416358 -55.89093436066560372  155.13678639173136276 -36.68521623818313770 -55.90039903429656221  155.47028985648930188 -36.57494537696346981 -55.91128974243120098  156.03698211281729868 -36.35836357920592121 -55.93247797412495004  156.27446933631654247 -36.25795614229538444 -55.94224307343483105  156.50660015224627841 -36.15051740494773469 -55.95262155670106807  156.73329721917960455 -36.03665745603849757 -55.96353729593305104  156.95455471979585127 -35.91695082861856747 -55.97491858332700332  157.17042604352073454 -35.79192255663069488 -55.98669983898348335  157.38101490169989916 -35.66203829789205315 -55.99882259289444875  157.94804874275791917 -35.29127483068353399 -56.03308155990616513  158.29353916568447858 -35.04117391922031288 -56.05581548213082499  158.62389174952747339 -34.77952680779837635 -56.07916447756240785  158.93997022928880369 -34.50811480870446246 -56.10290065803940251  159.24261916742267431 -34.22841656964273227 -56.12683684096840864  159.53268411474110167 -33.94162238001892007 -56.15082294841058541  159.81101111071751575 -33.64863472371408193 -56.17474227633695705  160.42523697977429720 -32.96293774852031078 -56.22932137488940185  160.75349043362757584 -32.56668607676198945 -56.25985528480852338  161.06495195737795711 -32.16286821653751105 -56.28990290146824549  161.36099483014771749 -31.75272115166280429 -56.31930378743430055  161.64279893809100486 -31.33724298268764130 -56.34793221890164006  161.91141813038768760 -30.91722152006208546 -56.37569076268918877  162.16780066928257042 -30.49324341624447143 -56.40250548792690921  162.72780724976115607 -29.51609184002426645 -56.46150707398400215  163.02390801320439095 -28.96078523732414922 -56.49303015934697214  163.30291881941946031 -28.40078701009172590 -56.52276466884436701  163.56626893944570611 -27.83690125250904046 -56.55061902460596457  163.81517114507963129 -27.26977949978796190 -56.57652794872895186  164.05068704290670212 -26.69993874762822728 -56.60044757174030394  164.27375300279763337 -26.12776890227349469 -56.62235175343206350  164.91113733772678529 -24.39691931407030268 -56.68226473146363276  165.28981803232369430 -23.23236592661393018 -56.71406105916381080  165.62813097336933765 -22.06226964690624115 -56.73752453736939572  165.93090791408766904 -20.88838143909914891 -56.75275739701186950  166.20212107833140180 -19.71200030122014368 -56.76003232380070074  166.44501055672242273 -18.53399039666872383 -56.75979758390383267  166.66233613317447748 -17.35481938734849905 -56.75269101906299340  166.85640646055111347 -16.17454730890458592 -56.73961596056137324 
 0.00000000000000000 9 0.08772511900057252 7 0.15342936454625755 7 0.26906183756056151 7 0.41899963805214180 7 0.61175234910568610 7 1.00000000000000000 9
7 0 0  7 20 4  166.85640586055100698 8.31977567325088074 -58.41045568001317179  166.98853672687556582 7.16758900402305255 -58.57456901400598070  167.12170515678712945 6.00830567177640251 -58.71263961232265416  167.25341685290894134 4.84176732153789313 -58.82440929868445068  167.38100020846636085 3.66788227592692717 -58.90951537397563698  167.50158242576875978 2.48667242583973325 -58.96749716983755718  167.61202842138192182 1.29831982682377900 -58.99781903022393692  167.85341887288990392 -1.68148772555076320 -59.00303183278180796  167.96744365408162025 -3.47937706410738379 -58.94319333653827897  168.03969920054464637 -5.29295052775919217 -58.81873750336079354  168.05663294447185763 -7.12066252856198822 -58.62702876593566970  168.00163763343272194 -8.95739948000291797 -58.36580591670524143  167.85460456555404107 -10.79424818449998114 -58.03418772088014777  167.51646789318121478 -13.13117599809899794 -57.52259518707197827  167.43283203025893613 -13.64398876286299078 -57.40473004976435334  167.33938514168559664 -14.15524725165840536 -57.28159971003809403  167.23558329240896114 -14.66445657687953030 -57.15333669292002838  167.12086934232215185 -15.17110257447137833 -57.02010829054945162  166.99467216401919245 -15.67465145891095268 -56.88211939684506291  166.85640586055100698 -16.17454947818851352 -56.73961534217193048 
 0.00000000000000000 8 0.34313632370765779 6 0.85555549253513608 6 1.00000000000000000 8
7 0 0  7 32 6  153.00000000000000000 16.30909826966242093 -64.98471600022958228  154.05061161405777170 16.30909826966242093 -64.98471600022958228  155.10138525541077570 16.25250249514331813 -64.91593934076590244  156.14241347654316883 16.13928459691411987 -64.77834764337855233  157.16398585614462036 15.96941808396292650 -64.57382170881663797  158.15660330028268277 15.74284732730523118 -64.30602846632891101  159.11100035957110777 15.45936226977585726 -63.98070781386758910  160.30087551375302723 15.01325837607369351 -63.48976048133390293  160.57875036551072867 14.90187828110489043 -63.36847625524548988  160.85181367924468532 14.78500945232169883 -63.24269103257953617  161.11980931708805542 14.66266057755585628 -63.11268352400004034  161.38248937950643835 14.53484539110988116 -62.97875803510474668  161.63961613909984294 14.40158498014396926 -62.84124530978174050  162.37568312070794718 13.99547841110600110 -62.42908543559782686  162.83897481943535013 13.70787468836507195 -62.14562101525392990  163.27913222721659281 13.40035696836633505 -61.85271943530186434  163.69470063833409768 13.07331204757166532 -61.55332987124305788  164.08454985151269057 12.72731264765067394 -61.25073873345411357  164.44795200504034938 12.36323747027451070 -60.94844816300292223  165.07899241054670370 11.64960371987680610 -60.38899981181049981  165.35298543821878070 11.30392020890318960 -60.13089882612142389  165.60641842812381697 10.94636179612319360 -59.87799510576928697  165.83951662946455485 10.57800845522206501 -59.63250741169569125  166.05289310597825647 10.20007745860393200 -59.39635347292755085  166.24746145956646615 9.81391699010421625 -59.17104674032174927  166.49387876992113888 9.26644735241621831 -58.87372402280650618  166.56070015767531345 9.11085687226482399 -58.79163612361792701  166.62485789637554490 8.95428751059350603 -58.71144509230595787  166.68642702980454828 8.79681854234778449 -58.63319996153278169  166.74548672423534867 8.63852699150186432 -58.55693791511297519  166.80211883291545405 8.47948720742144779 -58.48268493116182754  166.85640646055114189 8.31977044122656118 -58.41045642524356651 
 0.00000000000000000 8 0.37844480137814590 6 0.49622730458220010 6 0.72336844678979451 6 0.92191711050010050 6 1.00000000000000000 8
7 0 0  7 128 22  164.27604085536231082 -27.17052369792134314 -57.09544680830135377  164.20471539430303665 -27.37042034535022950 -57.09544680830135377  164.13650915158186194 -27.57050156322345202 -57.10093135008722953  164.07171991706232461 -27.77062458024916580 -57.11191858781759123  164.01063868749537278 -27.97065774661456672 -57.12842568175939562  163.95354750399590671 -28.17047910204859917 -57.15047179616593809  163.90071728951846808 -28.36997494388464958 -57.17808109715482345  163.77992282655000622 -28.86769725289164867 -57.26110335298697862  163.71754704257708113 -29.16564731571361690 -57.32356003589904958  163.66634985570595973 -29.46182505212508573 -57.39868735603042893  163.62717599720227213 -29.75531419927360943 -57.48639940751780131  163.60061566514150400 -30.04530059436476463 -57.58653923543587183  163.58699113046810680 -30.33103741590214142 -57.69890019930063829  163.58584672085376610 -30.83831855025695745 -57.92350836782762968  163.59378979112852903 -31.06131884557180101 -58.03145624148233850  163.61017950982210323 -31.28042663472200857 -58.14687819004426217  163.63488670402790603 -31.49525748634863831 -58.26955094518070410  163.66765967820137462 -31.70542929715469782 -58.39921052777224020  163.70812791688518928 -31.91055756500292517 -58.53553929147800972  163.86292148559661541 -32.55884327635039455 -58.99848812755880800  164.00600882602520869 -32.97823829565506060 -59.34922972944493580  164.18011005197860186 -33.36867585589104834 -59.72850589963981349  164.37986340312431821 -33.72964116869328421 -60.13501314944335263  164.59983467968109494 -34.06003711309498527 -60.56762173142254113  164.83470561133145793 -34.35828752819393372 -61.02517107949586261  165.22938580833206856 -34.78438076896021158 -61.80168953211859417  165.38338116506699293 -34.93381608641774960 -62.10638165973132629  165.54037047515848258 -35.07037863358219454 -62.42074723327436914  165.69944223509992298 -35.19356538631955544 -62.74505381342004995  165.85965641331057441 -35.30265197079169326 -63.07957078661734585  166.01999578057325380 -35.39667169771514921 -63.42452156753181924  166.32573384611515621 -35.54581408998354419 -64.10671167244339586  166.47138392997598544 -35.60351846977134471 -64.44251803331994211  166.61538315946981470 -35.64651649515933229 -64.78754732191411847  166.75673742711200020 -35.67362059015768949 -65.14179161713357757  166.89432784255401998 -35.68344661772208326 -65.50510070394511786  167.02690234149881121 -35.67440959789168176 -65.87713759462911867  167.24683387139461388 -35.62265129884016091 -66.53981084478220964  167.33716431067790609 -35.58915746859701557 -66.82712291663828807  167.42325751741199724 -35.54350557360617557 -67.11833874413471790  167.50435006878504396 -35.48505478090472565 -67.41252001591352894  167.57974057273304425 -35.41324680671579728 -67.70870927929918537  167.64879998287460694 -35.32760150798132770 -68.00592551070673153  167.81528563541289145 -35.06015900710212918 -68.80173910453717667  167.89997659217326031 -34.85295047597314522 -69.29911701088040843  167.96170737001125417 -34.60604711014286039 -69.78602628068749425  167.99909966734773548 -34.32191166555779205 -70.25405711820739896  168.01285468190590677 -34.00532154238173632 -70.69587118154892380  168.00554893788557820 -33.66334559537647664 -71.10549087182168648  167.96068167179211628 -33.00620381339269471 -71.79075198594254914  167.92821784889889614 -32.69507282896075395 -72.07811996160231161  167.88571048319894885 -32.37452087640844667 -72.34121017519474606  167.83507281770189934 -32.04676794916790783 -72.58058277590204455  167.77811514933637227 -31.71385863334783295 -72.79690737940006784  167.71651926829787271 -31.37769223262501939 -72.99095472655255890  167.52894733934783744 -30.39886585473563230 -73.49142035327486155  167.39422941887357865 -29.74898784571342247 -73.74375476001226559  167.25702532162495118 -29.09773324207380796 -73.92748682896726109  167.12442595302758264 -28.44958503126293081 -74.04842903583968905  167.00185198320090763 -27.80725773850126359 -74.11110038997881588  166.89361769564561655 -27.17243377787269054 -74.11860126668716475  166.74207451013504055 -26.12291508909273929 -74.04131831398657937  166.68915900428763166 -25.70397424123743590 -73.98566458099800514  166.64562064453247103 -25.29061849095806380 -73.90617271980104874  166.61235222314229532 -24.88388999889928854 -73.80342812410965792  166.58996064849935692 -24.48477476811278208 -73.67795305072961298  166.57875701314904404 -24.09423902532089201 -73.53020499518605391  166.57875701314904404 -23.33095591045757189 -73.19036945743724232  166.59003898082499973 -22.95857923391655930 -72.99826432798479914  166.61258689470861327 -22.59709334877779341 -72.78473334959090835  166.64608532543473984 -22.24749447290901827 -72.55019230604601432  166.68991902496287594 -21.91084128365494266 -72.29502779589051897  166.74318303681494058 -21.58827845724561811 -72.01962587181465381  166.87441085254130257 -20.93294857324352520 -71.38990358192927488  166.95468720234072180 -20.60469336237016691 -71.03010828281816202  167.04393884530040282 -20.29741031535831297 -70.64504175578871070  167.14025620836181929 -20.01263789909497959 -70.23450128156351013  167.24134823935236227 -19.75243962962542810 -69.79820873883151933  167.34444142515107501 -19.51951457913737187 -69.33594714162906314  167.47622097585031042 -19.25751208174431284 -68.70328762476638929  167.50618383002048972 -19.20038524145629566 -68.55658034551147750  167.53594599490105566 -19.14602010447885760 -68.40755493080018823  167.56541561435849985 -19.09451301970987558 -68.25620437721629230  167.59449480923697706 -19.04596827866208031 -68.10252540191167725  167.62307967735810621 -19.00049811546307410 -67.94651844260651785  167.68752787731429521 -18.90312449183364407 -67.58183261751443638  167.72297601917719589 -18.85344200295235950 -67.37148948337339505  167.75715101342265712 -18.80945888213206629 -67.15721436384617959  167.78978111513191607 -18.77147447107443767 -66.93908215018889507  167.82057678287011981 -18.73980389670595059 -66.71718662140990830  167.84923092140178369 -18.71477815662160182 -66.49164054944642999  167.92952951903566827 -18.65948222575440596 -65.78927934519330734  167.97359301066902049 -18.65173908251401613 -65.29675547134239366  168.00378068429327527 -18.67796865647457949 -64.79119640605742347  168.01662678939496232 -18.74097702659621945 -64.27870617838543410  168.00939997908420764 -18.84213635276241305 -63.76526165251254952  167.98034361349951382 -18.98153601719273453 -63.25660798427427522  167.89710171612156842 -19.26655425624809226 -62.45174130637458632  167.85712475686509038 -19.38836286646038687 -62.15119223545366367  167.80892879609586998 -19.52280047587556311 -61.85791792140570777  167.75280799497937778 -19.66891686496289893 -61.57327962364838925  167.68928154009623199 -19.82552038043727904 -61.29850856966614714  167.61908810218821486 -19.99118300433806539 -61.03469189870780554  167.49609368554712319 -20.27154597265180769 -60.62654094527375293  167.44677319784076985 -20.38179529434145465 -60.47474788877017460  167.39536238323481143 -20.49474102219019755 -60.32740889650498417  167.34202273779422399 -20.61013882680696696 -60.18454400713979879  167.28692183376421099 -20.72774448659334467 -60.04616446354310000  167.23023240301196779 -20.84731329723917526 -59.91227273317283419  167.09855869554604624 -21.12218302938393322 -59.61899160963900357  167.02270759533089972 -21.27855150358049130 -59.46227338339145518  166.94486283792747372 -21.43736055493425852 -59.31253804753812631  166.86529802350568730 -21.59829683432587544 -59.16961487281809440  166.78427447706030762 -21.76107720132985790 -59.03333236687659280  166.70204009116918087 -21.92544793315425622 -58.90351843825390432  166.40008007130083456 -22.52687191817447498 -58.45529587861288690  166.17435304911091976 -22.97243931709223830 -58.17377025717691907  165.94556947982735551 -23.42442564767826596 -57.93201649013666099  165.71696356677031758 -23.88074128374302418 -57.72700072349118727  165.49125638656701653 -24.34031614131139776 -57.55623443463288424  165.27092913246502803 -24.80280441788562484 -57.41791296358633900  164.93559492843976955 -25.53802055816979433 -57.24910076569124584  164.81532976591100237 -25.80860519054835223 -57.19775341243710898  164.69838211798762018 -26.07994725712369899 -57.15680669687396431  164.58535064014020577 -26.35191791664297156 -57.12614160852546519  164.47685278274138909 -26.62440498316170689 -57.10569236452253250  164.37352798274449128 -26.89730639737044982 -57.09544680830135377  164.27604085536231082 -27.17052369792134314 -57.09544680830135377 
 0.00000000000000000 8 0.02970562337370220 6 0.07427356133964649 6 0.11022488701951941 6 0.19098420871380253 6 0.24052651055603383 6 0.28605151164765713 6 0.31987714260530398 6 0.37661612086488094 6 0.42406748964867957 6 0.51417794818100215 6 0.57511038401256509 6 0.63625546105285957 6 0.70553783868637698 6 0.72602768704643761 6 0.75273243356182429 6 0.80791011689473269 6 0.84181757568400351 6 0.86284289187158925 6 0.88946705099227530 6 0.95945683111840629 6 1.00000000000000000 8
7 0 0  8 16 3  140.77184044576307542 -1.49121275431252975 -65.99999939999999299  140.85688644761174260 -2.18860222945477645 -66.44153348617392396  140.98371782911499395 -2.85035719180224234 -66.92847827964520491  141.14589109025462221 -3.48076629013825656 -67.44764965977455518  141.33951501178555077 -4.08325239247972416 -67.98772562734103531  141.56208042125365409 -4.66119497821356177 -68.54096125832205644  141.81289245368796514 -5.21869640215060127 -69.10342188444394651  142.09363169985243758 -5.76058153923017091 -69.67445806613507386  142.54483164641794701 -6.52009673072994289 -70.50505488797098508  142.68649253836647972 -6.74573257916855962 -70.75579725666379716  142.83425968056783972 -6.96871681020186440 -71.00725542604966734  142.98832758698219436 -7.18917470821421034 -71.25923892788918579  143.14892503087341424 -7.40719391426361362 -71.51155367771389137  143.31631146268614430 -7.62281999224070095 -71.76398805590156371  143.49077342792298850 -7.83605199502762151 -72.01629898875165736  143.67262098502203571 -8.04683803065697845 -72.26819802956060812 
 0.00000000000000000 9 0.69922134241656941 7 1.00000000000000000 9
7 0 0  6 12 3  153.00000000000000000 12.31874999999999964 -66.76133351425457363  152.29625117890375918 12.31874999999999964 -66.76133351425457363  151.59377113055140285 12.27050517650987871 -66.73944261767260855  150.89933534088231681 12.17434226818635956 -66.69581057101592592  150.21961710467854800 12.03226407703539458 -66.63175605919860800  149.56088665825501494 11.84789998829216628 -66.54974741937532201  148.51874297046705919 11.48297136073770197 -66.39052233381941903  148.11944801492472834 11.32367423451197830 -66.32167714353217036  147.73147300375242708 11.14968683063717947 -66.24737582273394310  147.35537002442825383 10.96207246518857836 -66.16842204636577662  146.99160894746080430 10.76191582829774518 -66.08566640414257165  146.64057770346633447 10.55032462139677385 -65.99999939999999299 
 0.00000000000000000 7 0.60659904848921231 5 1.00000000000000000 7
7 0 0  8 114 17  153.00000000000000000 16.30909826966242449 -64.98471600022958228  152.08107664622693278 16.30909826966242449 -64.98471600022958228  151.16203204883407807 16.26668484547592541 -64.93317410051699312  150.24905092171886167 16.18184157176382953 -64.83006638065079130  149.34821965743682881 16.05455193445346751 -64.67632695071621640  148.46552098928498253 15.88478846598625438 -64.47379819575526483  147.60682662843825597 15.67247790118005568 -64.22528570555269312  146.77785351803890990 15.41753793718991616 -63.93470678191502543  145.73688721493783760 15.02746382227387478 -63.50538536166517645  145.49313596446344832 14.93072506033063362 -63.39988156999194047  145.25295966233662170 14.82986860183543598 -63.29096870826530363  145.01651922631870661 14.72489952111436828 -63.17881781954100262  144.78397169960911128 14.61582512446887527 -63.06361263917955995  144.55546952614366774 14.50265581443987628 -62.94554991179838765  144.33115982589305304 14.38540595407184775 -62.82483970822364938  143.68487326426745199 14.02899544734834691 -62.46307401093927325  143.27478886261027924 13.77861521507661280 -62.21531063586733268  142.88201436055760496 13.51311778643999162 -61.96007066481810455  142.50750479828434436 13.23273249563985843 -61.69918240778748242  142.15205854658685780 12.93777616312179113 -61.43464644608277325  141.81628813940895384 12.62869115140765608 -61.16860401567708294  141.50058975307931064 12.30609957263864196 -60.90327476501077797  140.99484708996391191 11.73232483982274310 -60.45413070979929415  140.79480276572093089 11.48735622329226658 -60.26885811695396455  140.60504220954632615 11.23628764271681924 -60.08584618597651428  140.42553495956821052 10.97946938370039049 -59.90586509188457143  140.25616279873651138 10.71728498887110170 -59.72963460825926063  140.09672852969231371 10.45015245172845120 -59.55780652699439770  139.94696696779743661 10.17852378843872252 -59.39094999697670829  139.75380128296214366 9.79931437849243281 -59.16889189707094232  139.70236341830516835 9.69517657768080099 -59.10901131038832546  139.65222704937556841 9.59049391293581088 -59.04992256625159541  139.60337333635095547 9.48529065607294797 -58.99164800117129204  139.55578226608736259 9.37959097686505316 -58.93420775551663127  139.50943280964142446 9.27341889697628119 -58.87761978546625841  139.46430307979289864 9.16679824389609799 -58.82189987495873851  139.35272985997286810 8.89494023870623174 -58.68263020248782880  139.28792687683892382 8.72911988512080228 -58.60028848707528226  139.22587895248096856 8.56237760129003256 -58.52008641745018735  139.16649914788908404 8.39479653099173895 -58.44206090435088896  139.10969741213926909 8.22645655318494029 -58.36623675487875573  139.05538182280463388 8.05743393058632051 -58.29262757416748997  139.00345982636662256 7.88780095824668948 -58.22123666705243750  138.86568970453518546 7.41531176308372952 -58.02916300928886528  138.78480557895466063 7.11129301500222510 -57.91325228279607273  138.71066627092147883 6.80593825317808854 -57.80428690338482056  138.64275725303028253 6.49957443923324707 -57.70213741105863647  138.58058529136025072 6.19248449969852111 -57.60660578217068917  138.52368825136667851 5.88490587130282972 -57.51744502372800127  138.47163971973702701 5.57702970296942890 -57.43437632253002789  138.30366400944814131 4.48982652594452247 -57.16163904638182913  138.21188178200571883 3.71019776158926717 -57.00339281957118942  138.14219520718734202 2.93176320480829222 -56.87730696082814319  138.08997274394522492 2.15557630252822818 -56.77814930755927492  138.05195545723776718 1.38219635502137983 -56.70127593854916626  138.02582776428536704 0.61171977267576949 -56.64278706427869992  138.00991402564622490 -0.15622427723296894 -56.59941256353230443  137.99460710498152594 -1.86590458706315054 -56.53035791471671700  137.99989026273456716 -2.80592821702592232 -56.51112069103613322  138.01669907408594895 -3.74327172547100417 -56.50570074624229733  138.04392138339437679 -4.67845959250397669 -56.51033908407236339  138.08099942282694883 -5.61191227527245484 -56.52215237892262678  138.12771846975073231 -6.54400193352041626 -56.53887674149684983  138.18414891093809160 -7.47508540297040991 -56.55871090922639155  138.34426213497536651 -9.71802782576419588 -56.61050898355470906  138.45781063867693206 -11.02892556349861053 -56.64410187296165589  138.59197139596975035 -12.33902657580083684 -56.67688231918761943  138.74831214712693850 -13.64866189160984788 -56.70611695119048790  138.92889791521463394 -14.95784218820740819 -56.72980863127921225  139.13633641659325235 -16.26629670304543396 -56.74649209752177370  139.37381457462788603 -17.57350169552925934 -56.75508069851944981  139.82094809788355860 -19.72173934003426155 -56.75460961680255423  140.01066614356997775 -20.56386595719472155 -56.75072168160065189  140.21574272674962458 -21.40486350012195871 -56.74292188066569054  140.43744147981021797 -22.24442184853071325 -56.73105374519430200  140.67721420479509220 -23.08209650282176284 -56.71500768770084022  140.93673582013877876 -23.91730318049609494 -56.69471983398508286  141.21799424351320340 -24.74930287419017105 -56.67017443668085974  141.73436026846789559 -26.14857154071667367 -56.62155492898497045  141.95674489970119225 -26.71792903792907126 -56.59969302818419834  142.19148449982870375 -27.28496909046338104 -56.57583564492423989  142.43950477472105831 -27.84930538005171030 -56.55000888714486251  142.70185472307161945 -28.41042645635820207 -56.52225631657709926  142.97973222984452946 -28.96768837952997444 -56.49264256091462499  143.27454812476611323 -29.52029703643237823 -56.46125810906476516  143.83348698544520516 -30.49541538088666215 -56.40237045491842593  144.09029881545924923 -30.91999420972924284 -56.37551211388206696  144.35938677221491844 -31.34060259346894384 -56.34770748819510544  144.64170383417740595 -31.75665101676677793 -56.31903088049281081  144.93830920942170337 -32.16734724952407021 -56.28958026798056835  145.25038884174080067 -32.57168718148489006 -56.25948213048277324  145.57932331818946636 -32.96842597666793040 -56.22889793084505072  146.27442859225666894 -33.74361271011182595 -56.16716875084403426  146.64011582624516450 -34.12151718298742509 -56.13606689697112273  147.02602157038708697 -34.48868333253442131 -56.10489897523908809  147.43414584097581610 -34.84308257072252246 -56.07392673599350275  147.86638246575589051 -35.18168470799754743 -56.04352474237084181  148.32446404686930919 -35.50049496755088541 -56.01419470113982157  148.80996370877087998 -35.79454857016920499 -55.98657280306589712  149.48307209743754242 -36.13892792148327260 -55.95367834530755857  149.64436689068838859 -36.21711033214310049 -55.94616627496762362  149.80834886193881061 -36.29213406246755369 -55.93891730924762840  149.97500642238310320 -36.36379398320347889 -55.93195703224554904  150.14430588767046970 -36.43187366573208408 -55.92531236202864875  150.31618849914619318 -36.49614965770378916 -55.91901103570111076  150.49056744509294958 -36.55639575867323998 -55.91308109447192720  150.94368856602687856 -36.69993115092518821 -55.89890297164230049  151.22598496279968572 -36.77711259321043968 -55.89122771601449813  151.51361189648264371 -36.84300964760286234 -55.88463686523331830  151.80582625422096044 -36.89677206720232761 -55.87923544945227405  152.10173191856921449 -36.93766660744201857 -55.87511418720645651  152.40026458960736022 -36.96513465405916321 -55.87234173000036463  152.70017349671422835 -36.97886220479015407 -55.87095622986186783  153.00000000000000000 -36.97886220479015407 -55.87095622986186783 
 0.00000000000000000 9 0.08599024673830566 7 0.11276452356699082 7 0.16465266018977992 7 0.20157657395953010 7 0.21545027618074039 7 0.23681086322984013 7 0.27475761307292473 7 0.37074574771828767 7 0.48892779632199246 7 0.65563738379964898 7 0.76332382760706752 7 0.83765067288399087 7 0.89583081236741136 7 0.95401556982120650 7 0.97195357720871733 7 1.00000000000000000 9
1 142.82369916445000513 25.22585276358427109 -56.65819296010357675 -0.00000000000000000 -0.91354545764260098 -0.40673664307580021 
7 0 0  7 56 10  147.00000059999999280 -32.38997678840114958 -55.19863588574300195  146.44887418129835055 -32.13485118912763738 -55.34834089395554457  145.90930937822909641 -31.85073766303809251 -55.51320589635243863  145.38341572373573740 -31.53796742083062554 -55.69230285678320058  144.87310584298640492 -31.19705775536714398 -55.88449653653746196  144.38007809222338551 -30.82870364782925066 -56.08848875087842600  143.90579919761270844 -30.43376937387417769 -56.30286262557608268  143.04909752488032382 -29.64084817601957766 -56.72387441854581169  142.66255105243911316 -29.24853462548633587 -56.92850859971513700  142.29283830345806905 -28.83724100322699968 -57.13889899231635638  141.94075187506473412 -28.40801057861374801 -57.35386052564605563  141.60688861647750514 -27.96202964806256475 -57.57218123667566090  141.29165211065648577 -27.50062883774080191 -57.79265004379750792  140.86970056644466354 -26.82392715876721567 -58.10788479211076663  140.74752236517511506 -26.62006115993785471 -58.20186157509317582  140.62872844565174546 -26.41378441663357179 -58.29593112969015323  140.51332188547621627 -26.20519841283390150 -58.39001113543166355  140.40130094634614011 -25.99440810965105442 -58.48402069120584201  140.29265907405482494 -25.78152194532992070 -58.57788031525895889  140.02213932423870801 -25.22937695714875161 -58.81848258043650901  139.86520779987822038 -24.88724760271096059 -58.96487712570715445  139.71650321013098051 -24.54061570334508957 -59.11043100957033403  139.57592072654830417 -24.18984505515119210 -59.25489087980431435  139.44333801538627426 -23.83531132265582997 -59.39801575876862216  139.31861544548038978 -23.47740204254888141 -59.53957819877015112  138.97708777558719362 -22.42413549941482387 -59.94755595421381855  138.78105203474518703 -21.72116160255107076 -60.20907165162642372  138.61200090910077165 -21.00942029419189794 -60.46281609629316733  138.46843746245914986 -20.29068302212866470 -60.70787831880269181  138.34885776078508002 -19.56668612022212272 -60.94351760163504395  138.25175264606352243 -18.83914960404315053 -61.16914826709049890  138.05156699479852023 -16.92162767379690180 -61.73486160222299901  137.98308424748265111 -15.72796683961885655 -62.05785215749238404  137.96337703819636999 -14.53278577076030054 -62.35233896937284470  137.98647489590959481 -13.33919928100445595 -62.61811146600521027  138.04712637004544717 -12.14954336777580934 -62.85544087135313873  138.14072739784853638 -10.96544773366390579 -63.06487753421378528  138.41990587046717565 -8.28280578328643813 -63.48003384354602474  138.62398408793828253 -6.78687902458092296 -63.66875110256108172  138.86724980823044007 -5.30281871242785030 -63.81444508756782596  139.14278970812350167 -3.83206562668821249 -63.91870859516688341  139.44476675529847398 -2.37493776574331505 -63.98317370089748835  139.76828321768439878 -0.93056465780308173 -64.00929905072173653  140.38045788075245923 1.64455503472864106 -63.98904442857729435  140.66257585389453766 2.77840588077321460 -63.95638424369246167  140.95310232350249180 3.90487281719562418 -63.90057535409325595  141.24973770434536391 5.02408196973760734 -63.82209801536662752  141.55024637231156248 6.13637181717855906 -63.72134790458808595  141.85236743975900708 7.24232803098161249 -63.59859047702637724  142.42013847282191819 9.31592554651442484 -63.32595698369352988  142.68578606335606196 10.28411593500202237 -63.18094961956936828  142.94901275178571609 11.24816000914509218 -63.01894765378538921  143.20798326432318959 12.20850677728282108 -62.83995252425406619  143.46058776053740758 13.16541075346028933 -62.64393377245094996  143.70442501309472050 14.11903182783117039 -62.43083678821600557  143.93683181930222759 15.06951319627413000 -62.20056086585810817 
 0.00000000000000000 8 0.08546300192473201 6 0.16115851615408522 6 0.19322335037731386 6 0.24355451579531287 6 0.34011798892302247 6 0.49742666759577842 6 0.69849295753179153 6 0.85850816811672459 6 1.00000000000000000 8
7 0 0  8 114 17  153.00000000000000000 16.30909826966242449 -64.98471600022958228  152.08107664622693278 16.30909826966242449 -64.98471600022958228  151.16203204883407807 16.26668484547592541 -64.93317410051699312  150.24905092171886167 16.18184157176382953 -64.83006638065079130  149.34821965743682881 16.05455193445346751 -64.67632695071621640  148.46552098928498253 15.88478846598625438 -64.47379819575526483  147.60682662843825597 15.67247790118005568 -64.22528570555269312  146.77785351803890990 15.41753793718991616 -63.93470678191502543  145.73688721493783760 15.02746382227387478 -63.50538536166517645  145.49313596446344832 14.93072506033063362 -63.39988156999194047  145.25295966233662170 14.82986860183543598 -63.29096870826530363  145.01651922631870661 14.72489952111436828 -63.17881781954100262  144.78397169960911128 14.61582512446887527 -63.06361263917955995  144.55546952614366774 14.50265581443987628 -62.94554991179838765  144.33115982589305304 14.38540595407184775 -62.82483970822364938  143.68487326426745199 14.02899544734834691 -62.46307401093927325  143.27478886261027924 13.77861521507661280 -62.21531063586733268  142.88201436055760496 13.51311778643999162 -61.96007066481810455  142.50750479828434436 13.23273249563985843 -61.69918240778748242  142.15205854658685780 12.93777616312179113 -61.43464644608277325  141.81628813940895384 12.62869115140765608 -61.16860401567708294  141.50058975307931064 12.30609957263864196 -60.90327476501077797  140.99484708996391191 11.73232483982274310 -60.45413070979929415  140.79480276572093089 11.48735622329226658 -60.26885811695396455  140.60504220954632615 11.23628764271681924 -60.08584618597651428  140.42553495956821052 10.97946938370039049 -59.90586509188457143  140.25616279873651138 10.71728498887110170 -59.72963460825926063  140.09672852969231371 10.45015245172845120 -59.55780652699439770  139.94696696779743661 10.17852378843872252 -59.39094999697670829  139.75380128296214366 9.79931437849243281 -59.16889189707094232  139.70236341830516835 9.69517657768080099 -59.10901131038832546  139.65222704937556841 9.59049391293581088 -59.04992256625159541  139.60337333635095547 9.48529065607294797 -58.99164800117129204  139.55578226608736259 9.37959097686505316 -58.93420775551663127  139.50943280964142446 9.27341889697628119 -58.87761978546625841  139.46430307979289864 9.16679824389609799 -58.82189987495873851  139.35272985997286810 8.89494023870623174 -58.68263020248782880  139.28792687683892382 8.72911988512080228 -58.60028848707528226  139.22587895248096856 8.56237760129003256 -58.52008641745018735  139.16649914788908404 8.39479653099173895 -58.44206090435088896  139.10969741213926909 8.22645655318494029 -58.36623675487875573  139.05538182280463388 8.05743393058632051 -58.29262757416748997  139.00345982636662256 7.88780095824668948 -58.22123666705243750  138.86568970453518546 7.41531176308372952 -58.02916300928886528  138.78480557895466063 7.11129301500222510 -57.91325228279607273  138.71066627092147883 6.80593825317808854 -57.80428690338482056  138.64275725303028253 6.49957443923324707 -57.70213741105863647  138.58058529136025072 6.19248449969852111 -57.60660578217068917  138.52368825136667851 5.88490587130282972 -57.51744502372800127  138.47163971973702701 5.57702970296942890 -57.43437632253002789  138.30366400944814131 4.48982652594452247 -57.16163904638182913  138.21188178200571883 3.71019776158926717 -57.00339281957118942  138.14219520718734202 2.93176320480829222 -56.87730696082814319  138.08997274394522492 2.15557630252822818 -56.77814930755927492  138.05195545723776718 1.38219635502137983 -56.70127593854916626  138.02582776428536704 0.61171977267576949 -56.64278706427869992  138.00991402564622490 -0.15622427723296894 -56.59941256353230443  137.99460710498152594 -1.86590458706315054 -56.53035791471671700  137.99989026273456716 -2.80592821702592232 -56.51112069103613322  138.01669907408594895 -3.74327172547100417 -56.50570074624229733  138.04392138339437679 -4.67845959250397669 -56.51033908407236339  138.08099942282694883 -5.61191227527245484 -56.52215237892262678  138.12771846975073231 -6.54400193352041626 -56.53887674149684983  138.18414891093809160 -7.47508540297040991 -56.55871090922639155  138.34426213497536651 -9.71802782576419588 -56.61050898355470906  138.45781063867693206 -11.02892556349861053 -56.64410187296165589  138.59197139596975035 -12.33902657580083684 -56.67688231918761943  138.74831214712693850 -13.64866189160984788 -56.70611695119048790  138.92889791521463394 -14.95784218820740819 -56.72980863127921225  139.13633641659325235 -16.26629670304543396 -56.74649209752177370  139.37381457462788603 -17.57350169552925934 -56.75508069851944981  139.82094809788355860 -19.72173934003426155 -56.75460961680255423  140.01066614356997775 -20.56386595719472155 -56.75072168160065189  140.21574272674962458 -21.40486350012195871 -56.74292188066569054  140.43744147981021797 -22.24442184853071325 -56.73105374519430200  140.67721420479509220 -23.08209650282176284 -56.71500768770084022  140.93673582013877876 -23.91730318049609494 -56.69471983398508286  141.21799424351320340 -24.74930287419017105 -56.67017443668085974  141.73436026846789559 -26.14857154071667367 -56.62155492898497045  141.95674489970119225 -26.71792903792907126 -56.59969302818419834  142.19148449982870375 -27.28496909046338104 -56.57583564492423989  142.43950477472105831 -27.84930538005171030 -56.55000888714486251  142.70185472307161945 -28.41042645635820207 -56.52225631657709926  142.97973222984452946 -28.96768837952997444 -56.49264256091462499  143.27454812476611323 -29.52029703643237823 -56.46125810906476516  143.83348698544520516 -30.49541538088666215 -56.40237045491842593  144.09029881545924923 -30.91999420972924284 -56.37551211388206696  144.35938677221491844 -31.34060259346894384 -56.34770748819510544  144.64170383417740595 -31.75665101676677793 -56.31903088049281081  144.93830920942170337 -32.16734724952407021 -56.28958026798056835  145.25038884174080067 -32.57168718148489006 -56.25948213048277324  145.57932331818946636 -32.96842597666793040 -56.22889793084505072  146.27442859225666894 -33.74361271011182595 -56.16716875084403426  146.64011582624516450 -34.12151718298742509 -56.13606689697112273  147.02602157038708697 -34.48868333253442131 -56.10489897523908809  147.43414584097581610 -34.84308257072252246 -56.07392673599350275  147.86638246575589051 -35.18168470799754743 -56.04352474237084181  148.32446404686930919 -35.50049496755088541 -56.01419470113982157  148.80996370877087998 -35.79454857016920499 -55.98657280306589712  149.48307209743754242 -36.13892792148327260 -55.95367834530755857  149.64436689068838859 -36.21711033214310049 -55.94616627496762362  149.80834886193881061 -36.29213406246755369 -55.93891730924762840  149.97500642238310320 -36.36379398320347889 -55.93195703224554904  150.14430588767046970 -36.43187366573208408 -55.92531236202864875  150.31618849914619318 -36.49614965770378916 -55.91901103570111076  150.49056744509294958 -36.55639575867323998 -55.91308109447192720  150.94368856602687856 -36.69993115092518821 -55.89890297164230049  151.22598496279968572 -36.77711259321043968 -55.89122771601449813  151.51361189648264371 -36.84300964760286234 -55.88463686523331830  151.80582625422096044 -36.89677206720232761 -55.87923544945227405  152.10173191856921449 -36.93766660744201857 -55.87511418720645651  152.40026458960736022 -36.96513465405916321 -55.87234173000036463  152.70017349671422835 -36.97886220479015407 -55.87095622986186783  153.00000000000000000 -36.97886220479015407 -55.87095622986186783 
 0.00000000000000000 9 0.08599024673830566 7 0.11276452356699082 7 0.16465266018977992 7 0.20157657395953010 7 0.21545027618074039 7 0.23681086322984013 7 0.27475761307292473 7 0.37074574771828767 7 0.48892779632199246 7 0.65563738379964898 7 0.76332382760706752 7 0.83765067288399087 7 0.89583081236741136 7 0.95401556982120650 7 0.97195357720871733 7 1.00000000000000000 9
2 153.00000000000000000 -65.58647695035998026 -85.02743111043577073 0.00000000000000000 -0.91354545764260098 -0.40673664307580021 0.00000000000000000 0.40673664307580021 -0.91354545764260098 1.00000000000000000 0.00000000000000000 0.00000000000000000 21.50000000000000000
2 132.00595322478298499 0.00000000000000000 0.00000000000000000 1.00000000000000000 0.00000000000000000 -0.00000000000000000 0.00000000000000000 0.00000000000000000 1.00000000000000000 0.00000000000000000 -1.00000000000000000 0.00000000000000000 51.50000000000000000
1 128.82369916445000513 0.00000000000001261 51.50000000000000000 1.00000000000000000 0.00000000000000000 0.00000000000000000 
1 163.78749999999999432 -65.59544680830134666 30.39552369792138364 1.00000000000000000 0.00000000000000000 0.00000000000000000 
2 163.78749999999999432 -65.59544680830136087 27.17052369792138222 1.00000000000000000 0.00000000000000000 -0.00000000000000000 0.00000000000000000 0.00000000000000000 1.00000000000000000 0.00000000000000000 -1.00000000000000000 0.00000000000000000 3.22499999999999964
2 166.85640646055102820 0.00000000000000000 0.00000000000000000 1.00000000000000000 0.00000000000000000 -0.00000000000000000 0.00000000000000000 0.00000000000000000 1.00000000000000000 0.00000000000000000 -1.00000000000000000 0.00000000000000000 59.00000000000000000
7 0 0  6 7 2  166.85640586055075119 -8.31977567325326106 58.41045568001283073  167.01246068318712901 -6.95897110644780170 58.60428379861171067  167.17000292956478802 -5.58799523564381317 58.76074522859123306  167.32450481039032297 -4.20655355413368426 58.87937335980864617  167.47100415158809028 -2.81451619935712838 58.95944395347022038  167.60401510795730928 -1.41209199402910190 59.00000000000000000  167.71715814026538283 0.00000000000000000 59.00000000000000000 
 0.00000000000000000 7 1.00000000000000000 7
1 147.00000000000000000 0.00000000000001445 59.00000000000000000 1.00000000000000000 0.00000000000000000 0.00000000000000000 
7 0 0  8 9 2  167.71715814026538283 0.00000000000001433 59.00000000000000000  167.87644747495835418 1.98802515422882742 59.00000000000000000  167.99823335343779718 3.99432356559210167 58.92344316121010195  168.06773093395560181 6.02070881982440831 58.76786688585691820  168.06707651390385649 8.06417190004686901 58.52982883969929873  167.97457948665623917 10.11694249123419098 58.20642526305297793  167.76402652432838636 12.16650196965700026 57.79680681206631476  167.40400599474796195 14.19471624641216145 57.30399898088387545  166.85640586055075119 16.17454947818953315 56.73961534217164626 
 0.00000000000000000 9 1.00000000000000000 9
2 166.85640646055102820 0.00000000000000000 0.00000000000000000 1.00000000000000000 0.00000000000000000 -0.00000000000000000 0.00000000000000000 0.00000000000000000 1.00000000000000000 0.00000000000000000 -1.00000000000000000 0.00000000000000000 59.00000000000000000
2 153.00000000000000000 65.58647695035998026 85.02743111043577073 -0.00000000000000000 0.91354545764260098 0.40673664307580021 0.00000000000000000 -0.40673664307580021 0.91354545764260098 1.00000000000000000 0.00000000000000000 0.00000000000000000 21.50000000000000000
2 153.00000000000000000 -72.43806788267947638 -88.07795593350427055 0.00000000000000000 -0.91354545764260098 -0.40673664307580021 0.00000000000000000 0.40673664307580021 -0.91354545764260098 1.00000000000000000 0.00000000000000000 0.00000000000000000 20.00000000000000000
2 153.00000000000000000 0.00000000000000000 0.00000000000000000 1.00000000000000000 0.00000000000000000 -0.00000000000000000 0.00000000000000000 0.00000000000000000 1.00000000000000000 0.00000000000000000 -1.00000000000000000 0.00000000000000000 67.00000000000000000
2 143.67262094691119501 0.00000000000000000 0.00000000000000000 1.00000000000000000 0.00000000000000000 -0.00000000000000000 0.00000000000000000 0.00000000000000000 1.00000000000000000 0.00000000000000000 -1.00000000000000000 0.00000000000000000 64.00000000000000000
7 0 0  8 58 9  153.00000000000000000 -16.30909826966243159 64.98471600022958228  152.08107664622792754 -16.30909826966243159 64.98471600022958228  151.16203204884004663 -16.26668484547717597 64.93317410051767524  150.24905092171744059 -16.18184157176157001 64.83006638064996707  149.34821965744353633 -16.05455193445518347 64.67632695071770854  148.46552098929737440 -15.88478846599035421 64.47379819575810700  147.60682662844047286 -15.67247790117905737 64.22528570555323313  146.77785351804962488 -15.41753793719334809 63.93470678191890499  145.73688721494752940 -15.02746382227767974 63.50538536166931891  145.49313596447308328 -14.93072506033457714 63.39988156999623214  145.25295966234611456 -14.82986860183955713 63.29096870826977295  145.01651922632814262 -14.72489952111868305 63.17881781954559983  144.78397169961846203 -14.61582512447337656 63.06361263918429927  144.55546952615287637 -14.50265581444453211 62.94554991180321935  144.33115982590214799 -14.38540595407663503 62.82483970822855213  143.68487326427575113 -14.02899544735336157 62.46307401094426837  143.27478886262011315 -13.77861521508336651 62.21531063587369204  142.88201436056621674 -13.51311778644596373 61.96007066482385284  142.50750479829167716 -13.23273249564541665 61.69918240779274043  142.15205854659492957 -12.93777616312896406 61.43464644608901892  141.81628813941793510 -12.62869115141631760 61.16860401568429495  141.50058975308641607 -12.30609957264587528 60.90327476501676074  141.00872605282381755 -11.74807078887502065 60.46645645195193453  140.82125816374394844 -11.51967007210100036 60.29332500678866325  140.64275732602646940 -11.28592998751266485 60.12211966418855980  140.47320289916800107 -11.04713296901578268 59.95346847813353719  140.31250816400833514 -10.80358755467765164 59.78796310662608704  140.16052607928679663 -10.55562948873875939 59.62614615458608114  140.01705657191013188 -10.30362176538321428 59.46850019717386715  139.83211320666916322 -9.95389022148695091 59.25912523518785946  139.78348937233187144 -9.85932949327624186 59.20343141087600003  139.73597112412213050 -9.76428998195578934 59.14837715951951225  139.68954494526397525 -9.66879021306418984 59.09398112731401653  139.64419653600276661 -9.57284868535872313 59.04026045773495213  139.59991081360516318 -9.47648387081533983 58.98723079153768367  139.55667191235912128 -9.37971421462866140 58.93490626675752253  139.44969269551646107 -9.13346938360269434 58.80410750430080213  139.38734807798695670 -8.98347014051170234 58.72660540501053106  139.32736985248163819 -8.83262681476626810 58.65083901891220819  139.26969489397723123 -8.68100420066814848 58.57684506953405190  139.21425726221636410 -8.52866523573243818 58.50465167165449287  139.16098903299206313 -8.37567075842647490 58.43427879709780370  139.10982112943236189 -8.22207926590871985 58.36573874052947275  138.98045809688696295 -7.81629402319448108 58.19013181961949499  138.90564630374913691 -7.56320032455268887 58.08612701076084051  138.83594478329717958 -7.30890452115550282 57.98704274765145783  138.77104628364568839 -7.05362489046738528 57.89284848303745434  138.71064832631293484 -6.79755758026997370 57.80347134200117409  138.65445905687388972 -6.54087546646824514 57.71880458162889482  138.60220091154974398 -6.28372733053701982 57.63871570177969517  138.41109865087037178 -5.27100620641443030 57.34113520603710157  138.30025700775777864 -4.51339111918939828 57.15746727925493786  138.21424735450520416 -3.75571610047668614 57.00791280641115577  138.14785935342229095 -2.99955916706113968 56.88755240374164401  138.09736061575705435 -2.24585720434363978 56.79173336682771378  138.06000200215413543 -1.49495469271811388 56.71641102683348379  138.03378427516906868 -0.74661062010845036 56.65814482459031609  138.01726693596242512 0.00000000000000000 56.61406358458784638 
 0.00000000000000000 9 0.24132504809894820 7 0.31646500743821981 7 0.46208509275291060 7 0.55886928791633406 7 0.59447735925780887 7 0.64911895179003942 7 0.73833240829234004 7 1.00000000000000000 9
7 0 0  7 32 6  153.00000000000000000 -16.30909826966243159 64.98471600022958228  154.05061161404370296 -16.30909826966243159 64.98471600022958228  155.10138525538263821 -16.25250249514482093 64.91593934076780670  156.14241347650144576 -16.13928459691852169 64.77834764338388140  157.16398585609056227 -15.96941808397215468 64.57382170882758032  158.15660330021597701 -15.74284732732029823 64.30602846634693037  159.11100035949485232 -15.45936226979852535 63.98070781389354522  160.30087551366887055 -15.01325837610712277 63.48976048137027561  160.57875036542736780 -14.90187828113981894 63.36847625528329075  160.85181367916223394 -14.78500945235824915 63.24269103261864444  161.11980931700654196 -14.66266057759412611 63.11268352404040627  161.38248937942586281 -14.53484539114984564 62.97875803514633475  161.63961613902029057 -14.40158498018553601 62.84124530982455070  162.37568312063118015 -13.99547841115278857 62.42908543564416135  162.83897481935827045 -13.70787468841687762 62.14562101530356131  163.27913222714295216 -13.40035696842108237 61.85271943535310868  163.69470063826292971 -13.07331204763055688 61.55332987129609990  164.08454985144234684 -12.72731264771495319 61.25073873350929432  164.44795200497381416 -12.36323747034212239 60.94844816305872826  165.07899241048349381 -11.64960371995494448 60.38899981186942512  165.35298543815744665 -11.30392020898661976 60.13089882618148607  165.60641842806293766 -10.94636179621373628 59.87799510583143103  165.83951662940572191 -10.57800845531843947 59.63250741175857428  166.05289310592272045 -10.20007745870528559 59.39635347298989387  166.24746145951237963 -9.81391699021294528 59.17104674038462520  166.49387876987881896 -9.26644735251478302 58.87372402285843265  166.56070015764152004 -9.11085687234719366 58.79163612366013325  166.62485789634962430 -8.95428751065976591 58.71144509233893416  166.68642702978584680 -8.79681854239794525 58.63319996155694014  166.74548672422332629 -8.63852699153554049 58.55693791512866397  166.80211883290976971 -8.47948720743814910 58.48268493116936639  166.85640646055114189 -8.31977044122656828 58.41045642524356651 
 0.00000000000000000 8 0.37844480137305631 6 0.49622730457686026 6 0.72336844678368151 6 0.92191711049200942 6 1.00000000000000000 8
2 161.88749999999998863 0.00000000000000000 0.00000000000000000 1.00000000000000000 0.00000000000000000 -0.00000000000000000 0.00000000000000000 0.00000000000000000 1.00000000000000000 0.00000000000000000 -1.00000000000000000 0.00000000000000000 64.30459859409521073
7 0 0  7 44 8  161.88749939999999583 -19.93366852374176901 61.13697989825818269  162.12856453977673254 -20.06424635651405453 60.92502971811833135  162.36194182394160634 -20.20966839299280693 60.70520107058327142  162.58655646119555627 -20.37176205384485783 60.47793027044792069  162.80082644217802113 -20.55245059978028621 60.24411500004060827  163.00278368471759904 -20.75365998433253623 60.00525708220378363  163.19018478222378121 -20.97713175255720941 59.76351813753763764  163.43137599025777718 -21.32670573899029520 59.42127530756859954  163.49919544750267164 -21.43330096999883239 59.32087310599636254  163.56388724432801496 -21.54399718206760994 59.22069774585722968  163.62526117916806356 -21.65883870529297539 59.12099214922363188  163.68312399345748531 -21.77783672834973672 59.02202228064144407  163.73728403357125671 -21.90096133036562875 58.92407349219813284  163.87651044495072483 -22.25316074823511769 58.65646905280796375  163.95333794312321629 -22.49097891563228657 58.48954068617032931  164.01691675230773626 -22.74098630849840319 58.32847525965638624  164.06631952951644848 -23.00221203492314004 58.17507466063970156  164.10083999465294369 -23.27325104893709451 58.03103259958511018  164.12000046539847631 -23.55220282435389834 57.89783108102344755  164.12655709198710952 -24.04780885492053955 57.68650173050559715  164.12084913485077209 -24.26215586703950677 57.60297538256369165  164.10660951553600739 -24.47856753739703706 57.52647014437309281  164.08393365381886042 -24.69606333541859300 57.45725158336616545  164.05301178991689426 -24.91367950416381660 57.39542409138164203  164.01411944856130276 -25.13047509313467387 57.34095168516614649  163.94594779903150084 -25.44582634810570454 57.27162782550386311  163.92261308582905599 -25.54574832676911811 57.25114361414561870  163.89765855105559922 -25.64522072387273965 57.23220398130092690  163.87112210832597725 -25.74416432927268517 57.21478555165730029  163.84304384003618793 -25.84250571708508204 57.19885974177618237  163.81346552509651815 -25.94017716444635724 57.18439367777938998  163.73190918383133408 -26.19491961509421785 57.15011974266243300  163.67752712736424314 -26.35078286376879220 57.13266066571620883  163.61946879659265619 -26.50444161177442126 57.11881622789015722  163.55792496832989968 -26.65567656873439972 57.10840581448643150  163.49308779932994184 -26.80431081209031774 57.10123393506593459  163.42514622874506358 -26.95020674077431622 57.09709830809833875  163.18421985647890438 -27.43656963320222530 57.09267733458845129  162.99742843823815974 -27.76331134940098977 57.10588651018707651  162.79628281833910819 -28.07245457389921128 57.13259722224672288  162.58298555648210026 -28.36371812713698048 57.17009876711740191  162.35946881316380086 -28.63740197061061821 57.21601051664550397  162.12728700760058587 -28.89422056655368465 57.26837124514969446  161.88749939999999583 -29.13514088026136406 57.32560525438663745 
 0.00000000000000000 8 0.22937667344177393 6 0.32461860841119894 6 0.49314626056378963 6 0.61838709023581295 6 0.67678792692688106 6 0.77185586933171124 6 1.00000000000000000 8
2 161.88749999999998863 0.00000000000000000 0.00000000000000000 1.00000000000000000 0.00000000000000000 -0.00000000000000000 0.00000000000000000 0.00000000000000000 1.00000000000000000 0.00000000000000000 -1.00000000000000000 0.00000000000000000 64.30459859409521073
7 0 0  7 44 8  161.88749940000002425 -57.32560525438663745 29.13514088026133564  162.12856453982175253 -57.26806631575124129 28.89293699953963213  162.36194182402797992 -57.21545289649940003 28.63466576399007835  162.58655646132089601 -57.16936569932772017 28.35934351321466806  162.80082644233749534 -57.13179943218915469 28.06624505378662704  163.00278368490504022 -57.10517789900506358 27.75507048001822952  163.19018478243287973 -57.09226105468054868 27.42611683017424085  163.43137599048296238 -57.09744496515730106 26.93692846784410477  163.49919544772998847 -57.10182409827705641 26.79055917954640975  163.56388724455607075 -57.10926346403114451 26.64145046084663093  163.62526117939523829 -57.11996618037608187 26.48974273747782249  163.68312399368215893 -57.13412822423371296 26.33561616318619869  163.73728403379169549 -57.15193021274841101 26.17929366961969961  163.87651044522931443 -57.21174789576577524 25.74102615881947997  163.95333794344026046 -57.26187455468841137 25.45482713963652444  164.01691675263305115 -57.32476602234414997 25.16415476118493544  164.06631952981922495 -57.40100990126170899 24.87096967449896567  164.10083999489896200 -57.49081030806164705 24.57746303128271137  164.12000046555502308 -57.59387130324102344 24.28602664194391991  164.12655709163317397 -57.79488526262628767 23.78614786252442670  164.12084913591266400 -57.88738943090108791 23.57551961185237843  164.10660951983240352 -57.98631820600417797 23.36839610080708596  164.08393366312353123 -58.09116603282885904 23.16565845346391228  164.05301180592041987 -58.20132524869978852 22.96806196485708895  164.01411947284105963 -58.31610505737533856 22.77624654330784537  163.94594783380665604 -58.49007268444148622 22.50424016941486371  163.92261312113413396 -58.54624367110399419 22.41910012852252976  163.89765858663648146 -58.60318893771678006 22.33537017188461959  163.87112214393417275 -58.66083594539351509 22.25308978070321686  163.84304387542985637 -58.71911256263570067 22.17229066338744659  163.81346556004100989 -58.77794765678989108 22.09299746190112046  163.73190921904401307 -58.93384244435812036 21.88863200345344140  163.67752716323258255 -59.03170897467619227 21.76607460623913326  163.61946883284011278 -59.13057262363819433 21.64763196242609311  163.55792500469374318 -59.23015061562529127 21.53333141986655619  163.49308783556293179 -59.33017961485358427 21.42315984909734539  163.42514626461630201 -59.43041928800668927 21.31707151413079515  163.18421988971951464 -59.77120369673860978 20.97003489870469295  162.99742846806961438 -60.01158528515664159 20.74833390328578275  162.79628284364301294 -60.24906988882811021 20.54862395018048460  162.58298557636541659 -60.48154192659306005 20.36918710629804607  162.35946882693207272 -60.70753014477993759 20.20812790835061179  162.12728701471263548 -60.92615294841088058 20.06355435909651419  161.88749940000002425 -61.13697989825816848 19.93366852374179743 
 0.00000000000000000 8 0.22937667347833290 6 0.32461860846069807 6 0.49314626077823920 6 0.61838707714793451 6 0.67678791770576696 6 0.77185586255831673 6 1.00000000000000000 8
2 161.88749999999998863 0.00000000000000000 0.00000000000000000 1.00000000000000000 0.00000000000000000 -0.00000000000000000 0.00000000000000000 0.00000000000000000 1.00000000000000000 0.00000000000000000 -1.00000000000000000 0.00000000000000000 64.30459859409521073
7 0 0  7 44 8  161.88749939999999583 -61.13697989825817558 -19.93366852374177256  162.12856453975177828 -60.92502971814025869 -20.06424635650054000  162.36194182389246521 -60.70520107062966275 -20.20966839296203332  162.58655646112552517 -60.47793027051864811 -20.37176205379448746  162.80082644208883380 -60.24411500013790288 -20.55245059970508947  163.00278368461175660 -60.00525708232908073 -20.75365998422692471  163.19018478210668377 -59.76351813768870613 -20.97713175241755579  163.43137599013132899 -59.42127530775434963 -21.32670573879446607  163.49919544737500132 -59.32087310619088072 -21.43330096978682420  163.56388724419994674 -59.22069774606024595 -21.54399718183857360  163.62526117904045009 -59.12099214943470571 -21.65883870504609732  163.68312399333129292 -59.02202228086002123 -21.77783672808427795  163.73728403344745175 -58.92407349242347436 -21.90096133008091428  163.87651044479423490 -58.65646905313113990 -22.25316074778872988  163.95333794294532481 -58.48954068657894112 -22.49097891503038937  164.01691675212458676 -58.32847526014212747 -22.74098630772644469  164.06631952934685614 -58.17507466118777870 -23.00221203397499181  164.10083999451452996 -58.03103260018328058 -23.27325104780042153  164.12000046531059638 -57.89783108165259762 -23.55220282303053025  164.12655709218594779 -57.68650172573661195 -24.04780886599166223  164.12084913425448462 -57.60297537315823746 -24.26215589107235715  164.10660951312343059 -57.52647013119538144 -24.47856757458418286  164.08393364859404073 -57.45725156731951699 -24.69606338576972604  164.05301178093051817 -57.39542407336740837 -24.91367956751928503  164.01411943492743717 -57.34095166605128213 -25.13047516918106439  163.94594777950419484 -57.27162780809491238 -25.44582643238398489  163.92261306600425996 -57.25114359860787516 -25.54574840701718230  163.89765853107590488 -57.23220396750620154 -25.64522080007672145  163.87112208833084992 -57.21478553947754619 -25.74416440143008344  163.84304382016156865 -57.19885973108458899 -25.84250578520396502  163.81346550547419838 -57.18439366845120730 -25.94017722854470520  163.73190916405840767 -57.15011973611410667 -26.19491967228472973  163.67752710722308507 -57.13266066055458481 -26.35078291802844674  163.61946877623867636 -57.11881622396499125 -26.50444166310842320  163.55792494791057834 -57.10840581165196284 -26.65567661716630710  163.49308777898409062 -57.10123393318314555 -26.80431085765924948  163.42514620860239916 -57.09709830703622657 -26.95020678353215970  163.18421983781345830 -57.09267733590775862 -27.43656966585419354  162.99742842148685895 -57.10588651241180003 -27.76331137514616287  162.79628280413038510 -57.13259722474507640 -28.07245459330071569  162.58298554531711488 -57.17009876941069280 -28.36371814080749942  162.35946880543238535 -57.21601051838911189 -28.63740197916279584  162.12728700360702305 -57.26837124610289464 -28.89422057056605908  161.88749939999999583 -57.32560525438663745 -29.13514088026133919 
 0.00000000000000000 8 0.22937667342053794 6 0.32461860838256096 6 0.49314626044222931 6 0.61838709758408605 6 0.67678793210401966 6 0.77185587313463189 6 1.00000000000000000 8
2 153.00000000000000000 0.00000000000000000 0.00000000000000000 1.00000000000000000 0.00000000000000000 -0.00000000000000000 0.00000000000000000 0.00000000000000000 1.00000000000000000 0.00000000000000000 -1.00000000000000000 0.00000000000000000 67.00000000000000000
7 0 0  8 44 7  153.00000000000000000 36.97886220479016828 55.87095622986186783  153.36344971194174036 36.97886220479016828 55.87095622986186783  153.72703908975825016 36.95869021251875353 55.87299208672560269  154.08811090673191302 36.91832094102198880 55.87706690822149369  154.44451170503532467 36.85845017073634722 55.88309609777186893  154.79451979654879779 36.78025774116606073 55.89093436066539766  155.13678639172169937 36.68521623818565303 55.90039903429630641  155.47028985647759214 36.57494537696736359 55.91128974243081728  156.03698211280558894 36.35836357921083106 55.93247797412447397  156.27446933630238846 36.25795614230207775 55.94224307343421287  156.50660015223382970 36.15051740495363930 55.95262155670050674  156.73329721916852009 36.03665745604394743 55.96353729593248971  156.95455471978326045 35.91695082862560184 55.97491858332629988  157.17042604350666579 35.79192255663916455 55.98669983898270175  157.38101490168861574 35.66203829789898805 55.99882259289380926  157.94804874274487361 35.29127483069279236 56.03308155990534090  158.29353916567413307 35.04117391922747515 56.05581548213000787  158.62389174951431414 34.77952680781051242 56.07916447756160494  158.93997022927638341 34.50811480871566772 56.10290065803846460  159.24261916741210143 34.22841656965179880 56.12683684096739256  159.53268411472882349 33.94162238003153220 56.15082294840969013  159.81101111070591969 33.64863472372640274 56.17474227633594808  160.42523697976298536 32.96293774853374714 56.22932137488837157  160.75349043361580925 32.56668607677736560 56.25985528480737230  161.06495195736806636 32.16286821655042871 56.28990290146731468  161.36099483013646250 31.75272115167889098 56.31930378743316368  161.64279893807909616 31.33724298270580633 56.34793221890040371  161.91141813037836528 30.91722152007665159 56.37569076268823665  162.16780066927151438 30.49324341626288515 56.40250548792574392  162.72780724975177691 29.51609184004171027 56.46150707398298607  163.02390801319239699 28.96078523734902177 56.49303015934569316  163.30291881941161591 28.40078701010540740 56.52276466884355699  163.56626893943570167 27.83690125253157532 56.55061902460493428  163.81517114506812050 27.26977949981669269 56.57652794872774393  164.05068704290010828 26.69993874764300301 56.60044757173962182  164.27375300278725945 26.12776890230040294 56.62235175343106164  164.91113733772027672 24.39691931409043235 56.68226473146309985  165.28981803231496883 23.23236592664267164 56.71406105916340579  165.62813097337476620 22.06226964689078685 56.73752453736898360  165.93090791407104234 20.88838143916041545 56.75275739701233846  166.20212107834095150 19.71200030118439628 56.76003232380013941  166.44501055671619838 18.53399039669800530 56.75979758390415242  166.66233613317484696 17.35481938734623597 56.75269101906297919  166.85640646055111347 16.17454730890454329 56.73961596056138035 
 0.00000000000000000 9 0.08772511899985240 7 0.15342936454542783 7 0.26906183755985874 7 0.41899963805160700 7 0.61175234910545817 7 1.00000000000000000 9
2 161.88749999999998863 0.00000000000000000 0.00000000000000000 1.00000000000000000 0.00000000000000000 -0.00000000000000000 0.00000000000000000 0.00000000000000000 1.00000000000000000 0.00000000000000000 -1.00000000000000000 0.00000000000000000 64.30459859409521073
7 0 0  7 44 8  161.88749939999999583 57.32560525438663745 -29.13514088026135340  162.12856453976684179 57.26806631576431528 -28.89293699959474182  162.36194182392159746 57.21545289652344479 -28.63466576410788633  162.58655646116761773 57.16936569935914036 -28.35934351340248227  162.80082644214240872 57.13179943222331048 -28.06624505405345715  163.00278368467485279 57.10517789903546060 -27.75507048037286850  163.19018478217691381 57.09226105469817014 -27.42611683062347794  163.43137599020707285 57.09744496514174728 -26.93692846843266153  163.49919544745148414 57.10182409825016236 -26.79055918017357030  163.56388724427665693 57.10926346399103437 -26.64145046151312712  163.62526117911687606 57.11996618032082296 -26.48974273818422276  163.68312399340683783 57.13412822416130865 -26.33561616393279436  163.73728403352157557 57.15193021265686468 -26.17929367040648359  163.87651044488796970 57.21174789557581164 -25.74102616000624266  163.95333794305196307 57.26187455438984131 -25.45482714119657075  164.01691675223423772 57.32476602190356374 -25.16415476312181454  164.06631952944854902 57.40100990064333786 -24.87096967681114990  164.10083999459740767 57.49081030723205288 -24.57746303395555643  164.12000046536326181 57.59387130216975947 -24.28602664495677033  164.12655709206677557 57.79488527234649098 -23.78614783809309685  164.12084913461202973 57.88738945346276665 -23.57551956027608853  164.10660951456989665 57.98631824303630822 -23.36839602312457842  164.08393365172665312 58.09116608574009888 -23.16565835105206617  164.05301178631845005 58.20132531863472281 -22.96806183935096257  164.01411944310171975 58.31610514518678201 -22.77624639653062744  163.94594779121192119 58.49007278758126205 -22.50424001257171724  163.92261307789036096 58.54624377091371201 -22.41909998078159560  163.89765854305488801 58.60318903397735113 -22.33537003306971869  163.87112210031912696 58.66083603790355738 -22.25308965062083288  163.84304383207754086 58.71911265121205048 -22.17229054182947934  163.81346551723891025 58.77794774126790855 -22.09299734864731590  163.73190917591341531 58.93384252246902122 -21.88863190514217649  163.67752711929878728 59.03170905040551730 -21.76607451458709619  163.61946878844210573 59.13057269676208705 -21.64763187719369242  163.55792496015314441 59.23015068595522337 -21.53333134079279532  163.49308779118260304 59.33017968223543903 -21.42315977590738640  163.42514622067906771 59.43041935231865125 -21.31707144654242470  163.18421984900450639 59.77120374913629064 -20.97003485037683745  162.99742843153009630 60.01158532829750669 -20.74833386700770532  162.79628281264945144 60.24906992260684291 -20.54862392410869276  162.58298555201125168 60.48154195121593801 -20.36918708874953410  162.35946881006765352 60.70753016066002772 -20.20812789784912411  162.12728700600140996 60.92615295606994863 -20.06355435437789225  161.88749939999999583 61.13697989825818269 -19.93366852374174414 
 0.00000000000000000 8 0.22937667343319801 6 0.32461860839968415 6 0.49314626051508798 6 0.61838709317843010 6 0.67678792900010165 6 0.77185587085459817 6 1.00000000000000000 8
2 161.88749999999998863 0.00000000000000000 0.00000000000000000 1.00000000000000000 0.00000000000000000 -0.00000000000000000 0.00000000000000000 0.00000000000000000 1.00000000000000000 0.00000000000000000 -1.00000000000000000 0.00000000000000000 64.30459859409521073
7 0 0  7 44 8  161.88749939999999583 61.13697989825816848 19.93366852374180453  162.12856453976687021 60.92502971812696444 20.06424635650875388  162.36194182392159746 60.70520107060222159 20.20966839298011664  162.58655646116758930 60.47793027047605108 20.37176205382491645  162.80082644214238030 60.24411500007941811 20.55245059975035105  163.00278368467488121 60.00525708225439558 20.75365998428978287  163.19018478217691381 59.76351813759807641 20.97713175250136786  163.43137599020707285 59.42127530764309995 21.32670573891176602  163.49919544745148414 59.32087310607436592 21.43330096991379463  163.56388724427665693 59.22069774593865077 21.54399718197574742  163.62526117911687606 59.12099214930830016 21.65883870519397902  163.68312399340683783 59.02202228072909662 21.77783672824330807  163.73728403352157557 58.92407349228846414 21.90096133025147651  163.87651044488802654 58.65646905293744595 22.25316074805625632  163.95333794305173569 58.48954068633452152 22.49097891539056349  164.01691675223460720 58.32847525985064152 22.74098630818938460  164.06631952944815112 58.17507466085979217 23.00221203454275454  164.10083999459760662 58.03103259982489703 23.27325104848125292  164.12000046536323339 57.89783108127564759 23.55220282382342489  164.12655709206680399 57.68650172859419456 24.04780885935781498  164.12084913461188762 57.60297537879409191 24.26215587667163476  164.10660951456898715 57.52647013909142970 24.47856755230178649  164.08393365172469203 57.45725157693458129 24.69606335559961252  164.05301178631520997 57.39542408416150465 24.91367952955678788  164.01411944309674595 57.34095167750482602 25.13047512361444902  163.94594779120484418 57.27162781852626239 25.44582638188487067  163.92261307788319868 57.25114360791800294 25.54574835893291507  163.89765854304761206 57.23220397577193808 25.64522075441564297  163.87112210031182258 57.21478554677559458 25.74416435819371074  163.84304383207035016 57.19885973749094177 25.84250574438746995  163.81346551723183325 57.18439367404062068 25.94017719013726975  163.73190917590630988 57.15011974003783024 26.19491963801641887  163.67752711929148290 57.13266066364739260 26.35078288551637371  163.61946878843465925 57.11881622631693034 26.50444163234939765  163.55792496014575477 57.10840581335037314 26.65567658814616792  163.49308779117521340 57.10123393431131689 26.80431083035458428  163.42514622067170649 57.09709830767264549 26.95020675791192488  163.18421984899759991 57.09267733511722298 27.43656964628953787  162.99742843152446881 57.10588651107871527 27.76331135971930308  162.79628281264393763 57.13259722324812628 28.07245458167577468  162.58298555200690316 57.17009876803656709 28.36371813261652974  162.35946881006537978 57.21601051734428722 28.63740197403786070  162.12728700599973308 57.26837124553179592 28.89422056816205853  161.88749939999999583 57.32560525438663745 29.13514088026135340 
 0.00000000000000000 8 0.22937667343284493 6 0.32461860839922435 6 0.49314626051452848 6 0.61838709318059837 6 0.67678792900154361 6 0.77185587085564389 6 1.00000000000000000 8
2 161.88749999999998863 0.00000000000000000 0.00000000000000000 1.00000000000000000 0.00000000000000000 -0.00000000000000000 0.00000000000000000 0.00000000000000000 1.00000000000000000 0.00000000000000000 -1.00000000000000000 0.00000000000000000 64.30459859409521073
7 0 0  7 38 7  161.88749939999999583 19.93366852374179743 -61.13697989825816848  162.12856453972059967 20.06424635648366461 -60.92502971816765722  162.36194182383206908 20.20966839292442430 -60.70520107068654170  162.58655646103824211 20.37176205373148719 -60.47793027060697568  162.80082644197790387 20.55245059961156429 -60.24411500025895805  163.00278368448107358 20.75365998409682078 -60.00525708248355983  163.19018478196102251 20.97713175224387427 -59.76351813787658784  163.43137598997449800 21.32670573855162743 -59.42127530798469337  163.49919544721660714 21.43330096952386299 -59.32087310643219524  163.56388724404104096 21.54399718155448440 -59.22069774631206940  163.62526117888214117 21.65883870473989603 -59.12099214969646965  163.68312399317477457 21.77783672775504797 -59.02202228113104354  163.73728403329386083 21.90096132972781362 -58.92407349270299477  163.87651044460011462 22.25316074723522419 -58.65646905353191443  163.95333794272454497 22.49097891428309026 -58.48954068708608389  164.01691675189792363 22.74098630677082511 -58.32847526074370847  164.06631952913593864 23.00221203279642879 -58.17507466186882681  164.10083999434314705 23.27325104639238873 -58.03103260092434823  164.12000046520157071 23.55220282138840560 -57.89783108243325671  164.12666087692574024 24.05565380086789773 -57.68315659891887748  164.12041360035044590 24.27808237680114800 -57.59677967751553496  164.10498748435361449 24.50269060309883074 -57.51797435114703916  164.08049485206808527 24.72838245325239015 -57.44702942900369180  164.04715663324083152 24.95408577590313115 -57.38404663528387317  164.00529003991246668 25.17875967700171458 -57.32896683097734325  163.93336875155839039 25.49921025384267281 -57.26077761518214260  163.90985089472786740 25.59663657434176898 -57.24144927945243211  163.88480030095419693 25.69360531430831784 -57.22358708606238054  163.85825296182719057 25.79004411831181187 -57.20716778968879623  163.83024672571610836 25.88588598703126920 -57.19216356386409217  163.80082087566842119 25.98106919293477191 -57.17854281803740690  163.71650034028999698 26.23964893831945489 -57.14495218737457805  163.65882241665423180 26.40160168824741049 -57.12770466541313397  163.59719237892645083 26.56110282106078557 -57.11434575684427273  163.53182698997255784 26.71791301534903340 -57.10466712208254592  163.46294380735449181 26.87184241468224855 -57.09844439570651531  163.39075565768575871 27.02274678932021601 -57.09544680830134666  163.31546511098721908 27.17052369792139643 -57.09544680830134666 
 0.00000000000000000 8 0.29436577821539572 6 0.41659253251530776 6 0.63286898591945406 6 0.79956175769618232 6 0.87278868601561221 6 1.00000000000000000 8
7 0 0  6 7 2  163.31546511098721908 27.17052369792139643 -57.09544680830134666  163.11983713370827331 27.55449351864722374 -57.09544680830134666  162.90279111448259641 27.91650178566547780 -57.11626128997998109  162.66805000673198833 28.25509700797132595 -57.15342289975365020  162.41896053923056797 28.57030862688794315 -57.20276174527967328  162.15821240518999957 28.86314908390561484 -57.26098977740411300  161.88749939999999583 29.13514088026136761 -57.32560525438663035 
 0.00000000000000000 7 1.00000000000000000 7
1 161.88749999999998863 -27.17052369792135025 -57.09544680830135377 1.00000000000000000 0.00000000000000000 0.00000000000000000 
2 161.88749999999998863 -27.17052369792135380 -65.59544680830136087 1.00000000000000000 0.00000000000000000 -0.00000000000000000 0.00000000000000000 0.00000000000000000 1.00000000000000000 0.00000000000000000 -1.00000000000000000 0.00000000000000000 8.50000000000000000
2 137.00781440828052382 0.00000000000000000 0.00000000000000000 1.00000000000000000 0.00000000000000000 -0.00000000000000000 0.00000000000000000 0.00000000000000000 1.00000000000000000 0.00000000000000000 -1.00000000000000000 0.00000000000000000 51.50000000000000000
2 153.00000000000000000 0.00000000000001249 51.00000000000000000 0.00000000000000000 1.00000000000000000 -0.00000000000000024 0.00000000000000000 0.00000000000000024 1.00000000000000000 1.00000000000000000 0.00000000000000000 0.00000000000000000 16.00000000000000000
7 0 0  8 58 9  153.00000000000000000 -16.30909826966243159 64.98471600022958228  152.08107664622792754 -16.30909826966243159 64.98471600022958228  151.16203204884004663 -16.26668484547717597 64.93317410051767524  150.24905092171744059 -16.18184157176157001 64.83006638064996707  149.34821965744353633 -16.05455193445518347 64.67632695071770854  148.46552098929737440 -15.88478846599035421 64.47379819575810700  147.60682662844047286 -15.67247790117905737 64.22528570555323313  146.77785351804962488 -15.41753793719334809 63.93470678191890499  145.73688721494752940 -15.02746382227767974 63.50538536166931891  145.49313596447308328 -14.93072506033457714 63.39988156999623214  145.25295966234611456 -14.82986860183955713 63.29096870826977295  145.01651922632814262 -14.72489952111868305 63.17881781954559983  144.78397169961846203 -14.61582512447337656 63.06361263918429927  144.55546952615287637 -14.50265581444453211 62.94554991180321935  144.33115982590214799 -14.38540595407663503 62.82483970822855213  143.68487326427575113 -14.02899544735336157 62.46307401094426837  143.27478886262011315 -13.77861521508336651 62.21531063587369204  142.88201436056621674 -13.51311778644596373 61.96007066482385284  142.50750479829167716 -13.23273249564541665 61.69918240779274043  142.15205854659492957 -12.93777616312896406 61.43464644608901892  141.81628813941793510 -12.62869115141631760 61.16860401568429495  141.50058975308641607 -12.30609957264587528 60.90327476501676074  141.00872605282381755 -11.74807078887502065 60.46645645195193453  140.82125816374394844 -11.51967007210100036 60.29332500678866325  140.64275732602646940 -11.28592998751266485 60.12211966418855980  140.47320289916800107 -11.04713296901578268 59.95346847813353719  140.31250816400833514 -10.80358755467765164 59.78796310662608704  140.16052607928679663 -10.55562948873875939 59.62614615458608114  140.01705657191013188 -10.30362176538321428 59.46850019717386715  139.83211320666916322 -9.95389022148695091 59.25912523518785946  139.78348937233187144 -9.85932949327624186 59.20343141087600003  139.73597112412213050 -9.76428998195578934 59.14837715951951225  139.68954494526397525 -9.66879021306418984 59.09398112731401653  139.64419653600276661 -9.57284868535872313 59.04026045773495213  139.59991081360516318 -9.47648387081533983 58.98723079153768367  139.55667191235912128 -9.37971421462866140 58.93490626675752253  139.44969269551646107 -9.13346938360269434 58.80410750430080213  139.38734807798695670 -8.98347014051170234 58.72660540501053106  139.32736985248163819 -8.83262681476626810 58.65083901891220819  139.26969489397723123 -8.68100420066814848 58.57684506953405190  139.21425726221636410 -8.52866523573243818 58.50465167165449287  139.16098903299206313 -8.37567075842647490 58.43427879709780370  139.10982112943236189 -8.22207926590871985 58.36573874052947275  138.98045809688696295 -7.81629402319448108 58.19013181961949499  138.90564630374913691 -7.56320032455268887 58.08612701076084051  138.83594478329717958 -7.30890452115550282 57.98704274765145783  138.77104628364568839 -7.05362489046738528 57.89284848303745434  138.71064832631293484 -6.79755758026997370 57.80347134200117409  138.65445905687388972 -6.54087546646824514 57.71880458162889482  138.60220091154974398 -6.28372733053701982 57.63871570177969517  138.41109865087037178 -5.27100620641443030 57.34113520603710157  138.30025700775777864 -4.51339111918939828 57.15746727925493786  138.21424735450520416 -3.75571610047668614 57.00791280641115577  138.14785935342229095 -2.99955916706113968 56.88755240374164401  138.09736061575705435 -2.24585720434363978 56.79173336682771378  138.06000200215413543 -1.49495469271811388 56.71641102683348379  138.03378427516906868 -0.74661062010845036 56.65814482459031609  138.01726693596242512 0.00000000000000000 56.61406358458784638 
 0.00000000000000000 9 0.24132504809894820 7 0.31646500743821981 7 0.46208509275291060 7 0.55886928791633406 7 0.59447735925780887 7 0.64911895179003942 7 0.73833240829234004 7 1.00000000000000000 9
2 143.67262094691119501 0.00000000000000000 0.00000000000000000 1.00000000000000000 0.00000000000000000 -0.00000000000000000 0.00000000000000000 0.00000000000000000 1.00000000000000000 0.00000000000000000 -1.00000000000000000 0.00000000000000000 64.00000000000000000
7 0 0  8 58 9  138.01726693596242512 0.00000000000000000 56.61406358458784638  137.99406627344910703 1.04870771310519362 56.55214598637967072  137.99003188036502365 2.09274408831433600 56.51828852649369139  138.00112488172169378 3.13312028381167273 56.50448984417840137  138.02545455106843519 4.17054218737010096 56.50498666548234183  138.06200976610978159 5.20557904617245981 56.51549574951035027  138.11041453287441527 6.23876119682745145 56.53274283783430576  138.17069238467718151 7.27063674983440400 56.55418565878349568  138.33601212352240850 9.62111502206042246 56.60804099370301401  138.44881944208779601 10.93876000363127154 56.64183278122425236  138.58236907949427064 12.25558160494902893 56.67496105219235147  138.73822881913756078 13.57192778809118749 56.70461397988935914  138.91847391425832825 14.88781963576184353 56.72874014761180916  139.12573265531656830 16.20299187603645663 56.74583670113513989  139.36322047172077987 17.51692284475097594 56.75478972884412343  139.81021306894734835 19.67364674412899106 56.75480622707078737  139.99955768387917487 20.51753412641314966 56.75110398592286032  140.20427052445575100 21.36030132685584704 56.74348095598076469  140.42561644929375575 22.20163940370506594 56.73177804742175567  140.66504875977912548 23.04110507960114518 56.71588351090537117  140.92424414512549902 23.87811538025509961 56.69573165352022670  141.20519256641918560 24.71193275699291547 56.67130518024277563  141.72099903182638059 26.11411867152389377 56.62286183208749435  141.94311725019099413 26.68456891026872668 56.60106806841451288  142.17759197165997875 27.25271140678801629 56.57727086565550678  142.42534884455176325 27.81816089143470450 56.55149590125328274  142.68743683201896033 28.38040733091844103 56.52378630176208674  142.96505381320960737 28.93880859091053281 56.49420624370767285  143.25961057569739410 29.49257282275398140 56.46284573527260875  143.81808273819987676 30.46977383390975547 56.40398312379049628  144.07468638108650794 30.89527290036772555 56.37712988085274191  144.34356616444617316 31.31681498212213199 56.34932382926358230  144.62567489614602323 31.73381239796998443 56.32063897449218359  144.92207191179963388 32.14547545309445553 56.29117292339367395  145.23394365673482298 32.55080326953084580 56.26105170691045032  145.56267165769278904 32.94855500173361662 56.23043625356775976  146.26097653229322759 33.72986346636894694 56.16830601922124089  146.63043316486385947 34.11265622749667159 56.13683066683148581  147.02055401191492479 34.48451220132825767 56.10528012955084876  147.43341373030904151 34.84334522617449892 56.07392361690381932  147.87097536913393014 35.18601713756782345 56.04314862554358712  148.33503068974718531 35.50837810006242279 56.01347620060102628  148.82720071895141700 35.80526182905600763 55.98556861216482616  149.50291036376137299 36.14846008509501729 55.95276161599865361  149.65922176628654938 36.22377795927039301 55.94552084121860958  149.81804693050011679 36.29612316089956892 55.93852835233914789  149.97937413379855798 36.36530942040710812 55.93180737812031111  150.14317214586992577 36.43114068466626065 55.92538230171583535  150.30938769049103598 36.49341475559894121 55.91927822249964919  150.47794290732508671 36.55192692877586325 55.91352051789222344  150.92707397057498042 36.69536994212853642 55.89935650447257132  151.21147435237426748 36.77377419669952019 55.89156158535975294  151.50132469088543985 36.84073930676304798 55.88486495200000803  151.79586998725127955 36.89539010132501318 55.87937472073899414  152.09419688086032352 36.93697032170276628 55.87518446712753217  152.39521770182494720 36.96490271186753063 55.87236513817735073  152.69765120706543371 36.97886220479016828 55.87095622986186783  153.00000000000000000 36.97886220479016828 55.87095622986186783 
 0.00000000000000000 9 0.20346264759971949 7 0.46377654852788319 7 0.63141175681776240 7 0.74707944356091949 7 0.83761712727831450 7 0.92910220539167665 7 0.95606232615696585 7 1.00000000000000000 9
7 0 0  8 58 9  138.01726693596242512 0.00000000000000000 56.61406358458784638  137.99406627344910703 1.04870771310519362 56.55214598637967072  137.99003188036502365 2.09274408831433600 56.51828852649369139  138.00112488172169378 3.13312028381167273 56.50448984417840137  138.02545455106843519 4.17054218737010096 56.50498666548234183  138.06200976610978159 5.20557904617245981 56.51549574951035027  138.11041453287441527 6.23876119682745145 56.53274283783430576  138.17069238467718151 7.27063674983440400 56.55418565878349568  138.33601212352240850 9.62111502206042246 56.60804099370301401  138.44881944208779601 10.93876000363127154 56.64183278122425236  138.58236907949427064 12.25558160494902893 56.67496105219235147  138.73822881913756078 13.57192778809118749 56.70461397988935914  138.91847391425832825 14.88781963576184353 56.72874014761180916  139.12573265531656830 16.20299187603645663 56.74583670113513989  139.36322047172077987 17.51692284475097594 56.75478972884412343  139.81021306894734835 19.67364674412899106 56.75480622707078737  139.99955768387917487 20.51753412641314966 56.75110398592286032  140.20427052445575100 21.36030132685584704 56.74348095598076469  140.42561644929375575 22.20163940370506594 56.73177804742175567  140.66504875977912548 23.04110507960114518 56.71588351090537117  140.92424414512549902 23.87811538025509961 56.69573165352022670  141.20519256641918560 24.71193275699291547 56.67130518024277563  141.72099903182638059 26.11411867152389377 56.62286183208749435  141.94311725019099413 26.68456891026872668 56.60106806841451288  142.17759197165997875 27.25271140678801629 56.57727086565550678  142.42534884455176325 27.81816089143470450 56.55149590125328274  142.68743683201896033 28.38040733091844103 56.52378630176208674  142.96505381320960737 28.93880859091053281 56.49420624370767285  143.25961057569739410 29.49257282275398140 56.46284573527260875  143.81808273819987676 30.46977383390975547 56.40398312379049628  144.07468638108650794 30.89527290036772555 56.37712988085274191  144.34356616444617316 31.31681498212213199 56.34932382926358230  144.62567489614602323 31.73381239796998443 56.32063897449218359  144.92207191179963388 32.14547545309445553 56.29117292339367395  145.23394365673482298 32.55080326953084580 56.26105170691045032  145.56267165769278904 32.94855500173361662 56.23043625356775976  146.26097653229322759 33.72986346636894694 56.16830601922124089  146.63043316486385947 34.11265622749667159 56.13683066683148581  147.02055401191492479 34.48451220132825767 56.10528012955084876  147.43341373030904151 34.84334522617449892 56.07392361690381932  147.87097536913393014 35.18601713756782345 56.04314862554358712  148.33503068974718531 35.50837810006242279 56.01347620060102628  148.82720071895141700 35.80526182905600763 55.98556861216482616  149.50291036376137299 36.14846008509501729 55.95276161599865361  149.65922176628654938 36.22377795927039301 55.94552084121860958  149.81804693050011679 36.29612316089956892 55.93852835233914789  149.97937413379855798 36.36530942040710812 55.93180737812031111  150.14317214586992577 36.43114068466626065 55.92538230171583535  150.30938769049103598 36.49341475559894121 55.91927822249964919  150.47794290732508671 36.55192692877586325 55.91352051789222344  150.92707397057498042 36.69536994212853642 55.89935650447257132  151.21147435237426748 36.77377419669952019 55.89156158535975294  151.50132469088543985 36.84073930676304798 55.88486495200000803  151.79586998725127955 36.89539010132501318 55.87937472073899414  152.09419688086032352 36.93697032170276628 55.87518446712753217  152.39521770182494720 36.96490271186753063 55.87236513817735073  152.69765120706543371 36.97886220479016828 55.87095622986186783  153.00000000000000000 36.97886220479016828 55.87095622986186783 
 0.00000000000000000 9 0.20346264759971949 7 0.46377654852788319 7 0.63141175681776240 7 0.74707944356091949 7 0.83761712727831450 7 0.92910220539167665 7 0.95606232615696585 7 1.00000000000000000 9
2 153.00000000000000000 -67.87034059446648371 -86.04427271812527067 0.00000000000000000 -0.91354545764260098 -0.40673664307580021 0.00000000000000000 0.40673664307580021 -0.91354545764260098 1.00000000000000000 0.00000000000000000 0.00000000000000000 21.50000000000000000
1 153.00000000000000000 -56.84163912423027654 -104.66865844975168898 0.00000000000000000 -0.91354545764260098 -0.40673664307580021 
2 142.00000000000000000 0.00000000000000000 0.00000000000000000 1.00000000000000000 0.00000000000000000 -0.00000000000000000 0.00000000000000000 0.00000000000000000 1.00000000000000000 0.00000000000000000 -1.00000000000000000 0.00000000000000000 33.11145618000168156
2 153.00000000000000000 0.00000000000001249 51.00000000000000000 0.00000000000000000 1.00000000000000000 -0.00000000000000024 0.00000000000000000 0.00000000000000024 1.00000000000000000 1.00000000000000000 0.00000000000000000 0.00000000000000000 21.00000000000000000
7 0 0  6 12 3  139.99057012517621956 0.00000000000000000 63.99999999999999289  140.32203206328651390 -1.41983459754002261 63.99999999999999289  140.67185810411572788 -2.82804852154959896 63.96220119197413112  141.03487062394975737 -4.22441072757713343 63.88776446647985807  141.40629794724748081 -5.60924968115932110 63.77770509945180777  141.78152181473316773 -6.98360376104034764 63.63275133557385033  142.46604270344471388 -9.48356221883784301 63.30379600365545656  142.77546573475487435 -10.61086544406381549 63.13071403962423034  143.08093126422599539 -11.73265061946690935 62.93390828658027658  143.37910873235941267 -12.84950625215188325 62.71334260298218055  143.66595824211646004 -13.96171307406638640 62.46895086633489313  143.93683181930222759 -15.06951319627403230 62.20056086585813659 
 0.00000000000000000 7 0.54633712123839839 5 1.00000000000000000 7
1 142.82369916445000513 -25.22585276358427109 56.65819296010357675 0.00000000000000000 0.91354545764260098 0.40673664307580021 
7 0 0  8 37 6  142.82369976444999793 40.62560049235981552 61.85111627638724485  142.61793046125359297 40.43686657240874638 61.97508216888669352  142.41631631581037709 40.24300831287662561 62.10147173985041746  142.21901637915925676 40.04411107900671141 62.23014694847368844  142.02617808557448598 39.84026838635093526 62.36096491606282655  141.83793729933432815 39.63158199564175987 62.49377857780608281  141.65441836148988841 39.41816200766385236 62.62843733454442940  141.47573413663349129 39.20012695812585690 62.76478770454249201  140.81712971045399740 38.35663754912542345 63.28745540705329375  140.37120104571226875 37.70134733268662330 63.68380958699707151  139.96614212084864448 37.01445906155157672 64.08840987543769074  139.60321879806090806 36.29911906132267774 64.49785209349920478  139.28303307414842038 35.55890092397670799 64.90876079619309280  139.00553345806650896 34.79781119121211930 65.31787859018790243  138.77002339822576005 34.02029398203564625 65.72213849623791759  138.46558433304716118 32.78748125445761019 66.34174954320340589  138.36878022468300742 32.33975903278142283 66.56251105330993312  138.28446070526308631 31.88856383766259484 66.78067855980789602  138.21231776861870344 31.43439650664496554 66.99595106304623471  138.15203008343266333 30.97776277350759244 67.20805164075795801  138.10326294507919442 30.51917326505906658 67.41672719831264260  138.06566822746424350 30.05914349793172136 67.62174821896896049  137.93520336271441806 27.81384887013012630 68.60160395144863799  137.99383071552017554 26.02105431750258902 69.32011866228707220  138.19122702762791732 24.23505606097750942 69.97367439993979588  138.50883201148329249 22.46689622527200925 70.56193872697514280  138.93237360623240306 20.72496619988514865 71.08667068201857830  139.45154740897825718 19.01602252884046607 71.55070945587462461  140.05971590875822130 17.34663268982106388 71.95724235211351072  140.98003292107199513 15.19741130584237965 72.42466019341202355  141.21560476516867766 14.67379303572229965 72.53391128198529714  141.46034577995948212 14.15536222105323638 72.63759275223924305  141.71428252649326396 13.64231819254492528 72.73584479080231802  141.97748012972635934 13.13494517442235399 72.82879481568751601  142.25003427741094697 12.63363087894346215 72.91656082450884924  142.53206321898289843 12.13888510091681994 72.99925474269797121  142.82369976444999793 11.65135831221930296 73.07698577172077137 
 0.00000000000000000 9 0.07453305185953998 7 0.28252282677624729 7 0.39949266333329259 7 0.85228518861564639 7 1.00000000000000000 9
1 142.82369916445000513 -16.26128483014735338 36.52344371944172963 0.00000000000000000 0.91354545764260098 0.40673664307580021 
7 0 0  7 50 9  147.00000059999999280 32.38997678840110694 55.19863588574300195  146.44887418609513929 32.13485119134815449 55.34834089265255841  145.90930937373735787 31.85073765987757710 55.51320589809228068  145.38341571990127932 31.53796741900764999 55.69230285785103263  144.87310584640181332 31.19705775841069695 55.88449653491101543  144.38007809681880644 30.82870365074637675 56.08848874924865413  143.90579919342155790 30.43376936999497318 56.30286262763578264  143.06064662121357856 29.65153745513517336 56.71819880717584539  142.68475064178954881 29.27103599612819806 56.91676882298258278  142.32470828446449218 28.87260248006831986 57.12080070192133974  141.98125223232443659 28.45719013209839687 57.32920937496270142  141.65494064983170119 28.02587979811350394 57.54088499918638178  141.34615930975832043 27.57988108766890178 57.75471705398059186  140.93487736636114960 26.93074617657414294 58.05840863567325272  140.81765699063734587 26.73867478663876440 58.14738394020220369  140.70347125447389658 26.54440281751090680 58.23647245331414268  140.59232483842330907 26.34801662813118739 58.32560335371878324  140.48421844206524156 26.14960546595172630 58.41470689634960678  140.37914878400627572 25.94926146693615721 58.50371441236385550  140.11316643993879438 25.42224562869438387 58.73529874932622619  139.95705968646967676 25.09269818317362066 58.87760370263213616  139.80872014541250792 24.75876226982467898 59.01922502259350267  139.66806275738127852 24.42077427075595963 59.15992410726679651  139.53498579342939934 24.07908200312921920 59.29947300849472924  139.40937104881530217 23.73404472293190182 59.43765554116936300  139.07458379487135858 22.74906890909953816 59.82431034423871807  138.88272607829222238 22.10241942023764139 60.06898435310932172  138.71438320767441610 21.44759261257586758 60.30735854416035124  138.56840527185471501 20.78606924218423657 60.53863823066312477  138.44362226251561765 20.11931632876202869 60.76215707881310379  138.33884620883858929 19.44880061360914780 60.97736827243618762  138.09122341343376661 17.51097746795517196 61.57204447881548504  137.99601019858712903 16.23758463596167800 61.92943237174063853  137.95870728250650927 14.96109373289679390 62.25448016032675014  137.97184634309840590 13.68557128723435135 62.54675180651384636  138.02888785628519486 12.41409445988755245 62.80648538245547030  138.12412512328344860 11.14886043785911873 63.03430295334145228  138.39419204078856751 8.50555870452885010 63.44779294685039872  138.57627260609783093 7.12775001117708040 63.62703060573111458  138.79237258703329871 5.75985745554410133 63.76968523771598996  139.03698794056739985 4.40304310894885553 63.87698742486165315  139.30542631714473600 3.05762249501488981 63.95021347725538874  139.59370831901554766 1.72302929727169163 63.99052926723979340  139.91150803340900666 0.34079590260257081 63.99911790055538319  139.92461235673098940 0.28394879484844715 63.99941217282309935  139.93774615166512376 0.22712083140197331 63.99964744666027627  139.95090912021422014 0.17031199669125849 63.99982379456071868  139.96410096688757108 0.11352226786076233 63.99994128851289332  139.97732139870086598 0.05675161477129450 64.00000000000000000  139.99057012517621956 0.00000000000001494 64.00000000000000000 
 0.00000000000000000 8 0.12413936936365687 6 0.23093521237532683 6 0.27505974963433805 6 0.34595213616421466 6 0.47570618579920870 6 0.71967527131284736 6 0.98846720165671553 6 1.00000000000000000 8
1 153.00000000000000000 -26.84461844300281541 60.29400020441166674 0.00000000000000000 0.91354545764260098 0.40673664307580021 
2 153.00000000000000000 72.43806788267949059 88.07795593350428476 -0.00000000000000000 0.91354545764260098 0.40673664307580021 0.00000000000000000 -0.40673664307580021 0.91354545764260098 1.00000000000000000 0.00000000000000000 0.00000000000000000 15.00000000000000000
7 0 0  7 116 20  166.89998007508594924 27.17052369792139288 74.09544680830136087  166.88475642609790839 27.07825155811008244 74.09544680830136087  166.86985714442971585 26.98615520184351269 74.09427822039970124  166.85529504561105796 26.89424288723153111 74.09194900897159641  166.84108248627708804 26.80252298590563242 74.08846679540029356  166.82723136416876741 26.71100398301895140 74.08383885807704416  166.81375311813278017 26.61969447724630200 74.07807213240127453  166.74046180158373431 26.10984246901471906 74.03945780611866212  166.68834450921403345 25.69546642761524780 73.98379796541621545  166.64542302063387069 25.28657588195222417 73.90481080535580816  166.61255858698800125 24.88418035451688937 73.80306230714329274  166.59033836967120124 24.48923574316902574 73.67905811330739141  166.57906600868332703 24.10267882138083451 73.53324198001782008  166.57845213161186848 23.34114127237183922 73.19561533236216633  166.58952745483406943 22.96681963222996004 73.00312603510380427  166.61197744112715213 22.60346845943078620 72.78900674821143468  166.64548659664936281 22.25209770829746603 72.55367955173529992  166.68943385320986295 21.91378054645496576 72.29753676648120120  166.74290289151602451 21.58967745627060353 72.02097020371685687  166.87441085254133100 20.93294857324346125 71.38990358192917540  166.95468720234052284 20.60469336237073534 71.03010828281865940  167.04393884530048808 20.29741031535806073 70.64504175578854017  167.14025620836198982 20.01263789909460655 70.23450128156319749  167.24134823935227701 19.75243962962579047 69.79820873883174670  167.34444142515113185 19.51951457913725818 69.33594714162872208  167.51540323431814272 19.17961039276763557 68.51517779603888414  167.58409177638995402 19.05601069790425939 68.17025642222213833  167.65112905741199256 18.94766981194556621 67.81289590821013746  167.71528318025602289 18.85593262100774581 67.44315846872206066  167.77514722241798495 18.78233754227543528 67.06123945494115901  167.82912408088279221 18.72862430706578962 66.66751242189214111  167.92952951920898386 18.65948222563506320 65.78927934367729335  167.97359301047549707 18.65173908231105671 65.29675547520969303  168.00378068417967370 18.67796865708499254 64.79119640355305876  168.01662678955250385 18.74097702664134246 64.27870617605380232  168.00939997922432667 18.84213635186438296 63.76526165658776790  167.98034361331787068 18.98153601781460864 63.25660798251821149  167.89710264387056782 19.26655107965790847 62.45175027678859436  167.85712616826418753 19.38835891763382691 62.15120084183990201  167.80892976317750254 19.52279825632561838 61.85792119409264700  167.75280768183955615 19.66891798728753571 61.57327639609405168  167.68927977403225782 19.82552473456621556 61.29850091474003193  167.61908589865515751 19.99118802724143507 61.03468458639120087  167.43633735942916019 20.40775915552223907 60.42824250096343519  167.31821270558702963 20.66581682944183029 60.09740615816883746  167.19054241326497845 20.93578442686344232 59.78983892539344680  167.05508173889984391 21.21531973047276765 59.50500115244604160  166.91355144520329645 21.50231452124382869 59.24224724858802205  166.76760821092167930 21.79485369127744576 59.00084625827167883  166.40008007130100509 22.52687191817412682 58.45529587861317111  166.17435304911091976 22.97243931709225961 58.17377025717673433  165.94556947982735551 23.42442564767839386 57.93201649013668231  165.71696356677040285 23.88074128374289984 57.72700072349140754  165.49125638656713022 24.34031614131104604 57.55623443463293398  165.27092913246514172 24.80280441788542944 57.41791296358640295  164.87089486892736545 25.67987464719455559 57.21652979881961443  164.68940589985783163 26.09386433311067321 57.14658110923998180  164.51631879209247700 26.50957208591177405 57.10068374190655049  164.35389449493257530 26.92635914799735275 57.07856266395594957  164.20448362559659472 27.34368085865166975 57.08014617827740977  164.07050754489708311 27.76105536233361448 57.10559397204156795  163.85477614374931932 28.53577522289516466 57.19807176223618939  163.76821408218921761 28.89356740975873805 57.25872629504184630  163.69672056228310453 29.24955598467041540 57.33749544733400683  163.64190401714876089 29.60222172723889145 57.43429095871209000  163.60490106396241572 29.95025440026724439 57.54889494609950162  163.58633967652971819 30.29247528675477596 57.68102084249314743  163.58633967652971819 30.85179548087376489 57.93004623718726265  163.59462406516919941 31.07235567072270399 58.03727980976066192  163.61118049122032403 31.28908419681377140 58.15182776976011070  163.63587987403860780 31.50160933323839529 58.27347264777837665  163.66847578570522614 31.70956137118861662 58.40195781420175081  163.70860800356658160 31.91256819980096893 58.53697511062879499  163.86292148559661541 32.55884327635040876 58.99848812755881511  164.00600882602552133 32.97823829565574982 59.34922972944549713  164.18011005197834606 33.36867585589063623 59.72850589963942269  164.37986340312409084 33.72964116869282236 60.13501314944294762  164.59983467968143600 34.06003711309559634 60.56762173142310246  164.83470561133160004 34.35828752819407583 61.02517107949605446  165.22938580833218225 34.78438076896035369 61.80168953211882155  165.38338116506733400 34.93381608641796277 62.10638165973195157  165.54037047515822678 35.07037863358213770 62.42074723327406360  165.69944223509969561 35.19356538631952702 62.74505381341977284  165.85965641331102916 35.30265197079195616 63.07957078661814165  166.01999578057353801 35.39667169771530553 63.42452156753245163  166.32573384606544664 35.54581408995930047 64.10671167233255119  166.47138392997811707 35.60351846978129942 64.44251803331719941  166.61538315951150935 35.64651649517488607 64.78754732200981437  166.75673742714272407 35.67362059015435705 65.14179161721979483  166.89432784254145758 35.68344661771174486 65.50510070392411421  167.02690234145970294 35.67440959790094013 65.87713759451115436  167.24362215947684263 35.62340713746858256 66.53013367127240940  167.33096427282893615 35.59144055261297979 66.80742224736579260  167.41437898877325097 35.54816142000934320 67.08837248467996517  167.49318106111383031 35.49298926542472543 67.37215116778213542  167.56673731362505464 35.42541315181277639 67.65790738160603723  167.63447526674710275 35.34498801035752535 67.94476865545180999  167.78144857182698502 35.12086118621569852 68.63174041059629360  167.85471089907318287 34.96475485483007617 69.03191991112841208  167.91377164099614561 34.78286304048603483 69.42732707921349800  167.95757669646971522 34.57613109806458596 69.81330165317230296  167.98596774538714271 34.34654656147923646 70.18562214397978494  167.99963706712372868 34.09712274879527172 70.54059792988222455  168.00025469464063121 33.63873352095326652 71.11894120047635681  167.99345127982454073 33.43733223478771777 71.35167194907559463  167.98014981841143367 33.22867934347110719 71.57305032295572289  167.96097667020291055 33.01378570982014793 71.78280445852938385  167.93660424046169055 32.79371243927086965 71.98074162383167618  167.90773632808856064 32.56957537645806866 72.16675435022095542  167.77305323497810718 31.63287623621676659 72.88496924587806802  167.63387510905158706 30.89324659586339195 73.31376212917510315  167.47672209371577878 30.14188941064187333 73.63906895132555519  167.31581177861980336 29.38939082864404639 73.87210044650285568  167.16127392749157821 28.64180171369552852 74.02204332621882088  167.02063411075303634 27.90182051490887361 74.09544680830136087  166.89998007508592082 27.17052369792138933 74.09544680830136087 
 0.00000000000000000 8 0.01312862300686231 6 0.07348292389431092 6 0.13497273143387767 6 0.20432988487628617 6 0.25156279893228028 6 0.30676939196581765 6 0.34069362289683569 6 0.38843278667134784 6 0.45862265284726300 6 0.52066914467487979 6 0.57390758867427605 6 0.60947457167614394 6 0.69018313409746368 6 0.73969429735198855 6 0.78519068481544152 6 0.81783700784424318 6 0.86331526350131094 6 0.89644325183306650 6 1.00000000000000000 8
2 153.00000000000000000 67.87034059446648371 86.04427271812527067 -0.00000000000000000 0.91354545764260098 0.40673664307580021 0.00000000000000000 -0.40673664307580021 0.91354545764260098 1.00000000000000000 0.00000000000000000 0.00000000000000000 21.50000000000000000
1 153.00000000000000000 56.84163912423027654 104.66865844975168898 0.00000000000000000 0.91354545764260098 0.40673664307580021 
2 153.00000000000000000 -72.43806788267949059 -88.07795593350427055 0.00000000000000000 -0.91354545764260098 -0.40673664307580021 0.00000000000000000 0.40673664307580021 -0.91354545764260098 1.00000000000000000 0.00000000000000000 0.00000000000000000 21.50000000000000000
2 161.88749999999998863 -27.17052369792137156 65.59544680830136087 1.00000000000000000 0.00000000000000000 -0.00000000000000000 0.00000000000000000 0.00000000000000000 1.00000000000000000 0.00000000000000000 -1.00000000000000000 0.00000000000000000 8.50000000000000000
2 161.88749999999998863 -65.59544680830136087 27.17052369792138222 1.00000000000000000 0.00000000000000000 -0.00000000000000000 0.00000000000000000 0.00000000000000000 1.00000000000000000 0.00000000000000000 -1.00000000000000000 0.00000000000000000 8.50000000000000000
2 161.88749999999998863 -65.59544680830136087 -27.17052369792136801 1.00000000000000000 0.00000000000000000 -0.00000000000000000 0.00000000000000000 0.00000000000000000 1.00000000000000000 0.00000000000000000 -1.00000000000000000 0.00000000000000000 8.50000000000000000
2 161.88749999999998863 65.59544680830136087 -27.17052369792135735 1.00000000000000000 0.00000000000000000 -0.00000000000000000 0.00000000000000000 0.00000000000000000 1.00000000000000000 0.00000000000000000 -1.00000000000000000 0.00000000000000000 8.50000000000000000
2 161.88749999999998863 65.59544680830136087 27.17052369792137512 1.00000000000000000 0.00000000000000000 -0.00000000000000000 0.00000000000000000 0.00000000000000000 1.00000000000000000 0.00000000000000000 -1.00000000000000000 0.00000000000000000 8.50000000000000000
2 161.88749999999998863 27.17052369792138933 -65.59544680830134666 1.00000000000000000 0.00000000000000000 -0.00000000000000000 0.00000000000000000 0.00000000000000000 1.00000000000000000 0.00000000000000000 -1.00000000000000000 0.00000000000000000 8.50000000000000000
2 161.88749999999998863 27.17052369792138933 -65.59544680830134666 1.00000000000000000 0.00000000000000000 -0.00000000000000000 0.00000000000000000 0.00000000000000000 1.00000000000000000 0.00000000000000000 -1.00000000000000000 0.00000000000000000 8.50000000000000000
1 161.88749999999998863 27.17052369792139288 -57.09544680830135377 1.00000000000000000 0.00000000000000000 0.00000000000000000 
2 147.00000000000000000 0.00000000000000000 0.00000000000000000 1.00000000000000000 0.00000000000000000 -0.00000000000000000 0.00000000000000000 0.00000000000000000 1.00000000000000000 0.00000000000000000 -1.00000000000000000 0.00000000000000000 36.16760302580867403
7 0 0  7 32 6  147.00000000000000000 -5.27258534781555976 -35.78121507694345382  146.72019874322046462 -4.95418224384822459 -35.94254118713908497  146.45948992457618942 -4.61775017264470122 -36.10222365084504759  146.21785935523533340 -4.26295517733796636 -36.25812155690148586  145.99618967995309049 -3.88951625222477659 -36.40774492748032998  145.79592015924990278 -3.49735846954799090 -36.54817641808479323  145.61899477158101490 -3.08665878636690527 -36.67608355370811779  145.33898764373461177 -2.29320106613587482 -36.88321315108098730  145.22881226273474908 -1.91528024026112398 -36.96686628133805641  145.13900118942390804 -1.52561992610927089 -37.03651466008537341  145.07131967472301426 -1.12610890971914923 -37.08979691599697759  145.02730000926649723 -0.71934924468536732 -37.12467879333187426  145.00796739409977931 -0.30883560672269716 -37.13997017157106484  145.01616604213930373 0.34093723966438255 -37.13348372269565800  145.02762040229103491 0.58090649179521392 -37.12442278206976454  145.04747685994757944 0.81981289050877970 -37.10872768816675915  145.07558804338157188 1.05689737710510445 -37.08657968267056759  145.11171822863283865 1.29150294615526917 -37.05827771381984093  145.15557170293763534 1.52306608450729009 -37.02420541839113355  145.23661635865036601 1.88374955275781919 -36.96187890228855366  145.26892203177587248 2.01521018453491996 -36.93715205738259755  145.30366622717943415 2.14540679631940590 -36.91070258327344789  145.34078363862113292 2.27426927006081003 -36.88261848415316280  145.38020864127830123 2.40174052627431545 -36.85298997431192447  145.42187703871650228 2.52777520843067505 -36.82190752492017793  145.61696018955674958 3.08193133580708167 -36.67755469753466713  145.79400028219006913 3.49359699139928725 -36.54952288626702739  145.99448977837269581 3.88665156189316274 -36.40889245627008108  146.21646986956230307 4.26091448811576345 -36.25901812064241625  146.45849041499579357 4.61646009127135759 -36.10283590387898300  146.71966198291170258 4.95357143119366317 -35.94285066913970184  147.00000000000000000 5.27258534781555088 -35.78121507694345382 
 0.00000000000000000 8 0.27454873214986319 6 0.50830334493017726 6 0.64535709971661104 6 0.72507369539043642 6 1.00000000000000000 8
2 147.00000000000000000 0.00000000000000000 0.00000000000000000 1.00000000000000000 0.00000000000000000 -0.00000000000000000 0.00000000000000000 0.00000000000000000 1.00000000000000000 0.00000000000000000 -1.00000000000000000 0.00000000000000000 36.16760302580867403
2 153.00000000000000000 0.00000000000001249 51.00000000000000000 0.00000000000000000 1.00000000000000000 -0.00000000000000024 0.00000000000000000 0.00000000000000024 1.00000000000000000 1.00000000000000000 0.00000000000000000 0.00000000000000000 16.00000000000000000
2 153.00000000000000000 -67.87034059446648371 -86.04427271812527067 0.00000000000000000 -0.91354545764260098 -0.40673664307580021 0.00000000000000000 0.40673664307580021 -0.91354545764260098 1.00000000000000000 0.00000000000000000 0.00000000000000000 20.00000000000000000
2 142.00000000000000000 0.00000000000000000 0.00000000000000000 1.00000000000000000 0.00000000000000000 -0.00000000000000000 0.00000000000000000 0.00000000000000000 1.00000000000000000 0.00000000000000000 -1.00000000000000000 0.00000000000000000 18.00000000000000000
2 153.00000000000000000 72.43806788267947638 88.07795593350427055 -0.00000000000000000 0.91354545764260098 0.40673664307580021 0.00000000000000000 -0.40673664307580021 0.91354545764260098 1.00000000000000000 0.00000000000000000 0.00000000000000000 20.00000000000000000
1 161.88749999999998863 27.17052369792137867 74.09544680830136087 1.00000000000000000 0.00000000000000000 0.00000000000000000 
2 161.88749999999998863 27.17052369792137867 65.59544680830136087 1.00000000000000000 0.00000000000000000 -0.00000000000000000 0.00000000000000000 0.00000000000000000 1.00000000000000000 0.00000000000000000 -1.00000000000000000 0.00000000000000000 8.50000000000000000
2 153.00000000000000000 67.87034059446648371 86.04427271812527067 -0.00000000000000000 0.91354545764260098 0.40673664307580021 0.00000000000000000 -0.40673664307580021 0.91354545764260098 1.00000000000000000 0.00000000000000000 0.00000000000000000 20.00000000000000000
1 153.00000000000000000 -61.40936641244328342 -106.70234166513068885 0.00000000000000000 -0.91354545764260098 -0.40673664307580021 
2 153.00000000000000000 -70.15420423857298715 -87.06111432581477061 0.00000000000000000 -0.91354545764260098 -0.40673664307580021 0.00000000000000000 0.40673664307580021 -0.91354545764260098 1.00000000000000000 0.00000000000000000 0.00000000000000000 21.50000000000000000
1 147.00000000000000000 5.27258534781562371 -86.00000000000000000 0.00000000000000000 0.00000000000000000 1.00000000000000000 
1 147.00000000000000000 0.00000000000000000 -35.00000000000000000 0.00000000000000000 -1.00000000000000000 0.00000000000000000 
1 147.00000000000000000 -5.27258534781562371 -86.00000000000000000 0.00000000000000000 0.00000000000000000 1.00000000000000000 
2 147.00000000000000000 0.00000000000000000 0.00000000000000000 1.00000000000000000 0.00000000000000000 -0.00000000000000000 0.00000000000000000 0.00000000000000000 1.00000000000000000 0.00000000000000000 -1.00000000000000000 0.00000000000000000 18.00000000000000000
2 153.00000000000000000 0.00000000000000000 -35.00000000000000000 0.00000000000000000 0.00000000000000000 1.00000000000000000 1.00000000000000000 0.00000000000000000 0.00000000000000000 0.00000000000000000 1.00000000000000000 0.00000000000000000 7.98749999999999982
1 152.99999999999997158 28.87830165838181529 -64.86172749262468074 0.00000000000000000 -0.91354545764260098 -0.40673664307580021 
2 153.00000000000000000 -70.15420423857298715 -87.06111432581477061 0.00000000000000000 -0.91354545764260098 -0.40673664307580021 0.00000000000000000 0.40673664307580021 -0.91354545764260098 1.00000000000000000 0.00000000000000000 0.00000000000000000 20.00000000000000000
2 105.10048000000000457 0.00000000000000000 0.00000000000000000 1.00000000000000000 0.00000000000000000 -0.00000000000000000 0.00000000000000000 0.00000000000000000 1.00000000000000000 0.00000000000000000 -1.00000000000000000 0.00000000000000000 18.00000000000000000
1 105.10048000000000457 17.90977386791916004 1.80000000000000004 1.00000000000000000 0.00000000000000000 0.00000000000000000 
2 109.20047999999999888 0.00000000000000000 0.00000000000000000 1.00000000000000000 0.00000000000000000 -0.00000000000000000 0.00000000000000000 0.00000000000000000 1.00000000000000000 0.00000000000000000 -1.00000000000000000 0.00000000000000000 18.00000000000000000
1 105.10048000000000457 17.90977386791916004 -1.80000000000000004 1.00000000000000000 0.00000000000000000 0.00000000000000000 
2 105.10048000000000457 0.00000000000000000 0.00000000000000000 1.00000000000000000 0.00000000000000000 -0.00000000000000000 0.00000000000000000 0.00000000000000000 1.00000000000000000 0.00000000000000000 -1.00000000000000000 0.00000000000000000 18.00000000000000000
1 105.10048000000000457 1.79999999999999605 -17.90977386791916004 1.00000000000000000 0.00000000000000000 0.00000000000000000 
2 109.20047999999999888 0.00000000000000000 0.00000000000000000 1.00000000000000000 0.00000000000000000 -0.00000000000000000 0.00000000000000000 0.00000000000000000 1.00000000000000000 0.00000000000000000 -1.00000000000000000 0.00000000000000000 18.00000000000000000
1 105.10048000000000457 -1.80000000000000404 -17.90977386791916004 1.00000000000000000 0.00000000000000000 0.00000000000000000 
2 105.10048000000000457 0.00000000000000000 0.00000000000000000 1.00000000000000000 0.00000000000000000 -0.00000000000000000 0.00000000000000000 0.00000000000000000 1.00000000000000000 0.00000000000000000 -1.00000000000000000 0.00000000000000000 18.00000000000000000
1 105.10048000000000457 -17.90977386791916004 -1.79999999999999782 1.00000000000000000 0.00000000000000000 0.00000000000000000 
2 109.20047999999999888 0.00000000000000000 0.00000000000000000 1.00000000000000000 0.00000000000000000 -0.00000000000000000 0.00000000000000000 0.00000000000000000 1.00000000000000000 0.00000000000000000 -1.00000000000000000 0.00000000000000000 18.00000000000000000
1 105.10048000000000457 -17.90977386791916004 1.80000000000000226 1.00000000000000000 0.00000000000000000 0.00000000000000000 
2 105.10048000000000457 0.00000000000000000 0.00000000000000000 1.00000000000000000 0.00000000000000000 -0.00000000000000000 0.00000000000000000 0.00000000000000000 1.00000000000000000 0.00000000000000000 -1.00000000000000000 0.00000000000000000 18.00000000000000000
1 105.10048000000000457 -1.79999999999999805 17.90977386791916004 1.00000000000000000 0.00000000000000000 0.00000000000000000 
2 109.20047999999999888 0.00000000000000000 0.00000000000000000 1.00000000000000000 0.00000000000000000 -0.00000000000000000 0.00000000000000000 0.00000000000000000 1.00000000000000000 0.00000000000000000 -1.00000000000000000 0.00000000000000000 18.00000000000000000
1 105.10048000000000457 0.00000000000000441 18.00000000000000000 1.00000000000000000 0.00000000000000000 0.00000000000000000 
2 109.20047999999999888 0.00000000000000000 0.00000000000000000 1.00000000000000000 0.00000000000000000 -0.00000000000000000 0.00000000000000000 0.00000000000000000 1.00000000000000000 0.00000000000000000 -1.00000000000000000 0.00000000000000000 18.00000000000000000
1 105.10048000000000457 1.80000000000000204 17.90977386791916004 1.00000000000000000 0.00000000000000000 0.00000000000000000 
2 153.00000000000000000 72.43806788267949059 88.07795593350427055 -0.00000000000000000 0.91354545764260098 0.40673664307580021 0.00000000000000000 -0.40673664307580021 0.91354545764260098 1.00000000000000000 0.00000000000000000 0.00000000000000000 21.50000000000000000
1 152.99999999999997158 -28.87830165838181529 64.86172749262468074 0.00000000000000000 0.91354545764260098 0.40673664307580021 
2 153.00000000000000000 70.15420423857298715 87.06111432581477061 -0.00000000000000000 0.91354545764260098 0.40673664307580021 0.00000000000000000 -0.40673664307580021 0.91354545764260098 1.00000000000000000 0.00000000000000000 0.00000000000000000 20.00000000000000000
2 147.00000000000000000 0.00000000000000000 0.00000000000000000 1.00000000000000000 0.00000000000000000 -0.00000000000000000 0.00000000000000000 0.00000000000000000 1.00000000000000000 0.00000000000000000 -1.00000000000000000 0.00000000000000000 8.54011000000000031
1 105.10048000000000457 6.12630500000000033 1.80000000000000004 0.00000000000000000 -1.00000000000000000 0.00000000000000000 
2 105.10048000000000457 0.00000000000000000 0.00000000000000000 1.00000000000000000 0.00000000000000000 -0.00000000000000000 0.00000000000000000 0.00000000000000000 1.00000000000000000 0.00000000000000000 -1.00000000000000000 0.00000000000000000 13.28261000000000003
1 105.10048000000000457 1.80000000000000071 6.12630500000000033 0.00000000000000000 -0.00000000000000011 -1.00000000000000000 
1 109.20047999999999888 12.25261000000000067 1.80000000000000004 0.00000000000000000 1.00000000000000000 0.00000000000000000 
1 103.10048000000000457 13.16008086647266850 1.80000000000000004 1.00000000000000000 0.00000000000000000 0.00000000000000000 
1 109.20047999999999888 12.25261000000000067 -1.80000000000000004 0.00000000000000000 1.00000000000000000 0.00000000000000000 
2 109.20047999999999888 0.00000000000000000 0.00000000000000000 1.00000000000000000 0.00000000000000000 -0.00000000000000000 0.00000000000000000 0.00000000000000000 1.00000000000000000 0.00000000000000000 -1.00000000000000000 0.00000000000000000 13.28261000000000003
1 103.10048000000000457 13.16008086647266850 -1.80000000000000004 1.00000000000000000 0.00000000000000000 0.00000000000000000 
1 105.10048000000000457 6.12630500000000033 -1.80000000000000004 0.00000000000000000 -1.00000000000000000 0.00000000000000000 
1 105.10048000000000457 1.79999999999999871 -6.12630500000000033 0.00000000000000000 0.00000000000000022 1.00000000000000000 
2 105.10048000000000457 0.00000000000000000 0.00000000000000000 1.00000000000000000 0.00000000000000000 -0.00000000000000000 0.00000000000000000 0.00000000000000000 1.00000000000000000 0.00000000000000000 -1.00000000000000000 0.00000000000000000 13.28261000000000003
1 109.20047999999999888 12.25261000000000067 1.80000000000000004 0.00000000000000000 1.00000000000000000 0.00000000000000000 
1 103.10048000000000457 1.79999999999999716 -13.16008086647266850 1.00000000000000000 0.00000000000000000 0.00000000000000000 
1 109.20047999999999888 12.25261000000000067 -1.80000000000000004 0.00000000000000000 1.00000000000000000 0.00000000000000000 
2 109.20047999999999888 0.00000000000000000 0.00000000000000000 1.00000000000000000 0.00000000000000000 -0.00000000000000000 0.00000000000000000 0.00000000000000000 1.00000000000000000 0.00000000000000000 -1.00000000000000000 0.00000000000000000 13.28261000000000003
1 103.10048000000000457 -1.80000000000000293 -13.16008086647266850 1.00000000000000000 0.00000000000000000 0.00000000000000000 
1 105.10048000000000457 -1.80000000000000138 -6.12630500000000033 0.00000000000000000 0.00000000000000022 1.00000000000000000 
1 105.10048000000000457 -6.12630500000000033 -1.79999999999999938 0.00000000000000000 1.00000000000000000 -0.00000000000000012 
2 105.10048000000000457 0.00000000000000000 0.00000000000000000 1.00000000000000000 0.00000000000000000 -0.00000000000000000 0.00000000000000000 0.00000000000000000 1.00000000000000000 0.00000000000000000 -1.00000000000000000 0.00000000000000000 13.28261000000000003
1 109.20047999999999888 12.25261000000000067 1.80000000000000004 0.00000000000000000 1.00000000000000000 0.00000000000000000 
1 103.10048000000000457 -13.16008086647266850 -1.79999999999999849 1.00000000000000000 0.00000000000000000 0.00000000000000000 
1 109.20047999999999888 12.25261000000000067 -1.80000000000000004 0.00000000000000000 1.00000000000000000 0.00000000000000000 
2 109.20047999999999888 0.00000000000000000 0.00000000000000000 1.00000000000000000 0.00000000000000000 -0.00000000000000000 0.00000000000000000 0.00000000000000000 1.00000000000000000 0.00000000000000000 -1.00000000000000000 0.00000000000000000 13.28261000000000003
1 103.10048000000000457 -13.16008086647266850 1.80000000000000160 1.00000000000000000 0.00000000000000000 0.00000000000000000 
1 105.10048000000000457 -6.12630500000000033 1.80000000000000071 0.00000000000000000 1.00000000000000000 -0.00000000000000012 
1 105.10048000000000457 -1.79999999999999938 6.12630500000000033 0.00000000000000000 -0.00000000000000011 -1.00000000000000000 
2 105.10048000000000457 0.00000000000000000 0.00000000000000000 1.00000000000000000 0.00000000000000000 -0.00000000000000000 0.00000000000000000 0.00000000000000000 1.00000000000000000 0.00000000000000000 -1.00000000000000000 0.00000000000000000 13.28261000000000003
1 109.20047999999999888 12.25261000000000067 1.80000000000000004 0.00000000000000000 1.00000000000000000 0.00000000000000000 
1 103.10048000000000457 -1.79999999999999849 13.16008086647266850 1.00000000000000000 0.00000000000000000 0.00000000000000000 
1 109.20047999999999888 12.25261000000000067 -1.80000000000000004 0.00000000000000000 1.00000000000000000 0.00000000000000000 
2 109.20047999999999888 0.00000000000000000 0.00000000000000000 1.00000000000000000 0.00000000000000000 -0.00000000000000000 0.00000000000000000 0.00000000000000000 1.00000000000000000 0.00000000000000000 -1.00000000000000000 0.00000000000000000 13.28261000000000003
2 109.20047999999999888 0.00000000000000000 0.00000000000000000 1.00000000000000000 0.00000000000000000 -0.00000000000000000 0.00000000000000000 0.00000000000000000 1.00000000000000000 0.00000000000000000 -1.00000000000000000 0.00000000000000000 13.28261000000000003
1 103.10048000000000457 1.80000000000000160 13.16008086647266850 1.00000000000000000 0.00000000000000000 0.00000000000000000 
1 153.00000000000000000 61.40936641244328342 106.70234166513068885 0.00000000000000000 0.91354545764260098 0.40673664307580021 
2 153.00000000000000000 70.15420423857298715 87.06111432581477061 -0.00000000000000000 0.91354545764260098 0.40673664307580021 0.00000000000000000 -0.40673664307580021 0.91354545764260098 1.00000000000000000 0.00000000000000000 0.00000000000000000 21.50000000000000000
1 102.10048000000000457 0.00000000000000209 8.54011000000000031 1.00000000000000000 0.00000000000000000 0.00000000000000000 
2 125.10048000000000457 0.00000000000000000 0.00000000000000000 1.00000000000000000 0.00000000000000000 -0.00000000000000000 0.00000000000000000 0.00000000000000000 1.00000000000000000 0.00000000000000000 -1.00000000000000000 0.00000000000000000 8.54011000000000031
1 103.10048000000000457 0.00000000000000325 13.28261000000000003 1.00000000000000000 0.00000000000000000 0.00000000000000000 
2 125.10048000000000457 0.00000000000000000 0.00000000000000000 1.00000000000000000 0.00000000000000000 -0.00000000000000000 0.00000000000000000 0.00000000000000000 1.00000000000000000 0.00000000000000000 -1.00000000000000000 0.00000000000000000 13.28261000000000003
Polygon3D 0
PolygonOnTriangulations 0
Surfaces 238
5 153.00000000000000000 0.00000000000000000 0.00000000000000000 1.00000000000000000 0.00000000000000000 0.00000000000000000 0.00000000000000000 0.00000000000000000 1.00000000000000000 0.00000000000000000 -1.00000000000000000 0.00000000000000000 51.00000000000000000 21.00000000000000000
2 153.00000000000000000 20.74356879686581223 -46.59081833977265319 -0.00000000000000000 -0.91354545764260098 -0.40673664307580021 0.00000000000000000 0.40673664307580021 -0.91354545764260098 1.00000000000000000 0.00000000000000000 0.00000000000000000 20.00000000000000000
2 142.00000000000000000 0.00000000000000000 0.00000000000000000 1.00000000000000000 0.00000000000000000 0.00000000000000000 0.00000000000000000 0.00000000000000000 1.00000000000000000 0.00000000000000000 -1.00000000000000000 0.00000000000000000 64.00000000000000000
2 161.88749999999998863 27.17052369792138933 -65.59544680830134666 1.00000000000000000 0.00000000000000000 0.00000000000000000 0.00000000000000000 0.00000000000000000 1.00000000000000000 0.00000000000000000 -1.00000000000000000 0.00000000000000000 8.50000000000000000
2 142.00000000000000000 0.00000000000000000 0.00000000000000000 1.00000000000000000 0.00000000000000000 0.00000000000000000 0.00000000000000000 0.00000000000000000 1.00000000000000000 0.00000000000000000 -1.00000000000000000 0.00000000000000000 64.00000000000000000
2 161.88749999999998863 65.59544680830136087 -27.17052369792135735 1.00000000000000000 0.00000000000000000 0.00000000000000000 0.00000000000000000 0.00000000000000000 1.00000000000000000 0.00000000000000000 -1.00000000000000000 0.00000000000000000 8.50000000000000000
2 161.88749999999998863 65.59544680830136087 -27.17052369792135735 1.00000000000000000 0.00000000000000000 0.00000000000000000 0.00000000000000000 0.00000000000000000 1.00000000000000000 0.00000000000000000 -1.00000000000000000 0.00000000000000000 8.50000000000000000
2 142.00000000000000000 0.00000000000000000 0.00000000000000000 1.00000000000000000 0.00000000000000000 0.00000000000000000 0.00000000000000000 0.00000000000000000 1.00000000000000000 0.00000000000000000 -1.00000000000000000 0.00000000000000000 64.00000000000000000
2 161.88749999999998863 65.59544680830136087 27.17052369792137512 1.00000000000000000 0.00000000000000000 0.00000000000000000 0.00000000000000000 0.00000000000000000 1.00000000000000000 0.00000000000000000 -1.00000000000000000 0.00000000000000000 8.50000000000000000
2 161.88749999999998863 65.59544680830136087 27.17052369792137512 1.00000000000000000 0.00000000000000000 0.00000000000000000 0.00000000000000000 0.00000000000000000 1.00000000000000000 0.00000000000000000 -1.00000000000000000 0.00000000000000000 8.50000000000000000
2 142.00000000000000000 0.00000000000000000 0.00000000000000000 1.00000000000000000 0.00000000000000000 0.00000000000000000 0.00000000000000000 0.00000000000000000 1.00000000000000000 0.00000000000000000 -1.00000000000000000 0.00000000000000000 64.00000000000000000
2 153.00000000000000000 -20.74356879686581223 46.59081833977265319 0.00000000000000000 0.91354545764260098 0.40673664307580021 0.00000000000000000 -0.40673664307580021 0.91354545764260098 1.00000000000000000 0.00000000000000000 0.00000000000000000 20.00000000000000000
5 153.00000000000000000 0.00000000000000000 0.00000000000000000 1.00000000000000000 0.00000000000000000 0.00000000000000000 0.00000000000000000 0.00000000000000000 1.00000000000000000 0.00000000000000000 -1.00000000000000000 0.00000000000000000 51.00000000000000000 21.00000000000000000
2 153.00000000000000000 20.74356879686581223 -46.59081833977265319 -0.00000000000000000 -0.91354545764260098 -0.40673664307580021 0.00000000000000000 0.40673664307580021 -0.91354545764260098 1.00000000000000000 0.00000000000000000 0.00000000000000000 20.00000000000000000
2 153.00000000000000000 0.00000000000000000 -85.00000000000000000 0.00000000000000000 0.00000000000000000 1.00000000000000000 1.00000000000000000 0.00000000000000000 0.00000000000000000 0.00000000000000000 1.00000000000000000 0.00000000000000000 12.31874999999999964
2 129.82369916445000513 0.00000000000000000 0.00000000000000000 1.00000000000000000 0.00000000000000000 0.00000000000000000 0.00000000000000000 0.00000000000000000 1.00000000000000000 0.00000000000000000 -1.00000000000000000 0.00000000000000000 74.00000000000000000
5 153.00000000000000000 0.00000000000000000 0.00000000000000000 1.00000000000000000 0.00000000000000000 0.00000000000000000 0.00000000000000000 0.00000000000000000 1.00000000000000000 0.00000000000000000 -1.00000000000000000 0.00000000000000000 51.00000000000000000 21.00000000000000000
5 153.00000000000000000 0.00000000000000000 0.00000000000000000 1.00000000000000000 0.00000000000000000 0.00000000000000000 0.00000000000000000 0.00000000000000000 1.00000000000000000 0.00000000000000000 -1.00000000000000000 0.00000000000000000 51.00000000000000000 21.00000000000000000
2 142.00000000000000000 0.00000000000000000 0.00000000000000000 1.00000000000000000 0.00000000000000000 0.00000000000000000 0.00000000000000000 0.00000000000000000 1.00000000000000000 0.00000000000000000 -1.00000000000000000 0.00000000000000000 64.00000000000000000
2 161.88749999999998863 -27.17052369792135380 -65.59544680830136087 1.00000000000000000 0.00000000000000000 0.00000000000000000 0.00000000000000000 0.00000000000000000 1.00000000000000000 0.00000000000000000 -1.00000000000000000 0.00000000000000000 8.50000000000000000
2 170.00000000000000000 0.00000000000000000 0.00000000000000000 1.00000000000000000 0.00000000000000000 0.00000000000000000 0.00000000000000000 0.00000000000000000 1.00000000000000000 0.00000000000000000 -1.00000000000000000 0.00000000000000000 67.00000000000000000
2 170.00000000000000000 -27.17052369792135380 -65.59544680830136087 1.00000000000000000 0.00000000000000000 0.00000000000000000 0.00000000000000000 0.00000000000000000 1.00000000000000000 0.00000000000000000 -1.00000000000000000 0.00000000000000000 8.50000000000000000
2 170.00000000000000000 0.00000000000000000 0.00000000000000000 1.00000000000000000 0.00000000000000000 0.00000000000000000 0.00000000000000000 0.00000000000000000 1.00000000000000000 0.00000000000000000 -1.00000000000000000 0.00000000000000000 67.00000000000000000
2 170.00000000000000000 27.17052369792138933 -65.59544680830134666 1.00000000000000000 0.00000000000000000 0.00000000000000000 0.00000000000000000 0.00000000000000000 1.00000000000000000 0.00000000000000000 -1.00000000000000000 0.00000000000000000 8.50000000000000000
1 161.88749999999998863 27.17052369792138933 -65.59544680830134666 1.00000000000000000 0.00000000000000000 0.00000000000000000 0.00000000000000000 0.00000000000000000 1.00000000000000000 0.00000000000000000 -1.00000000000000000 0.00000000000000000 
2 170.00000000000000000 65.59544680830136087 -27.17052369792135735 1.00000000000000000 0.00000000000000000 0.00000000000000000 0.00000000000000000 0.00000000000000000 1.00000000000000000 0.00000000000000000 -1.00000000000000000 0.00000000000000000 8.50000000000000000
1 161.88749999999998863 65.59544680830136087 -27.17052369792135735 1.00000000000000000 0.00000000000000000 0.00000000000000000 0.00000000000000000 0.00000000000000000 1.00000000000000000 0.00000000000000000 -1.00000000000000000 0.00000000000000000 
2 170.00000000000000000 65.59544680830136087 -27.17052369792135735 1.00000000000000000 0.00000000000000000 0.00000000000000000 0.00000000000000000 0.00000000000000000 1.00000000000000000 0.00000000000000000 -1.00000000000000000 0.00000000000000000 8.50000000000000000
2 170.00000000000000000 65.59544680830136087 27.17052369792137512 1.00000000000000000 0.00000000000000000 0.00000000000000000 0.00000000000000000 0.00000000000000000 1.00000000000000000 0.00000000000000000 -1.00000000000000000 0.00000000000000000 8.50000000000000000
1 161.88749999999998863 65.59544680830136087 27.17052369792137512 1.00000000000000000 0.00000000000000000 0.00000000000000000 0.00000000000000000 0.00000000000000000 1.00000000000000000 0.00000000000000000 -1.00000000000000000 0.00000000000000000 
2 170.00000000000000000 65.59544680830136087 27.17052369792137512 1.00000000000000000 0.00000000000000000 0.00000000000000000 0.00000000000000000 0.00000000000000000 1.00000000000000000 0.00000000000000000 -1.00000000000000000 0.00000000000000000 8.50000000000000000
2 129.82369916445000513 0.00000000000000000 0.00000000000000000 1.00000000000000000 0.00000000000000000 0.00000000000000000 0.00000000000000000 0.00000000000000000 1.00000000000000000 0.00000000000000000 -1.00000000000000000 0.00000000000000000 74.00000000000000000
2 129.82369916445000513 0.00000000000000000 0.00000000000000000 1.00000000000000000 0.00000000000000000 0.00000000000000000 0.00000000000000000 0.00000000000000000 1.00000000000000000 0.00000000000000000 -1.00000000000000000 0.00000000000000000 74.00000000000000000
2 161.88749999999998863 27.17052369792137867 65.59544680830136087 1.00000000000000000 0.00000000000000000 0.00000000000000000 0.00000000000000000 0.00000000000000000 1.00000000000000000 0.00000000000000000 -1.00000000000000000 0.00000000000000000 8.50000000000000000
2 170.00000000000000000 0.00000000000000000 0.00000000000000000 1.00000000000000000 0.00000000000000000 0.00000000000000000 0.00000000000000000 0.00000000000000000 1.00000000000000000 0.00000000000000000 -1.00000000000000000 0.00000000000000000 67.00000000000000000
2 170.00000000000000000 27.17052369792137867 65.59544680830136087 1.00000000000000000 0.00000000000000000 0.00000000000000000 0.00000000000000000 0.00000000000000000 1.00000000000000000 0.00000000000000000 -1.00000000000000000 0.00000000000000000 8.50000000000000000
2 170.00000000000000000 27.17052369792137867 65.59544680830136087 1.00000000000000000 0.00000000000000000 0.00000000000000000 0.00000000000000000 0.00000000000000000 1.00000000000000000 0.00000000000000000 -1.00000000000000000 0.00000000000000000 8.50000000000000000
2 170.00000000000000000 0.00000000000000000 0.00000000000000000 1.00000000000000000 0.00000000000000000 0.00000000000000000 0.00000000000000000 0.00000000000000000 1.00000000000000000 0.00000000000000000 -1.00000000000000000 0.00000000000000000 67.00000000000000000
2 170.00000000000000000 0.00000000000000000 0.00000000000000000 1.00000000000000000 0.00000000000000000 0.00000000000000000 0.00000000000000000 0.00000000000000000 1.00000000000000000 0.00000000000000000 -1.00000000000000000 0.00000000000000000 67.00000000000000000
2 142.00000000000000000 0.00000000000000000 0.00000000000000000 1.00000000000000000 0.00000000000000000 0.00000000000000000 0.00000000000000000 0.00000000000000000 1.00000000000000000 0.00000000000000000 -1.00000000000000000 0.00000000000000000 64.00000000000000000
1 153.00000000000000000 -61.01874966214698759 -82.99374789505677086 -0.00000000000000000 -0.91354545764260098 -0.40673664307580021 0.00000000000000000 0.40673664307580021 -0.91354545764260098 1.00000000000000000 0.00000000000000000 0.00000000000000000 
2 153.00000000000000000 -61.01874966214698759 -82.99374789505677086 -0.00000000000000000 -0.91354545764260098 -0.40673664307580021 0.00000000000000000 0.40673664307580021 -0.91354545764260098 1.00000000000000000 0.00000000000000000 0.00000000000000000 21.50000000000000000
2 129.82369916445000513 34.16587801836718086 -76.73781844197849011 1.00000000000000000 0.00000000000000000 0.00000000000000000 0.00000000000000000 0.00000000000000000 1.00000000000000000 0.00000000000000000 -1.00000000000000000 0.00000000000000000 12.00000000000000000
2 129.82369916445000513 -76.73781844197847590 -34.16587801836721638 1.00000000000000000 0.00000000000000000 0.00000000000000000 0.00000000000000000 0.00000000000000000 1.00000000000000000 0.00000000000000000 -1.00000000000000000 0.00000000000000000 12.00000000000000000
1 142.82369916445000513 0.00000000000000000 0.00000000000000000 1.00000000000000000 0.00000000000000000 0.00000000000000000 0.00000000000000000 0.00000000000000000 1.00000000000000000 0.00000000000000000 -1.00000000000000000 0.00000000000000000 
2 129.82369916445000513 0.00000000000000000 0.00000000000000000 1.00000000000000000 0.00000000000000000 0.00000000000000000 0.00000000000000000 0.00000000000000000 1.00000000000000000 0.00000000000000000 -1.00000000000000000 0.00000000000000000 74.00000000000000000
2 161.88749999999998863 -27.17052369792137156 65.59544680830136087 1.00000000000000000 0.00000000000000000 0.00000000000000000 0.00000000000000000 0.00000000000000000 1.00000000000000000 0.00000000000000000 -1.00000000000000000 0.00000000000000000 8.50000000000000000
2 161.88749999999998863 -27.17052369792137156 65.59544680830136087 1.00000000000000000 0.00000000000000000 0.00000000000000000 0.00000000000000000 0.00000000000000000 1.00000000000000000 0.00000000000000000 -1.00000000000000000 0.00000000000000000 8.50000000000000000
2 142.00000000000000000 0.00000000000000000 0.00000000000000000 1.00000000000000000 0.00000000000000000 0.00000000000000000 0.00000000000000000 0.00000000000000000 1.00000000000000000 0.00000000000000000 -1.00000000000000000 0.00000000000000000 64.00000000000000000
2 161.88749999999998863 -65.59544680830136087 27.17052369792138222 1.00000000000000000 0.00000000000000000 0.00000000000000000 0.00000000000000000 0.00000000000000000 1.00000000000000000 0.00000000000000000 -1.00000000000000000 0.00000000000000000 8.50000000000000000
2 161.88749999999998863 -65.59544680830136087 27.17052369792138222 1.00000000000000000 0.00000000000000000 0.00000000000000000 0.00000000000000000 0.00000000000000000 1.00000000000000000 0.00000000000000000 -1.00000000000000000 0.00000000000000000 8.50000000000000000
2 142.00000000000000000 0.00000000000000000 0.00000000000000000 1.00000000000000000 0.00000000000000000 0.00000000000000000 0.00000000000000000 0.00000000000000000 1.00000000000000000 0.00000000000000000 -1.00000000000000000 0.00000000000000000 64.00000000000000000
2 161.88749999999998863 -65.59544680830136087 -27.17052369792136801 1.00000000000000000 0.00000000000000000 0.00000000000000000 0.00000000000000000 0.00000000000000000 1.00000000000000000 0.00000000000000000 -1.00000000000000000 0.00000000000000000 8.50000000000000000
2 161.88749999999998863 -65.59544680830136087 -27.17052369792136801 1.00000000000000000 0.00000000000000000 0.00000000000000000 0.00000000000000000 0.00000000000000000 1.00000000000000000 0.00000000000000000 -1.00000000000000000 0.00000000000000000 8.50000000000000000
1 170.00000000000000000 0.00000000000000000 0.00000000000000000 1.00000000000000000 0.00000000000000000 0.00000000000000000 0.00000000000000000 0.00000000000000000 1.00000000000000000 0.00000000000000000 -1.00000000000000000 0.00000000000000000 
2 170.00000000000000000 -65.59544680830136087 -27.17052369792136801 1.00000000000000000 0.00000000000000000 0.00000000000000000 0.00000000000000000 0.00000000000000000 1.00000000000000000 0.00000000000000000 -1.00000000000000000 0.00000000000000000 8.50000000000000000
1 170.00000000000000000 0.00000000000000000 0.00000000000000000 1.00000000000000000 0.00000000000000000 0.00000000000000000 0.00000000000000000 0.00000000000000000 1.00000000000000000 0.00000000000000000 -1.00000000000000000 0.00000000000000000 
2 170.00000000000000000 0.00000000000000000 0.00000000000000000 1.00000000000000000 0.00000000000000000 0.00000000000000000 0.00000000000000000 0.00000000000000000 1.00000000000000000 0.00000000000000000 -1.00000000000000000 0.00000000000000000 67.00000000000000000
1 170.00000000000000000 0.00000000000000000 0.00000000000000000 1.00000000000000000 0.00000000000000000 0.00000000000000000 0.00000000000000000 0.00000000000000000 1.00000000000000000 0.00000000000000000 -1.00000000000000000 0.00000000000000000 
2 170.00000000000000000 0.00000000000000000 0.00000000000000000 1.00000000000000000 0.00000000000000000 0.00000000000000000 0.00000000000000000 0.00000000000000000 1.00000000000000000 0.00000000000000000 -1.00000000000000000 0.00000000000000000 67.00000000000000000
1 170.00000000000000000 0.00000000000000000 0.00000000000000000 1.00000000000000000 0.00000000000000000 0.00000000000000000 0.00000000000000000 0.00000000000000000 1.00000000000000000 0.00000000000000000 -1.00000000000000000 0.00000000000000000 
1 170.00000000000000000 0.00000000000000000 0.00000000000000000 1.00000000000000000 0.00000000000000000 0.00000000000000000 0.00000000000000000 0.00000000000000000 1.00000000000000000 0.00000000000000000 -1.00000000000000000 0.00000000000000000 
1 153.00000000000000000 61.01874966214698759 82.99374789505677086 0.00000000000000000 0.91354545764260098 0.40673664307580021 0.00000000000000000 -0.40673664307580021 0.91354545764260098 1.00000000000000000 0.00000000000000000 0.00000000000000000 
2 153.00000000000000000 61.01874966214698759 82.99374789505677086 0.00000000000000000 0.91354545764260098 0.40673664307580021 0.00000000000000000 -0.40673664307580021 0.91354545764260098 1.00000000000000000 0.00000000000000000 0.00000000000000000 21.50000000000000000
2 129.82369916445000513 -34.16587801836722349 76.73781844197847590 1.00000000000000000 0.00000000000000000 0.00000000000000000 0.00000000000000000 0.00000000000000000 1.00000000000000000 0.00000000000000000 -1.00000000000000000 0.00000000000000000 12.00000000000000000
2 129.82369916445000513 76.73781844197847590 34.16587801836721638 1.00000000000000000 0.00000000000000000 0.00000000000000000 0.00000000000000000 0.00000000000000000 1.00000000000000000 0.00000000000000000 -1.00000000000000000 0.00000000000000000 12.00000000000000000
1 142.82369916445000513 0.00000000000000000 0.00000000000000000 1.00000000000000000 0.00000000000000000 0.00000000000000000 0.00000000000000000 0.00000000000000000 1.00000000000000000 0.00000000000000000 -1.00000000000000000 0.00000000000000000 
2 129.82369916445000513 0.00000000000000000 0.00000000000000000 1.00000000000000000 0.00000000000000000 0.00000000000000000 0.00000000000000000 0.00000000000000000 1.00000000000000000 0.00000000000000000 -1.00000000000000000 0.00000000000000000 74.00000000000000000
2 170.00000000000000000 -27.17052369792137156 65.59544680830136087 1.00000000000000000 0.00000000000000000 0.00000000000000000 0.00000000000000000 0.00000000000000000 1.00000000000000000 0.00000000000000000 -1.00000000000000000 0.00000000000000000 8.50000000000000000
1 170.00000000000000000 0.00000000000000000 0.00000000000000000 1.00000000000000000 0.00000000000000000 0.00000000000000000 0.00000000000000000 0.00000000000000000 1.00000000000000000 0.00000000000000000 -1.00000000000000000 0.00000000000000000 
1 153.00000000000000000 0.00000000000000000 -85.00000000000000000 0.00000000000000000 0.00000000000000000 1.00000000000000000 1.00000000000000000 0.00000000000000000 0.00000000000000000 0.00000000000000000 1.00000000000000000 0.00000000000000000 
2 153.00000000000000000 0.00000000000000000 -86.00000000000000000 0.00000000000000000 0.00000000000000000 1.00000000000000000 1.00000000000000000 0.00000000000000000 0.00000000000000000 0.00000000000000000 1.00000000000000000 0.00000000000000000 7.98749999999999982
1 129.82369916445000513 0.00000000000000000 0.00000000000000000 1.00000000000000000 0.00000000000000000 0.00000000000000000 0.00000000000000000 0.00000000000000000 1.00000000000000000 0.00000000000000000 -1.00000000000000000 0.00000000000000000 
2 129.82369916445000513 -76.73781844197847590 -34.16587801836721638 1.00000000000000000 0.00000000000000000 0.00000000000000000 0.00000000000000000 0.00000000000000000 1.00000000000000000 0.00000000000000000 -1.00000000000000000 0.00000000000000000 12.00000000000000000
1 142.82369916445000513 0.00000000000000000 0.00000000000000000 1.00000000000000000 0.00000000000000000 0.00000000000000000 0.00000000000000000 0.00000000000000000 1.00000000000000000 0.00000000000000000 -1.00000000000000000 0.00000000000000000 
2 129.82369916445000513 -34.16587801836722349 76.73781844197847590 1.00000000000000000 0.00000000000000000 0.00000000000000000 0.00000000000000000 0.00000000000000000 1.00000000000000000 0.00000000000000000 -1.00000000000000000 0.00000000000000000 12.00000000000000000
1 142.82369916445000513 0.00000000000000000 0.00000000000000000 1.00000000000000000 0.00000000000000000 0.00000000000000000 0.00000000000000000 0.00000000000000000 1.00000000000000000 0.00000000000000000 -1.00000000000000000 0.00000000000000000 
1 161.88749999999998863 -27.17052369792137156 65.59544680830136087 1.00000000000000000 0.00000000000000000 0.00000000000000000 0.00000000000000000 0.00000000000000000 1.00000000000000000 0.00000000000000000 -1.00000000000000000 0.00000000000000000 
2 170.00000000000000000 -27.17052369792137156 65.59544680830136087 1.00000000000000000 0.00000000000000000 0.00000000000000000 0.00000000000000000 0.00000000000000000 1.00000000000000000 0.00000000000000000 -1.00000000000000000 0.00000000000000000 8.50000000000000000
2 170.00000000000000000 -65.59544680830136087 27.17052369792138222 1.00000000000000000 0.00000000000000000 0.00000000000000000 0.00000000000000000 0.00000000000000000 1.00000000000000000 0.00000000000000000 -1.00000000000000000 0.00000000000000000 8.50000000000000000
1 161.88749999999998863 -65.59544680830136087 27.17052369792138222 1.00000000000000000 0.00000000000000000 0.00000000000000000 0.00000000000000000 0.00000000000000000 1.00000000000000000 0.00000000000000000 -1.00000000000000000 0.00000000000000000 
2 170.00000000000000000 -65.59544680830136087 27.17052369792138222 1.00000000000000000 0.00000000000000000 0.00000000000000000 0.00000000000000000 0.00000000000000000 1.00000000000000000 0.00000000000000000 -1.00000000000000000 0.00000000000000000 8.50000000000000000
2 170.00000000000000000 -65.59544680830136087 -27.17052369792136801 1.00000000000000000 0.00000000000000000 0.00000000000000000 0.00000000000000000 0.00000000000000000 1.00000000000000000 0.00000000000000000 -1.00000000000000000 0.00000000000000000 8.50000000000000000
1 161.88749999999998863 -65.59544680830136087 -27.17052369792136801 1.00000000000000000 0.00000000000000000 0.00000000000000000 0.00000000000000000 0.00000000000000000 1.00000000000000000 0.00000000000000000 -1.00000000000000000 0.00000000000000000 
1 175.00000000000000000 0.00000000000000000 0.00000000000000000 1.00000000000000000 0.00000000000000000 0.00000000000000000 0.00000000000000000 0.00000000000000000 1.00000000000000000 0.00000000000000000 -1.00000000000000000 0.00000000000000000 
1 175.00000000000000000 -27.17052369792135380 -65.59544680830136087 1.00000000000000000 0.00000000000000000 0.00000000000000000 0.00000000000000000 0.00000000000000000 1.00000000000000000 0.00000000000000000 -1.00000000000000000 0.00000000000000000 
2 163.78749999999999432 -27.17052369792135380 -65.59544680830136087 1.00000000000000000 0.00000000000000000 0.00000000000000000 0.00000000000000000 0.00000000000000000 1.00000000000000000 0.00000000000000000 -1.00000000000000000 0.00000000000000000 3.22499999999999964
1 175.00000000000000000 0.00000000000000000 0.00000000000000000 1.00000000000000000 0.00000000000000000 0.00000000000000000 0.00000000000000000 0.00000000000000000 1.00000000000000000 0.00000000000000000 -1.00000000000000000 0.00000000000000000 
1 175.00000000000000000 27.17052369792138933 -65.59544680830134666 1.00000000000000000 0.00000000000000000 0.00000000000000000 0.00000000000000000 0.00000000000000000 1.00000000000000000 0.00000000000000000 -1.00000000000000000 0.00000000000000000 
2 163.78749999999999432 27.17052369792138933 -65.59544680830134666 1.00000000000000000 0.00000000000000000 0.00000000000000000 0.00000000000000000 0.00000000000000000 1.00000000000000000 0.00000000000000000 -1.00000000000000000 0.00000000000000000 3.22499999999999964
1 175.00000000000000000 65.59544680830136087 -27.17052369792135735 1.00000000000000000 0.00000000000000000 0.00000000000000000 0.00000000000000000 0.00000000000000000 1.00000000000000000 0.00000000000000000 -1.00000000000000000 0.00000000000000000 
2 163.78749999999999432 65.59544680830136087 -27.17052369792135735 1.00000000000000000 0.00000000000000000 0.00000000000000000 0.00000000000000000 0.00000000000000000 1.00000000000000000 0.00000000000000000 -1.00000000000000000 0.00000000000000000 3.22499999999999964
1 175.00000000000000000 65.59544680830136087 27.17052369792137512 1.00000000000000000 0.00000000000000000 0.00000000000000000 0.00000000000000000 0.00000000000000000 1.00000000000000000 0.00000000000000000 -1.00000000000000000 0.00000000000000000 
2 163.78749999999999432 65.59544680830136087 27.17052369792137512 1.00000000000000000 0.00000000000000000 0.00000000000000000 0.00000000000000000 0.00000000000000000 1.00000000000000000 0.00000000000000000 -1.00000000000000000 0.00000000000000000 3.22499999999999964
2 129.82369916445000513 76.73781844197847590 34.16587801836721638 1.00000000000000000 0.00000000000000000 0.00000000000000000 0.00000000000000000 0.00000000000000000 1.00000000000000000 0.00000000000000000 -1.00000000000000000 0.00000000000000000 12.00000000000000000
1 142.82369916445000513 0.00000000000000000 0.00000000000000000 1.00000000000000000 0.00000000000000000 0.00000000000000000 0.00000000000000000 0.00000000000000000 1.00000000000000000 0.00000000000000000 -1.00000000000000000 0.00000000000000000 
1 142.82369916445000513 0.00000000000000000 0.00000000000000000 1.00000000000000000 0.00000000000000000 0.00000000000000000 0.00000000000000000 0.00000000000000000 1.00000000000000000 0.00000000000000000 -1.00000000000000000 0.00000000000000000 
1 175.00000000000000000 0.00000000000000000 0.00000000000000000 1.00000000000000000 0.00000000000000000 0.00000000000000000 0.00000000000000000 0.00000000000000000 1.00000000000000000 0.00000000000000000 -1.00000000000000000 0.00000000000000000 
1 175.00000000000000000 27.17052369792137867 65.59544680830136087 1.00000000000000000 0.00000000000000000 0.00000000000000000 0.00000000000000000 0.00000000000000000 1.00000000000000000 0.00000000000000000 -1.00000000000000000 0.00000000000000000 
2 163.78749999999999432 27.17052369792137867 65.59544680830136087 1.00000000000000000 0.00000000000000000 0.00000000000000000 0.00000000000000000 0.00000000000000000 1.00000000000000000 0.00000000000000000 -1.00000000000000000 0.00000000000000000 3.22499999999999964
1 175.00000000000000000 0.00000000000000000 0.00000000000000000 1.00000000000000000 0.00000000000000000 0.00000000000000000 0.00000000000000000 0.00000000000000000 1.00000000000000000 0.00000000000000000 -1.00000000000000000 0.00000000000000000 
1 153.00000000000000000 -63.30261330625349103 -84.01058950274627080 -0.00000000000000000 -0.91354545764260098 -0.40673664307580021 0.00000000000000000 0.40673664307580021 -0.91354545764260098 1.00000000000000000 0.00000000000000000 0.00000000000000000 
2 153.00000000000000000 20.74356879686581223 -46.59081833977265319 -0.00000000000000000 -0.91354545764260098 -0.40673664307580021 0.00000000000000000 0.40673664307580021 -0.91354545764260098 1.00000000000000000 0.00000000000000000 0.00000000000000000 20.00000000000000000
1 142.82369916445000513 34.16587801836718086 -76.73781844197849011 1.00000000000000000 0.00000000000000000 0.00000000000000000 0.00000000000000000 0.00000000000000000 1.00000000000000000 0.00000000000000000 -1.00000000000000000 0.00000000000000000 
2 128.82369916445000513 34.16587801836718086 -76.73781844197849011 1.00000000000000000 0.00000000000000000 0.00000000000000000 0.00000000000000000 0.00000000000000000 1.00000000000000000 0.00000000000000000 -1.00000000000000000 0.00000000000000000 4.81250000000000000
1 129.82369916445000513 34.16587801836718086 -76.73781844197849011 1.00000000000000000 0.00000000000000000 0.00000000000000000 0.00000000000000000 0.00000000000000000 1.00000000000000000 0.00000000000000000 -1.00000000000000000 0.00000000000000000 
1 129.82369916445000513 0.00000000000000000 0.00000000000000000 1.00000000000000000 0.00000000000000000 0.00000000000000000 0.00000000000000000 0.00000000000000000 1.00000000000000000 0.00000000000000000 -1.00000000000000000 0.00000000000000000 
1 129.82369916445000513 0.00000000000000000 0.00000000000000000 1.00000000000000000 0.00000000000000000 0.00000000000000000 0.00000000000000000 0.00000000000000000 1.00000000000000000 0.00000000000000000 -1.00000000000000000 0.00000000000000000 
1 129.82369916445000513 0.00000000000000000 0.00000000000000000 1.00000000000000000 0.00000000000000000 0.00000000000000000 0.00000000000000000 0.00000000000000000 1.00000000000000000 0.00000000000000000 -1.00000000000000000 0.00000000000000000 
1 129.82369916445000513 0.00000000000000000 0.00000000000000000 1.00000000000000000 0.00000000000000000 0.00000000000000000 0.00000000000000000 0.00000000000000000 1.00000000000000000 0.00000000000000000 -1.00000000000000000 0.00000000000000000 
1 129.82369916445000513 0.00000000000000000 0.00000000000000000 1.00000000000000000 0.00000000000000000 0.00000000000000000 0.00000000000000000 0.00000000000000000 1.00000000000000000 0.00000000000000000 -1.00000000000000000 0.00000000000000000 
1 142.82369916445000513 -76.73781844197847590 -34.16587801836721638 1.00000000000000000 0.00000000000000000 0.00000000000000000 0.00000000000000000 0.00000000000000000 1.00000000000000000 0.00000000000000000 -1.00000000000000000 0.00000000000000000 
2 128.82369916445000513 -76.73781844197847590 -34.16587801836721638 1.00000000000000000 0.00000000000000000 0.00000000000000000 0.00000000000000000 0.00000000000000000 1.00000000000000000 0.00000000000000000 -1.00000000000000000 0.00000000000000000 4.81250000000000000
1 129.82369916445000513 -76.73781844197847590 -34.16587801836721638 1.00000000000000000 0.00000000000000000 0.00000000000000000 0.00000000000000000 0.00000000000000000 1.00000000000000000 0.00000000000000000 -1.00000000000000000 0.00000000000000000 
1 142.82369916445000513 -34.16587801836722349 76.73781844197847590 1.00000000000000000 0.00000000000000000 0.00000000000000000 0.00000000000000000 0.00000000000000000 1.00000000000000000 0.00000000000000000 -1.00000000000000000 0.00000000000000000 
2 128.82369916445000513 -34.16587801836722349 76.73781844197847590 1.00000000000000000 0.00000000000000000 0.00000000000000000 0.00000000000000000 0.00000000000000000 1.00000000000000000 0.00000000000000000 -1.00000000000000000 0.00000000000000000 4.81250000000000000
2 170.00000000000000000 0.00000000000000000 0.00000000000000000 1.00000000000000000 0.00000000000000000 0.00000000000000000 0.00000000000000000 0.00000000000000000 1.00000000000000000 0.00000000000000000 -1.00000000000000000 0.00000000000000000 67.00000000000000000
1 170.00000000000000000 0.00000000000000000 0.00000000000000000 1.00000000000000000 0.00000000000000000 0.00000000000000000 0.00000000000000000 0.00000000000000000 1.00000000000000000 0.00000000000000000 -1.00000000000000000 0.00000000000000000 
2 170.00000000000000000 0.00000000000000000 0.00000000000000000 1.00000000000000000 0.00000000000000000 0.00000000000000000 0.00000000000000000 0.00000000000000000 1.00000000000000000 0.00000000000000000 -1.00000000000000000 0.00000000000000000 67.00000000000000000
1 170.00000000000000000 0.00000000000000000 0.00000000000000000 1.00000000000000000 0.00000000000000000 0.00000000000000000 0.00000000000000000 0.00000000000000000 1.00000000000000000 0.00000000000000000 -1.00000000000000000 0.00000000000000000 
1 175.00000000000000000 0.00000000000000000 0.00000000000000000 1.00000000000000000 0.00000000000000000 0.00000000000000000 0.00000000000000000 0.00000000000000000 1.00000000000000000 0.00000000000000000 -1.00000000000000000 0.00000000000000000 
1 175.00000000000000000 0.00000000000000000 0.00000000000000000 1.00000000000000000 0.00000000000000000 0.00000000000000000 0.00000000000000000 0.00000000000000000 1.00000000000000000 0.00000000000000000 -1.00000000000000000 0.00000000000000000 
1 175.00000000000000000 0.00000000000000000 0.00000000000000000 1.00000000000000000 0.00000000000000000 0.00000000000000000 0.00000000000000000 0.00000000000000000 1.00000000000000000 0.00000000000000000 -1.00000000000000000 0.00000000000000000 
2 147.00000000000000000 0.00000000000000000 0.00000000000000000 1.00000000000000000 0.00000000000000000 0.00000000000000000 0.00000000000000000 0.00000000000000000 1.00000000000000000 0.00000000000000000 -1.00000000000000000 0.00000000000000000 59.00000000000000000
1 175.00000000000000000 -65.59544680830136087 -27.17052369792136801 1.00000000000000000 0.00000000000000000 0.00000000000000000 0.00000000000000000 0.00000000000000000 1.00000000000000000 0.00000000000000000 -1.00000000000000000 0.00000000000000000 
2 163.78749999999999432 -65.59544680830136087 -27.17052369792136801 1.00000000000000000 0.00000000000000000 0.00000000000000000 0.00000000000000000 0.00000000000000000 1.00000000000000000 0.00000000000000000 -1.00000000000000000 0.00000000000000000 3.22499999999999964
1 175.00000000000000000 0.00000000000000000 0.00000000000000000 1.00000000000000000 0.00000000000000000 0.00000000000000000 0.00000000000000000 0.00000000000000000 1.00000000000000000 0.00000000000000000 -1.00000000000000000 0.00000000000000000 
1 175.00000000000000000 0.00000000000000000 0.00000000000000000 1.00000000000000000 0.00000000000000000 0.00000000000000000 0.00000000000000000 0.00000000000000000 1.00000000000000000 0.00000000000000000 -1.00000000000000000 0.00000000000000000 
1 175.00000000000000000 0.00000000000000000 0.00000000000000000 1.00000000000000000 0.00000000000000000 0.00000000000000000 0.00000000000000000 0.00000000000000000 1.00000000000000000 0.00000000000000000 -1.00000000000000000 0.00000000000000000 
1 175.00000000000000000 0.00000000000000000 0.00000000000000000 1.00000000000000000 0.00000000000000000 0.00000000000000000 0.00000000000000000 0.00000000000000000 1.00000000000000000 0.00000000000000000 -1.00000000000000000 0.00000000000000000 
1 175.00000000000000000 0.00000000000000000 0.00000000000000000 1.00000000000000000 0.00000000000000000 0.00000000000000000 0.00000000000000000 0.00000000000000000 1.00000000000000000 0.00000000000000000 -1.00000000000000000 0.00000000000000000 
1 153.00000000000000000 63.30261330625349103 84.01058950274627080 0.00000000000000000 0.91354545764260098 0.40673664307580021 0.00000000000000000 -0.40673664307580021 0.91354545764260098 1.00000000000000000 0.00000000000000000 0.00000000000000000 
2 153.00000000000000000 -20.74356879686581223 46.59081833977265319 0.00000000000000000 0.91354545764260098 0.40673664307580021 0.00000000000000000 -0.40673664307580021 0.91354545764260098 1.00000000000000000 0.00000000000000000 0.00000000000000000 20.00000000000000000
1 129.82369916445000513 -34.16587801836722349 76.73781844197847590 1.00000000000000000 0.00000000000000000 0.00000000000000000 0.00000000000000000 0.00000000000000000 1.00000000000000000 0.00000000000000000 -1.00000000000000000 0.00000000000000000 
1 142.82369916445000513 76.73781844197847590 34.16587801836721638 1.00000000000000000 0.00000000000000000 0.00000000000000000 0.00000000000000000 0.00000000000000000 1.00000000000000000 0.00000000000000000 -1.00000000000000000 0.00000000000000000 
2 128.82369916445000513 76.73781844197847590 34.16587801836721638 1.00000000000000000 0.00000000000000000 0.00000000000000000 0.00000000000000000 0.00000000000000000 1.00000000000000000 0.00000000000000000 -1.00000000000000000 0.00000000000000000 4.81250000000000000
1 129.82369916445000513 76.73781844197847590 34.16587801836721638 1.00000000000000000 0.00000000000000000 0.00000000000000000 0.00000000000000000 0.00000000000000000 1.00000000000000000 0.00000000000000000 -1.00000000000000000 0.00000000000000000 
1 175.00000000000000000 0.00000000000000000 0.00000000000000000 1.00000000000000000 0.00000000000000000 0.00000000000000000 0.00000000000000000 0.00000000000000000 1.00000000000000000 0.00000000000000000 -1.00000000000000000 0.00000000000000000 
1 175.00000000000000000 0.00000000000000000 0.00000000000000000 1.00000000000000000 0.00000000000000000 0.00000000000000000 0.00000000000000000 0.00000000000000000 1.00000000000000000 0.00000000000000000 -1.00000000000000000 0.00000000000000000 
1 175.00000000000000000 -27.17052369792137156 65.59544680830136087 1.00000000000000000 0.00000000000000000 0.00000000000000000 0.00000000000000000 0.00000000000000000 1.00000000000000000 0.00000000000000000 -1.00000000000000000 0.00000000000000000 
2 163.78749999999999432 -27.17052369792137156 65.59544680830136087 1.00000000000000000 0.00000000000000000 0.00000000000000000 0.00000000000000000 0.00000000000000000 1.00000000000000000 0.00000000000000000 -1.00000000000000000 0.00000000000000000 3.22499999999999964
1 153.00000000000000000 0.00000000000000000 -66.00000000000000000 0.00000000000000000 0.00000000000000000 1.00000000000000000 1.00000000000000000 0.00000000000000000 0.00000000000000000 0.00000000000000000 1.00000000000000000 0.00000000000000000 
2 153.00000000000000000 20.74356879686581223 -46.59081833977265319 -0.00000000000000000 -0.91354545764260098 -0.40673664307580021 0.00000000000000000 0.40673664307580021 -0.91354545764260098 1.00000000000000000 0.00000000000000000 0.00000000000000000 15.00000000000000000
2 153.00000000000000000 0.00000000000000000 -85.00000000000000000 0.00000000000000000 0.00000000000000000 1.00000000000000000 1.00000000000000000 0.00000000000000000 0.00000000000000000 0.00000000000000000 1.00000000000000000 0.00000000000000000 12.31874999999999964
2 153.00000000000000000 0.00000000000000000 -85.00000000000000000 0.00000000000000000 0.00000000000000000 1.00000000000000000 1.00000000000000000 0.00000000000000000 0.00000000000000000 0.00000000000000000 1.00000000000000000 0.00000000000000000 12.31874999999999964
2 153.00000000000000000 20.74356879686581223 -46.59081833977265319 -0.00000000000000000 -0.91354545764260098 -0.40673664307580021 0.00000000000000000 0.40673664307580021 -0.91354545764260098 1.00000000000000000 0.00000000000000000 0.00000000000000000 15.00000000000000000
2 153.00000000000000000 20.74356879686581223 -46.59081833977265319 -0.00000000000000000 -0.91354545764260098 -0.40673664307580021 0.00000000000000000 0.40673664307580021 -0.91354545764260098 1.00000000000000000 0.00000000000000000 0.00000000000000000 15.00000000000000000
1 129.82369916445000513 0.00000000000000000 0.00000000000000000 1.00000000000000000 0.00000000000000000 0.00000000000000000 0.00000000000000000 0.00000000000000000 1.00000000000000000 0.00000000000000000 -1.00000000000000000 0.00000000000000000 
2 128.82369916445000513 0.00000000000000000 0.00000000000000000 1.00000000000000000 0.00000000000000000 0.00000000000000000 0.00000000000000000 0.00000000000000000 1.00000000000000000 0.00000000000000000 -1.00000000000000000 0.00000000000000000 51.50000000000000000
1 175.00000000000000000 -65.59544680830136087 27.17052369792138222 1.00000000000000000 0.00000000000000000 0.00000000000000000 0.00000000000000000 0.00000000000000000 1.00000000000000000 0.00000000000000000 -1.00000000000000000 0.00000000000000000 
2 163.78749999999999432 -65.59544680830136087 27.17052369792138222 1.00000000000000000 0.00000000000000000 0.00000000000000000 0.00000000000000000 0.00000000000000000 1.00000000000000000 0.00000000000000000 -1.00000000000000000 0.00000000000000000 3.22499999999999964
1 175.00000000000000000 0.00000000000000000 0.00000000000000000 1.00000000000000000 0.00000000000000000 0.00000000000000000 0.00000000000000000 0.00000000000000000 1.00000000000000000 0.00000000000000000 -1.00000000000000000 0.00000000000000000 
1 175.00000000000000000 0.00000000000000000 0.00000000000000000 1.00000000000000000 0.00000000000000000 0.00000000000000000 0.00000000000000000 0.00000000000000000 1.00000000000000000 0.00000000000000000 -1.00000000000000000 0.00000000000000000 
1 175.00000000000000000 0.00000000000000000 0.00000000000000000 1.00000000000000000 0.00000000000000000 0.00000000000000000 0.00000000000000000 0.00000000000000000 1.00000000000000000 0.00000000000000000 -1.00000000000000000 0.00000000000000000 
1 175.00000000000000000 0.00000000000000000 0.00000000000000000 1.00000000000000000 0.00000000000000000 0.00000000000000000 0.00000000000000000 0.00000000000000000 1.00000000000000000 0.00000000000000000 -1.00000000000000000 0.00000000000000000 
1 175.00000000000000000 0.00000000000000000 0.00000000000000000 1.00000000000000000 0.00000000000000000 0.00000000000000000 0.00000000000000000 0.00000000000000000 1.00000000000000000 0.00000000000000000 -1.00000000000000000 0.00000000000000000 
1 175.00000000000000000 0.00000000000000000 0.00000000000000000 1.00000000000000000 0.00000000000000000 0.00000000000000000 0.00000000000000000 0.00000000000000000 1.00000000000000000 0.00000000000000000 -1.00000000000000000 0.00000000000000000 
1 175.00000000000000000 0.00000000000000000 0.00000000000000000 1.00000000000000000 0.00000000000000000 0.00000000000000000 0.00000000000000000 0.00000000000000000 1.00000000000000000 0.00000000000000000 -1.00000000000000000 0.00000000000000000 
1 175.00000000000000000 0.00000000000000000 0.00000000000000000 1.00000000000000000 0.00000000000000000 0.00000000000000000 0.00000000000000000 0.00000000000000000 1.00000000000000000 0.00000000000000000 -1.00000000000000000 0.00000000000000000 
1 175.00000000000000000 0.00000000000000000 0.00000000000000000 1.00000000000000000 0.00000000000000000 0.00000000000000000 0.00000000000000000 0.00000000000000000 1.00000000000000000 0.00000000000000000 -1.00000000000000000 0.00000000000000000 
1 175.00000000000000000 0.00000000000000000 0.00000000000000000 1.00000000000000000 0.00000000000000000 0.00000000000000000 0.00000000000000000 0.00000000000000000 1.00000000000000000 0.00000000000000000 -1.00000000000000000 0.00000000000000000 
2 147.00000000000000000 0.00000000000000000 0.00000000000000000 1.00000000000000000 0.00000000000000000 0.00000000000000000 0.00000000000000000 0.00000000000000000 1.00000000000000000 0.00000000000000000 -1.00000000000000000 0.00000000000000000 59.00000000000000000
1 163.78749999999999432 -27.17052369792135380 -65.59544680830136087 1.00000000000000000 0.00000000000000000 0.00000000000000000 0.00000000000000000 0.00000000000000000 1.00000000000000000 0.00000000000000000 -1.00000000000000000 0.00000000000000000 
1 163.78749999999999432 27.17052369792138933 -65.59544680830134666 1.00000000000000000 0.00000000000000000 0.00000000000000000 0.00000000000000000 0.00000000000000000 1.00000000000000000 0.00000000000000000 -1.00000000000000000 0.00000000000000000 
1 163.78749999999999432 65.59544680830136087 -27.17052369792135735 1.00000000000000000 0.00000000000000000 0.00000000000000000 0.00000000000000000 0.00000000000000000 1.00000000000000000 0.00000000000000000 -1.00000000000000000 0.00000000000000000 
1 163.78749999999999432 65.59544680830136087 27.17052369792137512 1.00000000000000000 0.00000000000000000 0.00000000000000000 0.00000000000000000 0.00000000000000000 1.00000000000000000 0.00000000000000000 -1.00000000000000000 0.00000000000000000 
1 163.78749999999999432 27.17052369792137867 65.59544680830136087 1.00000000000000000 0.00000000000000000 0.00000000000000000 0.00000000000000000 0.00000000000000000 1.00000000000000000 0.00000000000000000 -1.00000000000000000 0.00000000000000000 
5 153.00000000000000000 0.00000000000000000 0.00000000000000000 1.00000000000000000 0.00000000000000000 0.00000000000000000 0.00000000000000000 0.00000000000000000 1.00000000000000000 0.00000000000000000 -1.00000000000000000 0.00000000000000000 51.00000000000000000 16.00000000000000000
5 153.00000000000000000 0.00000000000000000 0.00000000000000000 1.00000000000000000 0.00000000000000000 0.00000000000000000 0.00000000000000000 0.00000000000000000 1.00000000000000000 0.00000000000000000 -1.00000000000000000 0.00000000000000000 51.00000000000000000 16.00000000000000000
5 153.00000000000000000 0.00000000000000000 0.00000000000000000 1.00000000000000000 0.00000000000000000 0.00000000000000000 0.00000000000000000 0.00000000000000000 1.00000000000000000 0.00000000000000000 -1.00000000000000000 0.00000000000000000 51.00000000000000000 16.00000000000000000
2 161.88749999999998863 -27.17052369792135380 -65.59544680830136087 1.00000000000000000 0.00000000000000000 0.00000000000000000 0.00000000000000000 0.00000000000000000 1.00000000000000000 0.00000000000000000 -1.00000000000000000 0.00000000000000000 8.50000000000000000
5 153.00000000000000000 0.00000000000000000 0.00000000000000000 1.00000000000000000 0.00000000000000000 0.00000000000000000 0.00000000000000000 0.00000000000000000 1.00000000000000000 0.00000000000000000 -1.00000000000000000 0.00000000000000000 51.00000000000000000 16.00000000000000000
5 153.00000000000000000 0.00000000000000000 0.00000000000000000 1.00000000000000000 0.00000000000000000 0.00000000000000000 0.00000000000000000 0.00000000000000000 1.00000000000000000 0.00000000000000000 -1.00000000000000000 0.00000000000000000 51.00000000000000000 16.00000000000000000
1 153.00000000000000000 -65.58647695035998026 -85.02743111043577073 -0.00000000000000000 -0.91354545764260098 -0.40673664307580021 0.00000000000000000 0.40673664307580021 -0.91354545764260098 1.00000000000000000 0.00000000000000000 0.00000000000000000 
2 153.00000000000000000 -65.58647695035998026 -85.02743111043577073 -0.00000000000000000 -0.91354545764260098 -0.40673664307580021 0.00000000000000000 0.40673664307580021 -0.91354545764260098 1.00000000000000000 0.00000000000000000 0.00000000000000000 21.50000000000000000
5 153.00000000000000000 0.00000000000000000 0.00000000000000000 1.00000000000000000 0.00000000000000000 0.00000000000000000 0.00000000000000000 0.00000000000000000 1.00000000000000000 0.00000000000000000 -1.00000000000000000 0.00000000000000000 51.00000000000000000 21.00000000000000000
1 175.00000000000000000 0.00000000000000000 0.00000000000000000 1.00000000000000000 0.00000000000000000 0.00000000000000000 0.00000000000000000 0.00000000000000000 1.00000000000000000 0.00000000000000000 -1.00000000000000000 0.00000000000000000 
2 153.00000000000000000 -20.74356879686581223 46.59081833977265319 0.00000000000000000 0.91354545764260098 0.40673664307580021 0.00000000000000000 -0.40673664307580021 0.91354545764260098 1.00000000000000000 0.00000000000000000 0.00000000000000000 15.00000000000000000
1 163.78749999999999432 -65.59544680830136087 -27.17052369792136801 1.00000000000000000 0.00000000000000000 0.00000000000000000 0.00000000000000000 0.00000000000000000 1.00000000000000000 0.00000000000000000 -1.00000000000000000 0.00000000000000000 
1 153.00000000000000000 65.58647695035998026 85.02743111043577073 0.00000000000000000 0.91354545764260098 0.40673664307580021 0.00000000000000000 -0.40673664307580021 0.91354545764260098 1.00000000000000000 0.00000000000000000 0.00000000000000000 
2 153.00000000000000000 65.58647695035998026 85.02743111043577073 0.00000000000000000 0.91354545764260098 0.40673664307580021 0.00000000000000000 -0.40673664307580021 0.91354545764260098 1.00000000000000000 0.00000000000000000 0.00000000000000000 21.50000000000000000
1 163.78749999999999432 -27.17052369792137156 65.59544680830136087 1.00000000000000000 0.00000000000000000 0.00000000000000000 0.00000000000000000 0.00000000000000000 1.00000000000000000 0.00000000000000000 -1.00000000000000000 0.00000000000000000 
1 153.00000000000000000 -72.43806788267947638 -88.07795593350427055 -0.00000000000000000 -0.91354545764260098 -0.40673664307580021 0.00000000000000000 0.40673664307580021 -0.91354545764260098 1.00000000000000000 0.00000000000000000 0.00000000000000000 
2 161.88749999999998863 -27.17052369792137156 65.59544680830136087 1.00000000000000000 0.00000000000000000 0.00000000000000000 0.00000000000000000 0.00000000000000000 1.00000000000000000 0.00000000000000000 -1.00000000000000000 0.00000000000000000 8.50000000000000000
2 161.88749999999998863 -65.59544680830136087 27.17052369792138222 1.00000000000000000 0.00000000000000000 0.00000000000000000 0.00000000000000000 0.00000000000000000 1.00000000000000000 0.00000000000000000 -1.00000000000000000 0.00000000000000000 8.50000000000000000
2 161.88749999999998863 -65.59544680830136087 -27.17052369792136801 1.00000000000000000 0.00000000000000000 0.00000000000000000 0.00000000000000000 0.00000000000000000 1.00000000000000000 0.00000000000000000 -1.00000000000000000 0.00000000000000000 8.50000000000000000
2 161.88749999999998863 65.59544680830136087 -27.17052369792135735 1.00000000000000000 0.00000000000000000 0.00000000000000000 0.00000000000000000 0.00000000000000000 1.00000000000000000 0.00000000000000000 -1.00000000000000000 0.00000000000000000 8.50000000000000000
2 161.88749999999998863 65.59544680830136087 27.17052369792137512 1.00000000000000000 0.00000000000000000 0.00000000000000000 0.00000000000000000 0.00000000000000000 1.00000000000000000 0.00000000000000000 -1.00000000000000000 0.00000000000000000 8.50000000000000000
2 161.88749999999998863 27.17052369792138933 -65.59544680830134666 1.00000000000000000 0.00000000000000000 0.00000000000000000 0.00000000000000000 0.00000000000000000 1.00000000000000000 0.00000000000000000 -1.00000000000000000 0.00000000000000000 8.50000000000000000
2 161.88749999999998863 27.17052369792138933 -65.59544680830134666 1.00000000000000000 0.00000000000000000 0.00000000000000000 0.00000000000000000 0.00000000000000000 1.00000000000000000 0.00000000000000000 -1.00000000000000000 0.00000000000000000 8.50000000000000000
5 153.00000000000000000 0.00000000000000000 0.00000000000000000 1.00000000000000000 0.00000000000000000 0.00000000000000000 0.00000000000000000 0.00000000000000000 1.00000000000000000 0.00000000000000000 -1.00000000000000000 0.00000000000000000 51.00000000000000000 16.00000000000000000
2 153.00000000000000000 -20.74356879686581223 46.59081833977265319 0.00000000000000000 0.91354545764260098 0.40673664307580021 0.00000000000000000 -0.40673664307580021 0.91354545764260098 1.00000000000000000 0.00000000000000000 0.00000000000000000 15.00000000000000000
1 163.78749999999999432 -65.59544680830136087 27.17052369792138222 1.00000000000000000 0.00000000000000000 0.00000000000000000 0.00000000000000000 0.00000000000000000 1.00000000000000000 0.00000000000000000 -1.00000000000000000 0.00000000000000000 
2 161.88749999999998863 27.17052369792137867 65.59544680830136087 1.00000000000000000 0.00000000000000000 0.00000000000000000 0.00000000000000000 0.00000000000000000 1.00000000000000000 0.00000000000000000 -1.00000000000000000 0.00000000000000000 8.50000000000000000
1 153.00000000000000000 -72.43806788267949059 -88.07795593350427055 -0.00000000000000000 -0.91354545764260098 -0.40673664307580021 0.00000000000000000 0.40673664307580021 -0.91354545764260098 1.00000000000000000 0.00000000000000000 0.00000000000000000 
2 153.00000000000000000 -70.15420423857298715 -87.06111432581477061 -0.00000000000000000 -0.91354545764260098 -0.40673664307580021 0.00000000000000000 0.40673664307580021 -0.91354545764260098 1.00000000000000000 0.00000000000000000 0.00000000000000000 21.50000000000000000
1 161.88749999999998863 -27.17052369792137156 65.59544680830136087 1.00000000000000000 0.00000000000000000 0.00000000000000000 0.00000000000000000 0.00000000000000000 1.00000000000000000 0.00000000000000000 -1.00000000000000000 0.00000000000000000 
1 161.88749999999998863 -65.59544680830136087 27.17052369792138222 1.00000000000000000 0.00000000000000000 0.00000000000000000 0.00000000000000000 0.00000000000000000 1.00000000000000000 0.00000000000000000 -1.00000000000000000 0.00000000000000000 
1 161.88749999999998863 -65.59544680830136087 -27.17052369792136801 1.00000000000000000 0.00000000000000000 0.00000000000000000 0.00000000000000000 0.00000000000000000 1.00000000000000000 0.00000000000000000 -1.00000000000000000 0.00000000000000000 
1 161.88749999999998863 65.59544680830136087 -27.17052369792135735 1.00000000000000000 0.00000000000000000 0.00000000000000000 0.00000000000000000 0.00000000000000000 1.00000000000000000 0.00000000000000000 -1.00000000000000000 0.00000000000000000 
1 161.88749999999998863 65.59544680830136087 27.17052369792137512 1.00000000000000000 0.00000000000000000 0.00000000000000000 0.00000000000000000 0.00000000000000000 1.00000000000000000 0.00000000000000000 -1.00000000000000000 0.00000000000000000 
1 161.88749999999998863 27.17052369792138933 -65.59544680830134666 1.00000000000000000 0.00000000000000000 0.00000000000000000 0.00000000000000000 0.00000000000000000 1.00000000000000000 0.00000000000000000 -1.00000000000000000 0.00000000000000000 
1 161.88749999999998863 -27.17052369792135380 -65.59544680830136087 1.00000000000000000 0.00000000000000000 0.00000000000000000 0.00000000000000000 0.00000000000000000 1.00000000000000000 0.00000000000000000 -1.00000000000000000 0.00000000000000000 
2 153.00000000000000000 0.00000000000000000 -86.00000000000000000 0.00000000000000000 0.00000000000000000 1.00000000000000000 1.00000000000000000 0.00000000000000000 0.00000000000000000 0.00000000000000000 1.00000000000000000 0.00000000000000000 7.98749999999999982
1 153.00000000000000000 -67.87034059446648371 -86.04427271812527067 -0.00000000000000000 -0.91354545764260098 -0.40673664307580021 0.00000000000000000 0.40673664307580021 -0.91354545764260098 1.00000000000000000 0.00000000000000000 0.00000000000000000 
2 153.00000000000000000 20.74356879686581223 -46.59081833977265319 -0.00000000000000000 -0.91354545764260098 -0.40673664307580021 0.00000000000000000 0.40673664307580021 -0.91354545764260098 1.00000000000000000 0.00000000000000000 0.00000000000000000 20.00000000000000000
1 142.00000000000000000 0.00000000000000000 0.00000000000000000 1.00000000000000000 0.00000000000000000 0.00000000000000000 0.00000000000000000 0.00000000000000000 1.00000000000000000 0.00000000000000000 -1.00000000000000000 0.00000000000000000 
2 105.10048000000000457 0.00000000000000000 0.00000000000000000 1.00000000000000000 0.00000000000000000 0.00000000000000000 0.00000000000000000 0.00000000000000000 1.00000000000000000 0.00000000000000000 -1.00000000000000000 0.00000000000000000 18.00000000000000000
1 153.00000000000000000 72.43806788267947638 88.07795593350427055 0.00000000000000000 0.91354545764260098 0.40673664307580021 0.00000000000000000 -0.40673664307580021 0.91354545764260098 1.00000000000000000 0.00000000000000000 0.00000000000000000 
1 153.00000000000000000 67.87034059446648371 86.04427271812527067 0.00000000000000000 0.91354545764260098 0.40673664307580021 0.00000000000000000 -0.40673664307580021 0.91354545764260098 1.00000000000000000 0.00000000000000000 0.00000000000000000 
2 153.00000000000000000 -20.74356879686581223 46.59081833977265319 0.00000000000000000 0.91354545764260098 0.40673664307580021 0.00000000000000000 -0.40673664307580021 0.91354545764260098 1.00000000000000000 0.00000000000000000 0.00000000000000000 20.00000000000000000
1 147.00000000000000000 0.00000000000000000 0.00000000000000000 1.00000000000000000 0.00000000000000000 0.00000000000000000 0.00000000000000000 0.00000000000000000 1.00000000000000000 0.00000000000000000 -1.00000000000000000 0.00000000000000000 
1 153.00000000000000000 72.43806788267949059 88.07795593350427055 0.00000000000000000 0.91354545764260098 0.40673664307580021 0.00000000000000000 -0.40673664307580021 0.91354545764260098 1.00000000000000000 0.00000000000000000 0.00000000000000000 
2 153.00000000000000000 70.15420423857298715 87.06111432581477061 0.00000000000000000 0.91354545764260098 0.40673664307580021 0.00000000000000000 -0.40673664307580021 0.91354545764260098 1.00000000000000000 0.00000000000000000 0.00000000000000000 21.50000000000000000
1 161.88749999999998863 27.17052369792137867 65.59544680830136087 1.00000000000000000 0.00000000000000000 0.00000000000000000 0.00000000000000000 0.00000000000000000 1.00000000000000000 0.00000000000000000 -1.00000000000000000 0.00000000000000000 
1 153.00000000000000000 -70.15420423857298715 -87.06111432581477061 -0.00000000000000000 -0.91354545764260098 -0.40673664307580021 0.00000000000000000 0.40673664307580021 -0.91354545764260098 1.00000000000000000 0.00000000000000000 0.00000000000000000 
1 153.00000000000000000 0.00000000000000000 -35.00000000000000000 0.00000000000000000 0.00000000000000000 1.00000000000000000 1.00000000000000000 0.00000000000000000 0.00000000000000000 0.00000000000000000 1.00000000000000000 0.00000000000000000 
1 147.00000000000000000 0.00000000000000000 0.00000000000000000 1.00000000000000000 0.00000000000000000 0.00000000000000000 0.00000000000000000 0.00000000000000000 1.00000000000000000 0.00000000000000000 -1.00000000000000000 0.00000000000000000 
2 102.10048000000000457 0.00000000000000000 0.00000000000000000 1.00000000000000000 0.00000000000000000 0.00000000000000000 0.00000000000000000 0.00000000000000000 1.00000000000000000 0.00000000000000000 -1.00000000000000000 0.00000000000000000 8.54011000000000031
1 105.10048000000000457 0.00000000000000000 0.00000000000000000 1.00000000000000000 0.00000000000000000 0.00000000000000000 0.00000000000000000 0.00000000000000000 1.00000000000000000 0.00000000000000000 -1.00000000000000000 0.00000000000000000 
2 103.10048000000000457 0.00000000000000000 0.00000000000000000 1.00000000000000000 0.00000000000000000 0.00000000000000000 0.00000000000000000 0.00000000000000000 1.00000000000000000 0.00000000000000000 -1.00000000000000000 0.00000000000000000 13.28261000000000003
1 102.10048000000000457 12.25261000000000067 1.80000000000000004 0.00000000000000000 0.00000000000000000 1.00000000000000000 1.00000000000000000 0.00000000000000000 0.00000000000000000 0.00000000000000000 1.00000000000000000 0.00000000000000000 
1 109.20047999999999888 12.25261000000000067 -1.80000000000000004 1.00000000000000000 0.00000000000000000 0.00000000000000000 0.00000000000000000 0.00000000000000000 1.00000000000000000 0.00000000000000000 -1.00000000000000000 0.00000000000000000 
1 102.10048000000000457 12.25261000000000067 -1.80000000000000004 0.00000000000000000 0.00000000000000000 1.00000000000000000 1.00000000000000000 0.00000000000000000 0.00000000000000000 0.00000000000000000 1.00000000000000000 0.00000000000000000 
1 105.10048000000000457 0.00000000000000000 0.00000000000000000 1.00000000000000000 0.00000000000000000 0.00000000000000000 0.00000000000000000 0.00000000000000000 1.00000000000000000 0.00000000000000000 -1.00000000000000000 0.00000000000000000 
1 102.10048000000000457 12.25261000000000067 1.80000000000000004 0.00000000000000000 0.00000000000000000 1.00000000000000000 1.00000000000000000 0.00000000000000000 0.00000000000000000 0.00000000000000000 1.00000000000000000 0.00000000000000000 
1 109.20047999999999888 12.25261000000000067 -1.80000000000000004 1.00000000000000000 0.00000000000000000 0.00000000000000000 0.00000000000000000 0.00000000000000000 1.00000000000000000 0.00000000000000000 -1.00000000000000000 0.00000000000000000 
1 102.10048000000000457 12.25261000000000067 -1.80000000000000004 0.00000000000000000 0.00000000000000000 1.00000000000000000 1.00000000000000000 0.00000000000000000 0.00000000000000000 0.00000000000000000 1.00000000000000000 0.00000000000000000 
1 105.10048000000000457 0.00000000000000000 0.00000000000000000 1.00000000000000000 0.00000000000000000 0.00000000000000000 0.00000000000000000 0.00000000000000000 1.00000000000000000 0.00000000000000000 -1.00000000000000000 0.00000000000000000 
1 102.10048000000000457 12.25261000000000067 1.80000000000000004 0.00000000000000000 0.00000000000000000 1.00000000000000000 1.00000000000000000 0.00000000000000000 0.00000000000000000 0.00000000000000000 1.00000000000000000 0.00000000000000000 
1 109.20047999999999888 12.25261000000000067 -1.80000000000000004 1.00000000000000000 0.00000000000000000 0.00000000000000000 0.00000000000000000 0.00000000000000000 1.00000000000000000 0.00000000000000000 -1.00000000000000000 0.00000000000000000 
1 102.10048000000000457 12.25261000000000067 -1.80000000000000004 0.00000000000000000 0.00000000000000000 1.00000000000000000 1.00000000000000000 0.00000000000000000 0.00000000000000000 0.00000000000000000 1.00000000000000000 0.00000000000000000 
1 105.10048000000000457 0.00000000000000000 0.00000000000000000 1.00000000000000000 0.00000000000000000 0.00000000000000000 0.00000000000000000 0.00000000000000000 1.00000000000000000 0.00000000000000000 -1.00000000000000000 0.00000000000000000 
1 102.10048000000000457 12.25261000000000067 1.80000000000000004 0.00000000000000000 0.00000000000000000 1.00000000000000000 1.00000000000000000 0.00000000000000000 0.00000000000000000 0.00000000000000000 1.00000000000000000 0.00000000000000000 
1 109.20047999999999888 12.25261000000000067 -1.80000000000000004 1.00000000000000000 0.00000000000000000 0.00000000000000000 0.00000000000000000 0.00000000000000000 1.00000000000000000 0.00000000000000000 -1.00000000000000000 0.00000000000000000 
1 102.10048000000000457 12.25261000000000067 -1.80000000000000004 0.00000000000000000 0.00000000000000000 1.00000000000000000 1.00000000000000000 0.00000000000000000 0.00000000000000000 0.00000000000000000 1.00000000000000000 0.00000000000000000 
1 153.00000000000000000 70.15420423857298715 87.06111432581477061 0.00000000000000000 0.91354545764260098 0.40673664307580021 0.00000000000000000 -0.40673664307580021 0.91354545764260098 1.00000000000000000 0.00000000000000000 0.00000000000000000 
1 125.10048000000000457 0.00000000000000000 0.00000000000000000 1.00000000000000000 0.00000000000000000 0.00000000000000000 0.00000000000000000 0.00000000000000000 1.00000000000000000 0.00000000000000000 -1.00000000000000000 0.00000000000000000 
Triangulations 0

TShapes 1368
Ve
0.000000100003956
153.000000000000000 17.953886875212056 -69.725590324300128
0 0

0101101
*
Ve
0.000000100000057
169.492422502470646 12.012457357336428 -62.862555374707554
0 0

0101101
*
Ed
 0.000000100000000 1 1 0
1  1 0 0.000000000000000 1.000000000000000
2  1 1 0 0.000000000000000 1.000000000000000
2  2 2 0 0.000000000000000 1.000000000000000
0

0101000
+1368 3 -1367 3 *
Ve
0.000000100000067
169.492422502470646 20.202301513464242 -60.727810874088654
0 0

0101101
*
Ed
 0.000000100000000 1 1 0
1  2 0 3.330407204180950 3.462745802641495
2  3 1 0 3.330407204180950 3.462745802641495
2  4 3 0 3.330407204180950 3.462745802641495
0

0101000
+1367 3 -1365 3 *
Ve
0.000000100000018
161.887499999999989 18.872117750771608 -67.435680145764053
0 0

0101101
*
Ed
 0.000000100000000 1 1 0
1  3 0 0.000000068240153 1.000000000000000
2  5 1 0 0.000000068240153 1.000000000000000
2  6 4 0 0.000000068240153 1.000000000000000
0

0101000
+1363 3 -1365 3 *
Ve
0.000000100000016
161.887499999999989 34.339624288075207 -61.028829161918395
0 0

0101101
*
Ed
 0.000000100000000 1 1 0
1  4 0 3.414465593376065 3.654117877200969
2  7 1 0 3.414465593376065 3.654117877200969
0

0101000
+1363 3 -1361 3 *
Ve
0.000000100000089
169.492422502470646 28.655862479936438 -57.226231271428063
0 0

0101101
*
Ed
 0.000000100000000 1 1 0
1  5 0 0.000000068240152 1.000000000000000
2  8 1 0 0.000000068240152 1.000000000000000
2  9 4 0 0.000000068240152 1.000000000000000
0

0101000
+1361 3 -1359 3 *
Ve
0.000000100000114
169.492422502470646 57.226231271428077 -28.655862479936406
0 0

0101101
*
Ed
 0.000000100000000 1 1 0
1  6 0 3.605837667935540 4.248143966038942
2  3 1 0 3.605837667935540 4.248143966038942
2  4 5 0 3.605837667935540 4.248143966038942
0

0101000
+1359 3 -1357 3 *
Ve
0.000000100000014
161.887499999999989 61.028829161918409 -34.339624288075179
0 0

0101101
*
Ed
 0.000000100000000 1 1 0
1  7 0 0.000000068240152 1.000000000000000
2  10 1 0 0.000000068240152 1.000000000000000
2  11 6 0 0.000000068240152 1.000000000000000
0

0101000
+1355 3 -1357 3 *
Ve
0.000000100000032
161.887499999999989 67.435680145764067 -18.872117750771576
0 0

0101101
*
Ed
 0.000000100000000 1 1 0
1  8 0 4.199863756773514 4.439516040598418
2  12 1 0 4.199863756773514 4.439516040598418
0

0101000
+1355 3 -1353 3 *
Ve
0.000000100000018
165.047073539724948 65.595446808301361 -18.670523697921357
0 0

0101101
*
Ed
 0.000000100000000 1 1 0
1  9 0 0.000000184473025 1.000000000000000
2  13 1 0 0.000000184473025 1.000000000000000
2  14 6 0 0.000000184473025 1.000000000000000
0

0101000
+1353 3 -1351 3 *
Ve
0.000000100000055
169.492422502470646 60.727810874088675 -20.202301513464182
0 0

0101101
*
Ed
 0.000000100000000 1 1 0
1  10 0 0.000000000000000 1.000000000000000
2  15 1 0 0.000000000000000 1.000000000000000
2  16 7 0 0.000000000000000 1.000000000000000
0

0101000
+1351 3 -1349 3 *
Ve
0.000000100000166
169.492422502470646 60.727810874088682 20.202301513464160
0 0

0101101
*
Ed
 0.000000100000000 1 1 0
1  11 0 4.391235831332988 5.033542129436390
2  3 1 0 4.391235831332988 5.033542129436390
2  4 8 0 4.391235831332988 5.033542129436390
0

0101000
+1349 3 -1347 3 *
Ve
0.000000100000018
161.887499999999989 67.435680145764067 18.872117750771594
0 0

0101101
*
Ed
 0.000000100000000 1 1 0
1  12 0 0.000000068240153 1.000000000000000
2  17 1 0 0.000000068240153 1.000000000000000
2  18 9 0 0.000000068240153 1.000000000000000
0

0101000
+1345 3 -1347 3 *
Ve
0.000000100000032
161.887499999999989 61.028829161918409 34.339624288075193
0 0

0101101
*
Ed
 0.000000100000000 1 1 0
1  13 0 4.985261920170962 5.224914203995866
2  19 1 0 4.985261920170962 5.224914203995866
0

0101000
+1345 3 -1343 3 *
Ve
0.000000100000169
169.492422502470646 57.226231271428041 28.655862479936488
0 0

0101101
*
Ed
 0.000000100000000 1 1 0
1  14 0 0.000000068240152 1.000000000000000
2  20 1 0 0.000000068240152 1.000000000000000
2  21 10 0 0.000000068240152 1.000000000000000
0

0101000
+1343 3 -1341 3 *
Ve
0.000000100000088
169.492422502470646 29.726831490064829 56.677292539087382
0 0

0101101
*
Ed
 0.000000100000000 1 1 0
1  15 0 5.176633994730437 5.800136002744996
2  3 1 0 5.176633994730437 5.800136002744996
2  4 11 0 5.176633994730437 5.800136002744996
0

0101000
+1341 3 -1339 3 *
Ve
0.000000100000000
153.000000000000000 46.757562602263498 54.751532759324739
0 0

0101101
*
Ed
 0.000000100000000 1 1 0
1  16 0 0.000000000000000 1.000000000000000
2  22 1 0 0.000000000000000 1.000000000000000
2  23 12 0 0.000000000000000 1.000000000000000
0

0101000
+1337 3 -1339 3 *
Ed
 0.000000100000000 1 1 0
1  17 0 3.393611500847149 5.576376217815674
2  24 1 0 3.393611500847149 5.576376217815674
2  25 13 0 3.393611500847149 5.576376217815674
4 CN 1 0 13 0
0

0101000
+1368 3 -1337 3 *
Wi

0101100
-1366 0 -1364 0 +1362 0 -1360 0 -1358 0 -1356 0 +1354 0 -1352 0 -1350 0 -1348 0 
-1346 0 +1344 0 -1342 0 -1340 0 -1338 0 +1336 0 +1335 0 *
Fa
0  0.000000100000000 1 0

0101000
+1334 0 *
Ve
0.000000135896963
152.999999999999972 12.318750000000144 -72.234514906784739
0 0

0101101
*
Ed
 0.000000100000000 1 1 0
1  18 0 11.958260743105241 18.126686001059547
2  26 2 0 11.958260743105241 18.126686001059547
2  27 14 0 11.958260743105241 18.126686001059547
4 CN 2 0 14 0
0

0101000
+1368 3 -1332 3 *
Ve
0.000000100000028
165.318749999999994 -0.000000000000003 -73.073430417705012
0 0

0101101
*
Ed
 0.000000100000000 1 1 0
1  19 0 0.000000000000000 1.000000000000000
2  28 2 0 0.000000000000000 1.000000000000000
2  29 15 0 0.000000000000000 1.000000000000000
0

0101000
+1330 3 -1332 3 *
Ve
0.000000135896975
152.999999999999972 -12.318750000000144 -83.203836641073934
0 0

0101101
*
Ed
 0.000000100000000 1 1 0
1  20 0 0.000000000000000 1.000000000000000
2  30 2 0 0.000000000000000 1.000000000000000
2  31 15 0 0.000000000000000 1.000000000000000
0

0101000
+1328 3 -1330 3 *
Ve
0.000000100000029
152.999999999999972 -52.884016800630988 -101.264657047908798
0 0

0101101
*
Ed
 0.000000100000000 1 1 0
1  21 0 45.095787312752591 89.500000000000028
3  27 26CN 2 0 45.095787312752591 89.500000000000028
0

0101000
+1328 3 -1326 3 *
Ed
 0.000000100000000 1 1 0
1  22 0 0.000000000000000 6.283185307179586
2  32 2 0 0.000000000000000 6.283185307179586
0

0101100
+1326 3 -1326 3 *
Ve
0.000000233906989
140.811254469823837 -1.784960493430934 -73.978469273984146
0 0

0101101
*
Ed
 0.000000135896802 1 1 0
1  23 0 0.498760071712574 1.000000000000000
2  33 2 0 0.498760071712574 1.000000000000000
2  34 15 0 0.498760071712574 1.000000000000000
0

0101000
+1323 3 -1328 3 *
Ve
0.000000233907078
142.823699164450005 -46.406137223457080 -57.640874629013659
0 0

0101101
*
Ed
 0.000000233906911 1 1 0
1  24 0 0.000000013240339 0.925860510886950
2  35 2 0 0.000000013240339 0.925860510886950
2  36 16 0 0.000000013240339 0.925860510886950
0

0101000
+1321 3 -1323 3 *
Ve
0.000000102217981
142.823699164449977 -41.609184027142732 -55.505133466359737
0 0

0101101
*
Ed
 0.000000100000000 1 1 0
1  25 0 60.587852723792722 65.838771717786500
2  37 2 0 60.587852723792722 65.838771717786500
0

0101000
+1319 3 -1321 3 *
Ve
0.000000100000016
153.000000000000000 -46.757562602263462 -54.751532759324760
0 0

0101101
*
Ed
 0.000000100000000 1 1 0
1  26 0 0.880431130767332 1.000000000000000
2  38 2 0 0.880431130767332 1.000000000000000
2  39 17 0 0.880431130767332 1.000000000000000
0

0101000
+1319 3 -1317 3 *
Ve
0.000000100000034
169.492422502470646 -29.726831490064797 -56.677292539087397
0 0

0101101
*
Ed
 0.000000100000000 1 1 0
1  27 0 0.000000000000000 1.000000000000000
2  40 2 0 0.000000000000000 1.000000000000000
2  41 18 0 0.000000000000000 1.000000000000000
0

0101000
+1317 3 -1315 3 *
Ve
0.000000131396612
169.999999999999972 -28.839491801510643 -57.133910373542420
0 0

0101101
*
Ed
 0.000000100000000 1 1 0
1  28 0 0.976034860181281 0.999999972894881
2  42 2 0 0.976034860181281 0.999999972894881
2  43 19 0 0.976034860181281 0.999999972894881
0

0101000
+1313 3 -1315 3 *
Ve
0.000000328163889
170.000000000000000 -29.456433143061993 -57.408590390321578
0 0

0101101
*
Ed
 0.000000100000000 1 1 0
1  29 0 49.584641647119355 50.259968035270283
2  44 2 0 49.584641647119355 50.259968035270283
0

0101000
+1313 3 -1311 3 *
Ve
0.000000207641999
170.000000000000000 -31.724971708761029 -58.418608833499469
0 0

0101101
*
Ed
 0.000000207640999 1 1 0
1  30 0 0.048912866193719 0.101884361759258
2  45 2 0 0.048912866193719 0.101884361759258
2  46 20 0 0.048912866193719 0.101884361759258
0

0101000
+1311 3 -1309 3 *
Ve
0.000000100000077
170.000000000000000 -32.325651005866703 -58.686048487241912
0 0

0101101
*
Ed
 0.000000100000000 1 1 0
1  31 0 52.743192648474519 53.400717998833912
2  44 2 0 52.743192648474519 53.400717998833912
0

0101000
+1309 3 -1307 3 *
Ve
0.000001125812400
170.065062248857146 -32.209323649302867 -58.749974213223773
0 0

0101101
*
Ed
 0.000000100000000 1 1 0
1  32 0 0.000000000000000 0.999990832743102
2  47 2 0 0.000000000000000 0.999990832743102
2  48 21 0 0.000000000000000 0.999990832743102
0

0101000
+1305 3 -1307 3 *
Ve
0.000001125812400
172.999614964227163 -18.767073990851006 -64.317936330559633
0 0

0101101
*
Ed
 0.000001125812400 1 1 0
1  33 0 0.000000000000000 1.000000000000000
2  49 2 0 0.000000000000000 1.000000000000000
2  50 22 0 0.000000000000000 1.000000000000000
0

0101000
+1305 3 -1303 3 *
Ve
0.000000100000060
170.000000000000000 0.817897472667676 -66.995007602986391
0 0

0101101
*
Ed
 0.000000100000000 1 1 0
1  34 0 0.000000129776096 1.000000000000000
2  51 2 0 0.000000129776096 1.000000000000000
2  52 23 0 0.000000129776096 1.000000000000000
0

0101000
+1301 3 -1303 3 *
Ve
0.000000168803419
170.000000000000057 8.960703348349298 -63.369596772919309
0 0

0101101
*
Ed
 0.000000100000000 1 1 0
1  35 0 17.588727223316912 26.502137974303476
2  53 2 0 17.588727223316912 26.502137974303476
0

0101000
+1299 3 -1301 3 *
Ed
 0.000000100000000 1 1 0
1  36 0 0.000000094818472 0.076364157005915
2  42 2 0 0.000000094818472 0.076364157005915
2  43 3 0 0.000000094818472 0.076364157005915
0

0101000
+1367 3 -1299 3 *
Wi

0101100
-1331 0 +1329 0 +1327 0 -1325 0 -1324 0 +1325 0 +1322 0 +1320 0 +1318 0 -1316 0 
-1314 0 +1312 0 -1310 0 -1308 0 -1306 0 +1304 0 -1302 0 +1300 0 +1298 0 +1297 0 
+1366 0 *
Fa
0  0.000000100000000 2 0

0101000
+1296 0 *
Ve
0.000000100000022
170.000000000000000 20.202301513464185 -60.727810874088675
0 0

0101101
*
Ed
 0.000000100000000 1 1 0
1  37 0 3.282065167441913 3.462745802641494
2  54 3 0 3.282065167441913 3.462745802641494
0

0101000
+1299 3 -1294 3 *
Ed
 0.000000100000000 1 1 0
1  38 0 27.492422502470646 28.000000000000000
2  55 3 0 27.492422502470646 28.000000000000000
2  56 4 0 27.492422502470646 28.000000000000000
0

0101000
+1365 3 -1294 3 *
Wi

0101100
-1297 0 -1293 0 +1292 0 +1364 0 *
Fa
0  0.000000100000000 3 0

0101000
+1291 0 *
Ve
0.000000100000244
170.000000000000000 18.767073990850953 -64.317936330559860
0 0

0101101
*
Ve
0.000000100000093
170.000000000000000 32.209323649302966 -58.749974213223808
0 0

0101101
*
Ed
 0.000000100000004 1 1 0
1  39 0 1.419929317087378 5.648654153489677
2  57 4 0 1.419929317087378 5.648654153489677
2  58 24 0 1.419929317087378 5.648654153489677
0

0101000
+1289 3 -1288 3 *
Ve
0.000000100000007
170.000000000000000 28.655862479936516 -57.226231271428027
0 0

0101101
*
Ed
 0.000000100000000 1 1 0
1  40 0 5.648654153489677 6.107537779173086
2  59 4 0 5.648654153489677 6.107537779173086
0

0101000
+1288 3 -1286 3 *
Ed
 0.000000100000000 1 1 0
1  41 0 27.492422502470646 28.000000000000000
2  60 4 0 27.492422502470646 28.000000000000000
2  61 5 0 27.492422502470646 28.000000000000000
0

0101000
+1359 3 -1286 3 *
Ed
 0.000000100000000 1 1 0
1  42 0 1.789022328003762 5.279561142573272
2  62 4 0 1.789022328003762 5.279561142573272
0

0101000
+1363 3 -1361 3 *
Ed
 0.000000100000004 1 1 0
1  43 0 0.961045691403949 1.419929317087378
2  63 4 0 0.961045691403949 1.419929317087378
0

0101000
+1294 3 -1289 3 *
Wi

0101100
-1287 0 -1285 0 +1284 0 +1358 0 +1283 0 -1362 0 -1292 0 -1282 0 *
Fa
0  0.000000100000000 4 0

0101000
+1281 0 *
Wi

0101100
-1360 0 +1283 0 *
Fa
0  0.000000100000000 25 0

0101000
+1279 0 *
Ve
0.000000100000038
170.000000000000000 57.226231271428041 -28.655862479936491
0 0

0101101
*
Ed
 0.000000100000000 1 1 0
1  44 0 3.605837667935541 4.248143966038942
2  54 5 0 3.605837667935541 4.248143966038942
0

0101000
+1286 3 -1277 3 *
Ed
 0.000000100000000 1 1 0
1  45 0 27.492422502470646 28.000000000000000
2  64 5 0 27.492422502470646 28.000000000000000
2  65 6 0 27.492422502470646 28.000000000000000
0

0101000
+1357 3 -1277 3 *
Wi

0101100
-1284 0 -1276 0 +1275 0 +1356 0 *
Fa
0  0.000000100000000 5 0

0101000
+1274 0 *
Ve
0.000000100000007
170.000000000000000 65.595446808301361 -18.670523697921357
0 0

0101101
*
Ed
 0.000000100000000 1 1 0
1  46 0 3.159573539724960 8.112500000000011
2  66 6 0 3.159573539724960 8.112500000000011
2  67 7 0 3.159573539724960 8.112500000000011
4 CN 6 0 7 0
0

0101000
+1351 3 -1272 3 *
Ed
 0.000000100000000 1 1 0
1  47 0 2.574420491401210 6.064959305970722
2  68 6 0 2.574420491401210 6.064959305970722
0

0101000
+1355 3 -1353 3 *
Ve
0.000000100000086
170.000000000000000 58.749974213223773 -32.209323649302810
0 0

0101101
*
Ed
 0.000000100000000 1 1 0
1  48 0 1.746443854801398 2.205327480484792
2  69 6 0 1.746443854801398 2.205327480484792
0

0101000
+1277 3 -1269 3 *
Ed
 0.000000100000007 1 1 0
1  49 0 2.205327480484792 6.283185307179586
2  70 6 0 2.205327480484792 6.283185307179586
2  71 26 0 2.205327480484792 6.283185307179586
0

0101000
+1269 3 -1272 3 *
Wi

0101100
+1271 0 +1350 0 +1270 0 -1354 0 -1275 0 -1268 0 -1267 0 *
Fa
0  0.000000100000000 6 0

0101000
+1266 0 *
Wi

0101100
+1270 0 -1352 0 *
Fa
0  0.000000100000000 27 0

0101000
+1264 0 *
Ve
0.000000100000115
170.000000000000000 64.317936330559746 -18.767073990851024
0 0

0101101
*
Ed
 0.000000100000000 1 1 0
1  50 0 0.000000000000000 0.150867009707536
2  72 7 0 0.000000000000000 0.150867009707536
2  71 28 0 0.000000000000000 0.150867009707536
0

0101000
+1272 3 -1262 3 *
Ve
0.000000100000029
170.000000000000000 60.727810874088689 -20.202301513464157
0 0

0101101
*
Ed
 0.000000100000004 1 1 0
1  51 0 0.150867009707536 0.609750635390948
2  73 7 0 0.150867009707536 0.609750635390948
0

0101000
+1262 3 -1260 3 *
Ed
 0.000000100000000 1 1 0
1  52 0 27.492422502470646 28.000000000000000
2  74 7 0 27.492422502470646 28.000000000000000
2  75 8 0 27.492422502470646 28.000000000000000
0

0101000
+1349 3 -1260 3 *
Wi

0101100
-1261 0 -1259 0 +1258 0 +1348 0 -1271 0 *
Fa
0  0.000000100000000 7 0

0101000
+1257 0 *
Ve
0.000000100000022
170.000000000000000 60.727810874088675 20.202301513464182
0 0

0101101
*
Ed
 0.000000100000000 1 1 0
1  53 0 4.391235831332989 5.033542129436390
2  54 8 0 4.391235831332989 5.033542129436390
0

0101000
+1260 3 -1255 3 *
Ed
 0.000000100000000 1 1 0
1  54 0 27.492422502470646 28.000000000000000
2  76 8 0 27.492422502470646 28.000000000000000
2  77 9 0 27.492422502470646 28.000000000000000
0

0101000
+1347 3 -1255 3 *
Wi

0101100
-1258 0 -1254 0 +1253 0 +1346 0 *
Fa
0  0.000000100000000 8 0

0101000
+1252 0 *
Ve
0.000000100000000
161.887499999999989 65.595446808301375 35.670523697921382
0 0

0101101
*
Ve
0.000000100000007
170.000000000000000 65.595446808301375 35.670523697921382
0 0

0101101
*
Ed
 0.000000100000000 1 1 0
1  55 0 0.000000000000000 8.112500000000011
2  78 9 0 0.000000000000000 8.112500000000011
2  79 10 0 0.000000000000000 8.112500000000011
4 CN 9 0 10 0
0

0101000
+1250 3 -1249 3 *
Ed
 0.000000100000000 1 1 0
1  56 0 3.359818654798658 6.283185307179586
2  80 9 0 3.359818654798658 6.283185307179586
0

0101000
+1345 3 -1250 3 *
Ve
0.000000100001877
170.000000000000000 64.317936330560698 18.767073990849482
0 0

0101101
*
Ed
 0.000000100000004 1 1 0
1  57 0 2.531842018198843 2.990725643882396
2  81 9 0 2.531842018198843 2.990725643882396
0

0101000
+1255 3 -1246 3 *
Ed
 0.000000100000007 1 1 0
1  58 0 2.990725643882396 6.283185307179586
2  82 9 0 2.990725643882396 6.283185307179586
2  83 29 0 2.990725643882396 6.283185307179586
0

0101000
+1246 3 -1249 3 *
Wi

0101100
+1248 0 +1247 0 -1344 0 -1253 0 -1245 0 -1244 0 *
Fa
0  0.000000100000000 9 0

0101000
+1243 0 *
Ed
 0.000000100000000 1 1 0
1  59 0 0.000000000000000 0.567172162188583
2  80 10 0 0.000000000000000 0.567172162188583
0

0101000
+1250 3 -1343 3 *
Wi

0101100
+1247 0 -1342 0 +1241 0 *
Fa
0  0.000000100000000 30 0

0101000
+1240 0 *
Ve
0.000000100001310
170.000000000000000 58.749974213224021 32.209323649301595
0 0

0101101
*
Ed
 0.000000100000000 1 1 0
1  60 0 0.000000000000000 0.936265173105101
2  84 10 0 0.000000000000000 0.936265173105101
2  83 31 0 0.000000000000000 0.936265173105101
0

0101000
+1249 3 -1238 3 *
Ve
0.000000100000010
170.000000000000000 57.226231271428034 28.655862479936495
0 0

0101101
*
Ed
 0.000000100000007 1 1 0
1  61 0 0.936265173105101 1.395148798788397
2  85 10 0 0.936265173105101 1.395148798788397
0

0101000
+1238 3 -1236 3 *
Ed
 0.000000100000000 1 1 0
1  62 0 27.492422502470646 28.000000000000000
2  86 10 0 27.492422502470646 28.000000000000000
2  87 11 0 27.492422502470646 28.000000000000000
0

0101000
+1341 3 -1236 3 *
Wi

0101100
-1237 0 -1235 0 +1234 0 +1340 0 +1241 0 -1248 0 *
Fa
0  0.000000100000000 10 0

0101000
+1233 0 *
Ve
0.000000126010939
170.000000000000000 28.839491792464528 57.133910375410181
0 0

0101101
*
Ed
 0.000000100000000 1 1 0
1  63 0 5.176633994730437 5.815728874129110
2  54 11 0 5.176633994730437 5.815728874129110
0

0101000
+1236 3 -1231 3 *
Ed
 0.000000100000000 1 1 0
1  64 0 0.965957615738856 0.999999961494527
2  88 11 0 0.965957615738856 0.999999961494527
2  89 12 0 0.965957615738856 0.999999961494527
0

0101000
+1231 3 -1339 3 *
Wi

0101100
-1234 0 -1230 0 -1229 0 +1338 0 *
Fa
0  0.000000100000000 11 0

0101000
+1228 0 *
Ve
0.000000100003976
153.000000000000000 -17.953886875212060 69.725590324300128
0 0

0101101
*
Ve
0.000000100000029
152.999999999999972 52.884016800630988 101.264657047908798
0 0

0101101
*
Ed
 0.000000100000000 1 1 0
1  65 0 11.958260743105237 89.500000000000028
3  90 91CN 12 0 11.958260743105237 89.500000000000028
0

0101000
+1226 3 -1225 3 *
Ed
 0.000000100000000 1 1 0
1  66 0 0.000000000000000 6.283185307179586
2  92 12 0 0.000000000000000 6.283185307179586
0

0101100
+1225 3 -1225 3 *
Ve
0.000000100020938
142.823699164450034 -16.244799083830724 67.440718705632449
0 0

0101101
*
Ed
 0.000000100000000 1 1 0
1  67 0 0.000000000000000 0.293886153271811
2  93 12 0 0.000000000000000 0.293886153271811
2  94 17 0 0.000000000000000 0.293886153271811
0

0101000
+1226 3 -1222 3 *
Ve
0.000000100000248
142.823699164450005 -1.548820775977527 73.983789806983395
0 0

0101101
*
Ed
 0.000000100000000 1 1 0
1  68 0 12.590249119598020 28.677000123521267
2  95 12 0 12.590249119598020 28.677000123521267
0

0101000
+1222 3 -1220 3 *
Ve
0.000000233921473
141.848250627108314 0.000000000000018 74.000000000000000
0 0

0101101
*
Ed
 0.000000100000000 1 1 0
1  69 0 0.000000000000000 0.999999400975629
2  96 12 0 0.000000000000000 0.999999400975629
2  97 32 0 0.000000000000000 0.999999400975629
0

0101000
+1218 3 -1220 3 *
Ve
0.000000233921322
142.823699164450005 46.406137223457087 57.640874629013659
0 0

0101101
*
Ed
 0.000000233921104 1 1 0
1  70 0 0.000000013720821 1.000000000000000
2  98 12 0 0.000000013720821 1.000000000000000
2  99 33 0 0.000000013720821 1.000000000000000
0

0101000
+1216 3 -1218 3 *
Ve
0.000000102613947
142.823699164450005 41.609184026402190 55.505133466463462
0 0

0101101
*
Ed
 0.000000100000000 1 1 0
1  71 0 60.587852723158385 65.838771717786514
2  100 12 0 60.587852723158385 65.838771717786514
0

0101000
+1214 3 -1216 3 *
Ed
 0.000000100000000 1 1 0
1  72 0 0.818097129399209 1.000000000000000
2  101 12 0 0.818097129399209 1.000000000000000
2  102 13 0 0.818097129399209 1.000000000000000
0

0101000
+1214 3 -1337 3 *
Ve
0.000000147716189
170.000000000000000 29.456433143061979 57.408590390321564
0 0

0101101
*
Ed
 0.000000100000000 1 1 0
1  73 0 49.584641639615000 50.259968035270262
2  103 12 0 49.584641639615000 50.259968035270262
0

0101000
+1231 3 -1211 3 *
Ve
0.000000147712405
170.000000000000000 31.724971708761089 58.418608833499491
0 0

0101101
*
Ed
 0.000000146898573 1 1 0
1  74 0 0.548132365671798 0.601092099464196
2  104 12 0 0.548132365671798 0.601092099464196
2  105 34 0 0.548132365671798 0.601092099464196
0

0101000
+1211 3 -1209 3 *
Ve
0.000000100000087
170.000000000000000 32.325651005866710 58.686048487241905
0 0

0101101
*
Ed
 0.000000100000000 1 1 0
1  75 0 52.743192648474576 53.400717998833919
2  103 12 0 52.743192648474576 53.400717998833919
0

0101000
+1209 3 -1207 3 *
Ve
0.000000735826930
170.065062248857146 32.209323649302888 58.749974213223773
0 0

0101101
*
Ed
 0.000000100000000 1 1 0
1  76 0 0.000000000000000 0.999990832743106
2  106 12 0 0.000000000000000 0.999990832743106
2  107 35 0 0.000000000000000 0.999990832743106
0

0101000
+1205 3 -1207 3 *
Ve
0.000000770187761
172.188784382752999 27.170523697921379 74.095446808301361
0 0

0101101
*
Ed
 0.000000735826930 1 1 0
1  77 0 0.000000000000000 1.000000000000000
2  108 12 0 0.000000000000000 1.000000000000000
2  109 36 0 0.000000000000000 1.000000000000000
0

0101000
+1205 3 -1203 3 *
Ve
0.000000770187761
172.999614964227163 18.767073990851031 64.317936330559633
0 0

0101101
*
Ed
 0.000000770187761 1 1 0
1  78 0 0.000000000000000 1.000000000000000
2  110 12 0 0.000000000000000 1.000000000000000
2  111 37 0 0.000000000000000 1.000000000000000
0

0101000
+1201 3 -1203 3 *
Ve
0.000000100000034
170.199011935488528 0.000000000000016 67.000000000000000
0 0

0101101
*
Ed
 0.000000100000000 1 1 0
1  79 0 0.000000000000000 1.000000000000000
2  112 12 0 0.000000000000000 1.000000000000000
2  113 38 0 0.000000000000000 1.000000000000000
0

0101000
+1199 3 -1201 3 *
Ve
0.000000100000031
170.000000000000000 -0.817897472667707 66.995007602986391
0 0

0101101
*
Ed
 0.000000100000000 1 1 0
1  80 0 0.000002997180693 1.000000000000000
2  114 12 0 0.000002997180693 1.000000000000000
2  115 39 0 0.000002997180693 1.000000000000000
0

0101000
+1197 3 -1199 3 *
Ve
0.000000168803381
170.000000000000057 -8.960703348349561 63.369596772919230
0 0

0101101
*
Ed
 0.000000100000000 1 1 0
1  81 0 17.588727223316642 26.502137974303448
2  116 12 0 17.588727223316642 26.502137974303448
0

0101000
+1195 3 -1197 3 *
Ve
0.000000100000029
169.492422502470646 -12.012457357336455 62.862555374707554
0 0

0101101
*
Ed
 0.000000100000000 1 1 0
1  82 0 0.000000320826236 0.258384521937851
2  117 12 0 0.000000320826236 0.258384521937851
2  118 40 0 0.000000320826236 0.258384521937851
0

0101000
+1193 3 -1195 3 *
Ed
 0.000000100000000 1 1 0
1  83 0 0.000000000000000 1.000000000000000
2  119 12 0 0.000000000000000 1.000000000000000
2  120 18 0 0.000000000000000 1.000000000000000
0

0101000
+1226 3 -1193 3 *
Wi

0101100
-1224 0 -1223 0 +1224 0 -1221 0 -1219 0 +1217 0 +1215 0 +1213 0 -1212 0 -1336 0 
+1229 0 -1210 0 -1208 0 -1206 0 +1204 0 -1202 0 +1200 0 +1198 0 +1196 0 +1194 0 
+1192 0 +1191 0 *
Fa
0  0.000000100000000 12 0

0101000
+1190 0 *
Ve
0.000000100021048
142.823699164449948 16.244799083830621 -67.440718705632378
0 0

0101101
*
Ed
 0.000000100000000 1 1 0
1  84 0 3.377965038559764 5.639910995925687
2  121 13 0 3.377965038559764 5.639910995925687
0

0101000
+1188 3 -1214 3 *
Ed
 0.000000100000000 1 1 0
1  85 0 0.000000000000000 0.100707177559988
2  39 13 0 0.000000000000000 0.100707177559988
2  38 14 0 0.000000000000000 0.100707177559988
0

0101000
+1368 3 -1188 3 *
Wi

0101100
+1187 0 +1186 0 -1335 0 +1212 0 *
Fa
0  0.000000100000000 13 0

0101000
+1185 0 *
Ve
0.000000145030063
142.823699164450005 6.942226074313350 -71.582491056669454
0 0

0101101
*
Ed
 0.000000100000000 1 1 0
1  86 0 12.590249119598086 22.773183019276232
2  122 14 0 12.590249119598086 22.773183019276232
0

0101000
+1188 3 -1183 3 *
Ed
 0.000000135896802 1 1 0
1  87 0 0.000000000000000 0.246220676589360
2  33 14 0 0.000000000000000 0.246220676589360
2  34 15 0 0.000000000000000 0.246220676589360
0

0101000
+1332 3 -1183 3 *
Wi

0101100
-1186 0 -1182 0 +1181 0 +1331 0 *
Fa
0  0.000000100000000 14 0

0101000
+1180 0 *
Ve
0.000000103679182
142.823699164450005 6.942226074313467 -73.673641807183131
0 0

0101101
*
Ed
 0.000000100000000 1 1 0
1  88 0 11.326358192816869 13.417508943330546
2  123 15 0 11.326358192816869 13.417508943330546
0

0101000
+1178 3 -1183 3 *
Ed
 0.000000103678885 1 1 0
1  89 0 0.000000078857248 0.615398474239606
2  124 15 0 0.000000078857248 0.615398474239606
2  125 16 0 0.000000078857248 0.615398474239606
0

0101000
+1178 3 -1323 3 *
Ve
0.000000100000000
165.318749999999994 -0.000000000000003 -85.000000000000000
0 0

0101101
*
Ed
 0.000000100000000 1 1 0
1  90 0 0.000000000000000 11.926569582294988
3  126 127CN 15 0 0.000000000000000 11.926569582294988
0

0101000
+1175 3 -1330 3 *
Ed
 0.000000100000000 1 1 0
1  91 0 0.000000000000000 6.283185307179586
2  128 15 0 0.000000000000000 6.283185307179586
0

0101000
+1175 3 -1175 3 *
Wi

0101100
-1329 0 -1181 0 +1177 0 -1176 0 -1322 0 -1327 0 +1174 0 +1173 0 -1174 0 *
Fa
0  0.000000100000000 15 0

0101000
+1172 0 *
Ve
0.000000100000000
153.000000000000000 -52.273911836017284 -102.634975234372689
0 0

0101101
*
Ed
 0.000000100000000 1 1 0
1  92 0 0.000000000000000 6.283185307179586
2  129 42 0 0.000000000000000 6.283185307179586
0

0101000
+1170 3 -1170 3 *
Wi

0101100
+1169 0 *
Wi

0101100
-1324 0 *
Fa
0  0.000000100000000 41 0

0101000
+1168 0 +1167 0 *
Ve
0.000000100000531
142.823699164450005 -64.833039486911986 -35.674598678731336
0 0

0101101
*
Ed
 0.000000100000000 1 1 0
1  93 0 2.073834045352333 2.463755271187344
2  130 16 0 2.073834045352333 2.463755271187344
0

0101000
+1165 3 -1321 3 *
Ve
0.000000100000336
142.823699164450005 24.309371969161909 -69.893164433046977
0 0

0101101
*
Ed
 0.000000100000000 1 1 0
1  94 0 3.235544677284471 3.476312975989637
2  130 16 0 3.235544677284471 3.476312975989637
0

0101000
+1178 3 -1163 3 *
Ve
0.000000100000336
129.823699164450005 24.309371969161909 -69.893164433046977
0 0

0101101
*
Ed
 0.000000100000000 1 1 0
1  95 0 0.000000000000000 13.000000000000000
2  131 16 0 0.000000000000000 13.000000000000000
2  132 43 0 0.000000000000000 13.000000000000000
0

0101000
+1161 3 -1163 3 *
Ve
0.000000100000531
129.823699164450005 -64.833039486911986 -35.674598678731336
0 0

0101101
*
Ed
 0.000000100000000 1 1 0
1  96 0 2.073834045352333 3.476312975989637
2  133 16 0 2.073834045352333 3.476312975989637
0

0101000
+1159 3 -1161 3 *
Ed
 0.000000100000000 1 1 0
1  97 0 0.000000000000000 13.000000000000000
2  134 16 0 0.000000000000000 13.000000000000000
2  135 44 0 0.000000000000000 13.000000000000000
0

0101000
+1159 3 -1165 3 *
Wi

0101100
-1164 0 -1320 0 +1176 0 -1162 0 +1160 0 +1158 0 -1157 0 *
Fa
0  0.000000100000000 16 0

0101000
+1156 0 *
Ed
 0.000000100000000 1 1 0
1  98 0 0.236372384969973 2.498318342326455
2  121 17 0 0.236372384969973 2.498318342326455
0

0101000
+1222 3 -1319 3 *
Ve
0.000000100000156
142.823699164450005 -69.893164433046849 -24.309371969162079
0 0

0101101
*
Ed
 0.000000100000000 1 1 0
1  99 0 4.586328648729252 5.676207352997375
0

0101000
+1165 3 -1153 3 *
Ve
0.000000100000545
142.823699164450005 -35.674598678731357 64.833039486911986
0 0

0101101
*
Ed
 0.000000100000000 1 1 0
1  100 0 0.503037718557437 1.905516649194743
2  130 46 0 0.503037718557437 1.905516649194743
0

0101000
+1151 3 -1153 3 *
Ve
0.000000100000080
142.823699164450005 -24.309371969162271 69.893164433046707
0 0

0101101
*
Ed
 0.000000100000000 1 1 0
1  101 0 3.015532321934354 4.105411026202461
0

0101000
+1151 3 -1149 3 *
Ed
 0.000000100000000 1 1 0
1  102 0 0.020931538906188 0.334720322399849
2  130 32 0 0.020931538906188 0.334720322399849
0

0101000
+1220 3 -1149 3 *
Wi

0101100
+1219 0 -1154 0 -1318 0 +1164 0 -1152 0 +1150 0 -1148 0 +1147 0 *
Fa
0  0.000000100000000 45 0

0101000
+1146 0 *
Ed
 0.000000100000000 1 1 0
1  103 0 0.252018847257356 2.434783564225881
2  25 17 0 0.252018847257356 2.434783564225881
2  24 18 0 0.252018847257356 2.434783564225881
4 CN 17 0 18 0
0

0101000
+1226 3 -1317 3 *
Wi

0101100
+1221 0 -1144 0 +1316 0 +1154 0 *
Fa
0  0.000000100000000 17 0

0101000
+1143 0 *
Ve
0.000000100000169
169.492422502470646 -20.202301513464171 60.727810874088682
0 0

0101101
*
Ed
 0.000000100000000 1 1 0
1  104 0 0.188814550591157 0.321153149051701
2  3 18 0 0.188814550591157 0.321153149051701
2  4 40 0 0.188814550591157 0.321153149051701
0

0101000
+1193 3 -1141 3 *
Ve
0.000000100000029
161.887499999999989 -18.872117750771586 67.435680145764067
0 0

0101101
*
Ed
 0.000000100000000 1 1 0
1  105 0 0.000000068240153 1.000000000000000
2  136 18 0 0.000000068240153 1.000000000000000
2  137 47 0 0.000000068240153 1.000000000000000
0

0101000
+1139 3 -1141 3 *
Ve
0.000000100000016
161.887499999999989 -34.339624288075186 61.028829161918409
0 0

0101101
*
Ed
 0.000000100000000 1 1 0
1  106 0 0.272872939786272 0.512525223611176
2  138 18 0 0.272872939786272 0.512525223611176
0

0101000
+1139 3 -1137 3 *
Ve
0.000000100000172
169.492422502470646 -28.655862479936498 57.226231271428034
0 0

0101101
*
Ed
 0.000000100000000 1 1 0
1  107 0 0.000000068240153 1.000000000000000
2  139 18 0 0.000000068240153 1.000000000000000
2  140 48 0 0.000000068240153 1.000000000000000
0

0101000
+1137 3 -1135 3 *
Ve
0.000000100000184
169.492422502470646 -57.226231271427999 28.655862479936562
0 0

0101101
*
Ed
 0.000000100000000 1 1 0
1  108 0 0.464245014345748 1.106551312449148
2  3 18 0 0.464245014345748 1.106551312449148
2  4 49 0 0.464245014345748 1.106551312449148
0

0101000
+1135 3 -1133 3 *
Ve
0.000000100000022
161.887499999999989 -61.028829161918409 34.339624288075200
0 0

0101101
*
Ed
 0.000000100000000 1 1 0
1  109 0 0.000000068240151 1.000000000000000
2  141 18 0 0.000000068240151 1.000000000000000
2  142 50 0 0.000000068240151 1.000000000000000
0

0101000
+1131 3 -1133 3 *
Ve
0.000000100000015
161.887499999999989 -67.435680145764067 18.872117750771601
0 0

0101101
*
Ed
 0.000000100000000 1 1 0
1  110 0 1.058271103183720 1.297923387008624
2  143 18 0 1.058271103183720 1.297923387008624
0

0101000
+1131 3 -1129 3 *
Ve
0.000000100000099
169.492422502470646 -60.727810874088675 20.202301513464189
0 0

0101101
*
Ed
 0.000000100000000 1 1 0
1  111 0 0.000000068240151 1.000000000000000
2  144 18 0 0.000000068240151 1.000000000000000
2  145 51 0 0.000000068240151 1.000000000000000
0

0101000
+1129 3 -1127 3 *
Ve
0.000000100000169
169.492422502470646 -60.727810874088682 -20.202301513464167
0 0

0101101
*
Ed
 0.000000100000000 1 1 0
1  112 0 1.249643177743196 1.891949475846597
2  3 18 0 1.249643177743196 1.891949475846597
2  4 52 0 1.249643177743196 1.891949475846597
0

0101000
+1127 3 -1125 3 *
Ve
0.000000100000032
165.047073539724948 -65.595446808301361 -18.670523697921368
0 0

0101101
*
Ed
 0.000000100000000 1 1 0
1  113 0 0.000000000000000 1.000000000000000
2  146 18 0 0.000000000000000 1.000000000000000
2  147 53 0 0.000000000000000 1.000000000000000
0

0101000
+1123 3 -1125 3 *
Ve
0.000000100000029
161.887499999999989 -67.435680145764067 -18.872117750771586
0 0

0101101
*
Ed
 0.000000100000000 1 1 0
1  114 0 0.000000184473021 1.000000000000000
2  148 18 0 0.000000184473021 1.000000000000000
2  149 54 0 0.000000184473021 1.000000000000000
0

0101000
+1121 3 -1123 3 *
Ve
0.000000100000016
161.887499999999989 -61.028829161918402 -34.339624288075186
0 0

0101101
*
Ed
 0.000000100000000 1 1 0
1  115 0 1.843669266581169 2.083321550406072
2  150 18 0 1.843669266581169 2.083321550406072
0

0101000
+1121 3 -1119 3 *
Ve
0.000000100000112
169.492422502470646 -57.226231271428063 -28.655862479936442
0 0

0101101
*
Ed
 0.000000100000000 1 1 0
1  116 0 0.000000068240151 1.000000000000000
2  151 18 0 0.000000068240151 1.000000000000000
2  152 54 0 0.000000068240151 1.000000000000000
0

0101000
+1119 3 -1117 3 *
Ed
 0.000000100000000 1 1 0
1  117 0 2.035041341140643 2.658543349155203
2  3 18 0 2.035041341140643 2.658543349155203
2  4 19 0 2.035041341140643 2.658543349155203
0

0101000
+1117 3 -1315 3 *
Wi

0101100
-1191 0 -1140 0 +1138 0 -1136 0 -1134 0 -1132 0 +1130 0 -1128 0 -1126 0 -1124 0 
+1122 0 +1120 0 -1118 0 -1116 0 -1115 0 +1314 0 +1144 0 *
Fa
0  0.000000100000000 18 0

0101000
+1114 0 *
Ve
0.000000100000014
170.000000000000000 -57.226231271428041 -28.655862479936495
0 0

0101101
*
Ed
 0.000000100000000 1 1 0
1  118 0 27.492422502470646 28.000000000000000
2  153 19 0 27.492422502470646 28.000000000000000
2  154 54 0 27.492422502470646 28.000000000000000
0

0101000
+1117 3 -1112 3 *
Ed
 0.000000100000000 1 1 0
1  119 0 2.035041341140644 2.674136220399985
2  54 19 0 2.035041341140644 2.674136220399985
0

0101000
+1112 3 -1313 3 *
Wi

0101100
-1312 0 +1115 0 -1111 0 -1110 0 *
Fa
0  0.000000100000000 19 0

0101000
+1109 0 *
Ed
 0.000000100000007 1 1 0
1  120 0 0.272282474996128 0.565475565961150
2  155 20 0 0.272282474996128 0.565475565961150
0

0101000
+1311 3 -1309 3 *
Ve
0.000000100000071
170.000000000000000 -58.749974213223773 -32.209323649302803
0 0

0101101
*
Ed
 0.000000100000000 1 1 0
1  121 0 2.072290398018716 2.638117464207477
2  156 21 0 2.072290398018716 2.638117464207477
0

0101000
+1106 3 -1307 3 *
Ed
 0.000000100000000 1 1 0
1  122 0 4.077857826694796 4.536741452378189
2  157 54 0 4.077857826694796 4.536741452378189
0

0101000
+1106 3 -1112 3 *
Wi

0101100
-1107 0 -1306 0 +1105 0 -1104 0 -1110 0 -1310 0 *
Fa
0  0.000000100000000 55 0

0101000
+1103 0 *
Wi

0101100
-1107 0 +1308 0 *
Fa
0  0.000000100000000 20 0

0101000
+1101 0 *
Ve
0.000000100000071
175.000000000000000 -58.749974213223773 -32.209323649302803
0 0

0101101
*
Ve
0.000000100000076
175.000000000000000 -32.209323649302924 -58.749974213223823
0 0

0101101
*
Ed
 0.000000100000000 1 1 0
1  123 0 2.072290398018716 2.640098582365973
2  158 21 0 2.072290398018716 2.640098582365973
0

0101000
+1099 3 -1098 3 *
Ed
 0.000000100000036 1 1 0
1  124 0 0.065062248857146 5.000000000000000
2  159 21 0 0.065062248857146 5.000000000000000
2  160 22 0 0.065062248857146 5.000000000000000
0

0101000
+1305 3 -1098 3 *
Ed
 0.000000100000032 1 1 0
1  125 0 0.000000000000000 5.000000000000000
2  161 21 0 0.000000000000000 5.000000000000000
2  162 56 0 0.000000000000000 5.000000000000000
0

0101000
+1106 3 -1099 3 *
Wi

0101100
-1097 0 +1096 0 -1304 0 +1105 0 -1095 0 *
Fa
0  0.000000100000000 21 0

0101000
+1094 0 *
Ve
0.000000100000271
175.000000000000000 -18.767073990850918 -64.317936330559888
0 0

0101101
*
Ed
 0.000000100000004 1 1 0
1  126 0 0.634531153689909 4.863255990092207
2  163 22 0 0.634531153689909 4.863255990092207
0

0101000
+1098 3 -1092 3 *
Ed
 0.000000100000038 1 1 0
1  127 0 2.999614964227163 5.000000000000000
2  164 22 0 2.999614964227163 5.000000000000000
2  165 23 0 2.999614964227163 5.000000000000000
0

0101000
+1303 3 -1092 3 *
Wi

0101100
-1091 0 +1090 0 +1302 0 -1096 0 *
Fa
0  0.000000100000000 22 0

0101000
+1089 0 *
Ve
0.000000100000244
175.000000000000000 18.767073990850953 -64.317936330559860
0 0

0101101
*
Ed
 0.000000100000000 1 1 0
1  128 0 2.857688561416167 3.425496745763421
2  158 23 0 2.857688561416167 3.425496745763421
0

0101000
+1092 3 -1087 3 *
Ed
 0.000000100000032 1 1 0
1  129 0 0.000000000000000 5.000000000000000
2  166 23 0 0.000000000000000 5.000000000000000
2  167 24 0 0.000000000000000 5.000000000000000
0

0101000
+1289 3 -1087 3 *
Ed
 0.000000100000000 1 1 0
1  130 0 3.153800381769553 3.425496745763421
2  156 23 0 3.153800381769553 3.425496745763421
0

0101000
+1301 3 -1289 3 *
Wi

0101100
-1086 0 +1085 0 +1084 0 -1300 0 -1090 0 *
Fa
0  0.000000100000000 23 0

0101000
+1083 0 *
Wi

0101100
-1282 0 +1084 0 +1298 0 -1293 0 *
Fa
0  0.000000100000000 57 0

0101000
+1081 0 *
Ve
0.000000100000093
175.000000000000000 32.209323649302966 -58.749974213223808
0 0

0101101
*
Ed
 0.000000100000004 1 1 0
1  131 0 1.419929317087378 5.648654153489677
2  168 24 0 1.419929317087378 5.648654153489677
0

0101000
+1087 3 -1079 3 *
Ed
 0.000000100000032 1 1 0
1  132 0 0.000000000000000 5.000000000000000
2  169 24 0 0.000000000000000 5.000000000000000
2  170 58 0 0.000000000000000 5.000000000000000
0

0101000
+1288 3 -1079 3 *
Wi

0101100
-1078 0 +1077 0 +1287 0 -1085 0 *
Fa
0  0.000000100000000 24 0

0101000
+1076 0 *
Ed
 0.000000100000000 1 1 0
1  133 0 3.643086724813615 4.210894909160870
2  156 58 0 3.643086724813615 4.210894909160870
0

0101000
+1288 3 -1269 3 *
Wi

0101100
-1268 0 +1074 0 -1285 0 -1276 0 *
Fa
0  0.000000100000000 59 0

0101000
+1073 0 *
Ve
0.000000100000007
175.000000000000000 65.595446808301361 -18.670523697921357
0 0

0101101
*
Ed
 0.000000100000000 1 1 0
1  134 0 0.000000000000000 5.000000000000000
2  171 26 0 0.000000000000000 5.000000000000000
2  172 28 0 0.000000000000000 5.000000000000000
4 CN 26 0 28 0
0

0101000
+1272 3 -1071 3 *
Ve
0.000000100000086
175.000000000000000 58.749974213223773 -32.209323649302810
0 0

0101101
*
Ed
 0.000000100000036 1 1 0
1  135 0 0.000000000000000 5.000000000000000
2  173 26 0 0.000000000000000 5.000000000000000
2  174 58 0 0.000000000000000 5.000000000000000
0

0101000
+1269 3 -1069 3 *
Ed
 0.000000100000007 1 1 0
1  136 0 2.205327480484792 6.283185307179586
2  175 26 0 2.205327480484792 6.283185307179586
0

0101000
+1069 3 -1071 3 *
Wi

0101100
+1070 0 +1267 0 -1068 0 -1067 0 *
Fa
0  0.000000100000000 26 0

0101000
+1066 0 *
Ve
0.000000100000115
175.000000000000000 64.317936330559746 -18.767073990851024
0 0

0101101
*
Ed
 0.000000100000000 1 1 0
1  137 0 0.000000000000000 0.150867009707536
2  175 28 0 0.000000000000000 0.150867009707536
0

0101000
+1071 3 -1064 3 *
Ed
 0.000000100000036 1 1 0
1  138 0 0.000000000000000 5.000000000000000
2  176 28 0 0.000000000000000 5.000000000000000
2  177 60 0 0.000000000000000 5.000000000000000
0

0101000
+1262 3 -1064 3 *
Wi

0101100
-1063 0 +1062 0 +1261 0 -1070 0 *
Fa
0  0.000000100000000 28 0

0101000
+1061 0 *
Ed
 0.000000100000000 1 1 0
1  139 0 4.428484888211061 4.996293072558291
2  156 60 0 4.428484888211061 4.996293072558291
0

0101000
+1262 3 -1246 3 *
Wi

0101100
-1245 0 +1059 0 -1259 0 -1254 0 *
Fa
0  0.000000100000000 61 0

0101000
+1058 0 *
Ve
0.000000100000007
175.000000000000000 65.595446808301375 35.670523697921382
0 0

0101101
*
Ed
 0.000000100000000 1 1 0
1  140 0 0.000000000000000 5.000000000000000
2  178 29 0 0.000000000000000 5.000000000000000
2  179 31 0 0.000000000000000 5.000000000000000
4 CN 29 0 31 0
0

0101000
+1249 3 -1056 3 *
Ve
0.000000100001877
175.000000000000000 64.317936330560698 18.767073990849482
0 0

0101101
*
Ed
 0.000000100000036 1 1 0
1  141 0 0.000000000000000 5.000000000000000
2  180 29 0 0.000000000000000 5.000000000000000
2  181 60 0 0.000000000000000 5.000000000000000
0

0101000
+1246 3 -1054 3 *
Ed
 0.000000100000007 1 1 0
1  142 0 2.990725643882396 6.283185307179586
2  182 29 0 2.990725643882396 6.283185307179586
0

0101000
+1054 3 -1056 3 *
Wi

0101100
+1055 0 +1244 0 -1053 0 -1052 0 *
Fa
0  0.000000100000000 29 0

0101000
+1051 0 *
Ve
0.000000100001310
175.000000000000000 58.749974213224021 32.209323649301595
0 0

0101101
*
Ed
 0.000000100000000 1 1 0
1  143 0 0.000000000000000 0.936265173105101
2  182 31 0 0.000000000000000 0.936265173105101
0

0101000
+1056 3 -1049 3 *
Ed
 0.000000100000036 1 1 0
1  144 0 0.000000000000000 5.000000000000000
2  183 31 0 0.000000000000000 5.000000000000000
2  184 35 0 0.000000000000000 5.000000000000000
0

0101000
+1238 3 -1049 3 *
Wi

0101100
-1048 0 +1047 0 +1237 0 -1055 0 *
Fa
0  0.000000100000000 31 0

0101000
+1046 0 *
Ed
 0.000000100000004 1 1 0
1  145 0 3.413875128585917 3.707068219550949
2  185 34 0 3.413875128585917 3.707068219550949
0

0101000
+1211 3 -1209 3 *
Ed
 0.000000100000000 1 1 0
1  146 0 5.213883051608491 5.779710117797270
2  156 35 0 5.213883051608491 5.779710117797270
0

0101000
+1238 3 -1207 3 *
Wi

0101100
-1235 0 -1230 0 -1210 0 -1044 0 -1206 0 +1043 0 *
Fa
0  0.000000100000000 62 0

0101000
+1042 0 *
Ve
0.000000100000000
153.000000000000000 52.273911836017284 102.634975234372689
0 0

0101101
*
Ed
 0.000000100000000 1 1 0
1  147 0 0.000000000000000 6.283185307179586
2  186 64 0 0.000000000000000 6.283185307179586
0

0101000
+1040 3 -1040 3 *
Wi

0101100
+1039 0 *
Wi

0101100
-1223 0 *
Fa
0  0.000000100000000 63 0

0101000
+1038 0 +1037 0 *
Ve
0.000000100000080
129.823699164450005 -24.309371969162271 69.893164433046707
0 0

0101101
*
Ed
 0.000000100000000 1 1 0
1  148 0 0.000000000000000 13.000000000000000
2  187 32 0 0.000000000000000 13.000000000000000
2  188 65 0 0.000000000000000 13.000000000000000
0

0101000
+1035 3 -1149 3 *
Ve
0.000000100000000
129.823699164450005 0.000000000000018 74.000000000000000
0 0

0101101
*
Ed
 0.000000100000000 1 1 0
1  149 0 0.000000000000000 0.334720322399849
2  133 32 0 0.000000000000000 0.334720322399849
0

0101000
+1033 3 -1035 3 *
Ed
 0.000000100000000 1 1 0
1  150 0 0.000000000000000 12.024551462658309
2  189 32 0 0.000000000000000 12.024551462658309
2  190 33 0 0.000000000000000 12.024551462658309
4 CN 32 0 33 0
0

0101000
+1033 3 -1218 3 *
Wi

0101100
-1147 0 +1034 0 +1032 0 -1031 0 -1217 0 *
Fa
0  0.000000100000000 32 0

0101000
+1030 0 *
Ve
0.000000100004085
129.823699164450005 64.833039486911161 35.674598678734796
0 0

0101101
*
Ed
 0.000000100000000 1 1 0
1  151 0 5.215426698942172 6.283185307179586
2  133 33 0 5.215426698942172 6.283185307179586
0

0101000
+1028 3 -1033 3 *
Ve
0.000000100004085
142.823699164450005 64.833039486911161 35.674598678734796
0 0

0101101
*
Ed
 0.000000100000000 1 1 0
1  152 0 0.000000000000000 13.000000000000000
2  191 33 0 0.000000000000000 13.000000000000000
2  192 66 0 0.000000000000000 13.000000000000000
0

0101000
+1028 3 -1026 3 *
Ed
 0.000000100000000 1 1 0
1  153 0 5.215426698942172 5.605347924777137
2  130 33 0 5.215426698942172 5.605347924777137
0

0101000
+1026 3 -1216 3 *
Wi

0101100
+1027 0 -1025 0 -1024 0 -1215 0 +1031 0 *
Fa
0  0.000000100000000 33 0

0101000
+1023 0 *
Ve
0.000000100004057
142.823699164450005 69.893164433044404 24.309371969165511
0 0

0101101
*
Ed
 0.000000100000000 1 1 0
1  154 0 1.444735995139181 2.534614699407252
0

0101000
+1026 3 -1021 3 *
Ve
0.000000100000290
142.823699164450005 35.674598678730497 -64.833039486912128
0 0

0101101
*
Ed
 0.000000100000000 1 1 0
1  155 0 3.644630372147219 5.047109302784591
2  130 68 0 3.644630372147219 5.047109302784591
0

0101000
+1019 3 -1021 3 *
Ve
0.000000100000000
142.823699164450005 34.165878018367188 -64.737818441978490
0 0

0101101
*
Ed
 0.000000100000000 1 1 0
1  156 0 6.157124975524213 6.283185307179586
0

0101000
+1019 3 -1017 3 *
Ed
 0.000000100000000 1 1 0
1  157 0 0.000000000000000 0.963818372612700
0

0101000
+1017 3 -1163 3 *
Wi

0101100
-1020 0 +1018 0 -1016 0 -1015 0 +1162 0 -1177 0 +1182 0 -1187 0 -1213 0 +1024 0 
*
Fa
0  0.000000100000000 67 0

0101000
+1014 0 *
Wi

0101100
-1044 0 +1208 0 *
Fa
0  0.000000100000000 34 0

0101000
+1012 0 *
Ve
0.000000100000100
175.000000000000000 32.209323649302789 58.749974213223780
0 0

0101101
*
Ed
 0.000000100000000 1 1 0
1  158 0 5.213883051608491 5.781691235955767
2  158 35 0 5.213883051608491 5.781691235955767
0

0101000
+1049 3 -1010 3 *
Ed
 0.000000100000036 1 1 0
1  159 0 0.065062248857146 5.000000000000000
2  193 35 0 0.065062248857146 5.000000000000000
2  194 36 0 0.065062248857146 5.000000000000000
0

0101000
+1205 3 -1010 3 *
Wi

0101100
-1204 0 +1043 0 -1047 0 -1009 0 +1008 0 *
Fa
0  0.000000100000000 35 0

0101000
+1007 0 *
Ve
0.000000100000007
175.000000000000000 27.170523697921379 74.095446808301361
0 0

0101101
*
Ed
 0.000000100000007 1 1 0
1  160 0 3.776123807279685 6.283185307179586
2  195 36 0 3.776123807279685 6.283185307179586
0

0101000
+1010 3 -1005 3 *
Ed
 0.000000100000000 1 1 0
1  161 0 2.188784382752999 5.000000000000000
2  196 36 0 2.188784382752999 5.000000000000000
2  197 37 0 2.188784382752999 5.000000000000000
4 CN 36 0 37 0
0

0101000
+1203 3 -1005 3 *
Wi

0101100
+1202 0 -1008 0 -1004 0 +1003 0 *
Fa
0  0.000000100000000 36 0

0101000
+1002 0 *
Ve
0.000000100000130
175.000000000000000 18.767073990851006 64.317936330559760
0 0

0101101
*
Ed
 0.000000100000004 1 1 0
1  162 0 0.000000000000000 1.721663336502430
2  195 37 0 0.000000000000000 1.721663336502430
0

0101000
+1005 3 -1000 3 *
Ed
 0.000000100000036 1 1 0
1  163 0 2.999614964227163 5.000000000000000
2  198 37 0 2.999614964227163 5.000000000000000
2  199 38 0 2.999614964227163 5.000000000000000
0

0101000
+1201 3 -1000 3 *
Wi

0101100
-999 0 +998 0 -1200 0 -1003 0 *
Fa
0  0.000000100000000 37 0

0101000
+997 0 *
Ve
0.000000100000000
175.000000000000000 0.000000000000016 67.000000000000000
0 0

0101101
*
Ed
 0.000000100000000 1 1 0
1  164 0 5.999281215005959 6.283185307179586
2  158 38 0 5.999281215005959 6.283185307179586
0

0101000
+1000 3 -995 3 *
Ed
 0.000000100000000 1 1 0
1  165 0 0.199011935488528 5.000000000000000
2  200 38 0 0.199011935488528 5.000000000000000
2  201 39 0 0.199011935488528 5.000000000000000
4 CN 38 0 39 0
0

0101000
+1199 3 -995 3 *
Wi

0101100
-1198 0 -998 0 -994 0 +993 0 *
Fa
0  0.000000100000000 38 0

0101000
+992 0 *
Ve
0.000000100000146
175.000000000000000 -18.767073990850989 64.317936330559775
0 0

0101101
*
Ed
 0.000000100000000 1 1 0
1  166 0 0.000000000000000 0.283904092173627
2  158 39 0 0.000000000000000 0.283904092173627
0

0101000
+995 3 -990 3 *
Ve
0.000000100000146
170.000000000000000 -18.767073990850989 64.317936330559775
0 0

0101101
*
Ed
 0.000000100000036 1 1 0
1  167 0 0.000000000000000 5.000000000000000
2  202 39 0 0.000000000000000 5.000000000000000
2  203 69 0 0.000000000000000 5.000000000000000
0

0101000
+988 3 -990 3 *
Ed
 0.000000100000000 1 1 0
1  168 0 0.012207728179759 0.283904092173627
2  156 39 0 0.012207728179759 0.283904092173627
0

0101000
+1197 3 -988 3 *
Wi

0101100
-989 0 +987 0 +986 0 -1196 0 -993 0 *
Fa
0  0.000000100000000 39 0

0101000
+985 0 *
Ve
0.000000100000016
170.000000000000000 -20.202301513464175 60.727810874088675
0 0

0101101
*
Ed
 0.000000100000000 1 1 0
1  169 0 0.140472513852124 0.321153149051701
2  54 40 0 0.140472513852124 0.321153149051701
0

0101000
+1195 3 -983 3 *
Ed
 0.000000100000007 1 1 0
1  170 0 4.102638344993741 4.561521970677158
2  204 47 0 4.102638344993741 4.561521970677158
0

0101000
+983 3 -988 3 *
Wi

0101100
+1194 0 -982 0 -981 0 +986 0 *
Fa
0  0.000000100000000 70 0

0101000
+980 0 *
Ed
 0.000000100000000 1 1 0
1  171 0 27.492422502470646 28.000000000000000
2  205 40 0 27.492422502470646 28.000000000000000
2  206 47 0 27.492422502470646 28.000000000000000
0

0101000
+1141 3 -983 3 *
Wi

0101100
+1140 0 -1192 0 -982 0 +978 0 *
Fa
0  0.000000100000000 40 0

0101000
+977 0 *
Wi

0101100
+1173 0 *
Ve
0.000000100000002
160.987500000000011 -0.000000000000002 -85.000000000000000
0 0

0101101
*
Ed
 0.000000100000000 1 1 0
1  172 0 0.000000000000000 6.283185307179586
2  207 72 0 0.000000000000000 6.283185307179586
0

0101100
+974 3 -974 3 *
Wi

0101100
-973 0 *
Fa
0  0.000000100000000 71 0

0101000
+975 0 +972 0 *
Ve
0.000000100000000
153.000000000000000 -54.557775480123787 -103.651816842062189
0 0

0101101
*
Ed
 0.000000100000000 1 1 0
1  173 0 0.000000000000000 6.283185307179586
2  208 42 0 0.000000000000000 6.283185307179586
0

0101000
+970 3 -970 3 *
Ed
 0.000000100000000 1 1 0
1  174 0 0.000000000000000 2.500000000000000
3  209 210CN 42 0 0.000000000000000 2.500000000000000
0

0101000
-970 3 +1170 3 *
Wi

0101100
-969 0 +968 0 +1169 0 -968 0 *
Fa
0  0.000000100000000 42 0

0111000
+967 0 *
Ed
 0.000000100000000 1 1 0
1  175 0 0.963818372612700 6.157124975524213
2  211 43 0 0.963818372612700 6.157124975524213
0

0101000
+1163 3 -1019 3 *
Ve
0.000000100000290
129.823699164450005 35.674598678730497 -64.833039486912128
0 0

0101101
*
Ed
 0.000000100000000 1 1 0
1  176 0 0.000000000000000 13.000000000000000
2  212 43 0 0.000000000000000 13.000000000000000
2  213 68 0 0.000000000000000 13.000000000000000
0

0101000
+964 3 -1019 3 *
Ed
 0.000000100000000 1 1 0
1  177 0 0.963818372612700 6.157124975524213
2  214 43 0 0.963818372612700 6.157124975524213
0

0101000
+1161 3 -964 3 *
Wi

0101100
-965 0 +963 0 +962 0 -1160 0 *
Fa
0  0.000000100000000 43 0

0101000
+961 0 *
Ve
0.000000100004057
129.823699164450005 69.893164433044404 24.309371969165511
0 0

0101101
*
Ed
 0.000000100000000 1 1 0
1  178 0 1.444735995139181 2.534614699407252
0

0101000
+1028 3 -959 3 *
Ed
 0.000000100000000 1 1 0
1  179 0 3.644630372147219 5.047109302784591
2  133 68 0 3.644630372147219 5.047109302784591
0

0101000
+964 3 -959 3 *
Ve
0.000000100000000
129.823699164450005 34.165878018367188 -64.737818441978490
0 0

0101101
*
Ed
 0.000000100000000 1 1 0
1  180 0 6.157124975524213 6.283185307179586
0

0101000
+964 3 -956 3 *
Ve
0.000000100000545
129.823699164450005 -35.674598678731357 64.833039486911986
0 0

0101101
*
Ed
 0.000000100000000 1 1 0
1  181 0 3.015532321934354 4.105411026202461
0

0101000
+954 3 -1035 3 *
Ed
 0.000000100000000 1 1 0
1  182 0 0.000000000000000 0.963818372612700
0

0101000
+956 3 -1161 3 *
Ve
0.000000100000156
129.823699164450005 -69.893164433046849 -24.309371969162079
0 0

0101101
*
Ed
 0.000000100000000 1 1 0
1  183 0 0.503037718557437 1.905516649194743
2  133 46 0 0.503037718557437 1.905516649194743
0

0101000
+954 3 -951 3 *
Ed
 0.000000100000000 1 1 0
1  184 0 4.586328648729252 5.676207352997375
0

0101000
+1159 3 -951 3 *
Wi

0101100
-958 0 +1027 0 +957 0 +1032 0 -955 0 -953 0 -952 0 +950 0 +1158 0 -949 0 
*
Ve
0.000000100000000
129.823699164450005 0.000000000000016 64.000000000000000
0 0

0101101
*
Ed
 0.000000100000000 1 1 0
1  185 0 0.000000000000000 6.283185307179586
0

0101000
+947 3 -947 3 *
Wi

0101100
-946 0 *
Fa
0  0.000000100000000 73 0

0101000
+948 0 +945 0 *
Ve
0.000000100000000
142.823699164450005 -76.737818441978462 -22.165878018367220
0 0

0101101
*
Ed
 0.000000100000000 1 1 0
1  186 0 0.000000000000000 4.586328648729252
2  215 44 0 0.000000000000000 4.586328648729252
0

0101000
+943 3 -1165 3 *
Ve
0.000000100000000
129.823699164450005 -76.737818441978462 -22.165878018367220
0 0

0101101
*
Ed
 0.000000100000000 1 1 0
1  187 0 0.000000000000000 4.586328648729252
2  216 44 0 0.000000000000000 4.586328648729252
0

0101000
+941 3 -1159 3 *
Ed
 0.000000100000000 1 1 0
1  188 0 0.000000000000000 13.000000000000000
2  217 44 0 0.000000000000000 13.000000000000000
2  218 74 0 0.000000000000000 13.000000000000000
4 CN 44 0 74 0
0

0101000
-943 3 +941 3 *
Wi

0101100
-942 0 +1157 0 +940 0 -939 0 *
Fa
0  0.000000100000000 44 0

0101000
+938 0 *
Ed
 0.000000100000000 1 1 0
1  189 0 1.905516649194743 2.073834045352333
0

0101000
+1153 3 -1165 3 *
Wi

0101100
+936 0 +1152 0 *
Fa
0  0.000000100000000 75 0

0101000
+935 0 *
Ed
 0.000000100000000 1 1 0
1  190 0 0.000000000000000 13.000000000000000
2  219 46 0 0.000000000000000 13.000000000000000
2  220 74 0 0.000000000000000 13.000000000000000
0

0101000
+951 3 -1153 3 *
Ed
 0.000000100000000 1 1 0
1  191 0 0.000000000000000 13.000000000000000
2  221 46 0 0.000000000000000 13.000000000000000
2  222 76 0 0.000000000000000 13.000000000000000
0

0101000
+954 3 -1151 3 *
Wi

0101100
-1150 0 +933 0 +950 0 -932 0 *
Fa
0  0.000000100000000 46 0

0101000
+931 0 *
Ed
 0.000000100000000 1 1 0
1  192 0 0.334720322399849 0.503037718557437
0

0101000
+1149 3 -1151 3 *
Wi

0101100
+1148 0 +929 0 *
Fa
0  0.000000100000000 77 0

0101000
+928 0 *
Ve
0.000000100000000
161.887499999999989 -27.170523697921372 74.095446808301361
0 0

0101101
*
Ve
0.000000100000007
170.000000000000000 -27.170523697921372 74.095446808301361
0 0

0101101
*
Ed
 0.000000100000000 1 1 0
1  193 0 0.000000000000000 8.112500000000011
2  223 47 0 0.000000000000000 8.112500000000011
2  224 48 0 0.000000000000000 8.112500000000011
4 CN 47 0 48 0
0

0101000
+926 3 -925 3 *
Ed
 0.000000100000000 1 1 0
1  194 0 4.930614981593554 6.283185307179586
2  225 47 0 4.930614981593554 6.283185307179586
0

0101000
+1139 3 -926 3 *
Ed
 0.000000100000007 1 1 0
1  195 0 4.561521970677158 6.283185307179586
2  226 47 0 4.561521970677158 6.283185307179586
2  227 69 0 4.561521970677158 6.283185307179586
0

0101000
+988 3 -925 3 *
Wi

0101100
+924 0 +923 0 -1138 0 -978 0 -981 0 -922 0 *
Fa
0  0.000000100000000 47 0

0101000
+921 0 *
Ed
 0.000000100000000 1 1 0
1  196 0 0.000000000000000 2.137968488983480
2  225 48 0 0.000000000000000 2.137968488983480
0

0101000
+926 3 -1137 3 *
Wi

0101100
+923 0 -1136 0 +919 0 *
Fa
0  0.000000100000000 78 0

0101000
+918 0 *
Ve
0.000000100000078
170.000000000000000 -32.209323649302803 58.749974213223780
0 0

0101101
*
Ed
 0.000000100000000 1 1 0
1  197 0 0.000000000000000 2.507061499899900
2  228 48 0 0.000000000000000 2.507061499899900
2  227 79 0 0.000000000000000 2.507061499899900
0

0101000
+925 3 -916 3 *
Ve
0.000000100000010
170.000000000000000 -28.655862479936491 57.226231271428034
0 0

0101101
*
Ed
 0.000000100000004 1 1 0
1  198 0 2.507061499899900 2.965945125583294
2  229 48 0 2.507061499899900 2.965945125583294
0

0101000
+916 3 -914 3 *
Ed
 0.000000100000000 1 1 0
1  199 0 27.492422502470646 28.000000000000000
2  230 48 0 27.492422502470646 28.000000000000000
2  231 49 0 27.492422502470646 28.000000000000000
0

0101000
+1135 3 -914 3 *
Wi

0101100
-915 0 -913 0 +912 0 +1134 0 +919 0 -924 0 *
Fa
0  0.000000100000000 48 0

0101000
+911 0 *
Ve
0.000000100000019
170.000000000000000 -57.226231271428034 28.655862479936491
0 0

0101101
*
Ed
 0.000000100000000 1 1 0
1  200 0 0.464245014345748 1.106551312449149
2  54 49 0 0.464245014345748 1.106551312449149
0

0101000
+914 3 -909 3 *
Ed
 0.000000100000000 1 1 0
1  201 0 27.492422502470646 28.000000000000000
2  232 49 0 27.492422502470646 28.000000000000000
2  233 50 0 27.492422502470646 28.000000000000000
0

0101000
+1133 3 -909 3 *
Wi

0101100
+1132 0 -912 0 -908 0 +907 0 *
Fa
0  0.000000100000000 49 0

0101000
+906 0 *
Ve
0.000000100000000
161.887499999999989 -65.595446808301347 35.670523697921382
0 0

0101101
*
Ve
0.000000100000007
170.000000000000000 -65.595446808301347 35.670523697921382
0 0

0101101
*
Ed
 0.000000100000000 1 1 0
1  202 0 0.000000000000000 8.112500000000011
2  234 50 0 0.000000000000000 8.112500000000011
2  235 51 0 0.000000000000000 8.112500000000011
4 CN 50 0 51 0
0

0101000
+904 3 -903 3 *
Ed
 0.000000100000000 1 1 0
1  203 0 5.716013144991003 6.283185307179586
2  236 50 0 5.716013144991003 6.283185307179586
0

0101000
+1131 3 -904 3 *
Ve
0.000000100000071
170.000000000000000 -58.749974213223773 32.209323649302817
0 0

0101101
*
Ed
 0.000000100000010 1 1 0
1  204 0 4.888036508391187 5.346920134074582
2  237 50 0 4.888036508391187 5.346920134074582
0

0101000
+909 3 -900 3 *
Ed
 0.000000100000007 1 1 0
1  205 0 5.346920134074582 6.283185307179586
2  238 50 0 5.346920134074582 6.283185307179586
2  239 80 0 5.346920134074582 6.283185307179586
0

0101000
+900 3 -903 3 *
Wi

0101100
+902 0 +901 0 -1130 0 -907 0 -899 0 -898 0 *
Fa
0  0.000000100000000 50 0

0101000
+897 0 *
Ed
 0.000000100000000 1 1 0
1  206 0 0.000000000000000 2.923366652380928
2  236 51 0 0.000000000000000 2.923366652380928
0

0101000
+904 3 -1129 3 *
Wi

0101100
+901 0 -1128 0 +895 0 *
Fa
0  0.000000100000000 81 0

0101000
+894 0 *
Ve
0.000000100000132
170.000000000000000 -64.317936330559760 18.767073990851003
0 0

0101101
*
Ed
 0.000000100000004 1 1 0
1  207 0 0.000000000000000 3.292459663297326
2  240 51 0 0.000000000000000 3.292459663297326
2  239 82 0 0.000000000000000 3.292459663297326
0

0101000
+903 3 -892 3 *
Ve
0.000000100000016
170.000000000000000 -60.727810874088675 20.202301513464185
0 0

0101101
*
Ed
 0.000000100000004 1 1 0
1  208 0 3.292459663297326 3.751343288980741
2  241 51 0 3.292459663297326 3.751343288980741
0

0101000
+892 3 -890 3 *
Ed
 0.000000100000000 1 1 0
1  209 0 27.492422502470646 28.000000000000000
2  242 51 0 27.492422502470646 28.000000000000000
2  243 52 0 27.492422502470646 28.000000000000000
0

0101000
+1127 3 -890 3 *
Wi

0101100
-891 0 -889 0 +888 0 +1126 0 +895 0 -902 0 *
Fa
0  0.000000100000000 51 0

0101000
+887 0 *
Ve
0.000000100000016
170.000000000000000 -60.727810874088675 -20.202301513464171
0 0

0101101
*
Ed
 0.000000100000000 1 1 0
1  210 0 27.492422502470646 28.000000000000000
2  244 52 0 27.492422502470646 28.000000000000000
2  245 53 0 27.492422502470646 28.000000000000000
0

0101000
+1125 3 -885 3 *
Ed
 0.000000100000000 1 1 0
1  211 0 1.249643177743196 1.891949475846597
2  54 52 0 1.249643177743196 1.891949475846597
0

0101000
+890 3 -885 3 *
Wi

0101100
+884 0 +1124 0 -888 0 -883 0 *
Fa
0  0.000000100000000 52 0

0101000
+882 0 *
Ve
0.000000100000004
170.000000000000000 -65.595446808301361 -18.670523697921368
0 0

0101101
*
Ed
 0.000000100000000 1 1 0
1  212 0 3.159573539724960 8.112500000000011
2  246 53 0 3.159573539724960 8.112500000000011
2  247 54 0 3.159573539724960 8.112500000000011
4 CN 53 0 54 0
0

0101000
+1123 3 -880 3 *
Ve
0.000000100000146
170.000000000000000 -64.317936330559775 -18.767073990850982
0 0

0101101
*
Ed
 0.000000100000008 1 1 0
1  213 0 5.673434671788637 6.132318297472055
2  248 53 0 5.673434671788637 6.132318297472055
0

0101000
+885 3 -878 3 *
Ed
 0.000000100000004 1 1 0
1  214 0 6.132318297472055 6.283185307179586
2  249 53 0 6.132318297472055 6.283185307179586
2  250 83 0 6.132318297472055 6.283185307179586
0

0101000
+878 3 -880 3 *
Wi

0101100
+879 0 -1122 0 -884 0 -877 0 -876 0 *
Fa
0  0.000000100000000 53 0

0101000
+875 0 *
Ed
 0.000000100000000 1 1 0
1  215 0 0.000000000000000 4.077857826694796
2  251 54 0 0.000000000000000 4.077857826694796
2  250 56 0 0.000000000000000 4.077857826694796
0

0101000
+880 3 -1106 3 *
Ed
 0.000000100000000 1 1 0
1  216 0 0.218226001208865 3.708764815778377
2  252 54 0 0.218226001208865 3.708764815778377
0

0101000
+1121 3 -1119 3 *
Wi

0101100
-873 0 -1104 0 +1111 0 +1116 0 +872 0 -1120 0 -879 0 *
Fa
0  0.000000100000000 54 0

0101000
+871 0 *
Wi

0101100
-1118 0 +872 0 *
Fa
0  0.000000100000000 84 0

0101000
+869 0 *
Ve
0.000000100001068
175.000000000000000 -28.655862479933489 -57.226231271428588
0 0

0101101
*
Ed
 0.000000100000000 1 1 0
1  217 0 0.175647528006165 0.634531153689909
0

0101000
+867 3 -1098 3 *
Ve
0.000000100001068
175.000000000000000 -57.226231271428588 -28.655862479933475
0 0

0101101
*
Ed
 0.000000100000000 1 1 0
1  218 0 4.077857826694796 4.536741452378528
0

0101000
+1099 3 -865 3 *
Ed
 0.000000100000000 1 1 0
1  219 0 2.035041341140598 2.677347639244091
0

0101000
+865 3 -867 3 *
Wi

0101100
-866 0 +1097 0 -864 0 -863 0 *
Fa
0  0.000000100000000 85 0

0101000
+862 0 *
Ve
0.000000100000004
175.000000000000000 -65.595446808301361 -18.670523697921368
0 0

0101101
*
Ed
 0.000000100000000 1 1 0
1  220 0 0.000000000000000 4.077857826694796
2  253 56 0 0.000000000000000 4.077857826694796
0

0101000
+860 3 -1099 3 *
Ed
 0.000000100000000 1 1 0
1  221 0 0.000000000000000 5.000000000000000
2  254 56 0 0.000000000000000 5.000000000000000
2  255 83 0 0.000000000000000 5.000000000000000
4 CN 56 0 83 0
0

0101000
+880 3 -860 3 *
Wi

0101100
-859 0 +1095 0 +873 0 -858 0 *
Fa
0  0.000000100000000 56 0

0101000
+857 0 *
Ed
 0.000000100000000 1 1 0
1  222 0 2.640098582365973 2.857688561416167
0

0101000
+1098 3 -1092 3 *
Wi

0101100
-855 0 +1091 0 *
Ve
0.000000100000008
175.000000000000000 -27.170523697921350 -62.370446808301352
0 0

0101101
*
Ed
 0.000000100000004 1 1 0
1  223 0 0.000000000000000 6.283185307179586
2  256 87 0 0.000000000000000 6.283185307179586
0

0101000
+853 3 -853 3 *
Wi

0101100
-852 0 *
Fa
0  0.000000100000000 86 0

0101000
+854 0 +851 0 *
Ve
0.000000100000164
175.000000000000000 20.202301513464569 -60.727810874088412
0 0

0101101
*
Ed
 0.000000100000004 1 1 0
1  224 0 0.961045691403898 1.419929317087378
0

0101000
+849 3 -1087 3 *
Ve
0.000000100000077
175.000000000000000 -20.202301513463972 -60.727810874088810
0 0

0101101
*
Ed
 0.000000100000008 1 1 0
1  225 0 4.863255990092207 5.322139615775613
0

0101000
+1092 3 -847 3 *
Ed
 0.000000100000000 1 1 0
1  226 0 2.820439504538096 3.462745802641501
0

0101000
+847 3 -849 3 *
Wi

0101100
-848 0 +1086 0 -846 0 -845 0 *
Fa
0  0.000000100000000 88 0

0101000
+844 0 *
Ed
 0.000000100000000 1 1 0
1  227 0 3.425496745763421 3.643086724813615
0

0101000
+1087 3 -1079 3 *
Wi

0101100
-842 0 +1078 0 *
Ve
0.000000100000008
175.000000000000000 27.170523697921393 -62.370446808301352
0 0

0101101
*
Ed
 0.000000100000004 1 1 0
1  228 0 0.000000000000000 6.283185307179586
2  257 90 0 0.000000000000000 6.283185307179586
0

0101000
+840 3 -840 3 *
Wi

0101100
-839 0 *
Fa
0  0.000000100000000 89 0

0101000
+841 0 +838 0 *
Ed
 0.000000100000000 1 1 0
1  229 0 3.643086724813615 4.210894909160870
2  158 58 0 3.643086724813615 4.210894909160870
0

0101000
+1079 3 -1069 3 *
Wi

0101100
-836 0 +1068 0 +1074 0 -1077 0 *
Fa
0  0.000000100000000 58 0

0101000
+835 0 *
Ed
 0.000000100000000 1 1 0
1  230 0 4.210894909160870 4.428484888211061
0

0101000
+1069 3 -1064 3 *
Wi

0101100
+1067 0 -833 0 +1063 0 *
Ve
0.000000100000004
175.000000000000000 65.595446808301361 -23.945523697921359
0 0

0101101
*
Ed
 0.000000100000004 1 1 0
1  231 0 0.000000000000000 6.283185307179586
2  258 92 0 0.000000000000000 6.283185307179586
0

0101000
+831 3 -831 3 *
Wi

0101100
-830 0 *
Fa
0  0.000000100000000 91 0

0101000
+832 0 +829 0 *
Ed
 0.000000100000000 1 1 0
1  232 0 4.428484888211061 4.996293072558291
2  158 60 0 4.428484888211061 4.996293072558291
0

0101000
+1064 3 -1054 3 *
Wi

0101100
-827 0 +1053 0 +1059 0 -1062 0 *
Fa
0  0.000000100000000 60 0

0101000
+826 0 *
Ed
 0.000000100000000 1 1 0
1  233 0 4.996293072558291 5.213883051608491
0

0101000
+1054 3 -1049 3 *
Wi

0101100
+1052 0 -824 0 +1048 0 *
Ve
0.000000100000014
175.000000000000000 65.595446808301375 30.395523697921377
0 0

0101101
*
Ed
 0.000000100000004 1 1 0
1  234 0 0.000000000000000 6.283185307179586
2  259 94 0 0.000000000000000 6.283185307179586
0

0101000
+822 3 -822 3 *
Wi

0101100
-821 0 *
Fa
0  0.000000100000000 93 0

0101000
+823 0 +820 0 *
Ve
0.000000100000000
153.000000000000000 54.557775480123787 103.651816842062189
0 0

0101101
*
Ed
 0.000000100000000 1 1 0
1  235 0 0.000000000000000 6.283185307179586
2  260 64 0 0.000000000000000 6.283185307179586
0

0101000
+818 3 -818 3 *
Ed
 0.000000100000000 1 1 0
1  236 0 0.000000000000000 2.500000000000000
3  261 262CN 64 0 0.000000000000000 2.500000000000000
0

0101000
-818 3 +1040 3 *
Wi

0101100
-817 0 +816 0 +1039 0 -816 0 *
Fa
0  0.000000100000000 64 0

0111000
+815 0 *
Ve
0.000000100000000
142.823699164450005 -34.165878018367223 88.737818441978476
0 0

0101101
*
Ve
0.000000100000000
129.823699164450005 -34.165878018367223 88.737818441978476
0 0

0101101
*
Ed
 0.000000100000000 1 1 0
1  237 0 0.000000000000000 13.000000000000000
2  263 65 0 0.000000000000000 13.000000000000000
2  264 76 0 0.000000000000000 13.000000000000000
4 CN 65 0 76 0
0

0101000
-813 3 +812 3 *
Ed
 0.000000100000000 1 1 0
1  238 0 4.105411026202461 6.283185307179586
2  265 65 0 4.105411026202461 6.283185307179586
0

0101000
+1035 3 -812 3 *
Ed
 0.000000100000000 1 1 0
1  239 0 4.105411026202461 6.283185307179586
2  266 65 0 4.105411026202461 6.283185307179586
0

0101000
+1149 3 -813 3 *
Wi

0101100
+811 0 +810 0 -1034 0 -809 0 *
Fa
0  0.000000100000000 65 0

0101000
+808 0 *
Ve
0.000000100000000
142.823699164450005 76.737818441978476 46.165878018367216
0 0

0101101
*
Ed
 0.000000100000000 1 1 0
1  240 0 0.000000000000000 1.444735995139181
2  267 66 0 0.000000000000000 1.444735995139181
0

0101000
+806 3 -1026 3 *
Ve
0.000000100000000
129.823699164450005 76.737818441978476 46.165878018367216
0 0

0101101
*
Ed
 0.000000100000000 1 1 0
1  241 0 0.000000000000000 1.444735995139181
2  268 66 0 0.000000000000000 1.444735995139181
0

0101000
+804 3 -1028 3 *
Ed
 0.000000100000000 1 1 0
1  242 0 0.000000000000000 13.000000000000000
2  269 66 0 0.000000000000000 13.000000000000000
2  270 95 0 0.000000000000000 13.000000000000000
4 CN 66 0 95 0
0

0101000
-806 3 +804 3 *
Wi

0101100
-805 0 +1025 0 +803 0 -802 0 *
Fa
0  0.000000100000000 66 0

0101000
+801 0 *
Ed
 0.000000100000000 1 1 0
1  243 0 5.047109302784591 5.215426698942172
0

0101000
+1021 3 -1026 3 *
Wi

0101100
+1020 0 +799 0 *
Fa
0  0.000000100000000 96 0

0101000
+798 0 *
Ed
 0.000000100000000 1 1 0
1  244 0 0.000000000000000 13.000000000000000
2  271 68 0 0.000000000000000 13.000000000000000
2  272 95 0 0.000000000000000 13.000000000000000
0

0101000
+959 3 -1021 3 *
Wi

0101100
-1018 0 +796 0 +957 0 -963 0 *
Fa
0  0.000000100000000 68 0

0101000
+795 0 *
Ed
 0.000000100000000 1 1 0
1  245 0 3.476312975989637 3.644630372147219
0

0101000
+1163 3 -1019 3 *
Wi

0101100
+793 0 +1015 0 +1016 0 *
Fa
0  0.000000100000000 97 0

0101000
+792 0 *
Ve
0.000000100001068
175.000000000000000 57.226231271428588 28.655862479933468
0 0

0101101
*
Ed
 0.000000100000004 1 1 0
1  246 0 0.936265173105101 1.395148798788736
0

0101000
+1049 3 -790 3 *
Ve
0.000000100001079
175.000000000000000 28.655862479933447 57.226231271428588
0 0

0101101
*
Ed
 0.000000100000000 1 1 0
1  247 0 5.176633994730391 5.818940292833885
0

0101000
+790 3 -788 3 *
Ed
 0.000000100000004 1 1 0
1  248 0 3.317240181595952 3.776123807279685
0

0101000
+788 3 -1010 3 *
Wi

0101100
-789 0 -787 0 -786 0 +1009 0 *
Fa
0  0.000000100000000 98 0

0101000
+785 0 *
Ed
 0.000000100000000 1 1 0
1  249 0 5.781691235955767 5.999281215005959
0

0101000
+1010 3 -1000 3 *
Wi

0101100
+1004 0 -783 0 +999 0 *
Ve
0.000000100000004
175.000000000000000 27.170523697921379 68.820446808301355
0 0

0101101
*
Ed
 0.000000100000004 1 1 0
1  250 0 0.000000000000000 6.283185307179586
2  273 100 0 0.000000000000000 6.283185307179586
0

0101000
+781 3 -781 3 *
Wi

0101100
-780 0 *
Fa
0  0.000000100000000 99 0

0101000
+782 0 +779 0 *
Ve
0.000000100000117
175.000000000000000 20.202301513463905 60.727810874088874
0 0

0101101
*
Ve
0.000000100000000
175.000000000000000 0.000000000000016 64.000000000000000
0 0

0101101
*
Ed
 0.000000100000000 1 1 0
1  251 0 5.962032158127890 6.283185307179586
0

0101000
+777 3 -776 3 *
Ve
0.000000100000079
175.000000000000000 -20.202301513464359 60.727810874088547
0 0

0101101
*
Ed
 0.000000100000000 1 1 0
1  252 0 0.000000000000000 0.321153149051704
0

0101000
+776 3 -774 3 *
Ed
 0.000000100000004 1 1 0
1  253 0 4.102638344993716 4.561521970677158
0

0101000
+774 3 -990 3 *
Ed
 0.000000100000004 1 1 0
1  254 0 1.721663336502430 2.180546962185808
0

0101000
+1000 3 -777 3 *
Wi

0101100
-775 0 -773 0 -772 0 +989 0 +994 0 -771 0 *
Fa
0  0.000000100000000 101 0

0101000
+770 0 *
Ve
0.000000100000007
175.000000000000000 -27.170523697921372 74.095446808301361
0 0

0101101
*
Ed
 0.000000100000000 1 1 0
1  255 0 0.000000000000000 5.000000000000000
2  274 69 0 0.000000000000000 5.000000000000000
2  275 79 0 0.000000000000000 5.000000000000000
4 CN 69 0 79 0
0

0101000
+925 3 -768 3 *
Ed
 0.000000100000007 1 1 0
1  256 0 4.561521970677158 6.283185307179586
2  276 69 0 4.561521970677158 6.283185307179586
0

0101000
+990 3 -768 3 *
Wi

0101100
+767 0 +922 0 -987 0 -766 0 *
Fa
0  0.000000100000000 69 0

0101000
+765 0 *
Ve
0.000000100000002
160.987500000000011 -0.000000000000002 -66.000000000000000
0 0

0101101
*
Ed
 0.000000100000000 1 1 0
1  257 0 0.000000000000000 6.283185307179586
2  277 72 0 0.000000000000000 6.283185307179586
0

0101100
+763 3 -763 3 *
Ed
 0.000000100000000 1 1 0
1  258 0 1.000000000000000 20.000000000000000
3  278 279CN 72 0 1.000000000000000 20.000000000000000
0

0101000
+974 3 -763 3 *
Wi

0101100
-762 0 +761 0 +973 0 -761 0 *
Fa
0  0.000000100000000 72 0

0101000
+760 0 *
Wi

0101100
+969 0 *
Ve
0.000000100000029
152.999999999999972 -55.167880444737492 -102.281498655598313
0 0

0101101
*
Ed
 0.000000100000000 1 1 0
1  259 0 0.000000000000000 6.283185307179586
2  280 103 0 0.000000000000000 6.283185307179586
0

0101100
+757 3 -757 3 *
Wi

0101100
-756 0 *
Fa
0  0.000000100000000 102 0

0101000
+758 0 +755 0 *
Wi

0101100
-793 0 +965 0 *
Ve
0.000000100000007
142.823699164450005 34.165878018367188 -71.925318441978490
0 0

0101101
*
Ed
 0.000000100000000 1 1 0
1  260 0 0.000000000000000 6.283185307179586
2  281 105 0 0.000000000000000 6.283185307179586
0

0101100
+752 3 -752 3 *
Wi

0101100
-751 0 *
Fa
0  0.000000100000000 104 0

0101000
+753 0 +750 0 *
Ed
 0.000000100000000 1 1 0
1  261 0 3.476312975989637 3.644630372147219
0

0101000
+1161 3 -964 3 *
Wi

0101100
-748 0 +962 0 *
Ve
0.000000100000007
129.823699164450005 34.165878018367188 -71.925318441978490
0 0

0101101
*
Ed
 0.000000100000000 1 1 0
1  262 0 0.000000000000000 6.283185307179586
2  282 105 0 0.000000000000000 6.283185307179586
0

0101100
+746 3 -746 3 *
Wi

0101100
-745 0 *
Fa
0  0.000000100000000 106 0

0101000
+747 0 +744 0 *
Ed
 0.000000100000000 1 1 0
1  263 0 5.047109302784591 5.215426698942172
0

0101000
+959 3 -1028 3 *
Wi

0101100
+958 0 +742 0 *
Fa
0  0.000000100000000 107 0

0101000
+741 0 *
Wi

0101100
+748 0 +952 0 +955 0 *
Fa
0  0.000000100000000 108 0

0101000
+739 0 *
Ed
 0.000000100000000 1 1 0
1  264 0 0.334720322399849 0.503037718557437
0

0101000
+1035 3 -954 3 *
Wi

0101100
+953 0 +737 0 *
Fa
0  0.000000100000000 109 0

0101000
+736 0 *
Ed
 0.000000100000000 1 1 0
1  265 0 1.905516649194743 2.073834045352333
0

0101000
+951 3 -1159 3 *
Wi

0101100
+734 0 +949 0 *
Fa
0  0.000000100000000 110 0

0101000
+733 0 *
Wi

0101100
+946 0 *
Ve
0.000000100000013
129.823699164450005 0.000000000000013 54.000000000000000
0 0

0101101
*
Ed
 0.000000100000000 1 1 0
1  266 0 0.000000000000000 6.283185307179586
0

0101000
+730 3 -730 3 *
Wi

0101100
-729 0 *
Fa
0  0.000000100000000 111 0

0101000
+731 0 +728 0 *
Ed
 0.000000100000000 1 1 0
1  267 0 5.676207352997375 6.283185307179586
2  215 74 0 5.676207352997375 6.283185307179586
0

0101000
+1153 3 -943 3 *
Wi

0101100
+726 0 -936 0 +942 0 *
Ve
0.000000100000004
142.823699164450005 -76.737818441978476 -29.353378018367220
0 0

0101101
*
Ed
 0.000000100000000 1 1 0
1  268 0 0.000000000000000 6.283185307179586
2  283 113 0 0.000000000000000 6.283185307179586
0

0101100
+724 3 -724 3 *
Wi

0101100
-723 0 *
Fa
0  0.000000100000000 112 0

0101000
+725 0 +722 0 *
Ed
 0.000000100000000 1 1 0
1  269 0 5.676207352997375 6.283185307179586
2  216 74 0 5.676207352997375 6.283185307179586
0

0101000
+951 3 -941 3 *
Wi

0101100
+720 0 -734 0 +940 0 *
Ve
0.000000100000004
129.823699164450005 -76.737818441978476 -29.353378018367220
0 0

0101101
*
Ed
 0.000000100000000 1 1 0
1  270 0 0.000000000000000 6.283185307179586
2  284 113 0 0.000000000000000 6.283185307179586
0

0101100
+718 3 -718 3 *
Wi

0101100
-717 0 *
Fa
0  0.000000100000000 114 0

0101000
+719 0 +716 0 *
Wi

0101100
+939 0 +720 0 -933 0 -726 0 *
Fa
0  0.000000100000000 74 0

0101000
+714 0 *
Ed
 0.000000100000000 1 1 0
1  271 0 0.000000000000000 3.015532321934354
2  266 76 0 0.000000000000000 3.015532321934354
0

0101000
+813 3 -1151 3 *
Ed
 0.000000100000000 1 1 0
1  272 0 0.000000000000000 3.015532321934354
2  265 76 0 0.000000000000000 3.015532321934354
0

0101000
+812 3 -954 3 *
Wi

0101100
-712 0 +932 0 +711 0 -811 0 *
Fa
0  0.000000100000000 76 0

0101000
+710 0 *
Wi

0101100
+809 0 -929 0 +712 0 *
Ve
0.000000100000000
142.823699164450005 -34.165878018367223 81.550318441978476
0 0

0101101
*
Ed
 0.000000100000000 1 1 0
1  273 0 0.000000000000000 6.283185307179586
2  285 116 0 0.000000000000000 6.283185307179586
0

0101100
+707 3 -707 3 *
Wi

0101100
-706 0 *
Fa
0  0.000000100000000 115 0

0101000
+708 0 +705 0 *
Ve
0.000000100000078
175.000000000000000 -32.209323649302803 58.749974213223780
0 0

0101101
*
Ed
 0.000000100000000 1 1 0
1  274 0 0.000000000000000 2.507061499899900
2  276 79 0 0.000000000000000 2.507061499899900
0

0101000
+768 3 -703 3 *
Ed
 0.000000100000036 1 1 0
1  275 0 0.000000000000000 5.000000000000000
2  286 79 0 0.000000000000000 5.000000000000000
2  287 117 0 0.000000000000000 5.000000000000000
0

0101000
+916 3 -703 3 *
Wi

0101100
-702 0 +701 0 +915 0 -767 0 *
Fa
0  0.000000100000000 79 0

0101000
+700 0 *
Ed
 0.000000100000000 1 1 0
1  276 0 0.501494071223819 1.069302255571078
2  156 117 0 0.501494071223819 1.069302255571078
0

0101000
+916 3 -900 3 *
Wi

0101100
-908 0 -899 0 +698 0 -913 0 *
Fa
0  0.000000100000000 118 0

0101000
+697 0 *
Ve
0.000000100000007
175.000000000000000 -65.595446808301347 35.670523697921382
0 0

0101101
*
Ed
 0.000000100000000 1 1 0
1  277 0 0.000000000000000 5.000000000000000
2  288 80 0 0.000000000000000 5.000000000000000
2  289 82 0 0.000000000000000 5.000000000000000
4 CN 80 0 82 0
0

0101000
+903 3 -695 3 *
Ve
0.000000100000071
175.000000000000000 -58.749974213223773 32.209323649302817
0 0

0101101
*
Ed
 0.000000100000036 1 1 0
1  278 0 0.000000000000000 5.000000000000000
2  290 80 0 0.000000000000000 5.000000000000000
2  291 117 0 0.000000000000000 5.000000000000000
0

0101000
+900 3 -693 3 *
Ed
 0.000000100000007 1 1 0
1  279 0 5.346920134074582 6.283185307179586
2  292 80 0 5.346920134074582 6.283185307179586
0

0101000
+693 3 -695 3 *
Wi

0101100
+694 0 +898 0 -692 0 -691 0 *
Fa
0  0.000000100000000 80 0

0101000
+690 0 *
Ve
0.000000100000132
175.000000000000000 -64.317936330559760 18.767073990851003
0 0

0101101
*
Ed
 0.000000100000004 1 1 0
1  280 0 0.000000000000000 3.292459663297326
2  292 82 0 0.000000000000000 3.292459663297326
0

0101000
+695 3 -688 3 *
Ed
 0.000000100000038 1 1 0
1  281 0 0.000000000000000 5.000000000000000
2  293 82 0 0.000000000000000 5.000000000000000
2  294 119 0 0.000000000000000 5.000000000000000
0

0101000
+892 3 -688 3 *
Wi

0101100
-687 0 +686 0 +891 0 -694 0 *
Fa
0  0.000000100000000 82 0

0101000
+685 0 *
Ed
 0.000000100000000 1 1 0
1  282 0 1.286892234621269 1.854700418968524
2  156 119 0 1.286892234621269 1.854700418968524
0

0101000
+892 3 -878 3 *
Wi

0101100
-883 0 -877 0 +683 0 -889 0 *
Fa
0  0.000000100000000 120 0

0101000
+682 0 *
Ve
0.000000100000146
175.000000000000000 -64.317936330559775 -18.767073990850982
0 0

0101101
*
Ed
 0.000000100000039 1 1 0
1  283 0 0.000000000000000 5.000000000000000
2  295 83 0 0.000000000000000 5.000000000000000
2  296 119 0 0.000000000000000 5.000000000000000
0

0101000
+878 3 -680 3 *
Ed
 0.000000100000004 1 1 0
1  284 0 6.132318297472055 6.283185307179586
2  253 83 0 6.132318297472055 6.283185307179586
0

0101000
+680 3 -860 3 *
Wi

0101100
+858 0 +876 0 -679 0 -678 0 *
Fa
0  0.000000100000000 83 0

0101000
+677 0 *
Ed
 0.000000100000000 1 1 0
1  285 0 2.677347639244091 2.820439504538096
0

0101000
+867 3 -847 3 *
Wi

0101100
+866 0 -675 0 +846 0 +855 0 *
Fa
0  0.000000100000000 121 0

0101000
+674 0 *
Ve
0.000000100000085
175.000000000000000 -60.727810874088533 -20.202301513464370
0 0

0101101
*
Ed
 0.000000100000008 1 1 0
1  286 0 5.673434671788610 6.132318297472055
0

0101000
+672 3 -680 3 *
Ed
 0.000000100000000 1 1 0
1  287 0 1.891949475846601 2.035041341140598
0

0101000
+672 3 -865 3 *
Ed
 0.000000100000000 1 1 0
1  288 0 1.854700418968524 2.072290398018716
0

0101000
+680 3 -1099 3 *
Wi

0101100
+671 0 -670 0 +864 0 +669 0 *
Fa
0  0.000000100000000 122 0

0101000
+668 0 *
Ed
 0.000000100000004 1 1 0
1  289 0 2.180546962185808 3.317240181595952
0

0101000
+777 3 -788 3 *
Ve
0.000000100000090
175.000000000000000 60.727810874088824 20.202301513463965
0 0

0101101
*
Ed
 0.000000100000000 1 1 0
1  290 0 1.395148798788736 2.531842018198873
0

0101000
+790 3 -665 3 *
Ve
0.000000100000077
175.000000000000000 60.727810874088561 -20.202301513464334
0 0

0101101
*
Ed
 0.000000100000000 1 1 0
1  291 0 4.391235831332986 5.033542129436387
0

0101000
+663 3 -665 3 *
Ve
0.000000100001079
175.000000000000000 57.226231271428588 -28.655862479933443
0 0

0101101
*
Ed
 0.000000100000000 1 1 0
1  292 0 0.609750635390972 1.746443854801056
0

0101000
+663 3 -661 3 *
Ve
0.000000100001068
175.000000000000000 28.655862479933496 -57.226231271428574
0 0

0101101
*
Ed
 0.000000100000000 1 1 0
1  293 0 3.605837667935495 4.248143966038988
0

0101000
+659 3 -661 3 *
Ve
0.000000100000004
175.000000000000000 27.170523697921393 -57.095446808301354
0 0

0101101
*
Ed
 0.000000100000000 1 1 0
1  294 0 6.107537779173424 6.283185307179586
0

0101000
+659 3 -657 3 *
Ed
 0.000000100000004 1 1 0
1  295 0 0.000000000000000 0.961045691403898
0

0101000
+657 3 -849 3 *
Ve
0.000000100000007
175.000000000000000 -27.170523697921350 -57.095446808301354
0 0

0101101
*
Ed
 0.000000100000007 1 1 0
1  296 0 5.322139615775613 6.283185307179586
0

0101000
+847 3 -654 3 *
Ed
 0.000000100000000 1 1 0
1  297 0 0.000000000000000 0.175647528006165
0

0101000
+654 3 -867 3 *
Ed
 0.000000100000007 1 1 0
1  298 0 4.536741452378528 5.673434671788610
0

0101000
+865 3 -672 3 *
Ve
0.000000100000084
175.000000000000000 -60.727810874088547 20.202301513464377
0 0

0101101
*
Ed
 0.000000100000000 1 1 0
1  299 0 1.249643177743192 1.891949475846601
0

0101000
+650 3 -672 3 *
Ve
0.000000100001073
175.000000000000000 -57.226231271428588 28.655862479933479
0 0

0101101
*
Ed
 0.000000100000007 1 1 0
1  300 0 3.751343288980767 4.888036508390849
0

0101000
+650 3 -648 3 *
Ve
0.000000100001075
175.000000000000000 -28.655862479933461 57.226231271428588
0 0

0101101
*
Ed
 0.000000100000000 1 1 0
1  301 0 0.464245014345701 1.106551312449195
0

0101000
+646 3 -648 3 *
Ed
 0.000000100000007 1 1 0
1  302 0 2.965945125583633 4.102638344993716
0

0101000
+646 3 -774 3 *
Wi

0101100
+775 0 -666 0 +787 0 -664 0 +662 0 -660 0 +658 0 -656 0 -655 0 +845 0 
-653 0 -652 0 +863 0 -651 0 +649 0 -647 0 +645 0 -644 0 +773 0 *
Ve
0.000000100000054
175.000000000000000 0.000000000000014 59.000000000000000
0 0

0101101
*
Ed
 0.000000100000054 1 1 0
1  303 0 0.000000000000000 6.283185307179586
2  297 124 0 0.000000000000000 6.283185307179586
0

0101000
+642 3 -642 3 *
Wi

0101100
-641 0 *
Fa
0  0.000000100000000 123 0

0101000
+643 0 +640 0 *
Wi

0101100
+678 0 -669 0 +859 0 *
Ve
0.000000100000004
175.000000000000000 -65.595446808301361 -23.945523697921367
0 0

0101101
*
Ed
 0.000000100000004 1 1 0
1  304 0 0.000000000000000 6.283185307179586
2  298 126 0 0.000000000000000 6.283185307179586
0

0101000
+637 3 -637 3 *
Wi

0101100
-636 0 *
Fa
0  0.000000100000000 125 0

0101000
+638 0 +635 0 *
Ve
0.000000100000000
163.787499999999994 -27.170523697921350 -62.370446808301352
0 0

0101101
*
Ed
 0.000000100000000 1 1 0
1  305 0 0.000000000000000 11.212500000000006
3  299 300CN 87 0 0.000000000000000 11.212500000000006
0

0101000
+633 3 -853 3 *
Ed
 0.000000100000000 1 1 0
1  306 0 0.000000000000000 6.283185307179586
2  301 87 0 0.000000000000000 6.283185307179586
0

0101000
+633 3 -633 3 *
Wi

0101100
-852 0 +632 0 +631 0 -632 0 *
Fa
0  0.000000100000000 87 0

0101000
+630 0 *
Ed
 0.000000100000000 1 1 0
1  307 0 3.462745802641501 3.605837667935495
0

0101000
+849 3 -659 3 *
Ed
 0.000000100000004 1 1 0
1  308 0 5.648654153489677 6.107537779173424
0

0101000
+1079 3 -659 3 *
Wi

0101100
+848 0 -628 0 +627 0 +842 0 *
Fa
0  0.000000100000000 127 0

0101000
+626 0 *
Ve
0.000000100000000
163.787499999999994 27.170523697921393 -62.370446808301352
0 0

0101101
*
Ed
 0.000000100000000 1 1 0
1  309 0 0.000000000000000 11.212500000000006
3  302 303CN 90 0 0.000000000000000 11.212500000000006
0

0101000
+624 3 -840 3 *
Ed
 0.000000100000000 1 1 0
1  310 0 0.000000000000000 6.283185307179586
2  304 90 0 0.000000000000000 6.283185307179586
0

0101000
+624 3 -624 3 *
Wi

0101100
-839 0 +623 0 +622 0 -623 0 *
Fa
0  0.000000100000000 90 0

0101000
+621 0 *
Ed
 0.000000100000004 1 1 0
1  311 0 1.746443854801056 2.205327480484792
0

0101000
+661 3 -1069 3 *
Wi

0101100
-619 0 +836 0 -627 0 -658 0 *
Fa
0  0.000000100000000 128 0

0101000
+618 0 *
Ed
 0.000000100000000 1 1 0
1  312 0 4.248143966038988 4.391235831332986
0

0101000
+661 3 -663 3 *
Ed
 0.000000100000004 1 1 0
1  313 0 0.150867009707536 0.609750635390972
0

0101000
+1064 3 -663 3 *
Wi

0101100
+619 0 -616 0 +615 0 +833 0 *
Fa
0  0.000000100000000 129 0

0101000
+614 0 *
Ve
0.000000100000000
163.787499999999994 65.595446808301361 -23.945523697921359
0 0

0101101
*
Ed
 0.000000100000000 1 1 0
1  314 0 0.000000000000000 11.212500000000006
3  305 306CN 92 0 0.000000000000000 11.212500000000006
0

0101000
+612 3 -831 3 *
Ed
 0.000000100000000 1 1 0
1  315 0 0.000000000000000 6.283185307179586
2  307 92 0 0.000000000000000 6.283185307179586
0

0101000
+612 3 -612 3 *
Wi

0101100
-830 0 +611 0 +610 0 -611 0 *
Fa
0  0.000000100000000 92 0

0101000
+609 0 *
Ed
 0.000000100000004 1 1 0
1  316 0 2.531842018198873 2.990725643882396
0

0101000
+665 3 -1054 3 *
Wi

0101100
-607 0 +827 0 -615 0 -662 0 *
Fa
0  0.000000100000000 130 0

0101000
+606 0 *
Ed
 0.000000100000000 1 1 0
1  317 0 5.033542129436387 5.176633994730391
0

0101000
+665 3 -790 3 *
Wi

0101100
+824 0 +607 0 -604 0 +789 0 *
Fa
0  0.000000100000000 131 0

0101000
+603 0 *
Ve
0.000000100000000
163.787499999999994 65.595446808301375 30.395523697921377
0 0

0101101
*
Ed
 0.000000100000000 1 1 0
1  318 0 0.000000000000000 11.212500000000006
3  308 309CN 94 0 0.000000000000000 11.212500000000006
0

0101000
+601 3 -822 3 *
Ed
 0.000000100000000 1 1 0
1  319 0 0.000000000000000 6.283185307179586
2  310 94 0 0.000000000000000 6.283185307179586
0

0101000
+601 3 -601 3 *
Wi

0101100
-821 0 +600 0 +599 0 -600 0 *
Fa
0  0.000000100000000 94 0

0101000
+598 0 *
Wi

0101100
+817 0 *
Ve
0.000000100000029
152.999999999999972 55.167880444737492 102.281498655598313
0 0

0101101
*
Ed
 0.000000100000000 1 1 0
1  320 0 0.000000000000000 6.283185307179586
2  311 133 0 0.000000000000000 6.283185307179586
0

0101100
+595 3 -595 3 *
Wi

0101100
-594 0 *
Fa
0  0.000000100000000 132 0

0101000
+596 0 +593 0 *
Wi

0101100
+810 0 -737 0 +711 0 *
Ve
0.000000100000000
129.823699164450005 -34.165878018367223 81.550318441978476
0 0

0101101
*
Ed
 0.000000100000000 1 1 0
1  321 0 0.000000000000000 6.283185307179586
2  312 116 0 0.000000000000000 6.283185307179586
0

0101100
+590 3 -590 3 *
Wi

0101100
-589 0 *
Fa
0  0.000000100000000 134 0

0101000
+591 0 +588 0 *
Ed
 0.000000100000000 1 1 0
1  322 0 2.534614699407252 6.283185307179586
2  267 95 0 2.534614699407252 6.283185307179586
0

0101000
+1021 3 -806 3 *
Wi

0101100
+586 0 -799 0 +805 0 *
Ve
0.000000100000000
142.823699164450005 76.737818441978476 38.978378018367216
0 0

0101101
*
Ed
 0.000000100000000 1 1 0
1  323 0 0.000000000000000 6.283185307179586
2  313 136 0 0.000000000000000 6.283185307179586
0

0101100
+584 3 -584 3 *
Wi

0101100
-583 0 *
Fa
0  0.000000100000000 135 0

0101000
+585 0 +582 0 *
Ed
 0.000000100000000 1 1 0
1  324 0 2.534614699407252 6.283185307179586
2  268 95 0 2.534614699407252 6.283185307179586
0

0101000
+959 3 -804 3 *
Wi

0101100
+580 0 -742 0 +803 0 *
Ve
0.000000100000000
129.823699164450005 76.737818441978476 38.978378018367216
0 0

0101101
*
Ed
 0.000000100000000 1 1 0
1  325 0 0.000000000000000 6.283185307179586
2  314 136 0 0.000000000000000 6.283185307179586
0

0101100
+578 3 -578 3 *
Wi

0101100
-577 0 *
Fa
0  0.000000100000000 137 0

0101000
+579 0 +576 0 *
Wi

0101100
+802 0 +580 0 -796 0 -586 0 *
Fa
0  0.000000100000000 95 0

0101000
+574 0 *
Ed
 0.000000100000000 1 1 0
1  326 0 5.818940292833885 5.962032158127890
0

0101000
+788 3 -777 3 *
Wi

0101100
+783 0 +786 0 -572 0 +771 0 *
Fa
0  0.000000100000000 138 0

0101000
+571 0 *
Ve
0.000000100000000
163.787499999999994 27.170523697921379 68.820446808301355
0 0

0101101
*
Ed
 0.000000100000000 1 1 0
1  327 0 0.000000000000000 11.212500000000006
3  315 316CN 100 0 0.000000000000000 11.212500000000006
0

0101000
+569 3 -781 3 *
Ed
 0.000000100000000 1 1 0
1  328 0 0.000000000000000 6.283185307179586
2  317 100 0 0.000000000000000 6.283185307179586
0

0101000
+569 3 -569 3 *
Wi

0101100
-780 0 +568 0 +567 0 -568 0 *
Fa
0  0.000000100000000 100 0

0101000
+566 0 *
Ed
 0.000000100000000 1 1 0
1  329 0 0.321153149051704 0.464245014345701
0

0101000
+774 3 -646 3 *
Ed
 0.000000100000004 1 1 0
1  330 0 2.507061499899900 2.965945125583633
0

0101000
+703 3 -646 3 *
Ed
 0.000000100000000 1 1 0
1  331 0 0.283904092173627 0.501494071223819
0

0101000
+990 3 -703 3 *
Wi

0101100
+772 0 -564 0 +563 0 +562 0 *
Fa
0  0.000000100000000 139 0

0101000
+561 0 *
Wi

0101100
+766 0 -562 0 +702 0 *
Ve
0.000000100000004
175.000000000000000 -27.170523697921372 68.820446808301355
0 0

0101101
*
Ed
 0.000000100000004 1 1 0
1  332 0 0.000000000000000 6.283185307179586
2  318 141 0 0.000000000000000 6.283185307179586
0

0101000
+558 3 -558 3 *
Wi

0101100
-557 0 *
Fa
0  0.000000100000000 140 0

0101000
+559 0 +556 0 *
Ve
0.000000100000108
165.228159438667973 -1.491213701994193 -66.000000000000000
0 0

0101101
*
Ve
0.000000100000141
159.359419837957830 10.550326103352843 -66.000000000000000
0 0

0101101
*
Ed
 0.000000100000000 1 1 0
1  333 0 2.188499873984353 2.703777924059791
2  319 143 0 2.188499873984353 2.703777924059791
0

0101000
+554 3 -553 3 *
Ve
0.000000100000099
140.771840561332027 -1.491213701994194 -66.000000000000000
0 0

0101101
*
Ed
 0.000000100000000 1 1 0
1  334 0 3.262942619195942 6.161835341573438
2  320 144 0 3.262942619195942 6.161835341573438
0

0101000
+551 3 -554 3 *
Ve
0.000000100000146
146.640580162042170 10.550326103352841 -66.000000000000000
0 0

0101101
*
Ed
 0.000000100000000 1 1 0
1  335 0 1.028342566439710 2.113250087150084
2  320 145 0 1.028342566439710 2.113250087150084
0

0101000
+553 3 -549 3 *
Ve
0.000000100000018
142.823699164450005 4.243810617259605 -66.000000000000000
0 0

0101101
*
Ed
 0.000000100000000 1 1 0
1  336 0 3.887202609749443 4.094685433195234
2  321 146 0 3.887202609749443 4.094685433195234
0

0101000
+547 3 -551 3 *
Ed
 0.000000100000000 1 1 0
1  337 0 3.579407383119796 3.887202609749443
2  322 147 0 3.579407383119796 3.887202609749443
0

0101000
+549 3 -547 3 *
Wi

0101100
+552 0 +550 0 +548 0 +546 0 +545 0 *
Wi

0101100
-762 0 *
Fa
0  0.000000100000000 142 0

0101000
+544 0 +543 0 *
Ve
0.000000100000029
152.999999999999972 -57.451744088843967 -103.298340263287798
0 0

0101101
*
Ed
 0.000000100000000 1 1 0
1  338 0 92.000000000000043 94.500000000000000
3  27 26CN 103 0 92.000000000000043 94.500000000000000
0

0101000
+757 3 -541 3 *
Ed
 0.000000100000000 1 1 0
1  339 0 0.000000000000000 6.283185307179586
2  323 103 0 0.000000000000000 6.283185307179586
0

0101100
+541 3 -541 3 *
Wi

0101100
+756 0 -540 0 -539 0 +540 0 *
Fa
0  0.000000100000000 103 0

0101000
+538 0 *
Ed
 0.000000100000000 1 1 0
1  340 0 1.000000000000000 14.000000000000000
3  324 325CN 105 0 1.000000000000000 14.000000000000000
0

0101000
+746 3 -752 3 *
Wi

0101100
-751 0 +536 0 +745 0 -536 0 *
Fa
0  0.000000100000000 105 0

0101000
+535 0 *
Wi

0101100
+729 0 *
Ve
0.000000100000013
129.823699164450005 0.000000000000013 51.500000000000000
0 0

0101101
*
Ed
 0.000000100000000 1 1 0
1  341 0 0.000000000000000 6.283185307179586
2  326 149 0 0.000000000000000 6.283185307179586
0

0101100
+532 3 -532 3 *
Wi

0101100
-531 0 *
Fa
0  0.000000100000000 148 0

0101000
+533 0 +530 0 *
Ed
 0.000000100000000 1 1 0
1  342 0 1.000000000000000 14.000000000000000
3  327 328CN 113 0 1.000000000000000 14.000000000000000
0

0101000
+718 3 -724 3 *
Wi

0101100
-723 0 +528 0 +717 0 -528 0 *
Fa
0  0.000000100000000 113 0

0101000
+527 0 *
Ed
 0.000000100000000 1 1 0
1  343 0 1.000000000000000 14.000000000000000
3  329 330CN 116 0 1.000000000000000 14.000000000000000
0

0101000
+590 3 -707 3 *
Wi

0101100
-706 0 +525 0 +589 0 -525 0 *
Fa
0  0.000000100000000 116 0

0101000
+524 0 *
Ed
 0.000000100000000 1 1 0
1  344 0 0.501494071223819 1.069302255571078
2  158 117 0 0.501494071223819 1.069302255571078
0

0101000
+703 3 -693 3 *
Wi

0101100
-522 0 +692 0 +698 0 -701 0 *
Fa
0  0.000000100000000 117 0

0101000
+521 0 *
Ed
 0.000000100000000 1 1 0
1  345 0 1.069302255571078 1.286892234621269
0

0101000
+693 3 -688 3 *
Wi

0101100
+691 0 -519 0 +687 0 *
Ve
0.000000100000014
175.000000000000000 -65.595446808301347 30.395523697921384
0 0

0101101
*
Ed
 0.000000100000004 1 1 0
1  346 0 0.000000000000000 6.283185307179586
2  331 151 0 0.000000000000000 6.283185307179586
0

0101000
+517 3 -517 3 *
Wi

0101100
-516 0 *
Fa
0  0.000000100000000 150 0

0101000
+518 0 +515 0 *
Ed
 0.000000100000000 1 1 0
1  347 0 1.286892234621269 1.854700418968524
2  158 119 0 1.286892234621269 1.854700418968524
0

0101000
+688 3 -680 3 *
Wi

0101100
-513 0 +679 0 +683 0 -686 0 *
Fa
0  0.000000100000000 119 0

0101000
+512 0 *
Wi

0101100
+652 0 +653 0 +675 0 *
Fa
0  0.000000100000000 152 0

0101000
+510 0 *
Ed
 0.000000100000004 1 1 0
1  348 0 3.292459663297326 3.751343288980767
0

0101000
+688 3 -650 3 *
Wi

0101100
-649 0 -671 0 +513 0 -508 0 *
Fa
0  0.000000100000000 153 0

0101000
+507 0 *
Wi

0101100
+651 0 +670 0 *
Fa
0  0.000000100000000 154 0

0101000
+505 0 *
Wi

0101100
+572 0 +666 0 *
Fa
0  0.000000100000000 155 0

0101000
+503 0 *
Wi

0101100
+604 0 +664 0 *
Fa
0  0.000000100000000 156 0

0101000
+501 0 *
Wi

0101100
+616 0 +660 0 *
Fa
0  0.000000100000000 157 0

0101000
+499 0 *
Wi

0101100
+628 0 +655 0 +656 0 *
Fa
0  0.000000100000000 158 0

0101000
+497 0 *
Ed
 0.000000100000000 1 1 0
1  349 0 1.106551312449195 1.249643177743192
0

0101000
+648 3 -650 3 *
Wi

0101100
+647 0 +495 0 *
Fa
0  0.000000100000000 159 0

0101000
+494 0 *
Ed
 0.000000100000000 1 1 0
1  350 0 4.888036508390849 5.346920134074582
0

0101000
+648 3 -693 3 *
Wi

0101100
-645 0 -492 0 +522 0 -563 0 *
Fa
0  0.000000100000000 160 0

0101000
+491 0 *
Wi

0101100
+644 0 +564 0 *
Fa
0  0.000000100000000 161 0

0101000
+489 0 *
Ve
0.000000100000054
170.000000000000000 0.000000000000014 59.000000000000000
0 0

0101101
*
Ed
 0.000000100000054 1 1 0
1  351 0 0.000000000000000 6.283185307179586
2  332 124 0 0.000000000000000 6.283185307179586
2  332 162 0 0.000000000000000 6.283185307179586
0

0101000
+487 3 -487 3 *
Ed
 0.000000100000000 1 1 0
1  352 0 23.000000000000000 28.000000000000000
3  333 334CN 124 0 23.000000000000000 28.000000000000000
0

0101000
+487 3 -642 3 *
Wi

0101100
+486 0 -485 0 -641 0 +485 0 *
Fa
0  0.000000100000000 124 0

0101000
+484 0 *
Ve
0.000000100000000
163.787499999999994 -65.595446808301361 -23.945523697921367
0 0

0101101
*
Ed
 0.000000100000000 1 1 0
1  353 0 0.000000000000000 11.212500000000006
3  335 336CN 126 0 0.000000000000000 11.212500000000006
0

0101000
+482 3 -637 3 *
Ed
 0.000000100000000 1 1 0
1  354 0 0.000000000000000 6.283185307179586
2  337 126 0 0.000000000000000 6.283185307179586
0

0101000
+482 3 -482 3 *
Wi

0101100
-636 0 +481 0 +480 0 -481 0 *
Fa
0  0.000000100000000 126 0

0101000
+479 0 *
Wi

0101100
-631 0 *
Fa
0  0.000000100000000 163 0

0111000
-477 0 *
Wi

0101100
-622 0 *
Fa
0  0.000000100000000 164 0

0111000
-475 0 *
Wi

0101100
-610 0 *
Fa
0  0.000000100000000 165 0

0111000
-473 0 *
Wi

0101100
-599 0 *
Fa
0  0.000000100000000 166 0

0111000
-471 0 *
Ve
0.000000100000029
152.999999999999972 57.451744088843967 103.298340263287798
0 0

0101101
*
Ed
 0.000000100000000 1 1 0
1  355 0 92.000000000000043 94.500000000000000
3  90 91CN 133 0 92.000000000000043 94.500000000000000
0

0101000
+595 3 -469 3 *
Ed
 0.000000100000000 1 1 0
1  356 0 0.000000000000000 6.283185307179586
2  338 133 0 0.000000000000000 6.283185307179586
0

0101100
+469 3 -469 3 *
Wi

0101100
+594 0 -468 0 -467 0 +468 0 *
Fa
0  0.000000100000000 133 0

0101000
+466 0 *
Ed
 0.000000100000000 1 1 0
1  357 0 1.000000000000000 14.000000000000000
3  339 340CN 136 0 1.000000000000000 14.000000000000000
0

0101000
+578 3 -584 3 *
Wi

0101100
-583 0 +464 0 +577 0 -464 0 *
Fa
0  0.000000100000000 136 0

0101000
+463 0 *
Wi

0101100
-567 0 *
Fa
0  0.000000100000000 167 0

0111000
-461 0 *
Ve
0.000000100000000
163.787499999999994 -27.170523697921372 68.820446808301355
0 0

0101101
*
Ed
 0.000000100000000 1 1 0
1  358 0 0.000000000000000 11.212500000000006
3  341 342CN 141 0 0.000000000000000 11.212500000000006
0

0101000
+459 3 -558 3 *
Ed
 0.000000100000000 1 1 0
1  359 0 0.000000000000000 6.283185307179586
2  343 141 0 0.000000000000000 6.283185307179586
0

0101000
+459 3 -459 3 *
Wi

0101100
-557 0 +458 0 +457 0 -458 0 *
Fa
0  0.000000100000000 141 0

0101000
+456 0 *
Ve
0.000000100001095
153.000000000000000 16.309098269663451 -64.984716000229213
0 0

0101101
*
Ve
0.000000100000115
153.000000000000000 12.318750000000099 -66.761333514254517
0 0

0101101
*
Ed
 0.000000100000016 1 1 0
1  360 0 11.532562594669622 15.900542574516917
2  344 143 0 11.532562594669622 15.900542574516917
2  345 147 0 11.532562594669622 15.900542574516917
4 CN 143 0 147 0
0

0101000
+454 3 -453 3 *
Ed
 0.000000100000000 1 1 0
1  361 0 0.000000459215986 1.000000000000000
2  346 143 0 0.000000459215986 1.000000000000000
2  347 145 0 0.000000459215986 1.000000000000000
0

0101000
+553 3 -453 3 *
Ve
0.000000100000119
153.000000000000000 -12.318750000000101 -77.730655248543670
0 0

0101101
*
Ed
 0.000000100000000 1 1 0
1  362 0 0.000000000000000 0.999999942446271
2  348 143 0 0.000000000000000 0.999999942446271
2  349 144 0 0.000000000000000 0.999999942446271
0

0101000
+450 3 -554 3 *
Ve
0.000000100000032
153.000000000000000 -66.337018236542477 -101.781137798143277
0 0

0101101
*
Ed
 0.000000100000016 1 1 0
1  363 0 42.869643886209865 102.000000000000014
3  345 344CN 143 0 42.869643886209865 102.000000000000014
0

0101000
+450 3 -448 3 *
Ed
 0.000000100000020 1 1 0
1  364 0 0.000000000000000 6.283185307179586
2  350 143 0 0.000000000000000 6.283185307179586
0

0101000
+448 3 -448 3 *
Ve
0.000000134309646
142.823699164450005 -6.942226074313240 -70.980344410002033
0 0

0101101
*
Ed
 0.000000100000000 1 1 0
1  365 0 0.390321113741761 1.000000000000000
2  351 143 0 0.390321113741761 1.000000000000000
2  352 144 0 0.390321113741761 1.000000000000000
0

0101000
+445 3 -450 3 *
Ve
0.000000117048645
142.823699164450005 -11.651359315235668 -73.076985611800325
0 0

0101101
*
Ed
 0.000000100000015 1 1 0
1  366 0 35.212346105805246 40.367134191637561
2  353 143 0 35.212346105805246 40.367134191637561
2  353 146 0 35.212346105805246 40.367134191637561
0

0101000
+445 3 -443 3 *
Ve
0.000000117048645
142.823699164450005 -40.625599942032721 -61.851116637857963
0 0

0101101
*
Ed
 0.000000117048645 1 1 0
1  367 0 0.000000027166252 0.999999962012253
2  354 143 0 0.000000027166252 0.999999962012253
2  354 146 0 0.000000027166252 0.999999962012253
0

0101000
+441 3 -443 3 *
Ve
0.000000166609834
142.823699164450005 -29.394136980363982 -56.850547149342361
0 0

0101101
*
Ed
 0.000000100000014 1 1 0
1  368 0 49.976081024281925 62.270447842821625
2  355 143 0 49.976081024281925 62.270447842821625
2  355 146 0 49.976081024281925 62.270447842821625
0

0101000
+439 3 -441 3 *
Ve
0.000000167839523
143.672620939241682 -30.213560842604060 -56.419329499828898
0 0

0101101
*
Ed
 0.000000149119889 1 1 0
1  369 0 0.079573469756722 0.102814415262903
2  356 143 0 0.079573469756722 0.102814415262903
2  356 146 0 0.079573469756722 0.102814415262903
0

0101000
+437 3 -439 3 *
Ve
0.000000100000050
153.000000000000000 -36.978862204790154 -55.870956229861882
0 0

0101101
*
Ed
 0.000000100000050 1 1 0
1  370 0 0.840138740029036 1.000000000000000
2  357 143 0 0.840138740029036 1.000000000000000
2  358 168 0 0.840138740029036 1.000000000000000
0

0101000
+437 3 -435 3 *
Ve
0.000000100001118
166.856406460551028 -16.174547308905687 -56.739615960561203
0 0

0101101
*
Ed
 0.000000100000000 1 1 0
1  371 0 0.000000000000000 1.000000000000000
2  359 143 0 0.000000000000000 1.000000000000000
2  360 169 0 0.000000000000000 1.000000000000000
0

0101000
+435 3 -433 3 *
Ve
0.000000100001766
166.856406460551028 8.319770441228320 -58.410456425243446
0 0

0101101
*
Ed
 0.000000100000000 1 1 0
1  372 0 0.000000222595004 0.999999910455738
2  361 143 0 0.000000222595004 0.999999910455738
2  362 162 0 0.000000222595004 0.999999910455738
0

0101000
+431 3 -433 3 *
Ed
 0.000000100000000 1 1 0
1  373 0 0.000000000000000 1.000000000000000
2  363 143 0 0.000000000000000 1.000000000000000
2  364 170 0 0.000000000000000 1.000000000000000
0

0101000
+454 3 -431 3 *
Wi

0101100
-452 0 +451 0 +552 0 +449 0 -447 0 -446 0 +447 0 +444 0 -442 0 +440 0 
+438 0 +436 0 -434 0 -432 0 +430 0 +429 0 *
Ve
0.000000200001000
164.276040855362453 -27.170523697921350 -57.095446808301354
0 0

0101101
*
Ed
 0.000000195471582 1 1 0
1  374 0 0.000000000000000 1.000000000000000
2  365 143 0 0.000000000000000 1.000000000000000
2  366 171 0 0.000000000000000 1.000000000000000
0

0101100
+427 3 -427 3 *
Wi

0101100
-426 0 *
Fa
0  0.000000100000000 143 0

0101000
+428 0 +425 0 *
Ed
 0.000000100000000 1 1 0
1  375 0 0.000000118771368 0.807921286542471
2  367 144 0 0.000000118771368 0.807921286542471
2  368 146 0 0.000000118771368 0.807921286542471
0

0101000
+551 3 -445 3 *
Wi

0101100
+449 0 +444 0 +423 0 -550 0 *
Fa
0  0.000000100000000 144 0

0101000
+422 0 *
Ed
 0.000000100000000 1 1 0
1  376 0 0.000000000000000 0.999999540778789
2  369 145 0 0.000000000000000 0.999999540778789
2  370 147 0 0.000000000000000 0.999999540778789
0

0101000
+453 3 -549 3 *
Wi

0101100
-548 0 +420 0 +451 0 *
Fa
0  0.000000100000000 145 0

0101000
+419 0 *
Ve
0.000000200001000
143.672621036651776 14.010559848226061 -62.447611745680689
0 0

0101101
*
Ed
 0.000000100000000 1 1 0
1  377 0 0.119557448076129 0.840138740029036
2  357 146 0 0.119557448076129 0.840138740029036
2  358 172 0 0.119557448076129 0.840138740029036
0

0101000
+417 3 -437 3 *
Ve
0.000000168699170
142.823699164450005 10.795722746200104 -63.082900776574775
0 0

0101101
*
Ed
 0.000000100000015 1 1 0
1  378 0 15.795743820587800 22.967704530509856
2  353 146 0 15.795743820587800 22.967704530509856
2  353 147 0 15.795743820587800 22.967704530509856
0

0101000
+415 3 -547 3 *
Ed
 0.000000149119889 1 1 0
1  379 0 0.909717283655474 0.977515941584578
2  356 146 0 0.909717283655474 0.977515941584578
2  356 147 0 0.909717283655474 0.977515941584578
0

0101000
+415 3 -417 3 *
Wi

0101100
-416 0 -436 0 -438 0 -440 0 +442 0 +423 0 +546 0 +414 0 -413 0 *
Fa
0  0.000000100000000 146 0

0101000
+412 0 *
Ed
 0.000000100000019 1 1 0
1  380 0 0.000000000000000 0.119557448076129
2  357 147 0 0.000000000000000 0.119557448076129
2  358 173 0 0.000000000000000 0.119557448076129
0

0101000
+454 3 -417 3 *
Wi

0101100
-410 0 +413 0 -414 0 +545 0 +420 0 +452 0 *
Fa
0  0.000000100000000 147 0

0101000
+409 0 *
Ve
0.000000100000000
153.000000000000000 -56.841639124230277 -104.668658449751689
0 0

0101101
*
Ed
 0.000000100000000 1 1 0
1  381 0 0.000000000000000 6.283185307179586
2  371 175 0 0.000000000000000 6.283185307179586
0

0101000
+407 3 -407 3 *
Wi

0101100
+406 0 *
Wi

0101100
-539 0 *
Fa
0  0.000000100000000 174 0

0101000
+405 0 +404 0 *
Ve
0.000000100000263
132.005953224782985 0.000000000000013 51.500000000000263
0 0

0101101
*
Ed
 0.000000100000000 1 1 0
1  382 0 0.000000000000000 6.283185307179586
2  372 149 0 0.000000000000000 6.283185307179586
2  373 176 0 0.000000000000000 6.283185307179586
0

0101100
+402 3 -402 3 *
Ed
 0.000000100000000 1 1 0
1  383 0 1.000000000000000 3.182254060332980
3  374 375CN 149 0 1.000000000000000 3.182254060332980
0

0101000
+532 3 -402 3 *
Wi

0101100
-401 0 +400 0 +531 0 -400 0 *
Fa
0  0.000000100000000 149 0

0101000
+399 0 *
Wi

0101100
+492 0 -495 0 +508 0 +519 0 *
Fa
0  0.000000100000000 177 0

0101000
+397 0 *
Ve
0.000000100000000
163.787499999999994 -65.595446808301347 30.395523697921384
0 0

0101101
*
Ed
 0.000000100000000 1 1 0
1  384 0 0.000000000000000 11.212500000000006
3  376 377CN 151 0 0.000000000000000 11.212500000000006
0

0101000
+395 3 -517 3 *
Ed
 0.000000100000000 1 1 0
1  385 0 0.000000000000000 6.283185307179586
2  378 151 0 0.000000000000000 6.283185307179586
0

0101000
+395 3 -395 3 *
Wi

0101100
-516 0 +394 0 +393 0 -394 0 *
Fa
0  0.000000100000000 151 0

0101000
+392 0 *
Ve
0.000000100001777
166.856406460551028 -8.319770441228338 58.410456425243446
0 0

0101101
*
Ed
 0.000000100000000 1 1 0
1  386 0 0.141484623568284 2.863892260949147
2  379 162 0 0.141484623568284 2.863892260949147
2  380 169 0 0.141484623568284 2.863892260949147
0

0101000
+390 3 -433 3 *
Ve
0.000000100000171
167.717158140265212 0.000000000000014 59.000000000000000
0 0

0101101
*
Ed
 0.000000100000000 1 1 0
1  387 0 0.000000640800428 1.000000000000000
2  381 162 0 0.000000640800428 1.000000000000000
2  382 178 0 0.000000640800428 1.000000000000000
0

0101000
+390 3 -388 3 *
Ed
 0.000000100000000 1 1 0
1  388 0 20.717158140265212 23.000000000000000
3  333 334CN 162 0 20.717158140265212 23.000000000000000
0

0101000
+388 3 -487 3 *
Ve
0.000000100001168
166.856406460551028 16.174547308905694 56.739615960561203
0 0

0101101
*
Ed
 0.000000100000000 1 1 0
1  389 0 0.000000000000000 0.999999863038724
2  383 162 0 0.000000000000000 0.999999863038724
2  384 178 0 0.000000000000000 0.999999863038724
0

0101000
+388 3 -385 3 *
Ed
 0.000000100000000 1 1 0
1  390 0 3.283077277158077 6.005484914538940
2  379 162 0 3.283077277158077 6.005484914538940
2  380 170 0 3.283077277158077 6.005484914538940
0

0101000
+431 3 -385 3 *
Wi

0101100
-430 0 +389 0 -387 0 -386 0 -486 0 +386 0 -384 0 +383 0 *
Fa
0  0.000000100000000 162 0

0101000
+382 0 *
Wi

0101100
-480 0 *
Fa
0  0.000000100000000 179 0

0111000
-380 0 *
Ve
0.000000100000000
153.000000000000000 56.841639124230277 104.668658449751689
0 0

0101101
*
Ed
 0.000000100000000 1 1 0
1  391 0 0.000000000000000 6.283185307179586
2  385 181 0 0.000000000000000 6.283185307179586
0

0101000
+378 3 -378 3 *
Wi

0101100
+377 0 *
Wi

0101100
-467 0 *
Fa
0  0.000000100000000 180 0

0101000
+376 0 +375 0 *
Wi

0101100
-457 0 *
Fa
0  0.000000100000000 182 0

0111000
-373 0 *
Ve
0.000000100000020
152.999999999999972 -64.303335021163477 -106.348865086356284
0 0

0101101
*
Ed
 0.000000100000020 1 1 0
1  392 0 0.000000000000000 6.283185307179586
0

0101000
+371 3 -371 3 *
Wi

0101100
+370 0 *
Wi

0101100
-446 0 *
Fa
0  0.000000100000000 183 0

0101000
+369 0 +368 0 *
Ve
0.000000100000976
153.000000000000000 -16.309098269663352 64.984716000229255
0 0

0101101
*
Ed
 0.000000100000000 1 1 0
1  393 0 0.245889717842791 2.556923745802469
2  386 168 0 0.245889717842791 2.556923745802469
2  387 169 0 0.245889717842791 2.556923745802469
4 CN 168 0 169 0
0

0101000
+366 3 -435 3 *
Ve
0.000000200001000
143.672621036651719 -14.010559848226086 62.447611745680682
0 0

0101101
*
Ed
 0.000000100000000 1 1 0
1  394 0 0.220702357026766 2.649936083282634
2  388 168 0 0.220702357026766 2.649936083282634
2  388 172 0 0.220702357026766 2.649936083282634
0

0101000
+364 3 -437 3 *
Ed
 0.000000100000047 1 1 0
1  395 0 0.000000000000000 0.335528830326456
2  389 168 0 0.000000000000000 0.335528830326456
2  390 178 0 0.000000000000000 0.335528830326456
0

0101000
+366 3 -364 3 *
Wi

0101100
-365 0 +434 0 +363 0 +362 0 *
Fa
0  0.000000100000000 168 0

0101000
+361 0 *
Ed
 0.000000100000000 1 1 0
1  396 0 0.000000000000000 1.000000000000000
2  391 169 0 0.000000000000000 1.000000000000000
2  392 178 0 0.000000000000000 1.000000000000000
0

0101000
+366 3 -390 3 *
Wi

0101100
-359 0 +365 0 -389 0 +432 0 *
Ve
0.000000100000057
161.887499999999989 -19.933668848744020 61.136979370723935
0 0

0101101
*
Ve
0.000000100000047
161.887499999999989 -29.135140277427020 57.325605111174895
0 0

0101101
*
Ed
 0.000000100000000 1 1 0
1  397 0 0.315180655039024 0.470217508358424
2  393 169 0 0.315180655039024 0.470217508358424
0

0101000
+357 3 -356 3 *
Ed
 0.000000100000000 1 1 0
1  398 0 0.000000081558281 0.999999918447781
2  394 169 0 0.000000081558281 0.999999918447781
2  395 184 0 0.000000081558281 0.999999918447781
0

0101000
+357 3 -356 3 *
Wi

0101100
-355 0 +354 0 *
Ve
0.000000100000086
161.887499999999989 -57.325605111174895 29.135140277427020
0 0

0101101
*
Ve
0.000000100000116
161.887499999999989 -61.136979370723935 19.933668848744031
0 0

0101101
*
Ed
 0.000000100000000 1 1 0
1  399 0 1.100578818436472 1.255615671755873
2  396 169 0 1.100578818436472 1.255615671755873
0

0101000
+352 3 -351 3 *
Ed
 0.000000100000000 1 1 0
1  400 0 0.000000081558276 0.999999918447782
2  397 169 0 0.000000081558276 0.999999918447782
2  398 185 0 0.000000081558276 0.999999918447782
0

0101000
+352 3 -351 3 *
Wi

0101100
-350 0 +349 0 *
Ve
0.000000100000029
161.887499999999989 -61.136979370723928 -19.933668848744020
0 0

0101101
*
Ve
0.000000100000011
161.887499999999989 -57.325605111174895 -29.135140277427023
0 0

0101101
*
Ed
 0.000000100000000 1 1 0
1  401 0 1.885976981833920 2.041013835153321
2  399 169 0 1.885976981833920 2.041013835153321
0

0101000
+347 3 -346 3 *
Ed
 0.000000100000000 1 1 0
1  402 0 0.000000081558281 0.999999918447781
2  400 169 0 0.000000081558281 0.999999918447781
2  401 186 0 0.000000081558281 0.999999918447781
0

0101000
+347 3 -346 3 *
Wi

0101100
-345 0 +344 0 *
Fa
0  0.000000100000000 169 0

0101000
+358 0 +353 0 +348 0 +343 0 *
Ve
0.000000100000061
153.000000000000000 36.978862204790161 55.870956229861875
0 0

0101101
*
Ed
 0.000000100000000 1 1 0
1  403 0 3.387482371432585 5.698516399392263
2  387 170 0 3.387482371432585 5.698516399392263
2  386 173 0 3.387482371432585 5.698516399392263
4 CN 170 0 173 0
0

0101000
+454 3 -341 3 *
Ed
 0.000000100000000 1 1 0
1  404 0 0.000000000000000 1.000000000000000
2  402 170 0 0.000000000000000 1.000000000000000
2  403 178 0 0.000000000000000 1.000000000000000
0

0101000
+341 3 -385 3 *
Wi

0101100
-429 0 +340 0 -383 0 +339 0 *
Ve
0.000000100000042
161.887499999999989 57.325605111174902 -29.135140277427027
0 0

0101101
*
Ve
0.000000100000086
161.887499999999989 61.136979370723942 -19.933668848743999
0 0

0101101
*
Ed
 0.000000100000000 1 1 0
1  405 0 4.242171472026266 4.397208325345667
2  404 170 0 4.242171472026266 4.397208325345667
0

0101000
+337 3 -336 3 *
Ed
 0.000000100000000 1 1 0
1  406 0 0.000000081558279 0.999999918447779
2  405 170 0 0.000000081558279 0.999999918447779
2  406 187 0 0.000000081558279 0.999999918447779
0

0101000
+337 3 -336 3 *
Wi

0101100
-335 0 +334 0 *
Ve
0.000000100000061
161.887499999999989 61.136979370723942 19.933668848744016
0 0

0101101
*
Ve
0.000000100000029
161.887499999999989 57.325605111174895 29.135140277427009
0 0

0101101
*
Ed
 0.000000100000000 1 1 0
1  407 0 5.027569635423713 5.182606488743114
2  407 170 0 5.027569635423713 5.182606488743114
0

0101000
+332 3 -331 3 *
Ed
 0.000000100000000 1 1 0
1  408 0 0.000000081558277 0.999999918447778
2  408 170 0 0.000000081558277 0.999999918447778
2  409 188 0 0.000000081558277 0.999999918447778
0

0101000
+332 3 -331 3 *
Wi

0101100
-330 0 +329 0 *
Ve
0.000000100000058
161.887499999999989 19.933668848744027 -61.136979370723935
0 0

0101101
*
Ve
0.000000100000029
161.887499999999989 29.135140277427038 -57.325605111174880
0 0

0101101
*
Ed
 0.000000100000000 1 1 0
1  409 0 3.456773308628817 3.611810161948218
2  410 170 0 3.456773308628817 3.611810161948218
0

0101000
+327 3 -326 3 *
Ve
0.000000100000008
163.315465110987219 27.170523697921393 -57.095446808301354
0 0

0101101
*
Ed
 0.000000100000000 1 1 0
1  410 0 0.000000104666119 1.000000000000000
2  411 170 0 0.000000104666119 1.000000000000000
2  412 189 0 0.000000104666119 1.000000000000000
0

0101000
+327 3 -324 3 *
Ed
 0.000000100000000 1 1 0
1  411 0 0.000000000000000 0.999999630605105
2  413 170 0 0.000000000000000 0.999999630605105
2  414 190 0 0.000000000000000 0.999999630605105
0

0101000
+324 3 -326 3 *
Wi

0101100
-325 0 +323 0 +322 0 *
Fa
0  0.000000100000000 170 0

0101000
+338 0 +333 0 +328 0 +321 0 *
Ve
0.000000100000000
161.887499999999989 -27.170523697921350 -57.095446808301354
0 0

0101101
*
Ed
 0.000000100000000 1 1 0
1  412 0 0.000000000000000 2.388540855362464
3  415 416CN 171 0 0.000000000000000 2.388540855362464
0

0101000
+319 3 -427 3 *
Ed
 0.000000100000000 1 1 0
1  413 0 0.000000000000000 6.283185307179586
2  417 171 0 0.000000000000000 6.283185307179586
0

0101000
+319 3 -319 3 *
Wi

0101100
-426 0 +318 0 +317 0 -318 0 *
Fa
0  0.000000100000000 171 0

0101000
+316 0 *
Ve
0.000000100000150
137.007814408280524 0.000000000000013 51.500000000000149
0 0

0101101
*
Ed
 0.000000100000050 1 1 0
1  414 0 0.000000000000000 6.283185307179586
2  418 172 0 0.000000000000000 6.283185307179586
2  418 191 0 0.000000000000000 6.283185307179586
0

0101000
+314 3 -314 3 *
Ve
0.000000100000021
138.017266935962425 0.000000000000014 56.614063584587846
0 0

0101101
*
Ed
 0.000000100000000 1 1 0
1  415 0 4.743644068884193 5.070898571973069
3  419 420CN 172 0 4.743644068884193 5.070898571973069
0

0101000
+314 3 -312 3 *
Ed
 0.000000100000000 1 1 0
1  416 0 0.335528830326456 1.000000000000000
2  389 172 0 0.335528830326456 1.000000000000000
2  390 192 0 0.335528830326456 1.000000000000000
0

0101000
+364 3 -312 3 *
Ve
0.000000166245835
143.672620937342344 30.213560842661028 56.419329499798380
0 0

0101101
*
Ed
 0.000000100000020 1 1 0
1  417 0 3.362295010616558 5.791528736871417
2  421 172 0 3.362295010616558 5.791528736871417
2  421 173 0 3.362295010616558 5.791528736871417
0

0101000
+417 3 -309 3 *
Ed
 0.000000100000000 1 1 0
1  418 0 0.000000000000000 0.751645271304886
2  422 172 0 0.000000000000000 0.751645271304886
2  423 192 0 0.000000000000000 0.751645271304886
0

0101000
+312 3 -309 3 *
Wi

0101100
+313 0 -311 0 +310 0 -363 0 +416 0 -308 0 +307 0 +311 0 *
Fa
0  0.000000100000000 172 0

0101000
+306 0 *
Ed
 0.000000100000044 1 1 0
1  419 0 0.751645271304886 1.000000000000000
2  422 173 0 0.751645271304886 1.000000000000000
2  423 178 0 0.751645271304886 1.000000000000000
0

0101000
+309 3 -341 3 *
Wi

0101100
+410 0 -340 0 +304 0 +308 0 *
Fa
0  0.000000100000000 173 0

0101000
+303 0 *
Ve
0.000000100000000
153.000000000000000 -59.125502768336780 -105.685500057441189
0 0

0101101
*
Ed
 0.000000100000000 1 1 0
1  420 0 0.000000000000000 6.283185307179586
2  424 175 0 0.000000000000000 6.283185307179586
0

0101000
+301 3 -301 3 *
Ed
 0.000000100000000 1 1 0
1  421 0 0.000000000000000 2.500000000000000
3  425 426CN 175 0 0.000000000000000 2.500000000000000
0

0101000
-301 3 +407 3 *
Wi

0101100
-300 0 +299 0 +406 0 -299 0 *
Fa
0  0.000000100000000 175 0

0111000
+298 0 *
Ve
0.000000100000008
142.000000000000000 0.000000000000008 33.111456180001682
0 0

0101101
*
Ed
 0.000000100000000 1 1 0
1  422 0 0.000000000000000 6.283185307179586
2  427 176 0 0.000000000000000 6.283185307179586
0

0101100
+296 3 -296 3 *
Ed
 0.000000100000000 1 1 0
1  423 0 3.692909622721676 4.736200754345370
3  428 429CN 176 0 3.692909622721676 4.736200754345370
0

0101000
+296 3 -402 3 *
Wi

0101100
+295 0 -294 0 -401 0 +294 0 *
Fa
0  0.000000100000000 176 0

0101000
+293 0 *
Wi

0101100
-393 0 *
Fa
0  0.000000100000000 193 0

0111000
-291 0 *
Ve
0.000000116117151
142.823699164450005 -10.795722746200104 63.082900776574775
0 0

0101101
*
Ed
 0.000000112281257 1 1 0
1  424 0 0.710247273060846 0.927838965581165
2  430 178 0 0.710247273060846 0.927838965581165
2  430 192 0 0.710247273060846 0.927838965581165
0

0101000
+289 3 -364 3 *
Ve
0.000000117405399
142.823699164450005 11.651359315235709 73.076985611800310
0 0

0101101
*
Ed
 0.000000100000014 1 1 0
1  425 0 15.795743820587800 40.367134191637589
2  431 178 0 15.795743820587800 40.367134191637589
2  431 192 0 15.795743820587800 40.367134191637589
0

0101000
+289 3 -287 3 *
Ve
0.000000117405399
142.823699164450005 40.625599942032736 61.851116637857963
0 0

0101101
*
Ed
 0.000000117405399 1 1 0
1  426 0 0.000000027166252 0.999999962012252
2  432 178 0 0.000000027166252 0.999999962012252
2  432 192 0 0.000000027166252 0.999999962012252
0

0101000
+285 3 -287 3 *
Ve
0.000000162308696
142.823699164450005 29.394136980363982 56.850547149342361
0 0

0101101
*
Ed
 0.000000100000014 1 1 0
1  427 0 49.976081024281925 62.270447842821632
2  433 178 0 49.976081024281925 62.270447842821632
2  433 192 0 49.976081024281925 62.270447842821632
0

0101000
+283 3 -285 3 *
Ed
 0.000000147993484 1 1 0
1  428 0 0.115584523487170 0.149343100113983
2  434 178 0 0.115584523487170 0.149343100113983
2  434 192 0 0.115584523487170 0.149343100113983
0

0101000
+309 3 -283 3 *
Ve
0.000000100000032
153.000000000000000 66.337018236542477 101.781137798143277
0 0

0101101
*
Ed
 0.000000100000014 1 1 0
1  429 0 11.532562594669731 102.000000000000014
3  435 436CN 178 0 11.532562594669731 102.000000000000014
0

0101000
+366 3 -280 3 *
Ed
 0.000000100000020 1 1 0
1  430 0 0.000000000000000 6.283185307179586
2  437 178 0 0.000000000000000 6.283185307179586
0

0101000
+280 3 -280 3 *
Wi

0101100
-362 0 +288 0 -286 0 +284 0 +282 0 +281 0 -304 0 -339 0 +384 0 +387 0 
+359 0 -279 0 -278 0 +279 0 *
Ve
0.000000200001000
166.899980075085921 27.170523697921379 74.095446808301361
0 0

0101101
*
Ed
 0.000000177590110 1 1 0
1  431 0 0.000000000000000 1.000000000000000
2  438 178 0 0.000000000000000 1.000000000000000
2  439 194 0 0.000000000000000 1.000000000000000
0

0101100
+276 3 -276 3 *
Wi

0101100
-275 0 *
Fa
0  0.000000100000000 178 0

0101000
+277 0 +274 0 *
Ve
0.000000100000000
153.000000000000000 59.125502768336780 105.685500057441189
0 0

0101101
*
Ed
 0.000000100000000 1 1 0
1  432 0 0.000000000000000 6.283185307179586
2  440 181 0 0.000000000000000 6.283185307179586
0

0101000
+272 3 -272 3 *
Ed
 0.000000100000000 1 1 0
1  433 0 0.000000000000000 2.500000000000000
3  441 442CN 181 0 0.000000000000000 2.500000000000000
0

0101000
-272 3 +378 3 *
Wi

0101100
-271 0 +270 0 +377 0 -270 0 *
Fa
0  0.000000100000000 181 0

0111000
+269 0 *
Ve
0.000000100000000
153.000000000000000 -63.693230056549787 -107.719183272820189
0 0

0101101
*
Ed
 0.000000100000000 1 1 0
1  434 0 0.000000000000000 6.283185307179586
2  443 196 0 0.000000000000000 6.283185307179586
0

0101000
+267 3 -267 3 *
Wi

0101100
+266 0 *
Wi

0101100
-370 0 *
Fa
0  0.000000100000000 195 0

0101000
+265 0 +264 0 *
Ed
 0.000000100000000 1 1 0
1  435 0 2.908352281754890 4.160231188822144
2  225 184 0 2.908352281754890 4.160231188822144
0

0101000
+356 3 -357 3 *
Wi

0101100
+355 0 +262 0 *
Fa
0  0.000000100000000 197 0

0101000
+261 0 *
Wi

0101100
+354 0 +262 0 *
Fa
0  0.000000100000000 184 0

0101000
+259 0 *
Ed
 0.000000100000000 1 1 0
1  436 0 3.693750445152339 4.945629352219591
2  236 185 0 3.693750445152339 4.945629352219591
0

0101000
+351 3 -352 3 *
Wi

0101100
+350 0 +257 0 *
Fa
0  0.000000100000000 198 0

0101000
+256 0 *
Wi

0101100
+349 0 +257 0 *
Fa
0  0.000000100000000 185 0

0101000
+254 0 *
Ed
 0.000000100000000 1 1 0
1  437 0 4.479148608549786 5.731027515617040
2  252 186 0 4.479148608549786 5.731027515617040
0

0101000
+346 3 -347 3 *
Wi

0101100
+252 0 +345 0 *
Fa
0  0.000000100000000 199 0

0101000
+251 0 *
Wi

0101100
+252 0 +344 0 *
Fa
0  0.000000100000000 186 0

0101000
+249 0 *
Ed
 0.000000100000000 1 1 0
1  438 0 0.552157791562544 1.804036698629802
2  68 187 0 0.552157791562544 1.804036698629802
0

0101000
+336 3 -337 3 *
Wi

0101100
+335 0 +247 0 *
Fa
0  0.000000100000000 200 0

0101000
+246 0 *
Wi

0101100
+334 0 +247 0 *
Fa
0  0.000000100000000 187 0

0101000
+244 0 *
Ed
 0.000000100000000 1 1 0
1  439 0 1.337555954959995 2.589434862027248
2  80 188 0 1.337555954959995 2.589434862027248
0

0101000
+331 3 -332 3 *
Wi

0101100
+330 0 +242 0 *
Fa
0  0.000000100000000 201 0

0101000
+241 0 *
Wi

0101100
+329 0 +242 0 *
Fa
0  0.000000100000000 188 0

0101000
+239 0 *
Ve
0.000000100000000
161.887499999999989 27.170523697921393 -57.095446808301354
0 0

0101101
*
Ed
 0.000000100000000 1 1 0
1  440 0 6.049944935344683 6.283185307179586
2  62 190 0 6.049944935344683 6.283185307179586
0

0101000
+326 3 -237 3 *
Ed
 0.000000100000000 1 1 0
1  441 0 0.000000000000000 1.018638535232353
2  62 189 0 0.000000000000000 1.018638535232353
0

0101000
+237 3 -327 3 *
Wi

0101100
+236 0 +325 0 +235 0 *
Fa
0  0.000000100000000 202 0

0101000
+234 0 *
Ed
 0.000000100000000 1 1 0
1  442 0 0.000000000000000 1.427965110987230
2  444 189 0 0.000000000000000 1.427965110987230
2  445 190 0 0.000000000000000 1.427965110987230
4 CN 189 0 190 0
0

0101000
+237 3 -324 3 *
Wi

0101100
+323 0 +235 0 -232 0 *
Fa
0  0.000000100000000 189 0

0101000
+231 0 *
Wi

0101100
+232 0 +236 0 +322 0 *
Fa
0  0.000000100000000 190 0

0101000
+229 0 *
Wi

0101100
-317 0 *
Fa
0  0.000000100000000 203 0

0111000
-227 0 *
Ve
0.000000100000072
147.000000000000000 5.272585347815552 -35.781215076943454
0 0

0101101
*
Ve
0.000000100000032
147.000000000000000 0.000000000000009 36.167603025808674
0 0

0101101
*
Ed
 0.000000100000000 1 1 0
1  443 0 3.287896020299778 6.283185307179586
2  446 191 0 3.287896020299778 6.283185307179586
0

0101000
+225 3 -224 3 *
Ve
0.000000100000064
147.000000000000000 -5.272585347815560 -35.781215076943454
0 0

0101101
*
Ed
 0.000000100000000 1 1 0
1  444 0 0.000000000000000 1.000000000000000
2  447 191 0 0.000000000000000 1.000000000000000
2  448 204 0 0.000000000000000 1.000000000000000
0

0101000
+222 3 -225 3 *
Ed
 0.000000100000000 1 1 0
1  445 0 0.000000000000000 2.995289286879808
2  446 191 0 0.000000000000000 2.995289286879808
0

0101000
+224 3 -222 3 *
Ed
 0.000000100000032 1 1 0
1  446 0 3.525989428085432 4.743644068884193
3  419 420CN 191 0 3.525989428085432 4.743644068884193
0

0101000
+224 3 -314 3 *
Wi

0101100
+223 0 +221 0 +220 0 -219 0 -313 0 +219 0 *
Fa
0  0.000000100000000 191 0

0101000
+218 0 *
Wi

0101100
-310 0 -307 0 -281 0 -282 0 -284 0 +286 0 -288 0 *
Fa
0  0.000000100000000 192 0

0101000
+216 0 *
Wi

0101100
+300 0 *
Ve
0.000000100000033
152.999999999999972 -59.735607732950484 -104.315181870977298
0 0

0101101
*
Ed
 0.000000100000000 1 1 0
1  447 0 0.000000000000000 6.283185307179586
2  449 206 0 0.000000000000000 6.283185307179586
0

0101100
+213 3 -213 3 *
Wi

0101100
-212 0 *
Fa
0  0.000000100000000 205 0

0101000
+214 0 +211 0 *
Wi

0101100
+295 0 *
Ve
0.000000100000004
142.000000000000000 0.000000000000004 18.000000000000000
0 0

0101101
*
Ed
 0.000000100000000 1 1 0
1  448 0 0.000000000000000 6.283185307179586
2  450 208 0 0.000000000000000 6.283185307179586
0

0101100
+208 3 -208 3 *
Wi

0101100
-207 0 *
Fa
0  0.000000100000000 207 0

0101000
+209 0 +206 0 *
Ve
0.000000100000020
152.999999999999972 64.303335021163477 106.348865086356284
0 0

0101101
*
Ed
 0.000000100000020 1 1 0
1  449 0 0.000000000000000 6.283185307179586
0

0101000
+204 3 -204 3 *
Wi

0101100
+203 0 *
Wi

0101100
-278 0 *
Fa
0  0.000000100000000 209 0

0101000
+202 0 +201 0 *
Ve
0.000000100000000
161.887499999999989 27.170523697921379 74.095446808301361
0 0

0101101
*
Ed
 0.000000100000000 1 1 0
1  450 0 0.000000000000000 5.012480075085932
3  451 452CN 194 0 0.000000000000000 5.012480075085932
0

0101000
+199 3 -276 3 *
Ed
 0.000000100000000 1 1 0
1  451 0 0.000000000000000 6.283185307179586
2  453 194 0 0.000000000000000 6.283185307179586
0

0101000
+199 3 -199 3 *
Wi

0101100
-275 0 +198 0 +197 0 -198 0 *
Fa
0  0.000000100000000 194 0

0101000
+196 0 *
Wi

0101100
+271 0 *
Ve
0.000000100000033
152.999999999999972 59.735607732950484 104.315181870977298
0 0

0101101
*
Ed
 0.000000100000000 1 1 0
1  452 0 0.000000000000000 6.283185307179586
2  454 211 0 0.000000000000000 6.283185307179586
0

0101100
+193 3 -193 3 *
Wi

0101100
-192 0 *
Fa
0  0.000000100000000 210 0

0101000
+194 0 +191 0 *
Ve
0.000000100000000
153.000000000000000 -61.409366412443283 -106.702341665130689
0 0

0101101
*
Ed
 0.000000100000000 1 1 0
1  453 0 0.000000000000000 2.500000000000000
3  455 456CN 196 0 0.000000000000000 2.500000000000000
0

0101000
-267 3 +189 3 *
Ed
 0.000000100000000 1 1 0
1  454 0 0.000000000000000 6.283185307179586
2  457 196 0 0.000000000000000 6.283185307179586
0

0101000
+189 3 -189 3 *
Wi

0101100
-266 0 +188 0 +187 0 -188 0 *
Fa
0  0.000000100000000 196 0

0111000
+186 0 *
Ve
0.000000150000000
147.000000000000000 5.272585347815625 -35.000000000000000
0 0

0101101
*
Ed
 0.000000100000000 1 1 0
1  455 0 50.218784923056546 51.000000000000000
2  458 204 0 50.218784923056546 51.000000000000000
0

0101000
+225 3 -184 3 *
Ve
0.000000150000000
147.000000000000000 -5.272585347815624 -35.000000000000000
0 0

0101101
*
Ed
 0.000000150000000 1 1 0
1  456 0 -5.272585347815625 5.272585347815624
0

0101000
+184 3 -182 3 *
Ed
 0.000000100000000 1 1 0
1  457 0 50.218784923056546 51.000000000000000
2  459 204 0 50.218784923056546 51.000000000000000
0

0101000
+222 3 -182 3 *
Wi

0101100
+223 0 -183 0 -181 0 +180 0 +220 0 *
Ve
0.000000100000000
147.000000000000000 0.000000000000004 18.000000000000000
0 0

0101101
*
Ed
 0.000000100000000 1 1 0
1  458 0 0.000000000000000 6.283185307179586
0

0101000
+178 3 -178 3 *
Wi

0101100
-177 0 *
Fa
0  0.000000100000000 212 0

0101000
+179 0 +176 0 *
Ed
 0.000000100000000 1 1 0
1  459 0 2.420634676599037 3.862550630580549
2  460 204 0 2.420634676599037 3.862550630580549
0

0101000
+184 3 -182 3 *
Wi

0101100
-174 0 +180 0 -221 0 -183 0 *
Fa
0  0.000000100000000 204 0

0101000
+173 0 *
Ve
0.000000100000029
152.999999999999972 -62.019471377056988 -105.332023478666798
0 0

0101101
*
Ed
 0.000000100000000 1 1 0
1  460 0 97.000000000000014 99.500000000000028
3  27 26CN 206 0 97.000000000000014 99.500000000000028
0

0101000
+213 3 -171 3 *
Ed
 0.000000100000000 1 1 0
1  461 0 0.000000000000000 6.283185307179586
2  461 206 0 0.000000000000000 6.283185307179586
0

0101100
+171 3 -171 3 *
Wi

0101100
+212 0 -170 0 -169 0 +170 0 *
Fa
0  0.000000100000000 206 0

0101000
+168 0 *
Ve
0.000000150000004
105.100480000000005 17.909773867919160 1.799999999999996
0 0

0101101
*
Ve
0.000000150000001
105.100480000000005 1.800000000000003 17.909773867919160
0 0

0101101
*
Ed
 0.000000100000000 1 1 0
1  462 0 4.812556401546249 6.183017886018026
2  462 208 0 4.812556401546249 6.183017886018026
0

0101000
+166 3 -165 3 *
Ve
0.000000100000004
109.200479999999999 17.909773867919160 1.800000000000000
0 0

0101101
*
Ed
 0.000000100000000 1 1 0
1  463 0 0.000000000000000 4.099999999999994
2  463 208 0 0.000000000000000 4.099999999999994
0

0101000
+166 3 -163 3 *
Ve
0.000000100000002
109.200479999999999 17.909773867919160 -1.800000000000000
0 0

0101101
*
Ed
 0.000000100000000 1 1 0
1  464 0 4.612221559223130 4.812556401546249
2  464 208 0 4.612221559223130 4.812556401546249
0

0101000
+161 3 -163 3 *
Ve
0.000000150000002
105.100480000000005 17.909773867919160 -1.800000000000002
0 0

0101101
*
Ed
 0.000000100000000 1 1 0
1  465 0 0.000000000000000 4.099999999999994
2  465 208 0 0.000000000000000 4.099999999999994
0

0101000
+159 3 -161 3 *
Ve
0.000000150000001
105.100480000000005 1.799999999999997 -17.909773867919160
0 0

0101101
*
Ed
 0.000000100000000 1 1 0
1  466 0 3.241760074751353 4.612221559223130
2  462 208 0 3.241760074751353 4.612221559223130
0

0101000
+157 3 -159 3 *
Ve
0.000000100000001
109.200479999999999 1.799999999999996 -17.909773867919160
0 0

0101101
*
Ed
 0.000000100000000 1 1 0
1  467 0 0.000000000000000 4.099999999999994
2  466 208 0 0.000000000000000 4.099999999999994
0

0101000
+157 3 -155 3 *
Ve
0.000000100000006
109.200479999999999 -1.800000000000004 -17.909773867919160
0 0

0101101
*
Ed
 0.000000100000000 1 1 0
1  468 0 3.041425232428233 3.241760074751353
2  467 208 0 3.041425232428233 3.241760074751353
0

0101000
+153 3 -155 3 *
Ve
0.000000150000005
105.100480000000005 -1.800000000000009 -17.909773867919156
0 0

0101101
*
Ed
 0.000000100000000 1 1 0
1  469 0 0.000000000000000 4.099999999999994
2  468 208 0 0.000000000000000 4.099999999999994
0

0101000
+151 3 -153 3 *
Ve
0.000000150000000
105.100480000000005 -17.909773867919160 -1.799999999999998
0 0

0101101
*
Ed
 0.000000100000000 1 1 0
1  470 0 1.670963747956456 3.041425232428233
2  462 208 0 1.670963747956456 3.041425232428233
0

0101000
+149 3 -151 3 *
Ve
0.000000100000000
109.200479999999999 -17.909773867919160 -1.799999999999998
0 0

0101101
*
Ed
 0.000000100000000 1 1 0
1  471 0 0.000000000000000 4.099999999999994
2  469 208 0 0.000000000000000 4.099999999999994
0

0101000
+149 3 -147 3 *
Ve
0.000000100000002
109.200479999999999 -17.909773867919160 1.800000000000002
0 0

0101101
*
Ed
 0.000000100000000 1 1 0
1  472 0 1.470628905633337 1.670963747956456
2  470 208 0 1.470628905633337 1.670963747956456
0

0101000
+145 3 -147 3 *
Ve
0.000000150000002
105.100480000000005 -17.909773867919160 1.800000000000004
0 0

0101101
*
Ed
 0.000000100000000 1 1 0
1  473 0 0.000000000000000 4.099999999999994
2  471 208 0 0.000000000000000 4.099999999999994
0

0101000
+143 3 -145 3 *
Ve
0.000000150000000
105.100480000000005 -1.799999999999998 17.909773867919160
0 0

0101101
*
Ed
 0.000000100000000 1 1 0
1  474 0 0.100167421161560 1.470628905633337
2  462 208 0 0.100167421161560 1.470628905633337
0

0101000
+141 3 -143 3 *
Ve
0.000000100000000
109.200479999999999 -1.799999999999998 17.909773867919160
0 0

0101101
*
Ed
 0.000000100000000 1 1 0
1  475 0 0.000000000000000 4.099999999999994
2  472 208 0 0.000000000000000 4.099999999999994
0

0101000
+141 3 -139 3 *
Ve
0.000000100000004
109.200479999999999 0.000000000000004 18.000000000000000
0 0

0101101
*
Ed
 0.000000100000000 1 1 0
1  476 0 0.000000000000000 0.100167421161560
2  473 208 0 0.000000000000000 0.100167421161560
0

0101000
+137 3 -139 3 *
Ed
 0.000000100000000 1 1 0
1  477 0 4.099999999999994 36.899519999999995
3  474 475CN 208 0 4.099999999999994 36.899519999999995
0

0101000
+137 3 -208 3 *
Ve
0.000000100000001
109.200479999999999 1.800000000000002 17.909773867919160
0 0

0101101
*
Ed
 0.000000100000000 1 1 0
1  478 0 6.183017886018026 6.283185307179586
2  476 208 0 6.183017886018026 6.283185307179586
0

0101000
+134 3 -137 3 *
Ed
 0.000000100000000 1 1 0
1  479 0 0.000000000000000 4.099999999999994
2  477 208 0 0.000000000000000 4.099999999999994
0

0101000
+165 3 -134 3 *
Wi

0101100
+164 0 -162 0 +160 0 +158 0 +156 0 -154 0 +152 0 +150 0 +148 0 -146 0 
+144 0 +142 0 +140 0 -138 0 +136 0 -135 0 -207 0 +135 0 +133 0 +132 0 
*
Fa
0  0.000000100000000 208 0

0101000
+131 0 *
Ve
0.000000100000000
153.000000000000000 63.693230056549787 107.719183272820189
0 0

0101101
*
Ed
 0.000000100000000 1 1 0
1  480 0 0.000000000000000 6.283185307179586
2  478 214 0 0.000000000000000 6.283185307179586
0

0101000
+129 3 -129 3 *
Wi

0101100
+128 0 *
Wi

0101100
-203 0 *
Fa
0  0.000000100000000 213 0

0101000
+127 0 +126 0 *
Wi

0101100
-197 0 *
Fa
0  0.000000100000000 215 0

0111000
-124 0 *
Ve
0.000000100000029
152.999999999999972 62.019471377056988 105.332023478666798
0 0

0101101
*
Ed
 0.000000100000000 1 1 0
1  481 0 97.000000000000014 99.500000000000028
3  90 91CN 211 0 97.000000000000014 99.500000000000028
0

0101000
+193 3 -122 3 *
Ed
 0.000000100000000 1 1 0
1  482 0 0.000000000000000 6.283185307179586
2  479 211 0 0.000000000000000 6.283185307179586
0

0101100
+122 3 -122 3 *
Wi

0101100
+192 0 -121 0 -120 0 +121 0 *
Fa
0  0.000000100000000 211 0

0101000
+119 0 *
Wi

0101100
+187 0 *
Wi

0101100
-169 0 *
Fa
0  0.000000100000000 216 0

0101000
+117 0 +116 0 *
Wi

0101100
-181 0 +174 0 *
Fa
0  0.000000100000000 217 0

0101000
+114 0 *
Wi

0101100
+177 0 *
Ve
0.000000100000002
147.000000000000000 0.000000000000002 8.540110000000000
0 0

0101101
*
Ed
 0.000000100000000 1 1 0
1  483 0 0.000000000000000 6.283185307179586
2  480 219 0 0.000000000000000 6.283185307179586
0

0101000
+111 3 -111 3 *
Wi

0101100
-110 0 *
Fa
0  0.000000100000000 218 0

0101000
+112 0 +109 0 *
Ve
0.000000150000007
105.100480000000005 13.160080866472669 1.799999999999993
0 0

0101101
*
Ed
 0.000000150000000 1 1 0
1  484 0 -11.783468867919160 -7.033775866472668
0

0101000
+166 3 -107 3 *
Ve
0.000000150000003
105.100480000000005 1.799999999999998 13.160080866472669
0 0

0101101
*
Ed
 0.000000100000000 1 1 0
1  485 0 4.848322759308427 6.147251528255849
2  481 221 0 4.848322759308427 6.147251528255849
0

0101000
+107 3 -105 3 *
Ed
 0.000000150000000 1 1 0
1  486 0 -11.783468867919160 -7.033775866472668
0

0101000
+165 3 -105 3 *
Wi

0101100
-106 0 -104 0 +103 0 +164 0 *
Fa
0  0.000000100000000 220 0

0101000
+102 0 *
Ve
0.000000100000007
109.200479999999999 13.160080866472669 1.800000000000000
0 0

0101101
*
Ed
 0.000000100000000 1 1 0
1  487 0 0.907470866472668 5.657163867919159
0

0101000
+100 5 -163 5 *
Ed
 0.000000100000000 1 1 0
1  488 0 2.000000000000000 6.099999999999994
2  482 221 0 2.000000000000000 6.099999999999994
0

0101000
+107 3 -100 3 *
Wi

0101100
+99 4 +98 0 +106 0 -162 0 *
Fa
0  0.000000100000000 222 4

0101000
+97 0 *
Ve
0.000000100000002
109.200479999999999 13.160080866472669 -1.800000000000000
0 0

0101101
*
Ed
 0.000000100000000 1 1 0
1  489 0 0.907470866472668 5.657163867919159
0

0101000
+95 5 -161 5 *
Ed
 0.000000100000000 1 1 0
1  490 0 4.576455201460952 4.848322759308427
2  483 221 0 4.576455201460952 4.848322759308427
0

0101000
+95 3 -100 3 *
Wi

0101100
-99 4 +160 0 +94 4 -93 0 *
Fa
0  0.000000100000000 223 4

0101000
+92 0 *
Ve
0.000000150000002
105.100480000000005 13.160080866472669 -1.799999999999998
0 0

0101101
*
Ed
 0.000000100000000 1 1 0
1  491 0 2.000000000000000 6.099999999999994
2  484 221 0 2.000000000000000 6.099999999999994
0

0101000
+90 3 -95 3 *
Ed
 0.000000150000000 1 1 0
1  492 0 -11.783468867919160 -7.033775866472668
0

0101000
+159 3 -90 3 *
Wi

0101100
+94 4 +89 0 +88 0 -158 0 *
Fa
0  0.000000100000000 224 4

0101000
+87 0 *
Ve
0.000000150000004
105.100480000000005 1.799999999999994 -13.160080866472669
0 0

0101101
*
Ed
 0.000000150000000 1 1 0
1  493 0 -11.783468867919160 -7.033775866472668
0

0101000
+157 3 -85 3 *
Ed
 0.000000100000000 1 1 0
1  494 0 3.277526432513531 4.576455201460952
2  481 221 0 3.277526432513531 4.576455201460952
0

0101000
+85 3 -90 3 *
Wi

0101100
-84 0 -83 0 +88 0 +156 0 *
Fa
0  0.000000100000000 225 0

0101000
+82 0 *
Ve
0.000000100000004
109.200479999999999 1.799999999999997 -13.160080866472669
0 0

0101101
*
Ed
 0.000000100000000 1 1 0
1  495 0 0.907470866472668 5.657163867919159
0

0101000
+80 7 -155 7 *
Ed
 0.000000100000000 1 1 0
1  496 0 2.000000000000000 6.099999999999994
2  485 221 0 2.000000000000000 6.099999999999994
0

0101000
+85 3 -80 3 *
Wi

0101100
+79 6 +78 0 +84 0 -154 0 *
Fa
0  0.000000100000000 226 6

0101000
+77 0 *
Ve
0.000000100000002
109.200479999999999 -1.800000000000003 -13.160080866472669
0 0

0101101
*
Ed
 0.000000100000000 1 1 0
1  497 0 0.907470866472668 5.657163867919159
0

0101000
+75 7 -153 7 *
Ed
 0.000000100000000 1 1 0
1  498 0 3.005658874666055 3.277526432513531
2  486 221 0 3.005658874666055 3.277526432513531
0

0101000
+75 3 -80 3 *
Wi

0101100
-79 6 +152 0 +74 6 -73 0 *
Fa
0  0.000000100000000 227 6

0101000
+72 0 *
Ve
0.000000150000000
105.100480000000005 -1.800000000000003 -13.160080866472667
0 0

0101101
*
Ed
 0.000000100000000 1 1 0
1  499 0 2.000000000000000 6.099999999999994
2  487 221 0 2.000000000000000 6.099999999999994
0

0101000
+70 3 -75 3 *
Ed
 0.000000150000000 1 1 0
1  500 0 -11.783468867919156 -7.033775866472666
0

0101000
+151 3 -70 3 *
Wi

0101100
+74 6 +69 0 +68 0 -150 0 *
Fa
0  0.000000100000000 228 6

0101000
+67 0 *
Ve
0.000000150000001
105.100480000000005 -13.160080866472669 -1.799999999999997
0 0

0101101
*
Ed
 0.000000150000000 1 1 0
1  501 0 -11.783468867919160 -7.033775866472668
0

0101000
+149 3 -65 3 *
Ed
 0.000000100000000 1 1 0
1  502 0 1.706730105718634 3.005658874666055
2  481 221 0 1.706730105718634 3.005658874666055
0

0101000
+65 3 -70 3 *
Wi

0101100
-64 0 -63 0 +68 0 +148 0 *
Fa
0  0.000000100000000 229 0

0101000
+62 0 *
Ve
0.000000100000001
109.200479999999999 -13.160080866472669 -1.799999999999998
0 0

0101101
*
Ed
 0.000000100000000 1 1 0
1  503 0 0.907470866472668 5.657163867919159
0

0101000
+60 9 -147 9 *
Ed
 0.000000100000000 1 1 0
1  504 0 2.000000000000000 6.099999999999994
2  488 221 0 2.000000000000000 6.099999999999994
0

0101000
+65 3 -60 3 *
Wi

0101100
+59 8 +58 0 +64 0 -146 0 *
Fa
0  0.000000100000000 230 8

0101000
+57 0 *
Ve
0.000000100000002
109.200479999999999 -13.160080866472669 1.800000000000002
0 0

0101101
*
Ed
 0.000000100000000 1 1 0
1  505 0 0.907470866472668 5.657163867919159
0

0101000
+55 9 -145 9 *
Ed
 0.000000100000000 1 1 0
1  506 0 1.434862547871159 1.706730105718634
2  489 221 0 1.434862547871159 1.706730105718634
0

0101000
+55 3 -60 3 *
Wi

0101100
-59 8 +144 0 +54 8 -53 0 *
Fa
0  0.000000100000000 231 8

0101000
+52 0 *
Ve
0.000000150000000
105.100480000000005 -13.160080866472667 1.800000000000002
0 0

0101101
*
Ed
 0.000000100000000 1 1 0
1  507 0 2.000000000000000 6.099999999999994
2  490 221 0 2.000000000000000 6.099999999999994
0

0101000
+50 3 -55 3 *
Ed
 0.000000150000000 1 1 0
1  508 0 -11.783468867919160 -7.033775866472666
0

0101000
+143 3 -50 3 *
Wi

0101100
+54 8 +49 0 +48 0 -142 0 *
Fa
0  0.000000100000000 232 8

0101000
+47 0 *
Ve
0.000000150000000
105.100480000000005 -1.799999999999998 13.160080866472669
0 0

0101101
*
Ed
 0.000000150000000 1 1 0
1  509 0 -11.783468867919160 -7.033775866472668
0

0101000
+141 3 -45 3 *
Ed
 0.000000100000000 1 1 0
1  510 0 0.135933778923738 1.434862547871159
2  481 221 0 0.135933778923738 1.434862547871159
0

0101000
+45 3 -50 3 *
Wi

0101100
-44 0 -43 0 +48 0 +140 0 *
Fa
0  0.000000100000000 233 0

0101000
+42 0 *
Ve
0.000000100000000
109.200479999999999 -1.799999999999999 13.160080866472669
0 0

0101101
*
Ed
 0.000000100000000 1 1 0
1  511 0 0.907470866472668 5.657163867919159
0

0101000
+40 11 -139 11 *
Ed
 0.000000100000000 1 1 0
1  512 0 2.000000000000000 6.099999999999994
2  491 221 0 2.000000000000000 6.099999999999994
0

0101000
+45 3 -40 3 *
Wi

0101100
+39 10 +38 0 +44 0 -138 0 *
Fa
0  0.000000100000000 234 10

0101000
+37 0 *
Ve
0.000000100000003
109.200479999999999 1.800000000000001 13.160080866472669
0 0

0101101
*
Ed
 0.000000100000000 1 1 0
1  513 0 0.907470866472668 5.657163867919159
0

0101000
+35 11 -134 11 *
Ve
0.000000100000003
109.200479999999999 0.000000000000003 13.282610000000000
0 0

0101101
*
Ed
 0.000000100000000 1 1 0
1  514 0 6.147251528255849 6.283185307179586
2  492 221 0 6.147251528255849 6.283185307179586
0

0101000
+35 3 -33 3 *
Ed
 0.000000100000000 1 1 0
1  515 0 0.000000000000000 0.135933778923738
2  493 221 0 0.000000000000000 0.135933778923738
0

0101000
+33 3 -40 3 *
Wi

0101100
-39 10 +136 0 +133 0 +34 10 -32 0 -31 0 *
Fa
0  0.000000100000000 235 10

0101000
+30 0 *
Ed
 0.000000100000000 1 1 0
1  516 0 2.000000000000000 6.099999999999994
2  494 221 0 2.000000000000000 6.099999999999994
0

0101000
+105 3 -35 3 *
Wi

0101100
+34 10 +28 0 +103 0 -132 0 *
Fa
0  0.000000100000000 236 10

0101000
+27 0 *
Ve
0.000000100000000
153.000000000000000 61.409366412443283 106.702341665130689
0 0

0101101
*
Ed
 0.000000100000000 1 1 0
1  517 0 0.000000000000000 2.500000000000000
3  495 496CN 214 0 0.000000000000000 2.500000000000000
0

0101000
-129 3 +25 3 *
Ed
 0.000000100000000 1 1 0
1  518 0 0.000000000000000 6.283185307179586
2  497 214 0 0.000000000000000 6.283185307179586
0

0101000
+25 3 -25 3 *
Wi

0101100
-128 0 +24 0 +23 0 -24 0 *
Fa
0  0.000000100000000 214 0

0111000
+22 0 *
Wi

0101100
+23 0 *
Wi

0101100
-120 0 *
Fa
0  0.000000100000000 237 0

0101000
+20 0 +19 0 *
Ve
0.000000100000002
125.100480000000005 0.000000000000002 8.540110000000000
0 0

0101101
*
Ed
 0.000000100000000 1 1 0
1  519 0 23.000000000000000 44.899519999999995
3  498 499CN 219 0 23.000000000000000 44.899519999999995
0

0101000
+17 3 -111 3 *
Ed
 0.000000100000000 1 1 0
1  520 0 0.000000000000000 6.283185307179586
2  500 219 0 0.000000000000000 6.283185307179586
0

0101100
+17 3 -17 3 *
Wi

0101100
+16 0 +15 0 -16 0 -110 0 *
Fa
0  0.000000100000000 219 0

0101000
+14 0 *
Ve
0.000000100000000
125.100480000000005 0.000000000000003 13.282610000000000
0 0

0101101
*
Ed
 0.000000100000000 1 1 0
1  521 0 6.099999999999994 22.000000000000000
3  501 502CN 221 0 6.099999999999994 22.000000000000000
0

0101000
+33 3 -12 3 *
Ed
 0.000000100000000 1 1 0
1  522 0 0.000000000000000 6.283185307179586
2  503 221 0 0.000000000000000 6.283185307179586
0

0101000
+12 3 -12 3 *
Wi

0101100
-98 0 +93 0 +89 0 +83 0 -78 0 +73 0 +69 0 +63 0 -58 0 +53 0 
+49 0 +43 0 -38 0 +31 0 -11 0 -10 0 +11 0 +32 0 +28 0 +104 0 
*
Fa
0  0.000000100000000 221 0

0101000
+9 0 *
Wi

0101100
+10 0 *
Wi

0101100
-15 0 *
Fa
0  0.000000100000000 238 0

0101000
+7 0 +6 0 *
Sh

0101100
+1333 0 +1295 0 +1290 0 +1280 0 -1278 0 +1273 0 +1265 0 -1263 0 +1256 0 +1251 0 
+1242 0 -1239 0 +1232 0 +1227 0 +1189 0 +1184 0 +1179 0 +1171 0 -1166 0 +1155 0 
+1145 0 +1142 0 +1113 0 +1108 0 -1102 0 +1100 0 +1093 0 +1088 0 +1082 0 -1080 0 
+1075 0 -1072 0 +1065 0 +1060 0 -1057 0 +1050 0 +1045 0 -1041 0 -1036 0 +1029 0 
+1022 0 +1013 0 +1011 0 +1006 0 +1001 0 +996 0 +991 0 +984 0 -979 0 +976 0 
-971 0 +966 0 +960 0 -944 0 +937 0 +934 0 +930 0 +927 0 +920 0 -917 0 
+910 0 +905 0 +896 0 -893 0 +886 0 +881 0 +874 0 +870 0 -868 0 +861 0 
+856 0 +850 0 +843 0 +837 0 +834 0 +828 0 +825 0 +819 0 +814 0 +807 0 
+800 0 +797 0 +794 0 +791 0 +784 0 +778 0 +769 0 +764 0 -759 0 +754 0 
+749 0 -743 0 -740 0 -738 0 -735 0 -732 0 -727 0 +721 0 -715 0 +713 0 
+709 0 +704 0 +699 0 -696 0 +689 0 +684 0 -681 0 +676 0 +673 0 +667 0 
+639 0 +634 0 -629 0 +625 0 -620 0 +617 0 +613 0 -608 0 +605 0 +602 0 
-597 0 +592 0 -587 0 +581 0 -575 0 +573 0 +570 0 -565 0 +560 0 +555 0 
+542 0 +537 0 -534 0 -529 0 -526 0 -523 0 +520 0 +514 0 +511 0 +509 0 
+506 0 +504 0 +502 0 +500 0 +498 0 +496 0 +493 0 +490 0 +488 0 -483 0 
-478 0 +476 0 +474 0 +472 0 +470 0 +465 0 -462 0 +460 0 -455 0 -424 0 
+421 0 +418 0 -411 0 -408 0 -403 0 -398 0 +396 0 -391 0 -381 0 +379 0 
-374 0 +372 0 +367 0 -360 0 -342 0 -320 0 +315 0 -305 0 -302 0 +297 0 
+292 0 +290 0 -273 0 +268 0 +263 0 -260 0 +258 0 -255 0 +253 0 -250 0 
+248 0 -245 0 +243 0 -240 0 +238 0 -233 0 +230 0 +228 0 -226 0 -217 0 
-215 0 +210 0 -205 0 +200 0 +195 0 +190 0 +185 0 +175 0 -172 0 +167 0 
+130 0 +125 0 -123 0 +118 0 -115 0 -113 0 +108 0 -101 0 -96 0 -91 0 
+86 0 -81 0 -76 0 -71 0 +66 0 -61 0 -56 0 -51 0 +46 0 -41 0 
-36 0 -29 0 +26 0 +21 0 -18 0 -13 0 -8 0 -5 0 *
So

0100000
+4 0 *
Co

0100000
+3 0 *
Co

1100000
+2 0 *

+1 1 